scenario,Q0,quality_bridge_scale,mixture_bridge_lambda,budget_FLOPs,context_tokens,quality_family,status,eligible_observed_recipes,feasible_observed_recipes,recipe_index,N_params_B,D_tokens_B,Q_B_proxy,conditional_bridge_loss,C_total_FLOPs
baseline,0.5,1.0,1.0,1e+19,8192,power,conditional_v8_fixed_policy_feasible,87,22,477,0.08726838337279479,10.0,0.5995154272811548,3.2037856092798376,1e+19
baseline,0.5,1.0,1.0,1.0292005271944266e+19,8192,power,conditional_v8_fixed_policy_feasible,87,23,477,0.0910912425048678,10.0,0.5995154272811548,3.191645775307202,1.0292005271944266e+19
baseline,0.5,1.0,1.0,1.0592537251772854e+19,8192,power,conditional_v8_fixed_policy_feasible,87,26,477,0.09502573113898737,10.0,0.5995154272811548,3.179830229873614,1.0592537251772854e+19
baseline,0.5,1.0,1.0,1.0901844923851313e+19,8192,power,conditional_v8_fixed_policy_feasible,87,26,477,0.09907510891546487,10.000000000000002,0.5995154272811548,3.16832150700041,1.0901844923851313e+19
baseline,0.5,1.0,1.0,1.1220184543019653e+19,8192,power,conditional_v8_fixed_policy_feasible,87,27,477,0.10324273065782374,10.000000000000002,0.5995154272811548,3.157103514721533,1.1220184543019653e+19
baseline,0.5,1.0,1.0,1.1547819846894582e+19,8192,power,conditional_v8_fixed_policy_feasible,87,28,477,0.10753204915220647,10.0,0.5995154272811548,3.146161397172133,1.1547819846894582e+19
baseline,0.5,1.0,1.0,1.1885022274370165e+19,8192,power,conditional_v8_fixed_policy_feasible,87,30,477,0.11194661800792996,10.0,0.5995154272811548,3.135481413361215,1.1885022274370165e+19
baseline,0.5,1.0,1.0,1.2232071190499275e+19,8192,power,conditional_v8_fixed_policy_feasible,87,30,477,0.11649009460157664,10.000000000000002,0.5995154272811548,3.125050830280661,1.2232071190499275e+19
baseline,0.5,1.0,1.0,1.2589254117941713e+19,8192,power,conditional_v8_fixed_policy_feasible,87,34,477,0.12116624310705476,10.0,0.5995154272811548,3.1148578283775783,1.2589254117941715e+19
baseline,0.5,1.0,1.0,1.2956866975170216e+19,8192,power,conditional_v8_fixed_policy_feasible,87,35,477,0.1259789376141309,10.0,0.5995154272811548,3.104891417725007,1.2956866975170216e+19
baseline,0.5,1.0,1.0,1.3335214321633241e+19,8192,power,conditional_v8_fixed_policy_feasible,87,36,477,0.13093216533803936,10.0,0.5995154272811548,3.0951413634804825,1.3335214321633243e+19
baseline,0.5,1.0,1.0,1.3724609610075597e+19,8192,power,conditional_v8_fixed_policy_feasible,87,39,477,0.13603002992279997,10.0,0.5995154272811548,3.085598119433195,1.3724609610075595e+19
baseline,0.5,1.0,1.0,1.4125375446227497e+19,8192,power,conditional_v8_fixed_policy_feasible,87,40,477,0.14127675484100144,10.0,0.5995154272811548,3.076252768616354,1.4125375446227497e+19
baseline,0.5,1.0,1.0,1.4537843856076667e+19,8192,power,conditional_v8_fixed_policy_feasible,87,42,477,0.14667668689286004,10.000000000000002,0.5995154272811548,3.0670969701085737,1.4537843856076667e+19
baseline,0.5,1.0,1.0,1.496235656094436e+19,8192,power,conditional_v8_fixed_policy_feasible,87,45,477,0.15223429980744546,10.0,0.5995154272811548,3.0581229112716404,1.4962356560944357e+19
baseline,0.5,1.0,1.0,1.539926526059492e+19,8192,power,conditional_v8_fixed_policy_feasible,87,46,477,0.1579541979490793,10.0,0.5995154272811548,3.0493232647761173,1.5399265260594917e+19
baseline,0.5,1.0,1.0,1.5848931924611109e+19,8192,power,conditional_v8_fixed_policy_feasible,87,47,477,0.1638411201319473,10.000000000000004,0.5995154272811548,3.0406911498543443,1.5848931924611109e+19
baseline,0.5,1.0,1.0,1.631172909227833e+19,8192,power,conditional_v8_fixed_policy_feasible,87,48,172,0.12147917555416393,10.0,0.6713607648391644,3.030333053805762,1.6311729092278327e+19
baseline,0.5,1.0,1.0,1.6788040181225658e+19,8192,power,conditional_v8_fixed_policy_feasible,87,49,172,0.12771491980619748,10.0,0.6713607648391644,3.0179590333575885,1.6788040181225658e+19
baseline,0.5,1.0,1.0,1.7278259805078663e+19,8192,power,conditional_v8_fixed_policy_feasible,87,50,172,0.13413275107783817,10.000000000000002,0.6713607648391644,3.006026279693799,1.7278259805078665e+19
baseline,0.5,1.0,1.0,1.7782794100389229e+19,8192,power,conditional_v8_fixed_policy_feasible,87,50,172,0.1407379864060557,10.0,0.6713607648391644,2.9945037971286053,1.7782794100389229e+19
baseline,0.5,1.0,1.0,1.8302061063110531e+19,8192,power,conditional_v8_fixed_policy_feasible,87,51,172,0.1475360980881004,10.0,0.6713607648391644,2.983363695923253,1.830206106311053e+19
baseline,0.5,1.0,1.0,1.8836490894897943e+19,8192,power,conditional_v8_fixed_policy_feasible,87,52,172,0.1545327182151874,10.0,0.6713607648391644,2.9725807979444863,1.8836490894897947e+19
baseline,0.5,1.0,1.0,1.9386526359522136e+19,8192,power,conditional_v8_fixed_policy_feasible,87,52,172,0.1617336433385665,10.0,0.6713607648391644,2.962132302317152,1.938652635952213e+19
baseline,0.5,1.0,1.0,1.9952623149688828e+19,8192,power,conditional_v8_fixed_policy_feasible,87,53,172,0.16914483927183382,10.0,0.6713607648391644,2.9519975005182757,1.9952623149688824e+19
baseline,0.5,1.0,1.0,2.053525026457146e+19,8192,power,conditional_v8_fixed_policy_feasible,87,53,172,0.17677244603349382,10.0,0.6713607648391644,2.9421575324528204,2.053525026457146e+19
baseline,0.5,1.0,1.0,2.1134890398366433e+19,8192,power,conditional_v8_fixed_policy_feasible,87,55,172,0.18462278293382595,10.0,0.6713607648391644,2.932595176684846,2.1134890398366433e+19
baseline,0.5,1.0,1.0,2.1752040340195156e+19,8192,power,conditional_v8_fixed_policy_feasible,87,55,172,0.19270235381030174,10.0,0.6713607648391644,2.9232946692816677,2.1752040340195156e+19
baseline,0.5,1.0,1.0,2.238721138568347e+19,8192,power,conditional_v8_fixed_policy_feasible,87,55,172,0.20101785241587766,10.0,0.6713607648391644,2.9142415467449845,2.238721138568347e+19
baseline,0.5,1.0,1.0,2.3040929760558494e+19,8192,power,conditional_v8_fixed_policy_feasible,87,56,172,0.20957616796461856,10.0,0.6713607648391644,2.905422509312447,2.304092976055849e+19
baseline,0.5,1.0,1.0,2.3713737056616554e+19,8192,power,conditional_v8_fixed_policy_feasible,87,58,172,0.21838439083927896,10.0,0.6713607648391644,2.896825301561958,2.3713737056616554e+19
baseline,0.5,1.0,1.0,2.4406190680419762e+19,8192,power,conditional_v8_fixed_policy_feasible,87,58,172,0.2274498184655254,10.0,0.6713607648391644,2.8884386077740793,2.4406190680419762e+19
baseline,0.5,1.0,1.0,2.511886431509572e+19,8192,power,conditional_v8_fixed_policy_feasible,87,58,172,0.23677996135770119,10.000000000000002,0.6713607648391644,2.8802519599317606,2.511886431509572e+19
baseline,0.5,1.0,1.0,2.585234839562199e+19,8192,power,conditional_v8_fixed_policy_feasible,87,58,172,0.24638254934113057,10.0,0.6713607648391644,2.8722556565820883,2.585234839562199e+19
baseline,0.5,1.0,1.0,2.660725059798814e+19,8192,power,conditional_v8_fixed_policy_feasible,87,60,172,0.25626553795610424,10.0,0.6713607648391644,2.864440691067543,2.660725059798814e+19
baseline,0.5,1.0,1.0,2.7384196342643614e+19,8192,power,conditional_v8_fixed_policy_feasible,87,60,172,0.26643711504889167,10.000000000000002,0.6713607648391644,2.8567986878669025,2.7384196342643618e+19
baseline,0.5,1.0,1.0,2.8183829312644493e+19,8192,power,conditional_v8_fixed_policy_feasible,87,61,172,0.2769057075551873,10.0,0.6713607648391644,2.8493218459783027,2.8183829312644497e+19
baseline,0.5,1.0,1.0,2.900681198693144e+19,8192,power,conditional_v8_fixed_policy_feasible,87,62,172,0.2876799884816502,10.0,0.6713607648391644,2.8420028884364585,2.900681198693144e+19
baseline,0.5,1.0,1.0,2.9853826189179695e+19,8192,power,conditional_v8_fixed_policy_feasible,87,63,172,0.29876888409130997,10.000000000000002,0.6713607648391644,2.8348350171891195,2.9853826189179695e+19
baseline,0.5,1.0,1.0,3.072557365267452e+19,8192,power,conditional_v8_fixed_policy_feasible,87,64,172,0.3101815812987726,10.0,0.6713607648391644,2.827811872669101,3.072557365267452e+19
baseline,0.5,1.0,1.0,3.162277660168379e+19,8192,power,conditional_v8_fixed_policy_feasible,87,65,172,0.32192753528140344,10.0,0.6713607648391644,2.8209274974916516,3.1622776601683796e+19
baseline,0.5,1.0,1.0,3.2546178349804536e+19,8192,power,conditional_v8_fixed_policy_feasible,87,65,172,0.3340164773127286,10.0,0.6713607648391644,2.8141763037857515,3.2546178349804536e+19
baseline,0.5,1.0,1.0,3.3496543915782656e+19,8192,power,conditional_v8_fixed_policy_feasible,87,68,172,0.34645842282459133,10.0,0.6713607648391644,2.8075530437345093,3.349654391578265e+19
baseline,0.5,1.0,1.0,3.447466065731505e+19,8192,power,conditional_v8_fixed_policy_feasible,87,68,172,0.3592636797047285,10.0,0.6713607648391644,2.8010527829563903,3.4474660657315054e+19
baseline,0.5,1.0,1.0,3.5481338923357606e+19,8192,power,conditional_v8_fixed_policy_feasible,87,72,172,0.372442856836622,10.0,0.6713607648391644,2.7946708764071295,3.54813389233576e+19
baseline,0.5,1.0,1.0,3.651741272548377e+19,8192,power,conditional_v8_fixed_policy_feasible,87,75,172,0.3860068728887555,10.0,0.6713607648391644,2.788402946523288,3.6517412725483766e+19
baseline,0.5,1.0,1.0,3.758374042884435e+19,8192,power,conditional_v8_fixed_policy_feasible,87,75,172,0.39996696536048487,10.0,0.6713607648391644,2.7822448633636343,3.758374042884435e+19
baseline,0.5,1.0,1.0,3.868120546330509e+19,8192,power,conditional_v8_fixed_policy_feasible,87,75,172,0.41433469989207194,10.0,0.6713607648391644,2.7761927265347355,3.868120546330509e+19
baseline,0.5,1.0,1.0,3.981071705534986e+19,8192,power,conditional_v8_fixed_policy_feasible,87,77,172,0.429121979846575,10.0,0.6713607648391644,2.7702428487132207,3.981071705534986e+19
baseline,0.5,1.0,1.0,4.097321098135422e+19,8192,power,conditional_v8_fixed_policy_feasible,87,80,172,0.4443410561715169,10.0,0.6713607648391644,2.7643917405996565,4.097321098135422e+19
baseline,0.5,1.0,1.0,4.216965034285823e+19,8192,power,conditional_v8_fixed_policy_feasible,87,87,172,0.46000453754855936,10.0,0.6713607648391644,2.758636097158421,4.216965034285823e+19
baseline,0.5,1.0,1.0,4.340102636447431e+19,8192,power,conditional_v8_fixed_policy_feasible,87,87,172,0.47612540083951144,10.0,0.6713607648391644,2.7529727850149297,4.340102636447431e+19
baseline,0.5,1.0,1.0,4.466835921509617e+19,8192,power,conditional_v8_fixed_policy_feasible,87,87,172,0.49271700183738865,10.0,0.6713607648391644,2.7473988308961985,4.466835921509617e+19
baseline,0.5,1.0,1.0,4.597269885308737e+19,8192,power,conditional_v8_fixed_policy_feasible,87,87,172,0.5097930863314084,10.0,0.6713607648391644,2.741911411013589,4.597269885308737e+19
baseline,0.5,1.0,1.0,4.731512589614812e+19,8192,power,conditional_v8_fixed_policy_feasible,87,87,172,0.527367801495065,10.000000000000002,0.6713607648391644,2.7365078412977972,4.731512589614812e+19
baseline,0.5,1.0,1.0,4.869675251658631e+19,8192,power,conditional_v8_fixed_policy_feasible,87,87,172,0.5454557076067925,10.0,0.6713607648391644,2.7311855684059085,4.869675251658631e+19
baseline,0.5,1.0,1.0,5.011872336272715e+19,8192,power,conditional_v8_fixed_policy_feasible,87,87,172,0.5640717901128257,10.0,0.6713607648391644,2.725942161429035,5.011872336272715e+19
baseline,0.5,1.0,1.0,5.15822165072304e+19,8192,power,conditional_v8_fixed_policy_feasible,87,87,172,0.5832314720423298,10.0,0.6713607648391644,2.7207753042365566,5.158221650723039e+19
baseline,0.5,1.0,1.0,5.308844442309901e+19,8192,power,conditional_v8_fixed_policy_feasible,87,87,172,0.6029506267850588,10.0,0.6713607648391644,2.7156827883996986,5.308844442309901e+19
baseline,0.5,1.0,1.0,5.463865498818551e+19,8192,power,conditional_v8_fixed_policy_feasible,87,87,172,0.6138281288029649,10.13341109714541,0.6713607648391644,2.7106508218105074,5.46386549881855e+19
baseline,0.5,1.0,1.0,5.6234132519034905e+19,8192,power,conditional_v8_fixed_policy_feasible,87,87,172,0.6211138247629588,10.322768948241984,0.6713607648391644,2.7056460773200786,5.6234132519034905e+19
baseline,0.5,1.0,1.0,5.787619883491197e+19,8192,power,conditional_v8_fixed_policy_feasible,87,87,172,0.6284977969303162,10.515328422989636,0.6713607648391644,2.700666494535995,5.787619883491197e+19
baseline,0.5,1.0,1.0,5.956621435290085e+19,8192,power,conditional_v8_fixed_policy_feasible,87,87,172,0.6359814620278592,10.711137915742073,0.6713607648391644,2.695711900360424,5.956621435290084e+19
baseline,0.5,1.0,1.0,6.1305579214982275e+19,8192,power,conditional_v8_fixed_policy_feasible,87,87,172,0.6435662577243854,10.910246484979483,0.6713607648391644,2.690782123175591,6.1305579214982275e+19
baseline,0.5,1.0,1.0,6.309573444801943e+19,8192,power,conditional_v8_fixed_policy_feasible,87,87,172,0.651253642949068,11.1127038622729,0.6713607648391644,2.6858769928311697,6.309573444801943e+19
baseline,0.5,1.0,1.0,6.493816315762113e+19,8192,power,conditional_v8_fixed_policy_feasible,87,87,172,0.6590450982107839,11.318560461378084,0.6713607648391644,2.6809963406317423,6.493816315762113e+19
baseline,0.5,1.0,1.0,6.683439175686135e+19,8192,power,conditional_v8_fixed_policy_feasible,87,87,172,0.6669421259223981,11.527867387459498,0.6713607648391644,2.676139999324351,6.683439175686136e+19
baseline,0.5,1.0,1.0,6.878599123088054e+19,8192,power,conditional_v8_fixed_policy_feasible,87,87,172,0.6749462507301259,11.740676446446752,0.6713607648391644,2.671307803086116,6.878599123088053e+19
baseline,0.5,1.0,1.0,7.0794578438414025e+19,8192,power,conditional_v8_fixed_policy_feasible,87,87,172,0.6830590198480472,11.957040154524913,0.6713607648391644,2.6664995875119386,7.079457843841402e+19
baseline,0.5,1.0,1.0,7.286181745132289e+19,8192,power,conditional_v8_fixed_policy_feasible,87,87,172,0.691282003397841,12.177011747760028,0.6713607648391644,2.661715189602283,7.286181745132288e+19
baseline,0.5,1.0,1.0,7.498942093324558e+19,8192,power,conditional_v8_fixed_policy_feasible,87,87,172,0.6996167947538686,12.40064519186237,0.6713607648391644,2.6569544477510227,7.498942093324558e+19
baseline,0.5,1.0,1.0,7.717915155850112e+19,8192,power,conditional_v8_fixed_policy_feasible,87,87,172,0.7080650108936442,12.627995192087882,0.6713607648391644,2.652217201733381,7.717915155850112e+19
baseline,0.5,1.0,1.0,7.94328234724279e+19,8192,power,conditional_v8_fixed_policy_feasible,87,87,172,0.7166282927538219,12.859117203280295,0.6713607648391644,2.6475032926939335,7.94328234724279e+19
baseline,0.5,1.0,1.0,8.175230379436527e+19,8192,power,conditional_v8_fixed_policy_feasible,87,87,172,0.7253083055917734,13.094067440055461,0.6713607648391644,2.6428125631346964,8.175230379436527e+19
baseline,0.5,1.0,1.0,8.413951416451965e+19,8192,power,conditional_v8_fixed_policy_feasible,87,87,172,0.7341067393528437,13.332902887129046,0.6713607648391644,2.6381448569032897,8.413951416451965e+19
baseline,0.5,1.0,1.0,8.659643233600653e+19,8192,power,conditional_v8_fixed_policy_feasible,87,87,172,0.7430253090434138,13.575681309790344,0.6713607648391644,2.6335000191811657,8.659643233600653e+19
baseline,0.5,1.0,1.0,8.91250938133744e+19,8192,power,conditional_v8_fixed_policy_feasible,87,87,172,0.7520657551098188,13.822461264522598,0.6713607648391644,2.6288778964719275,8.91250938133744e+19
baseline,0.5,1.0,1.0,9.172759353897766e+19,8192,power,conditional_v8_fixed_policy_feasible,87,87,172,0.761229843823255,14.07330210977244,0.6713607648391644,2.6242783365897133,9.172759353897766e+19
baseline,0.5,1.0,1.0,9.440608762859264e+19,8192,power,conditional_v8_fixed_policy_feasible,87,87,172,0.7705193676707677,14.32826401686989,0.6713607648391644,2.619701188647658,9.440608762859264e+19
baseline,0.5,1.0,1.0,9.716279515771078e+19,8192,power,conditional_v8_fixed_policy_feasible,87,87,172,0.7799361457524076,14.587407981100158,0.6713607648391644,2.615146303046434,9.71627951577108e+19
baseline,0.5,1.0,1.0,1e+20,8192,power,conditional_v8_fixed_policy_feasible,87,87,172,0.7894820241846896,14.850795832930238,0.6713607648391644,2.6106135314628554,1e+20
baseline,0.5,1.0,1.0,1.0292005271944264e+20,8192,power,conditional_v8_fixed_policy_feasible,87,87,172,0.7991588765104279,15.11849024939028,0.6713607648391644,2.6061027268385666,1.0292005271944264e+20
baseline,0.5,1.0,1.0,1.0592537251772853e+20,8192,power,conditional_v8_fixed_policy_feasible,87,87,172,0.8089686041150677,15.390554765612873,0.6713607648391644,2.6016137433688047,1.0592537251772852e+20
baseline,0.5,1.0,1.0,1.0901844923851312e+20,8192,power,conditional_v8_fixed_policy_feasible,87,87,172,0.8189131366496338,15.667053786531332,0.6713607648391644,2.5971464364912253,1.0901844923851312e+20
baseline,0.5,1.0,1.0,1.1220184543019654e+20,8192,power,conditional_v8_fixed_policy_feasible,87,87,172,0.8289944324603742,15.948052598738574,0.6713607648391644,2.5927006628748206,1.1220184543019654e+20
baseline,0.5,1.0,1.0,1.1547819846894582e+20,8192,power,conditional_v8_fixed_policy_feasible,87,87,172,0.8392144790252679,16.233617382509333,0.6713607648391644,2.588276280408886,1.1547819846894584e+20
baseline,0.5,1.0,1.0,1.1885022274370165e+20,8192,power,conditional_v8_fixed_policy_feasible,87,87,172,0.8495752933974455,16.523815223986023,0.6713607648391644,2.583873148192084,1.1885022274370165e+20
baseline,0.5,1.0,1.0,1.2232071190499276e+20,8192,power,conditional_v8_fixed_policy_feasible,87,87,172,0.8600789226556882,16.818714127531138,0.6713607648391644,2.579491126521568,1.2232071190499276e+20
baseline,0.5,1.0,1.0,1.2589254117941713e+20,8192,power,conditional_v8_fixed_policy_feasible,87,87,172,0.8707274443621054,17.118383028247607,0.6713607648391644,2.5751300768821768,1.2589254117941713e+20
baseline,0.5,1.0,1.0,1.2956866975170216e+20,8192,power,conditional_v8_fixed_policy_feasible,87,87,172,0.8815229670271034,17.422891804668417,0.6713607648391644,2.5707898619357192,1.2956866975170216e+20
baseline,0.5,1.0,1.0,1.333521432163324e+20,8192,power,conditional_v8_fixed_policy_feasible,87,87,172,0.8924676305818017,17.73231129161871,0.6713607648391644,2.566470345510305,1.333521432163324e+20
baseline,0.5,1.0,1.0,1.3724609610075598e+20,8192,power,conditional_v8_fixed_policy_feasible,87,87,172,0.9035636068579784,18.04671329325021,0.6713607648391644,2.5621713925897716,1.3724609610075596e+20
baseline,0.5,1.0,1.0,1.4125375446227496e+20,8192,power,conditional_v8_fixed_policy_feasible,87,87,172,0.9148131000757012,18.366170596251365,0.6713607648391644,2.5578928693031706,1.4125375446227495e+20
baseline,0.5,1.0,1.0,1.4537843856076666e+20,8192,power,conditional_v8_fixed_policy_feasible,87,87,172,0.9262183473387686,18.690756983234387,0.6713607648391644,2.553634642914326,1.4537843856076666e+20
baseline,0.5,1.0,1.0,1.496235656094436e+20,8192,power,conditional_v8_fixed_policy_feasible,87,87,172,0.9377816191380743,19.020547246300673,0.6713607648391644,2.54939658181148,1.496235656094436e+20
baseline,0.5,1.0,1.0,1.539926526059492e+20,8192,power,conditional_v8_fixed_policy_feasible,87,87,172,0.9495052198630766,19.355617200787766,0.6713607648391644,2.545178555496985,1.539926526059492e+20
baseline,0.5,1.0,1.0,1.5848931924611108e+20,8192,power,conditional_v8_fixed_policy_feasible,87,87,172,0.9613914883214417,19.696043699198004,0.6713607648391644,2.5409804345770874,1.5848931924611108e+20
baseline,0.5,1.0,1.0,1.631172909227833e+20,8192,power,conditional_v8_fixed_policy_feasible,87,87,172,0.9734427982670627,20.04190464531181,0.6713607648391644,2.536802090751777,1.631172909227833e+20
baseline,0.5,1.0,1.0,1.678804018122566e+20,8192,power,conditional_v8_fixed_policy_feasible,87,87,172,0.9856615589365522,20.393279008487497,0.6713607648391644,2.5326433968047057,1.678804018122566e+20
baseline,0.5,1.0,1.0,1.7278259805078664e+20,8192,power,conditional_v8_fixed_policy_feasible,87,87,172,0.998050215594366,20.7502468381485,0.6713607648391644,2.5285042265931827,1.7278259805078664e+20
baseline,0.5,1.0,1.0,1.778279410038923e+20,8192,power,conditional_v8_fixed_policy_feasible,87,87,172,1.0106112500867317,21.112889278461772,0.6713607648391644,2.524384455038233,1.778279410038923e+20
baseline,0.5,1.0,1.0,1.830206106311053e+20,8192,power,conditional_v8_fixed_policy_feasible,87,87,172,1.023347181404478,21.481288583207064,0.6713607648391644,2.5202839581147316,1.830206106311053e+20
baseline,0.5,1.0,1.0,1.8836490894897945e+20,8192,power,conditional_v8_fixed_policy_feasible,87,87,172,1.0362605662549556,21.85552813084063,0.6713607648391644,2.5162026128416137,1.8836490894897948e+20
baseline,0.5,1.0,1.0,1.9386526359522135e+20,8192,power,conditional_v8_fixed_policy_feasible,87,87,172,1.049353999643196,22.235692439754697,0.6713607648391644,2.5121402972721443,1.9386526359522135e+20
baseline,0.5,1.0,1.0,1.995262314968883e+20,8192,power,conditional_v8_fixed_policy_feasible,87,87,172,1.0626301154624422,22.621867183734203,0.6713607648391644,2.5080968904842713,1.995262314968883e+20
baseline,0.5,1.0,1.0,2.053525026457146e+20,8192,power,conditional_v8_fixed_policy_feasible,87,87,172,1.0760915870942633,23.01413920761428,0.6713607648391644,2.5040722725710336,2.053525026457146e+20
baseline,0.5,1.0,1.0,2.1134890398366433e+20,8192,power,conditional_v8_fixed_policy_feasible,87,87,172,1.0897411280183522,23.41259654313831,0.6713607648391644,2.5000663246310566,2.1134890398366433e+20
baseline,0.5,1.0,1.0,2.1752040340195154e+20,8192,power,conditional_v8_fixed_policy_feasible,87,87,172,1.1035814924322085,23.817328425020317,0.6713607648391644,2.496078928759106,2.1752040340195154e+20
baseline,0.5,1.0,1.0,2.238721138568347e+20,8192,power,conditional_v8_fixed_policy_feasible,87,87,172,1.1176154758808778,24.228425307212863,0.6713607648391644,2.4921099680367145,2.2387211385683473e+20
baseline,0.5,1.0,1.0,2.3040929760558495e+20,8192,power,conditional_v8_fixed_policy_feasible,87,87,172,1.131845915896883,24.64597887938209,0.6713607648391644,2.488159326522887,2.3040929760558495e+20
baseline,0.5,1.0,1.0,2.3713737056616553e+20,8192,power,conditional_v8_fixed_policy_feasible,87,87,172,1.1462756926505835,25.070082083593693,0.6713607648391644,2.4842268892448574,2.3713737056616553e+20
baseline,0.5,1.0,1.0,2.4406190680419762e+20,8192,power,conditional_v8_fixed_policy_feasible,87,87,172,1.160907729611067,25.500829131209343,0.6713607648391644,2.4803125421889343,2.4406190680419765e+20
baseline,0.5,1.0,1.0,2.5118864315095718e+20,8192,power,conditional_v8_fixed_policy_feasible,87,87,172,1.1757449942178055,25.938315519997527,0.6713607648391644,2.4764161722914046,2.5118864315095718e+20
baseline,0.5,1.0,1.0,2.585234839562199e+20,8192,power,conditional_v8_fixed_policy_feasible,87,87,172,1.1907904985632467,26.38263805146017,0.6713607648391644,2.472537667429511,2.5852348395621994e+20
baseline,0.5,1.0,1.0,2.660725059798814e+20,8192,power,conditional_v8_fixed_policy_feasible,87,87,172,1.2060473000864937,26.83389484837667,0.6713607648391644,2.468676916412501,2.6607250597988142e+20
baseline,0.5,1.0,1.0,2.7384196342643612e+20,8192,power,conditional_v8_fixed_policy_feasible,87,87,172,1.2215185022783446,27.292185372569012,0.6713607648391644,2.464833808972736,2.738419634264361e+20
baseline,0.5,1.0,1.0,2.818382931264449e+20,8192,power,conditional_v8_fixed_policy_feasible,87,87,172,1.2372072553977813,27.757610442887927,0.6713607648391644,2.46100823575688,2.8183829312644488e+20
baseline,0.5,1.0,1.0,2.9006811986931443e+20,8192,power,conditional_v8_fixed_policy_feasible,87,87,172,1.2531167572001838,28.230272253423713,0.6713607648391644,2.457200088317152,2.9006811986931443e+20
baseline,0.5,1.0,1.0,2.9853826189179696e+20,8192,power,conditional_v8_fixed_policy_feasible,87,87,172,1.2692502536774355,28.710274391943596,0.6713607648391644,2.4534092591026484,2.9853826189179696e+20
baseline,0.5,1.0,1.0,3.072557365267452e+20,8192,power,conditional_v8_fixed_policy_feasible,87,87,172,1.2856110398101133,29.197721858556772,0.6713607648391644,2.4496356414507345,3.072557365267452e+20
baseline,0.5,1.0,1.0,3.1622776601683794e+20,8192,power,conditional_v8_fixed_policy_feasible,87,87,172,1.3022024603320244,29.692721084611627,0.6713607648391644,2.4458791295785,3.1622776601683794e+20
baseline,0.5,1.0,1.0,3.254617834980453e+20,8192,power,conditional_v8_fixed_policy_feasible,87,87,172,1.3190279105072191,30.19537995182436,0.6713607648391644,2.442139618574291,3.254617834980454e+20
baseline,0.5,1.0,1.0,3.3496543915782655e+20,8192,power,conditional_v8_fixed_policy_feasible,87,87,172,1.3360908369197673,30.705807811643254,0.6713607648391644,2.4384170043893034,3.3496543915782655e+20
baseline,0.5,1.0,1.0,3.4474660657315054e+20,8192,power,conditional_v8_fixed_policy_feasible,87,87,172,1.353394738276474,31.224115504850378,0.6713607648391644,2.434711183829246,3.447466065731506e+20
baseline,0.5,1.0,1.0,3.54813389233576e+20,8192,power,conditional_v8_fixed_policy_feasible,87,87,172,1.370943166222752,31.750415381401954,0.6713607648391644,2.431022054546078,3.54813389233576e+20
baseline,0.5,1.0,1.0,3.651741272548377e+20,8192,power,conditional_v8_fixed_policy_feasible,87,87,172,1.3887397261719487,32.284821320511845,0.6713607648391644,2.4273495150297966,3.651741272548377e+20
baseline,0.5,1.0,1.0,3.7583740428844355e+20,8192,power,conditional_v8_fixed_policy_feasible,87,87,172,1.4067880781482467,32.827448750977595,0.6713607648391644,2.423693464600317,3.7583740428844355e+20
baseline,0.5,1.0,1.0,3.868120546330509e+20,8192,power,conditional_v8_fixed_policy_feasible,87,87,172,1.4250919376434577,33.378414671753504,0.6713607648391644,2.4200538033993966,3.8681205463305087e+20
baseline,0.5,1.0,1.0,3.9810717055349857e+20,8192,power,conditional_v8_fixed_policy_feasible,87,87,172,1.443655076487924,33.937837672772076,0.6713607648391644,2.4164304323826418,3.9810717055349857e+20
baseline,0.5,1.0,1.0,4.0973210981354216e+20,8192,power,conditional_v8_fixed_policy_feasible,87,87,172,1.462481323735738,34.50583795601564,0.6713607648391644,2.412823253311575,4.0973210981354216e+20
baseline,0.5,1.0,1.0,4.216965034285823e+20,8192,power,conditional_v8_fixed_policy_feasible,87,87,172,1.4815745665646065,35.082537356842664,0.6713607648391644,2.4092321687457687,4.216965034285822e+20
baseline,0.5,1.0,1.0,4.3401026364474314e+20,8192,power,conditional_v8_fixed_policy_feasible,87,87,172,1.500938751190516,35.668059365567906,0.6713607648391644,2.4056570820350474,4.3401026364474314e+20
baseline,0.5,1.0,1.0,4.466835921509617e+20,8192,power,conditional_v8_fixed_policy_feasible,87,87,172,1.5205778837975166,36.262529149301244,0.6713607648391644,2.4020978973117573,4.4668359215096175e+20
baseline,0.5,1.0,1.0,4.5972698853087366e+20,8192,power,conditional_v8_fixed_policy_feasible,87,87,172,1.5404960314828837,36.86607357404656,0.6713607648391644,2.3985545194830973,4.597269885308736e+20
baseline,0.5,1.0,1.0,4.7315125896148124e+20,8192,power,conditional_v8_fixed_policy_feasible,87,87,172,1.5606973232178656,37.47882122706257,0.6713607648391644,2.3950268542235227,4.731512589614812e+20
baseline,0.5,1.0,1.0,4.8696752516586314e+20,8192,power,conditional_v8_fixed_policy_feasible,87,87,172,1.5811859508243973,38.10090243949004,0.6713607648391644,2.39151480796721,4.8696752516586314e+20
baseline,0.5,1.0,1.0,5.0118723362727146e+20,8192,power,conditional_v8_fixed_policy_feasible,87,87,172,1.6019661699679268,38.732449309244906,0.6713607648391644,2.3880182879005867,5.0118723362727146e+20
baseline,0.5,1.0,1.0,5.15822165072304e+20,8192,power,conditional_v8_fixed_policy_feasible,87,87,172,1.6230423011667272,39.37359572418189,0.6713607648391644,2.3845372019549305,5.15822165072304e+20
baseline,0.5,1.0,1.0,5.308844442309901e+20,8192,power,conditional_v8_fixed_policy_feasible,87,87,172,1.6444187308179508,40.02447738553032,0.6713607648391644,2.38107145879903,5.308844442309901e+20
baseline,0.5,1.0,1.0,5.463865498818551e+20,8192,power,conditional_v8_fixed_policy_feasible,87,87,172,1.666099912240678,40.6852318316039,0.6713607648391644,2.3776209678319127,5.4638654988185515e+20
baseline,0.5,1.0,1.0,5.6234132519034906e+20,8192,power,conditional_v8_fixed_policy_feasible,87,87,172,1.6880903667363585,41.35599846178929,0.6713607648391644,2.3741856391756357,5.6234132519034906e+20
baseline,0.5,1.0,1.0,5.787619883491197e+20,8192,power,conditional_v8_fixed_policy_feasible,87,87,172,1.710394684666814,42.03691856081264,0.6713607648391644,2.3707653836681413,5.787619883491197e+20
baseline,0.5,1.0,1.0,5.956621435290085e+20,8192,power,conditional_v8_fixed_policy_feasible,87,87,172,1.733017526550214,42.72813532328895,0.6713607648391644,2.3673601128561765,5.956621435290085e+20
baseline,0.5,1.0,1.0,6.130557921498227e+20,8192,power,conditional_v8_fixed_policy_feasible,87,87,172,1.755963624175283,43.42979387855651,0.6713607648391644,2.3639697389882794,6.130557921498227e+20
baseline,0.5,1.0,1.0,6.309573444801943e+20,8192,power,conditional_v8_fixed_policy_feasible,87,87,172,1.779237781734056,44.142041315797044,0.6713607648391644,2.3605941750078268,6.309573444801943e+20
baseline,0.5,1.0,1.0,6.493816315762113e+20,8192,power,conditional_v8_fixed_policy_feasible,87,87,172,1.8028448769735714,44.86502670944801,0.6713607648391644,2.3572333345461414,6.493816315762113e+20
baseline,0.5,1.0,1.0,6.683439175686135e+20,8192,power,conditional_v8_fixed_policy_feasible,87,87,172,1.8267898623667262,45.5989011449049,0.6713607648391644,2.3538871319156702,6.683439175686135e+20
baseline,0.5,1.0,1.0,6.878599123088053e+20,8192,power,conditional_v8_fixed_policy_feasible,87,87,172,1.851077766302708,46.34381774451965,0.6713607648391644,2.3505554821032186,6.878599123088053e+20
baseline,0.5,1.0,1.0,7.079457843841402e+20,8192,power,conditional_v8_fixed_policy_feasible,87,87,172,1.8757136942973271,47.09993169389627,0.6713607648391644,2.3472383007632533,7.079457843841402e+20
baseline,0.5,1.0,1.0,7.28618174513229e+20,8192,power,conditional_v8_fixed_policy_feasible,87,87,172,1.9007028302235542,47.86740026848565,0.6713607648391644,2.3439355042112617,7.28618174513229e+20
baseline,0.5,1.0,1.0,7.498942093324558e+20,8192,power,conditional_v8_fixed_policy_feasible,87,87,172,1.926050437562715,48.64638286048518,0.6713607648391644,2.340647009417178,7.498942093324558e+20
baseline,0.5,1.0,1.0,7.717915155850111e+20,8192,power,conditional_v8_fixed_policy_feasible,87,87,172,1.9517618606765892,49.43704100604135,0.6713607648391644,2.3373727339988664,7.717915155850111e+20
baseline,0.5,1.0,1.0,7.943282347242789e+20,8192,power,conditional_v8_fixed_policy_feasible,87,87,172,1.9778425261008488,50.239538412761576,0.6713607648391644,2.33411259621567,7.943282347242789e+20
baseline,0.5,1.0,1.0,8.175230379436527e+20,8192,power,conditional_v8_fixed_policy_feasible,87,87,172,2.0042979438602093,51.05404098753649,0.6713607648391644,2.33086651496202,8.175230379436527e+20
baseline,0.5,1.0,1.0,8.413951416451965e+20,8192,power,conditional_v8_fixed_policy_feasible,87,87,172,2.0311337088056147,51.880716864674426,0.6713607648391644,2.3276344097611052,8.413951416451965e+20
baseline,0.5,1.0,1.0,8.659643233600653e+20,8192,power,conditional_v8_fixed_policy_feasible,87,87,172,2.058355501973966,52.719736434354125,0.6713607648391644,2.324416200758601,8.659643233600653e+20
baseline,0.5,1.0,1.0,8.91250938133744e+20,8192,power,conditional_v8_fixed_policy_feasible,87,87,172,2.0859690919706364,53.57127237139377,0.6713607648391644,2.3212118087164577,8.91250938133744e+20
baseline,0.5,1.0,1.0,9.172759353897766e+20,8192,power,conditional_v8_fixed_policy_feasible,87,87,172,2.1139803363752945,54.43549966434236,0.6713607648391644,2.3180211550067553,9.172759353897766e+20
baseline,0.5,1.0,1.0,9.440608762859264e+20,8192,power,conditional_v8_fixed_policy_feasible,87,87,172,2.1423951831713866,55.31259564489552,0.6713607648391644,2.314844161605609,9.440608762859264e+20
baseline,0.5,1.0,1.0,9.716279515771078e+20,8192,power,conditional_v8_fixed_policy_feasible,87,87,172,2.171219672199691,56.202740017636366,0.6713607648391644,2.311680751087143,9.716279515771078e+20
baseline,0.5,1.0,1.0,1e+21,8192,power,conditional_v8_fixed_policy_feasible,87,87,172,2.2004599366364523,57.10611489010868,0.6713607648391644,2.3085308466175136,9.999999999999999e+20
Q0_0p45,0.45,1.0,1.0,1e+19,8192,power,conditional_v8_fixed_policy_feasible,101,29,97,0.11724273155150208,10.0,0.49878935785684186,3.188520823095205,1e+19
Q0_0p45,0.45,1.0,1.0,1.0292005271944266e+19,8192,power,conditional_v8_fixed_policy_feasible,101,30,97,0.12106559068357511,10.0,0.49878935785684186,3.1799938203021525,1.0292005271944268e+19
Q0_0p45,0.45,1.0,1.0,1.0592537251772854e+19,8192,power,conditional_v8_fixed_policy_feasible,101,31,97,0.12500007931769466,10.0,0.49878935785684186,3.1715764429281923,1.0592537251772854e+19
Q0_0p45,0.45,1.0,1.0,1.0901844923851313e+19,8192,power,conditional_v8_fixed_policy_feasible,101,33,97,0.12904945709417215,10.000000000000004,0.49878935785684186,3.1632660771181715,1.0901844923851315e+19
Q0_0p45,0.45,1.0,1.0,1.1220184543019653e+19,8192,power,conditional_v8_fixed_policy_feasible,101,36,97,0.13321707883653103,10.000000000000002,0.49878935785684186,3.155060210872146,1.1220184543019653e+19
Q0_0p45,0.45,1.0,1.0,1.1547819846894582e+19,8192,power,conditional_v8_fixed_policy_feasible,101,39,97,0.13750639733091377,10.0,0.49878935785684186,3.1469564287378806,1.1547819846894582e+19
Q0_0p45,0.45,1.0,1.0,1.1885022274370165e+19,8192,power,conditional_v8_fixed_policy_feasible,101,40,97,0.14192096618663727,10.0,0.49878935785684186,3.1389524068377974,1.1885022274370167e+19
Q0_0p45,0.45,1.0,1.0,1.2232071190499275e+19,8192,power,conditional_v8_fixed_policy_feasible,101,41,97,0.14646444278028395,10.0,0.49878935785684186,3.1310459082056905,1.2232071190499275e+19
Q0_0p45,0.45,1.0,1.0,1.2589254117941713e+19,8192,power,conditional_v8_fixed_policy_feasible,101,42,97,0.15114059128576207,10.0,0.49878935785684186,3.123234778410628,1.2589254117941717e+19
Q0_0p45,0.45,1.0,1.0,1.2956866975170216e+19,8192,power,conditional_v8_fixed_policy_feasible,101,43,97,0.1559532857928382,10.0,0.49878935785684186,3.11551694144736,1.2956866975170218e+19
Q0_0p45,0.45,1.0,1.0,1.3335214321633241e+19,8192,power,conditional_v8_fixed_policy_feasible,101,44,97,0.16090651351674665,10.000000000000002,0.49878935785684186,3.1078903958742266,1.3335214321633243e+19
Q0_0p45,0.45,1.0,1.0,1.3724609610075597e+19,8192,power,conditional_v8_fixed_policy_feasible,101,48,97,0.1660043781015073,10.0,0.49878935785684186,3.1003532111811674,1.3724609610075599e+19
Q0_0p45,0.45,1.0,1.0,1.4125375446227497e+19,8192,power,conditional_v8_fixed_policy_feasible,101,49,97,0.17125110301970875,10.0,0.49878935785684186,3.092903524371785,1.41253754462275e+19
Q0_0p45,0.45,1.0,1.0,1.4537843856076667e+19,8192,power,conditional_v8_fixed_policy_feasible,101,51,97,0.1766510350715674,10.0,0.49878935785684186,3.0855395367447214,1.4537843856076669e+19
Q0_0p45,0.45,1.0,1.0,1.496235656094436e+19,8192,power,conditional_v8_fixed_policy_feasible,101,53,97,0.1822086479861528,10.0,0.49878935785684186,3.0782595108607946,1.496235656094436e+19
Q0_0p45,0.45,1.0,1.0,1.539926526059492e+19,8192,power,conditional_v8_fixed_policy_feasible,101,54,97,0.18792854612778664,10.0,0.49878935785684186,3.0710617676833243,1.539926526059492e+19
Q0_0p45,0.45,1.0,1.0,1.5848931924611109e+19,8192,power,conditional_v8_fixed_policy_feasible,101,58,477,0.14977158331795487,10.0,0.5995154272811548,3.0620458011905924,1.5848931924611109e+19
Q0_0p45,0.45,1.0,1.0,1.631172909227833e+19,8192,power,conditional_v8_fixed_policy_feasible,101,59,477,0.15583040673211515,10.0,0.5995154272811548,3.0525412386249093,1.631172909227833e+19
Q0_0p45,0.45,1.0,1.0,1.6788040181225658e+19,8192,power,conditional_v8_fixed_policy_feasible,101,61,477,0.16206615098414873,10.0,0.5995154272811548,3.04325061309149,1.678804018122566e+19
Q0_0p45,0.45,1.0,1.0,1.7278259805078663e+19,8192,power,conditional_v8_fixed_policy_feasible,101,62,172,0.12006321426384575,10.0,0.6713607648391644,3.033259526214629,1.7278259805078663e+19
Q0_0p45,0.45,1.0,1.0,1.7782794100389229e+19,8192,power,conditional_v8_fixed_policy_feasible,101,63,172,0.12666844959206322,10.0,0.6713607648391644,3.0199795045062627,1.7782794100389226e+19
Q0_0p45,0.45,1.0,1.0,1.8302061063110531e+19,8192,power,conditional_v8_fixed_policy_feasible,101,64,172,0.13346656127410794,10.0,0.6713607648391644,3.007229715869644,1.830206106311053e+19
Q0_0p45,0.45,1.0,1.0,1.8836490894897943e+19,8192,power,conditional_v8_fixed_policy_feasible,101,64,172,0.1404631814011949,10.000000000000002,0.6713607648391644,2.9949689213526787,1.8836490894897947e+19
Q0_0p45,0.45,1.0,1.0,1.9386526359522136e+19,8192,power,conditional_v8_fixed_policy_feasible,101,65,172,0.14766410652457407,10.0,0.6713607648391644,2.9831604227848585,1.9386526359522136e+19
Q0_0p45,0.45,1.0,1.0,1.9952623149688828e+19,8192,power,conditional_v8_fixed_policy_feasible,101,66,172,0.15507530245784137,10.0,0.6713607648391644,2.9717714311991905,1.9952623149688824e+19
Q0_0p45,0.45,1.0,1.0,2.053525026457146e+19,8192,power,conditional_v8_fixed_policy_feasible,101,66,172,0.16270290921950137,10.0,0.6713607648391644,2.960772540226826,2.053525026457146e+19
Q0_0p45,0.45,1.0,1.0,2.1134890398366433e+19,8192,power,conditional_v8_fixed_policy_feasible,101,67,172,0.1705532461198335,10.0,0.6713607648391644,2.950137284346435,2.1134890398366433e+19
Q0_0p45,0.45,1.0,1.0,2.1752040340195156e+19,8192,power,conditional_v8_fixed_policy_feasible,101,67,172,0.17863281699630928,10.0,0.6713607648391644,2.939841766206911,2.1752040340195156e+19
Q0_0p45,0.45,1.0,1.0,2.238721138568347e+19,8192,power,conditional_v8_fixed_policy_feasible,101,69,172,0.18694831560188518,10.000000000000002,0.6713607648391644,2.929864340546224,2.238721138568347e+19
Q0_0p45,0.45,1.0,1.0,2.3040929760558494e+19,8192,power,conditional_v8_fixed_policy_feasible,101,69,172,0.19550663115062608,10.0,0.6713607648391644,2.9201853447686763,2.3040929760558494e+19
Q0_0p45,0.45,1.0,1.0,2.3713737056616554e+19,8192,power,conditional_v8_fixed_policy_feasible,101,69,172,0.2043148540252865,10.0,0.6713607648391644,2.9107868682104554,2.3713737056616554e+19
Q0_0p45,0.45,1.0,1.0,2.4406190680419762e+19,8192,power,conditional_v8_fixed_policy_feasible,101,71,172,0.21338028165153294,10.0,0.6713607648391644,2.901652553659779,2.4406190680419762e+19
Q0_0p45,0.45,1.0,1.0,2.511886431509572e+19,8192,power,conditional_v8_fixed_policy_feasible,101,72,172,0.22271042454370876,10.0,0.6713607648391644,2.892767425906122,2.511886431509572e+19
Q0_0p45,0.45,1.0,1.0,2.585234839562199e+19,8192,power,conditional_v8_fixed_policy_feasible,101,72,172,0.23231301252713812,10.0,0.6713607648391644,2.8841177430497074,2.585234839562199e+19
Q0_0p45,0.45,1.0,1.0,2.660725059798814e+19,8192,power,conditional_v8_fixed_policy_feasible,101,72,172,0.24219600114211176,10.0,0.6713607648391644,2.875690867064849,2.6607250597988135e+19
Q0_0p45,0.45,1.0,1.0,2.7384196342643614e+19,8192,power,conditional_v8_fixed_policy_feasible,101,73,172,0.25236757823489925,10.0,0.6713607648391644,2.867475150721919,2.7384196342643614e+19
Q0_0p45,0.45,1.0,1.0,2.8183829312644493e+19,8192,power,conditional_v8_fixed_policy_feasible,101,74,172,0.2628361707411948,10.0,0.6713607648391644,2.8594598384656984,2.8183829312644493e+19
Q0_0p45,0.45,1.0,1.0,2.900681198693144e+19,8192,power,conditional_v8_fixed_policy_feasible,101,74,172,0.27361045166765774,10.0,0.6713607648391644,2.851634979247409,2.9006811986931438e+19
Q0_0p45,0.45,1.0,1.0,2.9853826189179695e+19,8192,power,conditional_v8_fixed_policy_feasible,101,76,172,0.28469934727731755,10.0,0.6713607648391644,2.84399134963353,2.985382618917969e+19
Q0_0p45,0.45,1.0,1.0,3.072557365267452e+19,8192,power,conditional_v8_fixed_policy_feasible,101,76,172,0.2961120444847802,10.0,0.6713607648391644,2.836520385781241,3.072557365267452e+19
Q0_0p45,0.45,1.0,1.0,3.162277660168379e+19,8192,power,conditional_v8_fixed_policy_feasible,101,78,172,0.30785799846741096,10.000000000000002,0.6713607648391644,2.82921412308987,3.1622776601683796e+19
Q0_0p45,0.45,1.0,1.0,3.2546178349804536e+19,8192,power,conditional_v8_fixed_policy_feasible,101,79,172,0.3199469404987361,10.0,0.6713607648391644,2.822065142519269,3.254617834980453e+19
Q0_0p45,0.45,1.0,1.0,3.3496543915782656e+19,8192,power,conditional_v8_fixed_policy_feasible,101,79,172,0.33238888601059885,10.0,0.6713607648391644,2.8150665227166187,3.3496543915782656e+19
Q0_0p45,0.45,1.0,1.0,3.447466065731505e+19,8192,power,conditional_v8_fixed_policy_feasible,101,82,172,0.345194142890736,10.0,0.6713607648391644,2.8082117972188345,3.447466065731505e+19
Q0_0p45,0.45,1.0,1.0,3.5481338923357606e+19,8192,power,conditional_v8_fixed_policy_feasible,101,82,172,0.3583733200226295,10.0,0.6713607648391644,2.801494916102814,3.54813389233576e+19
Q0_0p45,0.45,1.0,1.0,3.651741272548377e+19,8192,power,conditional_v8_fixed_policy_feasible,101,86,172,0.37193733607476304,10.0,0.6713607648391644,2.794910211544038,3.651741272548377e+19
Q0_0p45,0.45,1.0,1.0,3.758374042884435e+19,8192,power,conditional_v8_fixed_policy_feasible,101,89,172,0.38589742854649245,10.0,0.6713607648391644,2.788452366818543,3.758374042884435e+19
Q0_0p45,0.45,1.0,1.0,3.868120546330509e+19,8192,power,conditional_v8_fixed_policy_feasible,101,89,172,0.40026516307807947,10.0,0.6713607648391644,2.7821163883461764,3.868120546330509e+19
Q0_0p45,0.45,1.0,1.0,3.981071705534986e+19,8192,power,conditional_v8_fixed_policy_feasible,101,89,172,0.41505244303258254,10.0,0.6713607648391644,2.775897580426535,3.981071705534985e+19
Q0_0p45,0.45,1.0,1.0,4.097321098135422e+19,8192,power,conditional_v8_fixed_policy_feasible,101,92,172,0.43027151935752445,10.0,0.6713607648391644,2.7697915223645007,4.097321098135422e+19
Q0_0p45,0.45,1.0,1.0,4.216965034285823e+19,8192,power,conditional_v8_fixed_policy_feasible,101,95,172,0.4459350007345669,10.0,0.6713607648391644,2.7637940477211163,4.216965034285823e+19
Q0_0p45,0.45,1.0,1.0,4.340102636447431e+19,8192,power,conditional_v8_fixed_policy_feasible,101,101,172,0.46205586402551896,10.0,0.6713607648391644,2.7579012254589212,4.340102636447431e+19
Q0_0p45,0.45,1.0,1.0,4.466835921509617e+19,8192,power,conditional_v8_fixed_policy_feasible,101,101,172,0.4786474650233962,10.0,0.6713607648391644,2.752109342779387,4.466835921509617e+19
Q0_0p45,0.45,1.0,1.0,4.597269885308737e+19,8192,power,conditional_v8_fixed_policy_feasible,101,101,172,0.49572354951741593,10.0,0.6713607648391644,2.7464148894747913,4.597269885308736e+19
Q0_0p45,0.45,1.0,1.0,4.731512589614812e+19,8192,power,conditional_v8_fixed_policy_feasible,101,101,172,0.5132982646810726,10.0,0.6713607648391644,2.740814543638147,4.731512589614812e+19
Q0_0p45,0.45,1.0,1.0,4.869675251658631e+19,8192,power,conditional_v8_fixed_policy_feasible,101,101,172,0.5313861707928,10.0,0.6713607648391644,2.7353051585931962,4.869675251658631e+19
Q0_0p45,0.45,1.0,1.0,5.011872336272715e+19,8192,power,conditional_v8_fixed_policy_feasible,101,101,172,0.5500022532988332,10.0,0.6713607648391644,2.729883750922538,5.011872336272715e+19
Q0_0p45,0.45,1.0,1.0,5.15822165072304e+19,8192,power,conditional_v8_fixed_policy_feasible,101,101,172,0.5691619352283374,10.0,0.6713607648391644,2.7245474894858317,5.158221650723039e+19
Q0_0p45,0.45,1.0,1.0,5.308844442309901e+19,8192,power,conditional_v8_fixed_policy_feasible,101,101,172,0.5888810899710664,10.0,0.6713607648391644,2.719293685332173,5.308844442309901e+19
Q0_0p45,0.45,1.0,1.0,5.463865498818551e+19,8192,power,conditional_v8_fixed_policy_feasible,101,101,172,0.6091760544281059,10.0,0.6713607648391644,2.7141197824213705,5.46386549881855e+19
Q0_0p45,0.45,1.0,1.0,5.6234132519034905e+19,8192,power,conditional_v8_fixed_policy_feasible,101,101,172,0.6300636425466829,10.0,0.6713607648391644,2.709023349078109,5.62341325190349e+19
Q0_0p45,0.45,1.0,1.0,5.787619883491197e+19,8192,power,conditional_v8_fixed_policy_feasible,101,101,172,0.6417524392516554,10.131151586378422,0.6713607648391644,2.7039904909622856,5.787619883491197e+19
Q0_0p45,0.45,1.0,1.0,5.956621435290085e+19,8192,power,conditional_v8_fixed_policy_feasible,101,101,172,0.6492810868177791,10.323069451671318,0.6713607648391644,2.6989856142284556,5.956621435290085e+19
Q0_0p45,0.45,1.0,1.0,6.1305579214982275e+19,8192,power,conditional_v8_fixed_policy_feasible,101,101,172,0.6569107609087795,10.518274957603902,0.6713607648391644,2.694006241217158,6.130557921498227e+19
Q0_0p45,0.45,1.0,1.0,6.309573444801943e+19,8192,power,conditional_v8_fixed_policy_feasible,101,101,172,0.6646429185916087,10.716818218014987,0.6713607648391644,2.6890521938597205,6.309573444801943e+19
Q0_0p45,0.45,1.0,1.0,6.493816315762113e+19,8192,power,conditional_v8_fixed_policy_feasible,101,101,172,0.6724790385404524,10.918750031629735,0.6713607648391644,2.6841232956089307,6.493816315762112e+19
Q0_0p45,0.45,1.0,1.0,6.683439175686135e+19,8192,power,conditional_v8_fixed_policy_feasible,101,101,172,0.680420621361515,11.124121891141282,0.6713607648391644,2.679219371426326,6.683439175686134e+19
Q0_0p45,0.45,1.0,1.0,6.878599123088054e+19,8192,power,conditional_v8_fixed_policy_feasible,101,101,172,0.6884691899228638,11.332985992424039,0.6713607648391644,2.674340247769566,6.878599123088055e+19
Q0_0p45,0.45,1.0,1.0,7.0794578438414025e+19,8192,power,conditional_v8_fixed_policy_feasible,101,101,172,0.6966262896894129,11.545395243880069,0.6713607648391644,2.669485752579872,7.0794578438414025e+19
Q0_0p45,0.45,1.0,1.0,7.286181745132289e+19,8192,power,conditional_v8_fixed_policy_feasible,101,101,172,0.7048934890631156,11.761403275920074,0.6713607648391644,2.6646557152695567,7.286181745132288e+19
Q0_0p45,0.45,1.0,1.0,7.498942093324558e+19,8192,power,conditional_v8_fixed_policy_feasible,101,101,172,0.7132723797284883,11.98106445058159,0.6713607648391644,2.6598499667096167,7.498942093324558e+19
Q0_0p45,0.45,1.0,1.0,7.717915155850112e+19,8192,power,conditional_v8_fixed_policy_feasible,101,101,172,0.7217645770035104,12.204433871284962,0.6713607648391644,2.6550683392174177,7.717915155850112e+19
Q0_0p45,0.45,1.0,1.0,7.94328234724279e+19,8192,power,conditional_v8_fixed_policy_feasible,101,101,172,0.7303717201960201,12.431567392729818,0.6713607648391644,2.6503106665444434,7.94328234724279e+19
Q0_0p45,0.45,1.0,1.0,8.175230379436527e+19,8192,power,conditional_v8_fixed_policy_feasible,101,101,172,0.7390954729656959,12.662521630933442,0.6713607648391644,2.6455767838641275,8.175230379436527e+19
Q0_0p45,0.45,1.0,1.0,8.413951416451965e+19,8192,power,conditional_v8_fixed_policy_feasible,101,101,172,0.7479375236916903,12.897353973412603,0.6713607648391644,2.640866527759762,8.413951416451963e+19
Q0_0p45,0.45,1.0,1.0,8.659643233600653e+19,8192,power,conditional_v8_fixed_policy_feasible,101,101,172,0.756899585846062,13.13612258951153,0.6713607648391644,2.636179736212474,8.659643233600653e+19
Q0_0p45,0.45,1.0,1.0,8.91250938133744e+19,8192,power,conditional_v8_fixed_policy_feasible,101,101,172,0.7659833983730471,13.378886440876537,0.6713607648391644,2.6315162485892842,8.91250938133744e+19
Q0_0p45,0.45,1.0,1.0,9.172759353897766e+19,8192,power,conditional_v8_fixed_policy_feasible,101,101,172,0.7751907260743026,13.625705292080129,0.6713607648391644,2.6268759056312363,9.172759353897766e+19
Q0_0p45,0.45,1.0,1.0,9.440608762859264e+19,8192,power,conditional_v8_fixed_policy_feasible,101,101,172,0.7845233600002147,13.87663972139605,0.6713607648391644,2.6222585494416033,9.440608762859264e+19
Q0_0p45,0.45,1.0,1.0,9.716279515771078e+19,8192,power,conditional_v8_fixed_policy_feasible,101,101,172,0.7939831178473594,14.13175113172668,0.6713607648391644,2.6176640234741697,9.71627951577108e+19
Q0_0p45,0.45,1.0,1.0,1e+20,8192,power,conditional_v8_fixed_policy_feasible,101,101,172,0.8035718443622544,14.391101761685782,0.6713607648391644,2.6130921725215774,9.999999999999998e+19
Q0_0p45,0.45,1.0,1.0,1.0292005271944264e+20,8192,power,conditional_v8_fixed_policy_feasible,101,101,172,0.813291411751462,14.654754696836882,0.6713607648391644,2.6085428427037565,1.0292005271944264e+20
Q0_0p45,0.45,1.0,1.0,1.0592537251772853e+20,8192,power,conditional_v8_fixed_policy_feasible,101,101,172,0.8231437200981845,14.922773881090265,0.6713607648391644,2.6040158814564225,1.0592537251772852e+20
Q0_0p45,0.45,1.0,1.0,1.0901844923851312e+20,8192,power,conditional_v8_fixed_policy_feasible,101,101,172,0.8331306977854482,15.195224128260065,0.6713607648391644,2.599511137519651,1.090184492385131e+20
Q0_0p45,0.45,1.0,1.0,1.1220184543019654e+20,8192,power,conditional_v8_fixed_policy_feasible,101,101,172,0.8432543019259766,15.472171133782865,0.6713607648391644,2.59502846092652,1.1220184543019652e+20
Q0_0p45,0.45,1.0,1.0,1.1547819846894582e+20,8192,power,conditional_v8_fixed_policy_feasible,101,101,172,0.8535165187989024,15.753681486600895,0.6713607648391644,2.590567702991827,1.154781984689458e+20
Q0_0p45,0.45,1.0,1.0,1.1885022274370165e+20,8192,power,conditional_v8_fixed_policy_feasible,101,101,172,0.8639193642933849,16.03982268121003,0.6713607648391644,2.586128716300878,1.1885022274370165e+20
Q0_0p45,0.45,1.0,1.0,1.2232071190499276e+20,8192,power,conditional_v8_fixed_policy_feasible,101,101,172,0.8744648843592816,16.330663129875745,0.6713607648391644,2.581711354698349,1.2232071190499276e+20
Q0_0p45,0.45,1.0,1.0,1.2589254117941713e+20,8192,power,conditional_v8_fixed_policy_feasible,101,101,172,0.8851551554649897,16.62627217501839,0.6713607648391644,2.5773154732772143,1.2589254117941713e+20
Q0_0p45,0.45,1.0,1.0,1.2956866975170216e+20,8192,power,conditional_v8_fixed_policy_feasible,101,101,172,0.8959922850625527,16.92672010176936,0.6713607648391644,2.572940928367759,1.2956866975170218e+20
Q0_0p45,0.45,1.0,1.0,1.333521432163324e+20,8192,power,conditional_v8_fixed_policy_feasible,101,101,172,0.9069784120602126,17.232078150701177,0.6713607648391644,2.568587577526643,1.333521432163324e+20
Q0_0p45,0.45,1.0,1.0,1.3724609610075598e+20,8192,power,conditional_v8_fixed_policy_feasible,101,101,172,0.9181157073024583,17.542418530731855,0.6713607648391644,2.564255279526053,1.3724609610075598e+20
Q0_0p45,0.45,1.0,1.0,1.4125375446227496e+20,8192,power,conditional_v8_fixed_policy_feasible,101,101,172,0.9294063740577568,17.857814432206517,0.6713607648391644,2.5599438943429167,1.4125375446227496e+20
Q0_0p45,0.45,1.0,1.0,1.4537843856076666e+20,8192,power,conditional_v8_fixed_policy_feasible,101,101,172,0.9408526485140742,18.17834004015791,0.6713607648391644,2.5556532831481884,1.4537843856076666e+20
Q0_0p45,0.45,1.0,1.0,1.496235656094436e+20,8192,power,conditional_v8_fixed_policy_feasible,101,101,172,0.952456800282301,18.504070547747205,0.6713607648391644,2.551383308296211,1.496235656094436e+20
Q0_0p45,0.45,1.0,1.0,1.539926526059492e+20,8192,power,conditional_v8_fixed_policy_feasible,101,101,172,0.9642211329077685,18.83508216988841,0.6713607648391644,2.5471338333141373,1.539926526059492e+20
Q0_0p45,0.45,1.0,1.0,1.5848931924611108e+20,8192,power,conditional_v8_fixed_policy_feasible,101,101,172,0.9761479843899309,19.171452157056347,0.6713607648391644,2.5429047228914277,1.5848931924611108e+20
Q0_0p45,0.45,1.0,1.0,1.631172909227833e+20,8192,power,conditional_v8_fixed_policy_feasible,101,101,172,0.9882397277103898,19.5132588092818,0.6713607648391644,2.5386958428694215,1.631172909227833e+20
Q0_0p45,0.45,1.0,1.0,1.678804018122566e+20,8192,power,conditional_v8_fixed_policy_feasible,101,101,172,1.0004987713693987,19.860581490334965,0.6713607648391644,2.5345070602309674,1.6788040181225656e+20
Q0_0p45,0.45,1.0,1.0,1.7278259805078664e+20,8192,power,conditional_v8_fixed_policy_feasible,101,101,172,1.0129275599309642,20.213500642098964,0.6713607648391644,2.5303382430901378,1.7278259805078664e+20
Q0_0p45,0.45,1.0,1.0,1.778279410038923e+20,8192,power,conditional_v8_fixed_policy_feasible,101,101,172,1.0255285745767515,20.57209779913662,0.6713607648391644,2.5261892606819956,1.778279410038923e+20
Q0_0p45,0.45,1.0,1.0,1.830206106311053e+20,8192,power,conditional_v8_fixed_policy_feasible,101,101,172,1.0383043336688629,20.936455603450703,0.6713607648391644,2.5220599833524417,1.8302061063110528e+20
Q0_0p45,0.45,1.0,1.0,1.8836490894897945e+20,8192,power,conditional_v8_fixed_policy_feasible,101,101,172,1.0512573933217066,21.306657819440854,0.6713607648391644,2.5179502825481297,1.8836490894897948e+20
Q0_0p45,0.45,1.0,1.0,1.9386526359522135e+20,8192,power,conditional_v8_fixed_policy_feasible,101,101,172,1.0643903479830774,21.682789349058954,0.6713607648391644,2.513860030806446,1.9386526359522135e+20
Q0_0p45,0.45,1.0,1.0,1.995262314968883e+20,8192,power,conditional_v8_fixed_policy_feasible,101,101,172,1.077705831024599,22.064936247164194,0.6713607648391644,2.5097891017455667,1.995262314968883e+20
Q0_0p45,0.45,1.0,1.0,2.053525026457146e+20,8192,power,conditional_v8_fixed_policy_feasible,101,101,172,1.09120651534174,22.453185737081526,0.6713607648391644,2.505737370054567,2.053525026457146e+20
Q0_0p45,0.45,1.0,1.0,2.1134890398366433e+20,8192,power,conditional_v8_fixed_policy_feasible,101,101,172,1.104895113963491,22.847626226363296,0.6713607648391644,2.5017047114836184,2.1134890398366437e+20
Q0_0p45,0.45,1.0,1.0,2.1752040340195154e+20,8192,power,conditional_v8_fixed_policy_feasible,101,101,172,1.118774380671924,23.248347322757827,0.6713607648391644,2.4976910028342405,2.1752040340195158e+20
Q0_0p45,0.45,1.0,1.0,2.238721138568347e+20,8192,power,conditional_v8_fixed_policy_feasible,101,101,172,1.1328471106317817,23.655439850386347,0.6713607648391644,2.493696121949628,2.2387211385683473e+20
Q0_0p45,0.45,1.0,1.0,2.3040929760558495e+20,8192,power,conditional_v8_fixed_policy_feasible,101,101,172,1.147116141030256,24.068995866129672,0.6713607648391644,2.4897199477050416,2.3040929760558498e+20
Q0_0p45,0.45,1.0,1.0,2.3713737056616553e+20,8192,power,conditional_v8_fixed_policy_feasible,101,101,172,1.1615843517271778,24.489108676228565,0.6713607648391644,2.48576235999827,2.3713737056616553e+20
Q0_0p45,0.45,1.0,1.0,2.4406190680419762e+20,8192,power,conditional_v8_fixed_policy_feasible,101,101,172,1.176254665915726,24.91587285309741,0.6713607648391644,2.4818232397401587,2.4406190680419762e+20
Q0_0p45,0.45,1.0,1.0,2.5118864315095718e+20,8192,power,conditional_v8_fixed_policy_feasible,101,101,172,1.1911300507938911,25.349384252355012,0.6713607648391644,2.477902468845204,2.5118864315095718e+20
Q0_0p45,0.45,1.0,1.0,2.585234839562199e+20,8192,power,conditional_v8_fixed_policy_feasible,101,101,172,1.2062135182468543,25.789740030074125,0.6713607648391644,2.4739999302222175,2.585234839562199e+20
Q0_0p45,0.45,1.0,1.0,2.660725059798814e+20,8192,power,conditional_v8_fixed_policy_feasible,101,101,172,1.2215081255404556,26.237038660251056,0.6713607648391644,2.470115507765063,2.6607250597988142e+20
Q0_0p45,0.45,1.0,1.0,2.7384196342643612e+20,8192,power,conditional_v8_fixed_policy_feasible,101,101,172,1.2370169760260015,26.691379952499286,0.6713607648391644,2.466249086343446,2.7384196342643615e+20
Q0_0p45,0.45,1.0,1.0,2.818382931264449e+20,8192,power,conditional_v8_fixed_policy_feasible,101,101,172,1.2527432198565074,27.152865069967074,0.6713607648391644,2.462400551793786,2.8183829312644494e+20
Q0_0p45,0.45,1.0,1.0,2.9006811986931443e+20,8192,power,conditional_v8_fixed_policy_feasible,101,101,172,1.268690054714667,27.621596547482383,0.6713607648391644,2.458569790910148,2.9006811986931443e+20
Q0_0p45,0.45,1.0,1.0,2.9853826189179696e+20,8192,power,conditional_v8_fixed_policy_feasible,101,101,172,1.2848607265526917,28.097678309927336,0.6713607648391644,2.4547566914352394,2.9853826189179696e+20
Q0_0p45,0.45,1.0,1.0,3.072557365267452e+20,8192,power,conditional_v8_fixed_policy_feasible,101,101,172,1.301258530344223,28.581215690843297,0.6713607648391644,2.450961142051485,3.072557365267452e+20
Q0_0p45,0.45,1.0,1.0,3.1622776601683794e+20,8192,power,conditional_v8_fixed_policy_feasible,101,101,172,1.3178868108485946,29.072315451270697,0.6713607648391644,2.4471830323721524,3.1622776601683794e+20
Q0_0p45,0.45,1.0,1.0,3.254617834980453e+20,8192,power,conditional_v8_fixed_policy_feasible,101,101,172,1.3347489633875458,29.571085798823464,0.6713607648391644,2.4434222529325558,3.254617834980453e+20
Q0_0p45,0.45,1.0,1.0,3.3496543915782655e+20,8192,power,conditional_v8_fixed_policy_feasible,101,101,172,1.351848434634695,30.077636407001734,0.6713607648391644,2.4396786951813216,3.3496543915782655e+20
Q0_0p45,0.45,1.0,1.0,3.4474660657315054e+20,8192,power,conditional_v8_fixed_policy_feasible,101,101,172,1.369188723417949,30.592078434744842,0.6713607648391644,2.4359522514717233,3.4474660657315054e+20
Q0_0p45,0.45,1.0,1.0,3.54813389233576e+20,8192,power,conditional_v8_fixed_policy_feasible,101,101,172,1.386773381535051,31.114524546225862,0.6713607648391644,2.4322428150530837,3.54813389233576e+20
Q0_0p45,0.45,1.0,1.0,3.651741272548377e+20,8192,power,conditional_v8_fixed_policy_feasible,101,101,172,1.4046060145825758,31.645088930892133,0.6713607648391644,2.428550280062231,3.651741272548377e+20
Q0_0p45,0.45,1.0,1.0,3.7583740428844355e+20,8192,power,conditional_v8_fixed_policy_feasible,101,101,172,1.4226902827985024,32.18388732375086,0.6713607648391644,2.4248745415150426,3.7583740428844355e+20
Q0_0p45,0.45,1.0,1.0,3.868120546330509e+20,8192,power,conditional_v8_fixed_policy_feasible,101,101,172,1.4410299019186543,32.73103702590485,0.6713607648391644,2.4212154952980316,3.86812054633051e+20
Q0_0p45,0.45,1.0,1.0,3.9810717055349857e+20,8192,power,conditional_v8_fixed_policy_feasible,101,101,172,1.459628644047254,33.28665692533912,0.6713607648391644,2.417573038160018,3.981071705534986e+20
Q0_0p45,0.45,1.0,1.0,4.0973210981354216e+20,8192,power,conditional_v8_fixed_policy_feasible,101,101,172,1.4784903385417776,33.850867517960616,0.6713607648391644,2.4139470677038557,4.097321098135422e+20
Q0_0p45,0.45,1.0,1.0,4.216965034285823e+20,8192,power,conditional_v8_fixed_policy_feasible,101,101,172,1.497618872912462,34.42379092889499,0.6713607648391644,2.4103374823782233,4.2169650342858234e+20
Q0_0p45,0.45,1.0,1.0,4.3401026364474314e+20,8192,power,conditional_v8_fixed_policy_feasible,101,101,172,1.517018193736584,35.00555093404029,0.6713607648391644,2.406744181469488,4.340102636447432e+20
Q0_0p45,0.45,1.0,1.0,4.466835921509617e+20,8192,power,conditional_v8_fixed_policy_feasible,101,101,172,1.536692307587882,35.59627298188156,0.6713607648391644,2.403167065093629,4.466835921509617e+20
Q0_0p45,0.45,1.0,1.0,4.5972698853087366e+20,8192,power,conditional_v8_fixed_policy_feasible,101,101,172,1.556645281981315,36.19608421556851,0.6713607648391644,2.3996060341882246,4.5972698853087366e+20
Q0_0p45,0.45,1.0,1.0,4.7315125896148124e+20,8192,power,conditional_v8_fixed_policy_feasible,101,101,172,1.5768812463334339,36.80511349525723,0.6713607648391644,2.396060990504514,4.7315125896148124e+20
Q0_0p45,0.45,1.0,1.0,4.8696752516586314e+20,8192,power,conditional_v8_fixed_policy_feasible,101,101,172,1.5974043929386912,37.42349142072127,0.6713607648391644,2.392531836599509,4.869675251658632e+20
Q0_0p45,0.45,1.0,1.0,5.0118723362727146e+20,8192,power,conditional_v8_fixed_policy_feasible,101,101,172,1.6182189779618714,38.05135035423078,0.6713607648391644,2.389018475828182,5.0118723362727146e+20
Q0_0p45,0.45,1.0,1.0,5.15822165072304e+20,8192,power,conditional_v8_fixed_policy_feasible,101,101,172,1.6393293224469985,38.688824443704746,0.6713607648391644,2.385520812335714,5.158221650723041e+20
Q0_0p45,0.45,1.0,1.0,5.308844442309901e+20,8192,power,conditional_v8_fixed_policy_feasible,101,101,172,1.6607398133429734,39.33604964613799,0.6713607648391644,2.382038751049805,5.308844442309902e+20
Q0_0p45,0.45,1.0,1.0,5.463865498818551e+20,8192,power,conditional_v8_fixed_policy_feasible,101,101,172,1.6824549045462212,39.99316375130404,0.6713607648391644,2.378572197673057,5.4638654988185515e+20
Q0_0p45,0.45,1.0,1.0,5.6234132519034906e+20,8192,power,conditional_v8_fixed_policy_feasible,101,101,172,1.7044791179607028,40.66030640573974,0.6713607648391644,2.3751210586754072,5.6234132519034906e+20
Q0_0p45,0.45,1.0,1.0,5.787619883491197e+20,8192,power,conditional_v8_fixed_policy_feasible,101,101,172,1.7268170445755122,41.337619137009455,0.6713607648391644,2.371685241286636,5.787619883491197e+20
Q0_0p45,0.45,1.0,1.0,5.956621435290085e+20,8192,power,conditional_v8_fixed_policy_feasible,101,101,172,1.7494733455604101,42.025245378255086,0.6713607648391644,2.368264653488932,5.956621435290085e+20
Q0_0p45,0.45,1.0,1.0,6.130557921498227e+20,8192,power,conditional_v8_fixed_policy_feasible,101,101,172,1.7724527533796262,42.723330493032435,0.6713607648391644,2.3648592040095258,6.130557921498227e+20
Q0_0p45,0.45,1.0,1.0,6.309573444801943e+20,8192,power,conditional_v8_fixed_policy_feasible,101,101,172,1.7957600729241672,43.43202180043641,0.6713607648391644,2.361468802313387,6.309573444801943e+20
Q0_0p45,0.45,1.0,1.0,6.493816315762113e+20,8192,power,conditional_v8_fixed_policy_feasible,101,101,172,1.8194001826630921,44.151468600519664,0.6713607648391644,2.358093358595976,6.493816315762115e+20
Q0_0p45,0.45,1.0,1.0,6.683439175686135e+20,8192,power,conditional_v8_fixed_policy_feasible,101,101,172,1.8433780358139291,44.88182220000375,0.6713607648391644,2.354732783776063,6.683439175686137e+20
Q0_0p45,0.45,1.0,1.0,6.878599123088053e+20,8192,power,conditional_v8_fixed_policy_feasible,101,101,172,1.8676986615326756,45.623235938288175,0.6713607648391644,2.3513869894886166,6.878599123088055e+20
Q0_0p45,0.45,1.0,1.0,7.079457843841402e+20,8192,power,conditional_v8_fixed_policy_feasible,101,101,172,1.8923671661236954,46.37586521375875,0.6713607648391644,2.348055888077744,7.079457843841402e+20
Q0_0p45,0.45,1.0,1.0,7.28618174513229e+20,8192,power,conditional_v8_fixed_policy_feasible,101,101,172,1.9173887342698144,47.13986751039696,0.6713607648391644,2.344739392589701,7.28618174513229e+20
Q0_0p45,0.45,1.0,1.0,7.498942093324558e+20,8192,power,conditional_v8_fixed_policy_feasible,101,101,172,1.9427686302830887,47.915402424695856,0.6713607648391644,2.341437416765957,7.498942093324558e+20
Q0_0p45,0.45,1.0,1.0,7.717915155850111e+20,8192,power,conditional_v8_fixed_policy_feasible,101,101,172,1.9685121993764534,48.70263169288103,0.6713607648391644,2.3381498750363283,7.717915155850113e+20
Q0_0p45,0.45,1.0,1.0,7.943282347242789e+20,8192,power,conditional_v8_fixed_policy_feasible,101,101,172,1.9946248689567347,49.50171921844217,0.6713607648391644,2.3348766825121676,7.943282347242789e+20
Q0_0p45,0.45,1.0,1.0,8.175230379436527e+20,8192,power,conditional_v8_fixed_policy_feasible,101,101,172,2.0211121499393574,50.312831099977075,0.6713607648391644,2.3316177549796215,8.175230379436527e+20
Q0_0p45,0.45,1.0,1.0,8.413951416451965e+20,8192,power,conditional_v8_fixed_policy_feasible,101,101,172,2.0479796380850877,51.13613565934946,0.6713607648391644,2.3283730088929406,8.413951416451966e+20
Q0_0p45,0.45,1.0,1.0,8.659643233600653e+20,8192,power,conditional_v8_fixed_policy_feasible,101,101,172,2.075233015359336,51.971803470166236,0.6713607648391644,2.3251423613678552,8.659643233600653e+20
Q0_0p45,0.45,1.0,1.0,8.91250938133744e+20,8192,power,conditional_v8_fixed_policy_feasible,101,101,172,2.1028780513142253,52.82000738657315,0.6713607648391644,2.321925730175011,8.91250938133744e+20
Q0_0p45,0.45,1.0,1.0,9.172759353897766e+20,8192,power,conditional_v8_fixed_policy_feasible,101,101,172,2.130920604493985,53.68092257237387,0.6713607648391644,2.3187230337334643,9.172759353897767e+20
Q0_0p45,0.45,1.0,1.0,9.440608762859264e+20,8192,power,conditional_v8_fixed_policy_feasible,101,101,172,2.1593666238639937,54.55472653047508,0.6713607648391644,2.3155341911042386,9.440608762859264e+20
Q0_0p45,0.45,1.0,1.0,9.716279515771078e+20,8192,power,conditional_v8_fixed_policy_feasible,101,101,172,2.1882221502639063,55.4415991326579,0.6713607648391644,2.3123591219839392,9.716279515771078e+20
Q0_0p45,0.45,1.0,1.0,1e+21,8192,power,conditional_v8_fixed_policy_feasible,101,101,172,2.217493317885356,56.341722649682985,0.6713607648391644,2.3091977466984273,1.0000000000000001e+21
Q0_0p55,0.55,1.0,1.0,1e+19,8192,power,conditional_v8_fixed_policy_feasible,82,23,477,0.10625550763965697,10.000000000000002,0.5995154272811548,3.1493572516721278,1.0000000000000002e+19
Q0_0p55,0.55,1.0,1.0,1.0292005271944266e+19,8192,power,conditional_v8_fixed_policy_feasible,82,24,477,0.11007836677173001,10.0,0.5995154272811548,3.139932652082082,1.0292005271944266e+19
Q0_0p55,0.55,1.0,1.0,1.0592537251772854e+19,8192,power,conditional_v8_fixed_policy_feasible,82,25,477,0.11401285540584956,10.0,0.5995154272811548,3.130670419609389,1.0592537251772854e+19
Q0_0p55,0.55,1.0,1.0,1.0901844923851313e+19,8192,power,conditional_v8_fixed_policy_feasible,82,27,477,0.11806223318232707,10.0,0.5995154272811548,3.1215649979931004,1.0901844923851313e+19
Q0_0p55,0.55,1.0,1.0,1.1220184543019653e+19,8192,power,conditional_v8_fixed_policy_feasible,82,29,477,0.12222985492468595,10.0,0.5995154272811548,3.1126111256870774,1.1220184543019653e+19
Q0_0p55,0.55,1.0,1.0,1.1547819846894582e+19,8192,power,conditional_v8_fixed_policy_feasible,82,30,477,0.12651917341906865,10.0,0.5995154272811548,3.1038038156140764,1.1547819846894582e+19
Q0_0p55,0.55,1.0,1.0,1.1885022274370165e+19,8192,power,conditional_v8_fixed_policy_feasible,82,31,477,0.13093374227479213,10.000000000000002,0.5995154272811548,3.095138336603001,1.1885022274370165e+19
Q0_0p55,0.55,1.0,1.0,1.2232071190499275e+19,8192,power,conditional_v8_fixed_policy_feasible,82,34,477,0.13547721886843883,10.0,0.5995154272811548,3.0866101963454255,1.2232071190499273e+19
Q0_0p55,0.55,1.0,1.0,1.2589254117941713e+19,8192,power,conditional_v8_fixed_policy_feasible,82,35,477,0.14015336737391695,10.0,0.5995154272811548,3.0782151257257753,1.2589254117941715e+19
Q0_0p55,0.55,1.0,1.0,1.2956866975170216e+19,8192,power,conditional_v8_fixed_policy_feasible,82,35,477,0.1449660618809931,10.0,0.5995154272811548,3.0699490643954856,1.2956866975170218e+19
Q0_0p55,0.55,1.0,1.0,1.3335214321633241e+19,8192,power,conditional_v8_fixed_policy_feasible,82,39,477,0.14991928960490156,10.0,0.5995154272811548,3.061808147475424,1.3335214321633241e+19
Q0_0p55,0.55,1.0,1.0,1.3724609610075597e+19,8192,power,conditional_v8_fixed_policy_feasible,82,40,477,0.15501715418966217,10.0,0.5995154272811548,3.05378869328323,1.3724609610075597e+19
Q0_0p55,0.55,1.0,1.0,1.4125375446227497e+19,8192,power,conditional_v8_fixed_policy_feasible,82,41,477,0.16026387910786363,10.0,0.5995154272811548,3.0458871919929766,1.4125375446227497e+19
Q0_0p55,0.55,1.0,1.0,1.4537843856076667e+19,8192,power,conditional_v8_fixed_policy_feasible,82,42,477,0.16566381115972226,10.0,0.5995154272811548,3.0381002951441847,1.4537843856076667e+19
Q0_0p55,0.55,1.0,1.0,1.496235656094436e+19,8192,power,conditional_v8_fixed_policy_feasible,82,43,172,0.12280065608236396,10.0,0.6713607648391644,3.027642015620451,1.4962356560944357e+19
Q0_0p55,0.55,1.0,1.0,1.539926526059492e+19,8192,power,conditional_v8_fixed_policy_feasible,82,44,172,0.12852055422399783,10.0,0.6713607648391644,3.016418317492172,1.5399265260594917e+19
Q0_0p55,0.55,1.0,1.0,1.5848931924611109e+19,8192,power,conditional_v8_fixed_policy_feasible,82,45,172,0.13440747640686582,10.0,0.6713607648391644,3.0055322872452406,1.5848931924611109e+19
Q0_0p55,0.55,1.0,1.0,1.631172909227833e+19,8192,power,conditional_v8_fixed_policy_feasible,82,45,172,0.14046629982102612,10.0,0.6713607648391644,2.994963636535552,1.631172909227833e+19
Q0_0p55,0.55,1.0,1.0,1.6788040181225658e+19,8192,power,conditional_v8_fixed_policy_feasible,82,46,172,0.14670204407305967,10.0,0.6713607648391644,2.9846938390986377,1.678804018122566e+19
Q0_0p55,0.55,1.0,1.0,1.7278259805078663e+19,8192,power,conditional_v8_fixed_policy_feasible,82,47,172,0.15311987534470037,10.000000000000002,0.6713607648391644,2.9747059360321146,1.7278259805078663e+19
Q0_0p55,0.55,1.0,1.0,1.7782794100389229e+19,8192,power,conditional_v8_fixed_policy_feasible,82,47,172,0.15972511067291786,10.0,0.6713607648391644,2.9649843669563865,1.7782794100389229e+19
Q0_0p55,0.55,1.0,1.0,1.8302061063110531e+19,8192,power,conditional_v8_fixed_policy_feasible,82,47,172,0.16652322235496259,10.0,0.6713607648391644,2.9555148230626136,1.830206106311053e+19
Q0_0p55,0.55,1.0,1.0,1.8836490894897943e+19,8192,power,conditional_v8_fixed_policy_feasible,82,48,172,0.17351984248204955,10.000000000000002,0.6713607648391644,2.9462841187533293,1.8836490894897943e+19
Q0_0p55,0.55,1.0,1.0,1.9386526359522136e+19,8192,power,conditional_v8_fixed_policy_feasible,82,48,172,0.1807207676054287,10.0,0.6713607648391644,2.9372800791425453,1.9386526359522136e+19
Q0_0p55,0.55,1.0,1.0,1.9952623149688828e+19,8192,power,conditional_v8_fixed_policy_feasible,82,50,172,0.18813196353869605,10.0,0.6713607648391644,2.928491441137351,1.9952623149688828e+19
Q0_0p55,0.55,1.0,1.0,2.053525026457146e+19,8192,power,conditional_v8_fixed_policy_feasible,82,50,172,0.19575957030035598,10.0,0.6713607648391644,2.919907766193771,2.053525026457146e+19
Q0_0p55,0.55,1.0,1.0,2.1134890398366433e+19,8192,power,conditional_v8_fixed_policy_feasible,82,50,172,0.20360990720068817,10.0,0.6713607648391644,2.911519363143489,2.1134890398366433e+19
Q0_0p55,0.55,1.0,1.0,2.1752040340195156e+19,8192,power,conditional_v8_fixed_policy_feasible,82,51,172,0.2116894780771639,10.0,0.6713607648391644,2.9033172197377737,2.1752040340195156e+19
Q0_0p55,0.55,1.0,1.0,2.238721138568347e+19,8192,power,conditional_v8_fixed_policy_feasible,82,53,172,0.22000497668273983,10.0,0.6713607648391644,2.8952929417615625,2.238721138568347e+19
Q0_0p55,0.55,1.0,1.0,2.3040929760558494e+19,8192,power,conditional_v8_fixed_policy_feasible,82,53,172,0.22856329223148075,10.0,0.6713607648391644,2.887438698742029,2.3040929760558494e+19
Q0_0p55,0.55,1.0,1.0,2.3713737056616554e+19,8192,power,conditional_v8_fixed_policy_feasible,82,53,172,0.23737151510614113,10.000000000000002,0.6713607648391644,2.87974717541881,2.3713737056616554e+19
Q0_0p55,0.55,1.0,1.0,2.4406190680419762e+19,8192,power,conditional_v8_fixed_policy_feasible,82,53,172,0.2464369427323876,10.0,0.6713607648391644,2.872211528262682,2.4406190680419762e+19
Q0_0p55,0.55,1.0,1.0,2.511886431509572e+19,8192,power,conditional_v8_fixed_policy_feasible,82,55,172,0.2557670856245634,10.0,0.6713607648391644,2.864825346429803,2.511886431509572e+19
Q0_0p55,0.55,1.0,1.0,2.585234839562199e+19,8192,power,conditional_v8_fixed_policy_feasible,82,55,172,0.2653696736079928,10.0,0.6713607648391644,2.8575826166233065,2.585234839562199e+19
Q0_0p55,0.55,1.0,1.0,2.660725059798814e+19,8192,power,conditional_v8_fixed_policy_feasible,82,55,172,0.27525266222296646,10.0,0.6713607648391644,2.850477691405633,2.660725059798814e+19
Q0_0p55,0.55,1.0,1.0,2.7384196342643614e+19,8192,power,conditional_v8_fixed_policy_feasible,82,57,172,0.2854242393157539,10.0,0.6713607648391644,2.8435052605656814,2.7384196342643614e+19
Q0_0p55,0.55,1.0,1.0,2.8183829312644493e+19,8192,power,conditional_v8_fixed_policy_feasible,82,57,172,0.29589283182204945,10.0,0.6713607648391644,2.8366603251966724,2.8183829312644497e+19
Q0_0p55,0.55,1.0,1.0,2.900681198693144e+19,8192,power,conditional_v8_fixed_policy_feasible,82,59,172,0.30666711274851244,10.0,0.6713607648391644,2.8299381741847043,2.9006811986931446e+19
Q0_0p55,0.55,1.0,1.0,2.9853826189179695e+19,8192,power,conditional_v8_fixed_policy_feasible,82,60,172,0.31775600835817225,10.0,0.6713607648391644,2.8233343628458734,2.9853826189179695e+19
Q0_0p55,0.55,1.0,1.0,3.072557365267452e+19,8192,power,conditional_v8_fixed_policy_feasible,82,60,172,0.32916870556563477,10.0,0.6713607648391644,2.816844693482305,3.0725573652674515e+19
Q0_0p55,0.55,1.0,1.0,3.162277660168379e+19,8192,power,conditional_v8_fixed_policy_feasible,82,63,172,0.34091465954826566,10.0,0.6713607648391644,2.8104651976554345,3.162277660168379e+19
Q0_0p55,0.55,1.0,1.0,3.2546178349804536e+19,8192,power,conditional_v8_fixed_policy_feasible,82,63,172,0.35300360157959076,10.0,0.6713607648391644,2.8041921199990663,3.254617834980453e+19
Q0_0p55,0.55,1.0,1.0,3.3496543915782656e+19,8192,power,conditional_v8_fixed_policy_feasible,82,64,172,0.3654455470914535,10.0,0.6713607648391644,2.7980219034156644,3.3496543915782656e+19
Q0_0p55,0.55,1.0,1.0,3.447466065731505e+19,8192,power,conditional_v8_fixed_policy_feasible,82,68,172,0.37825080397159067,10.0,0.6713607648391644,2.7919511755174837,3.447466065731505e+19
Q0_0p55,0.55,1.0,1.0,3.5481338923357606e+19,8192,power,conditional_v8_fixed_policy_feasible,82,70,172,0.39142998110348415,10.0,0.6713607648391644,2.785976736189984,3.54813389233576e+19
Q0_0p55,0.55,1.0,1.0,3.651741272548377e+19,8192,power,conditional_v8_fixed_policy_feasible,82,70,172,0.40499399715561774,10.0,0.6713607648391644,2.780095546168714,3.6517412725483774e+19
Q0_0p55,0.55,1.0,1.0,3.758374042884435e+19,8192,power,conditional_v8_fixed_policy_feasible,82,70,172,0.41895408962734704,10.0,0.6713607648391644,2.7743047165329595,3.758374042884434e+19
Q0_0p55,0.55,1.0,1.0,3.868120546330509e+19,8192,power,conditional_v8_fixed_policy_feasible,82,73,172,0.4333218241589341,10.0,0.6713607648391644,2.7686014990299337,3.8681205463305085e+19
Q0_0p55,0.55,1.0,1.0,3.981071705534986e+19,8192,power,conditional_v8_fixed_policy_feasible,82,80,172,0.44810910411343724,10.0,0.6713607648391644,2.762983277152607,3.981071705534986e+19
Q0_0p55,0.55,1.0,1.0,4.097321098135422e+19,8192,power,conditional_v8_fixed_policy_feasible,82,82,172,0.4633281804383791,10.0,0.6713607648391644,2.7574475579023874,4.097321098135422e+19
Q0_0p55,0.55,1.0,1.0,4.216965034285823e+19,8192,power,conditional_v8_fixed_policy_feasible,82,82,172,0.4789916618154215,10.0,0.6713607648391644,2.751991964175045,4.216965034285823e+19
Q0_0p55,0.55,1.0,1.0,4.340102636447431e+19,8192,power,conditional_v8_fixed_policy_feasible,82,82,172,0.49511252510637366,10.0,0.6713607648391644,2.7466142277146295,4.340102636447431e+19
Q0_0p55,0.55,1.0,1.0,4.466835921509617e+19,8192,power,conditional_v8_fixed_policy_feasible,82,82,172,0.5117041261042509,10.0,0.6713607648391644,2.741312182585719,4.466835921509617e+19
Q0_0p55,0.55,1.0,1.0,4.597269885308737e+19,8192,power,conditional_v8_fixed_policy_feasible,82,82,172,0.5287802105982706,10.0,0.6713607648391644,2.736083759119308,4.597269885308737e+19
Q0_0p55,0.55,1.0,1.0,4.731512589614812e+19,8192,power,conditional_v8_fixed_policy_feasible,82,82,172,0.5463549257619272,10.0,0.6713607648391644,2.7309269782920693,4.7315125896148115e+19
Q0_0p55,0.55,1.0,1.0,4.869675251658631e+19,8192,power,conditional_v8_fixed_policy_feasible,82,82,172,0.5644428318736547,10.0,0.6713607648391644,2.7258399465026075,4.869675251658631e+19
Q0_0p55,0.55,1.0,1.0,5.011872336272715e+19,8192,power,conditional_v8_fixed_policy_feasible,82,82,172,0.5742434671455376,10.136182457519919,0.6713607648391644,2.720809130929164,5.011872336272715e+19
Q0_0p55,0.55,1.0,1.0,5.15822165072304e+19,8192,power,conditional_v8_fixed_policy_feasible,82,82,172,0.5811840492274766,10.321498015033152,0.6713607648391644,2.7158044889511936,5.15822165072304e+19
Q0_0p55,0.55,1.0,1.0,5.308844442309901e+19,8192,power,conditional_v8_fixed_policy_feasible,82,82,172,0.588218943345457,10.509885413368648,0.6713607648391644,2.710824471403295,5.3088444423099e+19
Q0_0p55,0.55,1.0,1.0,5.463865498818551e+19,8192,power,conditional_v8_fixed_policy_feasible,82,82,172,0.5953495073698127,10.701390590092858,0.6713607648391644,2.705868913302215,5.46386549881855e+19
Q0_0p55,0.55,1.0,1.0,5.6234132519034905e+19,8192,power,conditional_v8_fixed_policy_feasible,82,82,172,0.6025771191602413,10.896060118777026,0.6713607648391644,2.7009376510722096,5.6234132519034905e+19
Q0_0p55,0.55,1.0,1.0,5.787619883491197e+19,8192,power,conditional_v8_fixed_policy_feasible,82,82,172,0.6099031768654898,11.093941217772038,0.6713607648391644,2.696030522532652,5.787619883491197e+19
Q0_0p55,0.55,1.0,1.0,5.956621435290085e+19,8192,power,conditional_v8_fixed_policy_feasible,82,82,172,0.6173290992277383,11.29508175910758,0.6713607648391644,2.691147366885701,5.956621435290084e+19
Q0_0p55,0.55,1.0,1.0,6.1305579214982275e+19,8192,power,conditional_v8_fixed_policy_feasible,82,82,172,0.6248563258917426,11.499530277516826,0.6713607648391644,2.6862880247040533,6.130557921498227e+19
Q0_0p55,0.55,1.0,1.0,6.309573444801943e+19,8192,power,conditional_v8_fixed_policy_feasible,82,82,172,0.6324863177188118,11.707335979587725,0.6713607648391644,2.6814523379187882,6.309573444801942e+19
Q0_0p55,0.55,1.0,1.0,6.493816315762113e+19,8192,power,conditional_v8_fixed_policy_feasible,82,82,172,0.6402205571057252,11.918548753043405,0.6713607648391644,2.6766401498072723,6.493816315762113e+19
Q0_0p55,0.55,1.0,1.0,6.683439175686135e+19,8192,power,conditional_v8_fixed_policy_feasible,82,82,172,0.6480605483086334,12.133219176151789,0.6713607648391644,2.671851304981159,6.683439175686134e+19
Q0_0p55,0.55,1.0,1.0,6.878599123088054e+19,8192,power,conditional_v8_fixed_policy_feasible,82,82,172,0.656007817772056,12.351398527266952,0.6713607648391644,2.667085649374466,6.878599123088054e+19
Q0_0p55,0.55,1.0,1.0,7.0794578438414025e+19,8192,power,conditional_v8_fixed_policy_feasible,82,82,172,0.6640639144630524,12.573138794503292,0.6713607648391644,2.6623430302317206,7.079457843841402e+19
Q0_0p55,0.55,1.0,1.0,7.286181745132289e+19,8192,power,conditional_v8_fixed_policy_feasible,82,82,172,0.6722304102106345,12.798492685543838,0.6713607648391644,2.657623296096206,7.286181745132288e+19
Q0_0p55,0.55,1.0,1.0,7.498942093324558e+19,8192,power,conditional_v8_fixed_policy_feasible,82,82,172,0.6805089000505501,13.027513637584999,0.6713607648391644,2.65292629679826,7.498942093324558e+19
Q0_0p55,0.55,1.0,1.0,7.717915155850112e+19,8192,power,conditional_v8_fixed_policy_feasible,82,82,172,0.6889010025754757,13.26025582741812,0.6713607648391644,2.6482518834436735,7.717915155850112e+19
Q0_0p55,0.55,1.0,1.0,7.94328234724279e+19,8192,power,conditional_v8_fixed_policy_feasible,82,82,172,0.6974083602907437,13.496774181650286,0.6713607648391644,2.6435999084021566,7.943282347242788e+19
Q0_0p55,0.55,1.0,1.0,8.175230379436527e+19,8192,power,conditional_v8_fixed_policy_feasible,82,82,172,0.7060326399756873,13.737124387065576,0.6713607648391644,2.6389702252958873,8.175230379436527e+19
Q0_0p55,0.55,1.0,1.0,8.413951416451965e+19,8192,power,conditional_v8_fixed_policy_feasible,82,82,172,0.7147755330506808,13.981362901128026,0.6713607648391644,2.634362688988142,8.413951416451965e+19
Q0_0p55,0.55,1.0,1.0,8.659643233600653e+19,8192,power,conditional_v8_fixed_policy_feasible,82,82,172,0.7236387559500094,14.229546962628822,0.6713607648391644,2.629777155571991,8.659643233600653e+19
Q0_0p55,0.55,1.0,1.0,8.91250938133744e+19,8192,power,conditional_v8_fixed_policy_feasible,82,82,172,0.7326240505006166,14.481734602477978,0.6713607648391644,2.625213482359087,8.91250938133744e+19
Q0_0p55,0.55,1.0,1.0,9.172759353897766e+19,8192,power,conditional_v8_fixed_policy_feasible,82,82,172,0.7417331843068624,14.737984654643071,0.6713607648391644,2.6206715278685215,9.172759353897766e+19
Q0_0p55,0.55,1.0,1.0,9.440608762859264e+19,8192,power,conditional_v8_fixed_policy_feasible,82,82,172,0.7509679511413818,14.998356767236292,0.6713607648391644,2.6161511518157647,9.440608762859264e+19
Q0_0p55,0.55,1.0,1.0,9.716279515771078e+19,8192,power,conditional_v8_fixed_policy_feasible,82,82,172,0.760330171342132,15.262911413751059,0.6713607648391644,2.611652215101681,9.716279515771078e+19
Q0_0p55,0.55,1.0,1.0,1e+20,8192,power,conditional_v8_fixed_policy_feasible,82,82,172,0.76982169221577,15.531709904450894,0.6713607648391644,2.6071745798016184,1e+20
Q0_0p55,0.55,1.0,1.0,1.0292005271944264e+20,8192,power,conditional_v8_fixed_policy_feasible,82,82,172,0.779444388447418,15.804814397910672,0.6713607648391644,2.602718109154577,1.0292005271944264e+20
Q0_0p55,0.55,1.0,1.0,1.0592537251772853e+20,8192,power,conditional_v8_fixed_policy_feasible,82,82,172,0.7892001625169539,16.08228791271312,0.6713607648391644,2.5982826675524593,1.0592537251772853e+20
Q0_0p55,0.55,1.0,1.0,1.0901844923851312e+20,8192,power,conditional_v8_fixed_policy_feasible,82,82,172,0.7990909451219328,16.36419433930167,0.6713607648391644,2.5938681205293896,1.0901844923851312e+20
Q0_0p55,0.55,1.0,1.0,1.1220184543019654e+20,8192,power,conditional_v8_fixed_policy_feasible,82,82,172,0.8091186956072309,16.650598451991033,0.6713607648391644,2.58947433475112,1.1220184543019652e+20
Q0_0p55,0.55,1.0,1.0,1.1547819846894582e+20,8192,power,conditional_v8_fixed_policy_feasible,82,82,172,0.8192854024015697,16.941565921138338,0.6713607648391644,2.585101178004499,1.1547819846894582e+20
Q0_0p55,0.55,1.0,1.0,1.1885022274370165e+20,8192,power,conditional_v8_fixed_policy_feasible,82,82,172,0.8295930834609707,17.237163325474967,0.6713607648391644,2.580748519187026,1.1885022274370165e+20
Q0_0p55,0.55,1.0,1.0,1.2232071190499276e+20,8192,power,conditional_v8_fixed_policy_feasible,82,82,172,0.8400437867193155,17.537458164601812,0.6713607648391644,2.5764162282964866,1.2232071190499276e+20
Q0_0p55,0.55,1.0,1.0,1.2589254117941713e+20,8192,power,conditional_v8_fixed_policy_feasible,82,82,172,0.850639590546097,17.842518871649556,0.6713607648391644,2.5721041764206496,1.2589254117941713e+20
Q0_0p55,0.55,1.0,1.0,1.2956866975170216e+20,8192,power,conditional_v8_fixed_policy_feasible,82,82,172,0.8613826042114852,18.152414826104906,0.6713607648391644,2.5678122357270574,1.2956866975170216e+20
Q0_0p55,0.55,1.0,1.0,1.333521432163324e+20,8192,power,conditional_v8_fixed_policy_feasible,82,82,172,0.8722749683588605,18.467216366806174,0.6713607648391644,2.563540279452872,1.333521432163324e+20
Q0_0p55,0.55,1.0,1.0,1.3724609610075598e+20,8192,power,conditional_v8_fixed_policy_feasible,82,82,172,0.8833188554848889,18.786994805107938,0.6713607648391644,2.5592881818948188,1.3724609610075596e+20
Q0_0p55,0.55,1.0,1.0,1.4125375446227496e+20,8192,power,conditional_v8_fixed_policy_feasible,82,82,172,0.8945164704273062,19.11182243821804,0.6713607648391644,2.555055818399186,1.4125375446227495e+20
Q0_0p55,0.55,1.0,1.0,1.4537843856076666e+20,8192,power,conditional_v8_fixed_policy_feasible,82,82,172,0.9058700508605343,19.441772562708042,0.6713607648391644,2.5508430653519145,1.4537843856076664e+20
Q0_0p55,0.55,1.0,1.0,1.496235656094436e+20,8192,power,conditional_v8_fixed_policy_feasible,82,82,172,0.9173818677992275,19.776919488198782,0.6713607648391644,2.546649800168757,1.496235656094436e+20
Q0_0p55,0.55,1.0,1.0,1.539926526059492e+20,8192,power,conditional_v8_fixed_policy_feasible,82,82,172,0.9290542261099514,20.117338551223902,0.6713607648391644,2.5424759012855067,1.539926526059492e+20
Q0_0p55,0.55,1.0,1.0,1.5848931924611108e+20,8192,power,conditional_v8_fixed_policy_feasible,82,82,172,0.9408894650310508,20.463106129271537,0.6713607648391644,2.5383212481483115,1.5848931924611108e+20
Q0_0p55,0.55,1.0,1.0,1.631172909227833e+20,8192,power,conditional_v8_fixed_policy_feasible,82,82,172,0.9528899587009035,20.814299655007236,0.6713607648391644,2.5341857212040564,1.6311729092278328e+20
Q0_0p55,0.55,1.0,1.0,1.678804018122566e+20,8192,power,conditional_v8_fixed_policy_feasible,82,82,172,0.9650581166946767,21.170997630679636,0.6713607648391644,2.5300692018908215,1.678804018122566e+20
Q0_0p55,0.55,1.0,1.0,1.7278259805078664e+20,8192,power,conditional_v8_fixed_policy_feasible,82,82,172,0.9773963845697156,21.533279642710184,0.6713607648391644,2.5259715726284195,1.7278259805078664e+20
Q0_0p55,0.55,1.0,1.0,1.778279410038923e+20,8192,power,conditional_v8_fixed_policy_feasible,82,82,172,0.9899072444197681,21.901226376470184,0.6713607648391644,2.5218927168089946,1.7782794100389226e+20
Q0_0p55,0.55,1.0,1.0,1.830206106311053e+20,8192,power,conditional_v8_fixed_policy_feasible,82,82,172,1.0025932154381119,22.2749196312453,0.6713607648391644,2.5178325187877126,1.830206106311053e+20
Q0_0p55,0.55,1.0,1.0,1.8836490894897945e+20,8192,power,conditional_v8_fixed_policy_feasible,82,82,172,1.0154568544897988,22.654442335390655,0.6713607648391644,2.5137908638735125,1.8836490894897945e+20
Q0_0p55,0.55,1.0,1.0,1.9386526359522135e+20,8192,power,conditional_v8_fixed_policy_feasible,82,82,172,1.0285007566931446,23.039878561678186,0.6713607648391644,2.509767638319935,1.9386526359522135e+20
Q0_0p55,0.55,1.0,1.0,1.995262314968883e+20,8192,power,conditional_v8_fixed_policy_feasible,82,82,172,1.0417275560106067,23.431313542837497,0.6713607648391644,2.5057627293160323,1.995262314968883e+20
Q0_0p55,0.55,1.0,1.0,2.053525026457146e+20,8192,power,conditional_v8_fixed_policy_feasible,82,82,172,1.0551399258492664,23.82883368729377,0.6713607648391644,2.5017760249773358,2.053525026457146e+20
Q0_0p55,0.55,1.0,1.0,2.1134890398366433e+20,8192,power,conditional_v8_fixed_policy_feasible,82,82,172,1.068740579670993,24.232526595102737,0.6713607648391644,2.497807414336912,2.1134890398366433e+20
Q0_0p55,0.55,1.0,1.0,2.1752040340195154e+20,8192,power,conditional_v8_fixed_policy_feasible,82,82,172,1.0825322716125205,24.642481074086145,0.6713607648391644,2.493856787336484,2.1752040340195154e+20
Q0_0p55,0.55,1.0,1.0,2.238721138568347e+20,8192,power,conditional_v8_fixed_policy_feasible,82,82,172,1.0965177971155884,25.05878715616911,0.6713607648391644,2.4899240348176277,2.238721138568347e+20
Q0_0p55,0.55,1.0,1.0,2.3040929760558495e+20,8192,power,conditional_v8_fixed_policy_feasible,82,82,172,1.1106999935672799,25.48153611392109,0.6713607648391644,2.486009048513042,2.3040929760558495e+20
Q0_0p55,0.55,1.0,1.0,2.3713737056616553e+20,8192,power,conditional_v8_fixed_policy_feasible,82,82,172,1.1250817409508118,25.91082047730397,0.6713607648391644,2.482111721037888,2.371373705661655e+20
Q0_0p55,0.55,1.0,1.0,2.4406190680419762e+20,8192,power,conditional_v8_fixed_policy_feasible,82,82,172,1.1396659625068597,26.34673405062711,0.6713607648391644,2.4782319458812023,2.4406190680419762e+20
Q0_0p55,0.55,1.0,1.0,2.5118864315095718e+20,8192,power,conditional_v8_fixed_policy_feasible,82,82,172,1.154455625405662,26.78937192971314,0.6713607648391644,2.474369617397387,2.5118864315095718e+20
Q0_0p55,0.55,1.0,1.0,2.585234839562199e+20,8192,power,conditional_v8_fixed_policy_feasible,82,82,172,1.1694537414300645,27.238830519276085,0.6713607648391644,2.470524630797761,2.5852348395621994e+20
Q0_0p55,0.55,1.0,1.0,2.660725059798814e+20,8192,power,conditional_v8_fixed_policy_feasible,82,82,172,1.1846633676696736,27.695207550513164,0.6713607648391644,2.4666968821422,2.6607250597988142e+20
Q0_0p55,0.55,1.0,1.0,2.7384196342643612e+20,8192,power,conditional_v8_fixed_policy_feasible,82,82,172,1.2000876072263669,28.158602098914365,0.6713607648391644,2.4628862683308252,2.7384196342643615e+20
Q0_0p55,0.55,1.0,1.0,2.818382931264449e+20,8192,power,conditional_v8_fixed_policy_feasible,82,82,172,1.215729609931272,28.629114602289373,0.6713607648391644,2.459092687095783,2.8183829312644494e+20
Q0_0p55,0.55,1.0,1.0,2.9006811986931443e+20,8192,power,conditional_v8_fixed_policy_feasible,82,82,172,1.2315925730734751,29.10684687901585,0.6713607648391644,2.455316036993088,2.9006811986931447e+20
Q0_0p55,0.55,1.0,1.0,2.9853826189179696e+20,8192,power,conditional_v8_fixed_policy_feasible,82,82,172,1.2476797421406263,29.591902146510865,0.6713607648391644,2.4515562173945344,2.9853826189179696e+20
Q0_0p55,0.55,1.0,1.0,3.072557365267452e+20,8192,power,conditional_v8_fixed_policy_feasible,82,82,172,1.2639944115716433,30.084385039926463,0.6713607648391644,2.447813128479685,3.072557365267452e+20
Q0_0p55,0.55,1.0,1.0,3.1622776601683794e+20,8192,power,conditional_v8_fixed_policy_feasible,82,82,172,1.2805399255217664,30.58440163107424,0.6713607648391644,2.4440866712279226,3.16227766016838e+20
Q0_0p55,0.55,1.0,1.0,3.254617834980453e+20,8192,power,conditional_v8_fixed_policy_feasible,82,82,172,1.2973196786400971,31.09205944757795,0.6713607648391644,2.440376747410575,3.254617834980454e+20
Q0_0p55,0.55,1.0,1.0,3.3496543915782655e+20,8192,power,conditional_v8_fixed_policy_feasible,82,82,172,1.3143371168599034,31.607467492258582,0.6713607648391644,2.436683259583114,3.3496543915782655e+20
Q0_0p55,0.55,1.0,1.0,3.4474660657315054e+20,8192,power,conditional_v8_fixed_policy_feasible,82,82,172,1.3315957382018744,32.130736262753686,0.6713607648391644,2.4330061110774146,3.447466065731506e+20
Q0_0p55,0.55,1.0,1.0,3.54813389233576e+20,8192,power,conditional_v8_fixed_policy_feasible,82,82,172,1.3490990935905443,32.661977771371916,0.6713607648391644,2.4293452059940974,3.548133892335761e+20
Q0_0p55,0.55,1.0,1.0,3.651741272548377e+20,8192,power,conditional_v8_fixed_policy_feasible,82,82,172,1.366850787684154,33.201305565188235,0.6713607648391644,2.4257004491949203,3.651741272548377e+20
Q0_0p55,0.55,1.0,1.0,3.7583740428844355e+20,8192,power,conditional_v8_fixed_policy_feasible,82,82,172,1.3848544797181213,33.74883474637791,0.6713607648391644,2.4220717462952597,3.758374042884436e+20
Q0_0p55,0.55,1.0,1.0,3.868120546330509e+20,8192,power,conditional_v8_fixed_policy_feasible,82,82,172,1.4031138843623792,34.304681992795174,0.6713607648391644,2.418459003656645,3.868120546330509e+20
Q0_0p55,0.55,1.0,1.0,3.9810717055349857e+20,8192,power,conditional_v8_fixed_policy_feasible,82,82,172,1.4216327725928513,34.86896557879689,0.6713607648391644,2.4148621283793714,3.9810717055349857e+20
Q0_0p55,0.55,1.0,1.0,4.0973210981354216e+20,8192,power,conditional_v8_fixed_policy_feasible,82,82,172,1.440414972577232,35.44180539631374,0.6713607648391644,2.411281028295173,4.0973210981354216e+20
Q0_0p55,0.55,1.0,1.0,4.216965034285823e+20,8192,power,conditional_v8_fixed_policy_feasible,82,82,172,1.4594643705754242,36.02332297617326,0.6713607648391644,2.407715611959969,4.216965034285823e+20
Q0_0p55,0.55,1.0,1.0,4.3401026364474314e+20,8192,power,conditional_v8_fixed_policy_feasible,82,82,172,1.4787849118547696,36.61364150967403,0.6713607648391644,2.4041657886466727,4.3401026364474314e+20
Q0_0p55,0.55,1.0,1.0,4.466835921509617e+20,8192,power,conditional_v8_fixed_policy_feasible,82,82,172,1.4983806016204209,37.21288587041561,0.6713607648391644,2.400631468338074,4.466835921509617e+20
Q0_0p55,0.55,1.0,1.0,4.5972698853087366e+20,8192,power,conditional_v8_fixed_policy_feasible,82,82,172,1.5182555059610694,37.82118263638622,0.6713607648391644,2.397112561719778,4.5972698853087366e+20
Q0_0p55,0.55,1.0,1.0,4.7315125896148124e+20,8192,power,conditional_v8_fixed_policy_feasible,82,82,172,1.5384137528102748,38.43866011230968,0.6713607648391644,2.393608980173225,4.7315125896148124e+20
Q0_0p55,0.55,1.0,1.0,4.8696752516586314e+20,8192,power,conditional_v8_fixed_policy_feasible,82,82,172,1.5588595329237656,39.065448352256084,0.6713607648391644,2.3901206357687617,4.8696752516586314e+20
Q0_0p55,0.55,1.0,1.0,5.0118723362727146e+20,8192,power,conditional_v8_fixed_policy_feasible,82,82,172,1.5795971008728376,39.701679182516294,0.6713607648391644,2.386647441258786,5.011872336272715e+20
Q0_0p55,0.55,1.0,1.0,5.15822165072304e+20,8192,power,conditional_v8_fixed_policy_feasible,82,82,172,1.6006307760542597,40.347486224744095,0.6713607648391644,2.383189310070957,5.158221650723041e+20
Q0_0p55,0.55,1.0,1.0,5.308844442309901e+20,8192,power,conditional_v8_fixed_policy_feasible,82,82,172,1.6219649437169008,41.00300491936883,0.6713607648391644,2.379746156301469,5.308844442309901e+20
Q0_0p55,0.55,1.0,1.0,5.463865498818551e+20,8192,power,conditional_v8_fixed_policy_feasible,82,82,172,1.6436040560053686,41.66837254927918,0.6713607648391644,2.3763178947083903,5.463865498818551e+20
Q0_0p55,0.55,1.0,1.0,5.6234132519034906e+20,8192,power,conditional_v8_fixed_policy_feasible,82,82,172,1.6655526330210313,42.343728263784,0.6713607648391644,2.372904440705066,5.623413251903491e+20
Q0_0p55,0.55,1.0,1.0,5.787619883491197e+20,8192,power,conditional_v8_fixed_policy_feasible,82,82,172,1.687815263900604,43.029213102848814,0.6713607648391644,2.3695057103535837,5.7876198834911976e+20
Q0_0p55,0.55,1.0,1.0,5.956621435290085e+20,8192,power,conditional_v8_fixed_policy_feasible,82,82,172,1.7103966079127026,43.72497002161323,0.6713607648391644,2.366121620358309,5.956621435290085e+20
Q0_0p55,0.55,1.0,1.0,6.130557921498227e+20,8192,power,conditional_v8_fixed_policy_feasible,82,82,172,1.7333013955726377,44.43114391519126,0.6713607648391644,2.3627520880594752,6.130557921498228e+20
Q0_0p55,0.55,1.0,1.0,6.309573444801943e+20,8192,power,conditional_v8_fixed_policy_feasible,82,82,172,1.7565344297757415,45.147881643755746,0.6713607648391644,2.3593970314268446,6.309573444801943e+20
Q0_0p55,0.55,1.0,1.0,6.493816315762113e+20,8192,power,conditional_v8_fixed_policy_feasible,82,82,172,1.7801005869496431,45.8753320579129,0.6713607648391644,2.3560563690534275,6.493816315762113e+20
Q0_0p55,0.55,1.0,1.0,6.683439175686135e+20,8192,power,conditional_v8_fixed_policy_feasible,82,82,172,1.804004818225697,46.61364602436516,0.6713607648391644,2.3527300201492634,6.683439175686135e+20
Q0_0p55,0.55,1.0,1.0,6.878599123088053e+20,8192,power,conditional_v8_fixed_policy_feasible,82,82,172,1.8282521506299894,47.36297645186837,0.6713607648391644,2.3494179045352666,6.878599123088055e+20
Q0_0p55,0.55,1.0,1.0,7.079457843841402e+20,8192,power,conditional_v8_fixed_policy_feasible,82,82,172,1.8528476882942364,48.12347831748484,0.6713607648391644,2.346119942637133,7.079457843841403e+20
Q0_0p55,0.55,1.0,1.0,7.28618174513229e+20,8192,power,conditional_v8_fixed_policy_feasible,82,82,172,1.877796613686894,48.89530869313361,0.6713607648391644,2.3428360554793093,7.28618174513229e+20
Q0_0p55,0.55,1.0,1.0,7.498942093324558e+20,8192,power,conditional_v8_fixed_policy_feasible,82,82,172,1.9031041888649158,49.67862677244436,0.6713607648391644,2.3395661646790153,7.498942093324558e+20
Q0_0p55,0.55,1.0,1.0,7.717915155850111e+20,8192,power,conditional_v8_fixed_policy_feasible,82,82,172,1.928775756746409,50.47359389791282,0.6713607648391644,2.336310192440339,7.717915155850111e+20
Q0_0p55,0.55,1.0,1.0,7.943282347242789e+20,8192,power,conditional_v8_fixed_policy_feasible,82,82,172,1.954816742404636,51.280373588363894,0.6713607648391644,2.33306806154838,7.943282347242789e+20
Q0_0p55,0.55,1.0,1.0,8.175230379436527e+20,8192,power,conditional_v8_fixed_policy_feasible,82,82,172,1.9812326543837147,52.09913156672414,0.6713607648391644,2.3298396953634617,8.175230379436528e+20
Q0_0p55,0.55,1.0,1.0,8.413951416451965e+20,8192,power,conditional_v8_fixed_policy_feasible,82,82,172,2.008029086036356,52.93003578810508,0.6713607648391644,2.3266250178153998,8.413951416451965e+20
Q0_0p55,0.55,1.0,1.0,8.659643233600653e+20,8192,power,conditional_v8_fixed_policy_feasible,82,82,172,2.0352117168841373,53.77325646820362,0.6713607648391644,2.3234239533978247,8.659643233600653e+20
Q0_0p55,0.55,1.0,1.0,8.91250938133744e+20,8192,power,conditional_v8_fixed_policy_feasible,82,82,172,2.0627863140005576,54.62896611201777,0.6713607648391644,2.3202364271625684,8.91250938133744e+20
Q0_0p55,0.55,1.0,1.0,9.172759353897766e+20,8192,power,conditional_v8_fixed_policy_feasible,82,82,172,2.0907587334173963,55.49733954288359,0.6713607648391644,2.3170623647141113,9.172759353897766e+20
Q0_0p55,0.55,1.0,1.0,9.440608762859264e+20,8192,power,conditional_v8_fixed_policy_feasible,82,82,172,2.119134921554731,56.37855393183547,0.6713607648391644,2.313901692204074,9.440608762859266e+20
Q0_0p55,0.55,1.0,1.0,9.716279515771078e+20,8192,power,conditional_v8_fixed_policy_feasible,82,82,172,2.147920916675017,57.27278882729079,0.6713607648391644,2.31075433632579,9.716279515771079e+20
Q0_0p55,0.55,1.0,1.0,1e+21,8192,power,conditional_v8_fixed_policy_feasible,82,82,172,2.17712285036174,58.18022618506594,0.6713607648391644,2.307620224308906,1e+21
Q0_0p60,0.6,1.0,1.0,1e+19,8192,power,conditional_v8_fixed_policy_feasible,73,22,475,0.1298752699095744,10.000000000000002,0.601834334386099,3.1304141617331314,1e+19
Q0_0p60,0.6,1.0,1.0,1.0292005271944266e+19,8192,power,conditional_v8_fixed_policy_feasible,73,25,172,0.08659328557283197,10.0,0.6713607648391644,3.119338412047948,1.0292005271944268e+19
Q0_0p60,0.6,1.0,1.0,1.0592537251772854e+19,8192,power,conditional_v8_fixed_policy_feasible,73,25,172,0.09052777420695152,10.0,0.6713607648391644,3.1071055632277864,1.0592537251772854e+19
Q0_0p60,0.6,1.0,1.0,1.0901844923851313e+19,8192,power,conditional_v8_fixed_policy_feasible,73,26,172,0.09457715198342904,10.0,0.6713607648391644,3.0952256386067467,1.0901844923851313e+19
Q0_0p60,0.6,1.0,1.0,1.1220184543019653e+19,8192,power,conditional_v8_fixed_policy_feasible,73,28,172,0.09874477372578791,10.0,0.6713607648391644,3.0836783264586,1.1220184543019653e+19
Q0_0p60,0.6,1.0,1.0,1.1547819846894582e+19,8192,power,conditional_v8_fixed_policy_feasible,73,30,172,0.10303409222017063,10.0,0.6713607648391644,3.0724450122396276,1.1547819846894582e+19
Q0_0p60,0.6,1.0,1.0,1.1885022274370165e+19,8192,power,conditional_v8_fixed_policy_feasible,73,31,172,0.10744866107589413,10.0,0.6713607648391644,3.061508597975598,1.1885022274370167e+19
Q0_0p60,0.6,1.0,1.0,1.2232071190499275e+19,8192,power,conditional_v8_fixed_policy_feasible,73,32,172,0.1119921376695408,10.0,0.6713607648391644,3.050853344783841,1.2232071190499275e+19
Q0_0p60,0.6,1.0,1.0,1.2589254117941713e+19,8192,power,conditional_v8_fixed_policy_feasible,73,33,172,0.11666828617501893,10.0,0.6713607648391644,3.0404647350885283,1.2589254117941715e+19
Q0_0p60,0.6,1.0,1.0,1.2956866975170216e+19,8192,power,conditional_v8_fixed_policy_feasible,73,34,172,0.12148098068209504,10.0,0.6713607648391644,3.0303293516671377,1.2956866975170216e+19
Q0_0p60,0.6,1.0,1.0,1.3335214321633241e+19,8192,power,conditional_v8_fixed_policy_feasible,73,34,172,0.1264342084060035,10.0,0.6713607648391644,3.0204347711373125,1.3335214321633241e+19
Q0_0p60,0.6,1.0,1.0,1.3724609610075597e+19,8192,power,conditional_v8_fixed_policy_feasible,73,35,172,0.13153207299076414,10.0,0.6713607648391644,3.010769469878396,1.3724609610075597e+19
Q0_0p60,0.6,1.0,1.0,1.4125375446227497e+19,8192,power,conditional_v8_fixed_policy_feasible,73,36,172,0.1367787979089656,10.0,0.6713607648391644,3.001322740697822,1.4125375446227497e+19
Q0_0p60,0.6,1.0,1.0,1.4537843856076667e+19,8192,power,conditional_v8_fixed_policy_feasible,73,36,172,0.14217872996082423,10.0,0.6713607648391644,2.9920846188131924,1.4537843856076667e+19
Q0_0p60,0.6,1.0,1.0,1.496235656094436e+19,8192,power,conditional_v8_fixed_policy_feasible,73,37,172,0.14773634287540963,10.0,0.6713607648391644,2.983045815936682,1.4962356560944357e+19
Q0_0p60,0.6,1.0,1.0,1.539926526059492e+19,8192,power,conditional_v8_fixed_policy_feasible,73,38,172,0.1534562410170435,10.0,0.6713607648391644,2.9741976614278762,1.539926526059492e+19
Q0_0p60,0.6,1.0,1.0,1.5848931924611109e+19,8192,power,conditional_v8_fixed_policy_feasible,73,38,172,0.1593431631999115,10.0,0.6713607648391644,2.9655320496311597,1.5848931924611109e+19
Q0_0p60,0.6,1.0,1.0,1.631172909227833e+19,8192,power,conditional_v8_fixed_policy_feasible,73,38,172,0.1654019866140718,10.0,0.6713607648391644,2.9570413926393293,1.631172909227833e+19
Q0_0p60,0.6,1.0,1.0,1.6788040181225658e+19,8192,power,conditional_v8_fixed_policy_feasible,73,39,172,0.17163773086610534,10.0,0.6713607648391644,2.948718577830909,1.6788040181225658e+19
Q0_0p60,0.6,1.0,1.0,1.7278259805078663e+19,8192,power,conditional_v8_fixed_policy_feasible,73,39,172,0.17805556213774604,10.000000000000002,0.6713607648391644,2.940556929617922,1.7278259805078663e+19
Q0_0p60,0.6,1.0,1.0,1.7782794100389229e+19,8192,power,conditional_v8_fixed_policy_feasible,73,41,172,0.1846607974659635,10.000000000000002,0.6713607648391644,2.932550174916481,1.7782794100389229e+19
Q0_0p60,0.6,1.0,1.0,1.8302061063110531e+19,8192,power,conditional_v8_fixed_policy_feasible,73,41,172,0.19145890914800825,10.0,0.6713607648391644,2.9246924119169115,1.8302061063110531e+19
Q0_0p60,0.6,1.0,1.0,1.8836490894897943e+19,8192,power,conditional_v8_fixed_policy_feasible,73,41,172,0.19845552927509524,10.0,0.6713607648391644,2.916978081784909,1.8836490894897947e+19
Q0_0p60,0.6,1.0,1.0,1.9386526359522136e+19,8192,power,conditional_v8_fixed_policy_feasible,73,41,172,0.20565645439847438,10.0,0.6713607648391644,2.9094019429721305,1.9386526359522136e+19
Q0_0p60,0.6,1.0,1.0,1.9952623149688828e+19,8192,power,conditional_v8_fixed_policy_feasible,73,43,172,0.2130676503317417,10.0,0.6713607648391644,2.9019590478548585,1.9952623149688828e+19
Q0_0p60,0.6,1.0,1.0,2.053525026457146e+19,8192,power,conditional_v8_fixed_policy_feasible,73,44,172,0.22069525709340163,10.000000000000002,0.6713607648391644,2.8946447214539277,2.053525026457146e+19
Q0_0p60,0.6,1.0,1.0,2.1134890398366433e+19,8192,power,conditional_v8_fixed_policy_feasible,73,44,172,0.2285455939937338,10.0,0.6713607648391644,2.8874545420190065,2.1134890398366433e+19
Q0_0p60,0.6,1.0,1.0,2.1752040340195156e+19,8192,power,conditional_v8_fixed_policy_feasible,73,44,172,0.23662516487020957,10.0,0.6713607648391644,2.880384323286062,2.175204034019516e+19
Q0_0p60,0.6,1.0,1.0,2.238721138568347e+19,8192,power,conditional_v8_fixed_policy_feasible,73,44,172,0.2449406634757855,10.0,0.6713607648391644,2.873430098239242,2.2387211385683472e+19
Q0_0p60,0.6,1.0,1.0,2.3040929760558494e+19,8192,power,conditional_v8_fixed_policy_feasible,73,45,172,0.2534989790245264,10.0,0.6713607648391644,2.866588104227828,2.3040929760558494e+19
Q0_0p60,0.6,1.0,1.0,2.3713737056616554e+19,8192,power,conditional_v8_fixed_policy_feasible,73,46,172,0.2623072018991868,10.0,0.6713607648391644,2.8598547693058434,2.371373705661656e+19
Q0_0p60,0.6,1.0,1.0,2.4406190680419762e+19,8192,power,conditional_v8_fixed_policy_feasible,73,46,172,0.2713726295254333,10.0,0.6713607648391644,2.853226699676695,2.440619068041977e+19
Q0_0p60,0.6,1.0,1.0,2.511886431509572e+19,8192,power,conditional_v8_fixed_policy_feasible,73,48,172,0.2807027724176091,10.0,0.6713607648391644,2.8467006681381317,2.511886431509573e+19
Q0_0p60,0.6,1.0,1.0,2.585234839562199e+19,8192,power,conditional_v8_fixed_policy_feasible,73,48,172,0.2903053604010384,10.000000000000002,0.6713607648391644,2.8402736034341625,2.585234839562199e+19
Q0_0p60,0.6,1.0,1.0,2.660725059798814e+19,8192,power,conditional_v8_fixed_policy_feasible,73,49,172,0.3001883490160121,10.0,0.6713607648391644,2.833942580430541,2.660725059798814e+19
Q0_0p60,0.6,1.0,1.0,2.7384196342643614e+19,8192,power,conditional_v8_fixed_policy_feasible,73,50,172,0.3103599261087995,10.000000000000002,0.6713607648391644,2.8277048110391565,2.7384196342643614e+19
Q0_0p60,0.6,1.0,1.0,2.8183829312644493e+19,8192,power,conditional_v8_fixed_policy_feasible,73,51,172,0.3208285186150951,10.0,0.6713607648391644,2.821557635824465,2.8183829312644497e+19
Q0_0p60,0.6,1.0,1.0,2.900681198693144e+19,8192,power,conditional_v8_fixed_policy_feasible,73,51,172,0.331602799541558,10.0,0.6713607648391644,2.815498516231881,2.900681198693144e+19
Q0_0p60,0.6,1.0,1.0,2.9853826189179695e+19,8192,power,conditional_v8_fixed_policy_feasible,73,54,172,0.34269169515121783,10.0,0.6713607648391644,2.80952502738412,2.9853826189179695e+19
Q0_0p60,0.6,1.0,1.0,3.072557365267452e+19,8192,power,conditional_v8_fixed_policy_feasible,73,54,172,0.35410439235868046,10.0,0.6713607648391644,2.8036348513968714,3.072557365267452e+19
Q0_0p60,0.6,1.0,1.0,3.162277660168379e+19,8192,power,conditional_v8_fixed_policy_feasible,73,55,172,0.3658503463413113,10.0,0.6713607648391644,2.797825771169884,3.1622776601683796e+19
Q0_0p60,0.6,1.0,1.0,3.2546178349804536e+19,8192,power,conditional_v8_fixed_policy_feasible,73,59,172,0.37793928837263646,10.0,0.6713607648391644,2.79209566461389,3.2546178349804536e+19
Q0_0p60,0.6,1.0,1.0,3.3496543915782656e+19,8192,power,conditional_v8_fixed_policy_feasible,73,61,172,0.3903812338844992,10.0,0.6713607648391644,2.7864424992774794,3.3496543915782656e+19
Q0_0p60,0.6,1.0,1.0,3.447466065731505e+19,8192,power,conditional_v8_fixed_policy_feasible,73,61,172,0.4031864907646363,10.0,0.6713607648391644,2.780864327341476,3.4474660657315054e+19
Q0_0p60,0.6,1.0,1.0,3.5481338923357606e+19,8192,power,conditional_v8_fixed_policy_feasible,73,61,172,0.4163656678965298,10.0,0.6713607648391644,2.775359280951364,3.54813389233576e+19
Q0_0p60,0.6,1.0,1.0,3.651741272548377e+19,8192,power,conditional_v8_fixed_policy_feasible,73,64,172,0.4299296839486633,10.0,0.6713607648391644,2.769925567860997,3.651741272548377e+19
Q0_0p60,0.6,1.0,1.0,3.758374042884435e+19,8192,power,conditional_v8_fixed_policy_feasible,73,66,172,0.44388977642039273,10.0,0.6713607648391644,2.7645614673633108,3.758374042884435e+19
Q0_0p60,0.6,1.0,1.0,3.868120546330509e+19,8192,power,conditional_v8_fixed_policy_feasible,73,73,172,0.45825751095197975,10.0,0.6713607648391644,2.759265326485858,3.868120546330509e+19
Q0_0p60,0.6,1.0,1.0,3.981071705534986e+19,8192,power,conditional_v8_fixed_policy_feasible,73,73,172,0.4730447909064828,10.0,0.6713607648391644,2.7540355564309973,3.981071705534986e+19
Q0_0p60,0.6,1.0,1.0,4.097321098135422e+19,8192,power,conditional_v8_fixed_policy_feasible,73,73,172,0.48826386723142473,10.0,0.6713607648391644,2.748870629242322,4.097321098135422e+19
Q0_0p60,0.6,1.0,1.0,4.216965034285823e+19,8192,power,conditional_v8_fixed_policy_feasible,73,73,172,0.5039273486084672,10.0,0.6713607648391644,2.7437690746804737,4.216965034285823e+19
Q0_0p60,0.6,1.0,1.0,4.340102636447431e+19,8192,power,conditional_v8_fixed_policy_feasible,73,73,172,0.5157469904679746,10.07627712255741,0.6713607648391644,2.7387259828541786,4.340102636447431e+19
Q0_0p60,0.6,1.0,1.0,4.466835921509617e+19,8192,power,conditional_v8_fixed_policy_feasible,73,73,172,0.5221649434189645,10.253806159054982,0.6713607648391644,2.7337128048626185,4.466835921509616e+19
Q0_0p60,0.6,1.0,1.0,4.597269885308737e+19,8192,power,conditional_v8_fixed_policy_feasible,73,73,172,0.5286709692434416,10.434191159224962,0.6713607648391644,2.7287234104062073,4.597269885308737e+19
Q0_0p60,0.6,1.0,1.0,4.731512589614812e+19,8192,power,conditional_v8_fixed_policy_feasible,73,73,172,0.5352663318956099,10.617474370626143,0.6713607648391644,2.723757648443012,4.731512589614812e+19
Q0_0p60,0.6,1.0,1.0,4.869675251658631e+19,8192,power,conditional_v8_fixed_policy_feasible,73,73,172,0.5419523138272287,10.803698636098957,0.6713607648391644,2.7188153691975816,4.869675251658631e+19
Q0_0p60,0.6,1.0,1.0,5.011872336272715e+19,8192,power,conditional_v8_fixed_policy_feasible,73,73,172,0.5487302162648758,10.992907402140636,0.6713607648391644,2.713896424149113,5.011872336272714e+19
Q0_0p60,0.6,1.0,1.0,5.15822165072304e+19,8192,power,conditional_v8_fixed_policy_feasible,73,73,172,0.5556013594915639,11.185144727394686,0.6713607648391644,2.7090006660197123,5.15822165072304e+19
Q0_0p60,0.6,1.0,1.0,5.308844442309901e+19,8192,power,conditional_v8_fixed_policy_feasible,73,73,172,0.5625670831327712,11.380455291255814,0.6713607648391644,2.7041279487627343,5.308844442309901e+19
Q0_0p60,0.6,1.0,1.0,5.463865498818551e+19,8192,power,conditional_v8_fixed_policy_feasible,73,73,172,0.5696287464469467,11.578884402591298,0.6713607648391644,2.6992781275512168,5.463865498818552e+19
Q0_0p60,0.6,1.0,1.0,5.6234132519034905e+19,8192,power,conditional_v8_fixed_policy_feasible,73,73,172,0.576787728620594,11.780478008580962,0.6713607648391644,2.6944510587663912,5.623413251903491e+19
Q0_0p60,0.6,1.0,1.0,5.787619883491197e+19,8192,power,conditional_v8_fixed_policy_feasible,73,73,172,0.5840454290679705,11.985282703675965,0.6713607648391644,2.6896465999862937,5.787619883491198e+19
Q0_0p60,0.6,1.0,1.0,5.956621435290085e+19,8192,power,conditional_v8_fixed_policy_feasible,73,73,172,0.5914032677355072,12.19334573867854,0.6713607648391644,2.6848646099744498,5.956621435290085e+19
Q0_0p60,0.6,1.0,1.0,6.1305579214982275e+19,8192,power,conditional_v8_fixed_policy_feasible,73,73,172,0.5988626854110147,12.404715029943857,0.6713607648391644,2.6801049486686526,6.130557921498227e+19
Q0_0p60,0.6,1.0,1.0,6.309573444801943e+19,8192,power,conditional_v8_fixed_policy_feasible,73,73,172,0.6064251440377469,12.619439168704949,0.6713607648391644,2.6753674771698326,6.309573444801943e+19
Q0_0p60,0.6,1.0,1.0,6.493816315762113e+19,8192,power,conditional_v8_fixed_policy_feasible,73,73,172,0.6140921270334297,12.837567430523109,0.6713607648391644,2.670652057730998,6.493816315762112e+19
Q0_0p60,0.6,1.0,1.0,6.683439175686135e+19,8192,power,conditional_v8_fixed_policy_feasible,73,73,172,0.6218651396142991,13.059149784863832,0.6713607648391644,2.6659585537462718,6.683439175686135e+19
Q0_0p60,0.6,1.0,1.0,6.878599123088054e+19,8192,power,conditional_v8_fixed_policy_feasible,73,73,172,0.6297457091242586,13.284236904800688,0.6713607648391644,2.6612868297400154,6.878599123088054e+19
Q0_0p60,0.6,1.0,1.0,7.0794578438414025e+19,8192,power,conditional_v8_fixed_policy_feasible,73,73,172,0.6377353853692302,13.512880176848244,0.6713607648391644,2.6566367513560336,7.0794578438414025e+19
Q0_0p60,0.6,1.0,1.0,7.286181745132289e+19,8192,power,conditional_v8_fixed_policy_feasible,73,73,172,0.6458357409567784,13.745131710925056,0.6713607648391644,2.6520081853468653,7.286181745132288e+19
Q0_0p60,0.6,1.0,1.0,7.498942093324558e+19,8192,power,conditional_v8_fixed_policy_feasible,73,73,172,0.6540483716411205,13.981044350449274,0.6713607648391644,2.6474009995631596,7.498942093324558e+19
Q0_0p60,0.6,1.0,1.0,7.717915155850112e+19,8192,power,conditional_v8_fixed_policy_feasible,73,73,172,0.6623748966735701,14.220671682566955,0.6713607648391644,2.6428150629431375,7.717915155850112e+19
Q0_0p60,0.6,1.0,1.0,7.94328234724279e+19,8192,power,conditional_v8_fixed_policy_feasible,73,73,172,0.6708169591585396,14.464068048515529,0.6713607648391644,2.6382502455021375,7.94328234724279e+19
Q0_0p60,0.6,1.0,1.0,8.175230379436527e+19,8192,power,conditional_v8_fixed_policy_feasible,73,73,172,0.679376226415179,14.7112885541236,0.6713607648391644,2.6337064183222463,8.175230379436527e+19
Q0_0p60,0.6,1.0,1.0,8.413951416451965e+19,8192,power,conditional_v8_fixed_policy_feasible,73,73,172,0.6880543903447337,14.962389080448256,0.6713607648391644,2.629183453542019,8.413951416451963e+19
Q0_0p60,0.6,1.0,1.0,8.659643233600653e+19,8192,power,conditional_v8_fixed_policy_feasible,73,73,172,0.69685316780375,15.217426294552423,0.6713607648391644,2.624681224346264,8.659643233600653e+19
Q0_0p60,0.6,1.0,1.0,8.91250938133744e+19,8192,power,conditional_v8_fixed_policy_feasible,73,73,172,0.70577430098318,15.476457660422414,0.6713607648391644,2.62019960495594,8.91250938133744e+19
Q0_0p60,0.6,1.0,1.0,9.172759353897766e+19,8192,power,conditional_v8_fixed_policy_feasible,73,73,172,0.7148195577935171,15.739541450028268,0.6713607648391644,2.6157384706181133,9.172759353897766e+19
Q0_0p60,0.6,1.0,1.0,9.440608762859264e+19,8192,power,conditional_v8_fixed_policy_feasible,73,73,172,0.7239907322560496,16.006736754528134,0.6713607648391644,2.61129769759601,9.440608762859263e+19
Q0_0p60,0.6,1.0,1.0,9.716279515771078e+19,8192,power,conditional_v8_fixed_policy_feasible,73,73,172,0.7332896449003234,16.27810349561782,0.6713607648391644,2.606877163159151,9.716279515771078e+19
Q0_0p60,0.6,1.0,1.0,1e+20,8192,power,conditional_v8_fixed_policy_feasible,73,73,172,0.742718143167954,16.55370243702829,0.6713607648391644,2.6024767455735622,1e+20
Q0_0p60,0.6,1.0,1.0,1.0292005271944264e+20,8192,power,conditional_v8_fixed_policy_feasible,73,73,172,0.7522781018228385,16.833595196171263,0.6713607648391644,2.5980963240920762,1.0292005271944262e+20
Q0_0p60,0.6,1.0,1.0,1.0592537251772853e+20,8192,power,conditional_v8_fixed_policy_feasible,73,73,172,0.7619714233679186,17.11784425593556,0.6713607648391644,2.5937357789447097,1.0592537251772855e+20
Q0_0p60,0.6,1.0,1.0,1.0901844923851312e+20,8192,power,conditional_v8_fixed_policy_feasible,73,73,172,0.7718000384685859,17.4065129766355,0.6713607648391644,2.5893949913291294,1.0901844923851312e+20
Q0_0p60,0.6,1.0,1.0,1.1220184543019654e+20,8192,power,conditional_v8_fixed_policy_feasible,73,73,172,0.781765906382826,17.699665608112717,0.6713607648391644,2.5850738434011964,1.1220184543019652e+20
Q0_0p60,0.6,1.0,1.0,1.1547819846894582e+20,8192,power,conditional_v8_fixed_policy_feasible,73,73,172,0.7918710153982588,17.997367301994082,0.6713607648391644,2.5807722182655874,1.1547819846894584e+20
Q0_0p60,0.6,1.0,1.0,1.1885022274370165e+20,8192,power,conditional_v8_fixed_policy_feasible,73,73,172,0.8021173832761272,18.29968412410604,0.6713607648391644,2.576489999966506,1.1885022274370164e+20
Q0_0p60,0.6,1.0,1.0,1.2232071190499276e+20,8192,power,conditional_v8_fixed_policy_feasible,73,73,172,0.8125070577024037,18.606683067047985,0.6713607648391644,2.5722270734784702,1.2232071190499274e+20
Q0_0p60,0.6,1.0,1.0,1.2589254117941713e+20,8192,power,conditional_v8_fixed_policy_feasible,73,73,172,0.8230421167461005,18.918432062926392,0.6713607648391644,2.5679833246971797,1.2589254117941713e+20
Q0_0p60,0.6,1.0,1.0,1.2956866975170216e+20,8192,power,conditional_v8_fixed_policy_feasible,73,73,172,0.8337246693249107,19.234999996250565,0.6713607648391644,2.5637586404304695,1.2956866975170216e+20
Q0_0p60,0.6,1.0,1.0,1.333521432163324e+20,8192,power,conditional_v8_fixed_policy_feasible,73,73,172,0.8445568556783288,19.55645671699348,0.6713607648391644,2.559552908389335,1.333521432163324e+20
Q0_0p60,0.6,1.0,1.0,1.3724609610075598e+20,8192,power,conditional_v8_fixed_policy_feasible,73,73,172,0.8555408478483254,19.882873053817452,0.6713607648391644,2.5553660171790438,1.37246096100756e+20
Q0_0p60,0.6,1.0,1.0,1.4125375446227496e+20,8192,power,conditional_v8_fixed_policy_feasible,73,73,172,0.8666788501677463,20.21432082746786,0.6713607648391644,2.5511978562903237,1.4125375446227496e+20
Q0_0p60,0.6,1.0,1.0,1.4537843856076666e+20,8192,power,conditional_v8_fixed_policy_feasible,73,73,172,0.877973099756544,20.550872864336377,0.6713607648391644,2.5470483160906308,1.4537843856076666e+20
Q0_0p60,0.6,1.0,1.0,1.496235656094436e+20,8192,power,conditional_v8_fixed_policy_feasible,73,73,172,0.8894258670259693,20.892603010194776,0.6713607648391644,2.542917287815501,1.496235656094436e+20
Q0_0p60,0.6,1.0,1.0,1.539926526059492e+20,8192,power,conditional_v8_fixed_policy_feasible,73,73,172,0.9010394561908839,21.23958614410303,0.6713607648391644,2.5388046635599704,1.539926526059492e+20
Q0_0p60,0.6,1.0,1.0,1.5848931924611108e+20,8192,power,conditional_v8_fixed_policy_feasible,73,73,172,0.9128162057902907,21.591898192491136,0.6713607648391644,2.5347103362700807,1.5848931924611108e+20
Q0_0p60,0.6,1.0,1.0,1.631172909227833e+20,8192,power,conditional_v8_fixed_policy_feasible,73,73,172,0.9247584892162444,21.9496161434185,0.6713607648391644,2.5306341997344646,1.631172909227833e+20
Q0_0p60,0.6,1.0,1.0,1.678804018122566e+20,8192,power,conditional_v8_fixed_policy_feasible,73,73,172,0.9368687152512848,22.3128180610118,0.6713607648391644,2.526576148576,1.678804018122566e+20
Q0_0p60,0.6,1.0,1.0,1.7278259805078664e+20,8192,power,conditional_v8_fixed_policy_feasible,73,73,172,0.9491493286145056,22.681583100083174,0.6713607648391644,2.522536078243555,1.7278259805078664e+20
Q0_0p60,0.6,1.0,1.0,1.778279410038923e+20,8192,power,conditional_v8_fixed_policy_feasible,73,73,172,0.9616028105164629,23.055991520931908,0.6713607648391644,2.5185138850037934,1.778279410038923e+20
Q0_0p60,0.6,1.0,1.0,1.830206106311053e+20,8192,power,conditional_v8_fixed_policy_feasible,73,73,172,0.9742316792230039,23.43612470432955,0.6713607648391644,2.5145094659330716,1.830206106311053e+20
Q0_0p60,0.6,1.0,1.0,1.8836490894897945e+20,8192,power,conditional_v8_fixed_policy_feasible,73,73,172,0.987038490628205,23.822065166692244,0.6713607648391644,2.5105227189094004,1.8836490894897945e+20
Q0_0p60,0.6,1.0,1.0,1.9386526359522135e+20,8192,power,conditional_v8_fixed_policy_feasible,73,73,172,1.0000258388365773,24.213896575441233,0.6713607648391644,2.5065535426044914,1.9386526359522135e+20
Q0_0p60,0.6,1.0,1.0,1.995262314968883e+20,8192,power,conditional_v8_fixed_policy_feasible,73,73,172,1.0131963567546547,24.611703764553507,0.6713607648391644,2.5026018364758773,1.9952623149688825e+20
Q0_0p60,0.6,1.0,1.0,2.053525026457146e+20,8192,power,conditional_v8_fixed_policy_feasible,73,73,172,1.0265527166921933,25.01557275030594,0.6713607648391644,2.4986675007590957,2.053525026457146e+20
Q0_0p60,0.6,1.0,1.0,2.1134890398366433e+20,8192,power,conditional_v8_fixed_policy_feasible,73,73,172,1.0400976309730587,25.42559074721294,0.6713607648391644,2.494750436459967,2.1134890398366433e+20
Q0_0p60,0.6,1.0,1.0,2.1752040340195154e+20,8192,power,conditional_v8_fixed_policy_feasible,73,73,172,1.0538338525560371,25.84184618416105,0.6713607648391644,2.4908505453469316,2.1752040340195154e+20
Q0_0p60,0.6,1.0,1.0,2.238721138568347e+20,8192,power,conditional_v8_fixed_policy_feasible,73,73,172,1.067764175665696,26.264428720742423,0.6713607648391644,2.4869677299434674,2.238721138568347e+20
Q0_0p60,0.6,1.0,1.0,2.3040929760558495e+20,8192,power,conditional_v8_fixed_policy_feasible,73,73,172,1.0818914364334653,26.693429263788317,0.6713607648391644,2.4831018935205815,2.3040929760558495e+20
Q0_0p60,0.6,1.0,1.0,2.3713737056616553e+20,8192,power,conditional_v8_fixed_policy_feasible,73,73,172,1.0962185135491609,27.128939984106637,0.6713607648391644,2.4792529400893693,2.371373705661655e+20
Q0_0p60,0.6,1.0,1.0,2.4406190680419762e+20,8192,power,conditional_v8_fixed_policy_feasible,73,73,172,1.110748328923047,27.571054333423373,0.6713607648391644,2.475420774393652,2.4406190680419762e+20
Q0_0p60,0.6,1.0,1.0,2.5118864315095718e+20,8192,power,conditional_v8_fixed_policy_feasible,73,73,172,1.1254838483586862,28.01986706153153,0.6713607648391644,2.4716053019026867,2.5118864315095718e+20
Q0_0p60,0.6,1.0,1.0,2.585234839562199e+20,8192,power,conditional_v8_fixed_policy_feasible,73,73,172,1.1404280822367225,28.475474233649624,0.6713607648391644,2.4678064288039416,2.585234839562199e+20
Q0_0p60,0.6,1.0,1.0,2.660725059798814e+20,8192,power,conditional_v8_fixed_policy_feasible,73,73,172,1.1555840862097777,28.93797324799082,0.6713607648391644,2.4640240619959553,2.660725059798814e+20
Q0_0p60,0.6,1.0,1.0,2.7384196342643612e+20,8192,power,conditional_v8_fixed_policy_feasible,73,73,172,1.1709549619087065,29.40746285354708,0.6713607648391644,2.460258109081252,2.738419634264361e+20
Q0_0p60,0.6,1.0,1.0,2.818382931264449e+20,8192,power,conditional_v8_fixed_policy_feasible,73,73,172,1.1865438576603229,29.884043168087796,0.6713607648391644,2.456508478359337,2.8183829312644494e+20
Q0_0p60,0.6,1.0,1.0,2.9006811986931443e+20,8192,power,conditional_v8_fixed_policy_feasible,73,73,172,1.202353969216841,30.367815696377413,0.6713607648391644,2.4527750788197613,2.9006811986931447e+20
Q0_0p60,0.6,1.0,1.0,2.9853826189179696e+20,8192,power,conditional_v8_fixed_policy_feasible,73,73,172,1.218388540497239,30.858883348613055,0.6713607648391644,2.4490578201352537,2.9853826189179696e+20
Q0_0p60,0.6,1.0,1.0,3.072557365267452e+20,8192,power,conditional_v8_fixed_policy_feasible,73,73,172,1.2346508643406873,31.357350459084564,0.6713607648391644,2.445356612654929,3.072557365267452e+20
Q0_0p60,0.6,1.0,1.0,3.1622776601683794e+20,8192,power,conditional_v8_fixed_policy_feasible,73,73,172,1.251144283272357,31.86332280506027,0.6713607648391644,2.4416713673975488,3.1622776601683794e+20
Q0_0p60,0.6,1.0,1.0,3.254617834980453e+20,8192,power,conditional_v8_fixed_policy_feasible,73,73,172,1.2678721902816923,32.37690762589901,0.6713607648391644,2.43800199604487,3.254617834980453e+20
Q0_0p60,0.6,1.0,1.0,3.3496543915782655e+20,8192,power,conditional_v8_fixed_policy_feasible,73,73,172,1.2848380296134456,32.89821364239226,0.6713607648391644,2.434348410935053,3.349654391578265e+20
Q0_0p60,0.6,1.0,1.0,3.4474660657315054e+20,8192,power,conditional_v8_fixed_policy_feasible,73,73,172,1.302045297571676,33.427351076338034,0.6713607648391644,2.430710525056131,3.4474660657315054e+20
Q0_0p60,0.6,1.0,1.0,3.54813389233576e+20,8192,power,conditional_v8_fixed_policy_feasible,73,73,172,1.3194975433368903,33.96443167034841,0.6713607648391644,2.4270882520395616,3.54813389233576e+20
Q0_0p60,0.6,1.0,1.0,3.651741272548377e+20,8192,power,conditional_v8_fixed_policy_feasible,73,73,172,1.3371983697966496,34.50956870789488,0.6713607648391644,2.4234815061538293,3.651741272548377e+20
Q0_0p60,0.6,1.0,1.0,3.7583740428844355e+20,8192,power,conditional_v8_fixed_policy_feasible,73,73,172,1.3551514343897406,35.06287703359159,0.6713607648391644,2.419890202298124,3.758374042884435e+20
Q0_0p60,0.6,1.0,1.0,3.868120546330509e+20,8192,power,conditional_v8_fixed_policy_feasible,73,73,172,1.373360449964256,35.62447307372032,0.6713607648391644,2.4163142559960833,3.868120546330509e+20
Q0_0p60,0.6,1.0,1.0,3.9810717055349857e+20,8192,power,conditional_v8_fixed_policy_feasible,73,73,172,1.3918291856497664,36.19447485699946,0.6713607648391644,2.4127535833895957,3.9810717055349857e+20
Q0_0p60,0.6,1.0,1.0,4.0973210981354216e+20,8192,power,conditional_v8_fixed_policy_feasible,73,73,172,1.4105614677438223,36.77300203559837,0.6713607648391644,2.40920810123268,4.0973210981354216e+20
Q0_0p60,0.6,1.0,1.0,4.216965034285823e+20,8192,power,conditional_v8_fixed_policy_feasible,73,73,172,1.4295611806130912,37.360175906402084,0.6713607648391644,2.4056777268854117,4.216965034285822e+20
Q0_0p60,0.6,1.0,1.0,4.3401026364474314e+20,8192,power,conditional_v8_fixed_policy_feasible,73,73,172,1.448832267609299,37.95611943252545,0.6713607648391644,2.402162378307929,4.340102636447431e+20
Q0_0p60,0.6,1.0,1.0,4.466835921509617e+20,8192,power,conditional_v8_fixed_policy_feasible,73,73,172,1.468378732000282,38.56095726508195,0.6713607648391644,2.398661974054495,4.466835921509616e+20
Q0_0p60,0.6,1.0,1.0,4.5972698853087366e+20,8192,power,conditional_v8_fixed_policy_feasible,73,73,172,1.4882046379164153,39.174815765208336,0.6713607648391644,2.3951764332676206,4.5972698853087366e+20
Q0_0p60,0.6,1.0,1.0,4.7315125896148124e+20,8192,power,conditional_v8_fixed_policy_feasible,73,73,172,1.50831411131263,39.797823026347295,0.6713607648391644,2.39170567567226,4.731512589614813e+20
Q0_0p60,0.6,1.0,1.0,4.8696752516586314e+20,8192,power,conditional_v8_fixed_policy_feasible,73,73,172,1.5287113409463768,40.43010889679307,0.6713607648391644,2.3882496215700533,4.869675251658631e+20
Q0_0p60,0.6,1.0,1.0,5.0118723362727146e+20,8192,power,conditional_v8_fixed_policy_feasible,73,73,172,1.5494005793717136,41.07180500249896,0.6713607648391644,2.3848081918336437,5.011872336272715e+20
Q0_0p60,0.6,1.0,1.0,5.15822165072304e+20,8192,power,conditional_v8_fixed_policy_feasible,73,73,172,1.5703861439498612,41.723044770152036,0.6713607648391644,2.3813813079010493,5.15822165072304e+20
Q0_0p60,0.6,1.0,1.0,5.308844442309901e+20,8192,power,conditional_v8_fixed_policy_feasible,73,73,172,1.5916724178765014,42.38396345051669,0.6713607648391644,2.3779688917700943,5.308844442309901e+20
Q0_0p60,0.6,1.0,1.0,5.463865498818551e+20,8192,power,conditional_v8_fixed_policy_feasible,73,73,172,1.613263851226059,43.05469814204892,0.6713607648391644,2.374570865992909,5.46386549881855e+20
Q0_0p60,0.6,1.0,1.0,5.6234132519034906e+20,8192,power,conditional_v8_fixed_policy_feasible,73,73,172,1.6351649620133717,43.73538781478634,0.6713607648391644,2.371187153670475,5.62341325190349e+20
Q0_0p60,0.6,1.0,1.0,5.787619883491197e+20,8192,power,conditional_v8_fixed_policy_feasible,73,73,172,1.6573803372729146,44.42617333451313,0.6713607648391644,2.3678176784472402,5.787619883491197e+20
Q0_0p60,0.6,1.0,1.0,5.956621435290085e+20,8192,power,conditional_v8_fixed_policy_feasible,73,73,172,1.6799146341559799,45.127197487205294,0.6713607648391644,2.3644623645057936,5.956621435290085e+20
Q0_0p60,0.6,1.0,1.0,6.130557921498227e+20,8192,power,conditional_v8_fixed_policy_feasible,73,73,172,1.702772581046098,45.838605003757806,0.6713607648391644,2.3611211365615863,6.130557921498226e+20
Q0_0p60,0.6,1.0,1.0,6.309573444801943e+20,8192,power,conditional_v8_fixed_policy_feasible,73,73,172,1.7259589786929777,46.56054258499552,0.6713607648391644,2.357793919857727,6.309573444801943e+20
Q0_0p60,0.6,1.0,1.0,6.493816315762113e+20,8192,power,conditional_v8_fixed_policy_feasible,73,73,172,1.7494787013653863,47.293158926973334,0.6713607648391644,2.3544806401598177,6.493816315762113e+20
Q0_0p60,0.6,1.0,1.0,6.683439175686135e+20,8192,power,conditional_v8_fixed_policy_feasible,73,73,172,1.7733366980231806,48.03660474656439,0.6713607648391644,2.3511812237508556,6.683439175686135e+20
Q0_0p60,0.6,1.0,1.0,6.878599123088053e+20,8192,power,conditional_v8_fixed_policy_feasible,73,73,172,1.7975379935088973,48.79103280734209,0.6713607648391644,2.347895597426192,6.878599123088053e+20
Q0_0p60,0.6,1.0,1.0,7.079457843841402e+20,8192,power,conditional_v8_fixed_policy_feasible,73,73,172,1.8220876897592466,49.55659794575723,0.6713607648391644,2.344623688488541,7.079457843841402e+20
Q0_0p60,0.6,1.0,1.0,7.28618174513229e+20,8192,power,conditional_v8_fixed_policy_feasible,73,73,172,1.8469909670367788,50.33345709761276,0.6713607648391644,2.34136542474305,7.28618174513229e+20
Q0_0p60,0.6,1.0,1.0,7.498942093324558e+20,8192,power,conditional_v8_fixed_policy_feasible,73,73,172,1.8722530851822248,51.121769324840976,0.6713607648391644,2.3381207344924158,7.498942093324558e+20
Q0_0p60,0.6,1.0,1.0,7.717915155850111e+20,8192,power,conditional_v8_fixed_policy_feasible,73,73,172,1.8978793848876996,51.92169584258273,0.6713607648391644,2.334889546532063,7.717915155850111e+20
Q0_0p60,0.6,1.0,1.0,7.943282347242789e+20,8192,power,conditional_v8_fixed_policy_feasible,73,73,172,1.9238752889912545,52.73340004657383,0.6713607648391644,2.331671790145375,7.943282347242789e+20
Q0_0p60,0.6,1.0,1.0,8.175230379436527e+20,8192,power,conditional_v8_fixed_policy_feasible,73,73,172,1.950246303793121,53.5570475408406,0.6713607648391644,2.3284673950989725,8.175230379436528e+20
Q0_0p60,0.6,1.0,1.0,8.413951416451965e+20,8192,power,conditional_v8_fixed_policy_feasible,73,73,172,1.976998020393976,54.39280616570649,0.6713607648391644,2.3252762916380525,8.413951416451965e+20
Q0_0p60,0.6,1.0,1.0,8.659643233600653e+20,8192,power,conditional_v8_fixed_policy_feasible,73,73,172,2.0041361160557374,55.24084602611558,0.6713607648391644,2.3220984104817735,8.659643233600652e+20
Q0_0p60,0.6,1.0,1.0,8.91250938133744e+20,8192,power,conditional_v8_fixed_policy_feasible,73,73,172,2.031666355585141,56.1013395202712,0.6713607648391644,2.318933682818693,8.91250938133744e+20
Q0_0p60,0.6,1.0,1.0,9.172759353897766e+20,8192,power,conditional_v8_fixed_policy_feasible,73,73,172,2.0595945927405945,56.974461368596366,0.6713607648391644,2.3157820403022598,9.172759353897766e+20
Q0_0p60,0.6,1.0,1.0,9.440608762859264e+20,8192,power,conditional_v8_fixed_policy_feasible,73,73,172,2.087926771662696,57.86038864301731,0.6713607648391644,2.3126434150463515,9.440608762859264e+20
Q0_0p60,0.6,1.0,1.0,9.716279515771078e+20,8192,power,conditional_v8_fixed_policy_feasible,73,73,172,2.1166689283288016,58.759300796571466,0.6713607648391644,2.309517739620874,9.716279515771078e+20
Q0_0p60,0.6,1.0,1.0,1e+21,8192,power,conditional_v8_fixed_policy_feasible,73,73,172,2.1458271920321588,59.67137969334724,0.6713607648391644,2.30640494704739,1e+21
Q0_0p65,0.65,1.0,1.0,1e+19,8192,power,conditional_v8_fixed_policy_feasible,60,20,172,0.11478383893552224,10.0,0.6713607648391644,3.044584250685579,1e+19
Q0_0p65,0.65,1.0,1.0,1.0292005271944266e+19,8192,power,conditional_v8_fixed_policy_feasible,60,20,172,0.11860669806759527,10.0,0.6713607648391644,3.0363175335238552,1.0292005271944266e+19
Q0_0p65,0.65,1.0,1.0,1.0592537251772854e+19,8192,power,conditional_v8_fixed_policy_feasible,60,21,172,0.12254118670171482,10.0,0.6713607648391644,3.0281673826743742,1.0592537251772854e+19
Q0_0p65,0.65,1.0,1.0,1.0901844923851313e+19,8192,power,conditional_v8_fixed_policy_feasible,60,22,172,0.12659056447819234,10.0,0.6713607648391644,3.0201307576541603,1.0901844923851313e+19
Q0_0p65,0.65,1.0,1.0,1.1220184543019653e+19,8192,power,conditional_v8_fixed_policy_feasible,60,22,172,0.13075818622055121,10.0,0.6713607648391644,3.0122047464357182,1.1220184543019653e+19
Q0_0p65,0.65,1.0,1.0,1.1547819846894582e+19,8192,power,conditional_v8_fixed_policy_feasible,60,23,172,0.13504750471493393,10.0,0.6713607648391644,3.0043865582659115,1.1547819846894582e+19
Q0_0p65,0.65,1.0,1.0,1.1885022274370165e+19,8192,power,conditional_v8_fixed_policy_feasible,60,23,172,0.13946207357065743,10.0,0.6713607648391644,2.996673516970255,1.1885022274370167e+19
Q0_0p65,0.65,1.0,1.0,1.2232071190499275e+19,8192,power,conditional_v8_fixed_policy_feasible,60,23,172,0.1440055501643041,10.0,0.6713607648391644,2.98906305470415,1.2232071190499275e+19
Q0_0p65,0.65,1.0,1.0,1.2589254117941713e+19,8192,power,conditional_v8_fixed_policy_feasible,60,25,172,0.14868169866978223,10.0,0.6713607648391644,2.981552706116141,1.2589254117941715e+19
Q0_0p65,0.65,1.0,1.0,1.2956866975170216e+19,8192,power,conditional_v8_fixed_policy_feasible,60,25,172,0.15349439317685834,10.0,0.6713607648391644,2.974140102891384,1.2956866975170218e+19
Q0_0p65,0.65,1.0,1.0,1.3335214321633241e+19,8192,power,conditional_v8_fixed_policy_feasible,60,25,172,0.15844762090076683,10.0,0.6713607648391644,2.9668229686462997,1.3335214321633243e+19
Q0_0p65,0.65,1.0,1.0,1.3724609610075597e+19,8192,power,conditional_v8_fixed_policy_feasible,60,25,172,0.16354548548552741,10.000000000000002,0.6713607648391644,2.9595991141479994,1.3724609610075597e+19
Q0_0p65,0.65,1.0,1.0,1.4125375446227497e+19,8192,power,conditional_v8_fixed_policy_feasible,60,26,172,0.1687922104037289,10.0,0.6713607648391644,2.9524664328342642,1.4125375446227497e+19
Q0_0p65,0.65,1.0,1.0,1.4537843856076667e+19,8192,power,conditional_v8_fixed_policy_feasible,60,26,172,0.17419214245558753,10.0,0.6713607648391644,2.9454228966119893,1.4537843856076667e+19
Q0_0p65,0.65,1.0,1.0,1.496235656094436e+19,8192,power,conditional_v8_fixed_policy_feasible,60,26,172,0.17974975537017293,10.0,0.6713607648391644,2.938466551913843,1.496235656094436e+19
Q0_0p65,0.65,1.0,1.0,1.539926526059492e+19,8192,power,conditional_v8_fixed_policy_feasible,60,28,172,0.18546965351180678,10.0,0.6713607648391644,2.9315955159945624,1.539926526059492e+19
Q0_0p65,0.65,1.0,1.0,1.5848931924611109e+19,8192,power,conditional_v8_fixed_policy_feasible,60,28,172,0.1913565756946748,10.0,0.6713607648391644,2.924807973449886,1.5848931924611109e+19
Q0_0p65,0.65,1.0,1.0,1.631172909227833e+19,8192,power,conditional_v8_fixed_policy_feasible,60,28,172,0.19741539910883507,10.000000000000002,0.6713607648391644,2.9181021729424668,1.631172909227833e+19
Q0_0p65,0.65,1.0,1.0,1.6788040181225658e+19,8192,power,conditional_v8_fixed_policy_feasible,60,28,172,0.20365114336086865,10.0,0.6713607648391644,2.911476424120375,1.678804018122566e+19
Q0_0p65,0.65,1.0,1.0,1.7278259805078663e+19,8192,power,conditional_v8_fixed_policy_feasible,60,29,172,0.21006897463250937,10.0,0.6713607648391644,2.9049290947149857,1.7278259805078663e+19
Q0_0p65,0.65,1.0,1.0,1.7782794100389229e+19,8192,power,conditional_v8_fixed_policy_feasible,60,30,172,0.21667420996072684,10.0,0.6713607648391644,2.8984586078060115,1.7782794100389229e+19
Q0_0p65,0.65,1.0,1.0,1.8302061063110531e+19,8192,power,conditional_v8_fixed_policy_feasible,60,31,172,0.22347232164277156,10.0,0.6713607648391644,2.892063439242494,1.8302061063110531e+19
Q0_0p65,0.65,1.0,1.0,1.8836490894897943e+19,8192,power,conditional_v8_fixed_policy_feasible,60,31,172,0.23046894176985852,10.0,0.6713607648391644,2.8857421152093363,1.8836490894897943e+19
Q0_0p65,0.65,1.0,1.0,1.9386526359522136e+19,8192,power,conditional_v8_fixed_policy_feasible,60,31,172,0.23766986689323766,10.0,0.6713607648391644,2.879493209929814,1.9386526359522136e+19
Q0_0p65,0.65,1.0,1.0,1.9952623149688828e+19,8192,power,conditional_v8_fixed_policy_feasible,60,31,172,0.24508106282650496,10.000000000000002,0.6713607648391644,2.8733153434952086,1.9952623149688828e+19
Q0_0p65,0.65,1.0,1.0,2.053525026457146e+19,8192,power,conditional_v8_fixed_policy_feasible,60,32,172,0.25270866958816496,10.0,0.6713607648391644,2.8672071798133376,2.053525026457146e+19
Q0_0p65,0.65,1.0,1.0,2.1134890398366433e+19,8192,power,conditional_v8_fixed_policy_feasible,60,33,172,0.2605590064884971,10.0,0.6713607648391644,2.8611674246684293,2.1134890398366433e+19
Q0_0p65,0.65,1.0,1.0,2.1752040340195156e+19,8192,power,conditional_v8_fixed_policy_feasible,60,33,172,0.2686385773649729,10.0,0.6713607648391644,2.855194823885281,2.1752040340195156e+19
Q0_0p65,0.65,1.0,1.0,2.238721138568347e+19,8192,power,conditional_v8_fixed_policy_feasible,60,34,172,0.27695407597054883,10.0,0.6713607648391644,2.8492881615911756,2.2387211385683472e+19
Q0_0p65,0.65,1.0,1.0,2.3040929760558494e+19,8192,power,conditional_v8_fixed_policy_feasible,60,35,172,0.2855123915192897,10.0,0.6713607648391644,2.8434462585695135,2.3040929760558494e+19
Q0_0p65,0.65,1.0,1.0,2.3713737056616554e+19,8192,power,conditional_v8_fixed_policy_feasible,60,35,172,0.29432061439395013,10.0,0.6713607648391644,2.837667970699505,2.3713737056616554e+19
Q0_0p65,0.65,1.0,1.0,2.4406190680419762e+19,8192,power,conditional_v8_fixed_policy_feasible,60,36,172,0.3033860420201966,10.0,0.6713607648391644,2.831952187476724,2.4406190680419766e+19
Q0_0p65,0.65,1.0,1.0,2.511886431509572e+19,8192,power,conditional_v8_fixed_policy_feasible,60,37,172,0.3127161849123724,10.0,0.6713607648391644,2.8262978306096307,2.5118864315095724e+19
Q0_0p65,0.65,1.0,1.0,2.585234839562199e+19,8192,power,conditional_v8_fixed_policy_feasible,60,38,172,0.32231877289580174,10.000000000000002,0.6713607648391644,2.8207038526875325,2.5852348395621994e+19
Q0_0p65,0.65,1.0,1.0,2.660725059798814e+19,8192,power,conditional_v8_fixed_policy_feasible,60,38,172,0.3322017615107754,10.0,0.6713607648391644,2.8151692359157856,2.660725059798814e+19
Q0_0p65,0.65,1.0,1.0,2.7384196342643614e+19,8192,power,conditional_v8_fixed_policy_feasible,60,41,172,0.34237333860356284,10.000000000000002,0.6713607648391644,2.8096929909142534,2.7384196342643618e+19
Q0_0p65,0.65,1.0,1.0,2.8183829312644493e+19,8192,power,conditional_v8_fixed_policy_feasible,60,41,172,0.3528419311098584,10.000000000000002,0.6713607648391644,2.8042741555753983,2.8183829312644497e+19
Q0_0p65,0.65,1.0,1.0,2.900681198693144e+19,8192,power,conditional_v8_fixed_policy_feasible,60,42,172,0.3636162120363214,10.0,0.6713607648391644,2.7989117939785446,2.9006811986931446e+19
Q0_0p65,0.65,1.0,1.0,2.9853826189179695e+19,8192,power,conditional_v8_fixed_policy_feasible,60,45,172,0.3747051076459812,10.0,0.6713607648391644,2.7936049953571187,2.9853826189179695e+19
Q0_0p65,0.65,1.0,1.0,3.072557365267452e+19,8192,power,conditional_v8_fixed_policy_feasible,60,48,172,0.3861178048534438,10.0,0.6713607648391644,2.7883528731158806,3.0725573652674523e+19
Q0_0p65,0.65,1.0,1.0,3.162277660168379e+19,8192,power,conditional_v8_fixed_policy_feasible,60,48,172,0.39786375883607467,10.0,0.6713607648391644,2.7831545638953217,3.1622776601683796e+19
Q0_0p65,0.65,1.0,1.0,3.2546178349804536e+19,8192,power,conditional_v8_fixed_policy_feasible,60,48,172,0.4099527008673998,10.0,0.6713607648391644,2.778009226680632,3.2546178349804536e+19
Q0_0p65,0.65,1.0,1.0,3.3496543915782656e+19,8192,power,conditional_v8_fixed_policy_feasible,60,48,172,0.42239464637926255,10.0,0.6713607648391644,2.772916041952769,3.349654391578266e+19
Q0_0p65,0.65,1.0,1.0,3.447466065731505e+19,8192,power,conditional_v8_fixed_policy_feasible,60,51,172,0.4324519555463412,10.061258047457653,0.6713607648391644,2.7678721818116503,3.447466065731505e+19
Q0_0p65,0.65,1.0,1.0,3.5481338923357606e+19,8192,power,conditional_v8_fixed_policy_feasible,60,58,172,0.4381374237962133,10.225452546313495,0.6713607648391644,2.762856092085374,3.548133892335761e+19
Q0_0p65,0.65,1.0,1.0,3.651741272548377e+19,8192,power,conditional_v8_fixed_policy_feasible,60,60,172,0.4439018460138963,10.3921708507946,0.6713607648391644,2.757862069734486,3.651741272548377e+19
Q0_0p65,0.65,1.0,1.0,3.758374042884435e+19,8192,power,conditional_v8_fixed_policy_feasible,60,60,172,0.4497463469704656,10.56145022750178,0.6713607648391644,2.7528899948184233,3.758374042884435e+19
Q0_0p65,0.65,1.0,1.0,3.868120546330509e+19,8192,power,conditional_v8_fixed_policy_feasible,60,60,172,0.4556720678085291,10.73332848136854,0.6713607648391644,2.7479397482681764,3.86812054633051e+19
Q0_0p65,0.65,1.0,1.0,3.981071705534986e+19,8192,power,conditional_v8_fixed_policy_feasible,60,60,172,0.46168016628790126,10.90784396322494,0.6713607648391644,2.7430112118777026,3.981071705534987e+19
Q0_0p65,0.65,1.0,1.0,4.097321098135422e+19,8192,power,conditional_v8_fixed_policy_feasible,60,60,172,0.46777181703509707,11.085035577461461,0.6713607648391644,2.7381042682954346,4.0973210981354226e+19
Q0_0p65,0.65,1.0,1.0,4.216965034285823e+19,8192,power,conditional_v8_fixed_policy_feasible,60,60,172,0.4739482117967225,11.264942789794995,0.6713607648391644,2.7332188010158736,4.216965034285823e+19
Q0_0p65,0.65,1.0,1.0,4.340102636447431e+19,8192,power,conditional_v8_fixed_policy_feasible,60,60,172,0.48021055969680365,11.447605635136977,0.6713607648391644,2.7283546943712698,4.340102636447431e+19
Q0_0p65,0.65,1.0,1.0,4.466835921509617e+19,8192,power,conditional_v8_fixed_policy_feasible,60,60,172,0.48656008749813345,11.63306472556591,0.6713607648391644,2.723511833523401,4.466835921509617e+19
Q0_0p65,0.65,1.0,1.0,4.597269885308737e+19,8192,power,conditional_v8_fixed_policy_feasible,60,60,172,0.49299803986769514,11.82136125840516,0.6713607648391644,2.7186901044554292,4.597269885308737e+19
Q0_0p65,0.65,1.0,1.0,4.731512589614812e+19,8192,power,conditional_v8_fixed_policy_feasible,60,60,172,0.49952567964622424,12.012537024407038,0.6713607648391644,2.71388939396385,4.731512589614812e+19
Q0_0p65,0.65,1.0,1.0,4.869675251658631e+19,8192,power,conditional_v8_fixed_policy_feasible,60,60,172,0.5061442881219951,12.206634416045375,0.6713607648391644,2.7091095896505273,4.869675251658631e+19
Q0_0p65,0.65,1.0,1.0,5.011872336272715e+19,8192,power,conditional_v8_fixed_policy_feasible,60,60,172,0.5128551653088735,12.403696435916643,0.6713607648391644,2.7043505799148098,5.011872336272715e+19
Q0_0p65,0.65,1.0,1.0,5.15822165072304e+19,8192,power,conditional_v8_fixed_policy_feasible,60,60,172,0.5196596302287231,12.603766705251966,0.6713607648391644,2.6996122539457375,5.1582216507230405e+19
Q0_0p65,0.65,1.0,1.0,5.308844442309901e+19,8192,power,conditional_v8_fixed_policy_feasible,60,60,172,0.5265590211982321,12.806889472540968,0.6713607648391644,2.6948945017143298,5.3088444423099015e+19
Q0_0p65,0.65,1.0,1.0,5.463865498818551e+19,8192,power,conditional_v8_fixed_policy_feasible,60,60,172,0.5335546961202239,13.013109622268507,0.6713607648391644,2.690197213965963,5.463865498818552e+19
Q0_0p65,0.65,1.0,1.0,5.6234132519034905e+19,8192,power,conditional_v8_fixed_policy_feasible,60,60,172,0.5406480327795486,13.222472683766593,0.6713607648391644,2.685520282212816,5.6234132519034905e+19
Q0_0p65,0.65,1.0,1.0,5.787619883491197e+19,8192,power,conditional_v8_fixed_policy_feasible,60,60,172,0.5478404291435974,13.435024840181665,0.6713607648391644,2.6808635987264164,5.787619883491197e+19
Q0_0p65,0.65,1.0,1.0,5.956621435290085e+19,8192,power,conditional_v8_fixed_policy_feasible,60,60,172,0.5551333036675352,13.650812937559593,0.6713607648391644,2.6762270565302555,5.956621435290085e+19
Q0_0p65,0.65,1.0,1.0,6.1305579214982275e+19,8192,power,conditional_v8_fixed_policy_feasible,60,60,172,0.5625280956043314,13.869884494049328,0.6713607648391644,2.6716105493924878,6.1305579214982275e+19
Q0_0p65,0.65,1.0,1.0,6.309573444801943e+19,8192,power,conditional_v8_fixed_policy_feasible,60,60,172,0.5700262653196451,14.09228770922653,0.6713607648391644,2.6670139718187156,6.309573444801943e+19
Q0_0p65,0.65,1.0,1.0,6.493816315762113e+19,8192,power,conditional_v8_fixed_policy_feasible,60,60,172,0.577629294611681,14.318071473539426,0.6713607648391644,2.662437219044842,6.493816315762113e+19
Q0_0p65,0.65,1.0,1.0,6.683439175686135e+19,8192,power,conditional_v8_fixed_policy_feasible,60,60,172,0.5853386870360568,14.547285377877085,0.6713607648391644,2.657880187030013,6.683439175686136e+19
Q0_0p65,0.65,1.0,1.0,6.878599123088054e+19,8192,power,conditional_v8_fixed_policy_feasible,60,60,172,0.5931559682357885,14.779979723262656,0.6713607648391644,2.6533427724496295,6.878599123088053e+19
Q0_0p65,0.65,1.0,1.0,7.0794578438414025e+19,8192,power,conditional_v8_fixed_policy_feasible,60,60,172,0.6010826862764772,15.016205530672536,0.6713607648391644,2.6488248726884462,7.0794578438414025e+19
Q0_0p65,0.65,1.0,1.0,7.286181745132289e+19,8192,power,conditional_v8_fixed_policy_feasible,60,60,172,0.6091204119867609,15.256014550982837,0.6713607648391644,2.644326385833737,7.286181745132288e+19
Q0_0p65,0.65,1.0,1.0,7.498942093324558e+19,8192,power,conditional_v8_fixed_policy_feasible,60,60,172,0.6172707393041583,15.499459275045549,0.6713607648391644,2.6398472106685404,7.498942093324558e+19
Q0_0p65,0.65,1.0,1.0,7.717915155850112e+19,8192,power,conditional_v8_fixed_policy_feasible,60,60,172,0.6255352856263483,15.746592943894536,0.6713607648391644,2.635387246664984,7.717915155850112e+19
Q0_0p65,0.65,1.0,1.0,7.94328234724279e+19,8192,power,conditional_v8_fixed_policy_feasible,60,60,172,0.6339156921680004,15.997469559084138,0.6713607648391644,2.630946393977675,7.943282347242788e+19
Q0_0p65,0.65,1.0,1.0,8.175230379436527e+19,8192,power,conditional_v8_fixed_policy_feasible,60,60,172,0.6424136243232468,16.252143893161346,0.6713607648391644,2.6265245534371706,8.175230379436525e+19
Q0_0p65,0.65,1.0,1.0,8.413951416451965e+19,8192,power,conditional_v8_fixed_policy_feasible,60,60,172,0.6510307720338677,16.51067150027294,0.6713607648391644,2.6221216265435237,8.413951416451963e+19
Q0_0p65,0.65,1.0,1.0,8.659643233600653e+19,8192,power,conditional_v8_fixed_policy_feasible,60,60,172,0.6597688501633284,16.773108726910138,0.6713607648391644,2.617737515459892,8.659643233600653e+19
Q0_0p65,0.65,1.0,1.0,8.91250938133744e+19,8192,power,conditional_v8_fixed_policy_feasible,60,60,172,0.6686295988767069,17.039512722791045,0.6713607648391644,2.6133721230062266,8.91250938133744e+19
Q0_0p65,0.65,1.0,1.0,9.172759353897766e+19,8192,power,conditional_v8_fixed_policy_feasible,60,60,172,0.6776147840266538,17.309941451883503,0.6713607648391644,2.6090253526530285,9.172759353897766e+19
Q0_0p65,0.65,1.0,1.0,9.440608762859264e+19,8192,power,conditional_v8_fixed_policy_feasible,60,60,172,0.6867261975454658,17.584453703569682,0.6713607648391644,2.6046971085151744,9.440608762859264e+19
Q0_0p65,0.65,1.0,1.0,9.716279515771078e+19,8192,power,conditional_v8_fixed_policy_feasible,60,60,172,0.6959656578433663,17.863109103953644,0.6713607648391644,2.6003872953458202,9.716279515771077e+19
Q0_0p65,0.65,1.0,1.0,1e+20,8192,power,conditional_v8_fixed_policy_feasible,60,60,172,0.7053350102131317,18.145968127314614,0.6713607648391644,2.596095818530356,9.999999999999998e+19
Q0_0p65,0.65,1.0,1.0,1.0292005271944264e+20,8192,power,conditional_v8_fixed_policy_feasible,60,60,172,0.7148361272411099,18.433092107706475,0.6713607648391644,2.591822584080447,1.0292005271944264e+20
Q0_0p65,0.65,1.0,1.0,1.0592537251772853e+20,8192,power,conditional_v8_fixed_policy_feasible,60,60,172,0.7244709092247933,18.724543250705693,0.6713607648391644,2.587567498628137,1.0592537251772852e+20
Q0_0p65,0.65,1.0,1.0,1.0901844923851312e+20,8192,power,conditional_v8_fixed_policy_feasible,60,60,172,0.7342412845970206,19.020384645309694,0.6713607648391644,2.583330469420008,1.0901844923851312e+20
Q0_0p65,0.65,1.0,1.0,1.1220184543019654e+20,8192,power,conditional_v8_fixed_policy_feasible,60,60,172,0.7441492103569193,19.320680275986522,0.6713607648391644,2.5791114043114276,1.1220184543019654e+20
Q0_0p65,0.65,1.0,1.0,1.1547819846894582e+20,8192,power,conditional_v8_fixed_policy_feasible,60,60,172,0.7541966725077363,19.62549503487897,0.6713607648391644,2.574910211760835,1.154781984689458e+20
Q0_0p65,0.65,1.0,1.0,1.1885022274370165e+20,8192,power,conditional_v8_fixed_policy_feasible,60,60,172,0.7643856865016126,19.934894734163322,0.6713607648391644,2.570726800824117,1.1885022274370164e+20
Q0_0p65,0.65,1.0,1.0,1.2232071190499276e+20,8192,power,conditional_v8_fixed_policy_feasible,60,60,172,0.7747182976914655,20.2489461185656,0.6713607648391644,2.5665610811490303,1.2232071190499276e+20
Q0_0p65,0.65,1.0,1.0,1.2589254117941713e+20,8192,power,conditional_v8_fixed_policy_feasible,60,60,172,0.7851965817900773,20.567716878036777,0.6713607648391644,2.5624129629696974,1.2589254117941713e+20
Q0_0p65,0.65,1.0,1.0,1.2956866975170216e+20,8192,power,conditional_v8_fixed_policy_feasible,60,60,172,0.7958226453365006,20.891275660588327,0.6713607648391644,2.5582823571011635,1.2956866975170216e+20
Q0_0p65,0.65,1.0,1.0,1.333521432163324e+20,8192,power,conditional_v8_fixed_policy_feasible,60,60,172,0.8065986261699397,21.219692085291264,0.6713607648391644,2.5541691749340094,1.333521432163324e+20
Q0_0p65,0.65,1.0,1.0,1.3724609610075598e+20,8192,power,conditional_v8_fixed_policy_feasible,60,60,172,0.817526693911179,21.553036755438743,0.6713607648391644,2.550073328429034,1.3724609610075596e+20
Q0_0p65,0.65,1.0,1.0,1.4125375446227496e+20,8192,power,conditional_v8_fixed_policy_feasible,60,60,172,0.8286090504517304,21.891381271875293,0.6713607648391644,2.545994730111993,1.4125375446227495e+20
Q0_0p65,0.65,1.0,1.0,1.4537843856076666e+20,8192,power,conditional_v8_fixed_policy_feasible,60,60,172,0.839847930450803,22.234798246494446,0.6713607648391644,2.5419332930683987,1.4537843856076666e+20
Q0_0p65,0.65,1.0,1.0,1.496235656094436e+20,8192,power,conditional_v8_fixed_policy_feasible,60,60,172,0.8512456018402239,22.583361315905755,0.6713607648391644,2.5378889309383843,1.496235656094436e+20
Q0_0p65,0.65,1.0,1.0,1.539926526059492e+20,8192,power,conditional_v8_fixed_policy_feasible,60,60,172,0.8628043663374819,22.93714515527486,0.6713607648391644,2.5338615579116164,1.539926526059492e+20
Q0_0p65,0.65,1.0,1.0,1.5848931924611108e+20,8192,power,conditional_v8_fixed_policy_feasible,60,60,172,0.8745265599669673,23.29622549233648,0.6713607648391644,2.5298510887222743,1.5848931924611108e+20
Q0_0p65,0.65,1.0,1.0,1.631172909227833e+20,8192,power,conditional_v8_fixed_policy_feasible,60,60,172,0.8864145535895956,23.660679121583748,0.6713607648391644,2.5258574386440857,1.631172909227833e+20
Q0_0p65,0.65,1.0,1.0,1.678804018122566e+20,8192,power,conditional_v8_fixed_policy_feasible,60,60,172,0.8984707534409399,24.03058391863529,0.6713607648391644,2.521880523485418,1.678804018122566e+20
Q0_0p65,0.65,1.0,1.0,1.7278259805078664e+20,8192,power,conditional_v8_fixed_policy_feasible,60,60,172,0.9106976016779896,24.40601885478175,0.6713607648391644,2.517920259584429,1.727825980507866e+20
Q0_0p65,0.65,1.0,1.0,1.778279410038923e+20,8192,power,conditional_v8_fixed_policy_feasible,60,60,172,0.9230975769347459,24.78706401171493,0.6713607648391644,2.5139765638042633,1.7782794100389226e+20
Q0_0p65,0.65,1.0,1.0,1.830206106311053e+20,8192,power,conditional_v8_fixed_policy_feasible,60,60,172,0.9356731948867192,25.17380059643985,0.6713607648391644,2.5100493535283195,1.830206106311053e+20
Q0_0p65,0.65,1.0,1.0,1.8836490894897945e+20,8192,power,conditional_v8_fixed_policy_feasible,60,60,172,0.9484270088245425,25.566310956373,0.6713607648391644,2.5061385466555595,1.8836490894897945e+20
Q0_0p65,0.65,1.0,1.0,1.9386526359522135e+20,8192,power,conditional_v8_fixed_policy_feasible,60,60,172,0.9613616102368245,25.964678594628612,0.6713607648391644,2.502244061595876,1.9386526359522135e+20
Q0_0p65,0.65,1.0,1.0,1.995262314968883e+20,8192,power,conditional_v8_fixed_policy_feasible,60,60,172,0.9744796294023905,26.3689881854942,0.6713607648391644,2.498365817265519,1.995262314968883e+20
Q0_0p65,0.65,1.0,1.0,2.053525026457146e+20,8192,power,conditional_v8_fixed_policy_feasible,60,60,172,0.9877837359921184,26.77932559009921,0.6713607648391644,2.4945037330825586,2.053525026457146e+20
Q0_0p65,0.65,1.0,1.0,2.1134890398366433e+20,8192,power,conditional_v8_fixed_policy_feasible,60,60,172,1.0012766396804587,27.19577787227673,0.6713607648391644,2.4906577289624217,2.113489039836643e+20
Q0_0p65,0.65,1.0,1.0,2.1752040340195154e+20,8192,power,conditional_v8_fixed_policy_feasible,60,60,172,1.0149610907668616,27.618433314621818,0.6713607648391644,2.486827725313462,2.1752040340195154e+20
Q0_0p65,0.65,1.0,1.0,2.238721138568347e+20,8192,power,conditional_v8_fixed_policy_feasible,60,60,172,1.02883988080725,28.047381434748374,0.6713607648391644,2.4830136430325913,2.238721138568347e+20
Q0_0p65,0.65,1.0,1.0,2.3040929760558495e+20,8192,power,conditional_v8_fixed_policy_feasible,60,60,172,1.042915843255703,28.482713001745655,0.6713607648391644,2.4792154035009597,2.3040929760558495e+20
Q0_0p65,0.65,1.0,1.0,2.3713737056616553e+20,8192,power,conditional_v8_fixed_policy_feasible,60,60,172,1.0571918541165697,28.924520052838744,0.6713607648391644,2.475432928579681,2.3713737056616553e+20
Q0_0p65,0.65,1.0,1.0,2.4406190680419762e+20,8192,power,conditional_v8_fixed_policy_feasible,60,60,172,1.0716708326071134,29.372895910252694,0.6713607648391644,2.471666140605607,2.440619068041976e+20
Q0_0p65,0.65,1.0,1.0,2.5118864315095718e+20,8192,power,conditional_v8_fixed_policy_feasible,60,60,172,1.0863557418309326,29.827935198284074,0.6713607648391644,2.467914962387163,2.5118864315095715e+20
Q0_0p65,0.65,1.0,1.0,2.585234839562199e+20,8192,power,conditional_v8_fixed_policy_feasible,60,60,172,1.10124958946231,30.289733860581876,0.6713607648391644,2.4641793172002124,2.585234839562199e+20
Q0_0p65,0.65,1.0,1.0,2.660725059798814e+20,8192,power,conditional_v8_fixed_policy_feasible,60,60,172,1.1163554284416592,30.758389177639216,0.6713607648391644,2.460459128783988,2.660725059798814e+20
Q0_0p65,0.65,1.0,1.0,2.7384196342643612e+20,8192,power,conditional_v8_fixed_policy_feasible,60,60,172,1.1316763576823219,31.233999784499968,0.6713607648391644,2.4567543213370504,2.7384196342643612e+20
Q0_0p65,0.65,1.0,1.0,2.818382931264449e+20,8192,power,conditional_v8_fixed_policy_feasible,60,60,172,1.147215522788827,31.716665688679957,0.6713607648391644,2.4530648195133096,2.818382931264449e+20
Q0_0p65,0.65,1.0,1.0,2.9006811986931443e+20,8192,power,conditional_v8_fixed_policy_feasible,60,60,172,1.1629761167868584,32.20648828830719,0.6713607648391644,2.4493905484180845,2.900681198693144e+20
Q0_0p65,0.65,1.0,1.0,2.9853826189179696e+20,8192,power,conditional_v8_fixed_policy_feasible,60,60,172,1.178961380865126,32.70357039048242,0.6713607648391644,2.4457314336042084,2.9853826189179696e+20
Q0_0p65,0.65,1.0,1.0,3.072557365267452e+20,8192,power,conditional_v8_fixed_policy_feasible,60,60,172,1.1951746051293035,33.208016229861975,0.6713607648391644,2.442087401068182,3.0725573652674524e+20
Q0_0p65,0.65,1.0,1.0,3.1622776601683794e+20,8192,power,conditional_v8_fixed_policy_feasible,60,60,172,1.2116191293683263,33.71993148746691,0.6713607648391644,2.438458377246365,3.1622776601683794e+20
Q0_0p65,0.65,1.0,1.0,3.254617834980453e+20,8192,power,conditional_v8_fixed_policy_feasible,60,60,172,1.228298343833145,34.23942330971853,0.6713607648391644,2.434844289011218,3.254617834980454e+20
Q0_0p65,0.65,1.0,1.0,3.3496543915782655e+20,8192,power,conditional_v8_fixed_policy_feasible,60,60,172,1.2452156900282423,34.76660032770415,0.6713607648391644,2.4312450636675815,3.349654391578266e+20
Q0_0p65,0.65,1.0,1.0,3.4474660657315054e+20,8192,power,conditional_v8_fixed_policy_feasible,60,60,172,1.2623746615160885,35.30157267667518,0.6713607648391644,2.4276606289490035,3.447466065731506e+20
Q0_0p65,0.65,1.0,1.0,3.54813389233576e+20,8192,power,conditional_v8_fixed_policy_feasible,60,60,172,1.2797788047347396,35.84445201577913,0.6713607648391644,2.4240909130141075,3.54813389233576e+20
Q0_0p65,0.65,1.0,1.0,3.651741272548377e+20,8192,power,conditional_v8_fixed_policy_feasible,60,60,172,1.2974317198288823,36.395351548030035,0.6713607648391644,2.420535844442994,3.651741272548377e+20
Q0_0p65,0.65,1.0,1.0,3.7583740428844355e+20,8192,power,conditional_v8_fixed_policy_feasible,60,60,172,1.3153370614944508,36.9543860405166,0.6713607648391644,2.4169953522336978,3.7583740428844355e+20
Q0_0p65,0.65,1.0,1.0,3.868120546330509e+20,8192,power,conditional_v8_fixed_policy_feasible,60,60,172,1.33349853983712,37.52167184485341,0.6713607648391644,2.4134693657986723,3.86812054633051e+20
Q0_0p65,0.65,1.0,1.0,3.9810717055349857e+20,8192,power,conditional_v8_fixed_policy_feasible,60,60,172,1.3519199212449013,38.09732691787586,0.6713607648391644,2.4099578149613237,3.9810717055349857e+20
Q0_0p65,0.65,1.0,1.0,4.0973210981354216e+20,8192,power,conditional_v8_fixed_policy_feasible,60,60,172,1.3706050292750431,38.68147084258156,0.6713607648391644,2.40646062995258,4.0973210981354216e+20
Q0_0p65,0.65,1.0,1.0,4.216965034285823e+20,8192,power,conditional_v8_fixed_policy_feasible,60,60,172,1.389557745555572,39.27422484932217,0.6713607648391644,2.4029777414074966,4.2169650342858234e+20
Q0_0p65,0.65,1.0,1.0,4.3401026364474314e+20,8192,power,conditional_v8_fixed_policy_feasible,60,60,172,1.4087820107016062,39.875711837245795,0.6713607648391644,2.3995090803619092,4.3401026364474314e+20
Q0_0p65,0.65,1.0,1.0,4.466835921509617e+20,8192,power,conditional_v8_fixed_policy_feasible,60,60,172,1.4282818252468046,40.486056395993884,0.6713607648391644,2.396054578249115,4.466835921509617e+20
Q0_0p65,0.65,1.0,1.0,4.5972698853087366e+20,8192,power,conditional_v8_fixed_policy_feasible,60,60,172,1.4480612505901431,41.105384827655506,0.6713607648391644,2.3926141668965983,4.597269885308737e+20
Q0_0p65,0.65,1.0,1.0,4.7315125896148124e+20,8192,power,conditional_v8_fixed_policy_feasible,60,60,172,1.4681244099582995,41.73382516897957,0.6713607648391644,2.3891877785227926,4.731512589614813e+20
Q0_0p65,0.65,1.0,1.0,4.8696752516586314e+20,8192,power,conditional_v8_fixed_policy_feasible,60,60,172,1.4884754893839647,42.371507213851004,0.6713607648391644,2.385775345733874,4.8696752516586314e+20
Q0_0p65,0.65,1.0,1.0,5.0118723362727146e+20,8192,power,conditional_v8_fixed_policy_feasible,60,60,172,1.5091187387002731,43.018562536029265,0.6713607648391644,2.382376801520599,5.011872336272715e+20
Q0_0p65,0.65,1.0,1.0,5.15822165072304e+20,8192,power,conditional_v8_fixed_policy_feasible,60,60,172,1.530058472551678,43.67512451215534,0.6713607648391644,2.3789920792551724,5.15822165072304e+20
Q0_0p65,0.65,1.0,1.0,5.308844442309901e+20,8192,power,conditional_v8_fixed_policy_feasible,60,60,172,1.5512990714215833,44.341328345027534,0.6713607648391644,2.3756211126881515,5.308844442309901e+20
Q0_0p65,0.65,1.0,1.0,5.463865498818551e+20,8192,power,conditional_v8_fixed_policy_feasible,60,60,172,1.5728449826769304,45.01731108714933,0.6713607648391644,2.372263835945389,5.463865498818551e+20
Q0_0p65,0.65,1.0,1.0,5.6234132519034906e+20,8192,power,conditional_v8_fixed_policy_feasible,60,60,172,1.5947007216301738,45.70321166455352,0.6713607648391644,2.368920183525004,5.6234132519034906e+20
Q0_0p65,0.65,1.0,1.0,5.787619883491197e+20,8192,power,conditional_v8_fixed_policy_feasible,60,60,172,1.616870872618801,46.39917090090205,0.6713607648391644,2.3655900902943925,5.787619883491197e+20
Q0_0p65,0.65,1.0,1.0,5.956621435290085e+20,8192,power,conditional_v8_fixed_policy_feasible,60,60,172,1.6393600901027985,47.10533154186698,0.6713607648391644,2.3622734914872705,5.956621435290085e+20
Q0_0p65,0.65,1.0,1.0,6.130557921498227e+20,8192,power,conditional_v8_fixed_policy_feasible,60,60,172,1.6621730997803468,47.82183827979433,0.6713607648391644,2.3589703227007464,6.130557921498227e+20
Q0_0p65,0.65,1.0,1.0,6.309573444801943e+20,8192,power,conditional_v8_fixed_policy_feasible,60,60,172,1.6853146997220338,48.54883777865212,0.6713607648391644,2.3556805198924344,6.309573444801945e+20
Q0_0p65,0.65,1.0,1.0,6.493816315762113e+20,8192,power,conditional_v8_fixed_policy_feasible,60,60,172,1.7087897615239958,49.286478699268905,0.6713607648391644,2.35240401937759,6.493816315762115e+20
Q0_0p65,0.65,1.0,1.0,6.683439175686135e+20,8192,power,conditional_v8_fixed_policy_feasible,60,60,172,1.7326032314801967,50.03491172486096,0.6713607648391644,2.3491407578262855,6.683439175686135e+20
Q0_0p65,0.65,1.0,1.0,6.878599123088053e+20,8192,power,conditional_v8_fixed_policy_feasible,60,60,172,1.7567601317742658,50.79428958685426,0.6713607648391644,2.3458906722606145,6.878599123088053e+20
Q0_0p65,0.65,1.0,1.0,7.079457843841402e+20,8192,power,conditional_v8_fixed_policy_feasible,60,60,172,1.7812655616912254,51.564767091002395,0.6713607648391644,2.342653700051924,7.079457843841402e+20
Q0_0p65,0.65,1.0,1.0,7.28618174513229e+20,8192,power,conditional_v8_fixed_policy_feasible,60,60,172,1.8061246988493886,52.34650114380288,0.6713607648391644,2.3394297789180873,7.28618174513229e+20
Q0_0p65,0.65,1.0,1.0,7.498942093324558e+20,8192,power,conditional_v8_fixed_policy_feasible,60,60,172,1.8313428004529155,53.13965077921712,0.6713607648391644,2.336218846920795,7.498942093324558e+20
Q0_0p65,0.65,1.0,1.0,7.717915155850111e+20,8192,power,conditional_v8_fixed_policy_feasible,60,60,172,1.8569252045652334,53.94437718569285,0.6713607648391644,2.3330208424628816,7.717915155850113e+20
Q0_0p65,0.65,1.0,1.0,7.943282347242789e+20,8192,power,conditional_v8_fixed_policy_feasible,60,60,172,1.8828773314037903,54.76084373349505,0.6713607648391644,2.329835704285685,7.943282347242789e+20
Q0_0p65,0.65,1.0,1.0,8.175230379436527e+20,8192,power,conditional_v8_fixed_policy_feasible,60,60,172,1.9092046846564978,55.58921600234672,0.6713607648391644,2.326663371466428,8.175230379436527e+20
Q0_0p65,0.65,1.0,1.0,8.413951416451965e+20,8192,power,conditional_v8_fixed_policy_feasible,60,60,172,1.935912852820184,56.42966180938167,0.6713607648391644,2.32350378341564,8.413951416451965e+20
Q0_0p65,0.65,1.0,1.0,8.659643233600653e+20,8192,power,conditional_v8_fixed_policy_feasible,60,60,172,1.9630075105615779,57.282351237414986,0.6713607648391644,2.3203568798745895,8.659643233600653e+20
Q0_0p65,0.65,1.0,1.0,8.91250938133744e+20,8192,power,conditional_v8_fixed_policy_feasible,60,60,172,1.9904944201010504,58.14745666353,0.6713607648391644,2.317222600912763,8.91250938133744e+20
Q0_0p65,0.65,1.0,1.0,9.172759353897766e+20,8192,power,conditional_v8_fixed_policy_feasible,60,60,172,2.018379432619643,59.02515278798746,0.6713607648391644,2.3141008869253605,9.172759353897766e+20
Q0_0p65,0.65,1.0,1.0,9.440608762859264e+20,8192,power,conditional_v8_fixed_policy_feasible,60,60,172,2.0466684896897553,59.91561666345873,0.6713607648391644,2.31099167863082,9.440608762859264e+20
Q0_0p65,0.65,1.0,1.0,9.716279515771078e+20,8192,power,conditional_v8_fixed_policy_feasible,60,60,172,2.075367624729849,60.81902772458508,0.6713607648391644,2.307894917068376,9.716279515771078e+20
Q0_0p65,0.65,1.0,1.0,1e+21,8192,power,conditional_v8_fixed_policy_feasible,60,60,172,2.104482964483742,61.735567817868876,0.6713607648391644,2.3048105435956336,1e+21
quality_scale_0p5,0.5,0.5,1.0,1e+19,8192,power,conditional_v8_fixed_policy_feasible,79,50,172,0.11044281894530424,10.0,0.5533833251925064,3.1140676774336447,1.0000000000000002e+19
quality_scale_0p5,0.5,0.5,1.0,1.0292005271944266e+19,8192,power,conditional_v8_fixed_policy_feasible,79,51,172,0.11426567807737725,10.0,0.5533833251925064,3.1051490103037387,1.0292005271944268e+19
quality_scale_0p5,0.5,0.5,1.0,1.0592537251772854e+19,8192,power,conditional_v8_fixed_policy_feasible,79,52,172,0.11820016671149679,10.0,0.5533833251925064,3.096368114881776,1.0592537251772854e+19
quality_scale_0p5,0.5,0.5,1.0,1.0901844923851313e+19,8192,power,conditional_v8_fixed_policy_feasible,79,54,172,0.12224954448797433,10.0,0.5533833251925064,3.0877208215784875,1.0901844923851315e+19
quality_scale_0p5,0.5,0.5,1.0,1.1220184543019653e+19,8192,power,conditional_v8_fixed_policy_feasible,79,56,172,0.1264171662303332,10.0,0.5533833251925064,3.079203160076132,1.1220184543019653e+19
quality_scale_0p5,0.5,0.5,1.0,1.1547819846894582e+19,8192,power,conditional_v8_fixed_policy_feasible,79,57,172,0.13070648472471588,10.000000000000002,0.5533833251925064,3.0708113469011487,1.1547819846894582e+19
quality_scale_0p5,0.5,0.5,1.0,1.1885022274370165e+19,8192,power,conditional_v8_fixed_policy_feasible,79,60,172,0.1351210535804394,10.0,0.5533833251925064,3.0625417739345866,1.1885022274370167e+19
quality_scale_0p5,0.5,0.5,1.0,1.2232071190499275e+19,8192,power,conditional_v8_fixed_policy_feasible,79,63,172,0.1396645301740861,10.0,0.5533833251925064,3.054390997777359,1.2232071190499275e+19
quality_scale_0p5,0.5,0.5,1.0,1.2589254117941713e+19,8192,power,conditional_v8_fixed_policy_feasible,79,67,172,0.1443406786795642,10.0,0.5533833251925064,3.0463557298957906,1.2589254117941715e+19
quality_scale_0p5,0.5,0.5,1.0,1.2956866975170216e+19,8192,power,conditional_v8_fixed_policy_feasible,79,67,172,0.14915337318664035,10.0,0.5533833251925064,3.038432827480386,1.295686697517022e+19
quality_scale_0p5,0.5,0.5,1.0,1.3335214321633241e+19,8192,power,conditional_v8_fixed_policy_feasible,79,72,172,0.15410660091054879,10.000000000000002,0.5533833251925064,3.0306192849572864,1.3335214321633243e+19
quality_scale_0p5,0.5,0.5,1.0,1.3724609610075597e+19,8192,power,conditional_v8_fixed_policy_feasible,79,79,172,0.15920446549530942,10.0,0.5533833251925064,3.0229122260978505,1.3724609610075599e+19
quality_scale_0p5,0.5,0.5,1.0,1.4125375446227497e+19,8192,power,conditional_v8_fixed_policy_feasible,79,79,172,0.1644511904135109,10.0,0.5533833251925064,3.0153088966769293,1.41253754462275e+19
quality_scale_0p5,0.5,0.5,1.0,1.4537843856076667e+19,8192,power,conditional_v8_fixed_policy_feasible,79,79,172,0.16985112246536951,10.0,0.5533833251925064,3.0078066576351485,1.4537843856076669e+19
quality_scale_0p5,0.5,0.5,1.0,1.496235656094436e+19,8192,power,conditional_v8_fixed_policy_feasible,79,79,172,0.1754087353799549,10.0,0.5533833251925064,3.000402978704659,1.496235656094436e+19
quality_scale_0p5,0.5,0.5,1.0,1.539926526059492e+19,8192,power,conditional_v8_fixed_policy_feasible,79,79,172,0.18112863352158878,10.0,0.5533833251925064,2.9930954324615158,1.539926526059492e+19
quality_scale_0p5,0.5,0.5,1.0,1.5848931924611109e+19,8192,power,conditional_v8_fixed_policy_feasible,79,79,172,0.18701555570445677,10.0,0.5533833251925064,2.985881688771294,1.5848931924611109e+19
quality_scale_0p5,0.5,0.5,1.0,1.631172909227833e+19,8192,power,conditional_v8_fixed_policy_feasible,79,79,172,0.19307437911861708,10.0,0.5533833251925064,2.978759509597432,1.631172909227833e+19
quality_scale_0p5,0.5,0.5,1.0,1.6788040181225658e+19,8192,power,conditional_v8_fixed_policy_feasible,79,79,172,0.19931012337065063,10.0,0.5533833251925064,2.9717267441445956,1.678804018122566e+19
quality_scale_0p5,0.5,0.5,1.0,1.7278259805078663e+19,8192,power,conditional_v8_fixed_policy_feasible,79,79,172,0.20572795464229135,10.0,0.5533833251925064,2.9647813243117374,1.7278259805078665e+19
quality_scale_0p5,0.5,0.5,1.0,1.7782794100389229e+19,8192,power,conditional_v8_fixed_policy_feasible,79,79,172,0.2123331899705088,10.000000000000002,0.5533833251925064,2.9579212604317195,1.7782794100389229e+19
quality_scale_0p5,0.5,0.5,1.0,1.8302061063110531e+19,8192,power,conditional_v8_fixed_policy_feasible,79,79,172,0.2191313016525535,10.000000000000002,0.5533833251925064,2.9511446372763834,1.8302061063110533e+19
quality_scale_0p5,0.5,0.5,1.0,1.8836490894897943e+19,8192,power,conditional_v8_fixed_policy_feasible,79,79,172,0.22612792177964053,10.0,0.5533833251925064,2.9444496103076996,1.8836490894897943e+19
quality_scale_0p5,0.5,0.5,1.0,1.9386526359522136e+19,8192,power,conditional_v8_fixed_policy_feasible,79,79,172,0.23332884690301967,10.0,0.5533833251925064,2.9378344021572556,1.9386526359522136e+19
quality_scale_0p5,0.5,0.5,1.0,1.9952623149688828e+19,8192,power,conditional_v8_fixed_policy_feasible,79,79,172,0.24074004283628697,10.0,0.5533833251925064,2.9312972993178414,1.9952623149688828e+19
quality_scale_0p5,0.5,0.5,1.0,2.053525026457146e+19,8192,power,conditional_v8_fixed_policy_feasible,79,79,172,0.2483676495979469,10.000000000000002,0.5533833251925064,2.924836649032151,2.053525026457146e+19
quality_scale_0p5,0.5,0.5,1.0,2.1134890398366433e+19,8192,power,conditional_v8_fixed_policy_feasible,79,79,172,0.2562179864982791,10.000000000000002,0.5533833251925064,2.918450856364911,2.1134890398366433e+19
quality_scale_0p5,0.5,0.5,1.0,2.1752040340195156e+19,8192,power,conditional_v8_fixed_policy_feasible,79,79,172,0.26429755737475485,10.0,0.5533833251925064,2.9121383814457746,2.1752040340195156e+19
quality_scale_0p5,0.5,0.5,1.0,2.238721138568347e+19,8192,power,conditional_v8_fixed_policy_feasible,79,79,172,0.2726130559803308,10.0,0.5533833251925064,2.9058977368713537,2.2387211385683472e+19
quality_scale_0p5,0.5,0.5,1.0,2.3040929760558494e+19,8192,power,conditional_v8_fixed_policy_feasible,79,79,172,0.2811713715290717,10.0,0.5533833251925064,2.899727485255663,2.304092976055849e+19
quality_scale_0p5,0.5,0.5,1.0,2.3713737056616554e+19,8192,power,conditional_v8_fixed_policy_feasible,79,79,172,0.2899795944037321,10.0,0.5533833251925064,2.8936262369190673,2.3713737056616554e+19
quality_scale_0p5,0.5,0.5,1.0,2.4406190680419762e+19,8192,power,conditional_v8_fixed_policy_feasible,79,79,172,0.29904502202997857,10.0,0.5533833251925064,2.887592647706611,2.4406190680419766e+19
quality_scale_0p5,0.5,0.5,1.0,2.511886431509572e+19,8192,power,conditional_v8_fixed_policy_feasible,79,79,172,0.30837516492215433,10.0,0.5533833251925064,2.881625416927267,2.511886431509572e+19
quality_scale_0p5,0.5,0.5,1.0,2.585234839562199e+19,8192,power,conditional_v8_fixed_policy_feasible,79,79,172,0.3179777529055837,10.0,0.5533833251925064,2.875723285406288,2.5852348395621986e+19
quality_scale_0p5,0.5,0.5,1.0,2.660725059798814e+19,8192,power,conditional_v8_fixed_policy_feasible,79,79,172,0.3278607415205573,10.000000000000004,0.5533833251925064,2.8698850336434423,2.660725059798814e+19
quality_scale_0p5,0.5,0.5,1.0,2.7384196342643614e+19,8192,power,conditional_v8_fixed_policy_feasible,79,79,172,0.3380323186133448,10.0,0.5533833251925064,2.86410948007039,2.7384196342643614e+19
quality_scale_0p5,0.5,0.5,1.0,2.8183829312644493e+19,8192,power,conditional_v8_fixed_policy_feasible,79,79,172,0.3485009111196404,10.0,0.5533833251925064,2.8583954794010324,2.8183829312644493e+19
quality_scale_0p5,0.5,0.5,1.0,2.900681198693144e+19,8192,power,conditional_v8_fixed_policy_feasible,79,79,172,0.3592751920461033,10.0,0.5533833251925064,2.8527419210690175,2.9006811986931438e+19
quality_scale_0p5,0.5,0.5,1.0,2.9853826189179695e+19,8192,power,conditional_v8_fixed_policy_feasible,79,79,172,0.3703640876557631,10.0,0.5533833251925064,2.8471477277470645,2.985382618917969e+19
quality_scale_0p5,0.5,0.5,1.0,3.072557365267452e+19,8192,power,conditional_v8_fixed_policy_feasible,79,79,172,0.38177678486322575,10.0,0.5533833251925064,2.8416118539431268,3.0725573652674515e+19
quality_scale_0p5,0.5,0.5,1.0,3.162277660168379e+19,8192,power,conditional_v8_fixed_policy_feasible,79,79,172,0.3935227388458566,10.0,0.5533833251925064,2.8361332846687315,3.162277660168379e+19
quality_scale_0p5,0.5,0.5,1.0,3.2546178349804536e+19,8192,power,conditional_v8_fixed_policy_feasible,79,79,172,0.40561168087718175,10.0,0.5533833251925064,2.8307110341752164,3.254617834980453e+19
quality_scale_0p5,0.5,0.5,1.0,3.3496543915782656e+19,8192,power,conditional_v8_fixed_policy_feasible,79,79,172,0.4180536263890445,10.0,0.5533833251925064,2.8253441447538186,3.349654391578265e+19
quality_scale_0p5,0.5,0.5,1.0,3.447466065731505e+19,8192,power,conditional_v8_fixed_policy_feasible,79,79,172,0.4308588832691816,10.0,0.5533833251925064,2.820031685595879,3.447466065731505e+19
quality_scale_0p5,0.5,0.5,1.0,3.5481338923357606e+19,8192,power,conditional_v8_fixed_policy_feasible,79,79,172,0.4440380604010751,10.0,0.5533833251925064,2.8147727517096657,3.54813389233576e+19
quality_scale_0p5,0.5,0.5,1.0,3.651741272548377e+19,8192,power,conditional_v8_fixed_policy_feasible,79,79,172,0.4576020764532086,10.0,0.5533833251925064,2.8095664628905452,3.6517412725483766e+19
quality_scale_0p5,0.5,0.5,1.0,3.758374042884435e+19,8192,power,conditional_v8_fixed_policy_feasible,79,79,172,0.471562168924938,10.0,0.5533833251925064,2.804411962741468,3.758374042884435e+19
quality_scale_0p5,0.5,0.5,1.0,3.868120546330509e+19,8192,power,conditional_v8_fixed_policy_feasible,79,79,172,0.48516786463284095,10.015070703127284,0.5533833251925064,2.7993082950180903,3.8681205463305085e+19
quality_scale_0p5,0.5,0.5,1.0,3.981071705534986e+19,8192,power,conditional_v8_fixed_policy_feasible,79,79,172,0.49162165792321305,10.17761357258347,0.5533833251925064,2.79423835884838,3.981071705534986e+19
quality_scale_0p5,0.5,0.5,1.0,4.097321098135422e+19,8192,power,conditional_v8_fixed_policy_feasible,79,79,172,0.4981670608387546,10.342610293435872,0.5533833251925064,2.789190396642204,4.097321098135422e+19
quality_scale_0p5,0.5,0.5,1.0,4.216965034285823e+19,8192,power,conditional_v8_fixed_policy_feasible,79,79,172,0.504805417735785,10.510095946681236,0.5533833251925064,2.784164285581484,4.216965034285823e+19
quality_scale_0p5,0.5,0.5,1.0,4.340102636447431e+19,8192,power,conditional_v8_fixed_policy_feasible,79,79,172,0.5115380932601716,10.68010609813017,0.5533833251925064,2.7791599037727788,4.34010263644743e+19
quality_scale_0p5,0.5,0.5,1.0,4.466835921509617e+19,8192,power,conditional_v8_fixed_policy_feasible,79,79,172,0.5183664726652121,10.852676804829485,0.5533833251925064,2.77417713023808,4.466835921509617e+19
quality_scale_0p5,0.5,0.5,1.0,4.597269885308737e+19,8192,power,conditional_v8_fixed_policy_feasible,79,79,172,0.5252919621347166,11.027844621561702,0.5533833251925064,2.769215844905704,4.597269885308737e+19
quality_scale_0p5,0.5,0.5,1.0,4.731512589614812e+19,8192,power,conditional_v8_fixed_policy_feasible,79,79,172,0.5323159891113762,11.20564660742216,0.5533833251925064,2.7642759286012732,4.731512589614812e+19
quality_scale_0p5,0.5,0.5,1.0,4.869675251658631e+19,8192,power,conditional_v8_fixed_policy_feasible,79,79,172,0.5394400026305365,11.3861203324752,0.5533833251925064,2.7593572630387855,4.869675251658631e+19
quality_scale_0p5,0.5,0.5,1.0,5.011872336272715e+19,8192,power,conditional_v8_fixed_policy_feasible,79,79,172,0.546665473659424,11.569303884489395,0.5533833251925064,2.754459730811783,5.011872336272715e+19
quality_scale_0p5,0.5,0.5,1.0,5.15822165072304e+19,8192,power,conditional_v8_fixed_policy_feasible,79,79,172,0.5539938954419577,11.75523587575316,0.5533833251925064,2.749583215384607,5.158221650723039e+19
quality_scale_0p5,0.5,0.5,1.0,5.308844442309901e+19,8192,power,conditional_v8_fixed_policy_feasible,79,79,172,0.561426783849224,11.943955449971464,0.5533833251925064,2.7447276010837385,5.308844442309901e+19
quality_scale_0p5,0.5,0.5,1.0,5.463865498818551e+19,8192,power,conditional_v8_fixed_policy_feasible,79,79,172,0.568965677735704,12.135502289244117,0.5533833251925064,2.7398927730892435,5.463865498818551e+19
quality_scale_0p5,0.5,0.5,1.0,5.6234132519034905e+19,8192,power,conditional_v8_fixed_policy_feasible,79,79,172,0.5766121393013868,12.329916621127209,0.5533833251925064,2.735078617426282,5.62341325190349e+19
quality_scale_0p5,0.5,0.5,1.0,5.787619883491197e+19,8192,power,conditional_v8_fixed_policy_feasible,79,79,172,0.5843677544598199,12.527239225777612,0.5533833251925064,2.73028502095673,5.787619883491198e+19
quality_scale_0p5,0.5,0.5,1.0,5.956621435290085e+19,8192,power,conditional_v8_fixed_policy_feasible,79,79,172,0.5922341332122426,12.727511443181884,0.5533833251925064,2.725511871370874,5.956621435290086e+19
quality_scale_0p5,0.5,0.5,1.0,6.1305579214982275e+19,8192,power,conditional_v8_fixed_policy_feasible,79,79,172,0.6002129100278842,12.930775180470475,0.5533833251925064,2.7207590571791953,6.1305579214982275e+19
quality_scale_0p5,0.5,0.5,1.0,6.309573444801943e+19,8192,power,conditional_v8_fixed_policy_feasible,79,79,172,0.6083057442305291,13.137072919317557,0.5533833251925064,2.7160264677042485,6.309573444801944e+19
quality_scale_0p5,0.5,0.5,1.0,6.493816315762113e+19,8192,power,conditional_v8_fixed_policy_feasible,79,79,172,0.6165143203914909,13.346447723428229,0.5533833251925064,2.711313993072609,6.493816315762114e+19
quality_scale_0p5,0.5,0.5,1.0,6.683439175686135e+19,8192,power,conditional_v8_fixed_policy_feasible,79,79,172,0.6248403487290576,13.558943246112845,0.5533833251925064,2.7066215242069225,6.683439175686135e+19
quality_scale_0p5,0.5,0.5,1.0,6.878599123088054e+19,8192,power,conditional_v8_fixed_policy_feasible,79,79,172,0.6332855655145558,13.774603737950143,0.5533833251925064,2.70194895281803,6.878599123088055e+19
quality_scale_0p5,0.5,0.5,1.0,7.0794578438414025e+19,8192,power,conditional_v8_fixed_policy_feasible,79,79,172,0.6418517334851377,13.993474054539718,0.5533833251925064,2.6972961713971766,7.0794578438414025e+19
quality_scale_0p5,0.5,0.5,1.0,7.286181745132289e+19,8192,power,conditional_v8_fixed_policy_feasible,79,79,172,0.6505406422633917,14.215599664344495,0.5533833251925064,2.692663073208307,7.28618174513229e+19
quality_scale_0p5,0.5,0.5,1.0,7.498942093324558e+19,8192,power,conditional_v8_fixed_policy_feasible,79,79,172,0.659354108783936,14.441026656624866,0.5533833251925064,2.68804955228044,7.49894209332456e+19
quality_scale_0p5,0.5,0.5,1.0,7.717915155850112e+19,8192,power,conditional_v8_fixed_policy_feasible,79,79,172,0.6682939777270679,14.669801749464133,0.5533833251925064,2.683455503400125,7.717915155850112e+19
quality_scale_0p5,0.5,0.5,1.0,7.94328234724279e+19,8192,power,conditional_v8_fixed_policy_feasible,79,79,172,0.6773621219596184,14.90197229788727,0.5533833251925064,2.678880822103984,7.943282347242791e+19
quality_scale_0p5,0.5,0.5,1.0,8.175230379436527e+19,8192,power,conditional_v8_fixed_policy_feasible,79,79,172,0.6865604429831372,15.1375863020733,0.5533833251925064,2.674325404671323,8.175230379436528e+19
quality_scale_0p5,0.5,0.5,1.0,8.413951416451965e+19,8192,power,conditional_v8_fixed_policy_feasible,79,79,172,0.6958908713895189,15.376692415661937,0.5533833251925064,2.6697891481168443,8.413951416451967e+19
quality_scale_0p5,0.5,0.5,1.0,8.659643233600653e+19,8192,power,conditional_v8_fixed_policy_feasible,79,79,172,0.7053553673242311,15.619339954156539,0.5533833251925064,2.6652719501834086,8.659643233600653e+19
quality_scale_0p5,0.5,0.5,1.0,8.91250938133744e+19,8192,power,conditional_v8_fixed_policy_feasible,79,79,172,0.7149559209572389,15.86557890342265,0.5533833251925064,2.660773709334902,8.91250938133744e+19
quality_scale_0p5,0.5,0.5,1.0,9.172759353897766e+19,8192,power,conditional_v8_fixed_policy_feasible,79,79,172,0.7246945529617861,16.115459928284263,0.5533833251925064,2.656294324749166,9.172759353897766e+19
quality_scale_0p5,0.5,0.5,1.0,9.440608762859264e+19,8192,power,conditional_v8_fixed_policy_feasible,79,79,172,0.7345733150011615,16.369034381218338,0.5533833251925064,2.651833696311009,9.440608762859266e+19
quality_scale_0p5,0.5,0.5,1.0,9.716279515771078e+19,8192,power,conditional_v8_fixed_policy_feasible,79,79,172,0.7445942902235839,16.626354311147917,0.5533833251925064,2.6473917246052983,9.716279515771078e+19
quality_scale_0p5,0.5,0.5,1.0,1e+20,8192,power,conditional_v8_fixed_policy_feasible,79,79,172,0.754759593765374,16.88747247233617,0.5533833251925064,2.6429683109101165,1e+20
quality_scale_0p5,0.5,0.5,1.0,1.0292005271944264e+20,8192,power,conditional_v8_fixed_policy_feasible,79,79,172,0.7650713732625171,17.152442333380545,0.5533833251925064,2.638563357190006,1.0292005271944266e+20
quality_scale_0p5,0.5,0.5,1.0,1.0592537251772853e+20,8192,power,conditional_v8_fixed_policy_feasible,79,79,172,0.7755318093707939,17.4213180863092,0.5533833251925064,2.6341767660892796,1.0592537251772853e+20
quality_scale_0p5,0.5,0.5,1.0,1.0901844923851312e+20,8192,power,conditional_v8_fixed_policy_feasible,79,79,172,0.7861431162946282,17.694154655780153,0.5533833251925064,2.629808440925408,1.0901844923851312e+20
quality_scale_0p5,0.5,0.5,1.0,1.1220184543019654e+20,8192,power,conditional_v8_fixed_policy_feasible,79,79,172,0.796907542324771,17.97100770838391,0.5533833251925064,2.625458285682484,1.1220184543019655e+20
quality_scale_0p5,0.5,0.5,1.0,1.1547819846894582e+20,8192,power,conditional_v8_fixed_policy_feasible,79,79,172,0.8078273703850464,18.251933662051293,0.5533833251925064,2.621126205004749,1.1547819846894582e+20
quality_scale_0p5,0.5,0.5,1.0,1.1885022274370165e+20,8192,power,conditional_v8_fixed_policy_feasible,79,79,172,0.8189049185882317,18.536989695566266,0.5533833251925064,2.616812104190202,1.1885022274370165e+20
quality_scale_0p5,0.5,0.5,1.0,1.2232071190499276e+20,8192,power,conditional_v8_fixed_policy_feasible,79,79,172,0.8301425408012976,18.826233758185566,0.5533833251925064,2.6125158891842775,1.2232071190499276e+20
quality_scale_0p5,0.5,0.5,1.0,1.2589254117941713e+20,8192,power,conditional_v8_fixed_policy_feasible,79,79,172,0.841542627220149,19.119724579365787,0.5533833251925064,2.608237466573584,1.2589254117941713e+20
quality_scale_0p5,0.5,0.5,1.0,1.2956866975170216e+20,8192,power,conditional_v8_fixed_policy_feasible,79,79,172,0.853107604954019,19.417521678598487,0.5533833251925064,2.603976743579733,1.2956866975170216e+20
quality_scale_0p5,0.5,0.5,1.0,1.333521432163324e+20,8192,power,conditional_v8_fixed_policy_feasible,79,79,172,0.8648399386197363,19.719685375355446,0.5533833251925064,2.5997336280532135,1.3335214321633242e+20
quality_scale_0p5,0.5,0.5,1.0,1.3724609610075598e+20,8192,power,conditional_v8_fixed_policy_feasible,79,79,172,0.8767421309459731,20.026276799143385,0.5533833251925064,2.595508028467353,1.3724609610075598e+20
quality_scale_0p5,0.5,0.5,1.0,1.4125375446227496e+20,8192,power,conditional_v8_fixed_policy_feasible,79,79,172,0.8888167233877027,20.33735789967034,0.5533833251925064,2.591299853912337,1.4125375446227498e+20
quality_scale_0p5,0.5,0.5,1.0,1.4537843856076666e+20,8192,power,conditional_v8_fixed_policy_feasible,79,79,172,0.9010662967510271,20.65299145712423,0.5533833251925064,2.587109014089299,1.4537843856076666e+20
quality_scale_0p5,0.5,0.5,1.0,1.496235656094436e+20,8192,power,conditional_v8_fixed_policy_feasible,79,79,172,0.9134934718285418,20.973241092564137,0.5533833251925064,2.5829354193044827,1.496235656094436e+20
quality_scale_0p5,0.5,0.5,1.0,1.539926526059492e+20,8192,power,conditional_v8_fixed_policy_feasible,79,79,172,0.9261009100454783,21.298171278426576,0.5533833251925064,2.5787789804634533,1.539926526059492e+20
quality_scale_0p5,0.5,0.5,1.0,1.5848931924611108e+20,8192,power,conditional_v8_fixed_policy_feasible,79,79,172,0.9388913141167438,21.627847349145956,0.5533833251925064,2.574639609065394,1.584893192461111e+20
quality_scale_0p5,0.5,0.5,1.0,1.631172909227833e+20,8192,power,conditional_v8_fixed_policy_feasible,79,79,172,0.9518674287151045,21.962335511891492,0.5533833251925064,2.5705172171974566,1.631172909227833e+20
quality_scale_0p5,0.5,0.5,1.0,1.678804018122566e+20,8192,power,conditional_v8_fixed_policy_feasible,79,79,172,0.9650320411506953,22.301702857421112,0.5533833251925064,2.566411717529175,1.678804018122566e+20
quality_scale_0p5,0.5,0.5,1.0,1.7278259805078664e+20,8192,power,conditional_v8_fixed_policy_feasible,79,79,172,0.9783879820620349,22.646017371052828,0.5533833251925064,2.562323023306952,1.7278259805078664e+20
quality_scale_0p5,0.5,0.5,1.0,1.778279410038923e+20,8192,power,conditional_v8_fixed_policy_feasible,79,79,172,0.9919381261188076,22.99534794375603,0.5533833251925064,2.5582510483485925,1.7782794100389233e+20
quality_scale_0p5,0.5,0.5,1.0,1.830206106311053e+20,8192,power,conditional_v8_fixed_policy_feasible,79,79,172,1.00568539273655,23.349764383361652,0.5533833251925064,2.554195707037918,1.830206106311053e+20
quality_scale_0p5,0.5,0.5,1.0,1.8836490894897945e+20,8192,power,conditional_v8_fixed_policy_feasible,79,79,172,1.0196327468035127,23.709337425893608,0.5533833251925064,2.5501569143194254,1.8836490894897948e+20
quality_scale_0p5,0.5,0.5,1.0,1.9386526359522135e+20,8192,power,conditional_v8_fixed_policy_feasible,79,79,172,1.033783199419879,24.07413874702226,0.5533833251925064,2.546134585693019,1.9386526359522135e+20
quality_scale_0p5,0.5,0.5,1.0,1.995262314968883e+20,8192,power,conditional_v8_fixed_policy_feasible,79,79,172,1.0481398086495721,24.444240973639864,0.5533833251925064,2.5421286372087994,1.995262314968883e+20
quality_scale_0p5,0.5,0.5,1.0,2.053525026457146e+20,8192,power,conditional_v8_fixed_policy_feasible,79,79,172,1.0627056802849022,24.819717695561035,0.5533833251925064,2.538138985461905,2.053525026457146e+20
quality_scale_0p5,0.5,0.5,1.0,2.1134890398366433e+20,8192,power,conditional_v8_fixed_policy_feasible,79,79,172,1.0774839686242295,25.20064347734673,0.5533833251925064,2.5341655475874227,2.1134890398366433e+20
quality_scale_0p5,0.5,0.5,1.0,2.1752040340195154e+20,8192,power,conditional_v8_fixed_policy_feasible,79,79,172,1.09247787726292,25.587093870254566,0.5533833251925064,2.530208241255352,2.1752040340195154e+20
quality_scale_0p5,0.5,0.5,1.0,2.238721138568347e+20,8192,power,conditional_v8_fixed_policy_feasible,79,79,172,1.1076906598978236,25.97914542431563,0.5533833251925064,2.5262669846656256,2.238721138568347e+20
quality_scale_0p5,0.5,0.5,1.0,2.3040929760558495e+20,8192,power,conditional_v8_fixed_policy_feasible,79,79,172,1.1231256211454834,26.376875700538527,0.5533833251925064,2.5223416965431933,2.3040929760558498e+20
quality_scale_0p5,0.5,0.5,1.0,2.3713737056616553e+20,8192,power,conditional_v8_fixed_policy_feasible,79,79,172,1.1387861173744043,26.780363283242906,0.5533833251925064,2.5184322961331533,2.3713737056616553e+20
quality_scale_0p5,0.5,0.5,1.0,2.4406190680419762e+20,8192,power,conditional_v8_fixed_policy_feasible,79,79,172,1.154675557551525,27.1896877925217,0.5533833251925064,2.5145387031959467,2.4406190680419762e+20
quality_scale_0p5,0.5,0.5,1.0,2.5118864315095718e+20,8192,power,conditional_v8_fixed_policy_feasible,79,79,172,1.1707974041032432,27.60492989683402,0.5533833251925064,2.510660838002605,2.511886431509572e+20
quality_scale_0p5,0.5,0.5,1.0,2.585234839562199e+20,8192,power,conditional_v8_fixed_policy_feasible,79,79,172,1.1871551737912016,28.026171325729887,0.5533833251925064,2.5067986213300526,2.585234839562199e+20
quality_scale_0p5,0.5,0.5,1.0,2.660725059798814e+20,8192,power,conditional_v8_fixed_policy_feasible,79,79,172,1.2037524386031,28.45349488270669,0.5533833251925064,2.5029519744564626,2.660725059798814e+20
quality_scale_0p5,0.5,0.5,1.0,2.7384196342643612e+20,8192,power,conditional_v8_fixed_policy_feasible,79,79,172,1.2205928266588784,28.886984458199894,0.5533833251925064,2.4991208191566674,2.738419634264361e+20
quality_scale_0p5,0.5,0.5,1.0,2.818382931264449e+20,8192,power,conditional_v8_fixed_policy_feasible,79,79,172,1.2376800231324265,29.326725042707416,0.5533833251925064,2.4953050776976196,2.8183829312644488e+20
quality_scale_0p5,0.5,0.5,1.0,2.9006811986931443e+20,8192,power,conditional_v8_fixed_policy_feasible,79,79,172,1.2550177711892063,29.7728027400494,0.5533833251925064,2.4915046728339103,2.900681198693144e+20
quality_scale_0p5,0.5,0.5,1.0,2.9853826189179696e+20,8192,power,conditional_v8_fixed_policy_feasible,79,79,172,1.272609872940028,30.22530478076441,0.5533833251925064,2.4877195278033333,2.9853826189179696e+20
quality_scale_0p5,0.5,0.5,1.0,3.072557365267452e+20,8192,power,conditional_v8_fixed_policy_feasible,79,79,172,1.290460190411253,30.684319535642178,0.5533833251925064,2.483949566322507,3.072557365267451e+20
quality_scale_0p5,0.5,0.5,1.0,3.1622776601683794e+20,8192,power,conditional_v8_fixed_policy_feasible,79,79,172,1.3085726465318062,31.149936529395603,0.5533833251925064,2.4801947125825405,3.1622776601683794e+20
quality_scale_0p5,0.5,0.5,1.0,3.254617834980453e+20,8192,power,conditional_v8_fixed_policy_feasible,79,79,172,1.326951226137185,31.62224645447061,0.5533833251925064,2.4764548912447513,3.254617834980453e+20
quality_scale_0p5,0.5,0.5,1.0,3.3496543915782655e+20,8192,power,conditional_v8_fixed_policy_feasible,79,79,172,1.345599976990866,32.101341184996535,0.5533833251925064,2.4727300274364383,3.3496543915782655e+20
quality_scale_0p5,0.5,0.5,1.0,3.4474660657315054e+20,8192,power,conditional_v8_fixed_policy_feasible,79,79,172,1.3645230108233926,32.58731379087735,0.5533833251925064,2.469020046746693,3.447466065731505e+20
quality_scale_0p5,0.5,0.5,1.0,3.54813389233576e+20,8192,power,conditional_v8_fixed_policy_feasible,79,79,172,1.3837245043894348,33.080258552024205,0.5533833251925064,2.465324875222276,3.54813389233576e+20
quality_scale_0p5,0.5,0.5,1.0,3.651741272548377e+20,8192,power,conditional_v8_fixed_policy_feasible,79,79,172,1.4032087005432385,33.58027097273181,0.5533833251925064,2.4616444393635164,3.651741272548377e+20
quality_scale_0p5,0.5,0.5,1.0,3.7583740428844355e+20,8192,power,conditional_v8_fixed_policy_feasible,79,79,172,1.4229799093326871,34.087447796197196,0.5533833251925064,2.4579786661202827,3.7583740428844355e+20
quality_scale_0p5,0.5,0.5,1.0,3.868120546330509e+20,8192,power,conditional_v8_fixed_policy_feasible,79,79,172,1.4430425091123946,34.60188701918368,0.5533833251925064,2.4543274828879893,3.8681205463305087e+20
quality_scale_0p5,0.5,0.5,1.0,3.9810717055349857e+20,8192,power,conditional_v8_fixed_policy_feasible,79,79,172,1.4634009476761498,35.12368790683023,0.5533833251925064,2.4506908175036455,3.981071705534985e+20
quality_scale_0p5,0.5,0.5,1.0,4.0973210981354216e+20,8192,power,conditional_v8_fixed_policy_feasible,79,79,172,1.4840597434090488,35.65295100760636,0.5533833251925064,2.4470685982419615,4.0973210981354216e+20
quality_scale_0p5,0.5,0.5,1.0,4.216965034285823e+20,8192,power,conditional_v8_fixed_policy_feasible,79,79,172,1.5050234864597372,36.189778168415934,0.5533833251925064,2.443460753811488,4.216965034285822e+20
quality_scale_0p5,0.5,0.5,1.0,4.3401026364474314e+20,8192,power,conditional_v8_fixed_policy_feasible,79,79,172,1.5262968399330563,36.73427254984695,0.5533833251925064,2.439867213350807,4.340102636447431e+20
quality_scale_0p5,0.5,0.5,1.0,4.466835921509617e+20,8192,power,conditional_v8_fixed_policy_feasible,79,79,172,1.5478845411035016,37.28653864157174,0.5533833251925064,2.4362879064247633,4.466835921509617e+20
quality_scale_0p5,0.5,0.5,1.0,4.5972698853087366e+20,8192,power,conditional_v8_fixed_policy_feasible,79,79,172,1.5697914026498898,37.846682277896456,0.5533833251925064,2.4327227630207457,4.597269885308736e+20
quality_scale_0p5,0.5,0.5,1.0,4.7315125896148124e+20,8192,power,conditional_v8_fixed_policy_feasible,79,79,172,1.592022313911578,38.41481065346053,0.5533833251925064,2.429171713545004,4.7315125896148124e+20
quality_scale_0p5,0.5,0.5,1.0,4.8696752516586314e+20,8192,power,conditional_v8_fixed_policy_feasible,79,79,172,1.6145822421667164,38.99103233908918,0.5533833251925064,2.425634688819009,4.869675251658631e+20
quality_scale_0p5,0.5,0.5,1.0,5.0118723362727146e+20,8192,power,conditional_v8_fixed_policy_feasible,79,79,172,1.637476233932835,39.575457297796525,0.5533833251925064,2.4221116200758606,5.0118723362727146e+20
quality_scale_0p5,0.5,0.5,1.0,5.15822165072304e+20,8192,power,conditional_v8_fixed_policy_feasible,79,79,172,1.6607094162902385,40.16819690094293,0.5533833251925064,2.4186024389567304,5.15822165072304e+20
quality_scale_0p5,0.5,0.5,1.0,5.308844442309901e+20,8192,power,conditional_v8_fixed_policy_feasible,79,79,172,1.684286998228645,40.76936394454568,0.5533833251925064,2.41510707750735,5.308844442309901e+20
quality_scale_0p5,0.5,0.5,1.0,5.463865498818551e+20,8192,power,conditional_v8_fixed_policy_feasible,79,79,172,1.7082142720174107,41.37907266574417,0.5533833251925064,2.4116254681745413,5.463865498818551e+20
quality_scale_0p5,0.5,0.5,1.0,5.6234132519034906e+20,8192,power,conditional_v8_fixed_policy_feasible,79,79,172,1.7324966145999248,41.997438759421776,0.5533833251925064,2.4081575438027762,5.62341325190349e+20
quality_scale_0p5,0.5,0.5,1.0,5.787619883491197e+20,8192,power,conditional_v8_fixed_policy_feasible,79,79,172,1.7571394890124545,42.62457939498251,0.5533833251925064,2.4047032376307906,5.787619883491197e+20
quality_scale_0p5,0.5,0.5,1.0,5.956621435290085e+20,8192,power,conditional_v8_fixed_policy_feasible,79,79,172,1.7821484458280068,43.2606132332856,0.5533833251925064,2.401262483288225,5.956621435290085e+20
quality_scale_0p5,0.5,0.5,1.0,6.130557921498227e+20,8192,power,conditional_v8_fixed_policy_feasible,79,79,172,1.8075291246256453,43.9056604437376,0.5533833251925064,2.3978352147923117,6.130557921498226e+20
quality_scale_0p5,0.5,0.5,1.0,6.309573444801943e+20,8192,power,conditional_v8_fixed_policy_feasible,79,79,172,1.833287255485674,44.5598427215424,0.5533833251925064,2.3944213665446,6.309573444801943e+20
quality_scale_0p5,0.5,0.5,1.0,6.493816315762113e+20,8192,power,conditional_v8_fixed_policy_feasible,79,79,172,1.8594286605113077,45.22328330511193,0.5533833251925064,2.3910208733277076,6.493816315762113e+20
quality_scale_0p5,0.5,0.5,1.0,6.683439175686135e+20,8192,power,conditional_v8_fixed_policy_feasible,79,79,172,1.8859592553771496,45.896106993635215,0.5533833251925064,2.3876336703021264,6.683439175686135e+20
quality_scale_0p5,0.5,0.5,1.0,6.878599123088053e+20,8192,power,conditional_v8_fixed_policy_feasible,79,79,172,1.9128850509050939,46.57844016480897,0.5533833251925064,2.384259693003052,6.878599123088053e+20
quality_scale_0p5,0.5,0.5,1.0,7.079457843841402e+20,8192,power,conditional_v8_fixed_policy_feasible,79,79,172,1.9402121546681428,47.27041079272908,0.5533833251925064,2.3808988773372546,7.079457843841402e+20
quality_scale_0p5,0.5,0.5,1.0,7.28618174513229e+20,8192,power,conditional_v8_fixed_policy_feasible,79,79,172,1.967946772622592,47.97214846594347,0.5533833251925064,2.377551159579988,7.28618174513229e+20
quality_scale_0p5,0.5,0.5,1.0,7.498942093324558e+20,8192,power,conditional_v8_fixed_policy_feasible,79,79,172,1.9960952107692407,48.683784405669435,0.5533833251925064,2.374216476371925,7.498942093324558e+20
quality_scale_0p5,0.5,0.5,1.0,7.717915155850111e+20,8192,power,conditional_v8_fixed_policy_feasible,79,79,172,2.0246638768440373,49.40545148417183,0.5533833251925064,2.3708947647161396,7.717915155850111e+20
quality_scale_0p5,0.5,0.5,1.0,7.943282347242789e+20,8192,power,conditional_v8_fixed_policy_feasible,79,79,172,2.0536592820387836,50.13728424330645,0.5533833251925064,2.3675859619751125,7.943282347242788e+20
quality_scale_0p5,0.5,0.5,1.0,8.175230379436527e+20,8192,power,conditional_v8_fixed_policy_feasible,79,79,172,2.083088042752456,50.87941891322764,0.5533833251925064,2.3642900058677787,8.175230379436525e+20
quality_scale_0p5,0.5,0.5,1.0,8.413951416451965e+20,8192,power,conditional_v8_fixed_policy_feasible,79,79,172,2.112956882373665,51.63199343125961,0.5533833251925064,2.3610068344666097,8.413951416451963e+20
quality_scale_0p5,0.5,0.5,1.0,8.659643233600653e+20,8192,power,conditional_v8_fixed_policy_feasible,79,79,172,2.143272633094956,52.39514746093562,0.5533833251925064,2.357736386194716,8.659643233600652e+20
quality_scale_0p5,0.5,0.5,1.0,8.91250938133744e+20,8192,power,conditional_v8_fixed_policy_feasible,79,79,172,2.17404223775939,53.169022411200885,0.5533833251925064,2.3544785998229973,8.91250938133744e+20
quality_scale_0p5,0.5,0.5,1.0,9.172759353897766e+20,8192,power,conditional_v8_fixed_policy_feasible,79,79,172,2.205272751740133,53.95376145578301,0.5533833251925064,2.3512334144673197,9.172759353897766e+20
quality_scale_0p5,0.5,0.5,1.0,9.440608762859264e+20,8192,power,conditional_v8_fixed_policy_feasible,79,79,172,2.236971344853634,54.74950955272951,0.5533833251925064,2.348000769585721,9.440608762859263e+20
quality_scale_0p5,0.5,0.5,1.0,9.716279515771078e+20,8192,power,conditional_v8_fixed_policy_feasible,79,79,172,2.2691453033069755,55.556413464111664,0.5533833251925064,2.3447806049756563,9.716279515771078e+20
quality_scale_0p5,0.5,0.5,1.0,1e+21,8192,power,conditional_v8_fixed_policy_feasible,79,79,172,2.3018020316801846,56.37462177589823,0.5533833251925064,2.3415728607712616,1e+21
quality_scale_1p5,0.5,1.5,1.0,1e+19,8192,power,conditional_v8_fixed_policy_feasible,93,13,97,0.119991296830824,10.000000000000002,0.5304810940123386,3.166163977060306,9.999999999999998e+18
quality_scale_1p5,0.5,1.5,1.0,1.0292005271944266e+19,8192,power,conditional_v8_fixed_policy_feasible,93,14,97,0.12381415596289704,10.0,0.5304810940123386,3.1579445041190826,1.0292005271944266e+19
quality_scale_1p5,0.5,1.5,1.0,1.0592537251772854e+19,8192,power,conditional_v8_fixed_policy_feasible,93,14,97,0.1277486445970166,10.000000000000002,0.5304810940123386,3.149823662612606,1.0592537251772854e+19
quality_scale_1p5,0.5,1.5,1.0,1.0901844923851313e+19,8192,power,conditional_v8_fixed_policy_feasible,93,14,97,0.13179802237349414,10.0,0.5304810940123386,3.141799364688367,1.0901844923851313e+19
quality_scale_1p5,0.5,1.5,1.0,1.1220184543019653e+19,8192,power,conditional_v8_fixed_policy_feasible,93,14,97,0.135965644115853,10.000000000000002,0.5304810940123386,3.133869595680779,1.1220184543019653e+19
quality_scale_1p5,0.5,1.5,1.0,1.1547819846894582e+19,8192,power,conditional_v8_fixed_policy_feasible,93,16,97,0.14025496261023568,10.000000000000002,0.5304810940123386,3.1260324106131536,1.1547819846894582e+19
quality_scale_1p5,0.5,1.5,1.0,1.1885022274370165e+19,8192,power,conditional_v8_fixed_policy_feasible,93,16,97,0.1446695314659592,10.0,0.5304810940123386,3.118285930902051,1.1885022274370167e+19
quality_scale_1p5,0.5,1.5,1.0,1.2232071190499275e+19,8192,power,conditional_v8_fixed_policy_feasible,93,17,97,0.1492130080596059,10.0,0.5304810940123386,3.110628341250323,1.2232071190499275e+19
quality_scale_1p5,0.5,1.5,1.0,1.2589254117941713e+19,8192,power,conditional_v8_fixed_policy_feasible,93,19,97,0.153889156565084,10.0,0.5304810940123386,3.103057886716227,1.2589254117941715e+19
quality_scale_1p5,0.5,1.5,1.0,1.2956866975170216e+19,8192,power,conditional_v8_fixed_policy_feasible,93,19,97,0.15870185107216014,10.0,0.5304810940123386,3.0955728699470018,1.2956866975170216e+19
quality_scale_1p5,0.5,1.5,1.0,1.3335214321633241e+19,8192,power,conditional_v8_fixed_policy_feasible,93,21,97,0.16365507879606858,10.000000000000002,0.5304810940123386,3.088171648566085,1.3335214321633241e+19
quality_scale_1p5,0.5,1.5,1.0,1.3724609610075597e+19,8192,power,conditional_v8_fixed_policy_feasible,93,22,97,0.16875294338082922,10.0,0.5304810940123386,3.0808526327040813,1.3724609610075597e+19
quality_scale_1p5,0.5,1.5,1.0,1.4125375446227497e+19,8192,power,conditional_v8_fixed_policy_feasible,93,22,97,0.17399966829903069,10.0,0.5304810940123386,3.0736142826642205,1.4125375446227497e+19
quality_scale_1p5,0.5,1.5,1.0,1.4537843856076667e+19,8192,power,conditional_v8_fixed_policy_feasible,93,23,97,0.1793996003508893,10.0,0.5304810940123386,3.066455106713793,1.4537843856076667e+19
quality_scale_1p5,0.5,1.5,1.0,1.496235656094436e+19,8192,power,conditional_v8_fixed_policy_feasible,93,23,97,0.18495721326547473,10.0,0.5304810940123386,3.0593736589936387,1.4962356560944357e+19
quality_scale_1p5,0.5,1.5,1.0,1.539926526059492e+19,8192,power,conditional_v8_fixed_policy_feasible,93,24,97,0.19067711140710855,10.000000000000002,0.5304810940123386,3.052368537538332,1.539926526059492e+19
quality_scale_1p5,0.5,1.5,1.0,1.5848931924611109e+19,8192,power,conditional_v8_fixed_policy_feasible,93,28,97,0.19656403358997657,10.0,0.5304810940123386,3.045438382400268,1.5848931924611109e+19
quality_scale_1p5,0.5,1.5,1.0,1.631172909227833e+19,8192,power,conditional_v8_fixed_policy_feasible,93,28,97,0.20262285700413687,10.0,0.5304810940123386,3.038581873871283,1.631172909227833e+19
quality_scale_1p5,0.5,1.5,1.0,1.6788040181225658e+19,8192,power,conditional_v8_fixed_policy_feasible,93,30,97,0.20885860125617042,10.0,0.5304810940123386,3.0317977307959256,1.6788040181225658e+19
quality_scale_1p5,0.5,1.5,1.0,1.7278259805078663e+19,8192,power,conditional_v8_fixed_policy_feasible,93,32,97,0.21527643252781115,10.0,0.5304810940123386,3.0250847089708937,1.7278259805078663e+19
quality_scale_1p5,0.5,1.5,1.0,1.7782794100389229e+19,8192,power,conditional_v8_fixed_policy_feasible,93,32,97,0.2218816678560286,10.0,0.5304810940123386,3.018441599625505,1.7782794100389229e+19
quality_scale_1p5,0.5,1.5,1.0,1.8302061063110531e+19,8192,power,conditional_v8_fixed_policy_feasible,93,33,97,0.22867977953807334,10.0,0.5304810940123386,3.0118672279784584,1.8302061063110531e+19
quality_scale_1p5,0.5,1.5,1.0,1.8836490894897943e+19,8192,power,conditional_v8_fixed_policy_feasible,93,33,97,0.23567639966516032,10.0,0.5304810940123386,3.0053604518664363,1.8836490894897943e+19
quality_scale_1p5,0.5,1.5,1.0,1.9386526359522136e+19,8192,power,conditional_v8_fixed_policy_feasible,93,34,97,0.24287732478853946,10.0,0.5304810940123386,2.9989201604403863,1.9386526359522136e+19
quality_scale_1p5,0.5,1.5,1.0,1.9952623149688828e+19,8192,power,conditional_v8_fixed_policy_feasible,93,35,97,0.2502885207218068,10.0,0.5304810940123386,2.9925452729256325,1.9952623149688828e+19
quality_scale_1p5,0.5,1.5,1.0,2.053525026457146e+19,8192,power,conditional_v8_fixed_policy_feasible,93,36,97,0.25791612748346676,10.0,0.5304810940123386,2.98623473744216,2.053525026457146e+19
quality_scale_1p5,0.5,1.5,1.0,2.1134890398366433e+19,8192,power,conditional_v8_fixed_policy_feasible,93,36,97,0.2657664643837989,10.0,0.5304810940123386,2.9799875298817304,2.1134890398366433e+19
quality_scale_1p5,0.5,1.5,1.0,2.1752040340195156e+19,8192,power,conditional_v8_fixed_policy_feasible,93,39,477,0.18442691777437686,10.000000000000002,0.681570198148808,2.97373219425263,2.175204034019516e+19
quality_scale_1p5,0.5,1.5,1.0,2.238721138568347e+19,8192,power,conditional_v8_fixed_policy_feasible,93,40,477,0.19274241637995282,10.000000000000002,0.681570198148808,2.9640312114083183,2.2387211385683472e+19
quality_scale_1p5,0.5,1.5,1.0,2.3040929760558494e+19,8192,power,conditional_v8_fixed_policy_feasible,93,41,477,0.20130073192869377,10.0,0.681570198148808,2.9546038649212982,2.3040929760558498e+19
quality_scale_1p5,0.5,1.5,1.0,2.3713737056616554e+19,8192,power,conditional_v8_fixed_policy_feasible,93,42,477,0.21010895480335418,10.0,0.681570198148808,2.945434620802239,2.3713737056616554e+19
quality_scale_1p5,0.5,1.5,1.0,2.4406190680419762e+19,8192,power,conditional_v8_fixed_policy_feasible,93,43,477,0.21917438242960058,10.0,0.681570198148808,2.9365092262252666,2.4406190680419762e+19
quality_scale_1p5,0.5,1.5,1.0,2.511886431509572e+19,8192,power,conditional_v8_fixed_policy_feasible,93,45,477,0.22850452532177642,10.0,0.681570198148808,2.9278145748862836,2.511886431509572e+19
quality_scale_1p5,0.5,1.5,1.0,2.585234839562199e+19,8192,power,conditional_v8_fixed_policy_feasible,93,46,477,0.23810711330520576,10.0,0.681570198148808,2.9193385893998327,2.585234839562199e+19
quality_scale_1p5,0.5,1.5,1.0,2.660725059798814e+19,8192,power,conditional_v8_fixed_policy_feasible,93,46,477,0.24799010192017942,10.0,0.681570198148808,2.9110701182292646,2.660725059798814e+19
quality_scale_1p5,0.5,1.5,1.0,2.7384196342643614e+19,8192,power,conditional_v8_fixed_policy_feasible,93,50,477,0.2581616790129669,10.0,0.681570198148808,2.902998845062195,2.7384196342643614e+19
quality_scale_1p5,0.5,1.5,1.0,2.8183829312644493e+19,8192,power,conditional_v8_fixed_policy_feasible,93,51,477,0.2686302715192625,10.0,0.681570198148808,2.895115208883302,2.8183829312644497e+19
quality_scale_1p5,0.5,1.5,1.0,2.900681198693144e+19,8192,power,conditional_v8_fixed_policy_feasible,93,52,477,0.2794045524457254,10.0,0.681570198148808,2.887410333274867,2.900681198693144e+19
quality_scale_1p5,0.5,1.5,1.0,2.9853826189179695e+19,8192,power,conditional_v8_fixed_policy_feasible,93,53,477,0.2904934480553852,10.0,0.681570198148808,2.879875963704544,2.985382618917969e+19
quality_scale_1p5,0.5,1.5,1.0,3.072557365267452e+19,8192,power,conditional_v8_fixed_policy_feasible,93,53,172,0.18905411338006015,10.0,0.7893382044858224,2.871407103944643,3.072557365267452e+19
quality_scale_1p5,0.5,1.5,1.0,3.162277660168379e+19,8192,power,conditional_v8_fixed_policy_feasible,93,54,172,0.200800067362691,10.0,0.7893382044858224,2.8588560784146133,3.162277660168379e+19
quality_scale_1p5,0.5,1.5,1.0,3.2546178349804536e+19,8192,power,conditional_v8_fixed_policy_feasible,93,55,172,0.21288900939401612,10.0,0.7893382044858224,2.8469122201538806,3.254617834980453e+19
quality_scale_1p5,0.5,1.5,1.0,3.3496543915782656e+19,8192,power,conditional_v8_fixed_policy_feasible,93,55,172,0.22533095490587887,10.0,0.7893382044858224,2.835519803887487,3.3496543915782656e+19
quality_scale_1p5,0.5,1.5,1.0,3.447466065731505e+19,8192,power,conditional_v8_fixed_policy_feasible,93,56,172,0.23813621178601602,10.0,0.7893382044858224,2.824630263537323,3.4474660657315054e+19
quality_scale_1p5,0.5,1.5,1.0,3.5481338923357606e+19,8192,power,conditional_v8_fixed_policy_feasible,93,56,172,0.2513153889179095,10.0,0.7893382044858224,2.814201037066684,3.54813389233576e+19
quality_scale_1p5,0.5,1.5,1.0,3.651741272548377e+19,8192,power,conditional_v8_fixed_policy_feasible,93,57,172,0.26487940497004303,10.0,0.7893382044858224,2.804194632881748,3.6517412725483774e+19
quality_scale_1p5,0.5,1.5,1.0,3.758374042884435e+19,8192,power,conditional_v8_fixed_policy_feasible,93,58,172,0.27883949744177244,10.0,0.7893382044858224,2.7945778690292125,3.758374042884435e+19
quality_scale_1p5,0.5,1.5,1.0,3.868120546330509e+19,8192,power,conditional_v8_fixed_policy_feasible,93,58,172,0.29320723197335946,10.0,0.7893382044858224,2.785321248445405,3.868120546330509e+19
quality_scale_1p5,0.5,1.5,1.0,3.981071705534986e+19,8192,power,conditional_v8_fixed_policy_feasible,93,58,172,0.3079945119278626,10.0,0.7893382044858224,2.776398442271518,3.981071705534986e+19
quality_scale_1p5,0.5,1.5,1.0,4.097321098135422e+19,8192,power,conditional_v8_fixed_policy_feasible,93,59,172,0.32321358825280444,10.0,0.7893382044858224,2.7677858597097424,4.097321098135422e+19
quality_scale_1p5,0.5,1.5,1.0,4.216965034285823e+19,8192,power,conditional_v8_fixed_policy_feasible,93,59,172,0.3388770696298468,10.000000000000002,0.7893382044858224,2.759462287711566,4.216965034285823e+19
quality_scale_1p5,0.5,1.5,1.0,4.340102636447431e+19,8192,power,conditional_v8_fixed_policy_feasible,93,59,172,0.354997932920799,10.0,0.7893382044858224,2.751408587417103,4.340102636447431e+19
quality_scale_1p5,0.5,1.5,1.0,4.466835921509617e+19,8192,power,conditional_v8_fixed_policy_feasible,93,61,172,0.37158953391867616,10.0,0.7893382044858224,2.7436074370220815,4.466835921509616e+19
quality_scale_1p5,0.5,1.5,1.0,4.597269885308737e+19,8192,power,conditional_v8_fixed_policy_feasible,93,61,172,0.388665618412696,10.0,0.7893382044858224,2.736043112864541,4.597269885308737e+19
quality_scale_1p5,0.5,1.5,1.0,4.731512589614812e+19,8192,power,conditional_v8_fixed_policy_feasible,93,61,172,0.4062403335763526,10.0,0.7893382044858224,2.728701302159118,4.7315125896148115e+19
quality_scale_1p5,0.5,1.5,1.0,4.869675251658631e+19,8192,power,conditional_v8_fixed_policy_feasible,93,61,172,0.42432823968808003,10.0,0.7893382044858224,2.721568942081841,4.869675251658631e+19
quality_scale_1p5,0.5,1.5,1.0,5.011872336272715e+19,8192,power,conditional_v8_fixed_policy_feasible,93,62,172,0.44294432219411317,10.0,0.7893382044858224,2.714634080909392,5.011872336272714e+19
quality_scale_1p5,0.5,1.5,1.0,5.15822165072304e+19,8192,power,conditional_v8_fixed_policy_feasible,93,64,172,0.46210400412361735,10.0,0.7893382044858224,2.707885757708116,5.158221650723039e+19
quality_scale_1p5,0.5,1.5,1.0,5.308844442309901e+19,8192,power,conditional_v8_fixed_policy_feasible,93,93,172,0.4818231588663463,10.0,0.7893382044858224,2.70131389769771,5.3088444423099e+19
quality_scale_1p5,0.5,1.5,1.0,5.463865498818551e+19,8192,power,conditional_v8_fixed_policy_feasible,93,93,172,0.5021181233233858,10.0,0.7893382044858224,2.694909220918686,5.46386549881855e+19
quality_scale_1p5,0.5,1.5,1.0,5.6234132519034905e+19,8192,power,conditional_v8_fixed_policy_feasible,93,93,172,0.523005711441963,10.0,0.7893382044858224,2.6886631622385746,5.6234132519034905e+19
quality_scale_1p5,0.5,1.5,1.0,5.787619883491197e+19,8192,power,conditional_v8_fixed_policy_feasible,93,93,172,0.5445032281454226,10.0,0.7893382044858224,2.682567801060666,5.787619883491197e+19
quality_scale_1p5,0.5,1.5,1.0,5.956621435290085e+19,8192,power,conditional_v8_fixed_policy_feasible,93,93,172,0.5666284836699943,10.000000000000002,0.7893382044858224,2.6766157993665654,5.956621435290086e+19
quality_scale_1p5,0.5,1.5,1.0,6.1305579214982275e+19,8192,power,conditional_v8_fixed_policy_feasible,93,93,172,0.5893998083202014,10.000000000000002,0.7893382044858224,2.6708003469428303,6.130557921498228e+19
quality_scale_1p5,0.5,1.5,1.0,6.309573444801943e+19,8192,power,conditional_v8_fixed_policy_feasible,93,93,172,0.6128360676551036,10.0,0.7893382044858224,2.665115112821871,6.309573444801943e+19
quality_scale_1p5,0.5,1.5,1.0,6.493816315762113e+19,8192,power,conditional_v8_fixed_policy_feasible,93,93,172,0.6369566781180498,10.0,0.7893382044858224,2.659554202115876,6.493816315762112e+19
quality_scale_1p5,0.5,1.5,1.0,6.683439175686135e+19,8192,power,conditional_v8_fixed_policy_feasible,93,93,172,0.6617816231227658,10.0,0.7893382044858224,2.6541121175458033,6.683439175686134e+19
quality_scale_1p5,0.5,1.5,1.0,6.878599123088054e+19,8192,power,conditional_v8_fixed_policy_feasible,93,93,172,0.6873314696091922,10.0,0.7893382044858224,2.648783725070047,6.878599123088054e+19
quality_scale_1p5,0.5,1.5,1.0,7.0794578438414025e+19,8192,power,conditional_v8_fixed_policy_feasible,93,93,172,0.7136273850827664,10.0,0.7893382044858224,2.6435642231032332,7.0794578438414025e+19
quality_scale_1p5,0.5,1.5,1.0,7.286181745132289e+19,8192,power,conditional_v8_fixed_policy_feasible,93,93,172,0.7406911551512213,10.0,0.7893382044858224,2.6384491148875955,7.286181745132288e+19
quality_scale_1p5,0.5,1.5,1.0,7.498942093324558e+19,8192,power,conditional_v8_fixed_policy_feasible,93,93,172,0.7640128212045459,10.046380815833222,0.7893382044858224,2.633432425031473,7.49894209332456e+19
quality_scale_1p5,0.5,1.5,1.0,7.717915155850112e+19,8192,power,conditional_v8_fixed_policy_feasible,93,93,172,0.7722064917476084,10.253765093408758,0.7893382044858224,2.628464706272541,7.717915155850112e+19
quality_scale_1p5,0.5,1.5,1.0,7.94328234724279e+19,8192,power,conditional_v8_fixed_policy_feasible,93,93,172,0.7805033309728643,10.465067343482227,0.7893382044858224,2.6235248092029586,7.94328234724279e+19
quality_scale_1p5,0.5,1.5,1.0,8.175230379436527e+19,8192,power,conditional_v8_fixed_policy_feasible,93,93,172,0.7889047751135179,10.680353606697775,0.7893382044858224,2.6186125284417265,8.175230379436527e+19
quality_scale_1p5,0.5,1.5,1.0,8.413951416451965e+19,8192,power,conditional_v8_fixed_policy_feasible,93,93,172,0.7974122812497427,10.89969089236504,0.7893382044858224,2.613727660325953,8.413951416451965e+19
quality_scale_1p5,0.5,1.5,1.0,8.659643233600653e+19,8192,power,conditional_v8_fixed_policy_feasible,93,93,172,0.8060273276119638,11.12314719100367,0.7893382044858224,2.608870002897463,8.659643233600653e+19
quality_scale_1p5,0.5,1.5,1.0,8.91250938133744e+19,8192,power,conditional_v8_fixed_policy_feasible,93,93,172,0.8147514138884997,11.35079148705886,0.7893382044858224,2.6040393558895243,8.91250938133744e+19
quality_scale_1p5,0.5,1.5,1.0,9.172759353897766e+19,8192,power,conditional_v8_fixed_policy_feasible,93,93,172,0.8235860615376823,11.582693771791813,0.7893382044858224,2.5992355207136533,9.172759353897766e+19
quality_scale_1p5,0.5,1.5,1.0,9.440608762859264e+19,8192,power,conditional_v8_fixed_policy_feasible,93,93,172,0.8325328141044974,11.818925056348181,0.7893382044858224,2.5944583004465107,9.440608762859264e+19
quality_scale_1p5,0.5,1.5,1.0,9.716279515771078e+19,8192,power,conditional_v8_fixed_policy_feasible,93,93,172,0.8415932375418107,12.05955738500726,0.7893382044858224,2.589707499816893,9.716279515771078e+19
quality_scale_1p5,0.5,1.5,1.0,1e+20,8192,power,conditional_v8_fixed_policy_feasible,93,93,172,0.8507689205362798,12.304663848616345,0.7893382044858224,2.5849829251927985,1.0000000000000002e+20
quality_scale_1p5,0.5,1.5,1.0,1.0292005271944264e+20,8192,power,conditional_v8_fixed_policy_feasible,93,93,172,0.8600614748389818,12.554318598212161,0.7893382044858224,2.580284384568598,1.0292005271944264e+20
quality_scale_1p5,0.5,1.5,1.0,1.0592537251772853e+20,8192,power,conditional_v8_fixed_policy_feasible,93,93,172,0.8694725356008571,12.808596858833853,0.7893382044858224,2.5756116875522768,1.0592537251772853e+20
quality_scale_1p5,0.5,1.5,1.0,1.0901844923851312e+20,8192,power,conditional_v8_fixed_policy_feasible,93,93,172,0.8790037617130386,13.067574943530586,0.7893382044858224,2.570964645352769,1.0901844923851312e+20
quality_scale_1p5,0.5,1.5,1.0,1.1220184543019654e+20,8192,power,conditional_v8_fixed_policy_feasible,93,93,172,0.8886568361521233,13.331330267566875,0.7893382044858224,2.5663430707673833,1.1220184543019654e+20
quality_scale_1p5,0.5,1.5,1.0,1.1547819846894582e+20,8192,power,conditional_v8_fixed_policy_feasible,93,93,172,0.8984334663305016,13.599941362830414,0.7893382044858224,2.5617467781692937,1.1547819846894584e+20
quality_scale_1p5,0.5,1.5,1.0,1.1885022274370165e+20,8192,power,conditional_v8_fixed_policy_feasible,93,93,172,0.9083353844517742,13.873487892444302,0.7893382044858224,2.557175583495132,1.1885022274370165e+20
quality_scale_1p5,0.5,1.5,1.0,1.2232071190499276e+20,8192,power,conditional_v8_fixed_policy_feasible,93,93,172,0.9183643478713697,14.152050665588618,0.7893382044858224,2.552629304232652,1.2232071190499276e+20
quality_scale_1p5,0.5,1.5,1.0,1.2589254117941713e+20,8192,power,conditional_v8_fixed_policy_feasible,93,93,172,0.9285221394624323,14.435711652534534,0.7893382044858224,2.5481077594084796,1.2589254117941713e+20
quality_scale_1p5,0.5,1.5,1.0,1.2956866975170216e+20,8192,power,conditional_v8_fixed_policy_feasible,93,93,172,0.9388105679870467,14.724553999894367,0.7893382044858224,2.543610769575943,1.2956866975170216e+20
quality_scale_1p5,0.5,1.5,1.0,1.333521432163324e+20,8192,power,conditional_v8_fixed_policy_feasible,93,93,172,0.9492314684729238,15.018662046092537,0.7893382044858224,2.53913815680298,1.333521432163324e+20
quality_scale_1p5,0.5,1.5,1.0,1.3724609610075598e+20,8192,power,conditional_v8_fixed_policy_feasible,93,93,172,0.959786702595583,15.31812133705957,0.7893382044858224,2.5346897446601213,1.3724609610075598e+20
quality_scale_1p5,0.5,1.5,1.0,1.4125375446227496e+20,8192,power,conditional_v8_fixed_policy_feasible,93,93,172,0.9704781590661457,15.623018642154372,0.7893382044858224,2.5302653582085686,1.4125375446227495e+20
quality_scale_1p5,0.5,1.5,1.0,1.4537843856076666e+20,8192,power,conditional_v8_fixed_policy_feasible,93,93,172,0.9813077540248235,15.933441970318219,0.7893382044858224,2.525864823988324,1.4537843856076664e+20
quality_scale_1p5,0.5,1.5,1.0,1.496235656094436e+20,8192,power,conditional_v8_fixed_policy_feasible,93,93,172,0.9922774314401772,16.249480586463864,0.7893382044858224,2.521487970006425,1.496235656094436e+20
quality_scale_1p5,0.5,1.5,1.0,1.539926526059492e+20,8192,power,conditional_v8_fixed_policy_feasible,93,93,172,1.0033891635142693,16.57122502810534,0.7893382044858224,2.5171346257252303,1.5399265260594925e+20
quality_scale_1p5,0.5,1.5,1.0,1.5848931924611108e+20,8192,power,conditional_v8_fixed_policy_feasible,93,93,172,1.0146449510937565,16.89876712223049,0.7893382044858224,2.5128046220507962,1.5848931924611108e+20
quality_scale_1p5,0.5,1.5,1.0,1.631172909227833e+20,8192,power,conditional_v8_fixed_policy_feasible,93,93,172,1.0260468240870488,17.232200002421873,0.7893382044858224,2.508497791321324,1.631172909227833e+20
quality_scale_1p5,0.5,1.5,1.0,1.678804018122566e+20,8192,power,conditional_v8_fixed_policy_feasible,93,93,172,1.037596841887626,17.5716181262295,0.7893382044858224,2.5042139672956805,1.678804018122566e+20
quality_scale_1p5,0.5,1.5,1.0,1.7278259805078664e+20,8192,power,conditional_v8_fixed_policy_feasible,93,93,172,1.0492970938035833,17.917117292799308,0.7893382044858224,2.499952985141992,1.7278259805078664e+20
quality_scale_1p5,0.5,1.5,1.0,1.778279410038923e+20,8192,power,conditional_v8_fixed_policy_feasible,93,93,172,1.061149699493557,18.268794660762946,0.7893382044858224,2.4957146814263136,1.778279410038923e+20
quality_scale_1p5,0.5,1.5,1.0,1.830206106311053e+20,8192,power,conditional_v8_fixed_policy_feasible,93,93,172,1.0731568094090673,18.626748766391195,0.7893382044858224,2.491498894101365,1.8302061063110528e+20
quality_scale_1p5,0.5,1.5,1.0,1.8836490894897945e+20,8192,power,conditional_v8_fixed_policy_feasible,93,93,172,1.0853206052434266,18.991079542016763,0.7893382044858224,2.487305462495345,1.8836490894897945e+20
quality_scale_1p5,0.5,1.5,1.0,1.9386526359522135e+20,8192,power,conditional_v8_fixed_policy_feasible,93,93,172,1.0976433003872994,19.361888334730388,0.7893382044858224,2.4831342273008112,1.9386526359522135e+20
quality_scale_1p5,0.5,1.5,1.0,1.995262314968883e+20,8192,power,conditional_v8_fixed_policy_feasible,93,93,172,1.1101271403910016,19.739277925354145,0.7893382044858224,2.4789850305636363,1.995262314968883e+20
quality_scale_1p5,0.5,1.5,1.0,2.053525026457146e+20,8192,power,conditional_v8_fixed_policy_feasible,93,93,172,1.122774403433709,20.123352547697653,0.7893382044858224,2.4748577156720244,2.0535250264571465e+20
quality_scale_1p5,0.5,1.5,1.0,2.1134890398366433e+20,8192,power,conditional_v8_fixed_policy_feasible,93,93,172,1.1355874007995943,20.51421790810003,0.7893382044858224,2.4707521273456057,2.1134890398366433e+20
quality_scale_1p5,0.5,1.5,1.0,2.1752040340195154e+20,8192,power,conditional_v8_fixed_policy_feasible,93,93,172,1.148568477361079,20.911981205263206,0.7893382044858224,2.4666681116245974,2.175204034019515e+20
quality_scale_1p5,0.5,1.5,1.0,2.238721138568347e+20,8192,power,conditional_v8_fixed_policy_feasible,93,93,172,1.1617200120692706,21.316751150381016,0.7893382044858224,2.4626055158590296,2.2387211385683473e+20
quality_scale_1p5,0.5,1.5,1.0,2.3040929760558495e+20,8192,power,conditional_v8_fixed_policy_feasible,93,93,172,1.1750444184517117,21.728637987567616,0.7893382044858224,2.4585641886980456,2.3040929760558495e+20
quality_scale_1p5,0.5,1.5,1.0,2.3713737056616553e+20,8192,power,conditional_v8_fixed_policy_feasible,93,93,172,1.1885441451175809,22.147753514592125,0.7893382044858224,2.4545439800792574,2.3713737056616553e+20
quality_scale_1p5,0.5,1.5,1.0,2.4406190680419762e+20,8192,power,conditional_v8_fixed_policy_feasible,93,93,172,1.2022216762704148,22.57421110392133,0.7893382044858224,2.450544741218182,2.4406190680419762e+20
quality_scale_1p5,0.5,1.5,1.0,2.5118864315095718e+20,8192,power,conditional_v8_fixed_policy_feasible,93,93,172,1.2160795322285152,23.00812572407716,0.7893382044858224,2.446566324597734,2.5118864315095718e+20
quality_scale_1p5,0.5,1.5,1.0,2.585234839562199e+20,8192,power,conditional_v8_fixed_policy_feasible,93,93,172,1.230120269953151,23.449613961313002,0.7893382044858224,2.4426085839577873,2.5852348395621994e+20
quality_scale_1p5,0.5,1.5,1.0,2.660725059798814e+20,8192,power,conditional_v8_fixed_policy_feasible,93,93,172,1.2443464835846578,23.898794041612977,0.7893382044858224,2.4386713742848043,2.660725059798814e+20
quality_scale_1p5,0.5,1.5,1.0,2.7384196342643612e+20,8192,power,conditional_v8_fixed_policy_feasible,93,93,172,1.2587608049866157,24.355785853020965,0.7893382044858224,2.434754551801524,2.738419634264361e+20
quality_scale_1p5,0.5,1.5,1.0,2.818382931264449e+20,8192,power,conditional_v8_fixed_policy_feasible,93,93,172,1.2733659042981733,24.82071096830147,0.7893382044858224,2.430857973956716,2.8183829312644488e+20
quality_scale_1p5,0.5,1.5,1.0,2.9006811986931443e+20,8192,power,conditional_v8_fixed_policy_feasible,93,93,172,1.2881644904946874,25.29369266793931,0.7893382044858224,2.4269814994150076,2.9006811986931443e+20
quality_scale_1p5,0.5,1.5,1.0,2.9853826189179696e+20,8192,power,conditional_v8_fixed_policy_feasible,93,93,172,1.303159311956805,25.77485596348232,0.7893382044858224,2.4231249880467565,2.9853826189179696e+20
quality_scale_1p5,0.5,1.5,1.0,3.072557365267452e+20,8192,power,conditional_v8_fixed_policy_feasible,93,93,172,1.3183531570481009,26.26432762123127,0.7893382044858224,2.4192883009180077,3.072557365267452e+20
quality_scale_1p5,0.5,1.5,1.0,3.1622776601683794e+20,8192,power,conditional_v8_fixed_policy_feasible,93,93,172,1.3337488547014675,26.762236186284163,0.7893382044858224,2.4154713002804935,3.1622776601683794e+20
quality_scale_1p5,0.5,1.5,1.0,3.254617834980453e+20,8192,power,conditional_v8_fixed_policy_feasible,93,93,172,1.3493492750143214,27.268712006936944,0.7893382044858224,2.41167384956171,3.254617834980453e+20
quality_scale_1p5,0.5,1.5,1.0,3.3496543915782655e+20,8192,power,conditional_v8_fixed_policy_feasible,93,93,172,1.365157329852821,27.78388725944805,0.7893382044858224,2.4078958133550445,3.3496543915782655e+20
quality_scale_1p5,0.5,1.5,1.0,3.4474660657315054e+20,8192,power,conditional_v8_fixed_policy_feasible,93,93,172,1.3811759734652358,28.307895973170798,0.7893382044858224,2.4041370574099767,3.4474660657315054e+20
quality_scale_1p5,0.5,1.5,1.0,3.54813389233576e+20,8192,power,conditional_v8_fixed_policy_feasible,93,93,172,1.3974082031045751,28.840874056058368,0.7893382044858224,2.400397448622332,3.548133892335761e+20
quality_scale_1p5,0.5,1.5,1.0,3.651741272548377e+20,8192,power,conditional_v8_fixed_policy_feasible,93,93,172,1.4138570596607076,29.38295932054847,0.7893382044858224,2.3966768550245954,3.651741272548377e+20
quality_scale_1p5,0.5,1.5,1.0,3.7583740428844355e+20,8192,power,conditional_v8_fixed_policy_feasible,93,93,172,1.4305256283020276,29.93429150982999,0.7893382044858224,2.3929751457762913,3.7583740428844355e+20
quality_scale_1p5,0.5,1.5,1.0,3.868120546330509e+20,8192,power,conditional_v8_fixed_policy_feasible,93,93,172,1.447417039126897,30.495012324499058,0.7893382044858224,2.38929219115442,3.868120546330509e+20
quality_scale_1p5,0.5,1.5,1.0,3.9810717055349857e+20,8192,power,conditional_v8_fixed_policy_feasible,93,93,172,1.4645344678249854,31.065265449609168,0.7893382044858224,2.3856278625439553,3.9810717055349857e+20
quality_scale_1p5,0.5,1.5,1.0,4.0973210981354216e+20,8192,power,conditional_v8_fixed_policy_feasible,93,93,172,1.4818811363486675,31.64519658211945,0.7893382044858224,2.3819820324284047,4.0973210981354216e+20
quality_scale_1p5,0.5,1.5,1.0,4.216965034285823e+20,8192,power,conditional_v8_fixed_policy_feasible,93,93,172,1.4994603135946893,32.23495345874934,0.7893382044858224,2.378354574380419,4.2169650342858234e+20
quality_scale_1p5,0.5,1.5,1.0,4.3401026364474314e+20,8192,power,conditional_v8_fixed_policy_feasible,93,93,172,1.5172753160961914,32.83468588424125,0.7893382044858224,2.3747453630524737,4.3401026364474314e+20
quality_scale_1p5,0.5,1.5,1.0,4.466835921509617e+20,8192,power,conditional_v8_fixed_policy_feasible,93,93,172,1.5353295087253203,33.44454576003951,0.7893382044858224,2.3711542741676,4.4668359215096175e+20
quality_scale_1p5,0.5,1.5,1.0,4.5972698853087366e+20,8192,power,conditional_v8_fixed_policy_feasible,93,93,172,1.5536263054065789,34.06468711338977,0.7893382044858224,2.3675811845101786,4.597269885308736e+20
quality_scale_1p5,0.5,1.5,1.0,4.7315125896148124e+20,8192,power,conditional_v8_fixed_policy_feasible,93,93,172,1.5721691698410718,34.69526612686375,0.7893382044858224,2.364025971916793,4.731512589614813e+20
quality_scale_1p5,0.5,1.5,1.0,4.8696752516586314e+20,8192,power,conditional_v8_fixed_policy_feasible,93,93,172,1.5909616162418823,35.33644116831728,0.7893382044858224,2.360488515267134,4.8696752516586314e+20
quality_scale_1p5,0.5,1.5,1.0,5.0118723362727146e+20,8192,power,conditional_v8_fixed_policy_feasible,93,93,172,1.6100072100806808,35.988372821283775,0.7893382044858224,2.3569686944749697,5.011872336272714e+20
quality_scale_1p5,0.5,1.5,1.0,5.15822165072304e+20,8192,power,conditional_v8_fixed_policy_feasible,93,93,172,1.6293095688458155,36.65122391581106,0.7893382044858224,2.35346639047917,5.15822165072304e+20
quality_scale_1p5,0.5,1.5,1.0,5.308844442309901e+20,8192,power,conditional_v8_fixed_policy_feasible,93,93,172,1.6488723628120383,37.32515955974667,0.7893382044858224,2.349981485234785,5.308844442309902e+20
quality_scale_1p5,0.5,1.5,1.0,5.463865498818551e+20,8192,power,conditional_v8_fixed_policy_feasible,93,93,172,1.6686993158220487,38.01034717047589,0.7893382044858224,2.3465138617041914,5.463865498818551e+20
quality_scale_1p5,0.5,1.5,1.0,5.6234132519034906e+20,8192,power,conditional_v8_fixed_policy_feasible,93,93,172,1.688794206080107,38.706956507121454,0.7893382044858224,2.343063403848282,5.623413251903491e+20
quality_scale_1p5,0.5,1.5,1.0,5.787619883491197e+20,8192,power,conditional_v8_fixed_policy_feasible,93,93,172,1.7091608669578329,39.41515970320623,0.7893382044858224,2.339629996617717,5.787619883491197e+20
quality_scale_1p5,0.5,1.5,1.0,5.956621435290085e+20,8192,power,conditional_v8_fixed_policy_feasible,93,93,172,1.729803187812434,40.13513129978829,0.7893382044858224,2.336213525944241,5.956621435290084e+20
quality_scale_1p5,0.5,1.5,1.0,6.130557921498227e+20,8192,power,conditional_v8_fixed_policy_feasible,93,93,172,1.750725114817583,40.86704827907235,0.7893382044858224,2.3328138787320407,6.130557921498227e+20
quality_scale_1p5,0.5,1.5,1.0,6.309573444801943e+20,8192,power,conditional_v8_fixed_policy_feasible,93,93,172,1.7719306518070812,41.61109009850293,0.7893382044858224,2.3294309428491724,6.309573444801943e+20
quality_scale_1p5,0.5,1.5,1.0,6.493816315762113e+20,8192,power,conditional_v8_fixed_policy_feasible,93,93,172,1.7934238611316358,42.36743872534798,0.7893382044858224,2.326064607119037,6.493816315762113e+20
quality_scale_1p5,0.5,1.5,1.0,6.683439175686135e+20,8192,power,conditional_v8_fixed_policy_feasible,93,93,172,1.8152088645288322,43.13627867177473,0.7893382044858224,2.3227147613119126,6.683439175686135e+20
quality_scale_1p5,0.5,1.5,1.0,6.878599123088053e+20,8192,power,conditional_v8_fixed_policy_feasible,93,93,172,1.837289844006606,43.917797030426826,0.7893382044858224,2.319381296136546,6.878599123088053e+20
quality_scale_1p5,0.5,1.5,1.0,7.079457843841402e+20,8192,power,conditional_v8_fixed_policy_feasible,93,93,172,1.8596710427404184,44.71218351050769,0.7893382044858224,2.3160641032317955,7.079457843841402e+20
quality_scale_1p5,0.5,1.5,1.0,7.28618174513229e+20,8192,power,conditional_v8_fixed_policy_feasible,93,93,172,1.8823567659843132,45.519630474375,0.7893382044858224,2.3127630751583363,7.28618174513229e+20
quality_scale_1p5,0.5,1.5,1.0,7.498942093324558e+20,8192,power,conditional_v8_fixed_policy_feasible,93,93,172,1.9053513819961885,46.34033297465571,0.7893382044858224,2.3094781053904088,7.498942093324558e+20
quality_scale_1p5,0.5,1.5,1.0,7.717915155850111e+20,8192,power,conditional_v8_fixed_policy_feasible,93,93,172,1.9286593229773856,47.17448879188323,0.7893382044858224,2.3062090883076327,7.717915155850111e+20
quality_scale_1p5,0.5,1.5,1.0,7.943282347242789e+20,8192,power,conditional_v8_fixed_policy_feasible,93,93,172,1.952285086026924,48.02229847266627,0.7893382044858224,2.302955919186873,7.943282347242789e+20
quality_scale_1p5,0.5,1.5,1.0,8.175230379436527e+20,8192,power,conditional_v8_fixed_policy_feasible,93,93,172,1.9762332341105986,48.88396536839434,0.7893382044858224,2.299718494194158,8.175230379436527e+20
quality_scale_1p5,0.5,1.5,1.0,8.413951416451965e+20,8192,power,conditional_v8_fixed_policy_feasible,93,93,172,2.000508397045138,49.75969567448512,0.7893382044858224,2.296496710376658,8.413951416451966e+20
quality_scale_1p5,0.5,1.5,1.0,8.659643233600653e+20,8192,power,conditional_v8_fixed_policy_feasible,93,93,172,2.0251152724977826,50.649698470183445,0.7893382044858224,2.2932904656547115,8.659643233600653e+20
quality_scale_1p5,0.5,1.5,1.0,8.91250938133744e+20,8192,power,conditional_v8_fixed_policy_feasible,93,93,172,2.050058627001396,51.554185758913434,0.7893382044858224,2.2900996588139093,8.91250938133744e+20
quality_scale_1p5,0.5,1.5,1.0,9.172759353897766e+20,8192,power,conditional_v8_fixed_policy_feasible,93,93,172,2.0753432969854697,52.473372509193766,0.7893382044858224,2.2869241894972343,9.172759353897766e+20
quality_scale_1p5,0.5,1.5,1.0,9.440608762859264e+20,8192,power,conditional_v8_fixed_policy_feasible,93,93,172,2.1009741898232464,53.407476696121336,0.7893382044858224,2.283763958197253,9.440608762859263e+20
quality_scale_1p5,0.5,1.5,1.0,9.716279515771078e+20,8192,power,conditional_v8_fixed_policy_feasible,93,93,172,2.126956284895189,54.356719343428544,0.7893382044858224,2.2806188662483637,9.716279515771078e+20
quality_scale_1p5,0.5,1.5,1.0,1e+21,8192,power,conditional_v8_fixed_policy_feasible,93,93,172,2.153294634669183,55.32132456612435,0.7893382044858224,2.2774888158190945,1e+21
mixture_lambda_0,0.5,1.0,0.0,1e+19,8192,power,conditional_v8_fixed_policy_feasible,87,22,159,0.13039242974508328,10.0,0.5015965229074708,3.312949743467191,1e+19
mixture_lambda_0,0.5,1.0,0.0,1.0292005271944266e+19,8192,power,conditional_v8_fixed_policy_feasible,87,23,159,0.1342152888771563,10.0,0.5015965229074708,3.3051521901410688,1.0292005271944266e+19
mixture_lambda_0,0.5,1.0,0.0,1.0592537251772854e+19,8192,power,conditional_v8_fixed_policy_feasible,87,26,159,0.13814977751127586,10.0,0.5015965229074708,3.2974231296845584,1.0592537251772854e+19
mixture_lambda_0,0.5,1.0,0.0,1.0901844923851313e+19,8192,power,conditional_v8_fixed_policy_feasible,87,26,159,0.14219915528775337,10.0,0.5015965229074708,3.2897618538969113,1.0901844923851311e+19
mixture_lambda_0,0.5,1.0,0.0,1.1220184543019653e+19,8192,power,conditional_v8_fixed_policy_feasible,87,27,159,0.14636677703011225,10.0,0.5015965229074708,3.28216766303376,1.1220184543019653e+19
mixture_lambda_0,0.5,1.0,0.0,1.1547819846894582e+19,8192,power,conditional_v8_fixed_policy_feasible,87,28,159,0.15065609552449494,10.000000000000002,0.5015965229074708,3.274639865665085,1.1547819846894582e+19
mixture_lambda_0,0.5,1.0,0.0,1.1885022274370165e+19,8192,power,conditional_v8_fixed_policy_feasible,87,30,159,0.15507066438021844,10.0,0.5015965229074708,3.2671777785368996,1.1885022274370165e+19
mixture_lambda_0,0.5,1.0,0.0,1.2232071190499275e+19,8192,power,conditional_v8_fixed_policy_feasible,87,30,159,0.15961414097386514,10.0,0.5015965229074708,3.2597807264365013,1.2232071190499273e+19
mixture_lambda_0,0.5,1.0,0.0,1.2589254117941713e+19,8192,power,conditional_v8_fixed_policy_feasible,87,34,159,0.16429028947934324,10.0,0.5015965229074708,3.252448042061173,1.2589254117941713e+19
mixture_lambda_0,0.5,1.0,0.0,1.2956866975170216e+19,8192,power,conditional_v8_fixed_policy_feasible,87,35,33,0.16534941743690532,10.000000000000002,0.5125891887639328,3.245151064509966,1.2956866975170218e+19
mixture_lambda_0,0.5,1.0,0.0,1.3335214321633241e+19,8192,power,conditional_v8_fixed_policy_feasible,87,36,33,0.1703026451608138,10.0,0.5125891887639328,3.2377549482602657,1.3335214321633243e+19
mixture_lambda_0,0.5,1.0,0.0,1.3724609610075597e+19,8192,power,conditional_v8_fixed_policy_feasible,87,39,33,0.17540050974557442,10.0,0.5125891887639328,3.2304291787576735,1.3724609610075597e+19
mixture_lambda_0,0.5,1.0,0.0,1.4125375446227497e+19,8192,power,conditional_v8_fixed_policy_feasible,87,40,459,0.17718480216691368,10.0,0.522137568533039,3.2230422081102845,1.41253754462275e+19
mixture_lambda_0,0.5,1.0,0.0,1.4537843856076667e+19,8192,power,conditional_v8_fixed_policy_feasible,87,42,399,0.18142107007272487,10.0,0.5252320390457875,3.2156719310674946,1.4537843856076667e+19
mixture_lambda_0,0.5,1.0,0.0,1.496235656094436e+19,8192,power,conditional_v8_fixed_policy_feasible,87,45,399,0.18697868298731024,10.000000000000002,0.5252320390457875,3.208341861487497,1.4962356560944357e+19
mixture_lambda_0,0.5,1.0,0.0,1.539926526059492e+19,8192,power,conditional_v8_fixed_policy_feasible,87,46,368,0.18744181416361835,10.0,0.5385712117536868,3.200961177013217,1.539926526059492e+19
mixture_lambda_0,0.5,1.0,0.0,1.5848931924611109e+19,8192,power,conditional_v8_fixed_policy_feasible,87,47,368,0.19332873634648634,10.000000000000002,0.5385712117536868,3.1935480611772893,1.5848931924611109e+19
mixture_lambda_0,0.5,1.0,0.0,1.631172909227833e+19,8192,power,conditional_v8_fixed_policy_feasible,87,48,368,0.19938755976064668,10.0,0.5385712117536868,3.1862187537182898,1.631172909227833e+19
mixture_lambda_0,0.5,1.0,0.0,1.6788040181225658e+19,8192,power,conditional_v8_fixed_policy_feasible,87,49,30,0.199783919519824,10.0,0.5523124309595181,3.1788158605665475,1.678804018122566e+19
mixture_lambda_0,0.5,1.0,0.0,1.7278259805078663e+19,8192,power,conditional_v8_fixed_policy_feasible,87,50,30,0.2062017507914647,10.0,0.5523124309595181,3.171406872041007,1.7278259805078665e+19
mixture_lambda_0,0.5,1.0,0.0,1.7782794100389229e+19,8192,power,conditional_v8_fixed_policy_feasible,87,50,5,0.21168974132247034,10.0,0.5548277935548559,3.1640449255141987,1.7782794100389226e+19
mixture_lambda_0,0.5,1.0,0.0,1.8302061063110531e+19,8192,power,conditional_v8_fixed_policy_feasible,87,51,139,0.21459368314900065,10.0,0.5633378739684428,3.156644121580914,1.8302061063110531e+19
mixture_lambda_0,0.5,1.0,0.0,1.8836490894897943e+19,8192,power,conditional_v8_fixed_policy_feasible,87,52,139,0.2215903032760876,10.000000000000002,0.5633378739684428,3.149307766016468,1.8836490894897943e+19
mixture_lambda_0,0.5,1.0,0.0,1.9386526359522136e+19,8192,power,conditional_v8_fixed_policy_feasible,87,52,285,0.22118039571610898,10.0,0.5789370496580535,3.1419552108585496,1.938652635952213e+19
mixture_lambda_0,0.5,1.0,0.0,1.9952623149688828e+19,8192,power,conditional_v8_fixed_policy_feasible,87,53,285,0.2285915916493763,10.0,0.5789370496580535,3.13451935331981,1.9952623149688824e+19
mixture_lambda_0,0.5,1.0,0.0,2.053525026457146e+19,8192,power,conditional_v8_fixed_policy_feasible,87,53,168,0.23539159439086238,10.0,0.5805591441451178,3.1271653044398597,2.053525026457146e+19
mixture_lambda_0,0.5,1.0,0.0,2.1134890398366433e+19,8192,power,conditional_v8_fixed_policy_feasible,87,55,437,0.2383614092182948,10.0,0.5898590396769423,3.11978969216602,2.1134890398366433e+19
mixture_lambda_0,0.5,1.0,0.0,2.1752040340195156e+19,8192,power,conditional_v8_fixed_policy_feasible,87,55,56,0.24419327187857026,10.0,0.5939980751406377,3.112428907663132,2.1752040340195156e+19
mixture_lambda_0,0.5,1.0,0.0,2.238721138568347e+19,8192,power,conditional_v8_fixed_policy_feasible,87,55,477,0.24943862040782136,10.0,0.5995154272811548,3.1050768466144656,2.238721138568347e+19
mixture_lambda_0,0.5,1.0,0.0,2.3040929760558494e+19,8192,power,conditional_v8_fixed_policy_feasible,87,56,6,0.2546055914093794,10.000000000000002,0.6054380352834293,3.097732085057543,2.3040929760558494e+19
mixture_lambda_0,0.5,1.0,0.0,2.3713737056616554e+19,8192,power,conditional_v8_fixed_policy_feasible,87,58,472,0.25900840490588634,10.0,0.6128810572582571,3.0904055710746205,2.3713737056616554e+19
mixture_lambda_0,0.5,1.0,0.0,2.4406190680419762e+19,8192,power,conditional_v8_fixed_policy_feasible,87,58,472,0.2680738325321328,10.0,0.6128810572582571,3.083076351232764,2.4406190680419762e+19
mixture_lambda_0,0.5,1.0,0.0,2.511886431509572e+19,8192,power,conditional_v8_fixed_policy_feasible,87,58,204,0.27112060479456135,10.0,0.6230492489861721,3.0757443014174504,2.5118864315095724e+19
mixture_lambda_0,0.5,1.0,0.0,2.585234839562199e+19,8192,power,conditional_v8_fixed_policy_feasible,87,58,202,0.2792148360816933,10.0,0.6254175336693596,3.068429949183045,2.585234839562199e+19
mixture_lambda_0,0.5,1.0,0.0,2.660725059798814e+19,8192,power,conditional_v8_fixed_policy_feasible,87,60,160,0.28381714136885083,10.0,0.633503631500533,3.061121690387103,2.660725059798814e+19
mixture_lambda_0,0.5,1.0,0.0,2.7384196342643614e+19,8192,power,conditional_v8_fixed_policy_feasible,87,60,196,0.2906501155065387,10.000000000000002,0.6384603711107756,3.0538258685887953,2.7384196342643614e+19
mixture_lambda_0,0.5,1.0,0.0,2.8183829312644493e+19,8192,power,conditional_v8_fixed_policy_feasible,87,61,313,0.2959495654870555,10.0,0.6459143982756212,3.0465448377147215,2.8183829312644493e+19
mixture_lambda_0,0.5,1.0,0.0,2.900681198693144e+19,8192,power,conditional_v8_fixed_policy_feasible,87,62,275,0.3018853810469838,10.0,0.6526651572913971,3.039275985753628,2.9006811986931438e+19
mixture_lambda_0,0.5,1.0,0.0,2.9853826189179695e+19,8192,power,conditional_v8_fixed_policy_feasible,87,63,422,0.3096098781219066,10.000000000000002,0.6572386325470697,3.032005204434085,2.98538261891797e+19
mixture_lambda_0,0.5,1.0,0.0,3.072557365267452e+19,8192,power,conditional_v8_fixed_policy_feasible,87,64,216,0.31723037858754455,10.000000000000002,0.662281744413435,3.024752369476541,3.072557365267452e+19
mixture_lambda_0,0.5,1.0,0.0,3.162277660168379e+19,8192,power,conditional_v8_fixed_policy_feasible,87,65,484,0.32322101407277887,10.0,0.6697222360371766,3.017514810875019,3.1622776601683796e+19
mixture_lambda_0,0.5,1.0,0.0,3.2546178349804536e+19,8192,power,conditional_v8_fixed_policy_feasible,87,65,135,0.33248398160538317,10.0,0.6732866725803939,3.0102886382995635,3.2546178349804536e+19
mixture_lambda_0,0.5,1.0,0.0,3.3496543915782656e+19,8192,power,conditional_v8_fixed_policy_feasible,87,68,217,0.3366681285164175,10.0,0.6833902068276789,3.003079348583635,3.3496543915782656e+19
mixture_lambda_0,0.5,1.0,0.0,3.447466065731505e+19,8192,power,conditional_v8_fixed_policy_feasible,87,68,43,0.3466196306828788,10.0,0.6867798420434463,2.995868619209043,3.4474660657315054e+19
mixture_lambda_0,0.5,1.0,0.0,3.5481338923357606e+19,8192,power,conditional_v8_fixed_policy_feasible,87,72,100,0.35225061820342174,10.0,0.6955113497107244,2.9886843061669355,3.54813389233576e+19
mixture_lambda_0,0.5,1.0,0.0,3.651741272548377e+19,8192,power,conditional_v8_fixed_policy_feasible,87,75,260,0.3599131056617345,10.0,0.7021158981448483,2.981509857431909,3.651741272548377e+19
mixture_lambda_0,0.5,1.0,0.0,3.758374042884435e+19,8192,power,conditional_v8_fixed_policy_feasible,87,75,358,0.37091372857810606,10.0,0.705358936196177,2.974345834554489,3.758374042884435e+19
mixture_lambda_0,0.5,1.0,0.0,3.868120546330509e+19,8192,power,conditional_v8_fixed_policy_feasible,87,75,74,0.3771869222202393,10.0,0.7140077131217126,2.9671960878089942,3.868120546330509e+19
mixture_lambda_0,0.5,1.0,0.0,3.981071705534986e+19,8192,power,conditional_v8_fixed_policy_feasible,87,77,22,0.38743906467693234,10.000000000000002,0.7187191990114261,2.9600653404531183,3.981071705534986e+19
mixture_lambda_0,0.5,1.0,0.0,4.097321098135422e+19,8192,power,conditional_v8_fixed_policy_feasible,87,80,165,0.39494383665906097,10.0,0.7265268627124839,2.9529444540044816,4.0973210981354226e+19
mixture_lambda_0,0.5,1.0,0.0,4.216965034285823e+19,8192,power,conditional_v8_fixed_policy_feasible,87,87,121,0.40405140613119644,10.0,0.7329697093946848,2.9458416186543888,4.216965034285823e+19
mixture_lambda_0,0.5,1.0,0.0,4.340102636447431e+19,8192,power,conditional_v8_fixed_policy_feasible,87,87,434,0.4144980346422371,10.0,0.7384120738785533,2.93875939882977,4.340102636447431e+19
mixture_lambda_0,0.5,1.0,0.0,4.466835921509617e+19,8192,power,conditional_v8_fixed_policy_feasible,87,87,218,0.4176279415744079,10.0,0.7508631491103497,2.9316978938946967,4.466835921509617e+19
mixture_lambda_0,0.5,1.0,0.0,4.597269885308737e+19,8192,power,conditional_v8_fixed_policy_feasible,87,87,301,0.43185179892259473,10.0,0.7534232298984014,2.9246239762288586,4.597269885308737e+19
mixture_lambda_0,0.5,1.0,0.0,4.731512589614812e+19,8192,power,conditional_v8_fixed_policy_feasible,87,87,301,0.4494265140862514,10.0,0.7534232298984014,2.9176793801415806,4.731512589614812e+19
mixture_lambda_0,0.5,1.0,0.0,4.869675251658631e+19,8192,power,conditional_v8_fixed_policy_feasible,87,87,3,0.4479511319717101,10.0,0.7703166792908445,2.910558157576971,4.8696752516586316e+19
mixture_lambda_0,0.5,1.0,0.0,5.011872336272715e+19,8192,power,conditional_v8_fixed_policy_feasible,87,87,17,0.45341711370563814,10.0,0.7810764978536575,2.9035838265834264,5.011872336272715e+19
mixture_lambda_0,0.5,1.0,0.0,5.15822165072304e+19,8192,power,conditional_v8_fixed_policy_feasible,87,87,50,0.4693034215998615,10.0,0.7836869200896228,2.896550819109221,5.158221650723039e+19
mixture_lambda_0,0.5,1.0,0.0,5.308844442309901e+19,8192,power,conditional_v8_fixed_policy_feasible,87,87,50,0.4890225763425905,10.0,0.7836869200896228,2.8896452292964616,5.308844442309901e+19
mixture_lambda_0,0.5,1.0,0.0,5.463865498818551e+19,8192,power,conditional_v8_fixed_policy_feasible,87,87,212,0.48810866438696854,10.0,0.7999996364025969,2.8826166747071142,5.46386549881855e+19
mixture_lambda_0,0.5,1.0,0.0,5.6234132519034905e+19,8192,power,conditional_v8_fixed_policy_feasible,87,87,96,0.5016895252990136,10.0,0.8053951750968158,2.8756673108403925,5.6234132519034905e+19
mixture_lambda_0,0.5,1.0,0.0,5.787619883491197e+19,8192,power,conditional_v8_fixed_policy_feasible,87,87,79,0.518223391614995,10.0,0.8089995686455148,2.8687665645804383,5.787619883491197e+19
mixture_lambda_0,0.5,1.0,0.0,5.956621435290085e+19,8192,power,conditional_v8_fixed_policy_feasible,87,87,124,0.5116877981009815,10.0,0.8289249004587043,2.8619200758337953,5.956621435290085e+19
mixture_lambda_0,0.5,1.0,0.0,6.1305579214982275e+19,8192,power,conditional_v8_fixed_policy_feasible,87,87,124,0.5344591227511887,10.0,0.8289249004587043,2.8549328975620023,6.1305579214982275e+19
mixture_lambda_0,0.5,1.0,0.0,6.309573444801943e+19,8192,power,conditional_v8_fixed_policy_feasible,87,87,36,0.5491944791173042,10.0,0.8346986284665913,2.8480607071995965,6.309573444801944e+19
mixture_lambda_0,0.5,1.0,0.0,6.493816315762113e+19,8192,power,conditional_v8_fixed_policy_feasible,87,87,243,0.5526229340414982,10.0,0.8479678960469612,2.8412103150206556,6.493816315762113e+19
mixture_lambda_0,0.5,1.0,0.0,6.683439175686135e+19,8192,power,conditional_v8_fixed_policy_feasible,87,87,321,0.5759255342072156,10.0,0.8489198500201682,2.8343693616488768,6.683439175686134e+19
mixture_lambda_0,0.5,1.0,0.0,6.878599123088054e+19,8192,power,conditional_v8_fixed_policy_feasible,87,87,503,0.5811016934475136,10.0,0.8613622956757853,2.8275234639131086,6.878599123088055e+19
mixture_lambda_0,0.5,1.0,0.0,7.0794578438414025e+19,8192,power,conditional_v8_fixed_policy_feasible,87,87,21,0.6000207972487399,10.0,0.8657372766447615,2.820726564737978,7.0794578438414025e+19
mixture_lambda_0,0.5,1.0,0.0,7.286181745132289e+19,8192,power,conditional_v8_fixed_policy_feasible,87,87,470,0.6159428755771696,10.0,0.8722219592415033,2.813952936709095,7.286181745132288e+19
mixture_lambda_0,0.5,1.0,0.0,7.498942093324558e+19,8192,power,conditional_v8_fixed_policy_feasible,87,87,49,0.6223403546041182,10.0,0.8843175824298823,2.8071453389998786,7.498942093324558e+19
mixture_lambda_0,0.5,1.0,0.0,7.717915155850112e+19,8192,power,conditional_v8_fixed_policy_feasible,87,87,283,0.6289396480794331,10.0,0.8962608882517364,2.800392639518955,7.71791515585011e+19
mixture_lambda_0,0.5,1.0,0.0,7.94328234724279e+19,8192,power,conditional_v8_fixed_policy_feasible,87,87,509,0.6488173413626072,10.0,0.9013246424184737,2.7936438649356385,7.94328234724279e+19
mixture_lambda_0,0.5,1.0,0.0,8.175230379436527e+19,8192,power,conditional_v8_fixed_policy_feasible,87,87,45,0.6704117711842971,10.000000000000002,0.9058653963310447,2.7869520507857786,8.175230379436528e+19
mixture_lambda_0,0.5,1.0,0.0,8.413951416451965e+19,8192,power,conditional_v8_fixed_policy_feasible,87,87,491,0.657337943214332,10.0,0.9278280170524066,2.780306318806412,8.413951416451965e+19
mixture_lambda_0,0.5,1.0,0.0,8.659643233600653e+19,8192,power,conditional_v8_fixed_policy_feasible,87,87,491,0.689503294223534,10.0,0.9278280170524066,2.773518467852877,8.659643233600653e+19
mixture_lambda_0,0.5,1.0,0.0,8.91250938133744e+19,8192,power,conditional_v8_fixed_policy_feasible,87,87,370,0.7007429034869342,10.0,0.9381106964865193,2.7668452936383336,8.912509381337439e+19
mixture_lambda_0,0.5,1.0,0.0,9.172759353897766e+19,8192,power,conditional_v8_fixed_policy_feasible,87,87,88,0.723455052164628,10.000000000000002,0.9433218962823675,2.760196421482091,9.172759353897768e+19
mixture_lambda_0,0.5,1.0,0.0,9.440608762859264e+19,8192,power,conditional_v8_fixed_policy_feasible,87,87,88,0.7585212190269943,10.0,0.9433218962823675,2.753724469249119,9.440608762859264e+19
mixture_lambda_0,0.5,1.0,0.0,9.716279515771078e+19,8192,power,conditional_v8_fixed_policy_feasible,87,87,88,0.7946113364484196,10.0,0.9433218962823675,2.747466754503442,9.71627951577108e+19
mixture_lambda_0,0.5,1.0,0.0,1e+20,8192,power,conditional_v8_fixed_policy_feasible,87,87,88,0.8317553043250588,10.0,0.9433218962823675,2.741409511503617,1e+20
mixture_lambda_0,0.5,1.0,0.0,1.0292005271944264e+20,8192,power,conditional_v8_fixed_policy_feasible,87,87,88,0.8699838956457888,10.0,0.9433218962823675,2.735540247408036,1.0292005271944266e+20
mixture_lambda_0,0.5,1.0,0.0,1.0592537251772853e+20,8192,power,conditional_v8_fixed_policy_feasible,87,87,88,0.9093287819869847,10.0,0.9433218962823675,2.729847592859816,1.0592537251772855e+20
mixture_lambda_0,0.5,1.0,0.0,1.0901844923851312e+20,8192,power,conditional_v8_fixed_policy_feasible,87,87,88,0.9498225597517599,10.0,0.9433218962823675,2.724321173624891,1.0901844923851314e+20
mixture_lambda_0,0.5,1.0,0.0,1.1220184543019654e+20,8192,power,conditional_v8_fixed_policy_feasible,87,87,88,0.9914987771753486,10.0,0.9433218962823675,2.7189514998470443,1.1220184543019654e+20
mixture_lambda_0,0.5,1.0,0.0,1.1547819846894582e+20,8192,power,conditional_v8_fixed_policy_feasible,87,87,88,1.0065989643670679,10.18728203484726,0.9433218962823675,2.71369133149543,1.1547819846894582e+20
mixture_lambda_0,0.5,1.0,0.0,1.1885022274370165e+20,8192,power,conditional_v8_fixed_policy_feasible,87,87,88,1.0162494703841134,10.417014653402568,0.9433218962823675,2.708465386170655,1.1885022274370165e+20
mixture_lambda_0,0.5,1.0,0.0,1.2232071190499276e+20,8192,power,conditional_v8_fixed_policy_feasible,87,87,88,1.0260101141585338,10.651592256614297,0.9433218962823675,2.7032717834990443,1.2232071190499276e+20
mixture_lambda_0,0.5,1.0,0.0,1.2589254117941713e+20,8192,power,conditional_v8_fixed_policy_feasible,87,87,88,1.035882326928224,10.891108316718999,0.9433218962823675,2.698110277018014,1.2589254117941713e+20
mixture_lambda_0,0.5,1.0,0.0,1.2956866975170216e+20,8192,power,conditional_v8_fixed_policy_feasible,87,87,88,1.0458675598223255,11.135657905526113,0.9433218962823675,2.692980622272231,1.2956866975170216e+20
mixture_lambda_0,0.5,1.0,0.0,1.333521432163324e+20,8192,power,conditional_v8_fixed_policy_feasible,87,87,88,1.0559672841399017,11.385337717814142,0.9433218962823675,2.687882576798143,1.333521432163324e+20
mixture_lambda_0,0.5,1.0,0.0,1.3724609610075598e+20,8192,power,conditional_v8_fixed_policy_feasible,87,87,88,1.0661829916323369,11.640246095019439,0.9433218962823675,2.682815900108644,1.37246096100756e+20
mixture_lambda_0,0.5,1.0,0.0,1.4125375446227496e+20,8192,power,conditional_v8_fixed_policy_feasible,87,87,88,1.0765161947895394,11.900483049222862,0.9433218962823675,2.6777803536778544,1.4125375446227496e+20
mixture_lambda_0,0.5,1.0,0.0,1.4537843856076666e+20,8192,power,conditional_v8_fixed_policy_feasible,87,87,88,1.086968427129982,12.166150287438294,0.9433218962823675,2.6727757009260182,1.4537843856076666e+20
mixture_lambda_0,0.5,1.0,0.0,1.496235656094436e+20,8192,power,conditional_v8_fixed_policy_feasible,87,87,88,1.097541243494617,12.437351236206958,0.9433218962823675,2.6678017072045246,1.496235656094436e+20
mixture_lambda_0,0.5,1.0,0.0,1.539926526059492e+20,8192,power,conditional_v8_fixed_policy_feasible,87,87,88,1.1082362203447564,12.714191066503282,0.9433218962823675,2.662858139781032,1.539926526059492e+20
mixture_lambda_0,0.5,1.0,0.0,1.5848931924611108e+20,8192,power,conditional_v8_fixed_policy_feasible,87,87,88,1.1190549560639103,12.99677671895534,0.9433218962823675,2.657944767824725,1.5848931924611108e+20
mixture_lambda_0,0.5,1.0,0.0,1.631172909227833e+20,8192,power,conditional_v8_fixed_policy_feasible,87,87,88,1.1299990712636743,13.285216929385834,0.9433218962823675,2.653061362391675,1.6311729092278334e+20
mixture_lambda_0,0.5,1.0,0.0,1.678804018122566e+20,8192,power,conditional_v8_fixed_policy_feasible,87,87,88,1.1410702090937106,13.57962225467799,0.9433218962823675,2.648207696410311,1.678804018122566e+20
mixture_lambda_0,0.5,1.0,0.0,1.7278259805078664e+20,8192,power,conditional_v8_fixed_policy_feasible,87,87,88,1.1522700355558466,13.880105098971118,0.9433218962823675,2.6433835446670195,1.7278259805078664e+20
mixture_lambda_0,0.5,1.0,0.0,1.778279410038923e+20,8192,power,conditional_v8_fixed_policy_feasible,87,87,88,1.1636002398224023,14.18677974019201,0.9433218962823675,2.6385886837918315,1.778279410038923e+20
mixture_lambda_0,0.5,1.0,0.0,1.830206106311053e+20,8192,power,conditional_v8_fixed_policy_feasible,87,87,88,1.1750625345587298,14.499762356925896,0.9433218962823675,2.6338228922442393,1.830206106311053e+20
mixture_lambda_0,0.5,1.0,0.0,1.8836490894897945e+20,8192,power,conditional_v8_fixed_policy_feasible,87,87,88,1.1866586562500696,14.81917105563347,0.9433218962823675,2.629085950299111,1.8836490894897945e+20
mixture_lambda_0,0.5,1.0,0.0,1.9386526359522135e+20,8192,power,conditional_v8_fixed_policy_feasible,87,87,88,1.198390365532761,15.145125898219195,0.9433218962823675,2.624377640032717,1.9386526359522135e+20
mixture_lambda_0,0.5,1.0,0.0,1.995262314968883e+20,8192,power,conditional_v8_fixed_policy_feasible,87,87,88,1.210259447529844,15.47774892995599,0.9433218962823675,2.6196977453088666,1.995262314968883e+20
mixture_lambda_0,0.5,1.0,0.0,2.053525026457146e+20,8192,power,conditional_v8_fixed_policy_feasible,87,87,88,1.222267712191165,15.81716420777345,0.9433218962823675,2.615046051765139,2.0535250264571465e+20
mixture_lambda_0,0.5,1.0,0.0,2.1134890398366433e+20,8192,power,conditional_v8_fixed_policy_feasible,87,87,88,1.2344169946379668,16.16349782891377,0.9433218962823675,2.6104223467992305,2.1134890398366433e+20
mixture_lambda_0,0.5,1.0,0.0,2.1752040340195154e+20,8192,power,conditional_v8_fixed_policy_feasible,87,87,88,1.2467091555120855,16.516877959962706,0.9433218962823675,2.6058264195554024,2.1752040340195154e+20
mixture_lambda_0,0.5,1.0,0.0,2.238721138568347e+20,8192,power,conditional_v8_fixed_policy_feasible,87,87,88,1.2591460813297732,16.877434866261485,0.9433218962823675,2.601258060911022,2.238721138568347e+20
mixture_lambda_0,0.5,1.0,0.0,2.3040929760558495e+20,8192,power,conditional_v8_fixed_policy_feasible,87,87,88,1.2717296848402209,17.245300941705292,0.9433218962823675,2.596717063463226,2.3040929760558498e+20
mixture_lambda_0,0.5,1.0,0.0,2.3713737056616553e+20,8192,power,conditional_v8_fixed_policy_feasible,87,87,88,1.2844619053888584,17.620610738936648,0.9433218962823675,2.59220322151566,2.371373705661656e+20
mixture_lambda_0,0.5,1.0,0.0,2.4406190680419762e+20,8192,power,conditional_v8_fixed_policy_feasible,87,87,88,1.2973447092854546,18.003500999938094,0.9433218962823675,2.5877163310653324,2.4406190680419765e+20
mixture_lambda_0,0.5,1.0,0.0,2.5118864315095718e+20,8192,power,conditional_v8_fixed_policy_feasible,87,87,88,1.3103800901771088,18.39411068703267,0.9433218962823675,2.583256189789566,2.5118864315095718e+20
mixture_lambda_0,0.5,1.0,0.0,2.585234839562199e+20,8192,power,conditional_v8_fixed_policy_feasible,87,87,88,1.3235700694261958,18.792581014298563,0.9433218962823675,2.5788225970330387,2.585234839562199e+20
mixture_lambda_0,0.5,1.0,0.0,2.660725059798814e+20,8192,power,conditional_v8_fixed_policy_feasible,87,87,88,1.336916696493295,19.19905547940469,0.9433218962823675,2.574415353794937,2.6607250597988142e+20
mixture_lambda_0,0.5,1.0,0.0,2.7384196342643612e+20,8192,power,conditional_v8_fixed_policy_feasible,87,87,88,1.3504220493252412,19.61367989587596,0.9433218962823675,2.5700342627161814,2.7384196342643612e+20
mixture_lambda_0,0.5,1.0,0.0,2.818382931264449e+20,8192,power,conditional_v8_fixed_policy_feasible,87,87,88,1.3640882347482721,20.03660242579371,0.9433218962823675,2.565679128066768,2.818382931264449e+20
mixture_lambda_0,0.5,1.0,0.0,2.9006811986931443e+20,8192,power,conditional_v8_fixed_policy_feasible,87,87,88,1.3779173888664042,20.467973612940465,0.9433218962823675,2.5613497557331937,2.9006811986931443e+20
mixture_lambda_0,0.5,1.0,0.0,2.9853826189179696e+20,8192,power,conditional_v8_fixed_policy_feasible,87,87,88,1.3919116774650866,20.90794641639641,0.9433218962823675,2.5570459532059715,2.9853826189179696e+20
mixture_lambda_0,0.5,1.0,0.0,3.072557365267452e+20,8192,power,conditional_v8_fixed_policy_feasible,87,87,88,1.4060732964201796,21.35667624459484,0.9433218962823675,2.552767529567252,3.072557365267452e+20
mixture_lambda_0,0.5,1.0,0.0,3.1622776601683794e+20,8192,power,conditional_v8_fixed_policy_feasible,87,87,88,1.4204044721123845,21.814320989846795,0.9433218962823675,2.5485142954785123,3.1622776601683794e+20
mixture_lambda_0,0.5,1.0,0.0,3.254617834980453e+20,8192,power,conditional_v8_fixed_policy_feasible,87,87,88,1.4349074618471218,22.2810410633405,0.9433218962823675,2.544286063168356,3.254617834980454e+20
mixture_lambda_0,0.5,1.0,0.0,3.3496543915782655e+20,8192,power,conditional_v8_fixed_policy_feasible,87,87,88,1.4495845542799868,22.756999430626273,0.9433218962823675,2.540082646420393,3.3496543915782655e+20
mixture_lambda_0,0.5,1.0,0.0,3.4474660657315054e+20,8192,power,conditional_v8_fixed_policy_feasible,87,87,88,1.464438069847835,23.242361647594834,0.9433218962823675,2.5359038605612048,3.4474660657315054e+20
mixture_lambda_0,0.5,1.0,0.0,3.54813389233576e+20,8192,power,conditional_v8_fixed_policy_feasible,87,87,88,1.479470361205552,23.73729589695725,0.9433218962823675,2.5317495224484086,3.54813389233576e+20
mixture_lambda_0,0.5,1.0,0.0,3.651741272548377e+20,8192,power,conditional_v8_fixed_policy_feasible,87,87,88,1.4946838136686456,24.24197302523777,0.9433218962823675,2.5276194504587886,3.651741272548377e+20
mixture_lambda_0,0.5,1.0,0.0,3.7583740428844355e+20,8192,power,conditional_v8_fixed_policy_feasible,87,87,88,1.510080845661651,24.756566580285924,0.9433218962823675,2.5235134644765336,3.758374042884436e+20
mixture_lambda_0,0.5,1.0,0.0,3.868120546330509e+20,8192,power,conditional_v8_fixed_policy_feasible,87,87,88,1.5256639091724966,25.28125284931954,0.9433218962823675,2.5194313858815427,3.868120546330509e+20
mixture_lambda_0,0.5,1.0,0.0,3.9810717055349857e+20,8192,power,conditional_v8_fixed_policy_feasible,87,87,88,1.5414354902128726,25.81621089750768,0.9433218962823675,2.515373037537825,3.9810717055349857e+20
mixture_lambda_0,0.5,1.0,0.0,4.0973210981354216e+20,8192,power,conditional_v8_fixed_policy_feasible,87,87,88,1.5573981092846847,26.3616226071024,0.9433218962823675,2.5113382437819785,4.0973210981354216e+20
mixture_lambda_0,0.5,1.0,0.0,4.216965034285823e+20,8192,power,conditional_v8_fixed_policy_feasible,87,87,88,1.5735543218527124,26.91767271713198,0.9433218962823675,2.507326830411748,4.216965034285822e+20
mixture_lambda_0,0.5,1.0,0.0,4.3401026364474314e+20,8192,power,conditional_v8_fixed_policy_feasible,87,87,88,1.5899067188234934,27.484548863662468,0.9433218962823675,2.503338624674669,4.340102636447432e+20
mixture_lambda_0,0.5,1.0,0.0,4.466835921509617e+20,8192,power,conditional_v8_fixed_policy_feasible,87,87,88,1.60645792703056,28.062441620640676,0.9433218962823675,2.4993734552567908,4.4668359215096175e+20
mixture_lambda_0,0.5,1.0,0.0,4.5972698853087366e+20,8192,power,conditional_v8_fixed_policy_feasible,87,87,88,1.623210609726109,28.651544541328143,0.9433218962823675,2.4954311522714745,4.5972698853087366e+20
mixture_lambda_0,0.5,1.0,0.0,4.7315125896148124e+20,8192,power,conditional_v8_fixed_policy_feasible,87,87,88,1.6401674670791553,29.252054200336453,0.9433218962823675,2.4915115472482814,4.731512589614813e+20
mixture_lambda_0,0.5,1.0,0.0,4.8696752516586314e+20,8192,power,conditional_v8_fixed_policy_feasible,87,87,88,1.6573312366803403,29.86417023627709,0.9433218962823675,2.4876144731219223,4.8696752516586314e+20
mixture_lambda_0,0.5,1.0,0.0,5.0118723362727146e+20,8192,power,conditional_v8_fixed_policy_feasible,87,87,88,1.674704694053376,30.48809539503413,0.9433218962823675,2.4837397642212977,5.0118723362727146e+20
mixture_lambda_0,0.5,1.0,0.0,5.15822165072304e+20,8192,power,conditional_v8_fixed_policy_feasible,87,87,88,1.692290653173294,31.124035573673563,0.9433218962823675,2.4798872562586096,5.15822165072304e+20
mixture_lambda_0,0.5,1.0,0.0,5.308844442309901e+20,8192,power,conditional_v8_fixed_policy_feasible,87,87,88,1.7100919669915695,31.77219986500009,0.9433218962823675,2.476056786318548,5.308844442309901e+20
mixture_lambda_0,0.5,1.0,0.0,5.463865498818551e+20,8192,power,conditional_v8_fixed_policy_feasible,87,87,88,1.728111527968188,32.43280060277242,0.9433218962823675,2.4722481928475557,5.4638654988185515e+20
mixture_lambda_0,0.5,1.0,0.0,5.6234132519034906e+20,8192,power,conditional_v8_fixed_policy_feasible,87,87,88,1.746352268610815,33.10605340759202,0.9433218962823675,2.4684613156431614,5.6234132519034906e+20
mixture_lambda_0,0.5,1.0,0.0,5.787619883491197e+20,8192,power,conditional_v8_fixed_policy_feasible,87,87,88,1.7648171620210769,33.792177233473886,0.9433218962823675,2.46469599584339,5.787619883491196e+20
mixture_lambda_0,0.5,1.0,0.0,5.956621435290085e+20,8192,power,conditional_v8_fixed_policy_feasible,87,87,88,1.7835092224481255,34.49139441511449,0.9433218962823675,2.460952075916247,5.956621435290086e+20
mixture_lambda_0,0.5,1.0,0.0,6.130557921498227e+20,8192,power,conditional_v8_fixed_policy_feasible,87,87,88,1.8024315058495568,35.20393071586899,0.9433218962823675,2.45722939964927,6.130557921498227e+20
mixture_lambda_0,0.5,1.0,0.0,6.309573444801943e+20,8192,power,conditional_v8_fixed_policy_feasible,87,87,88,1.8215871104597452,35.93001537644976,0.9433218962823675,2.4535278121391606,6.309573444801943e+20
mixture_lambda_0,0.5,1.0,0.0,6.493816315762113e+20,8192,power,conditional_v8_fixed_policy_feasible,87,87,88,1.8409791773658153,36.66988116436183,0.9433218962823675,2.4498471597814695,6.493816315762115e+20
mixture_lambda_0,0.5,1.0,0.0,6.683439175686135e+20,8192,power,conditional_v8_fixed_policy_feasible,87,87,88,1.860610891091196,37.423764424085526,0.9433218962823675,2.446187290260374,6.683439175686135e+20
mixture_lambda_0,0.5,1.0,0.0,6.878599123088053e+20,8192,power,conditional_v8_fixed_policy_feasible,87,87,88,1.8804854801869897,38.19190512802215,0.9433218962823675,2.4425480525385024,6.878599123088055e+20
mixture_lambda_0,0.5,1.0,0.0,7.079457843841402e+20,8192,power,conditional_v8_fixed_policy_feasible,87,87,88,1.9006062178312055,38.974546928216114,0.9433218962823675,2.4389292968468457,7.079457843841402e+20
mixture_lambda_0,0.5,1.0,0.0,7.28618174513229e+20,8192,power,conditional_v8_fixed_policy_feasible,87,87,88,1.920976422435959,39.77193720886613,0.9433218962823675,2.4353308746747264,7.28618174513229e+20
mixture_lambda_0,0.5,1.0,0.0,7.498942093324558e+20,8192,power,conditional_v8_fixed_policy_feasible,87,87,88,1.9415994582628158,40.584327139643364,0.9433218962823675,2.431752638759834,7.498942093324559e+20
mixture_lambda_0,0.5,1.0,0.0,7.717915155850111e+20,8192,power,conditional_v8_fixed_policy_feasible,87,87,88,1.962478736046299,41.41197172982639,0.9433218962823675,2.4281944430783327,7.71791515585011e+20
mixture_lambda_0,0.5,1.0,0.0,7.943282347242789e+20,8192,power,conditional_v8_fixed_policy_feasible,87,87,88,1.983617713625739,42.25512988327123,0.9433218962823675,2.424656142835032,7.943282347242789e+20
mixture_lambda_0,0.5,1.0,0.0,8.175230379436527e+20,8192,power,conditional_v8_fixed_policy_feasible,87,87,88,2.005019896585571,43.114064454230146,0.9433218962823675,2.4211375944536213,8.175230379436527e+20
mixture_lambda_0,0.5,1.0,0.0,8.413951416451965e+20,8192,power,conditional_v8_fixed_policy_feasible,87,87,88,2.0266888389041577,43.98904230403346,0.9433218962823675,2.417638655566976,8.413951416451965e+20
mixture_lambda_0,0.5,1.0,0.0,8.659643233600653e+20,8192,power,conditional_v8_fixed_policy_feasible,87,87,88,2.048628143611352,44.88033435865317,0.9433218962823675,2.4141591850075135,8.659643233600652e+20
mixture_lambda_0,0.5,1.0,0.0,8.91250938133744e+20,8192,power,conditional_v8_fixed_policy_feasible,87,87,88,2.0708414634548022,45.78821566715934,0.9433218962823675,2.410699042797629,8.912509381337439e+20
mixture_lambda_0,0.5,1.0,0.0,9.172759353897766e+20,8192,power,conditional_v8_fixed_policy_feasible,87,87,88,2.0933325015752113,46.712965461088714,0.9433218962823675,2.407258090140184,9.172759353897767e+20
mixture_lambda_0,0.5,1.0,0.0,9.440608762859264e+20,8192,power,conditional_v8_fixed_policy_feasible,87,87,88,2.1161050121906455,47.65486721474056,0.9433218962823675,2.403836189409059,9.440608762859264e+20
mixture_lambda_0,0.5,1.0,0.0,9.716279515771078e+20,8192,power,conditional_v8_fixed_policy_feasible,87,87,88,2.139162801289997,48.61420870641471,0.9433218962823675,2.4004332041397745,9.716279515771078e+20
mixture_lambda_0,0.5,1.0,0.0,1e+21,8192,power,conditional_v8_fixed_policy_feasible,87,87,88,2.1625097273358036,49.591282080612416,0.9433218962823675,2.3970489990201598,1e+21
mixture_lambda_2,0.5,1.0,2.0,1e+19,8192,power,conditional_v8_fixed_policy_feasible,87,22,477,0.08726838337279479,10.0,0.5995154272811548,3.0418682732322098,1e+19
mixture_lambda_2,0.5,1.0,2.0,1.0292005271944266e+19,8192,power,conditional_v8_fixed_policy_feasible,87,23,477,0.0910912425048678,10.0,0.5995154272811548,3.030341978933145,1.0292005271944266e+19
mixture_lambda_2,0.5,1.0,2.0,1.0592537251772854e+19,8192,power,conditional_v8_fixed_policy_feasible,87,26,477,0.09502573113898737,10.0,0.5995154272811548,3.0191235838316564,1.0592537251772854e+19
mixture_lambda_2,0.5,1.0,2.0,1.0901844923851313e+19,8192,power,conditional_v8_fixed_policy_feasible,87,26,477,0.09907510891546487,10.000000000000002,0.5995154272811548,3.0081965046688,1.0901844923851313e+19
mixture_lambda_2,0.5,1.0,2.0,1.1220184543019653e+19,8192,power,conditional_v8_fixed_policy_feasible,87,27,477,0.10324273065782374,10.000000000000002,0.5995154272811548,2.997545462756495,1.1220184543019653e+19
mixture_lambda_2,0.5,1.0,2.0,1.1547819846894582e+19,8192,power,conditional_v8_fixed_policy_feasible,87,28,477,0.10753204915220647,10.0,0.5995154272811548,2.987156353036079,1.1547819846894582e+19
mixture_lambda_2,0.5,1.0,2.0,1.1885022274370165e+19,8192,power,conditional_v8_fixed_policy_feasible,87,30,477,0.11194661800792996,10.0,0.5995154272811548,2.9770161289777133,1.1885022274370165e+19
mixture_lambda_2,0.5,1.0,2.0,1.2232071190499275e+19,8192,power,conditional_v8_fixed_policy_feasible,87,30,477,0.11649009460157664,10.000000000000002,0.5995154272811548,2.9671127010916067,1.2232071190499275e+19
mixture_lambda_2,0.5,1.0,2.0,1.2589254117941713e+19,8192,power,conditional_v8_fixed_policy_feasible,87,34,477,0.12116624310705476,10.0,0.5995154272811548,2.957434847177732,1.2589254117941715e+19
mixture_lambda_2,0.5,1.0,2.0,1.2956866975170216e+19,8192,power,conditional_v8_fixed_policy_feasible,87,35,172,0.0775581696221872,10.0,0.6713607648391644,2.9451721107021633,1.2956866975170216e+19
mixture_lambda_2,0.5,1.0,2.0,1.3335214321633241e+19,8192,power,conditional_v8_fixed_policy_feasible,87,36,172,0.08251139734609567,10.0,0.6713607648391644,2.928717942648648,1.3335214321633241e+19
mixture_lambda_2,0.5,1.0,2.0,1.3724609610075597e+19,8192,power,conditional_v8_fixed_policy_feasible,87,39,172,0.08760926193085629,10.0,0.6713607648391644,2.9130892721208785,1.3724609610075595e+19
mixture_lambda_2,0.5,1.0,2.0,1.4125375446227497e+19,8192,power,conditional_v8_fixed_policy_feasible,87,40,172,0.09285598684905773,10.0,0.6713607648391644,2.8982076533568493,1.4125375446227495e+19
mixture_lambda_2,0.5,1.0,2.0,1.4537843856076667e+19,8192,power,conditional_v8_fixed_policy_feasible,87,42,172,0.09825591890091638,10.0,0.6713607648391644,2.8840050513501563,1.4537843856076665e+19
mixture_lambda_2,0.5,1.0,2.0,1.496235656094436e+19,8192,power,conditional_v8_fixed_policy_feasible,87,45,172,0.10381353181550176,10.0,0.6713607648391644,2.870422108644203,1.4962356560944357e+19
mixture_lambda_2,0.5,1.0,2.0,1.539926526059492e+19,8192,power,conditional_v8_fixed_policy_feasible,87,46,172,0.10953342995713564,10.0,0.6713607648391644,2.8574067547388196,1.5399265260594917e+19
mixture_lambda_2,0.5,1.0,2.0,1.5848931924611109e+19,8192,power,conditional_v8_fixed_policy_feasible,87,47,172,0.11542035214000364,10.0,0.6713607648391644,2.8449130804774834,1.5848931924611107e+19
mixture_lambda_2,0.5,1.0,2.0,1.631172909227833e+19,8192,power,conditional_v8_fixed_policy_feasible,87,48,172,0.12147917555416393,10.0,0.6713607648391644,2.8329004194603167,1.6311729092278327e+19
mixture_lambda_2,0.5,1.0,2.0,1.6788040181225658e+19,8192,power,conditional_v8_fixed_policy_feasible,87,49,172,0.12771491980619748,10.0,0.6713607648391644,2.8213325927245667,1.6788040181225658e+19
mixture_lambda_2,0.5,1.0,2.0,1.7278259805078663e+19,8192,power,conditional_v8_fixed_policy_feasible,87,50,172,0.13413275107783817,10.000000000000002,0.6713607648391644,2.810177283305026,1.7278259805078665e+19
mixture_lambda_2,0.5,1.0,2.0,1.7782794100389229e+19,8192,power,conditional_v8_fixed_policy_feasible,87,50,172,0.1407379864060557,10.0,0.6713607648391644,2.799405514950664,1.7782794100389229e+19
mixture_lambda_2,0.5,1.0,2.0,1.8302061063110531e+19,8192,power,conditional_v8_fixed_policy_feasible,87,51,172,0.1475360980881004,10.0,0.6713607648391644,2.7889912149984397,1.830206106311053e+19
mixture_lambda_2,0.5,1.0,2.0,1.8836490894897943e+19,8192,power,conditional_v8_fixed_policy_feasible,87,52,172,0.1545327182151874,10.0,0.6713607648391644,2.778910845723953,1.8836490894897947e+19
mixture_lambda_2,0.5,1.0,2.0,1.9386526359522136e+19,8192,power,conditional_v8_fixed_policy_feasible,87,52,172,0.1617336433385665,10.0,0.6713607648391644,2.7691430917774915,1.938652635952213e+19
mixture_lambda_2,0.5,1.0,2.0,1.9952623149688828e+19,8192,power,conditional_v8_fixed_policy_feasible,87,53,172,0.16914483927183382,10.0,0.6713607648391644,2.7596685938403334,1.9952623149688824e+19
mixture_lambda_2,0.5,1.0,2.0,2.053525026457146e+19,8192,power,conditional_v8_fixed_policy_feasible,87,53,172,0.17677244603349382,10.0,0.6713607648391644,2.7504697205926893,2.053525026457146e+19
mixture_lambda_2,0.5,1.0,2.0,2.1134890398366433e+19,8192,power,conditional_v8_fixed_policy_feasible,87,55,172,0.18462278293382595,10.0,0.6713607648391644,2.7415303726117464,2.1134890398366433e+19
mixture_lambda_2,0.5,1.0,2.0,2.1752040340195156e+19,8192,power,conditional_v8_fixed_policy_feasible,87,55,172,0.19270235381030174,10.0,0.6713607648391644,2.7328358130185135,2.1752040340195156e+19
mixture_lambda_2,0.5,1.0,2.0,2.238721138568347e+19,8192,power,conditional_v8_fixed_policy_feasible,87,55,172,0.20101785241587766,10.0,0.6713607648391644,2.724372520642322,2.238721138568347e+19
mixture_lambda_2,0.5,1.0,2.0,2.3040929760558494e+19,8192,power,conditional_v8_fixed_policy_feasible,87,56,172,0.20957616796461856,10.0,0.6713607648391644,2.7161280622285857,2.304092976055849e+19
mixture_lambda_2,0.5,1.0,2.0,2.3713737056616554e+19,8192,power,conditional_v8_fixed_policy_feasible,87,58,172,0.21838439083927896,10.0,0.6713607648391644,2.7080909808219857,2.3713737056616554e+19
mixture_lambda_2,0.5,1.0,2.0,2.4406190680419762e+19,8192,power,conditional_v8_fixed_policy_feasible,87,58,172,0.2274498184655254,10.0,0.6713607648391644,2.7002506979462377,2.4406190680419762e+19
mixture_lambda_2,0.5,1.0,2.0,2.511886431509572e+19,8192,power,conditional_v8_fixed_policy_feasible,87,58,172,0.23677996135770119,10.000000000000002,0.6713607648391644,2.692597427597834,2.511886431509572e+19
mixture_lambda_2,0.5,1.0,2.0,2.585234839562199e+19,8192,power,conditional_v8_fixed_policy_feasible,87,58,172,0.24638254934113057,10.0,0.6713607648391644,2.6851221003941235,2.585234839562199e+19
mixture_lambda_2,0.5,1.0,2.0,2.660725059798814e+19,8192,power,conditional_v8_fixed_policy_feasible,87,60,172,0.25626553795610424,10.0,0.6713607648391644,2.6778162964804513,2.660725059798814e+19
mixture_lambda_2,0.5,1.0,2.0,2.7384196342643614e+19,8192,power,conditional_v8_fixed_policy_feasible,87,60,172,0.26643711504889167,10.000000000000002,0.6713607648391644,2.6706721860185922,2.7384196342643618e+19
mixture_lambda_2,0.5,1.0,2.0,2.8183829312644493e+19,8192,power,conditional_v8_fixed_policy_feasible,87,61,172,0.2769057075551873,10.0,0.6713607648391644,2.663682476258521,2.8183829312644497e+19
mixture_lambda_2,0.5,1.0,2.0,2.900681198693144e+19,8192,power,conditional_v8_fixed_policy_feasible,87,62,172,0.2876799884816502,10.0,0.6713607648391644,2.656840364344696,2.900681198693144e+19
mixture_lambda_2,0.5,1.0,2.0,2.9853826189179695e+19,8192,power,conditional_v8_fixed_policy_feasible,87,63,172,0.29876888409130997,10.000000000000002,0.6713607648391644,2.650139495132408,2.9853826189179695e+19
mixture_lambda_2,0.5,1.0,2.0,3.072557365267452e+19,8192,power,conditional_v8_fixed_policy_feasible,87,64,172,0.3101815812987726,10.0,0.6713607648391644,2.6435739233937827,3.072557365267452e+19
mixture_lambda_2,0.5,1.0,2.0,3.162277660168379e+19,8192,power,conditional_v8_fixed_policy_feasible,87,65,172,0.32192753528140344,10.0,0.6713607648391644,2.637138079880336,3.1622776601683796e+19
mixture_lambda_2,0.5,1.0,2.0,3.2546178349804536e+19,8192,power,conditional_v8_fixed_policy_feasible,87,65,172,0.3340164773127286,10.0,0.6713607648391644,2.6308267407827133,3.2546178349804536e+19
mixture_lambda_2,0.5,1.0,2.0,3.3496543915782656e+19,8192,power,conditional_v8_fixed_policy_feasible,87,68,172,0.34645842282459133,10.0,0.6713607648391644,2.6246350001904393,3.349654391578265e+19
mixture_lambda_2,0.5,1.0,2.0,3.447466065731505e+19,8192,power,conditional_v8_fixed_policy_feasible,87,68,172,0.3592636797047285,10.0,0.6713607648391644,2.618558245207416,3.4474660657315054e+19
mixture_lambda_2,0.5,1.0,2.0,3.5481338923357606e+19,8192,power,conditional_v8_fixed_policy_feasible,87,72,172,0.372442856836622,10.0,0.6713607648391644,2.612592133423877,3.54813389233576e+19
mixture_lambda_2,0.5,1.0,2.0,3.651741272548377e+19,8192,power,conditional_v8_fixed_policy_feasible,87,75,172,0.3860068728887555,10.0,0.6713607648391644,2.6067325724839394,3.6517412725483766e+19
mixture_lambda_2,0.5,1.0,2.0,3.758374042884435e+19,8192,power,conditional_v8_fixed_policy_feasible,87,75,172,0.39996696536048487,10.0,0.6713607648391644,2.600975701520814,3.758374042884435e+19
mixture_lambda_2,0.5,1.0,2.0,3.868120546330509e+19,8192,power,conditional_v8_fixed_policy_feasible,87,75,172,0.41433469989207194,10.0,0.6713607648391644,2.5953178742599827,3.868120546330509e+19
mixture_lambda_2,0.5,1.0,2.0,3.981071705534986e+19,8192,power,conditional_v8_fixed_policy_feasible,87,77,172,0.429121979846575,10.0,0.6713607648391644,2.589755643615025,3.981071705534986e+19
mixture_lambda_2,0.5,1.0,2.0,4.097321098135422e+19,8192,power,conditional_v8_fixed_policy_feasible,87,80,172,0.4443410561715169,10.0,0.6713607648391644,2.5842857476217755,4.097321098135422e+19
mixture_lambda_2,0.5,1.0,2.0,4.216965034285823e+19,8192,power,conditional_v8_fixed_policy_feasible,87,87,172,0.46000453754855936,10.0,0.6713607648391644,2.5789050965747027,4.216965034285823e+19
mixture_lambda_2,0.5,1.0,2.0,4.340102636447431e+19,8192,power,conditional_v8_fixed_policy_feasible,87,87,172,0.47612540083951144,10.0,0.6713607648391644,2.5736107612452304,4.340102636447431e+19
mixture_lambda_2,0.5,1.0,2.0,4.466835921509617e+19,8192,power,conditional_v8_fixed_policy_feasible,87,87,172,0.49271700183738865,10.0,0.6713607648391644,2.5683999620754245,4.466835921509617e+19
mixture_lambda_2,0.5,1.0,2.0,4.597269885308737e+19,8192,power,conditional_v8_fixed_policy_feasible,87,87,172,0.5097930863314084,10.0,0.6713607648391644,2.5632700592524738,4.597269885308737e+19
mixture_lambda_2,0.5,1.0,2.0,4.731512589614812e+19,8192,power,conditional_v8_fixed_policy_feasible,87,87,172,0.527367801495065,10.000000000000002,0.6713607648391644,2.5582185435798896,4.731512589614812e+19
mixture_lambda_2,0.5,1.0,2.0,4.869675251658631e+19,8192,power,conditional_v8_fixed_policy_feasible,87,87,172,0.5454557076067925,10.0,0.6713607648391644,2.5532430280704714,4.869675251658631e+19
mixture_lambda_2,0.5,1.0,2.0,5.011872336272715e+19,8192,power,conditional_v8_fixed_policy_feasible,87,87,172,0.5640717901128257,10.0,0.6713607648391644,2.548341240194208,5.011872336272715e+19
mixture_lambda_2,0.5,1.0,2.0,5.15822165072304e+19,8192,power,conditional_v8_fixed_policy_feasible,87,87,172,0.5832314720423298,10.0,0.6713607648391644,2.5435110147213074,5.158221650723039e+19
mixture_lambda_2,0.5,1.0,2.0,5.308844442309901e+19,8192,power,conditional_v8_fixed_policy_feasible,87,87,172,0.6029506267850588,10.0,0.6713607648391644,2.5387502871068213,5.308844442309901e+19
mixture_lambda_2,0.5,1.0,2.0,5.463865498818551e+19,8192,power,conditional_v8_fixed_policy_feasible,87,87,172,0.6138281288029649,10.13341109714541,0.6713607648391644,2.5340461638279206,5.46386549881855e+19
mixture_lambda_2,0.5,1.0,2.0,5.6234132519034905e+19,8192,power,conditional_v8_fixed_policy_feasible,87,87,172,0.6211138247629588,10.322768948241984,0.6713607648391644,2.529367489070233,5.6234132519034905e+19
mixture_lambda_2,0.5,1.0,2.0,5.787619883491197e+19,8192,power,conditional_v8_fixed_policy_feasible,87,87,172,0.6284977969303162,10.515328422989636,0.6713607648391644,2.524712336680283,5.787619883491197e+19
mixture_lambda_2,0.5,1.0,2.0,5.956621435290085e+19,8192,power,conditional_v8_fixed_policy_feasible,87,87,172,0.6359814620278592,10.711137915742073,0.6713607648391644,2.5200805448379304,5.956621435290084e+19
mixture_lambda_2,0.5,1.0,2.0,6.1305579214982275e+19,8192,power,conditional_v8_fixed_policy_feasible,87,87,172,0.6435662577243854,10.910246484979483,0.6713607648391644,2.5154719531066614,6.1305579214982275e+19
mixture_lambda_2,0.5,1.0,2.0,6.309573444801943e+19,8192,power,conditional_v8_fixed_policy_feasible,87,87,172,0.651253642949068,11.1127038622729,0.6713607648391644,2.510886402421806,6.309573444801943e+19
mixture_lambda_2,0.5,1.0,2.0,6.493816315762113e+19,8192,power,conditional_v8_fixed_policy_feasible,87,87,172,0.6590450982107839,11.318560461378084,0.6713607648391644,2.5063237350788112,6.493816315762113e+19
mixture_lambda_2,0.5,1.0,2.0,6.683439175686135e+19,8192,power,conditional_v8_fixed_policy_feasible,87,87,172,0.6669421259223981,11.527867387459498,0.6713607648391644,2.5017837947216037,6.683439175686136e+19
mixture_lambda_2,0.5,1.0,2.0,6.878599123088054e+19,8192,power,conditional_v8_fixed_policy_feasible,87,87,172,0.6749462507301259,11.740676446446752,0.6713607648391644,2.497266426331018,6.878599123088053e+19
mixture_lambda_2,0.5,1.0,2.0,7.0794578438414025e+19,8192,power,conditional_v8_fixed_policy_feasible,87,87,172,0.6830590198480472,11.957040154524913,0.6713607648391644,2.4927714762132953,7.079457843841402e+19
mixture_lambda_2,0.5,1.0,2.0,7.286181745132289e+19,8192,power,conditional_v8_fixed_policy_feasible,87,87,172,0.691282003397841,12.177011747760028,0.6713607648391644,2.4882987919886665,7.286181745132288e+19
mixture_lambda_2,0.5,1.0,2.0,7.498942093324558e+19,8192,power,conditional_v8_fixed_policy_feasible,87,87,172,0.6996167947538686,12.40064519186237,0.6713607648391644,2.4838482225799874,7.498942093324558e+19
mixture_lambda_2,0.5,1.0,2.0,7.717915155850112e+19,8192,power,conditional_v8_fixed_policy_feasible,87,87,172,0.7080650108936442,12.627995192087882,0.6713607648391644,2.479419618201465,7.717915155850112e+19
mixture_lambda_2,0.5,1.0,2.0,7.94328234724279e+19,8192,power,conditional_v8_fixed_policy_feasible,87,87,172,0.7166282927538219,12.859117203280295,0.6713607648391644,2.4750128303474446,7.94328234724279e+19
mixture_lambda_2,0.5,1.0,2.0,8.175230379436527e+19,8192,power,conditional_v8_fixed_policy_feasible,87,87,172,0.7253083055917734,13.094067440055461,0.6713607648391644,2.47062771178127,8.175230379436527e+19
mixture_lambda_2,0.5,1.0,2.0,8.413951416451965e+19,8192,power,conditional_v8_fixed_policy_feasible,87,87,172,0.7341067393528437,13.332902887129046,0.6713607648391644,2.466264116524219,8.413951416451965e+19
mixture_lambda_2,0.5,1.0,2.0,8.659643233600653e+19,8192,power,conditional_v8_fixed_policy_feasible,87,87,172,0.7430253090434138,13.575681309790344,0.6713607648391644,2.461921899844503,8.659643233600653e+19
mixture_lambda_2,0.5,1.0,2.0,8.91250938133744e+19,8192,power,conditional_v8_fixed_policy_feasible,87,87,172,0.7520657551098188,13.822461264522598,0.6713607648391644,2.457600918246341,8.91250938133744e+19
mixture_lambda_2,0.5,1.0,2.0,9.172759353897766e+19,8192,power,conditional_v8_fixed_policy_feasible,87,87,172,0.761229843823255,14.07330210977244,0.6713607648391644,2.4533010294591024,9.172759353897766e+19
mixture_lambda_2,0.5,1.0,2.0,9.440608762859264e+19,8192,power,conditional_v8_fixed_policy_feasible,87,87,172,0.7705193676707677,14.32826401686989,0.6713607648391644,2.4490220924265227,9.440608762859264e+19
mixture_lambda_2,0.5,1.0,2.0,9.716279515771078e+19,8192,power,conditional_v8_fixed_policy_feasible,87,87,172,0.7799361457524076,14.587407981100158,0.6713607648391644,2.4447639672959873,9.71627951577108e+19
mixture_lambda_2,0.5,1.0,2.0,1e+20,8192,power,conditional_v8_fixed_policy_feasible,87,87,172,0.7894820241846896,14.850795832930238,0.6713607648391644,2.440526515407882,1e+20
mixture_lambda_2,0.5,1.0,2.0,1.0292005271944264e+20,8192,power,conditional_v8_fixed_policy_feasible,87,87,172,0.7991588765104279,15.11849024939028,0.6713607648391644,2.4363095992850146,1.0292005271944264e+20
mixture_lambda_2,0.5,1.0,2.0,1.0592537251772853e+20,8192,power,conditional_v8_fixed_policy_feasible,87,87,172,0.8089686041150677,15.390554765612873,0.6713607648391644,2.432113082622113,1.0592537251772852e+20
mixture_lambda_2,0.5,1.0,2.0,1.0901844923851312e+20,8192,power,conditional_v8_fixed_policy_feasible,87,87,172,0.8189131366496338,15.667053786531332,0.6713607648391644,2.4279368302753754,1.0901844923851312e+20
mixture_lambda_2,0.5,1.0,2.0,1.1220184543019654e+20,8192,power,conditional_v8_fixed_policy_feasible,87,87,172,0.8289944324603742,15.948052598738574,0.6713607648391644,2.423780708252114,1.1220184543019654e+20
mixture_lambda_2,0.5,1.0,2.0,1.1547819846894582e+20,8192,power,conditional_v8_fixed_policy_feasible,87,87,172,0.8392144790252679,16.233617382509333,0.6713607648391644,2.4196445837004386,1.1547819846894584e+20
mixture_lambda_2,0.5,1.0,2.0,1.1885022274370165e+20,8192,power,conditional_v8_fixed_policy_feasible,87,87,172,0.8495752933974455,16.523815223986023,0.6713607648391644,2.4155283248990336,1.1885022274370165e+20
mixture_lambda_2,0.5,1.0,2.0,1.2232071190499276e+20,8192,power,conditional_v8_fixed_policy_feasible,87,87,172,0.8600789226556882,16.818714127531138,0.6713607648391644,2.411431801246988,1.2232071190499276e+20
mixture_lambda_2,0.5,1.0,2.0,1.2589254117941713e+20,8192,power,conditional_v8_fixed_policy_feasible,87,87,172,0.8707274443621054,17.118383028247607,0.6713607648391644,2.4073548832536993,1.2589254117941713e+20
mixture_lambda_2,0.5,1.0,2.0,1.2956866975170216e+20,8192,power,conditional_v8_fixed_policy_feasible,87,87,172,0.8815229670271034,17.422891804668417,0.6713607648391644,2.4032974425288502,1.2956866975170216e+20
mixture_lambda_2,0.5,1.0,2.0,1.333521432163324e+20,8192,power,conditional_v8_fixed_policy_feasible,87,87,172,0.8924676305818017,17.73231129161871,0.6713607648391644,2.399259351772439,1.333521432163324e+20
mixture_lambda_2,0.5,1.0,2.0,1.3724609610075598e+20,8192,power,conditional_v8_fixed_policy_feasible,87,87,172,0.9035636068579784,18.04671329325021,0.6713607648391644,2.3952404847648916,1.3724609610075596e+20
mixture_lambda_2,0.5,1.0,2.0,1.4125375446227496e+20,8192,power,conditional_v8_fixed_policy_feasible,87,87,172,0.9148131000757012,18.366170596251365,0.6713607648391644,2.3912407163572373,1.4125375446227495e+20
mixture_lambda_2,0.5,1.0,2.0,1.4537843856076666e+20,8192,power,conditional_v8_fixed_policy_feasible,87,87,172,0.9262183473387686,18.690756983234387,0.6713607648391644,2.387259922461344,1.4537843856076666e+20
mixture_lambda_2,0.5,1.0,2.0,1.496235656094436e+20,8192,power,conditional_v8_fixed_policy_feasible,87,87,172,0.9377816191380743,19.020547246300673,0.6713607648391644,2.3832979800402385,1.496235656094436e+20
mixture_lambda_2,0.5,1.0,2.0,1.539926526059492e+20,8192,power,conditional_v8_fixed_policy_feasible,87,87,172,0.9495052198630766,19.355617200787766,0.6713607648391644,2.3793547670984725,1.539926526059492e+20
mixture_lambda_2,0.5,1.0,2.0,1.5848931924611108e+20,8192,power,conditional_v8_fixed_policy_feasible,87,87,172,0.9613914883214417,19.696043699198004,0.6713607648391644,2.3754301626725707,1.5848931924611108e+20
mixture_lambda_2,0.5,1.0,2.0,1.631172909227833e+20,8192,power,conditional_v8_fixed_policy_feasible,87,87,172,0.9734427982670627,20.04190464531181,0.6713607648391644,2.371524046821541,1.631172909227833e+20
mixture_lambda_2,0.5,1.0,2.0,1.678804018122566e+20,8192,power,conditional_v8_fixed_policy_feasible,87,87,172,0.9856615589365522,20.393279008487497,0.6713607648391644,2.3676363006174492,1.678804018122566e+20
mixture_lambda_2,0.5,1.0,2.0,1.7278259805078664e+20,8192,power,conditional_v8_fixed_policy_feasible,87,87,172,0.998050215594366,20.7502468381485,0.6713607648391644,2.363766806136071,1.7278259805078664e+20
mixture_lambda_2,0.5,1.0,2.0,1.778279410038923e+20,8192,power,conditional_v8_fixed_policy_feasible,87,87,172,1.0106112500867317,21.112889278461772,0.6713607648391644,2.35991544644759,1.778279410038923e+20
mixture_lambda_2,0.5,1.0,2.0,1.830206106311053e+20,8192,power,conditional_v8_fixed_policy_feasible,87,87,172,1.023347181404478,21.481288583207064,0.6713607648391644,2.356082105607383,1.830206106311053e+20
mixture_lambda_2,0.5,1.0,2.0,1.8836490894897945e+20,8192,power,conditional_v8_fixed_policy_feasible,87,87,172,1.0362605662549556,21.85552813084063,0.6713607648391644,2.352266668646862,1.8836490894897948e+20
mixture_lambda_2,0.5,1.0,2.0,1.9386526359522135e+20,8192,power,conditional_v8_fixed_policy_feasible,87,87,172,1.049353999643196,22.235692439754697,0.6713607648391644,2.348469021564382,1.9386526359522135e+20
mixture_lambda_2,0.5,1.0,2.0,1.995262314968883e+20,8192,power,conditional_v8_fixed_policy_feasible,87,87,172,1.0626301154624422,22.621867183734203,0.6713607648391644,2.3446890513162173,1.995262314968883e+20
mixture_lambda_2,0.5,1.0,2.0,2.053525026457146e+20,8192,power,conditional_v8_fixed_policy_feasible,87,87,172,1.0760915870942633,23.01413920761428,0.6713607648391644,2.3409266458076017,2.053525026457146e+20
mixture_lambda_2,0.5,1.0,2.0,2.1134890398366433e+20,8192,power,conditional_v8_fixed_policy_feasible,87,87,172,1.0897411280183522,23.41259654313831,0.6713607648391644,2.3371816938838377,2.1134890398366433e+20
mixture_lambda_2,0.5,1.0,2.0,2.1752040340195154e+20,8192,power,conditional_v8_fixed_policy_feasible,87,87,172,1.1035814924322085,23.817328425020317,0.6713607648391644,2.333454085321466,2.1752040340195154e+20
mixture_lambda_2,0.5,1.0,2.0,2.238721138568347e+20,8192,power,conditional_v8_fixed_policy_feasible,87,87,172,1.1176154758808778,24.228425307212863,0.6713607648391644,2.3297437108195074,2.2387211385683473e+20
mixture_lambda_2,0.5,1.0,2.0,2.3040929760558495e+20,8192,power,conditional_v8_fixed_policy_feasible,87,87,172,1.131845915896883,24.64597887938209,0.6713607648391644,2.3260504619907674,2.3040929760558495e+20
mixture_lambda_2,0.5,1.0,2.0,2.3713737056616553e+20,8192,power,conditional_v8_fixed_policy_feasible,87,87,172,1.1462756926505835,25.070082083593693,0.6713607648391644,2.322374231353201,2.3713737056616553e+20
mixture_lambda_2,0.5,1.0,2.0,2.4406190680419762e+20,8192,power,conditional_v8_fixed_policy_feasible,87,87,172,1.160907729611067,25.500829131209343,0.6713607648391644,2.31871491232135,2.4406190680419765e+20
mixture_lambda_2,0.5,1.0,2.0,2.5118864315095718e+20,8192,power,conditional_v8_fixed_policy_feasible,87,87,172,1.1757449942178055,25.938315519997527,0.6713607648391644,2.3150723991978435,2.5118864315095718e+20
mixture_lambda_2,0.5,1.0,2.0,2.585234839562199e+20,8192,power,conditional_v8_fixed_policy_feasible,87,87,172,1.1907904985632467,26.38263805146017,0.6713607648391644,2.3114465871649585,2.5852348395621994e+20
mixture_lambda_2,0.5,1.0,2.0,2.660725059798814e+20,8192,power,conditional_v8_fixed_policy_feasible,87,87,172,1.2060473000864937,26.83389484837667,0.6713607648391644,2.307837372276257,2.6607250597988142e+20
mixture_lambda_2,0.5,1.0,2.0,2.7384196342643612e+20,8192,power,conditional_v8_fixed_policy_feasible,87,87,172,1.2215185022783446,27.292185372569012,0.6713607648391644,2.3042446514482715,2.738419634264361e+20
mixture_lambda_2,0.5,1.0,2.0,2.818382931264449e+20,8192,power,conditional_v8_fixed_policy_feasible,87,87,172,1.2372072553977813,27.757610442887927,0.6713607648391644,2.3006683224522675,2.8183829312644488e+20
mixture_lambda_2,0.5,1.0,2.0,2.9006811986931443e+20,8192,power,conditional_v8_fixed_policy_feasible,87,87,172,1.2531167572001838,28.230272253423713,0.6713607648391644,2.297108283906068,2.9006811986931443e+20
mixture_lambda_2,0.5,1.0,2.0,2.9853826189179696e+20,8192,power,conditional_v8_fixed_policy_feasible,87,87,172,1.2692502536774355,28.710274391943596,0.6713607648391644,2.293564435265938,2.9853826189179696e+20
mixture_lambda_2,0.5,1.0,2.0,3.072557365267452e+20,8192,power,conditional_v8_fixed_policy_feasible,87,87,172,1.2856110398101133,29.197721858556772,0.6713607648391644,2.290036676818541,3.072557365267452e+20
mixture_lambda_2,0.5,1.0,2.0,3.1622776601683794e+20,8192,power,conditional_v8_fixed_policy_feasible,87,87,172,1.3022024603320244,29.692721084611627,0.6713607648391644,2.2865249096729476,3.1622776601683794e+20
mixture_lambda_2,0.5,1.0,2.0,3.254617834980453e+20,8192,power,conditional_v8_fixed_policy_feasible,87,87,172,1.3190279105072191,30.19537995182436,0.6713607648391644,2.2830290357527208,3.254617834980454e+20
mixture_lambda_2,0.5,1.0,2.0,3.3496543915782655e+20,8192,power,conditional_v8_fixed_policy_feasible,87,87,172,1.3360908369197673,30.705807811643254,0.6713607648391644,2.279548957788058,3.3496543915782655e+20
mixture_lambda_2,0.5,1.0,2.0,3.4474660657315054e+20,8192,power,conditional_v8_fixed_policy_feasible,87,87,172,1.353394738276474,31.224115504850378,0.6713607648391644,2.2760845793079936,3.447466065731506e+20
mixture_lambda_2,0.5,1.0,2.0,3.54813389233576e+20,8192,power,conditional_v8_fixed_policy_feasible,87,87,172,1.370943166222752,31.750415381401954,0.6713607648391644,2.2726358046326802,3.54813389233576e+20
mixture_lambda_2,0.5,1.0,2.0,3.651741272548377e+20,8192,power,conditional_v8_fixed_policy_feasible,87,87,172,1.3887397261719487,32.284821320511845,0.6713607648391644,2.2692025388657076,3.651741272548377e+20
mixture_lambda_2,0.5,1.0,2.0,3.7583740428844355e+20,8192,power,conditional_v8_fixed_policy_feasible,87,87,172,1.4067880781482467,32.827448750977595,0.6713607648391644,2.265784687886511,3.7583740428844355e+20
mixture_lambda_2,0.5,1.0,2.0,3.868120546330509e+20,8192,power,conditional_v8_fixed_policy_feasible,87,87,172,1.4250919376434577,33.378414671753504,0.6713607648391644,2.2623821583428256,3.8681205463305087e+20
mixture_lambda_2,0.5,1.0,2.0,3.9810717055349857e+20,8192,power,conditional_v8_fixed_policy_feasible,87,87,172,1.443655076487924,33.937837672772076,0.6713607648391644,2.2589948576432097,3.9810717055349857e+20
mixture_lambda_2,0.5,1.0,2.0,4.0973210981354216e+20,8192,power,conditional_v8_fixed_policy_feasible,87,87,172,1.462481323735738,34.50583795601564,0.6713607648391644,2.2556226939496318,4.0973210981354216e+20
mixture_lambda_2,0.5,1.0,2.0,4.216965034285823e+20,8192,power,conditional_v8_fixed_policy_feasible,87,87,172,1.4815745665646065,35.082537356842664,0.6713607648391644,2.2522655761701147,4.216965034285822e+20
mixture_lambda_2,0.5,1.0,2.0,4.3401026364474314e+20,8192,power,conditional_v8_fixed_policy_feasible,87,87,172,1.500938751190516,35.668059365567906,0.6713607648391644,2.248923413951447,4.3401026364474314e+20
mixture_lambda_2,0.5,1.0,2.0,4.466835921509617e+20,8192,power,conditional_v8_fixed_policy_feasible,87,87,172,1.5205778837975166,36.262529149301244,0.6713607648391644,2.245596117671956,4.4668359215096175e+20
mixture_lambda_2,0.5,1.0,2.0,4.5972698853087366e+20,8192,power,conditional_v8_fixed_policy_feasible,87,87,172,1.5404960314828837,36.86607357404656,0.6713607648391644,2.2422835984343394,4.597269885308736e+20
mixture_lambda_2,0.5,1.0,2.0,4.7315125896148124e+20,8192,power,conditional_v8_fixed_policy_feasible,87,87,172,1.5606973232178656,37.47882122706257,0.6713607648391644,2.2389857680585616,4.731512589614812e+20
mixture_lambda_2,0.5,1.0,2.0,4.8696752516586314e+20,8192,power,conditional_v8_fixed_policy_feasible,87,87,172,1.5811859508243973,38.10090243949004,0.6713607648391644,2.235702539074811,4.8696752516586314e+20
mixture_lambda_2,0.5,1.0,2.0,5.0118723362727146e+20,8192,power,conditional_v8_fixed_policy_feasible,87,87,172,1.6019661699679268,38.732449309244906,0.6713607648391644,2.232433824716517,5.0118723362727146e+20
mixture_lambda_2,0.5,1.0,2.0,5.15822165072304e+20,8192,power,conditional_v8_fixed_policy_feasible,87,87,172,1.6230423011667272,39.37359572418189,0.6713607648391644,2.2291795389134292,5.15822165072304e+20
mixture_lambda_2,0.5,1.0,2.0,5.308844442309901e+20,8192,power,conditional_v8_fixed_policy_feasible,87,87,172,1.6444187308179508,40.02447738553032,0.6713607648391644,2.2259395962847597,5.308844442309901e+20
mixture_lambda_2,0.5,1.0,2.0,5.463865498818551e+20,8192,power,conditional_v8_fixed_policy_feasible,87,87,172,1.666099912240678,40.6852318316039,0.6713607648391644,2.222713912132381,5.4638654988185515e+20
mixture_lambda_2,0.5,1.0,2.0,5.6234132519034906e+20,8192,power,conditional_v8_fixed_policy_feasible,87,87,172,1.6880903667363585,41.35599846178929,0.6713607648391644,2.2195024024340895,5.6234132519034906e+20
mixture_lambda_2,0.5,1.0,2.0,5.787619883491197e+20,8192,power,conditional_v8_fixed_policy_feasible,87,87,172,1.710394684666814,42.03691856081264,0.6713607648391644,2.2163049838369244,5.787619883491197e+20
mixture_lambda_2,0.5,1.0,2.0,5.956621435290085e+20,8192,power,conditional_v8_fixed_policy_feasible,87,87,172,1.733017526550214,42.72813532328895,0.6713607648391644,2.2131215736505503,5.956621435290085e+20
mixture_lambda_2,0.5,1.0,2.0,6.130557921498227e+20,8192,power,conditional_v8_fixed_policy_feasible,87,87,172,1.755963624175283,43.42979387855651,0.6713607648391644,2.2099520898406992,6.130557921498227e+20
mixture_lambda_2,0.5,1.0,2.0,6.309573444801943e+20,8192,power,conditional_v8_fixed_policy_feasible,87,87,172,1.779237781734056,44.142041315797044,0.6713607648391644,2.2067964510226727,6.309573444801943e+20
mixture_lambda_2,0.5,1.0,2.0,6.493816315762113e+20,8192,power,conditional_v8_fixed_policy_feasible,87,87,172,1.8028448769735714,44.86502670944801,0.6713607648391644,2.203654576454895,6.493816315762113e+20
mixture_lambda_2,0.5,1.0,2.0,6.683439175686135e+20,8192,power,conditional_v8_fixed_policy_feasible,87,87,172,1.8267898623667262,45.5989011449049,0.6713607648391644,2.20052638603254,6.683439175686135e+20
mixture_lambda_2,0.5,1.0,2.0,6.878599123088053e+20,8192,power,conditional_v8_fixed_policy_feasible,87,87,172,1.851077766302708,46.34381774451965,0.6713607648391644,2.197411800281203,6.878599123088053e+20
mixture_lambda_2,0.5,1.0,2.0,7.079457843841402e+20,8192,power,conditional_v8_fixed_policy_feasible,87,87,172,1.8757136942973271,47.09993169389627,0.6713607648391644,2.1943107403506414,7.079457843841402e+20
mixture_lambda_2,0.5,1.0,2.0,7.28618174513229e+20,8192,power,conditional_v8_fixed_policy_feasible,87,87,172,1.9007028302235542,47.86740026848565,0.6713607648391644,2.1912231280085663,7.28618174513229e+20
mixture_lambda_2,0.5,1.0,2.0,7.498942093324558e+20,8192,power,conditional_v8_fixed_policy_feasible,87,87,172,1.926050437562715,48.64638286048518,0.6713607648391644,2.188148885634497,7.498942093324558e+20
mixture_lambda_2,0.5,1.0,2.0,7.717915155850111e+20,8192,power,conditional_v8_fixed_policy_feasible,87,87,172,1.9517618606765892,49.43704100604135,0.6713607648391644,2.1850879362136686,7.717915155850111e+20
mixture_lambda_2,0.5,1.0,2.0,7.943282347242789e+20,8192,power,conditional_v8_fixed_policy_feasible,87,87,172,1.9778425261008488,50.239538412761576,0.6713607648391644,2.182040203331002,7.943282347242789e+20
mixture_lambda_2,0.5,1.0,2.0,8.175230379436527e+20,8192,power,conditional_v8_fixed_policy_feasible,87,87,172,2.0042979438602093,51.05404098753649,0.6713607648391644,2.1790056111651284,8.175230379436527e+20
mixture_lambda_2,0.5,1.0,2.0,8.413951416451965e+20,8192,power,conditional_v8_fixed_policy_feasible,87,87,172,2.0311337088056147,51.880716864674426,0.6713607648391644,2.1759840844824714,8.413951416451965e+20
mixture_lambda_2,0.5,1.0,2.0,8.659643233600653e+20,8192,power,conditional_v8_fixed_policy_feasible,87,87,172,2.058355501973966,52.719736434354125,0.6713607648391644,2.1729755486313853,8.659643233600653e+20
mixture_lambda_2,0.5,1.0,2.0,8.91250938133744e+20,8192,power,conditional_v8_fixed_policy_feasible,87,87,172,2.0859690919706364,53.57127237139377,0.6713607648391644,2.1699799295363484,8.91250938133744e+20
mixture_lambda_2,0.5,1.0,2.0,9.172759353897766e+20,8192,power,conditional_v8_fixed_policy_feasible,87,87,172,2.1139803363752945,54.43549966434236,0.6713607648391644,2.1669971536922157,9.172759353897766e+20
mixture_lambda_2,0.5,1.0,2.0,9.440608762859264e+20,8192,power,conditional_v8_fixed_policy_feasible,87,87,172,2.1423951831713866,55.31259564489552,0.6713607648391644,2.164027148158524,9.440608762859264e+20
mixture_lambda_2,0.5,1.0,2.0,9.716279515771078e+20,8192,power,conditional_v8_fixed_policy_feasible,87,87,172,2.171219672199691,56.202740017636366,0.6713607648391644,2.1610698405538593,9.716279515771078e+20
mixture_lambda_2,0.5,1.0,2.0,1e+21,8192,power,conditional_v8_fixed_policy_feasible,87,87,172,2.2004599366364523,57.10611489010868,0.6713607648391644,2.1581251590502646,9.999999999999999e+20
