axis,held_level,source_line,selected_family,observed,prediction,residual,training_residual_0.8_lower,training_residual_0.8_upper,inner_oof_calibrated_0.8_lower,inner_oof_calibrated_0.8_upper,training_residual_0.9_lower,training_residual_0.9_upper,inner_oof_calibrated_0.9_lower,inner_oof_calibrated_0.9_upper,training_residual_0.95_lower,training_residual_0.95_upper,inner_oof_calibrated_0.95_lower,inner_oof_calibrated_0.95_upper
N_params_B,0.07,2,Q_x_logN_logD,3.7216,3.70992618619078,0.011673813809220057,3.648942933037494,3.770909439344066,3.645083122018464,3.774769250363096,3.6321069392786334,3.7877454331029266,3.6304636983679086,3.7893886740136513,3.6186113783376985,3.8012409940438614,3.613561114690527,3.806291257691033
N_params_B,0.07,3,Q_x_logN_logD,3.6004,3.654930483124498,-0.05453048312449793,3.593947229971212,3.715913736277784,3.590087418952182,3.719773547296814,3.5771112362123514,3.7327497300366446,3.5754679953016266,3.7343929709473693,3.5636156752714165,3.7462452909775794,3.558565411624245,3.751295554624751
N_params_B,0.07,4,Q_x_logN_logD,3.6507,3.5999347800582164,0.050765219941783624,3.5389515269049303,3.6609180332115026,3.5350917158859003,3.6647778442305325,3.52211553314607,3.677754026970363,3.520472292235345,3.679397267881088,3.508619972205135,3.691249587911298,3.5035697085579636,3.6962998515584693
N_params_B,0.07,5,Q_x_logN_logD,3.5704,3.5449390769919344,0.02546092300806535,3.4839558238386483,3.6059223301452206,3.4800960128196183,3.6097821411642506,3.467119830079788,3.622758323904081,3.465476589169063,3.624401564814806,3.453624269138853,3.636253884845016,3.4485740054916816,3.6413041484921873
N_params_B,0.07,362,Q_x_logN_logD,3.568,3.489943373925653,0.07805662607434716,3.428960120772367,3.550926627078939,3.425100309753337,3.554786438097969,3.4121241270135063,3.5677626208377995,3.4104808861027816,3.5694058617485243,3.3986285660725715,3.5812581817787343,3.3935783024254,3.5863084454259058
N_params_B,0.07,6,Q_x_logN_logD,3.5458,3.434947670859371,0.11085232914062892,3.373964417706085,3.495930924012657,3.370104606687055,3.499790735031687,3.3571284239472243,3.5127669177715175,3.3554851830364996,3.5144101586822423,3.3436328630062895,3.5262624787124524,3.338582599359118,3.531312742359624
N_params_B,0.07,363,Q_x_logN_logD,3.4466,3.3799519677930894,0.06664803220691073,3.3189687146398033,3.4409352209463755,3.3151089036207733,3.4447950319654055,3.302132720880943,3.457771214705236,3.300489479970218,3.4594144556159607,3.288637159940008,3.471266775646171,3.2835868962928365,3.4763170392933422
N_params_B,0.07,7,Q_x_logN_logD,3.353,3.3249562647268074,0.028043735273192816,3.2639730115735213,3.3859395178800935,3.2601132005544913,3.3897993288991235,3.247137017814661,3.402775511638954,3.245493776903936,3.4044187525496787,3.233641456873726,3.416271072579889,3.2285911932265545,3.4213213362270603
N_params_B,0.07,8,Q_x_logN_logD,3.2211,3.269960561660526,-0.04886056166052599,3.2089773085072397,3.330943814813812,3.2051174974882097,3.334803625832842,3.1921413147483793,3.3477798085726724,3.1904980738376545,3.349423049483397,3.1786457538074444,3.3612753695136073,3.173595490160273,3.3663256331607787
N_params_B,0.07,9,Q_x_logN_logD,3.1125,3.214964858594244,-0.10246485859424403,3.1539816054409577,3.27594811174753,3.1501217944219277,3.27980792276656,3.1371456116820973,3.2927841055063904,3.1355023707713725,3.294427346417115,3.1236500507411624,3.3062796664473253,3.118599787093991,3.3113299300944967
N_params_B,0.07,10,Q_x_logN_logD,3.5105,3.4436846300759645,0.06681536992403547,3.3827013769226784,3.5046678832292506,3.3788415659036484,3.5085276942482806,3.365865383163818,3.521503876988111,3.364222142253093,3.523147117898836,3.352369822222883,3.534999437929046,3.3473195585757116,3.5400497015762173
N_params_B,0.07,11,Q_x_logN_logD,3.4001,3.391172951511165,0.008927048488835077,3.330189698357879,3.452156204664451,3.326329887338849,3.456016015683481,3.3133537045990185,3.4689921984233116,3.3117104636882937,3.4706354393340364,3.2998581436580836,3.4824877593642465,3.294807880010912,3.487538023011418
N_params_B,0.07,12,Q_x_logN_logD,3.3596,3.3386612729463656,0.02093872705363431,3.2776780197930795,3.3996445260996517,3.2738182087740495,3.4035043371186817,3.260842026034219,3.416480519858512,3.2591987851234943,3.418123760769237,3.247346465093284,3.429976080799447,3.2422962014461127,3.4350263444466185
N_params_B,0.07,13,Q_x_logN_logD,3.2727,3.286149594381566,-0.013449594381566232,3.22516634122828,3.3471328475348523,3.22130653020925,3.3509926585538823,3.2083303474694196,3.3639688412937128,3.206687106558695,3.3656120822044375,3.1948347865284847,3.3774644022346476,3.1897845228813133,3.382514665881819
N_params_B,0.07,364,Q_x_logN_logD,3.1892,3.2336379158167667,-0.044437915816766704,3.1726546626634806,3.294621168970053,3.1687948516444506,3.298480979989083,3.15581866890462,3.3114571627289133,3.1541754279938954,3.313100403639638,3.1423231079636853,3.324952723669848,3.137272844316514,3.3300029873170196
N_params_B,0.07,14,Q_x_logN_logD,3.0798,3.1811262372519673,-0.10132623725196721,3.120142984098681,3.2421094904052534,3.116283173079651,3.2459693014242834,3.1033069903398207,3.258945484164114,3.101663749429096,3.2605887250748387,3.089811429398886,3.2724410451050487,3.0847611657517144,3.27749130875222
N_params_B,0.07,365,Q_x_logN_logD,3.1419,3.128614558687168,0.013285441312832269,3.0676313055338817,3.189597811840454,3.0637714945148518,3.193457622859484,3.0507953117750213,3.2064338055993145,3.0491520708642965,3.208077046510039,3.0372997508340864,3.2199293665402493,3.032249487186915,3.2249796301874207
N_params_B,0.07,15,Q_x_logN_logD,3.1431,3.0761028801223684,0.06699711987763157,3.0151196269690823,3.1370861332756546,3.0112598159500523,3.1409459442946845,2.998283633210222,3.153922127034515,2.996640392299497,3.15556536794524,2.984788072269287,3.16741768797545,2.9797378086221156,3.1724679516226213
N_params_B,0.07,16,Q_x_logN_logD,3.0628,3.023591201557569,0.03920879844243119,2.962607948404283,3.084574454710855,2.958748137385253,3.088434265729885,2.9457719546454224,3.1014104484697156,2.9441287137346976,3.1030536893804403,2.9322763937044876,3.1149060094106504,2.927226130057316,3.119956273057822
N_params_B,0.07,17,Q_x_logN_logD,2.9922,2.9710795229927696,0.02112047700723041,2.9100962698394834,3.0320627761460557,2.9062364588204534,3.0359225871650857,2.893260276080623,3.048898769904916,2.891617035169898,3.050542010815641,2.879764715139688,3.062394330845851,2.8747144514925167,3.0674445944930224
N_params_B,0.07,18,Q_x_logN_logD,3.384,3.3208882396415573,0.06311176035844257,3.259904986488271,3.3818714927948434,3.256045175469241,3.3857313038138734,3.2430689927294107,3.398707486553704,3.241425751818686,3.4003507274644287,3.229573431788476,3.4122030474946388,3.2245231681413045,3.41725331114181
N_params_B,0.07,19,Q_x_logN_logD,3.2214,3.270072171588725,-0.04867217158872483,3.2090889184354388,3.331055424742011,3.2052291074164088,3.334915235761041,3.1922529246765783,3.3478914185008715,3.1906096837658535,3.3495346594115962,3.1787573637356434,3.3613869794418063,3.173707100088472,3.3664372430889777
N_params_B,0.07,20,Q_x_logN_logD,3.3529,3.219256103535892,0.13364389646410801,3.158272850382606,3.280239356689178,3.154413039363576,3.284099167708208,3.1414368566237454,3.2970753504480386,3.1397936157130206,3.2987185913587633,3.1279412956828105,3.3105709113889734,3.122891032035639,3.315621175036145
N_params_B,0.07,21,Q_x_logN_logD,3.1687,3.1684400354830595,0.0002599645169403253,3.1074567823297734,3.2294232886363456,3.1035969713107434,3.2332830996553756,3.090620788570913,3.246259282395206,3.088977547660188,3.247902523305931,3.077125227629978,3.259754843336141,3.0720749639828067,3.2648051069833124
N_params_B,0.07,366,Q_x_logN_logD,3.1305,3.117623967430227,0.012876032569772988,3.056640714276941,3.178607220583513,3.052780903257911,3.182467031602543,3.0398047205180805,3.1954432143423737,3.0381614796073557,3.1970864552530984,3.0263091595771456,3.2089387752833085,3.021258895929974,3.21398903893048
N_params_B,0.07,22,Q_x_logN_logD,3.1017,3.066807899377394,0.03489210062260595,3.005824646224108,3.1277911525306803,3.001964835205078,3.1316509635497103,2.9889886524652476,3.1446271462895408,2.987345411554523,3.1462703872002655,2.9754930915243127,3.1581227072304756,2.9704428278771413,3.163172970877647
N_params_B,0.07,367,Q_x_logN_logD,3.0551,3.0159918313245617,0.039108168675438204,2.9550085781712756,3.076975084477848,2.9511487671522456,3.080834895496878,2.938172584412415,3.0938110782367083,2.9365293435016904,3.095454319147433,2.9246770234714803,3.107306639177643,2.919626759824309,3.1123569028248146
N_params_B,0.07,23,Q_x_logN_logD,3.0179,2.9651757632717293,0.05272423672827076,2.904192510118443,3.0261590164250154,2.900332699099413,3.0300188274440454,2.8873565163595827,3.042995010183876,2.885713275448858,3.0446382510946006,2.873860955418648,3.0564905711248107,2.8688106917714764,3.061540834771982
N_params_B,0.07,24,Q_x_logN_logD,2.7658,2.9143596952188964,-0.14855969521889634,2.8533764420656103,2.9753429483721825,2.8495166310465803,2.9792027593912125,2.83654044830675,2.992178942131043,2.834897207396025,2.9938221830417677,2.823044887365815,3.005674503071978,2.8179946237186435,3.0107247667191492
N_params_B,0.07,25,Q_x_logN_logD,2.9653,2.863543627166064,0.10175637283393613,2.802560374012778,2.92452688031935,2.798700562993748,2.92838669133838,2.7857243802539173,2.9413628740782105,2.7840811393431926,2.9430061149889353,2.7722288193129825,2.9548584350191454,2.767178555665811,2.959908698666317
N_params_B,0.07,26,Q_x_logN_logD,3.2863,3.2604093254837396,0.025890674516260592,3.1994260723304535,3.3213925786370257,3.1955662613114235,3.3252523896560557,3.182590078571593,3.338228572395886,3.1809468376608683,3.339871813306611,3.169094517630658,3.351724133336821,3.1640442539834868,3.3567743969839925
N_params_B,0.07,27,Q_x_logN_logD,3.1355,3.2106630685533757,-0.07516306855337573,3.1496798154000896,3.271646321706662,3.1458200043810596,3.275506132725692,3.132843821641229,3.2884823154655223,3.1312005807305043,3.290125556376247,3.1193482607002943,3.301977876406457,3.114297997053123,3.3070281400536286
N_params_B,0.07,28,Q_x_logN_logD,3.1588,3.1609168116230113,-0.002116811623011472,3.099933558469725,3.2219000647762974,3.096073747450695,3.2257598757953274,3.0830975647108647,3.238736058535158,3.08145432380014,3.2403792994458827,3.06960200376993,3.2522316194760927,3.0645517401227584,3.257281883123264
N_params_B,0.07,29,Q_x_logN_logD,3.2809,3.111170554692647,0.169729445307353,3.050187301539361,3.172153807845933,3.046327490520331,3.176013618864963,3.0333513077805003,3.1889898016047935,3.0317080668697756,3.1906330425155183,3.0198557468395655,3.2024853625457284,3.014805483192394,3.2075356261929
N_params_B,0.07,368,Q_x_logN_logD,3.1769,3.061424297762283,0.11547570223771686,3.000441044608997,3.122407550915569,2.996581233589967,3.126267361934599,2.9836050508501364,3.1392435446744296,2.9819618099394116,3.1408867855851543,2.9701094899092015,3.1527391056153644,2.96505922626203,3.157789369262536
N_params_B,0.07,30,Q_x_logN_logD,3.0098,3.0116780408319186,-0.0018780408319187814,2.9506947876786325,3.0726612939852047,2.9468349766596025,3.0765211050042347,2.933858793919772,3.089497287744065,2.9322155530090472,3.09114052865479,2.920363232978837,3.102992848685,2.9153129693316657,3.1080431123321715
N_params_B,0.07,369,Q_x_logN_logD,2.9398,2.9619317839015546,-0.02213178390155468,2.9009485307482685,3.0229150370548408,2.8970887197292385,3.0267748480738708,2.884112536989408,3.0397510308137012,2.8824692960786833,3.041394271724426,2.870616976048473,3.053246591754636,2.865566712401302,3.0582968554018075
N_params_B,0.07,31,Q_x_logN_logD,2.8391,2.9121855269711903,-0.07308552697119008,2.851202273817904,2.9731687801244764,2.847342462798874,2.9770285911435064,2.8343662800590437,2.990004773883337,2.832723039148319,2.9916480147940616,2.820870719118109,3.0035003348242717,2.8158204554709374,3.008550598471443
N_params_B,0.07,32,Q_x_logN_logD,2.858,2.8624392700408263,-0.0044392700408262264,2.80145601688754,2.9234225231941124,2.79759620586851,2.9272823342131424,2.7846200231286797,2.940258516952973,2.782976782217955,2.9419017578636977,2.771124462187745,2.9537540778939078,2.7660741985405735,2.958804341541079
N_params_B,0.07,33,Q_x_logN_logD,2.837,2.812693013110462,0.02430698688953825,2.751709759957176,2.873676266263748,2.747849948938146,2.877536077282778,2.7348737661983153,2.8905122600226085,2.7332305252875906,2.8921555009333333,2.7213782052573805,2.9040078209635434,2.716327941610209,2.909058084610715
N_params_B,0.07,34,Q_x_logN_logD,3.1971,3.210002757950009,-0.012902757950008947,3.1490195047967227,3.270986011103295,3.1451596937776927,3.274845822122325,3.132183511037862,3.2878220048621554,3.1305402701271374,3.28946524577288,3.1186879500969273,3.30131756580309,3.113637686449756,3.3063678294502616
N_params_B,0.07,35,Q_x_logN_logD,3.1469,3.161326312142113,-0.014426312142112874,3.100343058988827,3.222309565295399,3.096483247969797,3.226169376314429,3.0835070652299663,3.2391455590542595,3.0818638243192416,3.2407887999649843,3.0700115042890315,3.2526411199951943,3.06496124064186,3.2576913836423658
N_params_B,0.07,36,Q_x_logN_logD,3.1946,3.112649866334217,0.08195013366578285,3.051666613180931,3.173633119487503,3.047806802161901,3.177492930506533,3.0348306194220704,3.1904691132463636,3.0331873785113457,3.1921123541570884,3.0213350584811356,3.2039646741872985,3.016284794833964,3.20901493783447
N_params_B,0.07,37,Q_x_logN_logD,3.1242,3.063973420526321,0.06022657947367893,3.002990167373035,3.1249566736796073,2.999130356354005,3.1288164846986373,2.9861541736141746,3.1417926674384677,2.98451093270345,3.1434359083491925,2.9726586126732397,3.1552882283794026,2.9676083490260683,3.160338492026574
N_params_B,0.07,370,Q_x_logN_logD,3.0404,3.0152969747184253,0.02510302528157471,2.954313721565139,3.0762802278717114,2.950453910546109,3.0801400388907414,2.9374777278062787,3.093116221630572,2.935834486895554,3.0947594625412966,2.923982166865344,3.1066117825715067,2.9189319032181724,3.111662046218678
N_params_B,0.07,38,Q_x_logN_logD,2.9753,2.9666205289105294,0.008679471089470425,2.9056372757572433,3.0276037820638155,2.9017774647382133,3.0314635930828455,2.888801281998383,3.044439775822676,2.887158041087658,3.0460830167334008,2.875305721057448,3.057935336763611,2.8702554574102765,3.0629856004107823
N_params_B,0.07,371,Q_x_logN_logD,2.9333,2.9179440831026335,0.015355916897366484,2.8569608299493474,2.9789273362559197,2.8531010189303174,2.9827871472749496,2.840124836190487,2.99576333001478,2.838481595279762,2.997406570925505,2.826629275249552,3.009258890955715,2.8215790116023807,3.0143091546028864
N_params_B,0.07,39,Q_x_logN_logD,2.8695,2.869267637294738,0.0002323627052618349,2.808284384141452,2.9302508904480242,2.804424573122422,2.934110701467054,2.7914483903825915,2.9470868842068847,2.7898051494718668,2.9487301251176095,2.7779528294416567,2.9605824451478195,2.7729025657944852,2.965632708794991
N_params_B,0.07,40,Q_x_logN_logD,2.8303,2.8205911914868422,0.009708808513157585,2.759607938333556,2.8815744446401284,2.755748127314526,2.8854342556591583,2.7427719445746956,2.898410438398989,2.741128703663971,2.9000536793097136,2.729276383633761,2.9119059993399237,2.7242261199865894,2.916956262987095
N_params_B,0.07,41,Q_x_logN_logD,2.747,2.7719147456789464,-0.02491474567894647,2.7109314925256602,2.8328979988322325,2.7070716815066302,2.8367578098512625,2.6940954987667998,2.849733992591093,2.692452257856075,2.8513772335018177,2.680599937825865,2.863229553532028,2.6755496741786935,2.868279817179199
N_params_B,0.16,42,Q_x_logN_logD,3.4765,3.467999160640483,0.008500839359517176,3.404357498064495,3.531640823216471,3.4010989345482354,3.5348993867327305,3.388906435911572,3.547091885369394,3.386181919725297,3.549816401555669,3.372752914502429,3.563245406778537,3.3697565739856907,3.566241747295275
N_params_B,0.16,43,Q_x_logN_logD,3.4324,3.416904390902598,0.015495609097401886,3.35326272832661,3.480546053478586,3.3500041648103505,3.4838046169948456,3.337811666173687,3.495997115631509,3.335087149987412,3.498721631817784,3.321658144764544,3.512150637040652,3.3186618042478058,3.5151469775573903
N_params_B,0.16,44,Q_x_logN_logD,3.46,3.365809621164713,0.09419037883528691,3.302167958588725,3.429451283740701,3.2989093950724655,3.4327098472569606,3.2867168964358022,3.444902345893624,3.283992380249527,3.447626862079899,3.270563375026659,3.461055867302767,3.267567034509921,3.4640522078195053
N_params_B,0.16,45,Q_x_logN_logD,3.2484,3.314714851426828,-0.06631485142682791,3.25107318885084,3.378356514002816,3.2478146253345805,3.3816150775190756,3.2356221266979173,3.393807576155739,3.232897610511642,3.396532092342014,3.219468605288774,3.409961097564882,3.216472264772036,3.4129574380816203
N_params_B,0.16,372,Q_x_logN_logD,3.2494,3.263620081688943,-0.014220081688943065,3.199978419112955,3.327261744264931,3.1967198555966956,3.3305203077811907,3.1845273569600323,3.342712806417854,3.181802840773757,3.345437322604129,3.1683738355508893,3.358866327826997,3.165377495034151,3.3618626683437354
N_params_B,0.16,46,Q_x_logN_logD,3.269,3.212525311951058,0.05647468804894196,3.1488836493750703,3.276166974527046,3.1456250858588106,3.2794255380433057,3.1334325872221473,3.291618036679969,3.130708071035872,3.2943425528662442,3.1172790658130043,3.307771558089112,3.114282725296266,3.3107678986058504
N_params_B,0.16,373,Q_x_logN_logD,3.2288,3.161430542213173,0.0673694577868269,3.0977888796371853,3.225072204789161,3.0945303161209257,3.2283307683054208,3.0823378174842624,3.240523266942084,3.079613301297987,3.2432477831283593,3.0661842960751193,3.256676788351227,3.063187955558381,3.2596731288679655
N_params_B,0.16,47,Q_x_logN_logD,3.2072,3.1103357724752883,0.09686422752471158,3.0466941098993003,3.173977435051276,3.0434355463830407,3.177235998567536,3.0312430477463774,3.189428497204199,3.028518531560102,3.1921530133904743,3.0150895263372344,3.205582018613342,3.012093185820496,3.2085783591300805
N_params_B,0.16,48,Q_x_logN_logD,3.0024,3.0592410027374033,-0.05684100273740311,2.9955993401614154,3.122882665313391,2.9923407766451557,3.126141228829651,2.9801482780084925,3.138333727466314,2.9774237618222172,3.1410582436525893,2.9639947565993494,3.154487248875457,2.960998416082611,3.1574835893921955
N_params_B,0.16,49,Q_x_logN_logD,3.0121,3.0081462329995183,0.003953767000481889,2.9445045704235304,3.0717878955755062,2.941246006907271,3.075046459091766,2.9290535082706075,3.087238957728429,2.9263289920843323,3.0899634739147044,2.9128999868614645,3.103392479137572,2.909903646344726,3.1063888196543106
N_params_B,0.16,50,Q_x_logN_logD,3.2175,3.2073593701300553,0.010140629869944462,3.1437177075540674,3.2710010327060433,3.140459144037808,3.274259596222303,3.1282666454011445,3.286452094858966,3.1255421292148693,3.2891766110452414,3.1121131239920015,3.3026056162681092,3.109116783475263,3.3056019567848476
N_params_B,0.16,51,Q_x_logN_logD,3.1458,3.1586949834577203,-0.012894983457720333,3.0950533208817324,3.222336646033708,3.0917947573654727,3.225595209549968,3.0796022587288094,3.237787708186631,3.076877742542534,3.2405122243729063,3.0634487373196664,3.253941229595774,3.060452396802928,3.2569375701125125
N_params_B,0.16,52,Q_x_logN_logD,3.0796,3.110030596785385,-0.030430596785385067,3.0463889342093973,3.173672259361373,3.0431303706931376,3.1769308228776327,3.0309378720564744,3.189123321514296,3.028213355870199,3.1918478377005712,3.0147843506473313,3.205276842923439,3.011788010130593,3.2082731834401774
N_params_B,0.16,53,Q_x_logN_logD,3.002,3.0613662101130497,-0.05936621011304988,2.9977245475370617,3.1250078726890376,2.994465984020802,3.128266436205297,2.982273485384139,3.1404589348419605,2.9795489691978636,3.1431834510282357,2.9661199639749958,3.1566124562511035,2.9631236234582574,3.159608796767842
N_params_B,0.16,374,Q_x_logN_logD,2.9246,3.0127018234407146,-0.08810182344071471,2.9490601608647267,3.0763434860167025,2.945801597348467,3.079602049532962,2.9336090987118038,3.0917945481696254,2.9308845825255285,3.0945190643559006,2.9174555773026607,3.1079480695787685,2.9144592367859223,3.110944410095507
N_params_B,0.16,54,Q_x_logN_logD,2.8375,2.9640374367683795,-0.12653743676837959,2.9003957741923916,3.0276790993443674,2.897137210676132,3.030937662860627,2.8849447120394687,3.0431301614972903,2.8822201958531934,3.0458546776835655,2.8687911906303256,3.0592836829064334,2.8657948501135873,3.0622800234231717
N_params_B,0.16,375,Q_x_logN_logD,2.8275,2.9153730500960444,-0.08787305009604429,2.8517313875200565,2.9790147126720323,2.848472824003797,2.982273276188292,2.8362803253671336,2.9944657748249552,2.8335558091808584,2.9971902910112305,2.8201268039579905,3.0106192962340983,2.817130463441252,3.0136156367508367
N_params_B,0.16,55,Q_x_logN_logD,2.894,2.866708663423709,0.027291336576291236,2.803067000847721,2.930350325999697,2.7998084373314613,2.9336088895159564,2.787615938694798,2.9458013881526197,2.784891422508523,2.948525904338895,2.771462417285655,2.9619549095617628,2.7684660767689167,2.964951250078501
N_params_B,0.16,56,Q_x_logN_logD,2.6326,2.818044276751374,-0.18544427675137376,2.754402614175386,2.8816859393273617,2.7511440506591263,2.8849445028436214,2.738951552022463,2.8971370014802846,2.7362270358361878,2.89986151766656,2.72279803061332,2.9132905228894277,2.7198016900965816,2.916286863406166
N_params_B,0.16,57,Q_x_logN_logD,2.793,2.7693798900790387,0.02362010992096142,2.705738227503051,2.8330215526550266,2.702479663986791,2.8362801161712863,2.690287165350128,2.8484726148079496,2.6875626491638527,2.851197130994225,2.674133643940985,2.8646261362170926,2.6711373034242465,2.867622476733831
N_params_B,0.16,58,Q_x_logN_logD,3.1249,3.0839302517855085,0.040969748214491286,3.0202885892095206,3.1475719143614964,3.017030025693261,3.150830477877756,3.0048375270565977,3.1630229765144193,3.0021130108703225,3.1657474927006946,2.9886840056474546,3.1791764979235624,2.9856876651307163,3.1821728384403007
N_params_B,0.16,59,Q_x_logN_logD,2.9746,3.0369248596486917,-0.06232485964869161,2.973283197072704,3.1005665222246797,2.970024633556444,3.1038250857409393,2.957832134919781,3.1160175843776026,2.9551076187335057,3.118742100563878,2.941678613510638,3.1321711057867456,2.9386822729938995,3.135167446303484
N_params_B,0.16,60,Q_x_logN_logD,3.0125,2.9899194675118745,0.022580532488125638,2.9262778049358866,3.0535611300878625,2.923019241419627,3.056819693604122,2.9108267427829637,3.0690121922407854,2.9081022265966885,3.0717367084270606,2.8946732213738207,3.0851657136499284,2.8916768808570823,3.088162054166667
N_params_B,0.16,61,Q_x_logN_logD,2.9738,2.9429140753750573,0.030885924624942884,2.8792724127990694,3.0065557379510452,2.87601384928281,3.009814301467305,2.8638213506461465,3.022006800103968,2.8610968344598713,3.0247313162902434,2.8476678292370035,3.038160321513111,2.844671488720265,3.0411566620298496
N_params_B,0.16,376,Q_x_logN_logD,2.8925,2.8959086832382406,-0.0034086832382405063,2.8322670206622527,2.9595503458142285,2.829008457145993,2.962808909330488,2.8168159585093298,2.9750014079671514,2.8140914423230545,2.9777259241534266,2.8006624371001867,2.9911549293762945,2.7976660965834483,2.994151269893033
N_params_B,0.16,62,Q_x_logN_logD,2.8802,2.8489032911014234,0.0312967088985765,2.7852616285254355,2.9125449536774113,2.782003065009176,2.915803517193671,2.7698105663725126,2.927996015830334,2.7670860501862373,2.9307205320166094,2.7536570449633695,2.9441495372394773,2.750660704446631,2.9471458777562156
N_params_B,0.16,377,Q_x_logN_logD,2.7914,2.801897898964606,-0.01049789896460629,2.7382562363886183,2.865539561540594,2.7349976728723586,2.8687981250568537,2.7228051742356953,2.880990623693517,2.72008065804942,2.883715139879792,2.7066516528265523,2.89714414510266,2.703655312309814,2.9001404856193984
N_params_B,0.16,63,Q_x_logN_logD,2.725,2.754892506827789,-0.02989250682778888,2.691250844251801,2.818534169403777,2.6879922807355414,2.8217927329200365,2.675799782098878,2.8339852315567,2.673075265912603,2.836709747742975,2.659646260689735,2.850138752965843,2.6566499201729967,2.853135093482581
N_params_B,0.16,64,Q_x_logN_logD,2.7204,2.707887114690972,0.012512885309027943,2.6442454521149843,2.77152877726696,2.6409868885987247,2.7747873407832198,2.6287943899620614,2.786979839419883,2.626069873775786,2.7897043556061583,2.6126408685529183,2.803133360829026,2.60964452803618,2.8061297013457644
N_params_B,0.16,65,Q_x_logN_logD,2.6657,2.660881722554155,0.004818277445845176,2.597240059978167,2.724523385130143,2.5939814964619075,2.7277819486464026,2.581788997825244,2.739974447283066,2.579064481638969,2.742698963469341,2.565635476416101,2.756127968692209,2.5626391358993628,2.7591243092089472
N_params_B,0.16,66,Q_x_logN_logD,2.9719,3.0221768606327615,-0.05027686063276127,2.9585351980567736,3.0858185232087494,2.955276634540514,3.089077086725009,2.9430841359038507,3.1012695853616723,2.9403596197175754,3.1039941015479475,2.9269306144947076,3.1174231067708154,2.9239342739779692,3.1204194472875537
N_params_B,0.16,67,Q_x_logN_logD,2.9407,2.9762181775094154,-0.03551817750941533,2.9125765149334275,3.0398598400854033,2.909317951417168,3.043118403601663,2.8971254527805046,3.0553109022383262,2.8944009365942294,3.0580354184246015,2.8809719313713615,3.0714644236474693,2.877975590854623,3.0744607641642077
N_params_B,0.16,68,Q_x_logN_logD,2.956,2.930259494386069,0.025740505613931042,2.866617831810081,2.993901156962057,2.8633592682938214,2.9971597204783165,2.851166769657158,3.0093522191149797,2.848442253470883,3.012076735301255,2.835013248248015,3.025505740524123,2.8320169077312767,3.028502081040861
N_params_B,0.16,69,Q_x_logN_logD,2.8482,2.884300811262723,-0.03610081126272302,2.820659148686735,2.9479424738387108,2.8174005851704753,2.9512010373549704,2.805208086533812,2.9633935359916337,2.802483570347537,2.966118052177909,2.789054565124669,2.9795470574007767,2.7860582246079306,2.982543397917515
N_params_B,0.16,378,Q_x_logN_logD,2.8079,2.8383421281393764,-0.0304421281393763,2.7747004655633885,2.9019837907153643,2.771441902047129,2.905242354231624,2.7592494034104655,2.917434852868287,2.7565248872241903,2.9201593690545624,2.7430958820013225,2.9335883742774302,2.740099541484584,2.9365847147941686
N_params_B,0.16,70,Q_x_logN_logD,2.8081,2.7923834450160303,0.015716554983969733,2.7287417824400424,2.856025107592018,2.7254832189237828,2.859283671108278,2.7132907202871195,2.871476169744941,2.7105662041008443,2.8742006859312164,2.6971371988779764,2.887629691154084,2.694140858361238,2.8906260316708225
N_params_B,0.16,379,Q_x_logN_logD,2.7592,2.746424761892684,0.012775238107316067,2.682783099316696,2.8100664244686717,2.6795245358004363,2.8133249879849314,2.667332037163773,2.8255174866215946,2.6646075209774978,2.82824200280787,2.65117851575463,2.8416710080307377,2.6481821752378916,2.844667348547476
N_params_B,0.16,71,Q_x_logN_logD,2.6978,2.7004660787693378,-0.0026660787693377763,2.63682441619335,2.7641077413453257,2.63356585267709,2.7673663048615853,2.621373354040427,2.7795588034982486,2.6186488378541517,2.782283319684524,2.605219832631284,2.7957123249073916,2.6022234921145455,2.79870866542413
N_params_B,0.16,72,Q_x_logN_logD,2.6348,2.6545073956459913,-0.019707395645991443,2.5908657330700033,2.718149058221979,2.5876071695537437,2.721407621738239,2.5754146709170804,2.733600120374902,2.572690154730805,2.7363246365611773,2.5592611495079374,2.749753641784045,2.556264808991199,2.7527499823007835
N_params_B,0.16,73,Q_x_logN_logD,2.6071,2.608548712522645,-0.0014487125226452235,2.5449070499466573,2.672190375098633,2.5416484864303976,2.6754489386148927,2.5294559877937344,2.687641437251556,2.526731471607459,2.6903659534378312,2.5133024663845913,2.703794958660699,2.510306125867853,2.7067912991774374
N_params_B,0.16,74,Q_x_logN_logD,2.98,2.970153987201151,0.009846012798849113,2.906512324625163,3.033795649777139,2.9032537611089033,3.0370542132933984,2.89106126247224,3.0492467119300617,2.888336746285965,3.051971228116337,2.874907741063097,3.0654002333392047,2.8719114005463586,3.068396573855943
N_params_B,0.16,75,Q_x_logN_logD,2.9212,2.9252420130912755,-0.00404201309127572,2.8616003505152876,2.9888836756672634,2.858341786999028,2.992142239183523,2.8461492883623647,3.0043347378201863,2.8434247721760895,3.0070592540064616,2.8299957669532216,3.0204882592293294,2.8269994264364833,3.0234845997460678
N_params_B,0.16,76,Q_x_logN_logD,2.8818,2.8803300389814,0.0014699610185999745,2.8166883764054123,2.943971701557388,2.8134298128891526,2.9472302650736477,2.8012373142524893,2.959422763710311,2.798512798066214,2.962147279896586,2.7850837928433463,2.975576285119454,2.782087452326608,2.9785726256361924
N_params_B,0.16,77,Q_x_logN_logD,2.8627,2.835418064871525,0.027281935128474988,2.771776402295537,2.8990597274475127,2.7685178387792773,2.9023182909637724,2.756325340142614,2.9145107896004356,2.7536008239563388,2.917235305786711,2.740171818733471,2.9306643110095787,2.7371754782167326,2.933660651526317
N_params_B,0.16,380,Q_x_logN_logD,2.7776,2.7905060907616495,-0.012906090761649391,2.7268644281856615,2.8541477533376374,2.723605864669402,2.857406316853897,2.7114133660327386,2.8695988154905603,2.7086888498464634,2.8723233316768355,2.6952598446235956,2.8857523368997033,2.692263504106857,2.8887486774164417
N_params_B,0.16,78,Q_x_logN_logD,2.7288,2.745594116651774,-0.016794116651773994,2.681952454075786,2.809235779227762,2.6786938905595266,2.8124943427440217,2.6665013919228633,2.824686841380685,2.663776875736588,2.82741135756696,2.6503478705137202,2.840840362789828,2.647351529996982,2.8438367033065663
N_params_B,0.16,381,Q_x_logN_logD,2.6652,2.7006821425418983,-0.0354821425418983,2.6370404799659104,2.7643238051178862,2.6337819164496508,2.767582368634146,2.6215894178129875,2.779774867270809,2.6188649016267123,2.7824993834570844,2.6054358964038444,2.795928388679952,2.602439555887106,2.7989247291966906
N_params_B,0.16,79,Q_x_logN_logD,2.658,2.655770168432023,0.0022298315679769587,2.592128505856035,2.719411831008011,2.5888699423397754,2.7226703945242705,2.576677443703112,2.734862893160934,2.573952927516837,2.737587409347209,2.560523922293969,2.751016414570077,2.5575275817772307,2.754012755086815
N_params_B,0.16,80,Q_x_logN_logD,2.5923,2.6108581943221476,-0.01855819432214778,2.5472165317461597,2.6744998568981355,2.5439579682299,2.677758420414395,2.531765469593237,2.6899509190510584,2.5290409534069616,2.6926754352373337,2.5156119481840937,2.7061044404602015,2.5126156076673554,2.70910078097694
N_params_B,0.16,81,Q_x_logN_logD,2.5781,2.5659462202122723,0.012153779787727803,2.5023045576362843,2.62958788278826,2.4990459941200247,2.63284644630452,2.4868534954833614,2.645038944941183,2.484128979297086,2.6477634611274583,2.4706999740742184,2.661192466350326,2.46770363355748,2.6641888068670645
N_params_B,0.41,82,Q_x_logN_logD,3.228,3.235089405550379,-0.007089405550378736,3.1744001555813837,3.295778655519374,3.1705927375041667,3.299586073596591,3.152933494621614,3.317245316479144,3.1520119400080433,3.3181668710927146,3.138953179627177,3.331225631473581,3.1365293940900223,3.3336494170107356
N_params_B,0.41,83,Q_x_logN_logD,3.2291,3.188833650328042,0.04026634967195797,3.1281444003590466,3.249522900297037,3.1243369822818297,3.253330318374254,3.106677739399277,3.270989561256807,3.1057561847857063,3.2719111158703775,3.09269742440484,3.284969876251244,3.0902736388676852,3.2873936617883985
N_params_B,0.41,84,Q_x_logN_logD,3.2054,3.142577895105705,0.06282210489429518,3.0818886451367096,3.2032671450747,3.0780812270594926,3.207074563151917,3.06042198417694,3.22473380603447,3.059500429563369,3.2256553606480405,3.046441669182503,3.2387141210289068,3.044017883645348,3.2411379065660615
N_params_B,0.41,85,Q_x_logN_logD,3.0181,3.096322139883368,-0.07822213988336779,3.0356328899143725,3.157011389852363,3.0318254718371556,3.16081880792958,3.0141662289546027,3.178478050812133,3.013244674341032,3.1793996054257034,3.000185913960166,3.1924583658065697,2.997762128423011,3.1948821513437244
N_params_B,0.41,382,Q_x_logN_logD,3.0802,3.0500663846610307,0.0301336153389693,2.9893771346920355,3.110755634630026,2.9855697166148185,3.114563052707243,2.9679104737322657,3.132222295589796,2.966988919118695,3.1331438502033664,2.953930158737829,3.1462026105842327,2.951506373200674,3.1486263961213874
N_params_B,0.41,86,Q_x_logN_logD,3.0836,3.0038106294386937,0.07978937056130642,2.9431213794696984,3.064499879407689,2.9393139613924815,3.068307297484906,2.9216547185099286,3.0859665403674588,2.920733163896358,3.0868880949810293,2.907674403515492,3.0999468553618956,2.905250617978337,3.1023706408990503
N_params_B,0.41,383,Q_x_logN_logD,3.027,2.957554874216357,0.06944512578364304,2.896865624247362,3.0182441241853524,2.893058206170145,3.0220515422625693,2.875398963287592,3.039710785145122,2.8744774086740215,3.0406323397586927,2.861418648293155,3.053691100139559,2.8589948627560005,3.0561148856767137
N_params_B,0.41,87,Q_x_logN_logD,2.9795,2.91129911899402,0.06820088100597976,2.850609869025025,2.9719883689630153,2.846802450947808,2.9757957870402323,2.829143208065255,2.993455029922785,2.8282216534516844,2.9943765845363557,2.815162893070818,3.007435344917222,2.8127391075336634,3.0098591304543767
N_params_B,0.41,88,Q_x_logN_logD,2.8227,2.865043363771683,-0.042343363771682796,2.8043541138026877,2.9257326137406783,2.8005466957254708,2.9295400318178952,2.782887452842918,2.947199274700448,2.7819658982293474,2.9481208293140186,2.768907137848481,2.961179589694885,2.7664833523113264,2.9636033752320396
N_params_B,0.41,89,Q_x_logN_logD,2.9558,2.818787608549346,0.13701239145065403,2.7580983585803507,2.8794768585183412,2.7542909405031337,2.883284276595558,2.736631697620581,2.900943519478111,2.7357101430070103,2.9018650740916816,2.722651382626144,2.914923834472548,2.7202275970889893,2.9173476200097026
N_params_B,0.41,90,Q_x_logN_logD,2.976,2.971838291283119,0.004161708716881041,2.9111490413141237,3.032527541252114,2.9073416232369067,3.036334959329331,2.889682380354354,3.053994202211884,2.8887608257407833,3.0549157568254546,2.875702065359917,3.067974517206321,2.8732782798227623,3.0703983027434756
N_params_B,0.41,91,Q_x_logN_logD,2.9489,2.9283398972768735,0.020560102723126583,2.867650647307878,2.9890291472458688,2.8638432292306613,2.9928365653230857,2.8461839863481084,3.0104958082056386,2.845262431734538,3.011417362819209,2.8322036713536716,3.0244761232000754,2.829779885816517,3.02689990873723
N_params_B,0.41,92,Q_x_logN_logD,2.9676,2.8848415032706285,0.08275849672937152,2.824152253301633,2.9455307532396238,2.8203448352244163,2.9493381713168407,2.8026855923418634,2.9669974141993936,2.801764037728293,2.967918968812964,2.7887052773474266,2.9809777291938304,2.786281491810272,2.983401514730985
N_params_B,0.41,93,Q_x_logN_logD,2.8049,2.8413431092643835,-0.036443109264383544,2.780653859295388,2.9020323592333788,2.7768464412181713,2.9058397773105957,2.7591871983356184,2.9234990201931486,2.758265643722048,2.924420574806719,2.7452068833411816,2.9374793351875854,2.742783097804027,2.93990312072474
N_params_B,0.41,384,Q_x_logN_logD,2.7517,2.797844715258138,-0.046144715258138014,2.7371554652891428,2.8585339652271333,2.733348047211926,2.8623413833043503,2.715688804329373,2.880000626186903,2.7147672497158024,2.8809221808004737,2.701708489334936,2.89398094118134,2.6992847037977814,2.8964047267184947
N_params_B,0.41,94,Q_x_logN_logD,2.6958,2.754346321251893,-0.05854632125189285,2.6936570712828978,2.8150355712208883,2.689849653205681,2.8188429892981053,2.672190410323128,2.836502232180658,2.6712688557095574,2.8374237867942287,2.658210095328691,2.850482547175095,2.6557863097915364,2.8529063327122497
N_params_B,0.41,385,Q_x_logN_logD,2.6453,2.7108479272456476,-0.0655479272456474,2.6501586772766523,2.771537177214643,2.6463512591994354,2.77534459529186,2.6286920163168825,2.7930038381744127,2.627770461703312,2.7939253927879832,2.6147117013224457,2.8069841531688495,2.612287915785291,2.8094079387060042
N_params_B,0.41,95,Q_x_logN_logD,2.6518,2.6673495332394026,-0.015549533239402447,2.6066602832704073,2.728038783208398,2.6028528651931904,2.731846201285615,2.5851936223106375,2.7495054441681677,2.584272067697067,2.7504269987817382,2.5712133073162007,2.7634857591626045,2.568789521779046,2.7659095446997592
N_params_B,0.41,96,Q_x_logN_logD,2.6355,2.623851139233157,0.011648860766842795,2.563161889264162,2.6845403892021524,2.559354471186945,2.6883478072793694,2.541695228304392,2.7060070501619222,2.5407736736908215,2.706928604775493,2.5277149133099552,2.719987365156359,2.5252911277728005,2.722411150693514
N_params_B,0.41,97,Q_x_logN_logD,2.6047,2.580352745226912,0.024347254773087634,2.519663495257917,2.6410419951959074,2.5158560771807,2.6448494132731244,2.498196834298147,2.6625086561556772,2.4972752796845765,2.663430210769248,2.4842165193037102,2.676488971150114,2.4817927337665555,2.678912756687269
N_params_B,0.41,98,Q_x_logN_logD,2.8727,2.8489246064757836,0.023775393524216426,2.7882353565067883,2.909613856444779,2.7844279384295714,2.913421274521996,2.7667686955470185,2.9310805174045487,2.765847140933448,2.9320020720181192,2.7527883805525817,2.9450608323989855,2.750364595015427,2.9474846179361402
N_params_B,0.41,99,Q_x_logN_logD,2.8815,2.8073084043160783,0.07419159568392164,2.746619154347083,2.8679976542850736,2.742811736269866,2.8718050723622905,2.7251524933873132,2.8894643152448434,2.7242309387737427,2.890385869858414,2.7111721783928764,2.9034446302392802,2.7087483928557217,2.905868415776435
N_params_B,0.41,100,Q_x_logN_logD,2.7186,2.7656922021563726,-0.047092202156372664,2.7050029521873773,2.826381452125368,2.7011955341101603,2.830188870202585,2.6835362912276075,2.8478481130851376,2.682614736614037,2.848769667698708,2.6695559762331706,2.8618284280795745,2.667132190696016,2.864252213616729
N_params_B,0.41,101,Q_x_logN_logD,2.6566,2.7240759999966673,-0.0674759999966672,2.663386750027672,2.7847652499656625,2.659579331950455,2.7885726680428795,2.641920089067902,2.8062319109254323,2.6409985344543316,2.807153465539003,2.6279397740734654,2.820212225919869,2.6255159885363106,2.822636011457024
N_params_B,0.41,386,Q_x_logN_logD,2.6432,2.6824597978369615,-0.03925979783696132,2.6217705478679663,2.743149047805957,2.6179631297907493,2.7469564658831738,2.6003038869081965,2.7646157087657266,2.599382332294626,2.765537263379297,2.5863235719137596,2.7785960237601635,2.583899786376605,2.781019809297318
N_params_B,0.41,102,Q_x_logN_logD,2.6516,2.6408435956772562,0.01075640432274394,2.580154345708261,2.7015328456462515,2.576346927631044,2.7053402637234685,2.558687684748491,2.7229995066060213,2.5577661301349206,2.723921061219592,2.5447073697540543,2.736979821600458,2.5422835842168996,2.739403607137613
N_params_B,0.41,387,Q_x_logN_logD,2.605,2.599227393517551,0.005772606482449039,2.5385381435485557,2.659916643486546,2.5347307254713387,2.663724061563763,2.517071482588786,2.681383304446316,2.5161499279752153,2.6823048590598866,2.503091167594349,2.695363619440753,2.5006673820571943,2.6977874049779076
N_params_B,0.41,103,Q_x_logN_logD,2.5539,2.557611191357845,-0.003711191357845145,2.49692194138885,2.6183004413268405,2.493114523311633,2.6221078594040574,2.47545528042908,2.6397671022866103,2.4745337258155096,2.640688656900181,2.4614749654346433,2.653747417281047,2.4590511798974886,2.656171202818202
N_params_B,0.41,104,Q_x_logN_logD,2.5112,2.5159949891981395,-0.0047949891981393655,2.455305739229144,2.5766842391671347,2.4514983211519272,2.5804916572443517,2.4338390782693744,2.5981509001269045,2.432917523655804,2.599072454740475,2.4198587632749375,2.6121312151213414,2.417434977737783,2.614555000658496
N_params_B,0.41,105,Q_x_logN_logD,2.4068,2.474378787038434,-0.06757878703843412,2.413689537069439,2.5350680370074294,2.409882118992222,2.5388754550846464,2.392222876109669,2.5565346979671992,2.3913013214960985,2.55745625258077,2.3782425611152322,2.570515012961636,2.3758187755780775,2.572938798498791
N_params_B,0.41,106,Q_x_logN_logD,2.8085,2.787861239773572,0.020638760226427966,2.7271719898045768,2.8485504897425673,2.72336457172736,2.8523579078197843,2.705705328844807,2.870017150702337,2.7047837742312364,2.8709387053159077,2.69172501385037,2.883997465696774,2.6893012283132154,2.8864212512339287
N_params_B,0.41,107,Q_x_logN_logD,2.7682,2.747432568451778,0.020767431548222248,2.6867433184827827,2.8081218184207732,2.6829359004055657,2.81192923649799,2.665276657523013,2.829588479380543,2.6643551029094423,2.8305100339941136,2.651296342528576,2.84356879437498,2.6488725569914213,2.8459925799121346
N_params_B,0.41,108,Q_x_logN_logD,2.6832,2.707003897129984,-0.023803897129984097,2.6463146471609886,2.767693147098979,2.6425072290837717,2.771500565176196,2.624847986201219,2.789159808058749,2.6239264315876483,2.7900813626723195,2.610867671206782,2.803140123053186,2.6084438856696273,2.8055639085903405
N_params_B,0.41,109,Q_x_logN_logD,2.7891,2.66657522580819,0.12252477419181007,2.6058859758391946,2.727264475777185,2.6020785577619776,2.731071893854402,2.584419314879425,2.748731136736955,2.583497760265854,2.7496526913505255,2.570438999884988,2.7627114517313918,2.568015214347833,2.7651352372685465
N_params_B,0.41,388,Q_x_logN_logD,2.6321,2.6261465544863962,0.005953445513603661,2.565457304517401,2.6868358044553915,2.561649886440184,2.6906432225326085,2.543990643557631,2.7083024654151613,2.5430690889440606,2.709224020028732,2.5300103285631943,2.722282780409598,2.5275865430260396,2.724706565946753
N_params_B,0.41,110,Q_x_logN_logD,2.5211,2.585717883164602,-0.06461788316460204,2.525028633195607,2.6464071331335974,2.52122121511839,2.6502145512108144,2.503561972235837,2.6678737940933672,2.5026404176222665,2.668795348706938,2.4895816572414002,2.681854109087804,2.4871578717042455,2.684277894624959
N_params_B,0.41,389,Q_x_logN_logD,2.5426,2.545289211842808,-0.0026892118428079037,2.484599961873813,2.6059784618118034,2.480792543796596,2.6097858798890203,2.463133300914043,2.627445122771573,2.4622117463004725,2.6283666773851437,2.449152985919606,2.64142543776601,2.4467292003824515,2.6438492233031647
N_params_B,0.41,111,Q_x_logN_logD,2.549,2.504860540521014,0.0441394594789859,2.4441712905520188,2.5655497904900093,2.440363872474802,2.5693572085672263,2.422704629592249,2.587016451449779,2.4217830749786784,2.5879380060633497,2.408724314597812,2.600996766444216,2.4063005290606574,2.6034205519813707
N_params_B,0.41,112,Q_x_logN_logD,2.432,2.46443186919922,-0.03243186919922003,2.4037426192302247,2.5251211191682152,2.3999352011530077,2.528928537245432,2.382275958270455,2.546587780127985,2.3813544036568843,2.5475093347415556,2.368295643276018,2.560568095122422,2.3658718577388633,2.5629918806595766
N_params_B,0.41,113,Q_x_logN_logD,2.3791,2.424003197877426,-0.04490319787742569,2.3633139479084306,2.484692447846421,2.3595065298312137,2.488499865923638,2.341847286948661,2.506159108806191,2.3409257323350903,2.5070806634197615,2.327866971954224,2.520139423800628,2.3254431864170693,2.5225632093377826
N_params_B,0.41,114,Q_x_logN_logD,2.6695,2.736615261109871,-0.06711526110987087,2.675926011140876,2.7973045110788664,2.672118593063659,2.8011119291560833,2.654459350181106,2.818771172038636,2.6535377955675354,2.8196927266522067,2.640479035186669,2.832751487033073,2.6380552496495144,2.8351752725702277
N_params_B,0.41,115,Q_x_logN_logD,2.7354,2.6973741206259887,0.03802587937401114,2.6366848706569934,2.758063370594984,2.6328774525797765,2.761870788672201,2.6152182096972236,2.7795300315547538,2.614296655083653,2.7804515861683243,2.6012378947027868,2.7935103465491906,2.598814109165632,2.7959341320863453
N_params_B,0.41,116,Q_x_logN_logD,2.6187,2.6581329801421063,-0.03943298014210628,2.597443730173111,2.7188222301111016,2.593636312095894,2.7226296481883185,2.5759770692133412,2.7402888910708714,2.5750555145997707,2.741210445684442,2.5619967542189044,2.7542692060653082,2.5595729686817497,2.756692991602463
N_params_B,0.41,117,Q_x_logN_logD,2.5858,2.6188918396582235,-0.0330918396582236,2.558202589689228,2.6795810896272187,2.5543951716120112,2.6833885077044357,2.5367359287294584,2.7010477505869885,2.535814374115888,2.701969305200559,2.5227556137350216,2.7150280655814254,2.520331828197867,2.71745185111858
N_params_B,0.41,390,Q_x_logN_logD,2.5369,2.579650699174341,-0.042750699174340934,2.518961449205346,2.6403399491433364,2.515154031128129,2.6441473672205533,2.497494788245576,2.661806610103106,2.4965732336320055,2.6627281647166767,2.483514473251139,2.675786925097543,2.4810906877139844,2.6782107106346977
N_params_B,0.41,118,Q_x_logN_logD,2.5121,2.5404095586904587,-0.02830955869045848,2.4797203087214634,2.601098808659454,2.4759128906442465,2.604906226736671,2.4582536477616936,2.6225654696192238,2.457332093148123,2.6234870242327943,2.444273332767257,2.6365457846136606,2.441849547230102,2.6389695701508153
N_params_B,0.41,391,Q_x_logN_logD,2.4873,2.501168418206576,-0.013868418206576028,2.4404791682375806,2.561857668175571,2.4366717501603636,2.565665086252788,2.419012507277811,2.583324329135341,2.4180909526642402,2.5842458837489115,2.405032192283374,2.597304644129778,2.4026084067462192,2.5997284296669325
N_params_B,0.41,119,Q_x_logN_logD,2.4741,2.4619272777226935,0.01217272227730648,2.401238027753698,2.5226165276916888,2.3974306096764813,2.5264239457689057,2.3797713667939284,2.5440831886514585,2.378849812180358,2.545004743265029,2.3657910517994916,2.5580635036458954,2.363367266262337,2.56048728918305
N_params_B,0.41,120,Q_x_logN_logD,2.471,2.4226861372388107,0.04831386276118943,2.3619968872698154,2.483375387207806,2.3581894691925984,2.487182805285023,2.3405302263100456,2.5048420481675757,2.339608671696475,2.5057636027811463,2.3265499113156087,2.5188223631620126,2.324126125778454,2.5212461486991673
N_params_B,0.41,121,Q_x_logN_logD,2.3932,2.3834449967549283,0.009755003245071947,2.322755746785933,2.4441342467239235,2.318948328708716,2.4479416648011405,2.301289085826163,2.4656009076836933,2.3003675312125926,2.466522462297264,2.2873087708317263,2.47958122267813,2.2848849852945716,2.482005008215285
N_params_B,0.7,122,Q_x_logN_logD,3.1919,3.123967385205315,0.06793261479468482,3.0612273501554506,3.1867074202551797,3.059762230616766,3.188172539793864,3.0418523225628444,3.206082447847786,3.038821699538038,3.209113070872592,3.0263818551387525,3.221552915271878,3.023319394457167,3.2246153759534635
N_params_B,0.7,123,Q_x_logN_logD,3.1552,3.0807751555463425,0.07442484445365727,3.018035120496478,3.143515190596207,3.0165700009577936,3.1449803101348914,2.998660092903872,3.162890218188813,2.9956294698790655,3.1659208412136195,2.98318962547978,3.178360685612905,2.980127164798194,3.181423146294491
N_params_B,0.7,124,Q_x_logN_logD,3.0155,3.03758292588737,-0.022082925887370042,2.9748428908375053,3.1003229609372345,2.973377771298821,3.101788080475919,2.955467863244899,3.1196979885298406,2.952437240220093,3.122728611554647,2.939997395820807,3.1351684559539326,2.9369349351392215,3.1382309166355182
N_params_B,0.7,125,Q_x_logN_logD,3.0148,2.9943906962283977,0.02040930377160244,2.931650661178533,3.0571307312782623,2.930185541639849,3.0585958508169466,2.912275633585927,3.0765057588708684,2.9092450105611207,3.0795363818956747,2.896805166161835,3.0919762262949604,2.8937427054802494,3.095038686976546
N_params_B,0.7,392,Q_x_logN_logD,2.9761,2.951198466569425,0.024901533430575107,2.8884584315195605,3.0139385016192897,2.886993311980876,3.015403621157974,2.8690834039269544,3.033313529211896,2.866052780902148,3.036344152236702,2.8536129365028624,3.0487839966359878,2.8505504758212767,3.0518464573175734
N_params_B,0.7,126,Q_x_logN_logD,2.9615,2.908006236910453,0.05349376308954712,2.8452662018605883,2.9707462719603175,2.843801082321904,2.972211391499002,2.825891174267982,2.9901212995529236,2.822860551243176,2.99315192257773,2.8104207068438902,3.0055917669770156,2.8073582461623046,3.0086542276586012
N_params_B,0.7,393,Q_x_logN_logD,2.9524,2.8648140072514803,0.08758599274851964,2.8020739722016157,2.927554042301345,2.8006088526629314,2.929019161840029,2.7826989446090096,2.946929069893951,2.7796683215842033,2.9499596929187573,2.7672284771849176,2.962399537318043,2.764166016503332,2.9654619979996286
N_params_B,0.7,127,Q_x_logN_logD,2.8692,2.8216217775925077,0.04757822240749254,2.758881742542643,2.8843618126423722,2.7574166230039587,2.8858269321810566,2.739506714950037,2.9037368402349784,2.7364760919252307,2.9067674632597846,2.724036247525945,2.9192073076590703,2.7209737868443593,2.922269768340656
N_params_B,0.7,128,Q_x_logN_logD,2.7928,2.7784295479335355,0.0143704520664647,2.715689512883671,2.8411695829834,2.7142243933449866,2.8426347025220844,2.6963144852910648,2.860544610576006,2.6932838622662585,2.8635752336008125,2.680844017866973,2.876015078000098,2.677781557185387,2.879077538681684
N_params_B,0.7,129,Q_x_logN_logD,2.8304,2.735237318274563,0.09516268172543718,2.6724972832246983,2.7979773533244274,2.671032163686014,2.7994424728631118,2.653122255632092,2.8173523809170335,2.650091632607286,2.82038300394184,2.637651788208,2.8328228483411255,2.6345893275264145,2.835885309022711
N_params_B,0.7,130,Q_x_logN_logD,2.8444,2.8619254451705882,-0.017525445170588405,2.7991854101207236,2.924665480220453,2.7977202905820393,2.926130599759137,2.7798103825281175,2.944040507813059,2.7767797595033112,2.947071130837865,2.7643399151040255,2.959510975237151,2.76127745442244,2.9625734359187366
N_params_B,0.7,131,Q_x_logN_logD,2.8069,2.8213861462750924,-0.01448614627509226,2.758646111225228,2.884126181324957,2.7571809916865435,2.8855913008636414,2.7392710836326217,2.903501208917563,2.7362404606078155,2.9065318319423694,2.7238006162085298,2.918971676341655,2.720738155526944,2.9220341370232408
N_params_B,0.7,132,Q_x_logN_logD,2.7973,2.780846847379596,0.0164531526204037,2.7181068123297316,2.843586882429461,2.7166416927910473,2.845052001968145,2.6987317847371255,2.862961910022067,2.695701161712319,2.865992533046873,2.6832613173130335,2.878432377446159,2.680198856631448,2.8814948381277445
N_params_B,0.7,133,Q_x_logN_logD,2.7324,2.7403075484841004,-0.007907548484100246,2.677567513434236,2.803047583533965,2.6761023938955515,2.8045127030726493,2.6581924858416297,2.822422611126571,2.6551618628168234,2.8254532341513774,2.6427220184175377,2.837893078550663,2.639659557735952,2.8409555392322487
N_params_B,0.7,394,Q_x_logN_logD,2.6726,2.699768249588604,-0.027168249588604088,2.6370282145387396,2.7625082846384688,2.6355630950000553,2.763973404177153,2.6176531869461335,2.781883312231075,2.614622563921327,2.784913935255881,2.6021827195220415,2.797353779655167,2.599120258840456,2.8004162403367525
N_params_B,0.7,134,Q_x_logN_logD,2.6134,2.659228950693108,-0.045828950693107995,2.5964889156432434,2.7219689857429725,2.595023796104559,2.723434105281657,2.5771138880506372,2.7413440133355786,2.574083265025831,2.744374636360385,2.5616434206265453,2.7568144807596706,2.5585809599449596,2.7598769414412563
N_params_B,0.7,395,Q_x_logN_logD,2.606,2.618689651797612,-0.012689651797612278,2.5559496167477476,2.6814296868474767,2.5544844972090632,2.682894806386161,2.5365745891551414,2.700804714440083,2.533543966130335,2.703835337464889,2.5211041217310495,2.716275181864175,2.518041661049464,2.7193376425457605
N_params_B,0.7,135,Q_x_logN_logD,2.6409,2.578150352902116,0.06274964709788389,2.5154103178522513,2.6408903879519805,2.513945198313567,2.642355507490665,2.496035290259645,2.6602654155445866,2.493004667234839,2.663296038569393,2.4805648228355532,2.6757358829686786,2.4775023621539676,2.6787983436502643
N_params_B,0.7,136,Q_x_logN_logD,2.5496,2.53761105400662,0.01198894599337974,2.4748710189567555,2.6003510890564847,2.473405899418071,2.601816208595169,2.4554959913641494,2.619726116649091,2.452465368339343,2.622756739673897,2.4400255239400575,2.635196584073183,2.436963063258472,2.6382590447547685
N_params_B,0.7,137,Q_x_logN_logD,2.5581,2.497071755111124,0.06102824488887615,2.4343317200612593,2.5598117901609885,2.432866600522575,2.561276909699673,2.414956692468653,2.5791868177535946,2.411926069443847,2.582217440778401,2.399486225044561,2.5946572851776866,2.3964237643629756,2.5977197458592722
N_params_B,0.7,138,Q_x_logN_logD,2.7893,2.7390007609512614,0.05029923904873845,2.676260725901397,2.801740796001126,2.6747956063627125,2.8032059155398104,2.6568856983087907,2.821115823593732,2.6538550752839845,2.8241464466185384,2.6414152308846988,2.836586291017824,2.638352770203113,2.83964875169941
N_params_B,0.7,139,Q_x_logN_logD,2.6375,2.700272369028457,-0.06277236902845695,2.6375323339785925,2.7630124040783217,2.636067214439908,2.764477523617006,2.6181573063859864,2.782387431670928,2.61512668336118,2.785418054695734,2.6026868389618945,2.79785789909502,2.599624378280309,2.8009203597766055
N_params_B,0.7,140,Q_x_logN_logD,2.6856,2.6615439771056524,0.024056022894347606,2.598803942055788,2.724284012155517,2.5973388225171035,2.7257491316942013,2.5794289144631817,2.743659039748123,2.5763982914383754,2.7466896627729294,2.5639584470390897,2.759129507172215,2.560895986357504,2.7621919678538007
N_params_B,0.7,141,Q_x_logN_logD,2.5991,2.6228155851828476,-0.023715585182847665,2.560075550132983,2.685555620232712,2.5586104305942987,2.6870207397713965,2.540700522540377,2.7049306478253183,2.5376698995155706,2.7079612708501246,2.525230055116285,2.7204011152494103,2.5221675944346993,2.723463575930996
N_params_B,0.7,396,Q_x_logN_logD,2.5964,2.584087193260043,0.01231280673995716,2.5213471582101783,2.6468272283099075,2.519882038671494,2.648292347848592,2.501972130617572,2.6662022559025136,2.498941507592766,2.66923287892732,2.48650166319348,2.6816727233266056,2.4834392025118945,2.6847351840081912
N_params_B,0.7,142,Q_x_logN_logD,2.5608,2.5453588013372386,0.01544119866276139,2.482618766287374,2.608098836387103,2.4811536467486897,2.6095639559257875,2.463243738694768,2.6274738639797093,2.4602131156699616,2.6305044870045156,2.447773271270676,2.6429443314038013,2.4447108105890902,2.646006792085387
N_params_B,0.7,397,Q_x_logN_logD,2.5081,2.506630409414434,0.0014695905855663938,2.4438903743645692,2.5693704444642984,2.442425254825885,2.5708355640029827,2.424515346771963,2.5887454720569045,2.421484723747157,2.591776095081711,2.409044879347871,2.6042159394809965,2.4059824186662855,2.607278400162582
N_params_B,0.7,143,Q_x_logN_logD,2.5043,2.467902017491629,0.03639798250837112,2.4051619824417645,2.5306420525414937,2.40369686290308,2.532107172080178,2.3857869548491584,2.5500170801341,2.382756331824352,2.553047703158906,2.3703164874250664,2.5654875475581917,2.3672540267434807,2.5685500082397774
N_params_B,0.7,144,Q_x_logN_logD,2.4035,2.4291736255688248,-0.025673625568824576,2.36643359051896,2.4919136606186894,2.364968470980276,2.4933787801573737,2.347058562926354,2.5112886882112955,2.344027939901548,2.5143193112361018,2.331588095502262,2.5267591556353874,2.3285256348206764,2.529821616316973
N_params_B,0.7,145,Q_x_logN_logD,2.3542,2.39044523364602,-0.03624523364601995,2.3277051985961554,2.4531852686958846,2.326240079057471,2.454650388234569,2.3083301710035493,2.4725602962884907,2.305299547978743,2.475590919313297,2.2928597035794573,2.4880307637125827,2.2897972428978717,2.4910932243941684
N_params_B,0.7,146,Q_x_logN_logD,2.6722,2.677788891443936,-0.005588891443935928,2.6150488563940715,2.7405289264938006,2.613583736855387,2.741994046032485,2.5956738288014654,2.7599039540864068,2.592643205776659,2.762934577111213,2.5802033613773734,2.7753744215104987,2.5771409006957877,2.7784368821920844
N_params_B,0.7,147,Q_x_logN_logD,2.6214,2.6402030546111526,-0.018803054611152614,2.577463019561288,2.702943089661017,2.5759979000226036,2.7044082091997015,2.558087991968682,2.7223181172536233,2.5550573689438756,2.7253487402784295,2.54261752454459,2.7377885846777152,2.5395550638630042,2.740851045359301
N_params_B,0.7,148,Q_x_logN_logD,2.5759,2.6026172177783686,-0.026717217778368774,2.539877182728504,2.665357252828233,2.5384120631898197,2.6668223723669175,2.520502155135898,2.6847322804208393,2.5174715321110916,2.6877629034456456,2.505031687711806,2.7002027478449313,2.5019692270302203,2.703265208526517
N_params_B,0.7,149,Q_x_logN_logD,2.5792,2.565031380945585,0.014168619054415021,2.5022913458957206,2.6277714159954497,2.500826226357036,2.629236535534134,2.4829163183031144,2.647146443588056,2.479885695278308,2.650177066612862,2.4674458508790225,2.662616911012148,2.464383390197437,2.6656793716937335
N_params_B,0.7,398,Q_x_logN_logD,2.5359,2.5274455441128016,0.008454455887198176,2.464705509062937,2.5901855791626662,2.4632403895242527,2.5916506987013506,2.445330481470331,2.6095606067552723,2.4422998584455247,2.6125912297800786,2.429860014046239,2.6250310741793643,2.4267975533646533,2.62809353486095
N_params_B,0.7,150,Q_x_logN_logD,2.4842,2.489859707280018,-0.005659707280018189,2.4271196722301536,2.5525997423298827,2.4256545526914692,2.554064861868567,2.4077446446375474,2.571974769922489,2.404714021612741,2.575005392947295,2.3922741772134555,2.587445237346581,2.38921171653187,2.5905076980281665
N_params_B,0.7,399,Q_x_logN_logD,2.4237,2.4522738704472347,-0.028573870447234473,2.38953383539737,2.5150139054970992,2.3880687158586857,2.5164790250357836,2.370158807804764,2.5343889330897054,2.3671281847799577,2.5374195561145116,2.354688340380672,2.5498594005137973,2.3516258796990863,2.552921861195383
N_params_B,0.7,151,Q_x_logN_logD,2.4416,2.4146880336144507,0.02691196638554949,2.351947998564586,2.4774280686643153,2.350482879025902,2.4788931882029996,2.33257297097198,2.4968030962569214,2.3295423479471737,2.4998337192817277,2.317102503547888,2.5122735636810134,2.3140400428663024,2.515336024362599
N_params_B,0.7,152,Q_x_logN_logD,2.4128,2.3771021967816672,0.0356978032183326,2.3143621617318026,2.439842231831532,2.3128970421931183,2.441307351370216,2.2949871341391965,2.459217259424138,2.2919565111143902,2.462247882448944,2.2795166667151046,2.47468772684823,2.276454206033519,2.4777501875298156
N_params_B,0.7,153,Q_x_logN_logD,2.3149,2.3395163599488837,-0.02461635994888356,2.276776324899019,2.4022563949987483,2.275311205360335,2.4037215145374327,2.257401297306413,2.4216314225913544,2.2543706742816068,2.4246620456161607,2.241930829882321,2.4371018900154464,2.2388683692007354,2.440164350697032
N_params_B,0.7,154,Q_x_logN_logD,2.5974,2.6263532890801438,-0.02895328908014383,2.563613254030279,2.6890933241300083,2.562148134491595,2.6905584436686927,2.544238226437673,2.7084683517226145,2.5412076034128668,2.7114989747474207,2.528767759013581,2.7239388191467064,2.5257052983319954,2.727001279828292
N_params_B,0.7,155,Q_x_logN_logD,2.5998,2.589910007337381,0.00988999266261903,2.5271699722875165,2.6526500423872457,2.525704852748832,2.65411516192593,2.5077949446949104,2.672025069979852,2.504764321670104,2.675055693004658,2.4923244772708184,2.6874955374039438,2.4892620165892327,2.6905579980855294
N_params_B,0.7,156,Q_x_logN_logD,2.5611,2.553466725594619,0.007633274405381307,2.4907266905447543,2.6162067606444834,2.48926157100607,2.6176718801831678,2.471351662952148,2.6355817882370896,2.468321039927342,2.638612411261896,2.455881195528056,2.6510522556611815,2.4528187348464705,2.654114716342767
N_params_B,0.7,157,Q_x_logN_logD,2.5225,2.517023443851856,0.005476556148143796,2.4542834088019916,2.5797634789017208,2.4528182892633072,2.581228598440405,2.4349083812093855,2.599138506494327,2.431877758184579,2.602169129519133,2.4194379137852935,2.614608973918419,2.416375453103708,2.6176714346000045
N_params_B,0.7,400,Q_x_logN_logD,2.4897,2.4805801621090935,0.009119837890906535,2.417840127059229,2.543320197158958,2.4163750075205446,2.5447853166976424,2.398465099466623,2.562695224751564,2.3954344764418165,2.5657258477763705,2.382994632042531,2.578165692175656,2.379932171360945,2.581228152857242
N_params_B,0.7,158,Q_x_logN_logD,2.51,2.4441368803663313,0.06586311963366853,2.3813968453164667,2.506876915416196,2.3799317257777823,2.50834203495488,2.3620218177238606,2.526251943008802,2.3589911946990543,2.5292825660336082,2.3465513502997686,2.541722410432894,2.343488889618183,2.5447848711144796
N_params_B,0.7,401,Q_x_logN_logD,2.48,2.4076935986235686,0.0723064013764314,2.344953563573704,2.470433633673433,2.3434884440350197,2.4718987532121175,2.325578535981098,2.4898086612660393,2.3225479129562916,2.4928392842908456,2.310108068557006,2.5052791286901313,2.3070456078754202,2.508341589371717
N_params_B,0.7,159,Q_x_logN_logD,2.4421,2.371250316880806,0.07084968311919404,2.3085102818309413,2.4339903519306705,2.307045162292257,2.435455471469355,2.289135254238335,2.4533653795232766,2.286104631213529,2.456396002548083,2.273664786814243,2.4688358469473686,2.2706023261326576,2.4718983076289542
N_params_B,0.7,160,Q_x_logN_logD,2.2624,2.3348070351380437,-0.0724070351380437,2.272067000088179,2.3975470701879082,2.2706018805494947,2.3990121897265926,2.252691972495573,2.4169220977805144,2.2496613494707667,2.4199527208053206,2.237221505071481,2.4323925652046063,2.2341590443898953,2.435455025886192
N_params_B,0.7,161,Q_x_logN_logD,2.3039,2.298363753395281,0.005536246604719075,2.2356237183454164,2.3611037884451456,2.234158598806732,2.36256890798383,2.2162486907528103,2.3804788160377517,2.213218067728004,2.383509439062558,2.2007782233287183,2.3959492834618437,2.1977157626471326,2.3990117441434293
N_params_B,1.0,162,Q_x_logN_logD,3.0483,3.073068635844913,-0.024768635844913067,3.011172316766739,3.134964954923087,3.007381884657026,3.1387553870327998,2.9934781021804486,3.152659169509377,2.9929634119487902,3.1531738597410355,2.977890228759785,3.168247042930041,2.975887113043465,3.1702501586463607
N_params_B,1.0,163,Q_x_logN_logD,2.968,3.0315428674317912,-0.06354286743179127,2.969646548353617,3.0934391865099653,2.9658561162439043,3.097229618619678,2.951952333767327,3.1111334010962555,2.9514376435356686,3.111648091327914,2.936364460346663,3.1267212745169193,2.9343613446303434,3.128724390233239
N_params_B,1.0,164,Q_x_logN_logD,2.8948,2.9900170990186696,-0.0952170990186696,2.9281207799404956,3.0519134180968437,2.9243303478307827,3.0557038502065565,2.9104265653542054,3.069607632683134,2.909911875122547,3.0701223229147923,2.8948386919335416,3.0851955061037977,2.8928355762172218,3.0871986218201175
N_params_B,1.0,165,Q_x_logN_logD,2.8223,2.948491330605548,-0.1261913306055482,2.886595011527374,3.010387649683722,2.882804579417661,3.014178081793435,2.868900796941084,3.0280818642700122,2.8683861067094254,3.0285965545016706,2.85331292352042,3.043669737690676,2.8513098078041,3.045672853406996
N_params_B,1.0,402,Q_x_logN_logD,2.848,2.9069655621924264,-0.058965562192426546,2.8450692431142524,2.9688618812706005,2.8412788110045395,2.9726523133803133,2.827375028527962,2.9865560958568906,2.826860338296304,2.987070786088549,2.8117871551072984,3.0021439692775544,2.8097840393909785,3.0041470849938743
N_params_B,1.0,166,Q_x_logN_logD,2.8442,2.865439793779305,-0.02123979377930496,2.8035434747011307,2.927336112857479,2.799753042591418,2.9311265449671917,2.7858492601148406,2.945030327443769,2.785334569883182,2.9455450176754274,2.7702613866941768,2.960618200864433,2.768258270977857,2.9626213165807527
N_params_B,1.0,403,Q_x_logN_logD,2.8028,2.823914025366183,-0.02111402536618323,2.762017706288009,2.8858103444443572,2.7582272741782963,2.88960077655407,2.744323491701719,2.9035045590306474,2.7438088014700606,2.904019249262306,2.728735618281055,2.9190924324513112,2.7267325025647353,2.921095548167631
N_params_B,1.0,167,Q_x_logN_logD,2.7546,2.7823882569530616,-0.02778825695306164,2.7204919378748875,2.8442845760312356,2.7167015057651747,2.8480750081409485,2.7027977232885974,2.861978790617526,2.702283033056939,2.862493480849184,2.6872098498679335,2.8775666640381896,2.6852067341516137,2.8795697797545095
N_params_B,1.0,168,Q_x_logN_logD,2.7505,2.74086248853994,0.0096375114600602,2.678966169461766,2.802758807618114,2.675175737352053,2.806549239727827,2.6612719548754757,2.820453022204404,2.6607572646438173,2.8209677124360626,2.645684081454812,2.836040895625068,2.643680965738492,2.838044011341388
N_params_B,1.0,169,Q_x_logN_logD,2.6827,2.6993367201268184,-0.016636720126818272,2.6374404010486443,2.7612330392049924,2.6336499689389314,2.7650234713147053,2.619746186462354,2.7789272537912826,2.6192314962306957,2.779441944022941,2.6041583130416903,2.7945151272119464,2.6021551973253705,2.7965182429282662
N_params_B,1.0,170,Q_x_logN_logD,2.8264,2.7989805350742367,0.027419464925763304,2.7370842159960627,2.8608768541524108,2.73329378388635,2.8646672862621236,2.7193900014097725,2.878571068738701,2.718875311178114,2.8790857589703593,2.7038021279891087,2.8941589421593648,2.701799012272789,2.8961620578756846
N_params_B,1.0,171,Q_x_logN_logD,2.8076,2.760312692567579,0.04728730743242071,2.698416373489405,2.822209011645753,2.6946259413796922,2.825999443755466,2.680722158903115,2.8399032262320434,2.6802074686714565,2.840417916463702,2.665134285482451,2.855491099652707,2.6631311697661313,2.857494215369027
N_params_B,1.0,172,Q_x_logN_logD,2.6823,2.721644850060922,-0.03934485006092192,2.659748530982748,2.783541169139096,2.655958098873035,2.787331601248809,2.642054316396458,2.8012353837253863,2.6415396261647994,2.8017500739570447,2.626466442975794,2.81682325714605,2.624463327259474,2.81882637286237
N_params_B,1.0,173,Q_x_logN_logD,2.6528,2.6829770075542645,-0.030177007554264446,2.6210806884760904,2.7448733266324385,2.6172902563663776,2.7486637587421514,2.6033864738898003,2.7625675412187287,2.602871783658142,2.763082231450387,2.5877986004691365,2.7781554146393925,2.5857954847528166,2.7801585303557124
N_params_B,1.0,404,Q_x_logN_logD,2.6594,2.644309165047607,0.015090834952393273,2.582412845969433,2.706205484125781,2.57862241385972,2.709995916235494,2.5647186313831427,2.723899698712071,2.5642039411514843,2.7244143889437296,2.549130757962479,2.739487572132735,2.547127642246159,2.741490687849055
N_params_B,1.0,174,Q_x_logN_logD,2.6707,2.6056413225409494,0.0650586774590507,2.5437450034627753,2.6675376416191234,2.5399545713530625,2.6713280737288363,2.526050788876485,2.6852318562054136,2.5255360986448268,2.685746546437072,2.5104629154558213,2.7008197296260774,2.5084597997395015,2.7028228453423973
N_params_B,1.0,405,Q_x_logN_logD,2.5754,2.566973480034292,0.008426519965708312,2.5050771609561178,2.628869799112466,2.501286728846405,2.6326602312221787,2.4873829463698276,2.646564013698756,2.486868256138169,2.6470787039304144,2.471795072949164,2.66215188711942,2.469791957232844,2.6641550028357397
N_params_B,1.0,175,Q_x_logN_logD,2.4922,2.5283056375276347,-0.03610563752763474,2.4664093184494607,2.5902019566058088,2.462618886339748,2.5939923887155216,2.4487151038631705,2.607896171192099,2.448200413631512,2.6084108614237573,2.4331272304425067,2.6234840446127627,2.431124114726187,2.6254871603290826
N_params_B,1.0,176,Q_x_logN_logD,2.5805,2.489637795020977,0.09086220497902264,2.427741475942803,2.551534114099151,2.4239510438330902,2.555324546208864,2.410047261356513,2.5692283286854414,2.4095325711248545,2.5697430189170998,2.394459387935849,2.584816202106105,2.3924562722195293,2.586819317822425
N_params_B,1.0,177,Q_x_logN_logD,2.5615,2.4509699525143196,0.11053004748568052,2.3890736334361455,2.5128662715924936,2.3852832013264327,2.5166567037022065,2.3713794188498554,2.530560486178784,2.370864728618197,2.531075176410442,2.3557915454291916,2.5461483595994476,2.3537884297128717,2.5481514753157675
N_params_B,1.0,178,Q_x_logN_logD,2.6482,2.6752547859248432,-0.027054785924843117,2.613358466846669,2.7371511050030173,2.6095680347369563,2.74094153711273,2.595664252260379,2.7548453195893075,2.5951495620287206,2.755360009820966,2.580076378839715,2.7704331930099713,2.5780732631233954,2.772436308726291
N_params_B,1.0,179,Q_x_logN_logD,2.6343,2.6385377813453204,-0.004237781345320268,2.5766414622671463,2.7004341004234944,2.5728510301574334,2.7042245325332073,2.558947247680856,2.7181283150097846,2.5584325574491977,2.718643005241443,2.5433593742601923,2.7337161884304484,2.5413562585438725,2.7357193041467682
N_params_B,1.0,180,Q_x_logN_logD,2.6133,2.601820776765797,0.01147922323420314,2.539924457687623,2.663717095843971,2.53613402557791,2.667507527953684,2.522230243101333,2.6814113104302613,2.5217155528696744,2.6819260006619197,2.506642369680669,2.696999183850925,2.504639253964349,2.699002299567245
N_params_B,1.0,181,Q_x_logN_logD,2.5016,2.565103772186274,-0.06350377218627434,2.5032074531081,2.6270000912644482,2.4994170209983873,2.630790523374161,2.48551323852181,2.6446943058507384,2.4849985482901515,2.645208996082397,2.469925365101146,2.660282179271402,2.4679222493848263,2.662285294987722
N_params_B,1.0,406,Q_x_logN_logD,2.5142,2.528386767606751,-0.014186767606750639,2.466490448528577,2.590283086684925,2.462700016418864,2.5940735187946378,2.4487962339422866,2.607977301271215,2.4482815437106282,2.6084919915028735,2.433208360521623,2.623565174691879,2.431205244805303,2.6255682904081987
N_params_B,1.0,182,Q_x_logN_logD,2.5859,2.491669763027228,0.09423023697277211,2.429773443949054,2.553566082105402,2.425983011839341,2.557356514215115,2.4120792293627638,2.571260296691692,2.4115645391311054,2.5717749869233506,2.3964913559421,2.586848170112356,2.39448824022578,2.588851285828676
N_params_B,1.0,407,Q_x_logN_logD,2.4391,2.4549527584477047,-0.01585275844770484,2.3930564393695306,2.5168490775258787,2.3892660072598177,2.5206395096355916,2.3753622247832404,2.534543292112169,2.374847534551582,2.5350579823438273,2.3597743513625766,2.5501311655328327,2.357771235646257,2.5521342812491525
N_params_B,1.0,183,Q_x_logN_logD,2.3211,2.418235753868182,-0.09713575386818185,2.3563394347900077,2.480132072946356,2.352549002680295,2.4839225050560687,2.3386452202037176,2.497826287532646,2.338130529972059,2.4983409777643044,2.3230573467830538,2.51341416095331,2.321054231066734,2.5154172766696297
N_params_B,1.0,184,Q_x_logN_logD,2.3833,2.3815187492886585,0.0017812507113417198,2.3196224302104844,2.4434150683668325,2.3158319981007716,2.4472055004765454,2.3019282156241943,2.4611092829531227,2.301413525392536,2.461623973184781,2.2863403422035304,2.4766971563737865,2.2843372264872106,2.4787002720901063
N_params_B,1.0,185,Q_x_logN_logD,2.334,2.3448017447091356,-0.01080174470913553,2.2829054256309615,2.4066980637873097,2.2791149935212487,2.4104884958970225,2.2652112110446714,2.4243922783736,2.264696520813013,2.4249069686052582,2.2496233376240076,2.4399801517942636,2.2476202219076877,2.4419832675105835
N_params_B,1.0,186,Q_x_logN_logD,2.6943,2.614987286640489,0.07931271335951129,2.553090967562315,2.676883605718663,2.549300535452602,2.6806740378283758,2.5353967529760246,2.694577820304953,2.5348820627443662,2.6950925105366115,2.519808879555361,2.710165693725617,2.517805763839041,2.7121688094419367
N_params_B,1.0,187,Q_x_logN_logD,2.5728,2.5795011237535905,-0.006701123753590554,2.5176048046754165,2.6413974428317646,2.5138143725657036,2.6451878749414774,2.4999105900891263,2.6590916574180548,2.499395899857468,2.659606347649713,2.4843227166684625,2.6746795308387186,2.4823196009521427,2.6766826465550384
N_params_B,1.0,188,Q_x_logN_logD,2.4688,2.544014960866692,-0.07521496086669233,2.482118641788518,2.6059112799448663,2.4783282096788053,2.609701712054579,2.464424427202228,2.6236054945311564,2.4639097369705696,2.624120184762815,2.448836553781564,2.6391933679518202,2.4468334380652443,2.64119648366814
N_params_B,1.0,189,Q_x_logN_logD,2.5249,2.508528797979794,0.016371202020206255,2.44663247890162,2.570425117057968,2.442842046791907,2.574215549167681,2.4289382643153297,2.588119331644258,2.4284235740836713,2.5886340218759165,2.413350390894666,2.603707205064922,2.411347275178346,2.6057103207812418
N_params_B,1.0,408,Q_x_logN_logD,2.4767,2.4730426350928956,0.0036573649071045544,2.4111463160147215,2.5349389541710696,2.4073558839050087,2.5387293862807825,2.3934521014284313,2.55263316875736,2.392937411196773,2.553147858989018,2.3778642280077675,2.5682210421780236,2.3758611122914477,2.5702241578943434
N_params_B,1.0,190,Q_x_logN_logD,2.4469,2.4375564722059972,0.009343527794002604,2.375660153127823,2.4994527912841713,2.3718697210181103,2.503243223393884,2.357965938541533,2.5171470058704615,2.3574512483098746,2.51766169610212,2.342378065120869,2.5327348792911253,2.3403749494045494,2.534737995007445
N_params_B,1.0,409,Q_x_logN_logD,2.4565,2.402070309319099,0.0544296906809012,2.340173990240925,2.463966628397273,2.336383558131212,2.467757060506986,2.3224797756546347,2.481660842983563,2.3219650854229763,2.4821755332152216,2.306891902233971,2.497248716404227,2.304888786517651,2.499251832120547
N_params_B,1.0,191,Q_x_logN_logD,2.4239,2.3665841464322006,0.05731585356779956,2.3046878273540266,2.4284804655103747,2.3008973952443137,2.4322708976200875,2.2869936127677364,2.446174680096665,2.286478922536078,2.4466893703283232,2.2714057393470726,2.4617625535173286,2.2694026236307527,2.4637656692336485
N_params_B,1.0,192,Q_x_logN_logD,2.2509,2.3310979835453023,-0.08019798354530216,2.2692016644671282,2.3929943026234763,2.2654112323574154,2.396784734733189,2.251507449880838,2.4106885172097665,2.2509927596491797,2.411203207441425,2.2359195764601743,2.4262763906304303,2.2339164607438544,2.42827950634675
N_params_B,1.0,193,Q_x_logN_logD,2.342,2.295611820658404,0.046388179341596114,2.23371550158023,2.357508139736578,2.229925069470517,2.361298571846291,2.2160212869939397,2.375202354322868,2.2155065967622813,2.3757170445545266,2.200433413573276,2.390790227743532,2.198430297856956,2.392793343459852
N_params_B,1.0,194,Q_x_logN_logD,2.6008,2.5650676931752083,0.03573230682479167,2.5031713740970343,2.6269640122533824,2.4993809419873214,2.6307544443630952,2.485477159510744,2.6446582268396726,2.4849624692790857,2.645172917071331,2.4698892860900803,2.6602461002603364,2.4678861703737605,2.662249215976656
N_params_B,1.0,195,Q_x_logN_logD,2.4894,2.530812371980935,-0.04141237198093517,2.468916052902761,2.592708691059109,2.465125620793048,2.596499123168822,2.451221838316471,2.6104029056453992,2.4507071480848124,2.6109175958770576,2.435633964895807,2.625990779066063,2.433630849179487,2.627993894782383
N_params_B,1.0,196,Q_x_logN_logD,2.4439,2.4965570507866612,-0.05265705078666105,2.434660731708487,2.5584533698648353,2.4308702995987743,2.562243801974548,2.416966517122197,2.5761475844511255,2.4164518268905386,2.576662274682784,2.401378643701533,2.5917354578717893,2.3993755279852134,2.593738573588109
N_params_B,1.0,197,Q_x_logN_logD,2.4229,2.462301729592388,-0.03940172959238808,2.400405410514214,2.524198048670562,2.396614978404501,2.527988480780275,2.3827111959279237,2.541892263256852,2.3821965056962653,2.5424069534885105,2.36712332250726,2.557480136677516,2.36512020679094,2.559483252393836
N_params_B,1.0,410,Q_x_logN_logD,2.4351,2.428046408398114,0.007053591601885678,2.36615008931994,2.489942727476288,2.3623596572102272,2.493733159586001,2.34845587473365,2.5076369420625784,2.3479411845019915,2.5081516322942368,2.332868001312986,2.523224815483242,2.3308648855966663,2.525227931199562
N_params_B,1.0,198,Q_x_logN_logD,2.4336,2.393791087203841,0.03980891279615939,2.3318947681256668,2.455687406282015,2.328104336015954,2.4594778383917277,2.3142005535393766,2.473381620868305,2.313685863307718,2.4738963110999634,2.298612680118713,2.488969494288969,2.296609564402393,2.4909726100052887
N_params_B,1.0,411,Q_x_logN_logD,2.359,2.359535766009567,-0.0005357660095670624,2.297639446931393,2.421432085087741,2.29384901482168,2.425222517197454,2.279945232345103,2.4391262996740313,2.2794305421134444,2.4396409899056897,2.264357358924439,2.454714173094695,2.262354243208119,2.456717288811015
N_params_B,1.0,199,Q_x_logN_logD,2.3549,2.3252804448152937,0.029619555184706492,2.2633841257371197,2.387176763893468,2.259593693627407,2.3909671960031806,2.2456899111508295,2.404870978479758,2.245175220919171,2.4053856687114163,2.2301020377301657,2.4204588519004218,2.228098922013846,2.4224619676167416
N_params_B,1.0,200,Q_x_logN_logD,2.2636,2.29102512362102,-0.02742512362102012,2.229128804542846,2.352921442699194,2.225338372433133,2.356711874808907,2.2114345899565557,2.370615657285484,2.2109198997248973,2.3711303475171426,2.195846716535892,2.386203530706148,2.193843600819572,2.388206646422468
N_params_B,1.0,201,Q_x_logN_logD,2.2915,2.2567698024267466,0.03473019757325346,2.1948734833485726,2.3186661215049207,2.1910830512388597,2.3224565536146335,2.1771792687622824,2.336360336091211,2.176664578530624,2.3368750263228693,2.1615913953416186,2.3519482095118747,2.1595882796252988,2.3539513252281945
N_params_B,2.8,202,Q_x_logN_logD,2.9592,2.901644581594888,0.057555418405112135,2.8390582992085904,2.9642308639811854,2.834251268887305,2.969037894302471,2.8206958536450717,2.982593309544704,2.8204645662799046,2.9828245969098712,2.8070426831866406,2.996246480003135,2.8054834422589607,2.997805720930815
N_params_B,2.8,203,Q_x_logN_logD,2.8431,2.8678662651826166,-0.024766265182616376,2.805279982796319,2.930452547568914,2.8004729524750336,2.9352595778901995,2.7869175372328003,2.948814993132433,2.7866862498676332,2.9490462804976,2.7732643667743693,2.962468163590864,2.7717051258466894,2.9640274045185437
N_params_B,2.8,204,Q_x_logN_logD,2.8867,2.8340879487703456,0.05261205122965418,2.771501666384048,2.896674231156643,2.7666946360627627,2.9014812614779286,2.7531392208205294,2.915036676720162,2.7529079334553623,2.915267964085329,2.7394860503620984,2.928689847178593,2.7379268094344185,2.930249088106273
N_params_B,2.8,205,Q_x_logN_logD,2.771,2.8003096323580743,-0.029309632358074378,2.737723349971777,2.8628959147443718,2.7329163196504913,2.8677029450656573,2.719360904408258,2.8812583603078905,2.719129617043091,2.8814896476730576,2.705707733949827,2.8949115307663216,2.704148493022147,2.8964707716940015
N_params_B,2.8,412,Q_x_logN_logD,2.7452,2.7665313159458034,-0.021331315945803286,2.703945033559506,2.829117598332101,2.6991380032382204,2.8339246286533863,2.685582587995987,2.8474800438956196,2.68535130063082,2.8477113312607867,2.671929417537556,2.8611332143540507,2.670370176609876,2.8626924552817306
N_params_B,2.8,206,Q_x_logN_logD,2.7064,2.732752999533532,-0.026352999533532095,2.6701667171472345,2.7953392819198295,2.665359686825949,2.800146312241115,2.651804271583716,2.8137017274833482,2.6515729842185487,2.8139330148485153,2.6381511011252847,2.8273548979417793,2.636591860197605,2.828914138869459
N_params_B,2.8,413,Q_x_logN_logD,2.671,2.698974683121261,-0.02797468312126128,2.6363884007349636,2.7615609655075586,2.631581370413678,2.766367995828844,2.618025955171445,2.7799234110710773,2.617794667806278,2.7801546984362444,2.604372784713014,2.7935765815295084,2.602813543785334,2.7951358224571883
N_params_B,2.8,207,Q_x_logN_logD,2.651,2.6651963667089897,-0.014196366708989938,2.6026100843226923,2.7277826490952872,2.5978030540014068,2.7325896794165727,2.5842476387591735,2.746145094658806,2.5840163513940064,2.746376382023973,2.5705944683007425,2.759798265117237,2.5690352273730626,2.761357506044917
N_params_B,2.8,208,Q_x_logN_logD,2.6397,2.631418050296719,0.00828194970328111,2.5688317679104213,2.6940043326830163,2.564024737589136,2.698811363004302,2.5504693223469026,2.712366778246535,2.5502380349817355,2.712598065611702,2.5368161518884715,2.726019948704966,2.5352569109607916,2.727579189632646
N_params_B,2.8,209,Q_x_logN_logD,2.484,2.5976397338844475,-0.11363973388444748,2.53505345149815,2.660226016270745,2.5302464211768645,2.6650330465920304,2.5166910059346312,2.6785884618342637,2.516459718569464,2.6788197491994308,2.5030378354762,2.6922416322926948,2.5014785945485203,2.6938008732203746
N_params_B,2.8,210,Q_x_logN_logD,2.5785,2.6381672682812605,-0.059667268281260455,2.575580985894963,2.700753550667558,2.5707739555736775,2.7055605809888434,2.5572185403314442,2.7191159962310767,2.556987252966277,2.719347283596244,2.543565369873013,2.7327691666895078,2.5420061289453333,2.7343284076171877
N_params_B,2.8,211,Q_x_logN_logD,2.4874,2.6065758340041096,-0.11917583400410958,2.543989551617812,2.669162116390407,2.5391825212965267,2.6739691467116926,2.5256271060542934,2.687524561953926,2.5253958186891263,2.687755849319093,2.5119739355958624,2.701177732412357,2.5104146946681825,2.702736973340037
N_params_B,2.8,212,Q_x_logN_logD,2.5971,2.574984399726959,0.02211560027304138,2.5123981173406613,2.6375706821132563,2.507591087019376,2.642377712434542,2.4940356717771426,2.655933127676775,2.4938043844119755,2.656164415041942,2.4803825013187115,2.669586298135206,2.4788232603910316,2.671145539062886
N_params_B,2.8,213,Q_x_logN_logD,2.5963,2.5433929654498084,0.05290703455019141,2.480806683063511,2.605979247836106,2.4759996527422254,2.6107862781573914,2.462444237499992,2.6243416933996246,2.462212950134825,2.6245729807647917,2.448791067041561,2.6379948638580557,2.4472318261138812,2.6395541047857356
N_params_B,2.8,414,Q_x_logN_logD,2.5569,2.5118015311726576,0.045098468827342586,2.44921524878636,2.574387813558955,2.4444082184650746,2.5791948438802406,2.4308528032228414,2.592750259122474,2.4306215158576743,2.592981546487641,2.4171996327644103,2.606403429580905,2.4156403918367304,2.6079626705085848
N_params_B,2.8,214,Q_x_logN_logD,2.5446,2.4802100968955068,0.06438990310449322,2.4176238145092093,2.5427963792818042,2.412816784187924,2.5476034096030897,2.3992613689456905,2.561158824845323,2.3990300815805234,2.56139011221049,2.3856081984872595,2.574811995303754,2.3840489575595796,2.576371236231434
N_params_B,2.8,415,Q_x_logN_logD,2.4459,2.448618662618356,-0.0027186626183559603,2.3860323802320584,2.5112049450046534,2.381225349910773,2.516011975325939,2.3676699346685397,2.529567390568172,2.3674386473033726,2.5297986779333392,2.3540167642101086,2.543220561026603,2.3524575232824287,2.544779801954283
N_params_B,2.8,215,Q_x_logN_logD,2.3227,2.417027228341205,-0.09432722834120488,2.3544409459549076,2.4796135107275026,2.349633915633622,2.484420541048788,2.336078500391389,2.4979759562910213,2.335847213026222,2.4982072436561884,2.322425329932958,2.5116291267494524,2.320866089005278,2.5131883676771323
N_params_B,2.8,216,Q_x_logN_logD,2.3871,2.3854357940640543,0.0016642059359459616,2.3228495116777568,2.4480220764503517,2.3180424813564713,2.4528291067716372,2.304487066114238,2.4663845220138705,2.304255778749071,2.4666158093790376,2.290833895655807,2.4800376924723015,2.289274654728127,2.4815969333999814
N_params_B,2.8,217,Q_x_logN_logD,2.2984,2.3538443597869034,-0.05544435978690343,2.291258077400606,2.416430642173201,2.2864510470793205,2.4212376724944864,2.272895631837087,2.4347930877367197,2.27266434447192,2.4350243751018867,2.259242461378656,2.4484462581951507,2.2576832204509762,2.4500054991228306
N_params_B,2.8,218,Q_x_logN_logD,2.4446,2.5147932775289115,-0.07019327752891158,2.452206995142614,2.577379559915209,2.4473999648213285,2.5821865902364944,2.4338445495790952,2.5957420054787277,2.433613262213928,2.5959732928438948,2.420191379120664,2.6093951759371588,2.4186321381929843,2.6109544168648386
N_params_B,2.8,219,Q_x_logN_logD,2.4506,2.4846946225438042,-0.03409462254380413,2.4221083401575068,2.5472809049301017,2.4173013098362213,2.552087935251387,2.403745894593988,2.5656433504936205,2.403514607228821,2.5658746378587876,2.390092724135557,2.5792965209520515,2.388533483207877,2.5808557618797314
N_params_B,2.8,220,Q_x_logN_logD,2.3889,2.4545959675586975,-0.06569596755869744,2.3920096851724,2.517182249944995,2.3872026548511145,2.5219892802662804,2.3736472396088812,2.5355446955085137,2.373415952243714,2.535775982873681,2.35999406915045,2.5491978659669448,2.3584348282227703,2.5507571068946246
N_params_B,2.8,221,Q_x_logN_logD,2.5101,2.4244973125735907,0.08560268742640931,2.361911030187293,2.487083594959888,2.3571039998660077,2.4918906252811737,2.3435485846237745,2.505446040523407,2.3433172972586074,2.505677327888574,2.3298954141653434,2.519099210981838,2.3283361732376635,2.520658451909518
N_params_B,2.8,416,Q_x_logN_logD,2.4226,2.3943986575884835,0.028201342411516617,2.331812375202186,2.456984939974781,2.3270053448809005,2.4617919702960664,2.3134499296386672,2.4753473855382997,2.3132186422735,2.475578672903467,2.299796759180236,2.4890005559967308,2.2982375182525563,2.4905597969244107
N_params_B,2.8,222,Q_x_logN_logD,2.2938,2.3643000026033767,-0.07050000260337663,2.301713720217079,2.426886284989674,2.2969066898957937,2.4316933153109597,2.2833512746535605,2.445248730553193,2.2831199872883934,2.44548001791836,2.2696981041951294,2.458901901011624,2.2681388632674495,2.460461141939304
N_params_B,2.8,417,Q_x_logN_logD,2.2944,2.33420134761827,-0.03980134761826992,2.2716150652319724,2.3967876300045674,2.266808034910687,2.401594660325853,2.2532526196684537,2.415150075568086,2.2530213323032866,2.4153813629332532,2.2395994492100226,2.428803246026517,2.2380402082823427,2.430362486954197
N_params_B,2.8,223,Q_x_logN_logD,2.2577,2.304102692633163,-0.04640269263316332,2.2415164102468657,2.3666889750194606,2.23670937992558,2.371496005340746,2.223153964683347,2.3850514205829794,2.22292267731818,2.3852827079481465,2.209500794224916,2.3987045910414104,2.207941553297236,2.4002638319690903
N_params_B,2.8,224,Q_x_logN_logD,2.2652,2.274004037648056,-0.008804037648055818,2.2114177552617584,2.3365903200343534,2.206610724940473,2.341397350355639,2.1930553096982397,2.354952765597872,2.1928240223330726,2.3551840529630392,2.1794021392398086,2.368605936056303,2.1778428983121287,2.370165176983983
N_params_B,2.8,225,Q_x_logN_logD,2.2464,2.243905382662949,0.0024946173370508085,2.1813191002766517,2.3064916650492466,2.176512069955366,2.311298695370532,2.162956654713133,2.3248541106127654,2.162725367347966,2.3250853979779325,2.149303484254702,2.3385072810711964,2.147744243327022,2.3400665219988763
N_params_B,2.8,226,Q_x_logN_logD,2.446,2.4535551948566576,-0.0075551948566574545,2.39096891247036,2.516141477242955,2.3861618821490747,2.5209485075642406,2.3726064669068414,2.534503922806474,2.3723751795416743,2.534735210171641,2.3589532964484103,2.548157093264905,2.3573940555207304,2.549716334192585
N_params_B,2.8,227,Q_x_logN_logD,2.3643,2.4243983787424166,-0.060098378742416525,2.361812096356119,2.486984661128714,2.3570050660348336,2.4917916914499996,2.3434496507926004,2.505347106692233,2.3432183634274333,2.5055783940574,2.3297964803341693,2.519000277150664,2.3282372394064894,2.5205595180783438
N_params_B,2.8,228,Q_x_logN_logD,2.3988,2.3952415626281756,0.0035584373718244855,2.332655280241878,2.457827845014473,2.3278482499205926,2.4626348753357585,2.3142928346783593,2.476190290577992,2.3140615473131922,2.476421577943159,2.3006396642199283,2.489843461036423,2.2990804232922484,2.4914027019641027
N_params_B,2.8,229,Q_x_logN_logD,2.3719,2.366084746513934,0.005815253486066041,2.3034984641276366,2.4286710289002316,2.298691433806351,2.433478059221517,2.285136018564118,2.4470334744637503,2.2849047311989508,2.4472647618289174,2.271482848105687,2.4606866449221814,2.269923607178007,2.4622458858498613
N_params_B,2.8,418,Q_x_logN_logD,2.3363,2.336927930399693,-0.0006279303996929997,2.2743416480133956,2.3995142127859905,2.26953461769211,2.404321243107276,2.255979202449877,2.4178766583495093,2.2557479150847097,2.4181079457146764,2.2423260319914458,2.4315298288079403,2.240766791063766,2.4330890697356202
N_params_B,2.8,230,Q_x_logN_logD,2.3342,2.307771114285452,0.026428885714548045,2.2451848318991545,2.3703573966717495,2.240377801577869,2.375164426993035,2.226822386335636,2.3887198422352682,2.2265910989704687,2.3889511296004353,2.2131692158772047,2.4023730126936993,2.211609974949525,2.403932253621379
N_params_B,2.8,419,Q_x_logN_logD,2.2804,2.278614298171211,0.0017857018287892323,2.2160280157849135,2.3412005805575085,2.211220985463628,2.346007610878794,2.1976655702213947,2.359563026121027,2.1974342828562277,2.3597943134861943,2.1840123997629637,2.3732161965794583,2.182453158835284,2.374775437507138
N_params_B,2.8,231,Q_x_logN_logD,2.2389,2.24945748205697,-0.010557482056969825,2.1868711996706724,2.3120437644432674,2.182064169349387,2.316850794764553,2.1685087541071537,2.330406210006786,2.1682774667419866,2.3306374973719532,2.1548555836487227,2.3440593804652172,2.1532963427210428,2.345618621392897
N_params_B,2.8,232,Q_x_logN_logD,2.2601,2.220300665942729,0.039799334057271096,2.1577143835564314,2.2828869483290264,2.152907353235146,2.287693978650312,2.1393519379929127,2.301249393892545,2.1391206506277456,2.301480681257712,2.1256987675344816,2.314902564350976,2.1241395266068017,2.316461805278656
N_params_B,2.8,233,Q_x_logN_logD,2.1271,2.191143849828488,-0.06404384982848788,2.1285575674421904,2.2537301322147854,2.123750537120905,2.258537162536071,2.1101951218786716,2.272092577778304,2.1099638345135046,2.272323865143471,2.0965419514202406,2.285745748236735,2.0949827104925607,2.287304989164415
N_params_B,2.8,234,Q_x_logN_logD,2.4515,2.402291073623346,0.04920892637665375,2.3397047912370486,2.4648773560096435,2.334897760915763,2.469684386330929,2.32134234567353,2.4832398015731623,2.3211110583083627,2.4834710889383294,2.3076891752150988,2.4968929720315933,2.306129934287419,2.498452212959273
N_params_B,2.8,235,Q_x_logN_logD,2.4042,2.3740760963799707,0.030123903620029147,2.3114898139936733,2.4366623787662682,2.3066827836723878,2.4414694090875537,2.2931273684301545,2.455024824329787,2.2928960810649874,2.455256111694954,2.2794741979717235,2.468677994788218,2.2779149570440436,2.470237235715898
N_params_B,2.8,236,Q_x_logN_logD,2.3538,2.3458611191365955,0.007938880863404663,2.283274836750298,2.408447401522893,2.2784678064290125,2.4132544318441784,2.2649123911867792,2.4268098470864117,2.264681103821612,2.4270411344515788,2.251259220728348,2.4404630175448427,2.2496999798006683,2.4420222584725226
N_params_B,2.8,237,Q_x_logN_logD,2.3322,2.31764614189322,0.014553858106779671,2.2550598595069227,2.3802324242795176,2.250252829185637,2.385039454600803,2.236697413943404,2.3985948698430364,2.236466126578237,2.3988261572082035,2.223044243484973,2.4122480403014674,2.221485002557293,2.4138072812291473
N_params_B,2.8,420,Q_x_logN_logD,2.322,2.289431164649845,0.0325688353501552,2.2268448822635474,2.3520174470361424,2.222037851942262,2.356824477357428,2.2084824367000286,2.370379892599661,2.2082511493348616,2.370611179964828,2.1948292662415976,2.384033063058092,2.1932700253139177,2.385592303985772
N_params_B,2.8,238,Q_x_logN_logD,2.2986,2.26121618740647,0.037383812593529964,2.1986299050201725,2.3238024697927675,2.193822874698887,2.328609500114053,2.180267459456654,2.3421649153562862,2.1800361720914867,2.3423962027214533,2.1666142889982227,2.3558180858147173,2.165055048070543,2.357377326742397
N_params_B,2.8,421,Q_x_logN_logD,2.2877,2.2330012101630947,0.05469878983690535,2.1704149277767972,2.295587492549392,2.1656078974555117,2.3003945228706777,2.1520524822132785,2.313949938112911,2.1518211948481114,2.314181225478078,2.1383993117548474,2.327603108571342,2.1368400708271675,2.329162349499022
N_params_B,2.8,239,Q_x_logN_logD,2.2378,2.2047862329197194,0.03301376708028059,2.142199950533422,2.267372515306017,2.1373929202121364,2.2721795456273024,2.123837504969903,2.2857349608695356,2.123606217604736,2.2859662482347027,2.110184334511472,2.2993881313279667,2.1086250935837922,2.3009473722556466
N_params_B,2.8,240,Q_x_logN_logD,2.1287,2.176571255676344,-0.047871255676344315,2.1139849732900466,2.2391575380626416,2.109177942968761,2.243964568383927,2.095622527726528,2.2575199836261604,2.095391240361361,2.2577512709913274,2.081969357268097,2.2711731540845914,2.080410116340417,2.2727323950122713
N_params_B,2.8,241,Q_x_logN_logD,2.1935,2.148356278432969,0.04514372156703095,2.0857699960466713,2.2109425608192663,2.080962965725386,2.215749591140552,2.0674075504831526,2.229305006382785,2.0671762631179855,2.229536293747952,2.0537543800247215,2.242958176841216,2.0521951390970417,2.244517417768896
N_params_B,4.0,242,Q_x_logN_logD,2.855,2.8559542565577893,-0.0009542565577893569,2.7942450285289446,2.917663484586634,2.7911884989557745,2.920720014159804,2.775269767811009,2.9366387453045695,2.775980306467854,2.935928206647725,2.7598927191105305,2.952015794005048,2.7535076491228714,2.9584008639927073
N_params_B,4.0,243,Q_x_logN_logD,2.872,2.8236732581223336,0.04832674187766628,2.761964030093489,2.8853824861511783,2.7589075005203187,2.8884390157243485,2.7429887693755535,2.9043577468691137,2.743699308032398,2.903647208212269,2.7276117206750747,2.9197347955695925,2.7212266506874156,2.9261198655572516
N_params_B,4.0,244,Q_x_logN_logD,2.8016,2.7913922596868774,0.01020774031312266,2.7296830316580327,2.853101487715722,2.7266265020848626,2.8561580172888923,2.7107077709400973,2.8720767484336576,2.711418309596942,2.871366209776813,2.6953307222396186,2.8874537971341363,2.6889456522519595,2.8938388671217954
N_params_B,4.0,245,Q_x_logN_logD,2.6993,2.7591112612514213,-0.05981126125142122,2.6974020332225765,2.820820489280266,2.6943455036494064,2.823877018853436,2.678426772504641,2.8397957499982014,2.679137311161486,2.8390852113413567,2.6630497238041624,2.85517279869868,2.6566646538165033,2.861557868686339
N_params_B,4.0,422,Q_x_logN_logD,2.6556,2.7268302628159655,-0.07123026281596534,2.665121034787121,2.7885394908448102,2.6620645052139507,2.7915960204179804,2.6461457740691854,2.8075147515627457,2.64685631272603,2.806804212905901,2.6307687253687067,2.8228918002632244,2.6243836553810476,2.8292768702508835
N_params_B,4.0,246,Q_x_logN_logD,2.631,2.6945492643805093,-0.06354926438050956,2.6328400363516646,2.756258492409354,2.6297835067784945,2.759315021982524,2.613864775633729,2.7752337531272895,2.614575314290574,2.774523214470445,2.5984877269332505,2.790610801827768,2.5921026569455914,2.7969958718154273
N_params_B,4.0,423,Q_x_logN_logD,2.6349,2.6622682659450536,-0.027368265945053594,2.600559037916209,2.7239774939738983,2.5975025083430388,2.7270340235470685,2.5815837771982735,2.7429527546918337,2.582294315855118,2.742242216034989,2.5662067284977947,2.7583298033923125,2.5598216585101357,2.7647148733799716
N_params_B,4.0,247,Q_x_logN_logD,2.6463,2.6299872675095974,0.01631273249040266,2.5682780394807527,2.691696495538442,2.5652215099075826,2.6947530251116123,2.5493027787628173,2.7106717562563776,2.550013317419662,2.709961217599533,2.5339257300623386,2.7260488049568563,2.5275406600746795,2.7324338749445154
N_params_B,4.0,248,Q_x_logN_logD,2.6487,2.5977062690741417,0.05099373092585813,2.535997041045297,2.6594154971029864,2.532940511472127,2.6624720266761566,2.5170217803273616,2.678390757820922,2.5177323189842062,2.677680219164077,2.501644731626883,2.6937678065214006,2.4952596616392237,2.7001528765090597
N_params_B,4.0,249,Q_x_logN_logD,2.4852,2.5654252706386855,-0.08022527063868568,2.503716042609841,2.6271344986675302,2.5006595130366707,2.6301910282407004,2.4847407818919054,2.6461097593854657,2.48545132054875,2.645399220728621,2.4693637331914267,2.6614868080859444,2.4629786632037676,2.6678718780736035
N_params_B,4.0,250,Q_x_logN_logD,2.5657,2.5856405486488616,-0.019940548648861522,2.523931320620017,2.6473497766777063,2.5208747910468468,2.6504063062508765,2.5049560599020815,2.6663250373956418,2.505666598558926,2.665614498738797,2.4895790112016027,2.6817020860961205,2.4831939412139437,2.6880871560837796
N_params_B,4.0,251,Q_x_logN_logD,2.6024,2.5556513656896604,0.046748634310339376,2.4939421376608157,2.617360593718505,2.4908856080876456,2.6204171232916753,2.4749668769428803,2.6363358544364406,2.475677415599725,2.635625315779596,2.4595898282424016,2.6517129031369193,2.4532047582547425,2.6580979731245784
N_params_B,4.0,252,Q_x_logN_logD,2.5078,2.5256621827304593,-0.017862182730459253,2.4639529547016146,2.587371410759304,2.4608964251284444,2.590427940332474,2.444977693983679,2.6063466714772394,2.445688232640524,2.6056361328203947,2.4296006452832004,2.621723720177718,2.4232155752955413,2.6281087901653772
N_params_B,4.0,253,Q_x_logN_logD,2.5793,2.4956729997712586,0.08362700022874137,2.433963771742414,2.5573822278001033,2.4309072421692437,2.5604387573732734,2.4149885110244784,2.5763574885180387,2.415699049681323,2.575646949861194,2.3996114623239997,2.5917345372185174,2.3932263923363406,2.5981196072061765
N_params_B,4.0,424,Q_x_logN_logD,2.5028,2.4656838168120574,0.03711618318794274,2.4039745887832127,2.527393044840902,2.4009180592100425,2.5304495744140723,2.3849993280652773,2.5463683055588375,2.385709866722122,2.545657766901993,2.3696222793647985,2.5617453542593163,2.3632372093771394,2.5681304242469754
N_params_B,4.0,254,Q_x_logN_logD,2.4706,2.4356946338528562,0.0349053661471439,2.3739854058240115,2.497403861881701,2.3709288762508414,2.500460391454871,2.355010145106076,2.5163791225996364,2.3557206837629208,2.5156685839427917,2.3396330964055974,2.531756171300115,2.3332480264179383,2.538141241287774
N_params_B,4.0,425,Q_x_logN_logD,2.4309,2.405705450893655,0.025194549106344777,2.3439962228648104,2.4674146789224998,2.34093969329164,2.47047120849567,2.325020962146875,2.486389939640435,2.3257315008037196,2.4856794009835905,2.309643913446396,2.501766988340914,2.303258843458737,2.508152058328573
N_params_B,4.0,255,Q_x_logN_logD,2.4391,2.3757162679344543,0.06338373206554548,2.3140070399056096,2.437425495963299,2.3109505103324395,2.440482025536469,2.295031779187674,2.4564007566812345,2.295742317844519,2.45569021802439,2.2796547304871955,2.471777805381713,2.2732696604995364,2.4781628753693723
N_params_B,4.0,256,Q_x_logN_logD,2.3223,2.345727084975253,-0.023427084975253365,2.2840178569464085,2.407436313004098,2.2809613273732383,2.410492842577268,2.265042596228473,2.4264115737220333,2.2657531348853177,2.4257010350651886,2.2496655475279943,2.441788622422512,2.243280477540335,2.448173692410171
N_params_B,4.0,257,Q_x_logN_logD,2.4105,2.315737902016052,0.09476209798394786,2.2540286739872073,2.3774471300448967,2.250972144414037,2.380503659618067,2.235053413269272,2.396422390762832,2.2357639519261165,2.3957118521059875,2.219676364568793,2.411799439463311,2.213291294581134,2.41818450945097
N_params_B,4.0,258,Q_x_logN_logD,2.494,2.463816649399824,0.030183350600176073,2.4021074213709794,2.525525877428669,2.3990508917978093,2.528582407001839,2.383132160653044,2.5445011381466043,2.3838426993098887,2.5437905994897596,2.3677551119525653,2.559878186847083,2.361370041964906,2.566263256834742
N_params_B,4.0,259,Q_x_logN_logD,2.4505,2.4353918738813336,0.015108126118666299,2.373682645852489,2.4971011019101783,2.3706261162793187,2.5001576314833485,2.3547073851345535,2.5160763626281137,2.355417923791398,2.515365823971269,2.3393303364340747,2.5314534113285925,2.3329452664464156,2.5378384813162516
N_params_B,4.0,260,Q_x_logN_logD,2.4411,2.406967098362843,0.03413290163715699,2.3452578703339984,2.4686763263916878,2.342201340760828,2.471732855964858,2.326282609616063,2.487651587109623,2.3269931482729076,2.4869410484527785,2.310905560915584,2.503028635810102,2.304520490927925,2.509413705797761
N_params_B,4.0,261,Q_x_logN_logD,2.3929,2.3785423228443525,0.014357677155647508,2.316833094815508,2.4402515508731972,2.3137765652423377,2.4433080804463674,2.2978578340975724,2.4592268115911327,2.298568372754417,2.458516272934288,2.2824807853970936,2.4746038602916114,2.2760957154094346,2.4809889302792705
N_params_B,4.0,426,Q_x_logN_logD,2.4064,2.350117547325862,0.05628245267413812,2.2884083192970173,2.4118267753547067,2.285351789723847,2.414883304927877,2.269433058579082,2.430802036072642,2.2701435972359265,2.4300914974157974,2.254056009878603,2.446179084773121,2.247670939890944,2.45256415476078
N_params_B,4.0,262,Q_x_logN_logD,2.3873,2.3216927718073714,0.06560722819262876,2.2599835437785267,2.383401999836216,2.2569270142053566,2.3864585294093863,2.2410082830605913,2.4023772605541516,2.241718821717436,2.401666721897307,2.2256312343601126,2.4177543092546303,2.2192461643724535,2.4241393792422894
N_params_B,4.0,427,Q_x_logN_logD,2.3547,2.2932679962888805,0.06143200371111934,2.2315587682600357,2.354977224317725,2.2285022386868656,2.3580337538908953,2.2125835075421003,2.3739524850356606,2.213294046198945,2.373241946378816,2.1972064588416216,2.3893295337361393,2.1908213888539625,2.3957146037237984
N_params_B,4.0,263,Q_x_logN_logD,2.2679,2.26484322077039,0.003056779229610118,2.203133992741545,2.3265524487992346,2.200077463168375,2.3296089783724048,2.1841587320236098,2.34552770951717,2.1848692706804544,2.3448171708603254,2.168781683323131,2.360904758217649,2.162396613335472,2.367289828205308
N_params_B,4.0,264,Q_x_logN_logD,2.2339,2.2364184452518994,-0.0025184452518991485,2.1747092172230547,2.298127673280744,2.1716526876498845,2.3011842028539142,2.1557339565051192,2.3171029339986795,2.156444495161964,2.316392395341835,2.1403569078046405,2.3324799826991582,2.1339718378169814,2.3388650526868173
N_params_B,4.0,265,Q_x_logN_logD,2.2102,2.207993669733409,0.0022063302665911166,2.146284441704564,2.2697028977622535,2.143227912131394,2.2727594273354237,2.1273091809866287,2.288678158480189,2.1280197196434734,2.2879676198233443,2.11193213228615,2.3040552071806677,2.105547062298491,2.310440277168327
N_params_B,4.0,266,Q_x_logN_logD,2.4125,2.4047024844277387,0.007797515572261382,2.342993256398894,2.4664117124565834,2.339936726825724,2.4694682420297536,2.3240179956809586,2.485386973174519,2.3247285343378032,2.484676434517674,2.30864094698048,2.5007640218749976,2.3022558769928207,2.5071490918626567
N_params_B,4.0,267,Q_x_logN_logD,2.3793,2.377264740110301,0.0020352598896993257,2.315555512081456,2.4389739681391456,2.312498982508286,2.4420304977123157,2.2965802513635207,2.457949228857081,2.2972907900203654,2.4572386902002363,2.281203202663042,2.4733262775575597,2.274818132675383,2.479711347545219
N_params_B,4.0,268,Q_x_logN_logD,2.2697,2.349826995792863,-0.0801269957928632,2.2881177677640183,2.4115362238217077,2.285061238190848,2.414592753394878,2.269142507046083,2.430511484539643,2.2698530457029276,2.4298009458827985,2.253765458345604,2.445888533240122,2.247380388357945,2.452273603227781
N_params_B,4.0,269,Q_x_logN_logD,2.3711,2.3223892514754256,0.048710748524574576,2.260680023446581,2.3840984795042703,2.2576234938734108,2.3871550090774405,2.2417047627286455,2.4030737402222058,2.24241530138549,2.402363201565361,2.2263277140281668,2.4184507889226845,2.2199426440405077,2.4248358589103436
N_params_B,4.0,428,Q_x_logN_logD,2.2988,2.294951507157988,0.0038484928420121634,2.233242279129143,2.3566607351868325,2.230185749555973,2.3597172647600027,2.2142670184112077,2.375635995904768,2.2149775570680523,2.3749254572479233,2.198889969710729,2.3910130446052467,2.19250489972307,2.3973981145929057
N_params_B,4.0,270,Q_x_logN_logD,2.2294,2.26751376284055,-0.0381137628405499,2.2058045348117052,2.3292229908693947,2.202748005238535,2.332279520442565,2.18682927409377,2.34819825158733,2.1875398127506145,2.3474877129304854,2.171452225393291,2.363575300287809,2.165067155405632,2.369960370275468
N_params_B,4.0,429,Q_x_logN_logD,2.2329,2.240076018523112,-0.007176018523112226,2.1783667904942674,2.301785246551957,2.1753102609210972,2.304841776125127,2.159391529776332,2.3207605072698922,2.1601020684331766,2.3200499686130476,2.1440144810758532,2.336137555970371,2.137629411088194,2.34252262595803
N_params_B,4.0,271,Q_x_logN_logD,2.1962,2.2126382742056743,-0.01643827420567412,2.1509290461768296,2.274347502234519,2.1478725166036594,2.277404031807689,2.131953785458894,2.2933227629524544,2.132664324115739,2.2926122242956097,2.1165767367584154,2.308699811652933,2.1101916667707563,2.3150848816405922
N_params_B,4.0,272,Q_x_logN_logD,2.1753,2.1852005298882364,-0.00990052988823642,2.1234913018593917,2.246909757917081,2.1204347722862216,2.2499662874902513,2.1045160411414563,2.2658850186350166,2.105226579798301,2.265174479978172,2.0891389924409776,2.2812620673354953,2.0827539224533185,2.2876471373231544
N_params_B,4.0,273,Q_x_logN_logD,2.1975,2.1577627855707986,0.039737214429201195,2.096053557541954,2.2194720135996433,2.0929970279687837,2.2225285431728135,2.0770782968240185,2.2384472743175787,2.077788835480863,2.237736735660734,2.0617012481235397,2.2538243230180575,2.0553161781358806,2.2602093930057165
N_params_B,4.0,274,Q_x_logN_logD,2.2637,2.3559685583252845,-0.09226855832528447,2.29425933029644,2.417677786354129,2.2912028007232697,2.4207343159272994,2.2752840695785044,2.4366530470720646,2.275994608235349,2.43594250841522,2.2599070208780256,2.4520300957725434,2.2535219508903666,2.4584151657602025
N_params_B,4.0,275,Q_x_logN_logD,2.2681,2.3295178452089,-0.06141784520889981,2.267808617180055,2.3912270732377445,2.264752087606885,2.3942836028109147,2.2488333564621197,2.41020233395568,2.2495438951189644,2.4094917952988353,2.233456307761641,2.4255793826561587,2.227071237773982,2.4319644526438178
N_params_B,4.0,276,Q_x_logN_logD,2.403,2.3030671320925147,0.09993286790748535,2.24135790406367,2.3647763601213594,2.2383013744905,2.3678328896945295,2.2223826433457345,2.383751620839295,2.223093182002579,2.38304108218245,2.207005594645256,2.3991286695397736,2.2006205246575967,2.4055137395274326
N_params_B,4.0,277,Q_x_logN_logD,2.3312,2.2766164189761295,0.0545835810238704,2.214907190947285,2.3383256470049743,2.2118506613741147,2.3413821765781444,2.1959319302293494,2.3573009077229097,2.196642468886194,2.356590369066065,2.1805548815288707,2.3726779564233884,2.1741698115412116,2.3790630264110475
N_params_B,4.0,430,Q_x_logN_logD,2.3211,2.250165705859745,0.0709342941402551,2.1884564778309,2.3118749338885896,2.18539994825773,2.3149314634617597,2.1694812171129647,2.330850194606525,2.1701917557698094,2.3301396559496803,2.154104168412486,2.3462272433070037,2.147719098424827,2.352612313294663
N_params_B,4.0,278,Q_x_logN_logD,2.2966,2.2237149927433597,0.07288500725664049,2.162005764714515,2.2854242207722044,2.158949235141345,2.2884807503453746,2.1430305039965796,2.30439948149014,2.1437410426534242,2.303688942833295,2.127653455296101,2.3197765301906186,2.1212683853084418,2.3261616001782777
N_params_B,4.0,431,Q_x_logN_logD,2.2154,2.1972642796269746,0.018135720373025244,2.13555505159813,2.2589735076558193,2.1324985220249597,2.2620300372289894,2.1165797908801944,2.2779487683737547,2.117290329537039,2.27723822971691,2.1012027421797157,2.2933258170742334,2.0948176721920566,2.2997108870618925
N_params_B,4.0,279,Q_x_logN_logD,2.16,2.1708135665105894,-0.01081356651058929,2.1091043384817447,2.232522794539434,2.1060478089085746,2.2355793241126043,2.0901290777638093,2.2514980552573696,2.090839616420654,2.250787516600525,2.0747520290633306,2.2668751039578483,2.0683669590756715,2.2732601739455074
N_params_B,4.0,280,Q_x_logN_logD,2.1978,2.1443628533942047,0.05343714660579524,2.08265362536536,2.2060720814230494,2.07959709579219,2.2091286109962196,2.0636783646474246,2.225047342140985,2.0643889033042693,2.22433680348414,2.048301315946946,2.2404243908414636,2.041916245959287,2.2468094608291227
N_params_B,4.0,281,Q_x_logN_logD,2.1107,2.1179121402778196,-0.007212140277819579,2.056202912248975,2.1796213683066643,2.0531463826758047,2.1826778978798345,2.0372276515310395,2.1985966290245997,2.037938190187884,2.197886090367755,2.0218506028305607,2.2139736777250785,2.0154655328429016,2.2203587477127376
N_params_B,6.9,282,Q_x_logN_logD,2.7585,2.7975021563901525,-0.039002156390152365,2.7349744030574326,2.8600299097228725,2.732672321663338,2.862331991116967,2.71589280305987,2.879111509720435,2.714864859316034,2.8801394534642712,2.7026331202916802,2.892371192488625,2.7012371716618944,2.8937671411184107
N_params_B,6.9,283,Q_x_logN_logD,2.6605,2.768634251734258,-0.10813425173425806,2.706106498401538,2.831162005066978,2.7038044170074436,2.8334640864610723,2.6870248984039753,2.8502436050645406,2.685996954660139,2.8512715488083766,2.6737652156357856,2.8635032878327302,2.6723692670059997,2.864899236462516
N_params_B,6.9,284,Q_x_logN_logD,2.72,2.739766347078363,-0.019766347078362667,2.677238593745643,2.802294100411083,2.6749365123515485,2.8045961818051772,2.6581569937480802,2.8213757004086455,2.657129050004244,2.8224036441524816,2.6448973109798906,2.834635383176835,2.6435013623501047,2.836031331806621
N_params_B,6.9,285,Q_x_logN_logD,2.6823,2.7108984424224682,-0.028598442422468118,2.6483706890897483,2.7734261957551882,2.646068607695654,2.7757282771492826,2.6292890890921856,2.792507795752751,2.6282611453483495,2.793535739496587,2.616029406323996,2.8057674785209405,2.61463345769421,2.8071634271507264
N_params_B,6.9,432,Q_x_logN_logD,2.6118,2.682030537766573,-0.07023053776657306,2.619502784433853,2.744558291099293,2.617200703039759,2.7468603724933875,2.6004211844362906,2.763639891096856,2.5993932406924545,2.764667834840692,2.587161501668101,2.7768995738650455,2.585765553038315,2.7782955224948314
N_params_B,6.9,286,Q_x_logN_logD,2.5269,2.6531626331106786,-0.12626263311067865,2.5906348797779586,2.7156903864433986,2.588332798383864,2.717992467837493,2.571553279780396,2.734771986440961,2.57052533603656,2.7357999301847973,2.5582935970122063,2.748031669209151,2.5568976483824204,2.7494276178389367
N_params_B,6.9,433,Q_x_logN_logD,2.5613,2.6242947284547835,-0.06299472845478338,2.5617669751220635,2.6868224817875035,2.559464893727969,2.689124563181598,2.542685375124501,2.705904081785066,2.541657431380665,2.706932025528902,2.529425692356311,2.719163764553256,2.5280297437265253,2.7205597131830417
N_params_B,6.9,287,Q_x_logN_logD,2.5341,2.595426823798889,-0.061326823798888874,2.532899070466169,2.657954577131609,2.5305969890720745,2.6602566585257033,2.5138174704686063,2.6770361771291715,2.51278952672477,2.6780641208730076,2.5005577877004166,2.690295859897361,2.4991618390706307,2.691691808527147
N_params_B,6.9,288,Q_x_logN_logD,2.5395,2.566558919142994,-0.027058919142993965,2.504031165810274,2.629086672475714,2.5017290844161795,2.631388753869808,2.484949565812711,2.6481682724732765,2.483921622068875,2.6491962162171125,2.4716898830445215,2.661427955241466,2.4702939344147357,2.662823903871252
N_params_B,6.9,289,Q_x_logN_logD,2.4679,2.537691014487099,-0.06979101448709901,2.4751632611543792,2.600218767819819,2.472861179760285,2.6025208492139136,2.4560816611568166,2.619300367817382,2.4550537174129805,2.620328311561218,2.442821978388627,2.6325600505855715,2.441426029758841,2.6339559992153574
N_params_B,6.9,290,Q_x_logN_logD,2.5548,2.52415791861611,0.03064208138389013,2.46163016528339,2.58668567194883,2.4593280838892957,2.5889877533429244,2.4425485652858274,2.6057672719463927,2.4415206215419913,2.6067952156902288,2.4292888825176377,2.6190269547145824,2.427892933887852,2.6204229033443682
N_params_B,6.9,291,Q_x_logN_logD,2.4799,2.497873234000041,-0.017973234000040694,2.435345480667321,2.560400987332761,2.4330433992732265,2.5627030687268553,2.4162638806697583,2.5794825873303235,2.415235936925922,2.5805105310741596,2.4030041979015686,2.592742270098513,2.4016082492717827,2.594138218728299
N_params_B,6.9,292,Q_x_logN_logD,2.4833,2.4715885493839718,0.011711450616028074,2.409060796051252,2.5341163027166917,2.4067587146571574,2.536418384110786,2.389979196053689,2.5531979027142544,2.388951252309853,2.5542258464580905,2.3767195132854995,2.566457585482444,2.3753235646557136,2.56785353411223
N_params_B,6.9,293,Q_x_logN_logD,2.4979,2.4453038647679026,0.052596135232097385,2.3827761114351826,2.5078316181006226,2.3804740300410883,2.510133699494717,2.36369451143762,2.5269132180981853,2.362666567693784,2.5279411618420213,2.3504348286694303,2.540172900866375,2.3490388800396445,2.541568849496161
N_params_B,6.9,434,Q_x_logN_logD,2.4529,2.4190191801518335,0.0338808198481666,2.3564914268191135,2.4815469334845535,2.354189345425019,2.483849014878648,2.337409826821551,2.500628533482116,2.3363818830777148,2.501656477225952,2.324150144053361,2.513888216250306,2.3227541954235753,2.5152841648800917
N_params_B,6.9,294,Q_x_logN_logD,2.4093,2.3927344955357643,0.01656550446423566,2.3302067422030444,2.4552622488684843,2.32790466080895,2.4575643302625787,2.3111251422054817,2.474343848866047,2.3100971984616456,2.475371792609883,2.297865459437292,2.4876035316342366,2.296469510807506,2.4889994802640225
N_params_B,6.9,435,Q_x_logN_logD,2.3751,2.366449810919695,0.008650189080305015,2.303922057586975,2.428977564252415,2.301619976192881,2.4312796456465096,2.2848404575894126,2.448059164249978,2.2838125138455765,2.449087107993814,2.271580774821223,2.4613188470181675,2.270184826191437,2.4627147956479534
N_params_B,6.9,295,Q_x_logN_logD,2.2784,2.340165126303626,-0.06176512630362607,2.277637372970906,2.402692879636346,2.2753352915768117,2.4049949610304404,2.2585557729733434,2.4217744796339087,2.2575278292295073,2.4228024233777448,2.2452960902051537,2.4350341624020984,2.243900141575368,2.4364301110318842
N_params_B,6.9,296,Q_x_logN_logD,2.347,2.313880441687557,0.033119558312443065,2.251352688354837,2.376408195020277,2.2490506069607425,2.3787102764143713,2.2322710883572743,2.3954897950178395,2.231243144613438,2.3965177387616756,2.2190114055890846,2.408749477786029,2.2176154569592987,2.410145426415815
N_params_B,6.9,297,Q_x_logN_logD,2.2632,2.2875957570714878,-0.02439575707148789,2.225068003738768,2.3501235104042077,2.2227659223446734,2.352425591798302,2.205986403741205,2.3692051104017704,2.204958459997369,2.3702330541456065,2.1927267209730155,2.38246479316996,2.1913307723432296,2.383860741799746
N_params_B,6.9,298,Q_x_logN_logD,2.3272,2.401450752497714,-0.07425075249771407,2.338922999164994,2.463978505830434,2.3366209177708996,2.4662805872245284,2.3198413991674314,2.4830601058279966,2.3188134554235953,2.4840880495718327,2.3065817163992417,2.4963197885961863,2.305185767769456,2.497715737225972
N_params_B,6.9,299,Q_x_logN_logD,2.3658,2.37692938988255,-0.011129389882549745,2.31440163654983,2.43945714321527,2.3120995551557355,2.4417592246093642,2.2953200365522672,2.4585387432128325,2.294292092808431,2.4595666869566686,2.2820603537840776,2.471798425981022,2.2806644051542917,2.473194374610808
N_params_B,6.9,300,Q_x_logN_logD,2.3708,2.352408027267386,0.018391972732613837,2.289880273934666,2.414935780600106,2.287578192540572,2.4172378619942005,2.2707986739371036,2.434017380597669,2.2697707301932675,2.435045324341505,2.257538991168914,2.4472770633658585,2.256143042539128,2.4486730119956444
N_params_B,6.9,301,Q_x_logN_logD,2.3438,2.3278866646522225,0.01591333534777739,2.2653589113195025,2.3904144179849425,2.263056829925408,2.392716499379037,2.24627731132194,2.409496017982505,2.245249367578104,2.410523961726341,2.23301762855375,2.422755700750695,2.2316216799239643,2.4241516493804807
N_params_B,6.9,436,Q_x_logN_logD,2.2227,2.3033653020370584,-0.08066530203705824,2.2408375487043384,2.3658930553697783,2.238535467310244,2.3681951367638727,2.2217559487067757,2.384974655367341,2.2207280049629397,2.386002599111177,2.208496265938586,2.3982343381355307,2.2071003173088,2.3996302867653165
N_params_B,6.9,302,Q_x_logN_logD,2.2064,2.2788439394218947,-0.07244393942189475,2.2163161860891747,2.3413716927546147,2.2140141046950803,2.343673774148709,2.197234586091612,2.3604532927521773,2.196206642347776,2.3614812364960134,2.1839749033234224,2.373712975520367,2.1825789546936365,2.375108924150153
N_params_B,6.9,437,Q_x_logN_logD,2.2344,2.254322576806731,-0.01992257680673104,2.191794823474011,2.316850330139451,2.1894927420799166,2.3191524115335453,2.1727132234764484,2.3359319301370136,2.1716852797326123,2.3369598738808497,2.1594535407082587,2.3491916129052033,2.158057592078473,2.350587561534989
N_params_B,6.9,303,Q_x_logN_logD,2.2296,2.2298012141915673,-0.00020121419156726716,2.1672734608588473,2.2923289675242873,2.164971379464753,2.2946310489183817,2.1481918608612847,2.31141056752185,2.1471639171174486,2.312438511265686,2.134932178093095,2.3246702502900396,2.133536229463309,2.3260661989198255
N_params_B,6.9,304,Q_x_logN_logD,2.2482,2.205279851576403,0.04292014842359704,2.142752098243683,2.267807604909123,2.140450016849589,2.2701096863032175,2.1236704982461205,2.286889204906686,2.1226425545022845,2.287917148650522,2.110410815477931,2.3001488876748755,2.109014866848145,2.3015448363046613
N_params_B,6.9,305,Q_x_logN_logD,2.1506,2.1807584889612395,-0.030158488961239627,2.1182307356285195,2.2432862422939595,2.115928654234425,2.245588323688054,2.099149135630957,2.262367842291522,2.0981211918871208,2.263395786035358,2.085889452862767,2.2756275250597118,2.0844935042329813,2.2770234736894976
N_params_B,6.9,306,Q_x_logN_logD,2.3408,2.341959315142285,-0.0011593151422846226,2.279431561809565,2.404487068475005,2.2771294804154705,2.406789149869099,2.260349961812002,2.4235686684725675,2.259322018068166,2.4245966122164035,2.2470902790438125,2.436828351240757,2.2456943304140267,2.438224299870543
N_params_B,6.9,307,Q_x_logN_logD,2.3195,2.3185504848426195,0.0009495151573806204,2.2560227315098995,2.3810782381753395,2.253720650115805,2.383380319569434,2.236941131512337,2.400159838172902,2.235913187768501,2.401187781916738,2.223681448744147,2.413419520941092,2.2222855001143613,2.4148154695708777
N_params_B,6.9,308,Q_x_logN_logD,2.3002,2.2951416545429537,0.005058345457046087,2.2326139012102337,2.3576694078756737,2.2303118198161394,2.359971489269768,2.213532301212671,2.3767510078732363,2.212504357468835,2.3777789516170724,2.2002726184444814,2.390010690641426,2.1988766698146955,2.391406639271212
N_params_B,6.9,309,Q_x_logN_logD,2.3167,2.2717328242432884,0.04496717575671161,2.2092050709105684,2.3342605775760084,2.206902989516474,2.3365626589701027,2.1901234709130057,2.353342177573571,2.1890955271691697,2.354370121317407,2.176863788144816,2.3666018603417607,2.17546783951503,2.3679978089715465
N_params_B,6.9,438,Q_x_logN_logD,2.2738,2.248323993943623,0.02547600605637701,2.185796240610903,2.310851747276343,2.1834941592168087,2.3131538286704374,2.1667146406133404,2.3299333472739057,2.1656866968695043,2.3309612910177417,2.1534549578451507,2.3431930300420953,2.152059009215365,2.344588978671881
N_params_B,6.9,310,Q_x_logN_logD,2.2275,2.2249151636439572,0.0025848363560427856,2.1623874103112373,2.2874429169766772,2.160085328917143,2.2897449983707716,2.1433058103136746,2.30652451697424,2.1422778665698385,2.307552460718076,2.130046127545485,2.3197841997424296,2.128650178915699,2.3211801483722154
N_params_B,6.9,439,Q_x_logN_logD,2.1672,2.201506333344292,-0.03430633334429212,2.138978580011572,2.264034086677012,2.1366764986174775,2.2663361680711063,2.1198969800140093,2.2831156866745745,2.118869036270173,2.2841436304184106,2.1066372972458196,2.296375369442764,2.1052413486160337,2.29777131807255
N_params_B,6.9,311,Q_x_logN_logD,2.1189,2.1780975030446266,-0.059197503044626565,2.1155697497119066,2.2406252563773466,2.113267668317812,2.242927337771441,2.096488149714344,2.259706856374909,2.095460205970508,2.2607348001187453,2.0832284669461543,2.272966539143099,2.0818325183163684,2.2743624877728847
N_params_B,6.9,312,Q_x_logN_logD,2.1052,2.154688672744961,-0.04948867274496083,2.092160919412241,2.2172164260776808,2.0898588380181464,2.219518507471775,2.073079319414678,2.2362980260752434,2.072051375670842,2.2373259698190795,2.0598196366464885,2.249557708843433,2.0584236880167026,2.250953657473219
N_params_B,6.9,313,Q_x_logN_logD,2.1363,2.1312798424452954,0.005020157554704419,2.0687520891125755,2.1938075957780154,2.066450007718481,2.19610967717211,2.049670489115013,2.212889195775578,2.0486425453711767,2.213917139519414,2.036410806346823,2.2261488785437678,2.0350148577170373,2.2275448271735536
N_params_B,6.9,314,Q_x_logN_logD,2.2081,2.2928892175393667,-0.08478921753936675,2.2303614642066467,2.3554169708720867,2.2280593828125523,2.357719052266181,2.211279864209084,2.3744985708696493,2.210251920465248,2.3755265146134854,2.1980201814408944,2.387758253637839,2.1966242328111085,2.389154202267625
N_params_B,6.9,315,Q_x_logN_logD,2.2684,2.2705929195551997,-0.002192919555199513,2.2080651662224797,2.3331206728879197,2.2057630848283853,2.335422754282014,2.188983566224917,2.3522022728854823,2.187955622481081,2.3532302166293184,2.1757238834567274,2.365461955653672,2.1743279348269415,2.366857904283458
N_params_B,6.9,316,Q_x_logN_logD,2.2487,2.2482966215710327,0.0004033784289672049,2.1857688682383127,2.3108243749037527,2.1834667868442184,2.313126456297847,2.16668726824075,2.3299059749013153,2.165659324496914,2.3309339186451514,2.1534275854725604,2.343165657669505,2.1520316368427745,2.344561606299291
N_params_B,6.9,317,Q_x_logN_logD,2.2425,2.2260003235868653,0.01649967641313488,2.1634725702541453,2.2885280769195853,2.161170488860051,2.2908301583136796,2.1443909702565827,2.307609676917148,2.1433630265127466,2.308637620660984,2.131131287488393,2.3208693596853376,2.129735338858607,2.3222653083151235
N_params_B,6.9,440,Q_x_logN_logD,2.2022,2.2037040256026983,-0.0015040256026983556,2.1411762722699783,2.2662317789354183,2.138874190875884,2.2685338603295127,2.1220946722724157,2.285313378932981,2.1210667285285796,2.286341322676817,2.108834989504226,2.2985730617011706,2.10743904087444,2.2999690103309565
N_params_B,6.9,318,Q_x_logN_logD,2.1582,2.181407727618531,-0.02320772761853096,2.118879974285811,2.243935480951251,2.1165778928917165,2.246237562345345,2.0997983742882482,2.2630170809488135,2.098770430544412,2.2640450246926496,2.0865386915200586,2.276276763717003,2.0851427428902727,2.277672712346789
N_params_B,6.9,441,Q_x_logN_logD,2.1051,2.159111429634364,-0.05401142963436367,2.096583676301644,2.221639182967084,2.0942815949075495,2.2239412643611782,2.0775020763040812,2.2407207829646465,2.076474132560245,2.2417487267084826,2.0642423935358916,2.253980465732836,2.0628464449061057,2.255376414362622
N_params_B,6.9,319,Q_x_logN_logD,2.1315,2.136815131650197,-0.005315131650196925,2.074287378317477,2.199342884982917,2.0719852969233825,2.2016449663770112,2.0552057783199142,2.2184244849804795,2.054177834576078,2.2194524287243156,2.0419460955517246,2.231684167748669,2.0405501469219387,2.233080116378455
N_params_B,6.9,320,Q_x_logN_logD,2.0744,2.1145188336660294,-0.04011883366602964,2.0519910803333095,2.1770465869987494,2.049688998939215,2.179348668392844,2.032909480335747,2.196128186996312,2.0318815365919107,2.197156130740148,2.019649797567557,2.2093878697645017,2.0182538489377713,2.2107838183942876
N_params_B,6.9,321,Q_x_logN_logD,2.0492,2.0922225356818624,-0.04302253568186254,2.0296947823491425,2.1547502890145824,2.027392700955048,2.157052370408677,2.01061318235158,2.173831889012145,2.0095852386077437,2.174859832755981,1.9973534995833901,2.1870915717803348,1.9959575509536043,2.1884875204101206
N_params_B,11.97,322,Q_x_logN_logD,2.77,2.7157520866390588,0.05424791336094126,2.6526055148169942,2.7788986584611233,2.649864280304437,2.7816398929736805,2.635632099680918,2.7958720735971996,2.6341204102235527,2.797383763054565,2.6181337094815778,2.8133704637965398,2.6178767754390475,2.81362739783907
N_params_B,11.97,323,Q_x_logN_logD,2.6684,2.6904967105581443,-0.022096710558144217,2.62735013873608,2.753643282380209,2.6246089042235226,2.756384516892766,2.6103767236000035,2.770616697516285,2.6088650341426383,2.7721283869736504,2.5928783334006633,2.7881150877156253,2.592621399358133,2.7883720217581556
N_params_B,11.97,324,Q_x_logN_logD,2.6888,2.66524133447723,0.023558665522770195,2.6020947626551654,2.7283879062992944,2.599353528142608,2.7311291408118517,2.585121347519089,2.7453613214353707,2.583609658061724,2.746873010892736,2.567622957319749,2.762859711634711,2.5673660232772186,2.763116645677241
N_params_B,11.97,325,Q_x_logN_logD,2.7027,2.639985958396316,0.06271404160368421,2.5768393865742514,2.7031325302183804,2.574098152061694,2.7058737647309377,2.559865971438175,2.7201059453544567,2.55835428198081,2.721617634811822,2.542367581238835,2.737604335553797,2.5421106471963046,2.737861269596327
N_params_B,11.97,442,Q_x_logN_logD,2.6862,2.6147305823154015,0.07146941768459847,2.551584010493337,2.677877154137466,2.5488427759807797,2.680618388650023,2.5346105953572606,2.6948505692735423,2.5330989058998954,2.6963622587309075,2.5171122051579204,2.7123489594728825,2.51685527111539,2.7126058935154127
N_params_B,11.97,326,Q_x_logN_logD,2.6784,2.5894752062344875,0.08892479376551243,2.526328634412423,2.652621778056552,2.5235873998998657,2.6553630125691092,2.5093552192763466,2.6695951931926283,2.5078435298189814,2.6711068826499935,2.4918568290770065,2.6870935833919685,2.491599895034476,2.6873505174344987
N_params_B,11.97,443,Q_x_logN_logD,2.6556,2.564219830153573,0.09138016984642716,2.5010732583315085,2.6273664019756375,2.4983320238189513,2.630107636488195,2.484099843195432,2.644339817111714,2.482588153738067,2.645851506569079,2.466601452996092,2.661838207311054,2.4663445189535618,2.6620951413535843
N_params_B,11.97,327,Q_x_logN_logD,2.6185,2.5389644540726586,0.07953554592734147,2.475817882250594,2.602111025894723,2.473076647738037,2.6048522604072804,2.4588444671145178,2.6190844410307994,2.4573327776571525,2.6205961304881646,2.4413460769151776,2.6365828312301396,2.4410891428726473,2.63683976527267
N_params_B,11.97,328,Q_x_logN_logD,2.4891,2.5137090779917446,-0.0246090779917445,2.45056250616968,2.576855649813809,2.447821271657123,2.5795968843263664,2.4335890910336038,2.5938290649498854,2.4320774015762385,2.5953407544072506,2.4160907008342636,2.6113274551492256,2.4158337667917333,2.611584389191756
N_params_B,11.97,329,Q_x_logN_logD,2.4184,2.48845370191083,-0.07005370191083005,2.4253071300887656,2.5516002737328947,2.4225658955762084,2.554341508245452,2.4083337149526893,2.568573688868971,2.406822025495324,2.570085378326336,2.390835324753349,2.586072079068311,2.390578390710819,2.5863290131108414
N_params_B,11.97,330,Q_x_logN_logD,2.4506,2.4488692675745742,0.0017307324254258738,2.3857226957525097,2.5120158393966388,2.3829814612399525,2.514757073909196,2.3687492806164334,2.528989254532715,2.367237591159068,2.5305009439900803,2.3512508904170932,2.5464876447320552,2.350993956374563,2.5467445787745855
N_params_B,11.97,331,Q_x_logN_logD,2.4199,2.426265654541479,-0.006365654541478971,2.3631190827194146,2.4894122263635436,2.3603778482068574,2.492153460876101,2.3461456675833383,2.50638564149962,2.344633978125973,2.507897330956985,2.328647277383998,2.52388403169896,2.328390343341468,2.5241409657414904
N_params_B,11.97,332,Q_x_logN_logD,2.4152,2.403662041508384,0.011537958491615985,2.3405154696863195,2.4668086133304485,2.3377742351737623,2.469549847843006,2.323542054550243,2.483782028466525,2.322030365092878,2.48529371792389,2.306043664350903,2.501280418665865,2.305786730308373,2.5015373527083953
N_params_B,11.97,333,Q_x_logN_logD,2.3833,2.3810584284752885,0.0022415715247117163,2.317911856653224,2.444205000297353,2.3151706221406667,2.4469462348099102,2.3009384415171477,2.4611784154334293,2.2994267520597824,2.4626901048907945,2.2834400513178075,2.4786768056327695,2.2831831172752772,2.4789337396752997
N_params_B,11.97,444,Q_x_logN_logD,2.3931,2.3584548154421934,0.03464518455780663,2.295308243620129,2.421601387264258,2.2925670091075716,2.424342621776815,2.2783348284840526,2.438574802400334,2.2768231390266873,2.4400864918576994,2.2608364382847124,2.4560731925996744,2.260579504242182,2.4563301266422046
N_params_B,11.97,334,Q_x_logN_logD,2.3437,2.3358512024090983,0.007848797590901846,2.2727046305870338,2.398997774231163,2.2699633960744765,2.40173900874372,2.2557312154509574,2.415971189367239,2.254219525993592,2.4174828788246043,2.2382328252516173,2.4334695795665793,2.237975891209087,2.4337265136091095
N_params_B,11.97,445,Q_x_logN_logD,2.2717,2.3132475893760027,-0.04154758937600267,2.250101017553938,2.3763941611980672,2.247359783041381,2.3791353957106245,2.233127602417862,2.3933675763341435,2.2316159129604967,2.394879265791509,2.2156292122185217,2.4108659665334837,2.2153722781759915,2.411122900576014
N_params_B,11.97,335,Q_x_logN_logD,2.2204,2.2906439763429076,-0.07024397634290747,2.227497404520843,2.353790548164972,2.224756170008286,2.3565317826775294,2.210523989384767,2.3707639633010484,2.2090122999274016,2.3722756527584137,2.1930255991854266,2.3882623535003886,2.1927686651428964,2.388519287542919
N_params_B,11.97,336,Q_x_logN_logD,2.296,2.268040363309812,0.02795963669018775,2.2048937914877476,2.3311869351318766,2.2021525569751903,2.333928169644434,2.1879203763516712,2.348160350267953,2.186408686894306,2.349672039725318,2.170421986152331,2.365658740467293,2.170165052109801,2.3659156745098233
N_params_B,11.97,337,Q_x_logN_logD,2.3439,2.245436750276717,0.09846324972328313,2.1822901784546525,2.3085833220987815,2.179548943942095,2.3113245566113387,2.165316763318576,2.325556737234858,2.163805073861211,2.327068426692223,2.147818373119236,2.343055127434198,2.1475614390767057,2.343312061476728
N_params_B,11.97,338,Q_x_logN_logD,2.4214,2.32721459908461,0.09418540091539018,2.2640680272625455,2.3903611709066745,2.2613267927499883,2.393102405419232,2.247094612126469,2.407334586042751,2.245582922669104,2.408846275500116,2.229596221927129,2.424832976242091,2.229339287884599,2.4250899102846213
N_params_B,11.97,339,Q_x_logN_logD,2.3485,2.3064210959342653,0.04207890406573478,2.2432745241122007,2.3695676677563298,2.2405332895996435,2.372308902268887,2.2263011089761244,2.386541082892406,2.224789419518759,2.3880527723497713,2.2088027187767842,2.4040394730917463,2.208545784734254,2.4042964071342765
N_params_B,11.97,340,Q_x_logN_logD,2.3316,2.28562759278392,0.04597240721607987,2.2224810209618555,2.3487741646059845,2.2197397864492983,2.351515399118542,2.205507605825779,2.365747579742061,2.203995916368414,2.367259269199426,2.188009215626439,2.383245969941401,2.1877522815839088,2.3835029039839313
N_params_B,11.97,341,Q_x_logN_logD,2.2453,2.2648340896335752,-0.01953408963357539,2.2016875178115107,2.3279806614556398,2.1989462832989535,2.330721895968197,2.1847141026754344,2.344954076591716,2.183202413218069,2.3464657660490813,2.1672157124760942,2.3624524667910562,2.166958778433564,2.3627094008335865
N_params_B,11.97,446,Q_x_logN_logD,2.2142,2.24404058648323,-0.02984058648323007,2.1808940146611655,2.3071871583052945,2.1781527801486082,2.309928392817852,2.163920599525089,2.324160573441371,2.162408910067724,2.325672262898736,2.146422209325749,2.341658963640711,2.1461652752832188,2.3419158976832413
N_params_B,11.97,342,Q_x_logN_logD,2.2154,2.2232470833328852,-0.007847083332885418,2.1601005115108207,2.2863936551549497,2.1573592769982635,2.289134889667507,2.1431270963747444,2.303367070291026,2.141615406917379,2.3048787597483913,2.1256287061754042,2.3208654604903662,2.125371772132874,2.3211223945328965
N_params_B,11.97,447,Q_x_logN_logD,2.2419,2.20245358018254,0.03944641981745978,2.1393070083604755,2.2656001520046045,2.1365657738479182,2.2683413865171618,2.122333593224399,2.282573567140681,2.120821903767034,2.284085256598046,2.104835203025059,2.300071957340021,2.1045782689825288,2.3003288913825513
N_params_B,11.97,343,Q_x_logN_logD,2.2885,2.181660077032195,0.10683992296780476,2.1185135052101307,2.2448066488542597,2.1157722706975735,2.247547883366817,2.1015400900740544,2.261780063990336,2.100028400616689,2.2632917534477013,2.084041699874714,2.2792784541896762,2.083784765832184,2.2795353882322065
N_params_B,11.97,344,Q_x_logN_logD,2.1844,2.16086657388185,0.023533426118150125,2.0977200020597855,2.2240131457039145,2.0949787675472282,2.2267543802164718,2.080746586923709,2.240986560839991,2.079234897466344,2.242498250297356,2.063248196724369,2.258484951039331,2.0629912626818387,2.2587418850818612
N_params_B,11.97,345,Q_x_logN_logD,2.2045,2.140073070731505,0.06442692926849469,2.0769264989094407,2.2032196425535697,2.0741852643968834,2.205960877066127,2.0599530837733644,2.220193057689646,2.058441394315999,2.2217047471470113,2.042454693574024,2.237691447888986,2.042197759531494,2.2379483819315165
N_params_B,11.97,346,Q_x_logN_logD,2.2899,2.2676617575888196,0.02223824241118022,2.204515185766755,2.330808329410884,2.201773951254198,2.3335495639234414,2.187541770630679,2.3477817445469604,2.1860300811733135,2.3492934340043257,2.1700433804313386,2.3652801347463006,2.1697864463888084,2.365537068788831
N_params_B,11.97,347,Q_x_logN_logD,2.2886,2.2480103066207353,0.04058969337926488,2.184863734798671,2.3111568784428,2.1821225002861135,2.313898112955357,2.1678903196625945,2.328130293578876,2.1663786302052292,2.3296419830362414,2.1503919294632543,2.3456286837782163,2.150134995420724,2.3458856178207466
N_params_B,11.97,348,Q_x_logN_logD,2.2767,2.2283588556526515,0.048341144347348486,2.165212283830587,2.291505427474716,2.1624710493180297,2.2942466619872732,2.1482388686945106,2.3084788426107923,2.1467271792371454,2.3099905320681575,2.1307404784951705,2.3259772328101325,2.13048354445264,2.3262341668526627
N_params_B,11.97,349,Q_x_logN_logD,2.2501,2.208707404684567,0.041392595315433045,2.1455608328625027,2.2718539765066317,2.1428195983499454,2.274595211019189,2.1285874177264263,2.288827391642708,2.127075728269061,2.2903390811000732,2.111089027527086,2.306325781842048,2.110832093484556,2.3065827158845784
N_params_B,11.97,448,Q_x_logN_logD,2.2109,2.1890559537164833,0.02184404628351677,2.125909381894419,2.252202525538548,2.1231681473818615,2.254943760051105,2.1089359667583425,2.269175940674624,2.1074242773009773,2.2706876301319894,2.0914375765590023,2.2866743308739643,2.091180642516472,2.2869312649164946
N_params_B,11.97,350,Q_x_logN_logD,2.1351,2.169404502748399,-0.034304502748399024,2.1062579309263345,2.2325510745704635,2.1035166964137773,2.235292309083021,2.089284515790258,2.24952448970654,2.087772826332893,2.251036179163905,2.071786125590918,2.26702287990588,2.0715291915483878,2.2672798139484103
N_params_B,11.97,449,Q_x_logN_logD,2.1378,2.149753051780315,-0.01195305178031525,2.0866064799582507,2.2128996236023797,2.0838652454456934,2.215640858114937,2.0696330648221744,2.229873038738456,2.068121375364809,2.2313847281958212,2.052134674622834,2.247371428937796,2.051877740580304,2.2476283629803264
N_params_B,11.97,351,Q_x_logN_logD,2.1274,2.130101600812231,-0.002701600812230698,2.0669550289901664,2.1932481726342954,2.064213794477609,2.1959894071468526,2.04998161385409,2.2102215877703717,2.048469924396725,2.211733277227737,2.03248322365475,2.227719977969712,2.0322262896122196,2.227976912012242
N_params_B,11.97,352,Q_x_logN_logD,2.2077,2.110450149844147,0.09724985015585297,2.0473035780220825,2.1735967216662115,2.0445623435095253,2.176337956178769,2.030330162886006,2.190570136802288,2.028818473428641,2.192081826259653,2.012831772686666,2.208068527001628,2.0125748386441358,2.2083254610441583
N_params_B,11.97,353,Q_x_logN_logD,2.0939,2.0907986988760627,0.003101301123937361,2.027652127053998,2.1539452706981272,2.024910892541441,2.1566865052106845,2.010678711917922,2.1709186858342036,2.0091670224605567,2.172430375291569,1.9931803217185817,2.1884170760335437,1.9929233876760515,2.188674010076074
N_params_B,11.97,354,Q_x_logN_logD,2.288,2.218199192925574,0.06980080707442582,2.1550526211035095,2.2813457647476385,2.1523113865909522,2.2840869992601958,2.138079205967433,2.298319179883715,2.136567516510068,2.29983086934108,2.120580815768093,2.315817570083055,2.1203238817255627,2.3160745041255852
N_params_B,11.97,355,Q_x_logN_logD,2.2118,2.199689794139751,0.012110205860249135,2.1365432223176866,2.2628363659618156,2.1338019878051293,2.265577600474373,2.1195698071816103,2.279809781097892,2.118058117724245,2.281321470555257,2.10207141698227,2.297308171297232,2.10181448293974,2.2975651053397623
N_params_B,11.97,356,Q_x_logN_logD,2.1456,2.1811803953539277,-0.03558039535392776,2.118033823531863,2.2443269671759922,2.115292589019306,2.2470682016885495,2.101060408395787,2.2613003823120685,2.0995487189384217,2.2628120717694338,2.0835620181964467,2.2787987725114087,2.0833050841539165,2.279055706553939
N_params_B,11.97,357,Q_x_logN_logD,2.141,2.162670996568105,-0.021670996568104783,2.0995244247460403,2.2258175683901693,2.096783190233483,2.2285588029027266,2.082551009609964,2.2427909835262456,2.0810393201525987,2.244302672983611,2.065052619410624,2.260289373725586,2.0647956853680935,2.260546307768116
N_params_B,11.97,450,Q_x_logN_logD,2.0954,2.1441615977822814,-0.048761597782281285,2.081015025960217,2.207308169604346,2.0782737914476597,2.210049404116903,2.0640416108241406,2.2242815847404223,2.0625299213667754,2.2257932741977875,2.0465432206248004,2.2417799749397624,2.04628628658227,2.2420369089822927
N_params_B,11.97,358,Q_x_logN_logD,2.0709,2.125652198996458,-0.05475219899645811,2.0625056271743936,2.1887987708185226,2.0597643926618363,2.19154000533108,2.0455322120383173,2.205772185954599,2.044020522580952,2.207283875411964,2.028033821838977,2.223270576153939,2.027776887796447,2.2235275101964693
N_params_B,11.97,451,Q_x_logN_logD,2.0538,2.107142800210635,-0.05334280021063531,2.0439962283885706,2.1702893720326997,2.0412549938760134,2.173030606545257,2.0270228132524943,2.187262787168776,2.025511123795129,2.188774476626141,2.009524423053154,2.204761177368116,2.009267489010624,2.2050181114106464
N_params_B,11.97,359,Q_x_logN_logD,2.0161,2.088633401424812,-0.07253340142481202,2.0254868296027473,2.1517799732468763,2.02274559509019,2.1545212077594336,2.008513414466671,2.1687533883829526,2.0070017250093057,2.170265077840318,1.9910150242673308,2.186251778582293,1.9907580902248005,2.186508712624823
N_params_B,11.97,360,Q_x_logN_logD,2.0573,2.070124002638989,-0.012824002638988752,2.0069774308169244,2.1332705744610534,2.004236196304367,2.1360118089736106,1.990004015680848,2.1502439895971297,1.9884923262234828,2.151755679054495,1.9725056254815079,2.16774237979647,1.9722486914389776,2.167999313839
N_params_B,11.97,361,Q_x_logN_logD,2.0191,2.0516146038531655,-0.032514603853165625,1.988468032031101,2.11476117567523,1.9857267975185438,2.1175024101877873,1.9714946168950247,2.1317345908113063,1.9699829274376595,2.1332462802686716,1.9539962266956845,2.1492329810106465,1.9537392926531543,2.1494899150531768
D_tokens_B,10.0,2,Q_x_logN,3.7216,3.6923384815108573,0.029261518489142713,3.6341763715924795,3.750500591429235,3.633953265102678,3.7507236979190366,3.6157233896906438,3.768953573331071,3.6141191628669227,3.770557800154792,3.5991591900945297,3.785517772927185,3.598768421000807,3.7859085420209078
D_tokens_B,10.0,3,Q_x_logN,3.6004,3.6399553368674806,-0.039555336867480584,3.581793226949103,3.6981174467858584,3.5815701204593013,3.69834055327566,3.563340245047267,3.716570428687694,3.561736018223546,3.7181746555114152,3.546776045451153,3.7331346282838083,3.54638527635743,3.733525397377531
D_tokens_B,10.0,4,Q_x_logN,3.6507,3.5875721922241035,0.06312780777589655,3.5294100823057257,3.6457343021424813,3.529186975815924,3.645957408632283,3.51095710040389,3.664187284044317,3.509352873580169,3.665791510868038,3.494392900807776,3.680751483640431,3.494002131714053,3.681142252734154
D_tokens_B,10.0,5,Q_x_logN,3.5704,3.535189047580727,0.03521095241927297,3.477026937662349,3.5933511574991046,3.4768038311725475,3.593574263988906,3.4585739557605133,3.6118041394009404,3.456969728936792,3.6134083662246614,3.442009756164399,3.6283683389970545,3.4416189870706764,3.6287591080907773
D_tokens_B,10.0,362,Q_x_logN,3.568,3.4828059029373497,0.08519409706265035,3.424643793018972,3.5409680128557275,3.4244206865291704,3.541191119345529,3.406190811117136,3.5594209947575632,3.404586584293415,3.5610252215812843,3.389626611521022,3.5759851943536773,3.3892358424272993,3.5763759634474
D_tokens_B,10.0,6,Q_x_logN,3.5458,3.4304227582939726,0.11537724170602726,3.372260648375595,3.4885848682123504,3.3720375418857933,3.488807974702152,3.353807666473759,3.507037850114186,3.352203439650038,3.508642076937907,3.337243466877645,3.5236020497103,3.336852697783922,3.523992818804023
D_tokens_B,10.0,363,Q_x_logN,3.4466,3.378039613650596,0.0685603863494042,3.319877503732218,3.4362017235689737,3.3196543972424166,3.436424830058775,3.3014245218303824,3.4546547054708094,3.2998202950066613,3.4562589322945305,3.2848603222342683,3.4712189050669235,3.2844695531405455,3.4716096741606464
D_tokens_B,10.0,7,Q_x_logN,3.353,3.325656469007219,0.027343530992781417,3.267494359088841,3.3838185789255966,3.2672712525990395,3.384041685415398,3.2490413771870053,3.4022715608274323,3.247437150363284,3.4038757876511534,3.232477177590891,3.4188357604235464,3.2320864084971683,3.4192265295172692
D_tokens_B,10.0,8,Q_x_logN,3.2211,3.273273324363842,-0.052173324363842255,3.2151112144454643,3.33143543428222,3.214888107955663,3.3316585407720214,3.1966582325436286,3.3498884161840556,3.1950540057199075,3.3514926430077767,3.1800940329475145,3.3664526157801697,3.1797032638537917,3.3668433848738926
D_tokens_B,10.0,9,Q_x_logN,3.1125,3.220890179720465,-0.10839017972046516,3.162728069802087,3.2790522896388428,3.1625049633122857,3.2792753961286443,3.1442750879002515,3.2975052715406785,3.1426708610765304,3.2991094983643996,3.1277108883041373,3.3140694711367926,3.1273201192104145,3.3144602402305154
D_tokens_B,10.0,42,Q_x_logN,3.4765,3.4303886590845685,0.046111340915431676,3.3722265491661907,3.4885507690029463,3.372003442676389,3.4887738754927478,3.353773567264355,3.507003750904782,3.352169340440634,3.508607977728503,3.337209367668241,3.523567950500896,3.336818598574518,3.523958719594619
D_tokens_B,10.0,43,Q_x_logN,3.4324,3.383133379322364,0.049266620677635764,3.3249712694039864,3.441295489240742,3.324748162914185,3.4415185957305434,3.3065182875021506,3.4597484711425777,3.3049140606784295,3.4613526979662987,3.2899540879060365,3.4763126707386918,3.2895633188123137,3.4767034398324146
D_tokens_B,10.0,44,Q_x_logN,3.46,3.33587809956016,0.12412190043984017,3.277715989641782,3.3940402094785376,3.2774928831519805,3.394263315968339,3.2592630077399463,3.4124931913803733,3.257658780916225,3.4140974182040944,3.242698808143832,3.4290573909764874,3.2423080390501093,3.4294481600702102
D_tokens_B,10.0,45,Q_x_logN,3.2484,3.288622819797956,-0.04022281979795572,3.230460709879578,3.3467849297163337,3.2302376033897766,3.347008036206135,3.2120077279777424,3.3652379116181694,3.2104035011540213,3.3668421384418905,3.1954435283816283,3.3818021112142835,3.1950527592879054,3.3821928803080064
D_tokens_B,10.0,372,Q_x_logN,3.2494,3.2413675400357516,0.008032459964248506,3.183205430117374,3.2995296499541293,3.1829823236275723,3.299752756443931,3.164752448215538,3.317982631855965,3.163148221391817,3.319586858679686,3.148188248619424,3.334546831452079,3.147797479525701,3.334937600545802
D_tokens_B,10.0,46,Q_x_logN,3.269,3.1941122602735477,0.07488773972645246,3.13595015035517,3.2522743701919254,3.1357270438653684,3.252497476681727,3.117497168453334,3.270727352093761,3.115892941629613,3.2723315789174823,3.10093296885722,3.2872915516898753,3.100542199763497,3.287682320783598
D_tokens_B,10.0,373,Q_x_logN,3.2288,3.1468569805113433,0.08194301948865679,3.0886948705929655,3.205019090429721,3.088471764103164,3.2052421969195226,3.07024188869113,3.223472072331557,3.0686376618674087,3.225076299155278,3.0536776890950157,3.240036271927671,3.053286920001293,3.240427041021394
D_tokens_B,10.0,47,Q_x_logN,3.2072,3.099601700749139,0.10759829925086084,3.041439590830761,3.1577638106675168,3.0412164843409597,3.1579869171573183,3.0229866089289255,3.1762167925693525,3.0213823821052044,3.1778210193930736,3.0064224093328114,3.1927809921654666,3.0060316402390885,3.1931717612591894
D_tokens_B,10.0,48,Q_x_logN,3.0024,3.052346420986935,-0.049946420986934914,2.9941843110685573,3.110508530905313,2.993961204578756,3.1107316373951144,2.9757313291667216,3.1289615128071486,2.9741271023430005,3.1305657396308697,2.9591671295706075,3.1455257124032627,2.9587763604768846,3.1459164814969856
D_tokens_B,10.0,49,Q_x_logN,3.0121,3.0050911412247308,0.0070088587752694664,2.946929031306353,3.0632532511431085,2.9467059248165515,3.06347635763291,2.9284760494045172,3.0817062330449443,2.926871822580796,3.0833104598686654,2.911911849808403,3.0982704326410584,2.9115210807146803,3.098661201734781
D_tokens_B,10.0,82,Q_x_logN,3.228,3.1978268926354936,0.030173107364506624,3.139664782717116,3.2559890025538714,3.1394416762273143,3.256212109043673,3.12121180081528,3.274441984455707,3.119607573991559,3.276046211279428,3.104647601219166,3.291006184051821,3.104256832125443,3.291396953145544
D_tokens_B,10.0,83,Q_x_logN,3.2291,3.156408507166147,0.07269149283385268,3.0982463972477694,3.214570617084525,3.098023290757968,3.2147937235743265,3.0797934153459336,3.2330235989863607,3.0781891885222126,3.234627825810082,3.0632292157498195,3.249587798582475,3.0628384466560967,3.2499785676761976
D_tokens_B,10.0,84,Q_x_logN,3.2054,3.114990121696801,0.09040987830319924,3.056828011778423,3.1731522316151786,3.0566049052886215,3.17337533810498,3.0383750298765873,3.1916052135170143,3.036770803052866,3.1932094403407354,3.021810830280473,3.2081694131131284,3.0214200611867503,3.2085601822068512
D_tokens_B,10.0,85,Q_x_logN,3.0181,3.073571736227454,-0.05547173622745394,3.015409626309076,3.1317338461458317,3.0151865198192747,3.1319569526356332,2.9969566444072404,3.1501868280476675,2.9953524175835193,3.1517910548713886,2.9803924448111263,3.1667510276437816,2.9800016757174035,3.1671417967375044
D_tokens_B,10.0,382,Q_x_logN,3.0802,3.0321533507581075,0.0480466492418925,2.9739912408397298,3.0903154606764853,2.9737681343499283,3.090538567166287,2.955538258937894,3.108768442578321,2.953934032114173,3.110372669402042,2.93897405934178,3.125332642174435,2.938583290248057,3.125723411268158
D_tokens_B,10.0,86,Q_x_logN,3.0836,2.990734965288761,0.09286503471123897,2.9325728553703834,3.048897075207139,2.932349748880582,3.0491201816969404,2.9141198734685476,3.0673500571089747,2.9125156466448265,3.0689542839326958,2.8975556738724335,3.083914256705089,2.8971649047787107,3.0843050257988116
D_tokens_B,10.0,383,Q_x_logN,3.027,2.9493165798194148,0.07768342018058538,2.891154469901037,3.0074786897377925,2.8909313634112355,3.007701796227594,2.872701487999201,3.0259316716396283,2.87109726117548,3.0275358984633494,2.856137288403087,3.0424958712357424,2.8557465193093643,3.042886640329465
D_tokens_B,10.0,87,Q_x_logN,2.9795,2.907898194350068,0.0716018056499319,2.84973608443169,2.9660603042684457,2.8495129779418886,2.966283410758247,2.8312831025298544,2.9845132861702814,2.8296788757061333,2.9861175129940025,2.8147189029337403,3.0010774857663955,2.8143281338400175,3.0014682548601184
D_tokens_B,10.0,88,Q_x_logN,2.8227,2.8664798088807215,-0.043779808880721305,2.8083176989623437,2.9246419187990993,2.8080945924725422,2.924865025288901,2.789864717060508,2.943094900700935,2.788260490236787,2.944699127524656,2.773300517464394,2.959659100297049,2.772909748370671,2.960049869390772
D_tokens_B,10.0,89,Q_x_logN,2.9558,2.825061423411375,0.13073857658862487,2.7668993134929973,2.883223533329753,2.766676207003196,2.8834466398195544,2.7484463315911616,2.9016765152315886,2.7468421047674405,2.9032807420553097,2.7318821319950475,2.9182407148277028,2.7314913629013247,2.9186314839214256
D_tokens_B,10.0,122,Q_x_logN,3.1919,3.0893227350821424,0.10257726491785757,3.0311606251637646,3.14748484500052,3.030937518673963,3.1477079514903217,3.012707643261929,3.165937826902356,3.011103416438208,3.167542053726077,2.9961434436658148,3.18250202649847,2.995752674572092,3.182892795592193
D_tokens_B,10.0,123,Q_x_logN,3.1552,3.0512224636343204,0.10397753636567941,2.9930603537159426,3.109384573552698,2.992837247226141,3.1096076800424997,2.974607371814107,3.127837555454534,2.9730031449903858,3.129441782278255,2.9580431722179927,3.144401755050648,2.95765240312427,3.144792524144371
D_tokens_B,10.0,124,Q_x_logN,3.0155,3.013122192186499,0.002377807813501054,2.954960082268121,3.0712843021048766,2.9547369757783195,3.071507408594678,2.9365071003662853,3.0897372840067123,2.934902873542564,3.0913415108304334,2.919942900770171,3.1063014836028264,2.9195521316764483,3.1066922526965493
D_tokens_B,10.0,125,Q_x_logN,3.0148,2.9750219207386768,0.039778079261323374,2.916859810820299,3.0331840306570546,2.9166367043304975,3.033407137146856,2.8984068289184632,3.0516370125588903,2.896802602094742,3.0532412393826114,2.881842629322349,3.0682012121550044,2.8814518602286263,3.0685919812487272
D_tokens_B,10.0,392,Q_x_logN,2.9761,2.9369216492908548,0.03917835070914544,2.878759539372477,2.9950837592092325,2.8785364328826755,2.995306865699034,2.860306557470641,3.0135367411110683,2.85870233064692,3.0151409679347894,2.843742357874527,3.0301009407071824,2.8433515887808043,3.030491709800905
D_tokens_B,10.0,126,Q_x_logN,2.9615,2.8988213778430327,0.06267862215696729,2.840659267924655,2.9569834877614105,2.8404361614348534,2.957206594251212,2.822206286022819,2.9754364696632463,2.820602059199098,2.9770406964869673,2.805642086426705,2.9920006692593604,2.8052513173329823,2.992391438353083
D_tokens_B,10.0,393,Q_x_logN,2.9524,2.8607211063952107,0.0916788936047892,2.802558996476833,2.9188832163135885,2.8023358899870314,2.91910632280339,2.784106014574997,2.9373361982154242,2.782501787751276,2.9389404250391453,2.767541814978883,2.9539003978115383,2.7671510458851603,2.954291166905261
D_tokens_B,10.0,127,Q_x_logN,2.8692,2.822620834947389,0.04657916505261106,2.7644587250290114,2.880782944865767,2.76423561853921,2.8810060513555684,2.7460057431271756,2.8992359267676027,2.7444015163034545,2.9008401535913237,2.7294415435310615,2.9158001263637168,2.7290507744373387,2.9161908954574396
D_tokens_B,10.0,128,Q_x_logN,2.7928,2.784520563499567,0.008279436500433057,2.7263584535811893,2.842682673417945,2.726135347091388,2.8429057799077464,2.7079054716793536,2.8611356553197806,2.7063012448556325,2.8627398821435017,2.6913412720832395,2.8776998549158948,2.6909505029895167,2.8780906240096176
D_tokens_B,10.0,129,Q_x_logN,2.8304,2.746420292051745,0.08397970794825493,2.6882581821333673,2.804582401970123,2.688035075643566,2.8048055084599244,2.6698052002315316,2.8230353838719586,2.6682009734078105,2.8246396106956797,2.6532410006354175,2.8395995834680727,2.6528502315416946,2.8399903525617956
D_tokens_B,10.0,162,Q_x_logN,3.0483,3.02464188928549,0.02365811071450974,2.9664797793671123,3.082803999203868,2.9662566728773108,3.0830271056936693,2.9480267974652765,3.1012569811057036,2.9464225706415554,3.1028612079294247,2.9314625978691624,3.1178211807018177,2.9310718287754396,3.1182119497955405
D_tokens_B,10.0,163,Q_x_logN,2.968,2.988754062889887,-0.020754062889887237,2.9305919529715094,3.046916172808265,2.930368846481708,3.0471392792980665,2.9121389710696737,3.0653691547101007,2.9105347442459526,3.066973381533822,2.8955747714735596,3.081933354306215,2.8951840023798368,3.0823241233999377
D_tokens_B,10.0,164,Q_x_logN,2.8948,2.952866236494285,-0.05806623649428477,2.894704126575907,3.0110283464126626,2.8944810200861055,3.011251452902464,2.8762511446740713,3.0294813283144983,2.87464691785035,3.0310855551382194,2.859686945077957,3.0460455279106124,2.8592961759842344,3.0464362970043353
D_tokens_B,10.0,165,Q_x_logN,2.8223,2.916978410098682,-0.09467841009868216,2.858816300180304,2.9751405200170598,2.8585931936905027,2.9753636265068613,2.8403633182784684,2.9935935019188955,2.8387590914547474,2.9951977287426166,2.8237991186823543,3.0101577015150096,2.8234083495886315,3.0105484706087324
D_tokens_B,10.0,402,Q_x_logN,2.848,2.8810905837030796,-0.03309058370307971,2.822928473784702,2.9392526936214574,2.8227053672949003,2.939475800111259,2.804475491882866,2.957705675523293,2.802871265059145,2.959309902347014,2.787911292286752,2.974269875119407,2.787520523193029,2.97466064421313
D_tokens_B,10.0,166,Q_x_logN,2.8442,2.8452027573074767,-0.001002757307476898,2.787040647389099,2.9033648672258545,2.7868175408992975,2.903587973715656,2.768587665487263,2.9218178491276903,2.766983438663542,2.9234220759514113,2.752023465891149,2.9383820487238044,2.7516326967974263,2.938772817817527
D_tokens_B,10.0,403,Q_x_logN,2.8028,2.8093149309118743,-0.006514930911874384,2.7511528209934966,2.867477040830252,2.750929714503695,2.8677001473200536,2.732699839091661,2.885930022732088,2.7310956122679397,2.887534249555809,2.7161356394955467,2.902494222328202,2.715744870401824,2.902884991421925
D_tokens_B,10.0,167,Q_x_logN,2.7546,2.7734271045162715,-0.018827104516271564,2.7152649945978937,2.8315892144346493,2.715041888108092,2.831812320924451,2.696812012696058,2.850042196336485,2.695207785872337,2.851646423160206,2.680247813099944,2.866606395932599,2.679857044006221,2.866997165026322
D_tokens_B,10.0,168,Q_x_logN,2.7505,2.7375392781206687,0.012960721879331505,2.679377168202291,2.7957013880390464,2.6791540617124894,2.795924494528848,2.660924186300455,2.814154369940882,2.659319959476734,2.8157585967646033,2.644359986704341,2.8307185695369963,2.643969217610618,2.831109338630719
D_tokens_B,10.0,169,Q_x_logN,2.6827,2.7016514517250663,-0.018951451725066182,2.6434893418066885,2.759813561643444,2.643266235316887,2.7600366681332456,2.6250363599048527,2.77826654354528,2.6234321330811317,2.779870770369001,2.6084721603087386,2.794830743141394,2.608081391215016,2.7952215122351167
D_tokens_B,10.0,202,Q_x_logN,2.9592,2.865469651201866,0.09373034879813424,2.807307541283488,2.9236317611202436,2.8070844347936865,2.923854867610045,2.7888545593816523,2.9420847430220793,2.787250332557931,2.9436889698458004,2.772290359785538,2.9586489426181934,2.7718995906918154,2.9590397117119163
D_tokens_B,10.0,203,Q_x_logN,2.8431,2.835968526266298,0.007131473733702265,2.77780641634792,2.8941306361846757,2.7775833098581186,2.894353742674477,2.7593534344460844,2.9125836180865114,2.7577492076223633,2.9141878449102325,2.7427892348499703,2.9291478176826256,2.7423984657562475,2.9295385867763484
D_tokens_B,10.0,204,Q_x_logN,2.8867,2.8064674013307305,0.08023259866926935,2.7483052914123527,2.8646295112491083,2.748082184922551,2.8648526177389098,2.729852309510517,2.883082493150944,2.728248082686796,2.884686719974665,2.713288109914403,2.899646692747058,2.71289734082068,2.900037461840781
D_tokens_B,10.0,205,Q_x_logN,2.771,2.7769662763951626,-0.005966276395162673,2.718804166476785,2.8351283863135404,2.7185810599869833,2.835351492803342,2.700351184574949,2.853581368215376,2.698746957751228,2.855185595039097,2.683786984978835,2.87014556781149,2.683396215885112,2.870536336905213
D_tokens_B,10.0,412,Q_x_logN,2.7452,2.747465151459595,-0.0022651514595950495,2.6893030415412174,2.805627261377973,2.689079935051416,2.8058503678677744,2.6708500596393816,2.8240802432798087,2.6692458328156605,2.8256844701035297,2.6542858600432675,2.8406444428759228,2.6538950909495447,2.8410352119696456
D_tokens_B,10.0,206,Q_x_logN,2.7064,2.7179640265240272,-0.011564026524027327,2.6598019166056495,2.776126136442405,2.659578810115848,2.7763492429322065,2.6413489347038137,2.7945791183442408,2.6397447078800926,2.796183345167962,2.6247847351076996,2.811143317940355,2.624393966013977,2.8115340870340777
D_tokens_B,10.0,413,Q_x_logN,2.671,2.68846290158846,-0.017462901588459978,2.630300791670082,2.7466250115068376,2.6300776851802805,2.746848117996639,2.6118478097682463,2.7650779934086733,2.610243582944525,2.7666822202323944,2.595283610172132,2.7816421930047874,2.5948928410784093,2.7820329620985103
D_tokens_B,10.0,207,Q_x_logN,2.651,2.658961776652892,-0.007961776652892105,2.600799666734514,2.7171238865712697,2.6005765602447126,2.717346993061071,2.5823466848326784,2.7355768684731054,2.5807424580089573,2.7371810952968265,2.5657824852365643,2.7521410680692195,2.5653917161428414,2.7525318371629424
D_tokens_B,10.0,208,Q_x_logN,2.6397,2.6294606517173245,0.010239348282675476,2.5712985417989467,2.6876227616357022,2.571075435309145,2.6878458681255037,2.552845559897111,2.706075743537538,2.55124133307339,2.707679970361259,2.536281360300997,2.722639943133652,2.535890591207274,2.723030712227375
D_tokens_B,10.0,209,Q_x_logN,2.484,2.5999595267817566,-0.11595952678175658,2.541797416863379,2.6581216367001343,2.5415743103735773,2.658344743189936,2.523344434961543,2.67657461860197,2.521740208137822,2.678178845425691,2.506780235365429,2.693138818198084,2.506389466271706,2.693529587291807
D_tokens_B,10.0,242,Q_x_logN,2.855,2.8181044717721706,0.03689552822782938,2.759942361853793,2.8762665816905484,2.7597192553639913,2.87648968818035,2.741489379951957,2.894719563592384,2.739885153128236,2.896323790416105,2.724925180355843,2.9112837631884982,2.72453441126212,2.911674532282221
D_tokens_B,10.0,243,Q_x_logN,2.872,2.7908157918888223,0.08118420811117755,2.7326536819704446,2.8489779018072,2.732430575480643,2.8492010082970016,2.714200700068609,2.867430883709036,2.7125964732448877,2.869035110532757,2.6976365004724947,2.88399508330515,2.697245731378772,2.884385852398873
D_tokens_B,10.0,244,Q_x_logN,2.8016,2.763527112005474,0.03807288799452602,2.7053650020870963,2.821689221923852,2.705141895597295,2.8219123284136534,2.6869120201852605,2.8401422038256876,2.6853077933615395,2.8417464306494087,2.6703478205891464,2.8567064034218017,2.6699570514954236,2.8570971725155245
D_tokens_B,10.0,245,Q_x_logN,2.6993,2.736238432122126,-0.036938432122125775,2.678076322203748,2.7944005420405036,2.6778532157139465,2.794623648530305,2.6596233403019123,2.8128535239423393,2.658019113478191,2.8144577507660604,2.643059140705798,2.8294177235384534,2.6426683716120754,2.8298084926321763
D_tokens_B,10.0,422,Q_x_logN,2.6556,2.708949752238777,-0.053349752238776915,2.6507876423203993,2.767111862157155,2.650564535830598,2.7673349686469564,2.6323346604185636,2.7855648440589906,2.6307304335948425,2.7871690708827117,2.6157704608224495,2.8021290436551047,2.6153796917287266,2.8025198127488276
D_tokens_B,10.0,246,Q_x_logN,2.631,2.681661072355429,-0.05066107235542905,2.623498962437051,2.7398231822738066,2.6232758559472495,2.740046288763608,2.6050459805352153,2.7582761641756424,2.6034417537114942,2.7598803909993634,2.588481780939101,2.7748403637717565,2.5880910118453784,2.7752311328654793
D_tokens_B,10.0,423,Q_x_logN,2.6349,2.6543723924720806,-0.019472392472080546,2.596210282553703,2.7125345023904583,2.5959871760639013,2.71275760888026,2.577757300651867,2.730987484292294,2.576153073828146,2.732591711116015,2.561193101055753,2.747551683888408,2.56080233196203,2.747942452982131
D_tokens_B,10.0,247,Q_x_logN,2.6463,2.6270837125887323,0.019216287411267796,2.5689216026703545,2.68524582250711,2.568698496180553,2.6854689289969116,2.5504686207685188,2.703698804408946,2.5488643939447977,2.705303031232667,2.5339044211724047,2.72026300400506,2.533513652078682,2.7206537730987828
D_tokens_B,10.0,248,Q_x_logN,2.6487,2.5997950327053836,0.04890496729461624,2.541632922787006,2.6579571426237614,2.5414098162972043,2.658180249113563,2.52317994088517,2.676410124525597,2.521575714061449,2.678014351349318,2.506615741289056,2.6929743241217112,2.506224972195333,2.693365093215434
D_tokens_B,10.0,249,Q_x_logN,2.4852,2.5725063528220353,-0.08730635282203547,2.5143442429036575,2.630668462740413,2.514121136413856,2.6308915692302146,2.495891261001822,2.649121444642249,2.4942870341781007,2.65072567146597,2.4793270614057077,2.665685644238363,2.478936292311985,2.666076413332086
D_tokens_B,10.0,282,Q_x_logN,2.7585,2.751840614933672,0.006659385066328127,2.6936785050152943,2.81000272485205,2.6934553985254928,2.8102258313418513,2.6752255231134585,2.8284557067538856,2.6736212962897374,2.8300599335776067,2.6586613235173444,2.8450199063499997,2.6582705544236216,2.8454106754437225
D_tokens_B,10.0,283,Q_x_logN,2.6605,2.7279339637312763,-0.06743396373127641,2.6697718538128985,2.786096073649654,2.669548747323097,2.7863191801394556,2.6513188719110627,2.80454905555149,2.6497146450873417,2.806153282375211,2.6347546723149486,2.821113255147604,2.634363903221226,2.8215040242413267
D_tokens_B,10.0,284,Q_x_logN,2.72,2.7040273125288805,0.015972687471119684,2.6458652026105027,2.7621894224472583,2.6456420961207012,2.76241252893706,2.627412220708667,2.780642404349094,2.625807993884946,2.782246631172815,2.610848021112553,2.797206603945208,2.61045725201883,2.797597373038931
D_tokens_B,10.0,285,Q_x_logN,2.6823,2.6801206613264847,0.0021793386735153852,2.621958551408107,2.7382827712448625,2.6217354449183055,2.738505877734664,2.603505569506271,2.7567357531466983,2.60190134268255,2.7583399799704194,2.586941369910157,2.7732999527428124,2.5865506008164343,2.773690721836535
D_tokens_B,10.0,432,Q_x_logN,2.6118,2.656214010124089,-0.044414010124088854,2.598051900205711,2.7143761200424668,2.5978287937159097,2.7145992265322683,2.5795989183038754,2.7328291019443025,2.5779946914801544,2.7344333287680236,2.5630347187077613,2.7493933015404166,2.5626439496140385,2.7497840706341394
D_tokens_B,10.0,286,Q_x_logN,2.5269,2.632307358921693,-0.10540735892169328,2.5741452490033154,2.690469468840071,2.573922142513514,2.6906925753298725,2.5556922671014797,2.7089224507419067,2.5540880402777586,2.710526677565628,2.5391280675053656,2.725486650338021,2.5387372984116428,2.7258774194317437
D_tokens_B,10.0,433,Q_x_logN,2.5613,2.6084007077192974,-0.04710070771929731,2.5502385978009197,2.666562817637675,2.550015491311118,2.6667859241274767,2.531785615899084,2.685015799539511,2.530181389075363,2.686620026363232,2.51522141630297,2.701579999135625,2.514830647209247,2.701970768229348
D_tokens_B,10.0,287,Q_x_logN,2.5341,2.5844940565169017,-0.05039405651690165,2.526331946598524,2.6426561664352795,2.5261088401087224,2.642879272925081,2.507878964696688,2.661109148337115,2.506274737872967,2.6627133751608363,2.491314765100574,2.6776733479332293,2.490923996006851,2.678064117026952
D_tokens_B,10.0,288,Q_x_logN,2.5395,2.560587405314506,-0.021087405314506036,2.502425295396128,2.6187495152328837,2.5022021889063266,2.618972621722685,2.4839723134942924,2.6372024971347194,2.4823680866705713,2.6388067239584405,2.4674081138981783,2.6537666967308335,2.4670173448044554,2.6541574658245564
D_tokens_B,10.0,289,Q_x_logN,2.4679,2.53668075411211,-0.06878075411210993,2.4785186441937324,2.594842864030488,2.478295537703931,2.5950659705202894,2.4600656622918966,2.6132958459323237,2.4584614354681755,2.6149000727560447,2.4435014626957825,2.6298600455284378,2.4431106936020597,2.6302508146221606
D_tokens_B,10.0,322,Q_x_logN,2.77,2.691251688000232,0.07874831199976784,2.6330895780818544,2.74941379791861,2.632866471592053,2.7496369044084115,2.6146365961800186,2.7678667798204457,2.6130323693562976,2.769471006644167,2.5980723965839045,2.78443097941656,2.5976816274901817,2.7848217485102826
D_tokens_B,10.0,323,Q_x_logN,2.6684,2.670762143647754,-0.0023621436477538893,2.612600033729376,2.7289242535661318,2.6123769272395747,2.7291473600559333,2.5941470518275405,2.7473772354679675,2.5925428250038194,2.7489814622916886,2.5775828522314264,2.7639414350640816,2.5771920831377035,2.7643322041578045
D_tokens_B,10.0,324,Q_x_logN,2.6888,2.650272599295276,0.03852740070472427,2.592110489376898,2.7084347092136536,2.5918873828870965,2.708657815703455,2.5736575074750623,2.7268876911154893,2.572053280651341,2.7284919179392104,2.557093307878948,2.7434518907116034,2.5567025387852254,2.7438426598053263
D_tokens_B,10.0,325,Q_x_logN,2.7027,2.6297830549427976,0.07291694505720248,2.57162094502442,2.6879451648611754,2.5713978385346183,2.688168271350977,2.553167963122584,2.706398146763011,2.551563736298863,2.7080023735867322,2.53660376352647,2.7229623463591253,2.536212994432747,2.723353115452848
D_tokens_B,10.0,442,Q_x_logN,2.6862,2.6092935105903194,0.07690648940968048,2.5511314006719417,2.6674556205086972,2.55090829418214,2.6676787269984987,2.532678418770106,2.685908602410533,2.531074191946385,2.687512829234254,2.516114219173992,2.702472802006647,2.515723450080269,2.70286357110037
D_tokens_B,10.0,326,Q_x_logN,2.6784,2.5888039662378413,0.08959603376215863,2.5306418563194635,2.646966076156219,2.530418749829662,2.6471891826460205,2.5121888744176277,2.665419058058055,2.5105846475939066,2.667023284881776,2.4956246748215136,2.681983257654169,2.495233905727791,2.6823740267478917
D_tokens_B,10.0,443,Q_x_logN,2.6556,2.5683144218853626,0.08728557811463755,2.510152311966985,2.6264765318037404,2.5099292054771833,2.626699638293542,2.491699330065149,2.644929513705576,2.490095103241428,2.6465337405292972,2.475135130469035,2.6614937133016903,2.474744361375312,2.661884482395413
D_tokens_B,10.0,327,Q_x_logN,2.6185,2.5478248775328844,0.0706751224671156,2.4896627676145067,2.6059869874512622,2.489439661124705,2.6062100939410637,2.471209785712671,2.624439969353098,2.46960555888895,2.626044196176819,2.454645586116557,2.641004168949212,2.454254817022834,2.641394938042935
D_tokens_B,10.0,328,Q_x_logN,2.4891,2.5273353331804063,-0.03823533318040617,2.4691732232620285,2.585497443098784,2.468950116772227,2.5857205495885855,2.4507202413601927,2.60395042500062,2.4491160145364717,2.605554651824341,2.4341560417640786,2.620514624596734,2.433765272670356,2.6209053936904567
D_tokens_B,10.0,329,Q_x_logN,2.4184,2.506845788827928,-0.08844578882792797,2.4486836789095503,2.565007898746306,2.448460572419749,2.5652310052361074,2.4302306970077145,2.5834608806481416,2.4286264701839935,2.5850651074718627,2.4136664974116004,2.6000250802442557,2.4132757283178776,2.6004158493379785
D_tokens_B,50.0,10,Q_x_logN_logD,3.5105,3.470212163651204,0.040287836348795736,3.4073360109873314,3.533088316315077,3.404266291623846,3.5361580356785622,3.3913546572477635,3.549069670054645,3.3903244135605903,3.550099913741818,3.3774124529790677,3.5630118743233408,3.3718688541846062,3.568555473117802
D_tokens_B,50.0,11,Q_x_logN_logD,3.4001,3.4162958617760735,-0.01619586177607335,3.3534197091122007,3.4791720144399463,3.3503499897487155,3.4822417338034315,3.337438355372633,3.495153368179514,3.3364081116854596,3.4961836118666874,3.323496151103937,3.50909557244821,3.3179525523094755,3.5146391712426714
D_tokens_B,50.0,12,Q_x_logN_logD,3.3596,3.3623795599009427,-0.0027795599009428074,3.29950340723707,3.4252557125648155,3.2964336878735847,3.4283254319283007,3.283522053497502,3.4412370663043834,3.282491809810329,3.4422673099915566,3.269579849228806,3.4551792705730793,3.2640362504343448,3.4607228693675407
D_tokens_B,50.0,13,Q_x_logN_logD,3.2727,3.308463258025812,-0.03576325802581204,3.245587105361939,3.371339410689685,3.242517385998454,3.37440913005317,3.2296057516223713,3.3873207644292527,3.228575507935198,3.388351008116426,3.2156635473536754,3.4012629686979485,3.210119948559214,3.40680656749241
D_tokens_B,50.0,364,Q_x_logN_logD,3.1892,3.254546956150681,-0.06534695615068076,3.191670803486808,3.3174231088145536,3.1886010841233228,3.320492828178039,3.17568944974724,3.3334044625541215,3.174659206060067,3.3344347062412947,3.1617472454785442,3.3473466668228173,3.156203646684083,3.3528902656172788
D_tokens_B,50.0,14,Q_x_logN_logD,3.0798,3.20063065427555,-0.12083065427554995,3.1377545016116772,3.263506806939423,3.134684782248192,3.266576526302908,3.1217731478721094,3.2794881606789907,3.120742904184936,3.280518404366164,3.1078309436034135,3.2934303649476866,3.102287344808952,3.298973963742148
D_tokens_B,50.0,365,Q_x_logN_logD,3.1419,3.1467143524004193,-0.004814352400419164,3.0838381997365465,3.209590505064292,3.0807684803730613,3.2126602244277773,3.0678568459969786,3.22557185880386,3.0668266023098054,3.226602102491033,3.0539146417282828,3.239514063072556,3.0483710429338213,3.2450576618670173
D_tokens_B,50.0,15,Q_x_logN_logD,3.1431,3.092798050525288,0.05030194947471189,3.0299218978614153,3.155674203189161,3.02685217849793,3.158743922552646,3.0139405441218474,3.171655556928729,3.0129103004346742,3.172685800615902,2.9999983398531516,3.1855977611974247,2.99445474105869,3.191141359991886
D_tokens_B,50.0,16,Q_x_logN_logD,3.0628,3.0388817486501574,0.023918251349842823,2.9760055959862846,3.10175790131403,2.9729358766227993,3.1048276206775154,2.9600242422467167,3.117739255053598,2.9589939985595435,3.1187694987407713,2.946082037978021,3.131681459322294,2.9405384391835594,3.1372250581167553
D_tokens_B,50.0,17,Q_x_logN_logD,2.9922,2.9849654467750266,0.00723455322497335,2.922089294111154,3.0478415994388994,2.9190195747476686,3.0509113188023846,2.906107940371586,3.0638229531784673,2.9050776966844127,3.0648531968656405,2.89216573610289,3.077765157447163,2.8866221373084286,3.0833087562416246
D_tokens_B,50.0,50,Q_x_logN_logD,3.2175,3.2093740947689895,0.00812590523101031,3.1464979421051167,3.2722502474328623,3.1434282227416315,3.2753199667963475,3.130516588365549,3.28823160117243,3.1294863446783756,3.2892618448596034,3.116574384096853,3.302173805441126,3.1110307853023915,3.3077174042355875
D_tokens_B,50.0,51,Q_x_logN_logD,3.1458,3.1602252046468604,-0.014425204646860479,3.0973490519829876,3.223101357310733,3.0942793326195024,3.2261710766742184,3.0813676982434197,3.239082711050301,3.0803374545562465,3.2401129547374743,3.067425493974724,3.253024915318997,3.0618818951802624,3.2585685141134584
D_tokens_B,50.0,52,Q_x_logN_logD,3.0796,3.1110763145247313,-0.03147631452473121,3.0482001618608585,3.173952467188604,3.0451304424973733,3.1770221865520893,3.0322188081212906,3.189933820928172,3.0311885644341174,3.190964064615345,3.0182766038525948,3.203876025196868,3.0127330050581334,3.2094196239913293
D_tokens_B,50.0,53,Q_x_logN_logD,3.002,3.0619274244026027,-0.0599274244026029,2.99905127173873,3.1248035770664755,2.9959815523752447,3.1278732964299607,2.983069917999162,3.1407849308060434,2.982039674311989,3.1418151744932166,2.969127713730466,3.1547271350747392,2.9635841149360047,3.1602707338692007
D_tokens_B,50.0,374,Q_x_logN_logD,2.9246,3.0127785342804736,-0.08817853428047373,2.949902381616601,3.0756546869443464,2.9468326622531156,3.0787244063078316,2.933921027877033,3.0916360406839143,2.9328907841898597,3.0926662843710875,2.919978823608337,3.10557824495261,2.9144352248138756,3.1111218437470716
D_tokens_B,50.0,54,Q_x_logN_logD,2.8375,2.963629644158345,-0.12612964415834504,2.900753491494472,3.0265057968222178,2.897683772130987,3.029575516185703,2.8847721377549043,3.0424871505617856,2.883741894067731,3.043517394248959,2.8708299334862084,3.0564293548304815,2.865286334691747,3.061972953624943
D_tokens_B,50.0,375,Q_x_logN_logD,2.8275,2.914480754036216,-0.08698075403621575,2.851604601372343,2.9773569067000887,2.848534882008858,2.980426626063574,2.835623247632775,2.9933382604396566,2.834593003945602,2.9943685041268298,2.8216810433640793,3.0072804647083524,2.816137444569618,3.012824063502814
D_tokens_B,50.0,55,Q_x_logN_logD,2.894,2.865331863914087,0.028668136085913343,2.802455711250214,2.9282080165779596,2.7993859918867288,2.931277735941445,2.786474357510646,2.9441893703175275,2.785444113823473,2.9452196140047007,2.7725321532419502,2.9581315745862233,2.766988554447489,2.9636751733806848
D_tokens_B,50.0,56,Q_x_logN_logD,2.6326,2.816182973791958,-0.1835829737919581,2.7533068211280853,2.879059126455831,2.7502371017646,2.882128845819316,2.7373254673885175,2.895040480195399,2.7362952237013443,2.896070723882572,2.7233832631198216,2.9089826844640947,2.71783966432536,2.914526283258556
D_tokens_B,50.0,57,Q_x_logN_logD,2.793,2.767034083669829,0.02596591633017109,2.7041579310059563,2.829910236333702,2.701088211642471,2.832979955697187,2.6881765772663884,2.8458915900732698,2.687146333579215,2.846921833760443,2.6742343729976925,2.8598337943419656,2.668690774203231,2.865377393136427
D_tokens_B,50.0,90,Q_x_logN_logD,2.976,2.9758399690153494,0.00016003098465056098,2.9129638163514766,3.0387161216792222,2.9098940969879914,3.0417858410427074,2.8969824626119087,3.05469747541879,2.8959522189247355,3.0557277191059633,2.883040258343213,3.068639679687486,2.8774966595487514,3.0741832784819474
D_tokens_B,50.0,91,Q_x_logN_logD,2.9489,2.932117680236592,0.01678231976340827,2.869241527572719,2.9949938329004646,2.866171808209234,2.99806355226395,2.853260173833151,3.0109751866400325,2.852229930145978,3.0120054303272057,2.8393179695644553,3.0249173909087284,2.833774370769994,3.03046098970319
D_tokens_B,50.0,92,Q_x_logN_logD,2.9676,2.888395391457834,0.07920460854216582,2.8255192387939614,2.951271544121707,2.822449519430476,2.954341263485192,2.8095378850543935,2.967252897861275,2.8085076413672203,2.968283141548448,2.7955956807856976,2.9811951021299707,2.790052081991236,2.986738700924432
D_tokens_B,50.0,93,Q_x_logN_logD,2.8049,2.844673102679077,-0.03977310267907708,2.781796950015204,2.90754925534295,2.778727230651719,2.910618974706435,2.7658155962756363,2.9235306090825177,2.764785352588463,2.924560852769691,2.7518733920069405,2.9374728133512136,2.746329793212479,2.943016412145675
D_tokens_B,50.0,384,Q_x_logN_logD,2.7517,2.8009508139003194,-0.04925081390031938,2.7380746612364466,2.8638269665641922,2.7350049418729614,2.8668966859276774,2.7220933074968787,2.87980832030376,2.7210630638097055,2.8808385639909333,2.708151103228183,2.893750524572456,2.7026075044337214,2.8992941233669174
D_tokens_B,50.0,94,Q_x_logN_logD,2.6958,2.7572285251215622,-0.06142852512156205,2.6943523724576894,2.820104677785435,2.6912826530942042,2.8231743971489203,2.6783710187181216,2.836086031525003,2.6773407750309484,2.837116275212176,2.6644288144494257,2.850028235793699,2.6588852156549643,2.85557183458816
D_tokens_B,50.0,385,Q_x_logN_logD,2.6453,2.7135062363428046,-0.06820623634280443,2.650630083678932,2.7763823890066774,2.6475603643154466,2.7794521083701627,2.634648729939364,2.7923637427462453,2.6336184862521907,2.7933939864334185,2.620706525670668,2.806305947014941,2.6151629268762067,2.8118495458094026
D_tokens_B,50.0,95,Q_x_logN_logD,2.6518,2.669783947564047,-0.017983947564046865,2.606907794900174,2.73266010022792,2.603838075536689,2.735729819591405,2.5909264411606063,2.7486414539674877,2.589896197473433,2.749671697654661,2.5769842368919105,2.7625836582361836,2.571440638097449,2.768127257030645
D_tokens_B,50.0,96,Q_x_logN_logD,2.6355,2.62606165878529,0.0094383412147101,2.563185506121417,2.6889378114491627,2.560115786757932,2.692007530812648,2.547204152381849,2.7049191651887305,2.546173908694676,2.7059494088759037,2.5332619481131533,2.7188613694574264,2.527718349318692,2.724404968251888
D_tokens_B,50.0,97,Q_x_logN_logD,2.6047,2.5823393700065322,0.02236062999346755,2.5194632173426594,2.645215522670405,2.516393497979174,2.6482852420338903,2.5034818636030916,2.661196876409973,2.5024516199159184,2.662227120097146,2.4895396593343957,2.675139080678669,2.4839960605399343,2.68068267947313
D_tokens_B,50.0,130,Q_x_logN_logD,2.8444,2.86629705334275,-0.021897053342750272,2.8034209006788773,2.929173206006623,2.800351181315392,2.932242925370108,2.7874395469393094,2.945154559746191,2.786409303252136,2.946184803433364,2.7734973426706135,2.9590967640148866,2.767953743876152,2.964640362809348
D_tokens_B,50.0,131,Q_x_logN_logD,2.8069,2.825659638317608,-0.018759638317607852,2.762783485653735,2.888535790981481,2.75971376629025,2.891605510344966,2.7468021319141673,2.9045171447210487,2.745771888226994,2.905547388408222,2.7328599276454715,2.9184593489897446,2.72731632885101,2.924002947784206
D_tokens_B,50.0,132,Q_x_logN_logD,2.7973,2.785022223292466,0.012277776707533938,2.722146070628593,2.8478983759563388,2.719076351265108,2.850968095319824,2.7061647168890253,2.8638797296959067,2.705134473201852,2.86490997338308,2.6922225126203294,2.8778219339646025,2.686678913825868,2.883365532759064
D_tokens_B,50.0,133,Q_x_logN_logD,2.7324,2.7443848082673243,-0.011984808267324176,2.6815086556034515,2.807260960931197,2.6784389362399663,2.8103306802946824,2.6655273018638836,2.823242314670765,2.6644970581767105,2.8242725583579382,2.651585097595188,2.837184518939461,2.6460414988007264,2.8427281177339223
D_tokens_B,50.0,394,Q_x_logN_logD,2.6726,2.7037473932421823,-0.031147393242182186,2.6408712405783095,2.766623545906055,2.6378015212148243,2.7696932652695403,2.6248898868387416,2.782604899645623,2.6238596431515684,2.783635143332796,2.6109476825700457,2.796547103914319,2.6054040837755843,2.8020907027087802
D_tokens_B,50.0,134,Q_x_logN_logD,2.6134,2.6631099782170407,-0.04970997821704071,2.600233825553168,2.7259861308809135,2.5971641061896826,2.7290558502443987,2.5842524718136,2.7419674846204813,2.5832222281264268,2.7429977283076545,2.570310267544904,2.755909688889177,2.5647666687504427,2.7614532876836386
D_tokens_B,50.0,395,Q_x_logN_logD,2.606,2.6224725631918986,-0.016472563191898715,2.559596410528026,2.6853487158557714,2.5565266911645406,2.6884184352192566,2.543615056788458,2.7013300695953393,2.5425848131012847,2.7023603132825125,2.529672852519762,2.715272273864035,2.5241292537253006,2.7208158726584966
D_tokens_B,50.0,135,Q_x_logN_logD,2.6409,2.5818351481667565,0.05906485183324328,2.5189589955028837,2.6447113008306293,2.5158892761393985,2.6477810201941145,2.502977641763316,2.660692654570197,2.5019473980761426,2.6617228982573704,2.48903543749462,2.674634858838893,2.4834918387001585,2.6801784576333545
D_tokens_B,50.0,136,Q_x_logN_logD,2.5496,2.541197733141615,0.008402266858384966,2.478321580477742,2.6040738858054877,2.475251861114257,2.607143605168973,2.462340226738174,2.6200552395450556,2.461309983051001,2.621085483232229,2.4483980224694784,2.6339974438137514,2.442854423675017,2.639541042608213
D_tokens_B,50.0,137,Q_x_logN_logD,2.5581,2.500560318116473,0.057539681883527205,2.4376841654526,2.5634364707803456,2.434614446089115,2.566506190143831,2.421702811713032,2.5794178245199135,2.420672568025859,2.5804480682070867,2.4077606074443363,2.5933600287886094,2.402217008649875,2.598903627583071
D_tokens_B,50.0,170,Q_x_logN_logD,2.8264,2.8008519353427146,0.02554806465728543,2.737975782678842,2.8637280880065874,2.7349060633153566,2.8667978073700726,2.721994428939274,2.8797094417461553,2.7209641852521007,2.8807396854333285,2.708052224670578,2.893651646014851,2.7025086258761166,2.8991952448093126
D_tokens_B,50.0,171,Q_x_logN_logD,2.8076,2.762271445917065,0.04532855408293468,2.6993952932531924,2.825147598580938,2.696325573889707,2.828217317944423,2.6834139395136245,2.841128952320506,2.6823836958264513,2.842159196007679,2.6694717352449286,2.8550711565892017,2.663928136450467,2.860614755383663
D_tokens_B,50.0,172,Q_x_logN_logD,2.6823,2.7236909564914153,-0.04139095649141522,2.6608148038275425,2.786567109155288,2.6577450844640573,2.7896368285187734,2.6448334500879747,2.802548462894856,2.6438032064008015,2.8035787065820292,2.630891245819279,2.816490667163552,2.6253476470248174,2.8220342659580133
D_tokens_B,50.0,173,Q_x_logN_logD,2.6528,2.6851104670657655,-0.03231046706576546,2.6222343144018927,2.7479866197296383,2.6191645950384075,2.7510563390931235,2.606252960662325,2.763967973469206,2.6052227169751516,2.7649982171563794,2.592310756393629,2.777910177737902,2.5867671575991675,2.7834537765323635
D_tokens_B,50.0,404,Q_x_logN_logD,2.6594,2.6465299776401157,0.012870022359884548,2.583653824976243,2.7094061303039885,2.5805841056127576,2.7124758496674737,2.567672471236675,2.7253874840435564,2.5666422275495018,2.7264177277307295,2.553730266967979,2.739329688312252,2.5481866681735177,2.7448732871067136
D_tokens_B,50.0,174,Q_x_logN_logD,2.6707,2.6079494882144663,0.06275051178553381,2.5450733355505935,2.670825640878339,2.5420036161871082,2.6738953602418243,2.5290919818110256,2.686806994617907,2.5280617381238524,2.68783723830508,2.5151497775423297,2.700749198886603,2.5096061787478683,2.7062927976810642
D_tokens_B,50.0,405,Q_x_logN_logD,2.5754,2.5693689987888164,0.0060310012111837175,2.5064928461249436,2.6322451514526892,2.5034231267614584,2.6353148708161744,2.4905114923853757,2.648226505192257,2.4894812486982025,2.6492567488794303,2.47656928811668,2.662168709460953,2.4710256893222184,2.6677123082554144
D_tokens_B,50.0,175,Q_x_logN_logD,2.4922,2.5307885093631666,-0.0385885093631666,2.4679123566992938,2.5936646620270394,2.4648426373358086,2.5967343813905246,2.451931002959726,2.6096460157666073,2.4509007592725527,2.6106762594537805,2.43798879869103,2.623588220035303,2.4324451998965686,2.6291318188297645
D_tokens_B,50.0,176,Q_x_logN_logD,2.5805,2.492208019937517,0.08829198006248262,2.4293318672736444,2.55508417260139,2.426262147910159,2.558153891964875,2.4133505135340765,2.571065526340958,2.4123202698469033,2.572095770028131,2.3994083092653806,2.5850077306096537,2.393864710470919,2.590551329404115
D_tokens_B,50.0,177,Q_x_logN_logD,2.5615,2.4536275305118673,0.10787246948813278,2.3907513778479945,2.51650368317574,2.3876816584845093,2.5195734025392253,2.3747700241084266,2.532485036915308,2.3737397804212534,2.533515280602481,2.360827819839731,2.546427241184004,2.3552842210452694,2.5519708399784653
D_tokens_B,50.0,210,Q_x_logN_logD,2.5785,2.63952267377739,-0.06102267377738979,2.576646521113517,2.7023988264412626,2.573576801750032,2.705468545804748,2.560665167373949,2.7183801801808305,2.559634923686776,2.7194104238680037,2.5467229631052533,2.7323223844495264,2.541179364310792,2.7378659832439878
D_tokens_B,50.0,211,Q_x_logN_logD,2.4874,2.606879945253997,-0.11947994525399697,2.544003792590124,2.66975609791787,2.540934073226639,2.672825817281355,2.5280224388505563,2.6857374516574377,2.526992195163383,2.686767695344611,2.5140802345818605,2.6996796559261336,2.508536635787399,2.705223254720595
D_tokens_B,50.0,212,Q_x_logN_logD,2.5971,2.5742372167306047,0.022862783269395504,2.511361064066732,2.6371133693944775,2.5082913447032467,2.6401830887579627,2.495379710327164,2.6530947231340454,2.494349466639991,2.6541249668212186,2.481437506058468,2.6670369274027412,2.4758939072640067,2.6725805261972027
D_tokens_B,50.0,213,Q_x_logN_logD,2.5963,2.541594488207212,0.05470551179278793,2.478718335543339,2.6044706408710847,2.475648616179854,2.60754036023457,2.462736981803771,2.6204519946106526,2.461706738116598,2.621482238297826,2.4487947775350754,2.6343941988793484,2.443251178740614,2.63993779767381
D_tokens_B,50.0,414,Q_x_logN_logD,2.5569,2.5089517596838196,0.04794824031618061,2.4460756070199468,2.5718279123476924,2.4430058876564615,2.5748976317111776,2.430094253280379,2.5878092660872603,2.4290640095932057,2.5888395097744334,2.416152049011683,2.601751470355956,2.4106084502172216,2.6072950691504175
D_tokens_B,50.0,214,Q_x_logN_logD,2.5446,2.4763090311604268,0.0682909688395732,2.413432878496554,2.5391851838242996,2.4103631591330688,2.542254903187785,2.397451524756986,2.5551665375638675,2.396421281069813,2.5561967812510407,2.3835093204882902,2.5691087418325633,2.377965721693829,2.5746523406270247
D_tokens_B,50.0,415,Q_x_logN_logD,2.4459,2.4436663026370344,0.0022336973629655255,2.3807901499731616,2.5065424553009072,2.3777204306096764,2.5096121746643925,2.3648087962335937,2.522523809040475,2.3637785525464206,2.5235540527276483,2.350866591964898,2.536466013309171,2.3453229931704365,2.5420096121036324
D_tokens_B,50.0,215,Q_x_logN_logD,2.3227,2.4110235741136417,-0.08832357411364145,2.348147421449769,2.4738997267775145,2.3450777020862836,2.4769694461409997,2.332166067710201,2.4898810805170823,2.3311358240230278,2.4909113242042555,2.318223863441505,2.503823284785778,2.3126802646470437,2.5093668835802396
D_tokens_B,50.0,216,Q_x_logN_logD,2.3871,2.3783808455902493,0.008719154409750907,2.3155046929263765,2.441256998254122,2.3124349735628913,2.4443267176176073,2.2995233391868086,2.45723835199369,2.2984930954996354,2.458268595680863,2.2855811349181128,2.471180556262386,2.2800375361236513,2.4767241550568473
D_tokens_B,50.0,217,Q_x_logN_logD,2.2984,2.3457381170668565,-0.04733811706685653,2.2828619644029837,2.4086142697307293,2.2797922450394985,2.4116839890942146,2.266880610663416,2.4245956234702972,2.2658503669762426,2.4256258671574704,2.25293840639472,2.438537827738993,2.2473948076002586,2.4440814265334545
D_tokens_B,50.0,250,Q_x_logN_logD,2.5657,2.5915055746076567,-0.025805574607656645,2.528629421943784,2.6543817272715295,2.5255597025802987,2.6574514466350148,2.512648068204216,2.6703630810110974,2.511617824517043,2.6713933246982706,2.49870586393552,2.6843052852797933,2.4931622651410588,2.6898488840742547
D_tokens_B,50.0,251,Q_x_logN_logD,2.6024,2.560919771683756,0.04148022831624365,2.4980436190198834,2.623795924347629,2.494973899656398,2.626865643711114,2.4820622652803155,2.639777278087197,2.4810320215931423,2.64080752177437,2.4681200610116196,2.6537194823558927,2.462576462217158,2.659263081150354
D_tokens_B,50.0,252,Q_x_logN_logD,2.5078,2.530333968759856,-0.022533968759856027,2.4674578160959832,2.593210121423729,2.464388096732498,2.596279840787214,2.4514764623564154,2.6091914751632967,2.450446218669242,2.61022171885047,2.4375342580877195,2.6231336794319926,2.431990659293258,2.628677278226454
D_tokens_B,50.0,253,Q_x_logN_logD,2.5793,2.4997481658359555,0.07955183416404443,2.4368720131720827,2.5626243184998283,2.4338022938085975,2.5656940378633135,2.420890659432515,2.578605672239396,2.4198604157453416,2.5796359159265694,2.406948455163819,2.592547876508092,2.4014048563693575,2.5980914753025535
D_tokens_B,50.0,424,Q_x_logN_logD,2.5028,2.4691623629120554,0.03363763708794476,2.4062862102481826,2.532038515575928,2.4032164908846974,2.5351082349394134,2.3903048565086147,2.548019869315496,2.3892746128214415,2.5490501130026693,2.376362652239919,2.561962073584192,2.3708190534454574,2.5675056723786533
D_tokens_B,50.0,254,Q_x_logN_logD,2.4706,2.438576559988155,0.03202344001184532,2.375700407324282,2.5014527126520276,2.372630687960797,2.504522432015513,2.359719053584714,2.5174340663915955,2.358688809897541,2.5184643100787687,2.3457768493160183,2.5313762706602914,2.340233250521557,2.536919869454753
D_tokens_B,50.0,425,Q_x_logN_logD,2.4309,2.4079907570642547,0.022909242935745144,2.345114604400382,2.4708669097281275,2.3420448850368967,2.4739366290916127,2.329133250660814,2.4868482634676954,2.328103006973641,2.4878785071548686,2.315191046392118,2.5007904677363912,2.3096474475976567,2.5063340665308527
D_tokens_B,50.0,255,Q_x_logN_logD,2.4391,2.377404954140354,0.06169504585964569,2.3145288014764813,2.440281106804227,2.311459082112996,2.443350826167712,2.2985474477369134,2.456262460543795,2.2975172040497402,2.457292704230968,2.2846052434682176,2.4702046648124907,2.279061644673756,2.475748263606952
D_tokens_B,50.0,256,Q_x_logN_logD,2.3223,2.346819151216454,-0.024519151216454205,2.283942998552581,2.409695303880327,2.280873279189096,2.412765023243812,2.2679616448130133,2.4256766576198947,2.26693140112584,2.426706901307068,2.2540194405443175,2.4396188618885906,2.248475841749856,2.445162460683052
D_tokens_B,50.0,257,Q_x_logN_logD,2.4105,2.3162333482925535,0.09426665170744641,2.2533571956286806,2.3791095009564263,2.2502874762651954,2.3821792203199115,2.2373758418891128,2.395090854695994,2.2363455982019396,2.3961210983831673,2.223433637620417,2.40903305896469,2.2178900388259555,2.4145766577591514
D_tokens_B,50.0,290,Q_x_logN_logD,2.5548,2.524394730695576,0.03040526930442411,2.4615185780317033,2.587270883359449,2.458448858668218,2.590340602722934,2.4455372242921354,2.6032522370990168,2.444506980604962,2.60428248078619,2.4315950200234395,2.6171944413677126,2.426051421228978,2.622738040162174
D_tokens_B,50.0,291,Q_x_logN_logD,2.4799,2.4969532234300424,-0.01705322343004223,2.4340770707661696,2.5598293760939153,2.4310073514026844,2.5628990954574005,2.4180957170266018,2.575810729833483,2.4170654733394286,2.5768409735206563,2.404153512757906,2.589752934102179,2.3986099139634445,2.5952965328966404
D_tokens_B,50.0,292,Q_x_logN_logD,2.4833,2.469511716164509,0.013788283835491022,2.406635563500636,2.5323878688283816,2.403565844137151,2.535457588191867,2.390654209761068,2.5483692225679495,2.389623966073895,2.5493994662551227,2.3767120054923723,2.5623114268366454,2.371168406697911,2.567855025631107
D_tokens_B,50.0,293,Q_x_logN_logD,2.4979,2.442070208898975,0.05582979110102482,2.3791940562351024,2.504946361562848,2.376124336871617,2.508016080926333,2.3632127024955345,2.520927715302416,2.3621824588083613,2.521957958989589,2.3492704982268386,2.5348699195711117,2.343726899432377,2.540413518365573
D_tokens_B,50.0,434,Q_x_logN_logD,2.4529,2.4146287016334416,0.038271298366558515,2.3517525489695688,2.4775048542973144,2.3486828296060835,2.4805745736607996,2.335771195230001,2.4934862080368823,2.3347409515428277,2.4945164517240555,2.321828990961305,2.507428412305578,2.3162853921668436,2.5129720111000395
D_tokens_B,50.0,294,Q_x_logN_logD,2.4093,2.3871871943679084,0.022112805632091614,2.3243110417040356,2.450063347031781,2.3212413223405504,2.4531330663952664,2.3083296879644677,2.466044700771349,2.3072994442772945,2.4670749444585223,2.294387483695772,2.479986905040045,2.2888438849013104,2.4855305038345064
D_tokens_B,50.0,435,Q_x_logN_logD,2.3751,2.3597456871023748,0.015354312897625455,2.296869534438502,2.4226218397662476,2.2937998150750167,2.4256915591297328,2.280888180698934,2.4386031935058154,2.279857937011761,2.4396334371929886,2.266945976430238,2.4525453977745113,2.261402377635777,2.4580889965689727
D_tokens_B,50.0,295,Q_x_logN_logD,2.2784,2.332304179836841,-0.05390417983684115,2.2694280271729683,2.395180332500714,2.266358307809483,2.398250051864199,2.2534466734334004,2.411161686240282,2.2524164297462272,2.412191929927455,2.2395044691647046,2.4251038905089777,2.233960870370243,2.430647489303439
D_tokens_B,50.0,296,Q_x_logN_logD,2.347,2.3048626725713075,0.04213732742869247,2.2419865199074347,2.3677388252351803,2.2389168005439495,2.3708085445986655,2.226005166167867,2.383720178974748,2.2249749224806936,2.3847504226619214,2.212062961899171,2.397662383243444,2.2065193631047095,2.4032059820379055
D_tokens_B,50.0,297,Q_x_logN_logD,2.2632,2.277421165305774,-0.014221165305773997,2.214545012641901,2.3402973179696467,2.211475293278416,2.343367037333132,2.198563658902333,2.3562786717092146,2.19753341521516,2.3573089153963878,2.1846214546336373,2.3702208759779104,2.179077855839176,2.375764474772372
D_tokens_B,50.0,330,Q_x_logN_logD,2.4506,2.4631612104338845,-0.012561210433884362,2.4002850577700117,2.5260373630977573,2.3972153384065265,2.5291070824612425,2.384303704030444,2.542018716837325,2.3832734603432706,2.5430489605244984,2.370361499761748,2.555960921106021,2.3648179009672865,2.5615045199004824
D_tokens_B,50.0,331,Q_x_logN_logD,2.4199,2.4388966112451165,-0.018996611245116313,2.3760204585812437,2.5017727639089893,2.3729507392177585,2.5048424832724745,2.360039104841676,2.517754117648557,2.3590088611545026,2.5187843613357304,2.34609690057298,2.531696321917253,2.3405533017785185,2.5372399207117144
D_tokens_B,50.0,332,Q_x_logN_logD,2.4152,2.4146320120563485,0.0005679879436515378,2.3517558593924757,2.4775081647202213,2.3486861400289905,2.4805778840837065,2.335774505652908,2.493489518459789,2.3347442619657346,2.4945197621469624,2.321832301384212,2.507431722728485,2.3162887025897505,2.5129753215229464
D_tokens_B,50.0,333,Q_x_logN_logD,2.3833,2.3903674128675805,-0.0070674128675802805,2.3274912602037077,2.4532435655314533,2.3244215408402225,2.4563132848949385,2.31150990646414,2.469224919271021,2.3104796627769666,2.4702551629581944,2.297567702195444,2.483167123539717,2.2920241034009825,2.4887107223341784
D_tokens_B,50.0,444,Q_x_logN_logD,2.3931,2.3661028136788125,0.026997186321187527,2.3032266610149397,2.4289789663426853,2.3001569416514545,2.4320486857061705,2.287245307275372,2.444960320082253,2.2862150635881986,2.4459905637694264,2.273303103006676,2.458902524350949,2.2677595042122145,2.4644461231454104
D_tokens_B,50.0,334,Q_x_logN_logD,2.3437,2.3418382144900445,0.001861785509955638,2.2789620618261717,2.4047143671539173,2.2758923424626865,2.4077840865174025,2.262980708086604,2.420695720893485,2.2619504643994306,2.4217259645806584,2.249038503817908,2.434637925162181,2.2434949050234465,2.4401815239566425
D_tokens_B,50.0,445,Q_x_logN_logD,2.2717,2.3175736153012765,-0.04587361530127643,2.2546974626374037,2.3804497679651493,2.2516277432739185,2.3835194873286345,2.238716108897836,2.396431121704717,2.2376858652106626,2.3974613653918904,2.22477390462914,2.410373325973413,2.2192303058346785,2.4159169247678745
D_tokens_B,50.0,335,Q_x_logN_logD,2.2204,2.2933090161125085,-0.07290901611250833,2.2304328634486357,2.3561851687763813,2.2273631440851505,2.3592548881398665,2.214451509709068,2.372166522515949,2.2134212660218946,2.3731967662031224,2.200509305440372,2.386108726784645,2.1949657066459105,2.3916523255791065
D_tokens_B,50.0,336,Q_x_logN_logD,2.296,2.2690444169237405,0.026955583076259337,2.2061682642598677,2.3319205695876133,2.2030985448963825,2.3349902889510985,2.1901869105203,2.347901923327181,2.1891566668331266,2.3489321670143544,2.176244706251604,2.361844127595877,2.1707011074571425,2.3673877263903385
D_tokens_B,50.0,337,Q_x_logN_logD,2.3439,2.2447798177349725,0.09912018226502761,2.1819036650710997,2.3076559703988453,2.1788339457076145,2.3107256897623305,2.165922311331532,2.323637324138413,2.1648920676443586,2.3246675678255864,2.151980107062836,2.337579528407109,2.1464365082683745,2.3431231272015705
D_tokens_B,150.0,18,Q_x_logN_logD,3.384,3.3326264513205266,0.0513735486794733,3.271987760186868,3.3932651424541853,3.2670014818044226,3.3982514208366306,3.251186962768538,3.4140659398725153,3.249240058535374,3.4160128441056794,3.2344913842699934,3.43076151837106,3.2355159280560746,3.4297369745849786
D_tokens_B,150.0,19,Q_x_logN_logD,3.2214,3.281275730417883,-0.059875730417882966,3.2206370392842243,3.3419144215515417,3.215650760901779,3.346900699933987,3.1998362418658943,3.3627152189698717,3.19788933763273,3.364662123203036,3.18314066336735,3.379410797468416,3.184165207153431,3.378386253682335
D_tokens_B,150.0,20,Q_x_logN_logD,3.3529,3.229925009515239,0.12297499048476102,3.1692863183815803,3.2905637006488977,3.164300039999135,3.295549979031343,3.1484855209632503,3.3113644980672277,3.146538616730086,3.313311402300392,3.1317899424647058,3.328060076565772,3.132814486250787,3.327035532779691
D_tokens_B,150.0,21,Q_x_logN_logD,3.1687,3.1785742886125954,-0.009874288612595539,3.1179355974789367,3.239212979746254,3.1129493190964914,3.2441992581286994,3.0971348000606067,3.260013777164584,3.0951878958274426,3.261960681397748,3.080439221562062,3.2767093556631286,3.0814637653481434,3.2756848118770474
D_tokens_B,150.0,366,Q_x_logN_logD,3.1305,3.127223567709952,0.003276432290048259,3.066584876576293,3.1878622588436105,3.061598598193848,3.1928485372260558,3.045784079157963,3.2086630562619405,3.043837174924799,3.2106099604951046,3.0290885006594186,3.225358634760485,3.0301130444455,3.224334090974404
D_tokens_B,150.0,22,Q_x_logN_logD,3.1017,3.0758728468073078,0.025827153192692354,3.015234155673649,3.1365115379409665,3.010247877291204,3.1414978163234117,2.994433358255319,3.1573123353592965,2.992486454022155,3.1592592395924606,2.9777377797567746,3.174007913857841,2.9787623235428557,3.17298337007176
D_tokens_B,150.0,367,Q_x_logN_logD,3.0551,3.024522125904664,0.030577874095335744,2.9638834347710055,3.085160817038323,2.95889715638856,3.090147095420768,2.9430826373526755,3.105961614456653,2.9411357331195114,3.107908518689817,2.926387058854131,3.1226571929551974,2.927411602640212,3.121632649169116
D_tokens_B,150.0,23,Q_x_logN_logD,3.0179,2.9731714050020206,0.04472859499797943,2.912532713868362,3.0338100961356793,2.9075464354859166,3.0387963745181246,2.891731916450032,3.0546108935540093,2.889785012216868,3.0565577977871734,2.8750363379514874,3.071306472052554,2.8760608817375686,3.0702819282664726
D_tokens_B,150.0,24,Q_x_logN_logD,2.7658,2.9218206840993766,-0.15602068409937653,2.861181992965718,2.9824593752330353,2.8561957145832726,2.9874456536154805,2.840381195547388,3.0032601726513652,2.8384342913142238,3.0052070768845294,2.8236856170488434,3.0199557511499098,2.8247101608349245,3.0189312073638286
D_tokens_B,150.0,25,Q_x_logN_logD,2.9653,2.870469963196733,0.09483003680326707,2.8098312720630743,2.9311086543303917,2.804844993680629,2.936094932712837,2.7890304746447443,2.9519094517487217,2.78708357041158,2.953856355981886,2.7723348961461998,2.968605030247266,2.773359439932281,2.967580486461185
D_tokens_B,150.0,58,Q_x_logN_logD,3.1249,3.0783392723449667,0.04656072765503305,3.017700581211308,3.1389779634786255,3.0127143028288628,3.1439642418610707,2.996899783792978,3.1597787608969554,2.994952879559814,3.1617256651301195,2.9802042052944335,3.1764743393955,2.9812287490805147,3.1754497956094188
D_tokens_B,150.0,59,Q_x_logN_logD,2.9746,3.0317105249243923,-0.05711052492439217,2.9710718337907336,3.092349216058051,2.9660855554082883,3.0973354944404963,2.9502710363724036,3.113150013476381,2.9483241321392395,3.115096917709545,2.933575457873859,3.1298455919749255,2.9346000016599403,3.1288210481888443
D_tokens_B,150.0,60,Q_x_logN_logD,3.0125,2.9850817775038174,0.027418222496182754,2.9244430863701587,3.045720468637476,2.9194568079877135,3.0507067470199214,2.9036422889518287,3.066521266055806,2.9016953847186646,3.0684681702889702,2.886946710453284,3.0832168445543506,2.8879712542393654,3.0821923007682694
D_tokens_B,150.0,61,Q_x_logN_logD,2.9738,2.938453030083243,0.03534696991675723,2.8778143389495843,2.9990917212169017,2.872828060567139,3.004077999599347,2.8570135415312543,3.0198925186352317,2.85506663729809,3.021839422868396,2.84031796303271,3.036588097133776,2.841342506818791,3.035563553347695
D_tokens_B,150.0,376,Q_x_logN_logD,2.8925,2.8918242826626686,0.0006757173373315162,2.83118559152901,2.9524629737963273,2.8261993131465646,2.9574492521787725,2.81038479411068,2.9732637712146572,2.8084378898775157,2.9752106754478214,2.7936892156121353,2.9899593497132018,2.7947137593982165,2.9889348059271206
D_tokens_B,150.0,62,Q_x_logN_logD,2.8802,2.8451955352420937,0.035004464757906195,2.784556844108435,2.9058342263757524,2.7795705657259897,2.9108205047581976,2.763756046690105,2.9266350237940824,2.761809142456941,2.9285819280272465,2.7470604681915605,2.943330602292627,2.7480850119776417,2.9423060585065457
D_tokens_B,150.0,377,Q_x_logN_logD,2.7914,2.7985667878215192,-0.00716678782151936,2.7379280966878605,2.859205478955178,2.7329418183054153,2.864191757337623,2.7171272992695306,2.880006276373508,2.7151803950363664,2.881953180606672,2.700431720770986,2.8967018548720525,2.701456264557067,2.8956773110859713
D_tokens_B,150.0,63,Q_x_logN_logD,2.725,2.751938040400945,-0.02693804040094472,2.691299349267286,2.8125767315346035,2.686313070884841,2.8175630099170488,2.670498551848956,2.8333775289529335,2.668551647615792,2.8353244331860976,2.6538029733504116,2.850073107451478,2.654827517136493,2.849048563665397
D_tokens_B,150.0,64,Q_x_logN_logD,2.7204,2.70530929298037,0.015090707019630223,2.644670601846711,2.7659479841140286,2.639684323464266,2.770934262496474,2.6238698044283812,2.7867487815323586,2.621922900195217,2.7886956857655227,2.6071742259298367,2.803444360030903,2.608198769715918,2.802419816244822
D_tokens_B,150.0,65,Q_x_logN_logD,2.6657,2.6586805455597955,0.0070194544402046866,2.5980418544261368,2.719319236693454,2.5930555760436915,2.7243055150758995,2.577241057007807,2.740120034111784,2.5752941527746427,2.7420669383449483,2.5605454785092623,2.7568156126103287,2.5615700222953435,2.7557910688242475
D_tokens_B,150.0,98,Q_x_logN_logD,2.8727,2.848655367536058,0.02404463246394206,2.7880166764023993,2.9092940586697167,2.783030398019954,2.914280337052162,2.7672158789840693,2.9300948560880467,2.765268974750905,2.9320417603212108,2.7505203004855248,2.946790434586591,2.751544844271606,2.94576589080051
D_tokens_B,150.0,99,Q_x_logN_logD,2.8815,2.8074015004423245,0.07409849955767545,2.746762809308666,2.8680401915759832,2.7417765309262205,2.8730264699584285,2.725962011890336,2.888840988994313,2.7240151076571717,2.8907878932274773,2.7092664333917913,2.9055365674928577,2.7102909771778725,2.9045120237067765
D_tokens_B,150.0,100,Q_x_logN_logD,2.7186,2.766147633348591,-0.047547633348591134,2.7055089422149323,2.8267863244822498,2.700522663832487,2.831772602864695,2.6847081447966024,2.8475871219005797,2.6827612405634382,2.849534026133744,2.668012566298058,2.8642827003991242,2.669037110084139,2.863258156613043
D_tokens_B,150.0,101,Q_x_logN_logD,2.6566,2.7248937662548576,-0.0682937662548575,2.664255075121199,2.7855324573885163,2.6592687967387536,2.7905187357709615,2.643454277702869,2.8063332548068463,2.6415073734697048,2.8082801590400104,2.6267586992043244,2.823028833305391,2.6277832429904056,2.8220042895193096
D_tokens_B,150.0,386,Q_x_logN_logD,2.6432,2.683639899161124,-0.04043989916112389,2.6230012080274654,2.744278590294783,2.61801492964502,2.749264868677228,2.6022004106091354,2.765079387713113,2.6002535063759713,2.767026291946277,2.585504832110591,2.7817749662116573,2.586529375896672,2.780750422425576
D_tokens_B,150.0,102,Q_x_logN_logD,2.6516,2.6423860320673906,0.009213967932609535,2.581747340933732,2.7030247232010494,2.5767610625512867,2.7080110015834946,2.560946543515402,2.7238255206193793,2.558999639282238,2.7257724248525435,2.5442509650168574,2.740521099117924,2.5452755088029386,2.7394965553318427
D_tokens_B,150.0,387,Q_x_logN_logD,2.605,2.6011321649736567,0.003867835026343247,2.540493473839998,2.6617708561073155,2.5355071954575528,2.6667571344897607,2.519692676421668,2.6825716535256454,2.517745772188504,2.6845185577588095,2.5029970979231235,2.69926723202419,2.5040216417092047,2.6982426882381088
D_tokens_B,150.0,103,Q_x_logN_logD,2.5539,2.5598782978799233,-0.005978297879923211,2.4992396067462646,2.620516989013582,2.4942533283638193,2.6255032673960272,2.4784388093279346,2.641317786431912,2.4764919050947705,2.643264690665076,2.46174323082939,2.6580133649304565,2.4627677746154713,2.6569888211443753
D_tokens_B,150.0,104,Q_x_logN_logD,2.5112,2.51862443078619,-0.007424430786189706,2.457985739652531,2.5792631219198485,2.452999461270086,2.5842494003022938,2.437184942234201,2.6000639193381785,2.435238038001037,2.6020108235713426,2.4204893637356566,2.616759497836723,2.421513907521738,2.615734954050642
D_tokens_B,150.0,105,Q_x_logN_logD,2.4068,2.4773705636924563,-0.07057056369245629,2.4167318725587976,2.538009254826115,2.4117455941763524,2.5429955332085603,2.3959310751404677,2.558810052244445,2.3939841709073035,2.560756956477609,2.379235496641923,2.5755056307429895,2.3802600404280043,2.5744810869569084
D_tokens_B,150.0,138,Q_x_logN_logD,2.7893,2.7401769126027804,0.04912308739721949,2.6795382214691217,2.800815603736439,2.6745519430866764,2.8058018821188844,2.6587374240507917,2.821616401154769,2.6567905198176276,2.823563305387933,2.642041845552247,2.8383119796533136,2.6430663893383284,2.8372874358672324
D_tokens_B,150.0,139,Q_x_logN_logD,2.6375,2.7019785172859354,-0.06447851728593523,2.6413398261522767,2.762617208419594,2.6363535477698314,2.7676034868020394,2.6205390287339467,2.783418005837924,2.6185921245007826,2.785364910071088,2.603843450235402,2.8001135843364686,2.6048679940214834,2.7990890405503874
D_tokens_B,150.0,140,Q_x_logN_logD,2.6856,2.66378012196909,0.02181987803091001,2.6031414308354313,2.7244188131027487,2.598155152452986,2.729405091485194,2.5823406334171013,2.7452196105210787,2.580393729183937,2.747166514754243,2.5656450549185568,2.761915189019623,2.566669598704638,2.760890645233542
D_tokens_B,150.0,141,Q_x_logN_logD,2.5991,2.625581726652245,-0.02648172665224502,2.5649430355185863,2.6862204177859037,2.559956757136141,2.691206696168349,2.5441422381002563,2.7070212152042337,2.542195333867092,2.708968119437398,2.5274466596017118,2.723716793702778,2.528471203387793,2.722692249916697
D_tokens_B,150.0,396,Q_x_logN_logD,2.5964,2.5873833313354,0.009016668664600047,2.5267446402017413,2.6480220224690587,2.521758361819296,2.653008300851504,2.5059438427834113,2.6688228198873887,2.503996938550247,2.670769724120553,2.489248264284867,2.685518398385933,2.490272808070948,2.684493854599852
D_tokens_B,150.0,142,Q_x_logN_logD,2.5608,2.549184936018555,0.011615063981444962,2.4885462448848963,2.6098236271522137,2.483559966502451,2.614809905534659,2.4677454474665663,2.6306244245705437,2.465798543233402,2.632571328803708,2.451049868968022,2.647320003069088,2.452074412754103,2.646295459283007
D_tokens_B,150.0,397,Q_x_logN_logD,2.5081,2.51098654070171,-0.0028865407017097944,2.4503478495680513,2.5716252318353687,2.445361571185606,2.576611510217814,2.4295470521497213,2.5924260292536987,2.427600147916557,2.594372933486863,2.412851473651177,2.609121607752243,2.413876017437258,2.608097063966162
D_tokens_B,150.0,143,Q_x_logN_logD,2.5043,2.4727881453848646,0.031511854615135615,2.412149454251206,2.5334268365185233,2.4071631758687606,2.5384131149009685,2.391348656832876,2.5542276339368533,2.3894017525997118,2.5561745381700174,2.3746530783343314,2.570923212435398,2.3756776221204126,2.5698986686493166
D_tokens_B,150.0,144,Q_x_logN_logD,2.4035,2.4345897500680196,-0.031089750068019395,2.373951058934361,2.4952284412016783,2.3689647805519156,2.5002147195841236,2.353150261516031,2.5160292386200083,2.351203357282867,2.5179761428531724,2.3364546830174864,2.532724817118553,2.3374792268035676,2.5317002733324716
D_tokens_B,150.0,145,Q_x_logN_logD,2.3542,2.3963913547511746,-0.042191354751174526,2.335752663617516,2.4570300458848333,2.3307663852350706,2.4620163242672786,2.314951866199186,2.4778308433031633,2.313004961966022,2.4797777475363274,2.2982562877006414,2.494526421801708,2.2992808314867226,2.4935018780156266
D_tokens_B,150.0,178,Q_x_logN_logD,2.6482,2.6751262691908395,-0.026926269190839403,2.614487578057181,2.7357649603244982,2.6095012996747355,2.7407512387069435,2.593686780638851,2.756565757742828,2.5917398764056867,2.7585126619759923,2.5769912021403063,2.7732613362413727,2.5780157459263875,2.7722367924552915
D_tokens_B,150.0,179,Q_x_logN_logD,2.6343,2.638965194885605,-0.004665194885605128,2.5783265037519465,2.699603886019264,2.5733402253695012,2.704590164401709,2.5575257063336165,2.720404683437594,2.5555788021004524,2.722351587670758,2.540830127835072,2.7371002619361384,2.541854671621153,2.7360757181500572
D_tokens_B,150.0,180,Q_x_logN_logD,2.6133,2.602804120580371,0.010495879419629262,2.542165429446712,2.6634428117140296,2.537179151064267,2.668429090096475,2.5213646320283822,2.6842436091323596,2.519417727795218,2.6861905133655237,2.5046690535298377,2.700939187630904,2.505693597315919,2.699914643844823
D_tokens_B,150.0,181,Q_x_logN_logD,2.5016,2.5666430462751366,-0.0650430462751368,2.506004355141478,2.6272817374087953,2.5010180767590326,2.6322680157912406,2.485203557723148,2.6480825348271253,2.483256653489984,2.6500294390602894,2.4685079792246034,2.66477811332567,2.4695325230106846,2.6637535695395886
D_tokens_B,150.0,406,Q_x_logN_logD,2.5142,2.5304819719699023,-0.01628197196990211,2.4698432808362436,2.591120663103561,2.4648570024537984,2.5961069414860063,2.4490424834179136,2.611921460521891,2.4470955791847495,2.613868364755055,2.432346904919369,2.6286170390204355,2.4333714487054503,2.6275924952343543
D_tokens_B,150.0,182,Q_x_logN_logD,2.5859,2.494320897664668,0.09157910233533206,2.4336822065310093,2.5549595887983267,2.428695928148564,2.559945867180772,2.4128814091126793,2.5757603862166567,2.410934504879515,2.577707290449821,2.396185830614135,2.5924559647152012,2.397210374400216,2.59143142092912
D_tokens_B,150.0,407,Q_x_logN_logD,2.4391,2.458159823359434,-0.019059823359434347,2.3975211322257755,2.518798514493093,2.39253485384333,2.523784792875538,2.3767203348074455,2.539599311911423,2.3747734305742814,2.541546216144587,2.360024756308901,2.5562948904099674,2.361049300094982,2.555270346623886
D_tokens_B,150.0,183,Q_x_logN_logD,2.3211,2.4219987490542,-0.10089874905419993,2.361360057920541,2.4826374401878586,2.356373779538096,2.487623718570304,2.340559260502211,2.5034382376061886,2.338612356269047,2.5053851418393527,2.3238636820036667,2.520133816104733,2.324888225789748,2.519109272318652
D_tokens_B,150.0,184,Q_x_logN_logD,2.3833,2.3858376747489656,-0.0025376747489653795,2.325198983615307,2.4464763658826243,2.3202127052328616,2.4514626442650695,2.304398186196977,2.4672771633009543,2.3024512819638128,2.4692240675341184,2.2877026076984324,2.483972741799499,2.2887271514845136,2.4829481980134176
D_tokens_B,150.0,185,Q_x_logN_logD,2.334,2.3496766004437313,-0.015676600443731203,2.2890379093100726,2.41031529157739,2.2840516309276273,2.4153015699598352,2.2682371118917426,2.43111608899572,2.2662902076585785,2.433062993228884,2.251541533393198,2.4478116674942645,2.2525660771792793,2.4467871237081833
D_tokens_B,150.0,218,Q_x_logN_logD,2.4446,2.513980634529108,-0.06938063452910814,2.4533419433954493,2.5746193256627667,2.448355665013004,2.579605604045212,2.4325411459771193,2.5954201230810967,2.430594241743955,2.597367027314261,2.415845567478575,2.6121157015796412,2.416870111264656,2.61109115779356
D_tokens_B,150.0,219,Q_x_logN_logD,2.4506,2.4837007282403913,-0.03310072824039123,2.4230620371067326,2.54433941937405,2.4180757587242874,2.5493256977564953,2.4022612396884027,2.56514021679238,2.4003143354552385,2.567087121025544,2.385565661189858,2.5818357952909246,2.3865902049759393,2.5808112515048434
D_tokens_B,150.0,220,Q_x_logN_logD,2.3889,2.4534208219516747,-0.06452082195167463,2.392782130818016,2.5140595130853334,2.3877958524355707,2.5190457914677786,2.371981333399686,2.5348603105036633,2.370034429166522,2.5368072147368275,2.3552857549011414,2.551555889002208,2.3563102986872226,2.5505313452161267
D_tokens_B,150.0,221,Q_x_logN_logD,2.5101,2.423140915662958,0.08695908433704203,2.3625022245292993,2.4837796067966167,2.357515946146854,2.488765885179062,2.3417014271109693,2.5045804042149467,2.339754522877805,2.506527308448111,2.3250058486124248,2.521275982713491,2.326030392398506,2.52025143892741
D_tokens_B,150.0,416,Q_x_logN_logD,2.4226,2.3928610093742413,0.0297389906257588,2.3322223182405826,2.4534997005079,2.3272360398581373,2.4584859788903453,2.3114215208222526,2.47430049792623,2.3094746165890885,2.476247402159394,2.294725942323708,2.4909960764247745,2.2957504861097893,2.4899715326386933
D_tokens_B,150.0,222,Q_x_logN_logD,2.2938,2.3625811030855246,-0.06878110308552454,2.301942411951866,2.4232197942191833,2.2969561335694206,2.4282060726016286,2.281141614533536,2.4440205916375133,2.279194710300372,2.4459674958706774,2.2644460360349914,2.460716170136058,2.2654705798210726,2.4596916263499766
D_tokens_B,150.0,417,Q_x_logN_logD,2.2944,2.3323011967968084,-0.03790119679680837,2.2716625056631496,2.392939887930467,2.2666762272807044,2.3979261663129123,2.2508617082448197,2.413740685348797,2.2489148040116556,2.415687589581961,2.234166129746275,2.4304362638473416,2.2351906735323563,2.4294117200612604
D_tokens_B,150.0,223,Q_x_logN_logD,2.2577,2.3020212905080917,-0.04432129050809186,2.241382599374433,2.3626599816417504,2.2363963209919877,2.3676462600241956,2.220581801956103,2.3834607790600804,2.218634897722939,2.3854076832932445,2.2038862234575585,2.400156357558625,2.2049107672436397,2.3991318137725437
D_tokens_B,150.0,224,Q_x_logN_logD,2.2652,2.271741384219375,-0.0065413842193748906,2.2111026930857163,2.3323800753530337,2.206116414703271,2.337366353735479,2.1903018956673863,2.3531808727713637,2.188354991434222,2.355127777004528,2.173606317168842,2.369876451269908,2.174630860954923,2.368851907483827
D_tokens_B,150.0,225,Q_x_logN_logD,2.2464,2.2414614779306583,0.004938522069341644,2.1808227867969996,2.302100169064317,2.1758365084145543,2.3070864474467623,2.1600219893786696,2.322900966482647,2.1580750851455055,2.324847870715811,2.143326410880125,2.3395965449811915,2.1443509546662063,2.3385720011951103
D_tokens_B,150.0,258,Q_x_logN_logD,2.494,2.4658055219943558,0.028194478005644452,2.405166830860697,2.5264442131280145,2.400180552478252,2.5314304915104597,2.384366033442367,2.5472450105463444,2.382419129209203,2.5491919147795086,2.3676704549438226,2.563940589044889,2.3686949987299037,2.562916045258808
D_tokens_B,150.0,259,Q_x_logN_logD,2.4505,2.4375629367172498,0.012937063282750128,2.376924245583591,2.4982016278509085,2.371937967201146,2.5031879062333537,2.356123448165261,2.5190024252692385,2.354176543932097,2.5209493295024026,2.3394278696667166,2.535698003767783,2.3404524134527978,2.534673459981702
D_tokens_B,150.0,260,Q_x_logN_logD,2.4411,2.409320351440144,0.031779648559856266,2.348681660306485,2.4699590425738025,2.34369538192404,2.4749453209562478,2.327880862888155,2.4907598399921325,2.325933958654991,2.4927067442252966,2.3111852843896106,2.507455418490677,2.3122098281756918,2.506430874704596
D_tokens_B,150.0,261,Q_x_logN_logD,2.3929,2.3810777661630382,0.011822233836961793,2.3204390750293795,2.441716457296697,2.3154527966469343,2.446702735679142,2.2996382776110496,2.462517254715027,2.2976913733778854,2.464464158948191,2.282942699112505,2.4792128332135714,2.283967242898586,2.4781882894274903
D_tokens_B,150.0,426,Q_x_logN_logD,2.4064,2.3528351808859327,0.05356481911406741,2.292196489752274,2.4134738720195914,2.2872102113698287,2.4184601504020367,2.271395692333944,2.4342746694379214,2.26944878810078,2.4362215736710855,2.2547001138353995,2.450970247936466,2.2557246576214807,2.4499457041503847
D_tokens_B,150.0,262,Q_x_logN_logD,2.3873,2.3245925956088267,0.0627074043911735,2.263953904475168,2.3852312867424854,2.2589676260927227,2.3902175651249307,2.243153107056838,2.4060320841608154,2.241206202823674,2.4079789883939795,2.2264575285582935,2.42272766265936,2.2274820723443747,2.4217031188732787
D_tokens_B,150.0,427,Q_x_logN_logD,2.3547,2.296350010331721,0.058349989668278646,2.2357113191980624,2.35698870146538,2.230725040815617,2.361974979847825,2.2149105217797325,2.37778949888371,2.2129636175465683,2.379736403116874,2.198214943281188,2.3944850773822544,2.199239487067269,2.393460533596173
D_tokens_B,150.0,263,Q_x_logN_logD,2.2679,2.268107425054615,-0.00020742505461512906,2.2074687339209564,2.328746116188274,2.202482455538511,2.333732394570719,2.1866679365026265,2.349546913606604,2.1847210322694623,2.351493817839768,2.169972358004082,2.3662424921051484,2.170996901790163,2.365217948319067
D_tokens_B,150.0,264,Q_x_logN_logD,2.2339,2.239864839777509,-0.005964839777508946,2.1792261486438504,2.300503530911168,2.174239870261405,2.305489809293613,2.1584253512255205,2.321304328329498,2.1564784469923564,2.323251232562662,2.141729772726976,2.3379999068280424,2.142754316513057,2.336975363041961
D_tokens_B,150.0,265,Q_x_logN_logD,2.2102,2.2116222545004036,-0.0014222545004036746,2.150983563366745,2.2722609456340623,2.1459972849842996,2.2772472240165076,2.130182765948415,2.2930617430523923,2.128235861715251,2.2950086472855564,2.1134871874498704,2.309757321550937,2.1145117312359516,2.3087327777648556
D_tokens_B,150.0,298,Q_x_logN_logD,2.3272,2.398322638261948,-0.07112263826194809,2.3376839471282893,2.4589613293956067,2.332697668745844,2.463947607778052,2.3168831497099593,2.4797621268139367,2.314936245476795,2.481709031047101,2.300187571211415,2.4964577053124812,2.301212114997496,2.4954331615264
D_tokens_B,150.0,299,Q_x_logN_logD,2.3658,2.373194380315441,-0.00739438031544104,2.3125556891817824,2.4338330714491,2.307569410799337,2.438819349831545,2.2917548917634525,2.45463386886743,2.2898079875302884,2.456580773100594,2.275059313264908,2.4713294473659744,2.276083857050989,2.470304903579893
D_tokens_B,150.0,300,Q_x_logN_logD,2.3708,2.3480661223689347,0.02273387763106527,2.287427431235276,2.4087048135025935,2.282441152852831,2.4136910918850387,2.266626633816946,2.4295056109209234,2.264679729583782,2.4314525151540876,2.2499310553184015,2.446201189419468,2.2509555991044827,2.4451766456333868
D_tokens_B,150.0,301,Q_x_logN_logD,2.3438,2.322937864422428,0.020862135577571994,2.262299173288769,2.3835765555560866,2.257312894906324,2.388562833938532,2.241498375870439,2.4043773529744166,2.239551471637275,2.4063242572075807,2.2248027973718947,2.421072931472961,2.225827341157976,2.42004838768688
D_tokens_B,150.0,436,Q_x_logN_logD,2.2227,2.297809606475921,-0.07510960647592091,2.2371709153422623,2.3584482976095797,2.232184636959817,2.363434575992025,2.2163701179239323,2.3792490950279097,2.214423213690768,2.381195999261074,2.199674539425388,2.3959446735264542,2.200699083211469,2.394920129740373
D_tokens_B,150.0,302,Q_x_logN_logD,2.2064,2.2726813485294146,-0.0662813485294147,2.212042657395756,2.3333200396630733,2.2070563790133106,2.3383063180455186,2.191241859977426,2.3541208370814033,2.189294955744262,2.3560677413145674,2.1745462814788814,2.370816415579948,2.1755708252649626,2.3697918717938666
D_tokens_B,150.0,437,Q_x_logN_logD,2.2344,2.2475530905829078,-0.013153090582907812,2.186914399449249,2.3081917817165665,2.181928121066804,2.3131780600990117,2.166113602030919,2.3289925791348964,2.164166697797755,2.3309394833680606,2.1494180235323745,2.345688157633441,2.1504425673184557,2.3446636138473598
D_tokens_B,150.0,303,Q_x_logN_logD,2.2296,2.222424832636401,0.007175167363599133,2.161786141502742,2.2830635237700596,2.156799863120297,2.288049802152505,2.140985344084412,2.3038643211883896,2.139038439851248,2.3058112254215537,2.1242897655858677,2.320559899686934,2.125314309371949,2.319535355900853
D_tokens_B,150.0,304,Q_x_logN_logD,2.2482,2.1972965746898945,0.05090342531010572,2.1366578835562358,2.257935265823553,2.1316716051737905,2.2629215442059984,2.115857086137906,2.278736063241883,2.1139101819047417,2.2806829674750473,2.0991615076393613,2.2954316417404277,2.1001860514254425,2.2944070979543465
D_tokens_B,150.0,305,Q_x_logN_logD,2.1506,2.1721683167433876,-0.021568316743387772,2.111529625609729,2.2328070078770463,2.1065433472272836,2.2377932862594916,2.090728828191399,2.2536078052953763,2.088781923958235,2.2555547095285404,2.0740332496928544,2.270303383793921,2.0750577934789356,2.2692788400078396
D_tokens_B,150.0,338,Q_x_logN_logD,2.4214,2.336612372127953,0.08478762787204719,2.2759736809942943,2.3972510632616117,2.270987402611849,2.402237341644057,2.2551728835759643,2.4180518606799417,2.2532259793428002,2.419998764913106,2.23847730507742,2.4347474391784862,2.239501848863501,2.433722895392405
D_tokens_B,150.0,339,Q_x_logN_logD,2.3485,2.314630743101009,0.03386925689899112,2.25399205196735,2.3752694342346676,2.249005773584905,2.380255712617113,2.2331912545490202,2.3960702316529976,2.231244350315856,2.3980171358861617,2.2164956760504757,2.412765810151542,2.217520219836557,2.411741266365461
D_tokens_B,150.0,340,Q_x_logN_logD,2.3316,2.292649114074065,0.0389508859259351,2.232010422940406,2.3532878052077235,2.227024144557961,2.3582740835901688,2.211209625522076,2.3740886026260535,2.209262721288912,2.3760355068592176,2.1945140470235316,2.390784181124598,2.1955385908096128,2.389759637338517
D_tokens_B,150.0,341,Q_x_logN_logD,2.2453,2.2706674850471202,-0.025367485047120386,2.2100287939134615,2.331306176180779,2.2050425155310163,2.336292454563224,2.1892279964951316,2.352106973599109,2.1872810922619674,2.354053877832273,2.172532417996587,2.3688025520976534,2.173556961782668,2.3677780083115723
D_tokens_B,150.0,446,Q_x_logN_logD,2.2142,2.248685856020176,-0.034485856020176175,2.1880471648865174,2.309324547153835,2.183060886504072,2.31431082553628,2.1672463674681874,2.330125344572165,2.1652994632350233,2.332072248805329,2.150550788969643,2.3468209230707093,2.151575332755724,2.345796379284628
D_tokens_B,150.0,342,Q_x_logN_logD,2.2154,2.226704226993232,-0.011304226993232191,2.1660655358595733,2.2873429181268907,2.161079257477128,2.292329196509336,2.1452647384412433,2.3081437155452207,2.143317834208079,2.310090619778385,2.128569159942699,2.324839294043765,2.12959370372878,2.323814750257684
D_tokens_B,150.0,447,Q_x_logN_logD,2.2419,2.204722597966288,0.03717740203371189,2.144083906832629,2.2653612890999466,2.139097628450184,2.270347567482392,2.123283109414299,2.2861620865182766,2.121336205181135,2.2881089907514407,2.1065875309157547,2.302857665016821,2.107612074701836,2.30183312123074
D_tokens_B,150.0,343,Q_x_logN_logD,2.2885,2.1827409689393438,0.1057590310606562,2.122102277805685,2.2433796600730025,2.11711599942324,2.2483659384554477,2.101301480387355,2.2641804574913325,2.099354576154191,2.2661273617244966,2.0846059018888106,2.280876035989877,2.0856304456748918,2.279851492203796
D_tokens_B,150.0,344,Q_x_logN_logD,2.1844,2.1607593399123997,0.023640660087600462,2.100120648778741,2.2213980310460584,2.0951343703962957,2.2263843094285036,2.079319851360411,2.2421988284643883,2.077372947127247,2.2441457326975525,2.0626242728618664,2.258894406962933,2.0636488166479476,2.2578698631768517
D_tokens_B,150.0,345,Q_x_logN_logD,2.2045,2.1387777108854555,0.06572228911454436,2.078139019751797,2.1994164020191143,2.0731527413693516,2.2044026804015595,2.057338222333467,2.2202171994374442,2.0553913181003027,2.2221641036706083,2.0406426438349223,2.2369127779359887,2.0416671876210035,2.2358882341499076
D_tokens_B,300.0,26,Q_x_logN_logD,3.2863,3.2792753903599317,0.007024609640068569,3.215679360384158,3.3428714203357055,3.212747960010876,3.3458028207089874,3.197859944031967,3.3606908366878963,3.193927634249338,3.3646231464705254,3.181924625817996,3.3766261549018672,3.182254209433022,3.3762965712868414
D_tokens_B,300.0,27,Q_x_logN_logD,3.1355,3.228345734121597,-0.09284573412159691,3.164749704145823,3.2919417640973707,3.161818303772541,3.2948731644706526,3.1469302877936323,3.3097611804495615,3.142997978011003,3.3136934902321906,3.1309949695796613,3.3256964986635325,3.131324553194687,3.3253669150485066
D_tokens_B,300.0,28,Q_x_logN_logD,3.1588,3.177416077883262,-0.01861607788326225,3.1138200479074882,3.241012107859036,3.1108886475342064,3.243943508232318,3.0960006315552975,3.2588315242112267,3.0920683217726683,3.262763833993856,3.0800653133413265,3.2747668424251977,3.0803948969563524,3.274437258810172
D_tokens_B,300.0,29,Q_x_logN_logD,3.2809,3.1264864216449273,0.15441357835507263,3.0628903916691534,3.190082451620701,3.0599589912958716,3.193013851993983,3.0450709753169627,3.207901867972892,3.0411386655343335,3.211834177755521,3.0291356571029917,3.223837186186863,3.0294652407180176,3.223507602571837
D_tokens_B,300.0,368,Q_x_logN_logD,3.1769,3.0755567654065925,0.10134323459340733,3.0119607354308187,3.1391527953823664,3.009029335057537,3.1420841957556482,2.994141319078628,3.156972211734557,2.9902090092959988,3.1609045215171863,2.978206000864657,3.172907529948528,2.978535584479683,3.172577946333502
D_tokens_B,300.0,30,Q_x_logN_logD,3.0098,3.0246271091682577,-0.014827109168257913,2.961031079192484,3.0882231391440316,2.958099678819202,3.0911545395173134,2.943211662840293,3.1060425554962223,2.939279353057664,3.1099748652788515,2.927276344626322,3.1219778737101933,2.927605928241348,3.1216482900951674
D_tokens_B,300.0,369,Q_x_logN_logD,2.9398,2.973697452929923,-0.03389745292992297,2.910101422954149,3.037293482905697,2.907170022580867,3.0402248832789787,2.8922820066019583,3.0551128992578875,2.888349696819329,3.0590452090405167,2.8763466883879873,3.0710482174718585,2.8766762720030132,3.0707186338568326
D_tokens_B,300.0,31,Q_x_logN_logD,2.8391,2.922767796691588,-0.08366779669158797,2.8591717667158143,2.986363826667362,2.8562403663425324,2.989295227040644,2.8413523503636235,3.0041832430195528,2.8374200405809944,3.008115552802182,2.8254170321496526,3.0201185612335237,2.8257466157646784,3.019788977618498
D_tokens_B,300.0,32,Q_x_logN_logD,2.858,2.8718381404532534,-0.013838140453253267,2.8082421104774795,2.935434170429027,2.8053107101041976,2.938365570802309,2.7904226941252888,2.953253586781218,2.7864903843426596,2.957185896563847,2.7744873759113178,2.969188904995189,2.7748169595263437,2.968859321380163
D_tokens_B,300.0,33,Q_x_logN_logD,2.837,2.8209084842149186,0.01609151578508161,2.7573124542391447,2.8845045141906924,2.754381053865863,2.8874359145639743,2.739493037886954,2.902323930542883,2.735560728104325,2.9062562403255123,2.723557719672983,2.918259248756854,2.723887303288009,2.9179296651418283
D_tokens_B,300.0,66,Q_x_logN_logD,2.9719,3.019885585823701,-0.04798558582370083,2.956289555847927,3.083481615799475,2.9533581554746453,3.0864130161727568,2.9384701394957364,3.1013010321516656,2.9345378297131073,3.105233341934295,2.9225348212817654,3.1172363503656366,2.9228644048967913,3.1169067667506107
D_tokens_B,300.0,67,Q_x_logN_logD,2.9407,2.9739150539092294,-0.0332150539092293,2.9103190239334555,3.0375110838850032,2.9073876235601737,3.040442484258285,2.892499607581265,3.055330500237194,2.8885672977986356,3.059262810019823,2.876564289367294,3.071265818451165,2.8768938729823197,3.070936234836139
D_tokens_B,300.0,68,Q_x_logN_logD,2.956,2.927944521994758,0.028055478005241774,2.8643484920189843,2.991540551970532,2.8614170916457025,2.994471952343814,2.8465290756667936,3.009359968322723,2.8425967658841644,3.013292278105352,2.8305937574528226,3.0252952865366938,2.8309233410678485,3.024965702921668
D_tokens_B,300.0,69,Q_x_logN_logD,2.8482,2.8819739900802865,-0.0337739900802867,2.8183779601045127,2.9455700200560604,2.815446559731231,2.9485014204293423,2.800558543752322,2.963389436408251,2.796626233969693,2.9673217461908803,2.784623225538351,2.979324754622222,2.784952809153377,2.9789951710071962
D_tokens_B,300.0,378,Q_x_logN_logD,2.8079,2.8360034581658153,-0.028103458165815276,2.7724074281900415,2.899599488141589,2.7694760278167596,2.902530888514871,2.7545880118378507,2.91741890449378,2.7506557020552216,2.921351214276409,2.7386526936238798,2.933354222707751,2.7389822772389056,2.933024639092725
D_tokens_B,300.0,70,Q_x_logN_logD,2.8081,2.790032926251344,0.018067073748655904,2.7264368962755703,2.853628956227118,2.7235054959022884,2.8565603566004,2.7086174799233795,2.8714483725793087,2.7046851701407504,2.875380682361938,2.6926821617094086,2.8873836907932797,2.6930117453244344,2.887054107178254
D_tokens_B,300.0,379,Q_x_logN_logD,2.7592,2.7440623943368725,0.015137605663127385,2.6804663643610986,2.8076584243126463,2.6775349639878168,2.810589824685928,2.662646948008908,2.825477840664837,2.6587146382262787,2.8294101504474662,2.646711629794937,2.841413158878808,2.647041213409963,2.841083575263782
D_tokens_B,300.0,71,Q_x_logN_logD,2.6978,2.6980918624224013,-0.0002918624224013122,2.6344958324466274,2.761687892398175,2.6315644320733456,2.764619292771457,2.6166764160944367,2.779507308750366,2.6127441063118075,2.783439618532995,2.6007410978804657,2.795442626964337,2.6010706814954916,2.795113043349311
D_tokens_B,300.0,72,Q_x_logN_logD,2.6348,2.6521213305079296,-0.017321330507929833,2.588525300532156,2.7157173604837035,2.585593900158874,2.7186487608569854,2.570705884179965,2.7335367768358942,2.566773574397336,2.7374690866185234,2.554770565965994,2.7494720950498652,2.55510014958102,2.7491425114348393
D_tokens_B,300.0,73,Q_x_logN_logD,2.6071,2.6061507985934584,0.0009492014065415333,2.5425547686176846,2.6697468285692323,2.5396233682444027,2.672678228942514,2.524735352265494,2.687566244921423,2.5208030424828647,2.691498554704052,2.508800034051523,2.703501563135394,2.5091296176665487,2.703171979520368
D_tokens_B,300.0,106,Q_x_logN_logD,2.8085,2.787367290589544,0.021132709410455863,2.7237712606137703,2.850963320565318,2.7208398602404884,2.8538947209386,2.7059518442615795,2.8687827369175087,2.7020195344789504,2.872715046700138,2.6900165260476085,2.8847180551314797,2.6903461096626344,2.884388471516454
D_tokens_B,300.0,107,Q_x_logN_logD,2.7682,2.7470415806690776,0.021158419330922662,2.6834455506933037,2.8106376106448514,2.680514150320022,2.8135690110181333,2.665626134341113,2.828457026997042,2.661693824558484,2.8323893367796713,2.649690816127142,2.844392345211013,2.650020399742168,2.8440627615959873
D_tokens_B,300.0,108,Q_x_logN_logD,2.6832,2.7067158707486114,-0.02351587074861161,2.6431198407728376,2.7703119007243853,2.6401884403995557,2.773243301097667,2.625300424420647,2.788131317076576,2.6213681146380177,2.792063626859205,2.609365106206676,2.804066635290547,2.6096946898217017,2.803737051675521
D_tokens_B,300.0,109,Q_x_logN_logD,2.7891,2.666390160828145,0.12270983917185507,2.602794130852371,2.7299861908039187,2.599862730479089,2.7329175911772006,2.5849747145001802,2.7478056071561094,2.581042404717551,2.7517379169387386,2.5690393962862093,2.7637409253700804,2.569368979901235,2.7634113417550545
D_tokens_B,300.0,388,Q_x_logN_logD,2.6321,2.6260644509076787,0.00603554909232118,2.562468420931905,2.6896604808834526,2.559537020558623,2.6925918812567344,2.544649004579714,2.7074798972356433,2.540716694797085,2.7114122070182725,2.528713686365743,2.7234152154496143,2.529043269980769,2.7230856318345884
D_tokens_B,300.0,110,Q_x_logN_logD,2.5211,2.585738740987212,-0.064638740987212,2.5221427110114383,2.649334770962986,2.5192113106381564,2.652266171336268,2.5043232946592475,2.6671541873151767,2.5003909848766184,2.671086497097806,2.4883879764452765,2.6830895055291477,2.4887175600603024,2.682759921914122
D_tokens_B,300.0,389,Q_x_logN_logD,2.5426,2.545413031066746,-0.002813031066745797,2.481817001090972,2.60900906104252,2.4788856007176903,2.6119404614158017,2.4639975847387814,2.6268284773947106,2.4600652749561522,2.6307607871773397,2.4480622665248104,2.6427637956086816,2.4483918501398363,2.6424342119936557
D_tokens_B,300.0,111,Q_x_logN_logD,2.549,2.5050873211462794,0.04391267885372052,2.4414912911705056,2.5686833511220533,2.4385598907972237,2.571614751495335,2.423671874818315,2.586502767474244,2.4197395650356857,2.590435077256873,2.407736556604344,2.602438085688215,2.4080661402193697,2.602108502073189
D_tokens_B,300.0,112,Q_x_logN_logD,2.432,2.4647616112258133,-0.032761611225813336,2.4011655812500394,2.528357641201587,2.3982341808767575,2.531289041574869,2.3833461648978487,2.546177057553778,2.3794138551152195,2.550109367336407,2.3674108466838777,2.562112375767749,2.3677404302989036,2.561782792152723
D_tokens_B,300.0,113,Q_x_logN_logD,2.3791,2.4244359013053467,-0.04533590130534648,2.360839871329573,2.4880319312811205,2.357908470956291,2.4909633316544024,2.343020454977382,2.5058513476333113,2.339088145194753,2.5097836574159404,2.327085136763411,2.5217866658472823,2.327414720378437,2.5214570822322564
D_tokens_B,300.0,146,Q_x_logN_logD,2.6722,2.6781375471804916,-0.005937547180491443,2.6145415172047177,2.7417335771562654,2.611610116831436,2.7446649775295473,2.596722100852527,2.759552993508456,2.592789791069898,2.7634853032910853,2.580786782638556,2.775488311722427,2.581116366253582,2.7751587281074013
D_tokens_B,300.0,147,Q_x_logN_logD,2.6214,2.641020763457342,-0.019620763457341983,2.577424733481568,2.704616793433116,2.574493333108286,2.7075481938063977,2.5596053171293773,2.7224362097853065,2.555673007346748,2.7263685195679357,2.5436699989154063,2.7383715279992775,2.5439995825304322,2.7380419443842516
D_tokens_B,300.0,148,Q_x_logN_logD,2.5759,2.603903979734192,-0.028003979734191997,2.540307949758418,2.6675000097099657,2.537376549385136,2.6704314100832476,2.5224885334062273,2.6853194260621565,2.518556223623598,2.6892517358447856,2.5065532151922563,2.7012547442761274,2.506882798807282,2.7009251606611016
D_tokens_B,300.0,149,Q_x_logN_logD,2.5792,2.566787196011042,0.012412803988957943,2.5031911660352684,2.630383225986816,2.5002597656619865,2.633314626360098,2.4853717496830776,2.648202642339007,2.4814394399004485,2.652134952121636,2.4694364314691066,2.664137960552978,2.4697660150841325,2.663808376937952
D_tokens_B,300.0,398,Q_x_logN_logD,2.5359,2.529670412287892,0.006229587712107687,2.4660743823121183,2.593266442263666,2.4631429819388364,2.596197842636948,2.4482549659599275,2.6110858586158567,2.4443226561772984,2.615018168398486,2.4323196477459565,2.6270211768298277,2.4326492313609824,2.626691593214802
D_tokens_B,300.0,150,Q_x_logN_logD,2.4842,2.4925536285647425,-0.008353628564742532,2.4289575985889686,2.5561496585405163,2.4260261982156868,2.5590810589137982,2.411138182236778,2.573969074892707,2.4072058724541487,2.5779013846753362,2.395202864022807,2.589904393106678,2.395532447637833,2.589574809491652
D_tokens_B,300.0,399,Q_x_logN_logD,2.4237,2.455436844841593,-0.03173684484159267,2.391840814865819,2.5190328748173667,2.388909414492537,2.5219642751906486,2.3740213985136283,2.5368522911695575,2.370089088730999,2.5407846009521866,2.3580860802996573,2.5527876093835284,2.358415663914683,2.5524580257685026
D_tokens_B,300.0,151,Q_x_logN_logD,2.4416,2.4183200611184428,0.023279938881557438,2.354724031142669,2.4819160910942166,2.351792630769387,2.4848474914674985,2.336904614790478,2.4997355074464074,2.332972305007849,2.5036678172290365,2.320969296576507,2.5156708256603784,2.321298880191533,2.5153412420453525
D_tokens_B,300.0,152,Q_x_logN_logD,2.4128,2.3812032773952927,0.03159672260470714,2.317607247419519,2.4447993073710665,2.314675847046237,2.4477307077443484,2.299787831067328,2.4626187237232573,2.295855521284699,2.4665510335058864,2.283852512853357,2.4785540419372283,2.284182096468383,2.4782244583222024
D_tokens_B,300.0,153,Q_x_logN_logD,2.3149,2.344086493672143,-0.029186493672142877,2.280490463696369,2.407682523647917,2.2775590633230873,2.410613924021199,2.2626710473441785,2.4255019400001077,2.2587387375615493,2.429434249782737,2.2467357291302075,2.4414372582140786,2.2470653127452334,2.4411076745990528
D_tokens_B,300.0,186,Q_x_logN_logD,2.6943,2.612806163591733,0.08149383640826713,2.549210133615959,2.676402193567507,2.5462787332426773,2.6793335939407887,2.5313907172637684,2.6942216099196976,2.5274584074811393,2.6981539197023268,2.5154553990497974,2.7101569281336686,2.5157849826648233,2.7098273445186427
D_tokens_B,300.0,187,Q_x_logN_logD,2.5728,2.5778290208942183,-0.005029020894218306,2.5142329909184444,2.641425050869992,2.5113015905451626,2.644356451243274,2.4964135745662537,2.659244467222183,2.4924812647836245,2.663176777004812,2.4804782563522827,2.675179785436154,2.4808078399673086,2.674850201821128
D_tokens_B,300.0,188,Q_x_logN_logD,2.4688,2.5428518781967036,-0.07405187819670367,2.4792558482209297,2.6064479081724774,2.476324447847648,2.6093793085457593,2.461436431868739,2.624267324524668,2.45750412208611,2.6281996343072973,2.445501113654768,2.640202642738639,2.445830697269794,2.6398730591236133
D_tokens_B,300.0,189,Q_x_logN_logD,2.5249,2.5078747354991893,0.017025264500810877,2.4442787055234154,2.571470765474963,2.4413473051501335,2.574402165848245,2.4264592891712247,2.589290181827154,2.4225269793885955,2.593222491609783,2.4105239709572537,2.605225500041125,2.4108535545722796,2.604895916426099
D_tokens_B,300.0,408,Q_x_logN_logD,2.4767,2.472897592801675,0.0038024071983251417,2.409301562825901,2.536493622777449,2.4063701624526193,2.5394250231507307,2.3914821464737104,2.5543130391296396,2.3875498366910812,2.5582453489122687,2.3755468282597394,2.5702483573436106,2.3758764118747653,2.5699187737285847
D_tokens_B,300.0,190,Q_x_logN_logD,2.4469,2.4379204501041603,0.0089795498958396,2.3743244201283864,2.501516480079934,2.3713930197551045,2.504447880453216,2.3565050037761957,2.519335896432125,2.3525726939935665,2.523268206214754,2.3405696855622247,2.535271214646096,2.3408992691772506,2.53494163103107
D_tokens_B,300.0,409,Q_x_logN_logD,2.4565,2.402943307406646,0.05355669259335416,2.339347277430872,2.46653933738242,2.3364158770575902,2.4694707377557017,2.3215278610786814,2.4843587537346106,2.317595551296052,2.4882910635172397,2.3055925428647104,2.5002940719485816,2.3059221264797363,2.4999644883335557
D_tokens_B,300.0,191,Q_x_logN_logD,2.4239,2.3679661647091312,0.05593383529086893,2.3043701347333574,2.431562194684905,2.3014387343600755,2.434493595058187,2.2865507183811666,2.449381611037096,2.2826184085985375,2.453313920819725,2.2706154001671957,2.465316929251067,2.2709449837822215,2.464987345636041
D_tokens_B,300.0,192,Q_x_logN_logD,2.2509,2.3329890220116165,-0.08208902201161639,2.2693929920358427,2.3965850519873904,2.266461591662561,2.3995164523606722,2.251573575683652,2.414404468339581,2.2476412659010228,2.4183367781222103,2.235638257469681,2.430339786553552,2.235967841084707,2.430010202938526
D_tokens_B,300.0,193,Q_x_logN_logD,2.342,2.2980118793141022,0.04398812068589786,2.2344158493383284,2.361607909289876,2.2314844489650465,2.364539309663158,2.2165964329861376,2.379427325642067,2.2126641232035085,2.383359635424696,2.2006611147721666,2.395362643856038,2.2009906983871925,2.395033060241012
D_tokens_B,300.0,226,Q_x_logN_logD,2.446,2.4514289843428667,-0.0054289843428665385,2.387832954367093,2.5150250143186406,2.384901553993811,2.5179564146919224,2.370013538014902,2.5328444306708313,2.366081228232273,2.5367767404534605,2.354078219800931,2.5487797488848023,2.354407803415957,2.5484501652697764
D_tokens_B,300.0,227,Q_x_logN_logD,2.3643,2.4226283785264235,-0.058328378526423474,2.3590323485506497,2.4862244085021974,2.356100948177368,2.4891558088754793,2.341212932198459,2.504043824854388,2.33728062241583,2.5079761346370173,2.325277613984488,2.519979143068359,2.325607197599514,2.5196495594533332
D_tokens_B,300.0,228,Q_x_logN_logD,2.3988,2.39382777270998,0.004972227290020115,2.330231742734206,2.4574238026857538,2.327300342360924,2.4603552030590357,2.3124123263820153,2.4752432190379445,2.308480016599386,2.4791755288205737,2.2964770081680443,2.4911785372519155,2.2968065917830702,2.4908489536368896
D_tokens_B,300.0,229,Q_x_logN_logD,2.3719,2.3650271668935368,0.006872833106463361,2.301431136917763,2.4286231968693106,2.298499736544481,2.4315545972425925,2.283611720565572,2.4464426132215014,2.279679410782943,2.4503749230041305,2.267676402351601,2.4623779314354723,2.268005985966627,2.4620483478204465
D_tokens_B,300.0,418,Q_x_logN_logD,2.3363,2.336226561077093,7.34389229068988e-05,2.2726305311013193,2.399822591052867,2.2696991307280374,2.402753991426149,2.2548111147491285,2.4176420074050577,2.2508788049664994,2.421574317187687,2.2388757965351576,2.4335773256190287,2.2392053801501834,2.433247742004003
D_tokens_B,300.0,230,Q_x_logN_logD,2.3342,2.30742595526065,0.026774044739350078,2.243829925284876,2.371021985236424,2.2408985249115942,2.3739533856097057,2.2260105089326854,2.3888414015886146,2.222078199150056,2.3927737113712437,2.2100751907187144,2.4047767198025856,2.2104047743337403,2.4044471361875597
D_tokens_B,300.0,419,Q_x_logN_logD,2.2804,2.2786253494442064,0.0017746505557938441,2.2150293194684325,2.34222137941998,2.2120979190951506,2.345152779793262,2.1972099031162418,2.360040795772171,2.1932775933336126,2.3639731055548,2.1812745849022708,2.375976113986142,2.1816041685172967,2.375646530371116
D_tokens_B,300.0,231,Q_x_logN_logD,2.2389,2.249824743627763,-0.010924743627763078,2.1862287136519893,2.313420773603537,2.1832973132787075,2.316352173976819,2.1684092972997986,2.331240189955728,2.1644769875171694,2.335172499738357,2.1524739790858276,2.3471755081696988,2.1528035627008535,2.346845924554673
D_tokens_B,300.0,232,Q_x_logN_logD,2.2601,2.2210241378113196,0.03907586218868042,2.1574281078355457,2.2846201677870934,2.154496707462264,2.2875515681603753,2.139608691483355,2.302439584139284,2.135676381700726,2.3063718939219133,2.123673373269384,2.318374902353255,2.12400295688441,2.3180453187382293
D_tokens_B,300.0,233,Q_x_logN_logD,2.1271,2.1922235319948764,-0.06512353199487642,2.1286275020191026,2.2558195619706503,2.1256961016458207,2.258750962343932,2.110808085666912,2.273638978322841,2.1068757758842827,2.27757128810547,2.094872767452941,2.289574296536812,2.0952023510679667,2.289244712921786
D_tokens_B,300.0,266,Q_x_logN_logD,2.4125,2.4032798055976903,0.009220194402309811,2.3396837756219164,2.466875835573464,2.3367523752486346,2.469807235946746,2.3218643592697257,2.484695251925655,2.3179320494870965,2.488627561708284,2.3059290410557547,2.500630570139626,2.3062586246707806,2.5003009865246
D_tokens_B,300.0,267,Q_x_logN_logD,2.3793,2.3766188408068825,0.0026811591931177325,2.3130228108311086,2.4402148707826563,2.3100914104578267,2.443146271155938,2.295203394478918,2.458034287134847,2.2912710846962887,2.461966596917476,2.279268076264947,2.473969605348818,2.2795976598799728,2.473640021733792
D_tokens_B,300.0,268,Q_x_logN_logD,2.2697,2.349957876016074,-0.08025787601607437,2.2863618460403003,2.413553905991848,2.2834304456670185,2.41648530636513,2.2685424296881096,2.431373322344039,2.2646101199054804,2.435305632126668,2.2526071114741386,2.44730864055801,2.2529366950891645,2.446979056942984
D_tokens_B,300.0,269,Q_x_logN_logD,2.3711,2.3232969112252664,0.047803088774733826,2.2597008812494925,2.3868929412010402,2.2567694808762107,2.389824341574322,2.241881464897302,2.404712357553231,2.2379491551146726,2.40864466733586,2.225946146683331,2.420647675767202,2.2262757302983567,2.420318092152176
D_tokens_B,300.0,428,Q_x_logN_logD,2.2988,2.296635946434458,0.0021640535655418347,2.2330399164586843,2.360231976410232,2.2301085160854024,2.363163376783514,2.2152205001064935,2.3780513927624227,2.2112881903238644,2.381983702545052,2.1992851818925225,2.3939867109763937,2.1996147655075484,2.393657127361368
D_tokens_B,300.0,270,Q_x_logN_logD,2.2294,2.2699749816436503,-0.040574981643650254,2.2063789516678765,2.333571011619424,2.2034475512945946,2.336502411992706,2.1885595353156857,2.351390427971615,2.1846272255330565,2.355322737754244,2.1726242171017147,2.367325746185586,2.1729538007167406,2.36699616257056
D_tokens_B,300.0,429,Q_x_logN_logD,2.2329,2.243314016852842,-0.010414016852842156,2.179717986877068,2.306910046828616,2.1767865865037863,2.3098414472018978,2.1618985705248774,2.3247294631808066,2.1579662607422483,2.328661772963436,2.1459632523109065,2.3406647813947776,2.1462928359259323,2.3403351977797517
D_tokens_B,300.0,271,Q_x_logN_logD,2.1962,2.2166530520620342,-0.02045305206203407,2.1530570220862604,2.280249082037808,2.1501256217129785,2.28318048241109,2.1352376057340696,2.298068498389999,2.1313052959514405,2.302000808172628,2.1193022875200986,2.31400381660397,2.1196318711351245,2.313674232988944
D_tokens_B,300.0,272,Q_x_logN_logD,2.1753,2.189992087271226,-0.014692087271225951,2.126396057295452,2.253588117247,2.1234646569221702,2.2565195176202817,2.1085766409432614,2.2714075335991906,2.104644331160632,2.2753398433818197,2.0926413227292904,2.2873428518131615,2.0929709063443163,2.2870132681981357
D_tokens_B,300.0,273,Q_x_logN_logD,2.1975,2.163331122480418,0.03416887751958164,2.0997350925046443,2.226927152456192,2.0968036921313624,2.229858552829474,2.0819156761524535,2.2447465688083827,2.0779833663698244,2.248678878591012,2.0659803579384826,2.2606818870223537,2.0663099415535084,2.260352303407328
D_tokens_B,300.0,306,Q_x_logN_logD,2.3408,2.33586731195901,0.004932688040990119,2.2722712819832362,2.399463341934784,2.2693398816099544,2.402394742308066,2.2544518656310455,2.4172827582869747,2.2505195558484163,2.421215068069604,2.2385165474170745,2.4332180765009457,2.2388461310321004,2.43288849288592
D_tokens_B,300.0,307,Q_x_logN_logD,2.3195,2.312477084811328,0.007022915188672041,2.2488810548355542,2.376073114787102,2.2459496544622723,2.379004515160384,2.2310616384833635,2.3938925311392927,2.2271293287007343,2.397824840921922,2.2151263202693925,2.4098278493532637,2.2154559038844184,2.4094982657382378
D_tokens_B,300.0,308,Q_x_logN_logD,2.3002,2.289086857663646,0.011113142336353743,2.225490827687872,2.35268288763942,2.2225594273145903,2.355614288012702,2.2076714113356815,2.3705023039916107,2.2037391015530523,2.37443461377424,2.1917360931217105,2.3864376222055816,2.1920656767367364,2.3861080385905558
D_tokens_B,300.0,309,Q_x_logN_logD,2.3167,2.265696630515964,0.05100336948403594,2.20210060054019,2.329292660491738,2.1991692001669083,2.3322240608650198,2.1842811841879994,2.3471120768439286,2.1803488744053703,2.351044386626558,2.1683458659740285,2.3630473950578996,2.1686754495890543,2.3627178114428737
D_tokens_B,300.0,438,Q_x_logN_logD,2.2738,2.242306403368282,0.031493596631718024,2.178710373392508,2.305902433344056,2.1757789730192263,2.3088338337173377,2.1608909570403174,2.3237218496962466,2.1569586472576883,2.3276541594788758,2.1449556388263464,2.3396571679102176,2.1452852224413723,2.3393275842951917
D_tokens_B,300.0,310,Q_x_logN_logD,2.2275,2.2189161762206,0.008583823779400035,2.155320146244826,2.282512206196374,2.1523887458715443,2.2854436065696557,2.1375007298926354,2.3003316225485646,2.1335684201100062,2.3042639323311938,2.1215654116786644,2.3162669407625356,2.1218949952936903,2.3159373571475097
D_tokens_B,300.0,439,Q_x_logN_logD,2.1672,2.195525949072918,-0.02832594907291819,2.131929919097144,2.259121979048692,2.1289985187238623,2.2620533794219737,2.1141105027449534,2.2769413954008826,2.1101781929623242,2.2808737051835117,2.0981751845309824,2.2928767136148536,2.0985047681460083,2.2925471299998277
D_tokens_B,300.0,311,Q_x_logN_logD,2.1189,2.172135721925236,-0.05323572192523596,2.108539691949462,2.23573175190101,2.1056082915761802,2.2386631522742917,2.0907202755972714,2.2535511682532006,2.086787965814642,2.2574834780358297,2.0747849573833004,2.2694864864671715,2.0751145409983263,2.2691569028521457
D_tokens_B,300.0,312,Q_x_logN_logD,2.1052,2.148745494777554,-0.043545494777553984,2.08514946480178,2.212341524753328,2.082218064428498,2.2152729251266097,2.0673300484495893,2.2301609411055185,2.06339773866696,2.2340932508881477,2.0513947302356184,2.2460962593194895,2.0517243138506442,2.2457666757044636
D_tokens_B,300.0,313,Q_x_logN_logD,2.1363,2.125355267629872,0.010944732370127941,2.061759237654098,2.1889512976056458,2.058827837280816,2.1918826979789277,2.0439398213019073,2.2067707139578365,2.040007511519278,2.2107030237404657,2.0280045030879363,2.2227060321718075,2.0283340867029622,2.2223764485567816
D_tokens_B,300.0,346,Q_x_logN_logD,2.2899,2.2742191439368105,0.015680856063189363,2.2106231139610366,2.3378151739125843,2.2076917135877547,2.340746574285866,2.192803697608846,2.355634590264775,2.1888713878262167,2.359566900047404,2.176868379394875,2.371569908478746,2.1771979630099008,2.37124032486372
D_tokens_B,300.0,347,Q_x_logN_logD,2.2886,2.254133578298226,0.03446642170177405,2.1905375483224523,2.317729608274,2.1876061479491704,2.320661008647282,2.1727181319702615,2.3355490246261907,2.1687858221876324,2.33948133440882,2.1567828137562906,2.3514843428401617,2.1571123973713164,2.351154759225136
D_tokens_B,300.0,348,Q_x_logN_logD,2.2767,2.234048012659642,0.04265198734035813,2.170451982683868,2.2976440426354157,2.167520582310586,2.3005754430086975,2.152632566331677,2.3154634589876064,2.148700256549048,2.3193957687702356,2.1366972481177062,2.3313987772015774,2.137026831732732,2.3310691935865515
D_tokens_B,300.0,349,Q_x_logN_logD,2.2501,2.213962447021058,0.03613755297894228,2.150366417045284,2.277558476996832,2.147435016672002,2.2804898773701137,2.1325470006930933,2.2953778933490225,2.128614690910464,2.2993102031316517,2.1166116824791223,2.3113132115629935,2.1169412660941482,2.3109836279479676
D_tokens_B,300.0,448,Q_x_logN_logD,2.2109,2.1938768813824736,0.017023118617526478,2.1302808514066998,2.2574729113582475,2.127349451033418,2.2604043117315293,2.112461435054509,2.275292327710438,2.10852912527188,2.2792246374930674,2.096526116840538,2.291227645924409,2.096855700455564,2.2908980623093833
D_tokens_B,300.0,350,Q_x_logN_logD,2.1351,2.1737913157438897,-0.03869131574388973,2.110195285768116,2.2373873457196636,2.107263885394834,2.2403187460929455,2.092375869415925,2.2552067620718543,2.088443559633296,2.2591390718544835,2.076440551201954,2.2711420802858253,2.07677013481698,2.2708124966707994
D_tokens_B,300.0,449,Q_x_logN_logD,2.1378,2.1537057501053054,-0.015905750105305483,2.0901097201295316,2.2173017800810793,2.0871783197562497,2.220233180454361,2.072290303777341,2.23512119643327,2.0683579939947117,2.239053506215899,2.05635498556337,2.251056514647241,2.0566845691783957,2.250726931032215
D_tokens_B,300.0,351,Q_x_logN_logD,2.1274,2.133620184466721,-0.006220184466720902,2.0700241544909472,2.197216214442495,2.0670927541176654,2.200147614815777,2.0522047381387565,2.2150356307946857,2.0482724283561273,2.218967940577315,2.0362694199247855,2.2309709490086567,2.0365990035398114,2.230641365393631
D_tokens_B,300.0,352,Q_x_logN_logD,2.2077,2.113534618828137,0.0941653811718628,2.0499385888523634,2.177130648803911,2.0470071884790815,2.180062049177193,2.0321191725001726,2.194950065156102,2.0281868627175434,2.198882374938731,2.0161838542862016,2.210885383370073,2.0165134379012275,2.210555799755047
D_tokens_B,300.0,353,Q_x_logN_logD,2.0939,2.093449053189553,0.00045094681044721696,2.029853023213779,2.1570450831653267,2.026921622840497,2.1599764835386086,2.0120336068615883,2.1748644995175175,2.008101297078959,2.1787968093001466,1.9960982886476173,2.1907998177314885,1.9964278722626432,2.1904702341164626
D_tokens_B,600.0,34,Q_x_logN_logD,3.1971,3.2364224966739967,-0.0393224966739969,3.172970099919575,3.2998748934284183,3.1686841022081262,3.304160891139867,3.1549813578322703,3.317863635515723,3.149341500237439,3.3235034931105543,3.1379657582066254,3.334879235141368,3.1367983384648643,3.336046654883129
D_tokens_B,600.0,35,Q_x_logN_logD,3.1469,3.1856416812884647,-0.03874168128846467,3.122189284534043,3.2490940780428863,3.117903286822594,3.253380075754335,3.1042005424467383,3.267082820130191,3.098560684851907,3.2727226777250222,3.0871849428210933,3.284098419755836,3.0860175230793323,3.285265839497597
D_tokens_B,600.0,36,Q_x_logN_logD,3.1946,3.1348608659029322,0.05973913409706766,3.0714084691485106,3.198313262657354,3.0671224714370617,3.2025992603688027,3.053419727061206,3.2163020047446587,3.0477798694663747,3.2219418623394898,3.036404127435561,3.2333176043703036,3.0352367076938,3.2344850241120646
D_tokens_B,600.0,37,Q_x_logN_logD,3.1242,3.0840800505174,0.04011994948259989,3.0206276537629786,3.147532447271822,3.0163416560515297,3.1518184449832707,3.0026389116756738,3.1655211893591266,2.9969990540808427,3.1711610469539577,2.985623312050029,3.1825367889847715,2.984455892308268,3.1837042087265326
D_tokens_B,600.0,370,Q_x_logN_logD,3.0404,3.033299235131868,0.007100764868131826,2.9698468383774466,3.0967516318862898,2.9655608406659977,3.1010376295977387,2.9518580962901417,3.1147403739735946,2.9462182386953106,3.1203802315684257,2.934842496664497,3.1317559735992395,2.9336750769227358,3.1329233933410006
D_tokens_B,600.0,38,Q_x_logN_logD,2.9753,2.9825184197463357,-0.007218419746335858,2.919066022991914,3.0459708165007573,2.914780025280465,3.050256814212206,2.9010772809046093,3.063959558588062,2.895437423309778,3.0695994161828932,2.8840616812789643,3.080975158213707,2.8828942615372033,3.082142577955468
D_tokens_B,600.0,371,Q_x_logN_logD,2.9333,2.9317376043608037,0.0015623956391963567,2.868285207606382,2.9951900011152253,2.863999209894933,2.999475998826674,2.8502964655190772,3.01317874320253,2.844656607924246,3.018818600797361,2.8332808658934323,3.030194342828175,2.8321134461516713,3.031361762569936
D_tokens_B,600.0,39,Q_x_logN_logD,2.8695,2.8809567889752716,-0.011456788975271692,2.81750439222085,2.9444091857296932,2.813218394509401,2.948695183441142,2.799515650133545,2.962397927816998,2.793875792538714,2.968037785411829,2.7825000505079003,2.979413527442643,2.7813326307661392,2.980580947184404
D_tokens_B,600.0,40,Q_x_logN_logD,2.8303,2.830175973589739,0.00012402641026065808,2.7667235768353176,2.8936283703441608,2.7624375791238687,2.8979143680556096,2.7487348347480127,2.9116171124314656,2.7430949771531816,2.9172569700262967,2.731719235122368,2.9286327120571105,2.7305518153806068,2.9298001317988716
D_tokens_B,600.0,41,Q_x_logN_logD,2.747,2.779395158204207,-0.03239515820420724,2.7159427614497855,2.8428475549586287,2.7116567637383366,2.8471335526700776,2.6979540193624807,2.8608362970459336,2.6923141617676496,2.8664761546407647,2.6809384197368358,2.8778518966715785,2.6797709999950747,2.8790193164133395
D_tokens_B,600.0,74,Q_x_logN_logD,2.98,2.9735917983675035,0.006408201632496446,2.910139401613082,3.037044195121925,2.905853403901633,3.041330192833374,2.892150659525777,3.05503293720923,2.886510801930946,3.060672794804061,2.875135059900132,3.072048536834875,2.873967640158371,3.073215956576636
D_tokens_B,600.0,75,Q_x_logN_logD,2.9212,2.927825274926756,-0.006625274926756131,2.8643728781723343,2.9912776716811775,2.8600868804608854,2.9955636693926264,2.8463841360850295,3.0092664137684824,2.8407442784901984,3.0149062713633135,2.8293685364593846,3.0262820133941273,2.8282011167176235,3.0274494331358883
D_tokens_B,600.0,76,Q_x_logN_logD,2.8818,2.8820587514860083,-0.00025875148600817965,2.8186063547315867,2.94551114824043,2.814320357020138,2.949797145951879,2.800617612644282,2.9634998903277348,2.794977755049451,2.969139747922566,2.783602013018637,2.9805154899533797,2.782434593276876,2.9816829096951407
D_tokens_B,600.0,77,Q_x_logN_logD,2.8627,2.836292228045261,0.026407771954738646,2.7728398312908396,2.8997446247996828,2.7685538335793907,2.9040306225111316,2.7548510892035347,2.9177333668869876,2.7492112316087036,2.9233732244818187,2.73783548957789,2.9347489665126325,2.7366680698361288,2.9359163862543936
D_tokens_B,600.0,380,Q_x_logN_logD,2.7776,2.7905257046045135,-0.012925704604513477,2.727073307850092,2.853978101358935,2.722787310138643,2.858264099070384,2.709084565762787,2.87196684344624,2.703444708167956,2.877606701041071,2.692068966137142,2.888982443071885,2.690901546395381,2.890149862813646
D_tokens_B,600.0,78,Q_x_logN_logD,2.7288,2.744759181163766,-0.015959181163765823,2.6813067844093443,2.8082115779181875,2.6770207866978954,2.8124975756296364,2.6633180423220395,2.8262003200054924,2.6576781847272084,2.8318401776003235,2.6463024426963946,2.8432159196311373,2.6451350229546335,2.8443833393728983
D_tokens_B,600.0,381,Q_x_logN_logD,2.6652,2.6989926577230183,-0.033792657723018316,2.6355402609685967,2.76244505447744,2.631254263257148,2.766731052188889,2.617551518881292,2.7804337965647448,2.611911661286461,2.786073654159576,2.600535919255647,2.7974493961903897,2.599368499513886,2.7986168159321507
D_tokens_B,600.0,79,Q_x_logN_logD,2.658,2.6532261342822707,0.004773865717729198,2.589773737527849,2.7166785310366923,2.5854877398164002,2.720964528748141,2.5717849954405443,2.734667273123997,2.566145137845713,2.7403071307188283,2.5547693958148994,2.751682872749642,2.5536019760731383,2.752850292491403
D_tokens_B,600.0,80,Q_x_logN_logD,2.5923,2.6074596108415236,-0.01515961084152373,2.544007214087102,2.670912007595945,2.539721216375653,2.675198005307394,2.526018471999797,2.68890074968325,2.520378614404966,2.694540607278081,2.509002872374152,2.705916349308895,2.507835452632391,2.707083769050656
D_tokens_B,600.0,81,Q_x_logN_logD,2.5781,2.561693087400776,0.01640691259922411,2.4982406906463543,2.6251454841551976,2.4939546929349055,2.6294314818666464,2.4802519485590495,2.6431342262425024,2.4746120909642184,2.6487740838373335,2.4632363489334046,2.6601498258681473,2.4620689291916436,2.6613172456099083
D_tokens_B,600.0,114,Q_x_logN_logD,2.6695,2.7400797530601766,-0.07057975306017639,2.676627356305755,2.803532149814598,2.672341358594306,2.807818147526047,2.65863861421845,2.821520891901903,2.652998756623619,2.827160749496734,2.6416230145928052,2.838536491527548,2.640455594851044,2.839703911269309
D_tokens_B,600.0,115,Q_x_logN_logD,2.7354,2.7000208472562925,0.03537915274370729,2.636568450501871,2.763473244010714,2.632282452790422,2.767759241722163,2.618579708414566,2.781461986098019,2.612939850819735,2.78710184369285,2.601564108788921,2.798477585723664,2.60039668904716,2.799645005465425
D_tokens_B,600.0,116,Q_x_logN_logD,2.6187,2.659961941452409,-0.04126194145240891,2.5965095446979873,2.7234143382068305,2.5922235469865385,2.7277003359182794,2.5785208026106825,2.7414030802941354,2.5728809450158514,2.7470429378889665,2.5615052029850376,2.7584186799197803,2.5603377832432765,2.7595860996615413
D_tokens_B,600.0,117,Q_x_logN_logD,2.5858,2.619903035648525,-0.034103035648525015,2.5564506388941033,2.6833554324029465,2.5521646411826544,2.6876414301143954,2.5384618968067985,2.7013441744902513,2.5328220392119674,2.7069840320850824,2.5214462971811535,2.7183597741158962,2.5202788774393925,2.7195271938576573
D_tokens_B,600.0,390,Q_x_logN_logD,2.5369,2.5798441298446413,-0.04294412984464113,2.5163917330902197,2.643296526599063,2.512105735378771,2.6475825243105118,2.498402991002915,2.6612852686863677,2.4927631334080838,2.666925126281199,2.48138739137727,2.6783008683120126,2.480219971635509,2.6794682880537737
D_tokens_B,600.0,118,Q_x_logN_logD,2.5121,2.5397852240407577,-0.02768522404075746,2.476332827286336,2.6032376207951793,2.472046829574887,2.607523618506628,2.4583440851990312,2.621226362882484,2.4527042276042,2.626866220477315,2.4413284855733863,2.638241962508129,2.4401610658316253,2.63940938224989
D_tokens_B,600.0,391,Q_x_logN_logD,2.4873,2.4997263182368736,-0.01242631823687379,2.436273921482452,2.5631787149912952,2.431987923771003,2.567464712702744,2.418285179395147,2.5811674570786,2.412645321800316,2.586807314673431,2.4012695797695023,2.598183056704245,2.4001021600277412,2.599350476446006
D_tokens_B,600.0,119,Q_x_logN_logD,2.4741,2.45966741243299,0.014432587567009936,2.3962150156785684,2.5231198091874116,2.3919290179671195,2.5274058068988605,2.3782262735912636,2.5411085512747165,2.3725864159964325,2.5467484088695476,2.3612106739656187,2.5581241509003614,2.3600432542238576,2.5592915706421224
D_tokens_B,600.0,120,Q_x_logN_logD,2.471,2.419608506629106,0.051391493370894104,2.3561561098746844,2.4830609033835276,2.3518701121632355,2.4873469010949765,2.3381673677873795,2.5010496454708324,2.3325275101925484,2.5066895030656635,2.3211517681617346,2.5180652450964773,2.3199843484199736,2.5192326648382384
D_tokens_B,600.0,121,Q_x_logN_logD,2.3932,2.3795496008252224,0.013650399174777839,2.3160972040708008,2.443001997579644,2.311811206359352,2.447287995291093,2.298108461983496,2.460990739666949,2.292468604388665,2.46663059726178,2.281092862357851,2.4780063392925937,2.27992544261609,2.4791737590343548
D_tokens_B,600.0,154,Q_x_logN_logD,2.5974,2.631115356765753,-0.03371535676575288,2.567662960011331,2.6945677535201744,2.5633769622998823,2.6988537512316233,2.5496742179240264,2.7125564956074792,2.5440343603291953,2.7181963532023103,2.5326586182983815,2.729572095233124,2.5314911985566204,2.730739514974885
D_tokens_B,600.0,155,Q_x_logN_logD,2.5998,2.5943010747566757,0.005498925243324404,2.530848678002254,2.6577534715110973,2.526562680290805,2.662039469222546,2.5128599359149493,2.675742213598402,2.507220078320118,2.6813820711932332,2.4958443362893044,2.692757813224047,2.4946769165475433,2.693925232965808
D_tokens_B,600.0,156,Q_x_logN_logD,2.5611,2.557486792747599,0.003613207252401107,2.4940343959931774,2.6209391895020206,2.4897483982817286,2.6252251872134695,2.4760456539058726,2.6389279315893255,2.4704057963110415,2.6445677891841566,2.4590300542802277,2.6559435312149704,2.4578626345384667,2.6571109509567314
D_tokens_B,600.0,157,Q_x_logN_logD,2.5225,2.520672510738522,0.0018274892614780214,2.4572201139841003,2.5841249074929435,2.4529341162726515,2.5884109052043924,2.4392313718967955,2.6021136495802484,2.4335915143019644,2.6077535071750795,2.4222157722711506,2.6191292492058933,2.4210483525293895,2.6202966689476543
D_tokens_B,600.0,400,Q_x_logN_logD,2.4897,2.4838582287294453,0.005841771270554741,2.4204058319750237,2.547310625483867,2.416119834263575,2.5515966231953158,2.402417089887719,2.5652993675711717,2.3967772322928877,2.570939225166003,2.385401490262074,2.5823149671968166,2.384234070520313,2.5834823869385777
D_tokens_B,600.0,158,Q_x_logN_logD,2.51,2.447043946720368,0.06295605327963161,2.3835915499659466,2.51049634347479,2.3793055522544977,2.5147823411862387,2.3656028078786417,2.5284850855620946,2.3599629502838106,2.5341249431569257,2.348587208252997,2.5455006851877395,2.347419788511236,2.5466681049295006
D_tokens_B,600.0,401,Q_x_logN_logD,2.48,2.4102296647112915,0.06977033528870846,2.34677726795687,2.473682061465713,2.342491270245421,2.477968059177162,2.328788525869565,2.491670803553018,2.323148668274734,2.497310661147849,2.31177292624392,2.508686403178663,2.310605506502159,2.509853822920424
D_tokens_B,600.0,159,Q_x_logN_logD,2.4421,2.3734153827022144,0.06868461729778552,2.309962985947793,2.436867779456636,2.305676988236344,2.441153777168085,2.291974243860488,2.454856521543941,2.286334386265657,2.460496379138772,2.274958644234843,2.4718721211695858,2.273791224493082,2.473039540911347
D_tokens_B,600.0,160,Q_x_logN_logD,2.2624,2.3366011006931378,-0.07420110069313779,2.273148703938716,2.4000534974475594,2.2688627062272673,2.4043394951590082,2.2551599618514113,2.418042239534864,2.24952010425658,2.4236820971296953,2.2381443622257664,2.435057839160509,2.2369769424840054,2.43622525890227
D_tokens_B,600.0,161,Q_x_logN_logD,2.3039,2.2997868186840607,0.004113181315939407,2.236334421929639,2.3632392154384823,2.23204842421819,2.367525213149931,2.218345679842334,2.381227957525787,2.212705822247503,2.386867815120618,2.2013300802166893,2.398243557151432,2.2001626604749283,2.399410976893193
D_tokens_B,600.0,194,Q_x_logN_logD,2.6008,2.5661695446127384,0.034630455387261616,2.502717147858317,2.62962194136716,2.498431150146868,2.633907939078609,2.484728405771012,2.647610683454465,2.479088548176181,2.653250541049296,2.467712806145367,2.6646262830801097,2.466545386403606,2.665793702821871
D_tokens_B,600.0,195,Q_x_logN_logD,2.4894,2.5315187059978808,-0.04211870599788092,2.468066309243459,2.5949711027523024,2.4637803115320103,2.5992571004637512,2.4500775671561543,2.612959844839607,2.4444377095613232,2.6185997024344383,2.4330619675305094,2.629975444465252,2.4318945477887484,2.631142864207013
D_tokens_B,600.0,196,Q_x_logN_logD,2.4439,2.496867867383023,-0.05296786738302295,2.4334154706286015,2.5603202641374447,2.4291294729171526,2.5646062618488936,2.4154267285412967,2.5783090062247496,2.4097868709464656,2.5839488638195807,2.398411128915652,2.5953246058503945,2.3972437091738907,2.5964920255921555
D_tokens_B,600.0,197,Q_x_logN_logD,2.4229,2.4622170287681655,-0.039317028768165674,2.398764632013744,2.525669425522587,2.394478634302295,2.529955423234036,2.380775889926439,2.543658167609892,2.375136032331608,2.549298025204723,2.363760290300794,2.560673767235537,2.362592870559033,2.561841186977298
D_tokens_B,600.0,410,Q_x_logN_logD,2.4351,2.427566190153308,0.007533809846691941,2.3641137933988863,2.4910185869077295,2.3598277956874374,2.4953045846191784,2.3461250513115814,2.5090073289950343,2.3404851937167503,2.5146471865898654,2.3291094516859365,2.5260229286206792,2.3279420319441755,2.5271903483624403
D_tokens_B,600.0,198,Q_x_logN_logD,2.4336,2.3929153515384503,0.040684648461549955,2.3294629547840286,2.456367748292872,2.3251769570725798,2.4606537460043207,2.311474212696724,2.4743564903801767,2.3058343551018927,2.479996347975008,2.294458613071079,2.4913720900058216,2.293291193329318,2.4925395097475826
D_tokens_B,600.0,411,Q_x_logN_logD,2.359,2.358264512923592,0.0007354870764078036,2.2948121161691706,2.421716909678014,2.2905261184577217,2.4260029073894627,2.2768233740818657,2.4397056517653186,2.2711835164870346,2.4453455093601497,2.259807774456221,2.4567212513909635,2.25864035471446,2.4578886711327246
D_tokens_B,600.0,199,Q_x_logN_logD,2.3549,2.3236136743087346,0.03128632569126566,2.260161277554313,2.387066071063156,2.255875279842864,2.391352068774605,2.242172535467008,2.405054813150461,2.236532677872177,2.410694670745292,2.225156935841363,2.422070412776106,2.223989516099602,2.423237832517867
D_tokens_B,600.0,200,Q_x_logN_logD,2.2636,2.288962835693877,-0.025362835693877095,2.2255104389394553,2.3524152324482985,2.2212244412280064,2.3567012301597474,2.2075216968521505,2.3704039745356034,2.2018818392573194,2.3760438321304345,2.1905060972265056,2.3874195741612483,2.1893386774847445,2.3885869939030093
D_tokens_B,600.0,201,Q_x_logN_logD,2.2915,2.2543119970790193,0.03718800292098079,2.1908596003245977,2.317764393833441,2.186573602613149,2.32205039154489,2.172870858237293,2.3357531359207457,2.1672310006424618,2.341392993515577,2.155855258611648,2.3527687355463907,2.154687838869887,2.3539361552881517
D_tokens_B,600.0,234,Q_x_logN_logD,2.4515,2.4064398522283725,0.04506014777162726,2.342987455473951,2.469892248982794,2.338701457762502,2.474178246694243,2.324998713386646,2.487880991070099,2.319358855791815,2.49352084866493,2.307983113761001,2.504896590695744,2.30681569401924,2.506064010437505
D_tokens_B,600.0,235,Q_x_logN_logD,2.4042,2.378034261182806,0.026165738817193862,2.3145818644283844,2.4414866579372276,2.3102958667169355,2.4457726556486765,2.2965931223410796,2.4594754000245325,2.2909532647462485,2.4651152576193636,2.2795775227154347,2.4764909996501774,2.2784101029736736,2.4776584193919384
D_tokens_B,600.0,236,Q_x_logN_logD,2.3538,2.3496286701372395,0.004171329862760587,2.286176273382818,2.413081066891661,2.281890275671369,2.41736706460311,2.268187531295513,2.431069808978966,2.262547673700682,2.436709666573797,2.251171931669868,2.448085408604611,2.250004511928107,2.449252828346372
D_tokens_B,600.0,237,Q_x_logN_logD,2.3322,2.321223079091673,0.010976920908326804,2.2577706823372514,2.3846754758460946,2.2534846846258025,2.3889614735575435,2.2397819402499466,2.4026642179333995,2.2341420826551155,2.4083040755282306,2.2227663406243017,2.4196798175590444,2.2215989208825406,2.4208472373008054
D_tokens_B,600.0,420,Q_x_logN_logD,2.322,2.292817488046106,0.029182511953893986,2.2293650912916845,2.3562698848005277,2.2250790935802356,2.3605558825119766,2.2113763492043796,2.3742586268878325,2.2057364916095485,2.3798984844826636,2.1943607495787347,2.3912742265134774,2.1931933298369737,2.3924416462552385
D_tokens_B,600.0,238,Q_x_logN_logD,2.2986,2.2644118970005396,0.0341881029994604,2.200959500246118,2.327864293754961,2.196673502534669,2.33215029146641,2.182970758158813,2.345853035842266,2.177330900563982,2.351492893437097,2.1659551585331682,2.362868635467911,2.164787738791407,2.364036055209672
D_tokens_B,600.0,421,Q_x_logN_logD,2.2877,2.236006305954973,0.051693694045026994,2.1725539092005515,2.2994587027093947,2.1682679114891026,2.3037447004208436,2.1545651671132466,2.3174474447966995,2.1489253095184155,2.3230873023915306,2.1375495674876017,2.3344630444223444,2.1363821477458407,2.3356304641641055
D_tokens_B,600.0,239,Q_x_logN_logD,2.2378,2.2076007149094066,0.030199285090593442,2.144148318154985,2.271053111663828,2.139862320443536,2.275339109375277,2.12615957606768,2.289041853751133,2.120519718472849,2.294681711345964,2.109143976442035,2.306057453376778,2.107976556700274,2.307224873118539
D_tokens_B,600.0,240,Q_x_logN_logD,2.1287,2.17919512386384,-0.05049512386384025,2.1157427271094185,2.2426475206182617,2.1114567293979696,2.2469335183297106,2.0977539850221136,2.2606362627055665,2.0921141274272825,2.2662761203003976,2.0807383853964687,2.2776518623312114,2.0795709656547077,2.2788192820729725
D_tokens_B,600.0,241,Q_x_logN_logD,2.1935,2.1507895328182736,0.04271046718172622,2.087337136063852,2.214241929572695,2.083051138352403,2.218527927284144,2.069348393976547,2.23223067166,2.063708536381716,2.237870529254831,2.052332794350902,2.249246271285645,2.051165374609141,2.250413691027406
D_tokens_B,600.0,274,Q_x_logN_logD,2.2637,2.358955088729641,-0.09525508872964084,2.2955026919752193,2.4224074854840625,2.2912166942637704,2.4266934831955114,2.2775139498879144,2.4403962275713673,2.2718740922930833,2.4460360851661984,2.2604983502622695,2.4574118271970122,2.2593309305205085,2.4585792469387733
D_tokens_B,600.0,275,Q_x_logN_logD,2.2681,2.3327129410782934,-0.0646129410782934,2.269260544323872,2.396165337832715,2.264974546612423,2.400451335544164,2.251271802236567,2.41415407992002,2.245631944641736,2.419793937514851,2.234256202610922,2.4311696795456648,2.233088782869161,2.432337099287426
D_tokens_B,600.0,276,Q_x_logN_logD,2.403,2.3064707934269464,0.09652920657305364,2.243018396672525,2.369923190181368,2.238732398961076,2.374209187892817,2.22502965458522,2.387911932268673,2.219389796990389,2.393551789863504,2.208014054959575,2.4049275318943177,2.206846635217814,2.406094951636079
D_tokens_B,600.0,277,Q_x_logN_logD,2.3312,2.280228645775599,0.05097135422440102,2.2167762490211773,2.3436810425300205,2.2124902513097284,2.3479670402414694,2.1987875069338725,2.3616697846173254,2.1931476493390414,2.3673096422121565,2.1817719073082276,2.3786853842429703,2.1806044875664665,2.3798528039847313
D_tokens_B,600.0,430,Q_x_logN_logD,2.3211,2.2539864981242514,0.0671135018757485,2.19053410136983,2.317438894878673,2.186248103658381,2.321724892590122,2.172545359282525,2.335427636965978,2.166905501687694,2.341067494560809,2.15552975965688,2.352443236591623,2.154362339915119,2.353610656333384
D_tokens_B,600.0,278,Q_x_logN_logD,2.2966,2.2277443504729044,0.06885564952709577,2.164291953718483,2.291196747227326,2.160005956007034,2.295482744938775,2.146303211631178,2.309185489314631,2.140663354036347,2.314825346909462,2.129287612005533,2.3262010889402758,2.128120192263772,2.327368508682037
D_tokens_B,600.0,431,Q_x_logN_logD,2.2154,2.201502202821557,0.013897797178442861,2.1380498060671353,2.2649545995759786,2.1337638083556865,2.2692405972874274,2.1200610639798305,2.2829433416632834,2.1144212063849994,2.2885831992581145,2.1030454643541856,2.2999589412889283,2.1018780446124246,2.3011263610306893
D_tokens_B,600.0,279,Q_x_logN_logD,2.16,2.1752600551702095,-0.015260055170209341,2.111807658415788,2.238712451924631,2.107521660704339,2.24299844963608,2.093818916328483,2.256701194011936,2.088179058733652,2.262341051606767,2.076803316702838,2.273716793637581,2.075635896961077,2.274884213379342
D_tokens_B,600.0,280,Q_x_logN_logD,2.1978,2.1490179075188625,0.04878209248113752,2.085565510764441,2.212470304273284,2.081279513052992,2.216756301984733,2.067576768677136,2.230459046360589,2.061936911082305,2.23609890395542,2.050561169051491,2.247474645986234,2.04939374930973,2.248642065727995
D_tokens_B,600.0,281,Q_x_logN_logD,2.1107,2.122775759867515,-0.012075759867514968,2.0593233631130934,2.1862281566219366,2.0550373654016445,2.1905141543333855,2.0413346210257886,2.2042168987092414,2.0356947634309575,2.2098567563040725,2.0243190214001436,2.2212324983348863,2.0231516016583826,2.2223999180766474
D_tokens_B,600.0,314,Q_x_logN_logD,2.2081,2.29258005586172,-0.08448005586172025,2.2291276591072986,2.356032452616142,2.2248416613958497,2.3603184503275907,2.2111389170199938,2.3740211947034466,2.2054990594251627,2.3796610522982777,2.194123317394349,2.3910367943290916,2.192955897652588,2.3922042140708526
D_tokens_B,600.0,315,Q_x_logN_logD,2.2684,2.2696450310704535,-0.0012450310704532619,2.206192634316032,2.333097427824875,2.201906636604583,2.337383425536324,2.188203892228727,2.35108616991218,2.182564034633896,2.356726027507011,2.171188292603082,2.368101769537825,2.170020872861321,2.369269189279586
D_tokens_B,600.0,316,Q_x_logN_logD,2.2487,2.246710006279187,0.001989993720812766,2.1832576095247656,2.3101624030336088,2.1789716118133167,2.3144484007450576,2.1652688674374607,2.3281511451209136,2.1596290098426296,2.3337910027157447,2.148253267811816,2.3451667447465585,2.1470858480700548,2.3463341644883196
D_tokens_B,600.0,317,Q_x_logN_logD,2.2425,2.2237749814879204,0.01872501851207975,2.160322584733499,2.287227378242342,2.15603658702205,2.291513375953791,2.142333842646194,2.305216120329647,2.136693985051363,2.310855977924478,2.125318243020549,2.3222317199552918,2.124150823278788,2.323399139697053
D_tokens_B,600.0,440,Q_x_logN_logD,2.2022,2.2008399566966537,0.00136004330334627,2.137387559942232,2.2642923534510753,2.133101562230783,2.268578351162524,2.1193988178549272,2.28228109553838,2.113758960260096,2.287920953133211,2.1023832182292823,2.299296695164025,2.1012157984875213,2.300464114905786
D_tokens_B,600.0,318,Q_x_logN_logD,2.1582,2.177904931905387,-0.019704931905387024,2.1144525351509653,2.2413573286598085,2.1101665374395164,2.2456433263712574,2.0964637930636605,2.2593460707471134,2.0908239354688294,2.2649859283419445,2.0794481934380156,2.2763616703727583,2.0782807736962545,2.2775290901145193
D_tokens_B,600.0,441,Q_x_logN_logD,2.1051,2.15496990711412,-0.04986990711411998,2.0915175103596986,2.218422303868542,2.0872315126482497,2.2227083015799907,2.0735287682723937,2.2364110459558466,2.0678889106775626,2.2420509035506777,2.056513168646749,2.2534266455814915,2.055345748904988,2.2545940653232526
D_tokens_B,600.0,319,Q_x_logN_logD,2.1315,2.132034882322854,-0.0005348823228539246,2.0685824855684323,2.1954872790772755,2.0642964878569834,2.1997732767887244,2.0505937434811274,2.2134760211645803,2.0449538858862963,2.2191158787594114,2.0335781438554825,2.2304916207902252,2.0324107241137215,2.2316590405319863
D_tokens_B,600.0,320,Q_x_logN_logD,2.0744,2.109099857531587,-0.03469985753158733,2.0456474607771655,2.1725522542860087,2.0413614630657166,2.1768382519974576,2.0276587186898607,2.1905409963733136,2.0220188610950296,2.1961808539681447,2.010643119064216,2.2075565959989585,2.0094756993224547,2.2087240157407195
D_tokens_B,600.0,321,Q_x_logN_logD,2.0492,2.0861648327403204,-0.036964832740320475,2.022712435985899,2.149617229494742,2.01842643827445,2.153903227206191,2.004723693898594,2.167605971582047,1.9990838363037629,2.173245829176878,1.987708094272949,2.1846215712076917,1.986540674531188,2.185788990949453
D_tokens_B,600.0,354,Q_x_logN_logD,2.288,2.2319631727102935,0.05603682728970627,2.168510775955872,2.295415569464715,2.164224778244423,2.299701567176164,2.150522033868567,2.31340431155202,2.144882176273736,2.319044169146851,2.133506434242922,2.330419911177665,2.132339014501161,2.331587330919426
D_tokens_B,600.0,355,Q_x_logN_logD,2.2118,2.212369572030048,-0.0005695720300478158,2.1489171752756264,2.2758219687844696,2.1446311775641775,2.2801079664959185,2.1309284331883216,2.2938107108717745,2.1252885755934905,2.2994505684666056,2.1139128335626767,2.3108263104974194,2.1127454138209156,2.3119937302391804
D_tokens_B,600.0,356,Q_x_logN_logD,2.1456,2.1927759713498025,-0.04717597134980256,2.129323574595381,2.256228368104224,2.125037576883932,2.260514365815673,2.111334832508076,2.274217110191529,2.105694974913245,2.27985696778636,2.094319232882431,2.291232709817174,2.09315181314067,2.292400129558935
D_tokens_B,600.0,357,Q_x_logN_logD,2.141,2.1731823706695574,-0.032182370669557425,2.109729973915136,2.236634767423979,2.105443976203687,2.240920765135428,2.091741231827831,2.254623509511284,2.086101374233,2.260263367106115,2.074725632202186,2.271639109136929,2.073558212460425,2.27280652887869
D_tokens_B,600.0,450,Q_x_logN_logD,2.0954,2.153588769989312,-0.05818876998931177,2.0901363732348903,2.2170411667437335,2.0858503755234414,2.2213271644551824,2.0721476311475855,2.2350299088310384,2.0665077735527544,2.2406697664258695,2.0551320315219406,2.2520455084566833,2.0539646117801795,2.2532129281984443
D_tokens_B,600.0,358,Q_x_logN_logD,2.0709,2.133995169309067,-0.06309516930906689,2.0705427725546452,2.1974475660634885,2.0662567748431964,2.2017335637749373,2.0525540304673404,2.2154363081507933,2.0469141728725093,2.2210761657456244,2.0355384308416955,2.232451907776438,2.0343710110999345,2.2336193275181992
D_tokens_B,600.0,451,Q_x_logN_logD,2.0538,2.1144015686288213,-0.06060156862882149,2.0509491718743997,2.177853965383243,2.046663174162951,2.182139963094692,2.032960429787095,2.1958427074705478,2.027320572192264,2.201482565065379,2.01594483016145,2.2128583070961927,2.014777410419689,2.2140257268379537
D_tokens_B,600.0,359,Q_x_logN_logD,2.0161,2.094807967948576,-0.07870796794857604,2.031355571194154,2.1582603647029974,2.0270695734827053,2.1625463624144463,2.0133668291068494,2.1762491067903023,2.0077269715120183,2.1818889643851334,1.9963512294812045,2.193264706415947,1.9951838097394434,2.194432126157708
D_tokens_B,600.0,360,Q_x_logN_logD,2.0573,2.0752143672683308,-0.017914367268330622,2.011761970513909,2.1386667640227524,2.0074759728024603,2.1429527617342012,1.9937732284266043,2.156655506110057,1.9881333708317732,2.1622953637048883,1.9767576288009594,2.173671105735702,1.9755902090591984,2.174838525477463
D_tokens_B,600.0,361,Q_x_logN_logD,2.0191,2.0556207665880852,-0.03652076658808534,1.9921683698336636,2.119073163342507,1.9878823721222147,2.1233591610539557,1.9741796277463588,2.1370619054298117,1.9685397701515277,2.1427017630246428,1.9571640281207139,2.1540775050554566,1.9559966083789528,2.1552449247972176
Q_score,0.1,2,Q_x_logN_logD,3.7216,3.721020963475932,0.0005790365240678774,3.6578897898451874,3.784152137106677,3.6556171524556733,3.786424774496191,3.6397405355414736,3.8023013914103907,3.6390274655401673,3.803014461411697,3.6246345396064075,3.817407387345457,3.6204687268696105,3.8215732000822538
Q_score,0.1,10,Q_x_logN_logD,3.5105,3.4572001673448063,0.05329983265519367,3.3940689937140616,3.520331340975551,3.3917963563245475,3.522603978365065,3.3759197394103477,3.538480595279265,3.3752066694090415,3.539193665280571,3.3608137434752816,3.553586591214331,3.3566479307384847,3.557752403951128
Q_score,0.1,18,Q_x_logN_logD,3.384,3.3370830576153243,0.046916942384675586,3.2739518839845796,3.400214231246069,3.2716792465950655,3.402486868635583,3.2558026296808658,3.418363485549783,3.2550895596795595,3.419076555551089,3.2406966337457996,3.433469481484849,3.2365308210090027,3.437635294221646
Q_score,0.1,26,Q_x_logN_logD,3.2863,3.2785294391421917,0.007770560857808473,3.215398265511447,3.3416606127729365,3.213125628121933,3.3439332501624506,3.197249011207733,3.3598098670766503,3.196535941206427,3.3605229370779566,3.182143015272667,3.3749158630117164,3.17797720253587,3.3790816757485134
Q_score,0.1,34,Q_x_logN_logD,3.1971,3.2301615908946197,-0.03306159089461991,3.167030417263875,3.2932927645253645,3.164757779874361,3.2955654019148786,3.148881162960161,3.3114420188290783,3.148168092958855,3.3121550888303846,3.133775167025095,3.3265480147641444,3.129609354288298,3.3307138275009414
Q_score,0.1,42,Q_x_logN_logD,3.4765,3.4623364135765393,0.014163586423460828,3.3992052399457946,3.525467587207284,3.3969326025562805,3.527740224596798,3.3810559856420808,3.543616841510998,3.3803429156407745,3.544329911512304,3.3659499897070146,3.558722837446064,3.3617841769702177,3.562888650182861
Q_score,0.1,50,Q_x_logN_logD,3.2175,3.1985156174454135,0.018984382554586343,3.1353844438146687,3.261646791076158,3.1331118064251546,3.2639194284656723,3.117235189510955,3.279796045379872,3.1165221195096486,3.2805091153811783,3.102129193575889,3.294902041314938,3.097963380839092,3.299067854051735
Q_score,0.1,58,Q_x_logN_logD,3.1249,3.0783985077159315,0.0465014922840683,3.0152673340851868,3.141529681346676,3.0129946966956727,3.1438023187361903,2.997118079781473,3.15967893565039,2.9964050097801667,3.1603920056516963,2.982012083846407,3.174784931585456,2.97784627110961,3.178950744322253
Q_score,0.1,66,Q_x_logN_logD,2.9719,3.019844889242799,-0.047944889242798716,2.956713715612054,3.0829760628735436,2.95444107822254,3.0852487002630578,2.9385644613083404,3.1011253171772575,2.937851391307034,3.1018383871785637,2.9234584653732743,3.1162313131123236,2.9192926526364773,3.1203971258491205
Q_score,0.1,74,Q_x_logN_logD,2.98,2.971477040995227,0.008522959004773067,2.908345867364482,3.0346082146259716,2.906073229974968,3.0368808520154857,2.8901966130607684,3.0527574689296855,2.889483543059462,3.0534705389309917,2.8750906171257022,3.0678634648647516,2.8709248043889053,3.0720292776015485
Q_score,0.1,82,Q_x_logN_logD,3.228,3.2308209955698035,-0.0028209955698033085,3.167689821939059,3.2939521692005482,3.1654171845495447,3.2962248065900623,3.149540567635345,3.312101423504262,3.1488274976340387,3.3128144935055683,3.134434571700279,3.327207419439328,3.130268758963482,3.331373232176125
Q_score,0.1,90,Q_x_logN_logD,2.976,2.9670001994386777,0.008999800561322324,2.903869025807933,3.0301313730694224,2.901596388418419,3.0324040104589365,2.885719771504219,3.048280627373136,2.885006701502913,3.0489936973744425,2.870613775569153,3.0633866233082023,2.866447962832356,3.0675524360449993
Q_score,0.1,98,Q_x_logN_logD,2.8727,2.8468830897091957,0.02581691029080435,2.783751916078451,2.9100142633399404,2.781479278688937,2.9122869007294545,2.765602661774737,2.9281635176436542,2.764889591773431,2.9288765876449605,2.750496665839671,2.9432695135787204,2.746330853102874,2.9474353263155173
Q_score,0.1,106,Q_x_logN_logD,2.8085,2.7883294712360636,0.020170528763936435,2.725198297605319,2.8514606448668083,2.7229256602158047,2.8537332822563224,2.707049043301605,2.869609899170522,2.7063359733002987,2.8703229691718284,2.691943047366539,2.8847158951055882,2.687777234629742,2.888881707842385
Q_score,0.1,114,Q_x_logN_logD,2.6695,2.739961622988491,-0.0704616229884909,2.6768304493577464,2.803092796619236,2.6745578119682323,2.80536543400875,2.6586811950540326,2.8212420509229497,2.6579681250527263,2.821955120924256,2.6435751991189664,2.836348046858016,2.6394093863821695,2.8405138595948127
Q_score,0.1,122,Q_x_logN_logD,3.1919,3.122226094779127,0.0696739052208728,3.0590949211483824,3.185357268409872,3.0568222837588683,3.187629905799386,3.0409456668446686,3.2035065227135857,3.0402325968433623,3.204219592714892,3.0258396709096025,3.218612518648652,3.0216738581728055,3.222778331385449
Q_score,0.1,130,Q_x_logN_logD,2.8444,2.858405298648001,-0.014005298648001041,2.795274125017256,2.9215364722787456,2.793001487627742,2.9238091096682597,2.7771248707135423,2.9396857265824594,2.776411800712236,2.9403987965837657,2.762018874778476,2.9547917225175255,2.7578530620416792,2.9589575352543225
Q_score,0.1,138,Q_x_logN_logD,2.7893,2.738288188918519,0.05101181108148101,2.675157015287774,2.8014193625492636,2.67288437789826,2.8036919999387777,2.6570077609840603,2.8195686168529774,2.656294690982754,2.8202816868542837,2.641901765048994,2.8346746127880436,2.6377359523121973,2.8388404255248405
Q_score,0.1,146,Q_x_logN_logD,2.6722,2.6797345704453868,-0.007534570445386635,2.616603396814642,2.7428657440761315,2.614330759425128,2.7451383814656456,2.598454142510928,2.7610149983798453,2.597741072509622,2.7617280683811516,2.583348146575862,2.7761209943149114,2.579182333839065,2.7802868070517084
Q_score,0.1,154,Q_x_logN_logD,2.5974,2.6313667221978143,-0.03396672219781438,2.5682355485670696,2.694497895828559,2.5659629111775555,2.696770533218073,2.5500862942633558,2.712647150132273,2.5493732242620495,2.713360220133579,2.5349802983282896,2.727753146067339,2.5308144855914927,2.731918958804136
Q_score,0.1,162,Q_x_logN_logD,3.0483,3.057336925996486,-0.0090369259964862,2.9942057523657413,3.1204680996272307,2.991933114976227,3.122740737016745,2.9760564980620274,3.1386173539309445,2.975343428060721,3.139330423932251,2.9609505021269613,3.1537233498660107,2.9567846893901644,3.1578891626028076
Q_score,0.1,170,Q_x_logN_logD,2.8264,2.79351612986536,0.03288387013463989,2.7303849562346154,2.856647303496105,2.7281123188451013,2.858919940885619,2.7122357019309016,2.8747965577998187,2.7115226319295953,2.875509627801125,2.6971297059958355,2.889902553734885,2.6929638932590385,2.8940683664716818
Q_score,0.1,178,Q_x_logN_logD,2.6482,2.673399020135878,-0.025199020135878047,2.6102678465051334,2.736530193766623,2.6079952091156193,2.738802831156137,2.5921185922014196,2.7546794480703367,2.5914055222001133,2.755392518071643,2.5770125962663535,2.769785444005403,2.5728467835295565,2.7739512567422
Q_score,0.1,186,Q_x_logN_logD,2.6943,2.614845401662746,0.0794545983372541,2.5517142280320013,2.6779765752934908,2.549441590642487,2.680249212683005,2.5335649737282875,2.6961258295972046,2.532851903726981,2.696838899598511,2.5184589777932214,2.7112318255322707,2.5142931650564244,2.7153976382690677
Q_score,0.1,194,Q_x_logN_logD,2.6008,2.5664775534151736,0.034322446584826416,2.503346379784429,2.6296087270459183,2.5010737423949148,2.6318813644354324,2.485197125480715,2.647757981349632,2.4844840554794088,2.6484710513509384,2.470091129545649,2.6628639772846983,2.465925316808852,2.667029790021495
Q_score,0.1,202,Q_x_logN_logD,2.9592,2.8972969064285445,0.061903093571455514,2.8341657327978,2.9604280800592893,2.8318930954082857,2.9627007174488034,2.816016478494086,2.978577334363003,2.8153034084927797,2.9792904043643094,2.80091048255902,2.993683330298069,2.796744669822223,2.997849143034866
Q_score,0.1,210,Q_x_logN_logD,2.5785,2.6334761102974182,-0.054976110297418224,2.5703449366666735,2.696607283928163,2.5680722992771594,2.698879921317677,2.5521956823629597,2.714756538231877,2.5514826123616534,2.715469608233183,2.5370896864278936,2.729862534166943,2.5329238736910966,2.73402834690374
Q_score,0.1,218,Q_x_logN_logD,2.4446,2.5133590005679363,-0.06875900056793638,2.4502278269371915,2.576490174198681,2.4479551895476774,2.578762811588195,2.4320785726334777,2.594639428502395,2.4313655026321714,2.595352498503701,2.4169725766984116,2.609745424437461,2.4128067639616146,2.613911237174258
Q_score,0.1,226,Q_x_logN_logD,2.446,2.454805382094804,-0.00880538209480397,2.3916742084640594,2.517936555725549,2.3894015710745453,2.520209193115063,2.3735249541603456,2.5360858100292627,2.3728118841590393,2.536798880030569,2.3584189582252795,2.551191805964329,2.3542531454884825,2.5553576187011258
Q_score,0.1,234,Q_x_logN_logD,2.4515,2.406437533847232,0.045062466152767655,2.3433063602164874,2.469568707477977,2.3410337228269733,2.471841344867491,2.3251571059127736,2.4877179617816907,2.3244440359114673,2.488431031782997,2.3100511099777075,2.502823957716757,2.3058852972409105,2.5069897704535538
Q_score,0.1,242,Q_x_logN_logD,2.855,2.8496260815176613,0.005373918482338702,2.7864949078869166,2.912757255148406,2.7842222704974025,2.91502989253792,2.7683456535832027,2.93090650945212,2.7676325835818965,2.931619579453426,2.7532396576481366,2.946012505387186,2.7490738449113397,2.950178318123983
Q_score,0.1,250,Q_x_logN_logD,2.5657,2.5858052853865354,-0.020105285386535332,2.5226741117557907,2.64893645901728,2.5204014743662766,2.6512090964067943,2.504524857452077,2.667085713320994,2.5038117874507706,2.6677987833223002,2.4894188615170108,2.68219170925606,2.485253048780214,2.686357521992857
Q_score,0.1,258,Q_x_logN_logD,2.494,2.4656881756570534,0.028311824342946768,2.4025570020263087,2.528819349287798,2.4002843646367946,2.5310919866773123,2.384407747722595,2.546968603591512,2.3836946777212886,2.5476816735928183,2.3693017517875288,2.562074599526578,2.365135939050732,2.566240412263375
Q_score,0.1,266,Q_x_logN_logD,2.4125,2.4071345571839213,0.005365442816078758,2.3440033835531766,2.470265730814666,2.3417307461636625,2.47253836820418,2.3258541292494628,2.48841498511838,2.3251410592481565,2.489128055119686,2.3107481333143967,2.503520981053446,2.3065823205775997,2.507686793790243
Q_score,0.1,274,Q_x_logN_logD,2.2637,2.3587667089363493,-0.09506670893634928,2.2956355353056046,2.421897882567094,2.2933628979160905,2.424170519956608,2.2774862810018908,2.440047136870808,2.2767732110005845,2.440760206872114,2.2623802850668246,2.455153132805874,2.2582144723300277,2.459318945542671
Q_score,0.1,282,Q_x_logN_logD,2.7585,2.7829549687940798,-0.0244549687940796,2.719823795163335,2.8460861424248245,2.717551157773821,2.8483587798143386,2.701674540859621,2.8642353967285383,2.700961470858315,2.8649484667298446,2.686568544924555,2.8793413926636044,2.682402732187758,2.8835072054004014
Q_score,0.1,290,Q_x_logN_logD,2.5548,2.519134172662954,0.03566582733704626,2.456002999032209,2.5822653462936986,2.453730361642695,2.5845379836832127,2.4378537447284954,2.6004146005974125,2.437140674727189,2.6011276705987187,2.4227477487934292,2.6155205965324786,2.4185819360566323,2.6196864092692755
Q_score,0.1,298,Q_x_logN_logD,2.3272,2.399017062933472,-0.07181706293347201,2.3358858893027272,2.4621482365642167,2.333613251913213,2.4644208739537308,2.3177366349990134,2.4802974908679305,2.317023564997707,2.4810105608692368,2.3026306390639473,2.4954034868029966,2.2984648263271503,2.4995692995397936
Q_score,0.1,306,Q_x_logN_logD,2.3408,2.3404634444603394,0.0003365555396608322,2.2773322708295947,2.403594618091084,2.2750596334400806,2.405867255480598,2.259183016525881,2.421743872394798,2.2584699465245746,2.422456942396104,2.2440770205908147,2.436849868329864,2.2399112078540178,2.441015681066661
Q_score,0.1,314,Q_x_logN_logD,2.2081,2.2920955962127674,-0.08399559621276742,2.2289644225820227,2.355226769843512,2.2266917851925085,2.357499407233026,2.210815168278309,2.373376024147226,2.2101020982770025,2.374089094148532,2.1957091723432427,2.388482020082292,2.1915433596064458,2.392647832819089
Q_score,0.1,322,Q_x_logN_logD,2.77,2.722065007102251,0.04793499289774905,2.6589338334715062,2.7851961807329957,2.656661196081992,2.78746881812251,2.6407845791677924,2.8033454350367095,2.640071509166486,2.804058505038016,2.6256785832327263,2.8184514309717756,2.6215127704959293,2.8226172437085726
Q_score,0.1,330,Q_x_logN_logD,2.4506,2.458244210971125,-0.007644210971124998,2.3951130373403804,2.52137538460187,2.3928403999508663,2.523648021991384,2.3769637830366666,2.5395246389055837,2.3762507130353603,2.54023770890689,2.3618577871016004,2.55463063484065,2.3576919743648035,2.5587964475774467
Q_score,0.1,338,Q_x_logN_logD,2.4214,2.338127101241643,0.08327289875835708,2.2749959276108984,2.401258274872388,2.2727232902213843,2.403530912261902,2.2568466733071846,2.4194075291761017,2.2561336033058783,2.420120599177408,2.2417406773721185,2.434513525111168,2.2375748646353215,2.4386793378479648
Q_score,0.1,346,Q_x_logN_logD,2.2899,2.2795734827685106,0.010326517231489252,2.216442309137766,2.3427046563992553,2.2141696717482517,2.3449772937887694,2.198293054834052,2.360853910702969,2.1975799848327457,2.3615669807042754,2.183187058898986,2.3759599066380352,2.179021246162189,2.380125719374832
Q_score,0.1,354,Q_x_logN_logD,2.288,2.2312056345209386,0.05679436547906125,2.168074460890194,2.2943368081516833,2.1658018235006797,2.2966094455411974,2.14992520658648,2.312486062455397,2.1492121365851737,2.3131991324567034,2.134819210651414,2.3275920583904632,2.130653397914617,2.33175787112726
Q_score,0.2,3,Q_x_logN_logD,3.6004,3.684745386076757,-0.08434538607675712,3.6226451358157483,3.746845636337766,3.6202700878550407,3.7492206842984737,3.6041562784548318,3.7653344936986826,3.601596366196913,3.7678944059566013,3.591086396764631,3.778404375388883,3.589642178536867,3.7798485936166473
Q_score,0.2,11,Q_x_logN_logD,3.4001,3.4203687039451207,-0.020268703945120592,3.358268453684112,3.4824689542061296,3.355893405723404,3.484844002166837,3.3397795963231953,3.500957811567046,3.3372196840652766,3.503517723824965,3.3267097146329947,3.5140276932572467,3.3252654964052306,3.515471911485011
Q_score,0.2,19,Q_x_logN_logD,3.2214,3.299154280420751,-0.07775428042075117,3.2370540301597424,3.36125453068176,3.2346789821990347,3.3636295786424677,3.218565172798826,3.3797433880426766,3.216005260540907,3.3823033003005953,3.205495291108625,3.3928132697328772,3.204051072880861,3.3942574879606413
Q_score,0.2,27,Q_x_logN_logD,3.1355,3.239715750329746,-0.10421575032974584,3.177615500068737,3.3018160005907546,3.1752404521080293,3.3041910485514623,3.1591266427078204,3.320304857951671,3.1565667304499017,3.32286477020959,3.1460567610176198,3.333374739641872,3.1446125427898557,3.334818957869636
Q_score,0.2,35,Q_x_logN_logD,3.1469,3.190354916696858,-0.04345491669685808,3.1282546664358493,3.252455166957867,3.1258796184751416,3.2548302149185746,3.1097658090749327,3.2709440243187835,3.107205896817014,3.2735039365767022,3.096695927384732,3.284013906008984,3.095251709156968,3.285458124236748
Q_score,0.2,43,Q_x_logN_logD,3.4324,3.4251009596348494,0.0072990403651505,3.3630007093738405,3.4872012098958582,3.360625661413133,3.489576257856566,3.344511852012924,3.505690067256775,3.3419519397550053,3.5082499795146935,3.3314419703227234,3.5187599489469754,3.3299977520949593,3.5202041671747395
Q_score,0.2,51,Q_x_logN_logD,3.1458,3.160724277503213,-0.014924277503213013,3.098624027242204,3.222824527764222,3.0962489792814964,3.2251995757249294,3.0801351698812875,3.2413133851251383,3.077575257623369,3.243873297383057,3.067065288191087,3.254383266815339,3.065621069963323,3.255827485043103
Q_score,0.2,59,Q_x_logN_logD,2.9746,3.0395098539788434,-0.0649098539788433,2.9774096037178346,3.1016101042398523,2.975034555757127,3.10398515220056,2.958920746356918,3.120098961600769,2.9563608340989993,3.1226588738586876,2.9458508646667174,3.1331688432909695,2.9444066464389533,3.1346130615187335
Q_score,0.2,67,Q_x_logN_logD,2.9407,2.980071323887838,-0.03937132388783793,2.917971073626829,3.042171574148847,2.9155960256661215,3.0445466221095545,2.8994822162659126,3.0606604315097634,2.896922304007994,3.063220343767682,2.886412334575712,3.073730313199964,2.884968116347948,3.075174531427728
Q_score,0.2,75,Q_x_logN_logD,2.9212,2.9307104902549503,-0.009510490254950543,2.8686102399939415,2.992810740515959,2.866235192033234,2.995185788476667,2.850121382633025,3.0112995978768757,2.847561470375106,3.0138595101347945,2.8370515009428243,3.0243694795670764,2.8356072827150602,3.0258136977948404
Q_score,0.2,83,Q_x_logN_logD,3.2291,3.195707271405157,0.03339272859484277,3.1336070211441482,3.257807521666166,3.1312319731834406,3.2601825696268736,3.1151181637832317,3.2762963790270825,3.112558251525313,3.2788562912850012,3.102048282093031,3.289366260717283,3.100604063865267,3.290810478945047
Q_score,0.2,91,Q_x_logN_logD,2.9489,2.9313305892735206,0.01756941072647944,2.869230339012512,2.9934308395345295,2.866855291051804,2.995805887495237,2.8507414816515952,3.011919696895446,2.8481815693936765,3.0144796091533648,2.8376715999613946,3.0249895785856467,2.8362273817336305,3.0264337968134107
Q_score,0.2,99,Q_x_logN_logD,2.8815,2.810116165749151,0.07138383425084882,2.7480159154881423,2.87221641601016,2.7456408675274346,2.8745914639708676,2.7295270581272257,2.8907052733710765,2.726967145869307,2.8932651856289953,2.716457176437025,2.903775155061277,2.715012958209261,2.9052193732890412
Q_score,0.2,107,Q_x_logN_logD,2.7682,2.7506776356581457,0.0175223643418545,2.688577385397137,2.8127778859191546,2.686202337436429,2.815152933879862,2.6700885280362203,2.831266743280071,2.6675286157783016,2.83382665553799,2.6570186463460197,2.8443366249702717,2.6555744281182556,2.845780843198036
Q_score,0.2,115,Q_x_logN_logD,2.7354,2.701316802025258,0.0340831979747418,2.639216551764249,2.763417052286267,2.6368415038035415,2.7657921002469745,2.6207276944033326,2.7819059096471834,2.618167782145414,2.784465821905102,2.607657812713132,2.794975791337384,2.606213594485368,2.796420009565148
Q_score,0.2,123,Q_x_logN_logD,3.1552,3.089241143082272,0.06595885691772763,3.0271408928212633,3.151341393343281,3.0247658448605557,3.1537164413039886,3.0086520354603468,3.1698302507041975,3.006092123202428,3.1723901629621163,2.995582153770146,3.182900132394398,2.994137935542382,3.1843443506221623
Q_score,0.2,131,Q_x_logN_logD,2.8069,2.8248644609506357,-0.01796446095063553,2.762764210689627,2.8869647112116446,2.760389162728919,2.889339759172352,2.7442753533287103,2.905453568572561,2.7417154410707916,2.90801348083048,2.7312054716385097,2.9185234502627617,2.7297612534107456,2.919967668490526
Q_score,0.2,139,Q_x_logN_logD,2.6375,2.703650037426266,-0.06615003742626602,2.6415497871652573,2.765750287687275,2.6391747392045497,2.7681253356479827,2.623060929804341,2.7842391450481916,2.620501017546422,2.7867990573061103,2.60999104811414,2.797309026738392,2.608546829886376,2.7987532449661563
Q_score,0.2,147,Q_x_logN_logD,2.6214,2.644211507335261,-0.022811507335260828,2.582111257074252,2.7063117575962696,2.5797362091135443,2.7086868055569773,2.5636223997133354,2.724800614957186,2.5610624874554166,2.727360527215105,2.5505525180231348,2.737870496647387,2.5491082997953707,2.739314714875151
Q_score,0.2,155,Q_x_logN_logD,2.5998,2.594850673702373,0.00494932629762701,2.5327504234413643,2.656950923963382,2.5303753754806566,2.6593259719240896,2.5142615660804477,2.6754397813242985,2.511701653822529,2.6779996935822172,2.501191684390247,2.688509663014499,2.499747466162483,2.689953881242263
Q_score,0.2,163,Q_x_logN_logD,2.968,3.0260065555238262,-0.058006555523826275,2.9639063052628174,3.088106805784835,2.9615312573021098,3.0904818537455427,2.945417447901901,3.1065956631457516,2.942857535643982,3.1091555754036704,2.9323475662117002,3.1196655448359523,2.930903347983936,3.1211097630637163
Q_score,0.2,171,Q_x_logN_logD,2.8076,2.76162987339219,0.04597012660781008,2.699529623131181,2.8237301236531986,2.6971545751704733,2.8261051716139063,2.6810407657702644,2.842218981014115,2.6784808535123457,2.844778893272034,2.6679708840800638,2.855288862704316,2.6665266658522997,2.85673308093208
Q_score,0.2,179,Q_x_logN_logD,2.6343,2.6404154498678203,-0.0061154498678202,2.5783151996068114,2.702515700128829,2.575940151646104,2.704890748089537,2.559826342245895,2.7210045574897457,2.557266429987976,2.7235644697476644,2.5467564605556943,2.7340744391799463,2.54531224232793,2.7355186574077104
Q_score,0.2,187,Q_x_logN_logD,2.5728,2.580976919776815,-0.008176919776814895,2.518876669515806,2.6430771700378237,2.5165016215550984,2.6454522179985314,2.5003878121548895,2.6615660273987403,2.4978278998969707,2.664125939656659,2.487317930464689,2.674635909088941,2.4858737122369248,2.676080127316705
Q_score,0.2,195,Q_x_logN_logD,2.4894,2.531616086143927,-0.042216086143927356,2.4695158358829183,2.593716336404936,2.4671407879222107,2.5960913843656437,2.451026978522002,2.6122051937658526,2.448467066264083,2.6147651060237713,2.437957096831801,2.625275075456053,2.436512878604037,2.6267192936838173
Q_score,0.2,203,Q_x_logN_logD,2.8431,2.8713607683478113,-0.028260768347811105,2.8092605180868024,2.93346101860882,2.806885470126095,2.935836066569528,2.790771660725886,2.9519498759697367,2.788211748467967,2.9545097882276554,2.7777017790356853,2.9650197576599373,2.776257560807921,2.9664639758877014
Q_score,0.2,211,Q_x_logN_logD,2.4874,2.606984086216175,-0.11958408621617478,2.544883835955166,2.6690843364771837,2.5425087879944583,2.6714593844378913,2.5263949785942494,2.6875731938381002,2.5238350663363307,2.690133106096019,2.513325096904049,2.700643075528301,2.5118808786762847,2.702087293756065
Q_score,0.2,219,Q_x_logN_logD,2.4506,2.4857696626918053,-0.035169662691805215,2.4236694124307965,2.547869912952814,2.421294364470089,2.550244960913522,2.40518055506988,2.5663587703137307,2.402620642811961,2.5689186825716495,2.3921106733796793,2.5794286520039313,2.3906664551519152,2.5808728702316954
Q_score,0.2,227,Q_x_logN_logD,2.3643,2.4263311326008,-0.06203113260079984,2.364230882339791,2.4884313828618088,2.3618558343790834,2.4908064308225164,2.3457420249788745,2.5069202402227253,2.343182112720956,2.509480152480644,2.332672143288674,2.519990121912926,2.33122792506091,2.52143434014069
Q_score,0.2,235,Q_x_logN_logD,2.4042,2.3769702989679122,0.02722970103208766,2.3148700487069034,2.439070549228921,2.3124950007461957,2.4414455971896287,2.296381191345987,2.4575594065898376,2.293821279088068,2.4601193188477564,2.283311309655786,2.4706292882800382,2.281867091428022,2.4720735065078023
Q_score,0.2,243,Q_x_logN_logD,2.872,2.8256727690279524,0.046327230972047495,2.7635725187669435,2.8877730192889612,2.761197470806236,2.890148067249669,2.745083661406027,2.906261876649878,2.7425237491481083,2.9088217889077965,2.7320137797158264,2.9193317583400784,2.7305695614880623,2.9207759765678425
Q_score,0.2,251,Q_x_logN_logD,2.6024,2.5612960868963164,0.04110391310368344,2.4991958366353075,2.6233963371573252,2.4968207886746,2.625771385118033,2.480706979274391,2.6418851945182418,2.4781470670164722,2.6444451067761605,2.4676370975841904,2.6549550762084424,2.4661928793564263,2.6563992944362065
Q_score,0.2,259,Q_x_logN_logD,2.4505,2.4400816633719464,0.01041833662805347,2.3779814131109376,2.5021819136329553,2.37560636515023,2.504556961593663,2.359492555750021,2.520670770993872,2.3569326434921023,2.5232306832517906,2.3464226740598204,2.5337406526840724,2.3449784558320563,2.5351848709118365
Q_score,0.2,267,Q_x_logN_logD,2.3793,2.380643133280941,-0.0013431332809408225,2.318542883019932,2.44274338354195,2.3161678350592245,2.4451184315026575,2.3000540256590156,2.4612322409028664,2.297494113401097,2.463792153160785,2.286984143968815,2.474302122593067,2.285539925741051,2.475746340820831
Q_score,0.2,275,Q_x_logN_logD,2.2681,2.3312822996480533,-0.06318229964805333,2.2691820493870445,2.393382549909062,2.266807001426337,2.39575759786977,2.250693192026128,2.4118714072699787,2.248133279768209,2.4144313195278975,2.2376233103359273,2.4249412889601794,2.2361790921081632,2.4263855071879434
Q_score,0.2,283,Q_x_logN_logD,2.6605,2.7620679082504207,-0.10156790825042084,2.699967657989412,2.8241681585114295,2.697592610028704,2.826543206472137,2.6814788006284953,2.842657015872346,2.6789188883705766,2.845216928130265,2.6684089189382947,2.8557268975625467,2.6669647007105306,2.857171115790311
Q_score,0.2,291,Q_x_logN_logD,2.4799,2.4976912261187842,-0.01779122611878403,2.4355909758577754,2.559791476379793,2.4332159278970678,2.5621665243405007,2.417102118496859,2.5782803337407096,2.41454220623894,2.5808402459986284,2.4040322368066582,2.5913502154309103,2.402588018578894,2.5927944336586743
Q_score,0.2,299,Q_x_logN_logD,2.3658,2.3764768025944147,-0.010676802594414614,2.314376552333406,2.4385770528554236,2.3120015043726982,2.4409521008161312,2.2958876949724893,2.45706591021634,2.2933277827145706,2.459625822474259,2.2828178132822887,2.4701357919065408,2.2813735950545246,2.471580010134305
Q_score,0.2,307,Q_x_logN_logD,2.3195,2.3170382725034093,0.002461727496590793,2.2549380222424005,2.379138522764418,2.252562974281693,2.381513570725126,2.236449164881484,2.3976273801253347,2.233889252623565,2.4001872923832535,2.2233792831912833,2.4106972618155353,2.2219350649635192,2.4121414800432994
Q_score,0.2,315,Q_x_logN_logD,2.2684,2.2676774388705216,0.0007225611294785494,2.205577188609513,2.3297776891315305,2.203202140648805,2.332152737092238,2.1870883312485963,2.348266546492447,2.1845284189906775,2.3508264587503658,2.1740184495583956,2.3613364281826477,2.1725742313306315,2.3627806464104117
Q_score,0.2,323,Q_x_logN_logD,2.6684,2.704270919295576,-0.03587091929557573,2.642170669034567,2.7663711695565847,2.6397956210738593,2.7687462175172923,2.6236818116736504,2.7848600269175012,2.6211218994157317,2.78741993917542,2.61061192998345,2.797929908607702,2.6091677117556857,2.799374126835466
Q_score,0.2,331,Q_x_logN_logD,2.4199,2.4398942371639394,-0.01999423716393922,2.3777939869029305,2.5019944874249482,2.375418938942223,2.504369535385656,2.359305129542014,2.5204833447858648,2.3567452172840953,2.5230432570437835,2.3462352478518134,2.5335532264760654,2.3447910296240493,2.5349974447038295
Q_score,0.2,339,Q_x_logN_logD,2.3485,2.31867981363957,0.029820186360430156,2.256579563378561,2.3807800639005787,2.2542045154178534,2.3831551118612864,2.2380907060176445,2.3992689212614953,2.2355307937597257,2.401828833519414,2.225020824327444,2.412338802951696,2.2235766060996798,2.41378302117946
Q_score,0.2,347,Q_x_logN_logD,2.2886,2.2592412835485645,0.02935871645143573,2.1971410332875556,2.3213415338095733,2.194765985326848,2.323716581770281,2.178652175926639,2.33983039117049,2.1760922636687203,2.3423903034284086,2.1655822942364384,2.3529002728606905,2.1641380760086744,2.3543444910884546
Q_score,0.2,355,Q_x_logN_logD,2.2118,2.209880449915677,0.0019195500843234292,2.147780199654668,2.2719807001766856,2.1454051516939603,2.2743557481373933,2.1292913422937514,2.290469557537602,2.1267314300358326,2.293029469795521,2.1162214606035508,2.303539439227803,2.1147772423757867,2.304983657455567
Q_score,0.3,4,Q_x_logN_logD,3.6507,3.6081692027050667,0.042530797294933365,3.546148118035712,3.6701902873744214,3.5425116984272806,3.6738267069828527,3.5288277138383006,3.6875106915718328,3.526765685477675,3.689572719932458,3.5121049955326704,3.704233409877463,3.5092678530768193,3.707070552333314
Q_score,0.3,12,Q_x_logN_logD,3.3596,3.347925942287166,0.011674057712833807,3.2859048576178114,3.409947026956521,3.28226843800938,3.413583446564952,3.2685844534204,3.427267431153932,3.2665224250597746,3.4293294595145576,3.25186173511477,3.4439901494595624,3.2490245926589187,3.4468272919154135
Q_score,0.3,20,Q_x_logN_logD,3.3529,3.2295065222871213,0.12339347771287867,3.1674854376177666,3.291527606956476,3.1638490180093353,3.2951640265649074,3.1501650334203553,3.3088480111538874,3.14810300505973,3.310910039514513,3.133442315114725,3.3255707294595176,3.130605172658874,3.3284078719153687
Q_score,0.3,28,Q_x_logN_logD,3.1588,3.171839012995398,-0.013039012995398114,3.109817928326043,3.2338600976647527,3.106181508717612,3.237496517273184,3.092497524128632,3.251180501862164,3.0904354957680065,3.2532425302227894,3.0757748058230017,3.267903220167794,3.0729376633671506,3.2707403626236453
Q_score,0.3,36,Q_x_logN_logD,3.1946,3.124260074665737,0.0703399253342627,3.0622389899963824,3.186281159335092,3.058602570387951,3.1899175789435232,3.044918585798971,3.2036015635325032,3.0428565574383457,3.2056635918931287,3.028195867493341,3.2203242818381335,3.02535872503749,3.2231614242939846
Q_score,0.3,44,Q_x_logN_logD,3.46,3.3625563825854323,0.09744361741456764,3.3005352979160776,3.424577467254787,3.2968988783076463,3.4282138868632184,3.2832148937186663,3.4418978714521984,3.281152865358041,3.443959899812824,3.266492175413036,3.4586205897578286,3.263655032957185,3.4614577322136797
Q_score,0.3,52,Q_x_logN_logD,3.0796,3.1023131221675317,-0.02271312216753163,3.040292037498177,3.1643342068368865,3.0366556178897457,3.167970626445318,3.0229716333007657,3.181654611034298,3.0209096049401403,3.183716639394923,3.0062489149951355,3.198377329339928,3.0034117725392844,3.201214471795779
Q_score,0.3,60,Q_x_logN_logD,3.0125,2.983893702167487,0.028606297832513228,2.921872617498132,3.0459147868368417,2.918236197889701,3.049551206445273,2.904552213300721,3.063235191034253,2.9024901849400955,3.0652972193948784,2.8878294949950907,3.0799579093398832,2.8849923525392396,3.0827950517957343
Q_score,0.3,68,Q_x_logN_logD,2.956,2.926226192875764,0.02977380712423594,2.8642051082064093,2.9882472775451188,2.860568688597978,2.99188369715355,2.846884704008998,3.00556768174253,2.8448226756483725,3.0076297101031555,2.8301619857033677,3.0222904000481603,2.8273248432475167,3.0251275425040114
Q_score,0.3,76,Q_x_logN_logD,2.8818,2.878647254546103,0.003152745453897321,2.816626169876748,2.9406683392154576,2.8129897502683168,2.944304758823889,2.7993057656793368,2.957988743412869,2.7972437373187113,2.9600507717734943,2.7825830473737065,2.974711461718499,2.7797459049178554,2.97754860417435
Q_score,0.3,84,Q_x_logN_logD,3.2054,3.1437093482324525,0.06169065176754751,3.0816882635630978,3.2057304329018073,3.0780518439546665,3.2093668525102386,3.0643678593656865,3.2230508370992186,3.062305831005061,3.225112865459844,3.0476451410600562,3.239773555404849,3.044807998604205,3.2426106978607
Q_score,0.3,92,Q_x_logN_logD,2.9676,2.883466087814552,0.08413391218544808,2.821445003145197,2.9454871724839067,2.817808583536766,2.949123592092338,2.804124598947786,2.962807576681318,2.8020625705871605,2.9648696050419434,2.7874018806421557,2.979530294986948,2.7845647381863046,2.9823674374427993
Q_score,0.3,100,Q_x_logN_logD,2.7186,2.7650466678145076,-0.04644666781450768,2.703025583145153,2.8270677524838623,2.6993891635367215,2.8307041720922936,2.6857051789477415,2.8443881566812736,2.683643150587116,2.846450185041899,2.6689824606421113,2.861110874986904,2.66614531818626,2.863948017442755
Q_score,0.3,108,Q_x_logN_logD,2.6832,2.707379158522784,-0.024179158522784405,2.6453580738534295,2.769400243192139,2.641721654244998,2.7730366628005703,2.628037669656018,2.7867206473895503,2.6259756412953927,2.7887826757501757,2.611314951350388,2.8034433656951805,2.608477808894537,2.8062805081510316
Q_score,0.3,116,Q_x_logN_logD,2.6187,2.659800220193123,-0.04110022019312298,2.5977791355237683,2.7218213048624778,2.594142715915337,2.725457724470909,2.580458731326357,2.739141709059889,2.5783967029657315,2.7412037374205145,2.5637360130207267,2.7558644273655193,2.5608988705648756,2.7587015698213704
Q_score,0.3,124,Q_x_logN_logD,3.0155,3.0416513342322866,-0.02615133423228677,2.979630249562932,3.1036724189016414,2.9759938299545006,3.1073088385100727,2.9623098453655206,3.1209928230990527,2.960247817004895,3.123054851459678,2.9455871270598903,3.137715541404683,2.9427499846040392,3.140552683860534
Q_score,0.3,132,Q_x_logN_logD,2.7973,2.781408073814386,0.01589192618561386,2.7193869891450313,2.843429158483741,2.7157505695366,2.847065578092172,2.70206658494762,2.860749562681152,2.7000045565869946,2.8628115910417775,2.6853438666419898,2.8774722809867823,2.6825067241861387,2.8803094234426334
Q_score,0.3,140,Q_x_logN_logD,2.6856,2.6629886538143412,0.022611346185658743,2.6009675691449865,2.725009738483696,2.597331149536555,2.7286461580921273,2.583647164947575,2.7423301426811073,2.5815851365869498,2.7443921710417327,2.566924446641945,2.7590528609867375,2.564087304186094,2.7618900034425886
Q_score,0.3,148,Q_x_logN_logD,2.5759,2.6053211445226183,-0.02942114452261846,2.5433000598532636,2.667342229191973,2.5396636402448323,2.6709786488004044,2.5259796556558523,2.6846626333893844,2.523917627295227,2.68672466175001,2.509256937350222,2.7013853516950146,2.506419794894371,2.7042224941508657
Q_score,0.3,156,Q_x_logN_logD,2.5611,2.557742206192957,0.0033577938070430413,2.4957211215236024,2.619763290862312,2.492084701915171,2.623399710470743,2.478400717326191,2.637083695059723,2.4763386889655656,2.6391457234203486,2.461677999020561,2.6538064133653534,2.4588408565647097,2.6566435558212045
Q_score,0.3,164,Q_x_logN_logD,2.8948,2.9809418684451825,-0.08614186844518246,2.9189207837758278,3.0429629531145372,2.9152843641673964,3.0465993727229685,2.9016003795784164,3.0602833573119486,2.899538351217791,3.062345385672574,2.884877661272786,3.0770060756175788,2.882040518816935,3.07984321807343
Q_score,0.3,172,Q_x_logN_logD,2.6823,2.720698608027282,-0.03839860802728179,2.658677523357927,2.7827196926966367,2.655041103749496,2.786356112305068,2.641357119160516,2.800040096894048,2.6392950907998904,2.8021021252546734,2.6246344008548856,2.816762815199678,2.6217972583990345,2.8195999576555293
Q_score,0.3,180,Q_x_logN_logD,2.6133,2.602279188027237,0.011020811972763056,2.5402581033578824,2.664300272696592,2.536621683749451,2.667936692305023,2.522937699160471,2.681620676894003,2.5208756707998456,2.6836827052546286,2.506214980854841,2.6983433951996334,2.5033778383989898,2.7011805376554845
Q_score,0.3,188,Q_x_logN_logD,2.4688,2.5446116787355137,-0.07581167873551387,2.482590594066159,2.6066327634048685,2.4789541744577277,2.6102691830133,2.4652701898687477,2.62395316760228,2.4632081615081223,2.6260151959629052,2.4485474715631175,2.64067588590791,2.4457103291072664,2.643513028363761
Q_score,0.3,196,Q_x_logN_logD,2.4439,2.4970327404058525,-0.05313274040585236,2.435011655736498,2.5590538250752073,2.4313752361280665,2.5626902446836386,2.4176912515390865,2.5763742292726186,2.415629223178461,2.578436257633244,2.4009685332334563,2.593096947578249,2.398131390777605,2.5959340900341
Q_score,0.3,204,Q_x_logN_logD,2.8867,2.832456102044942,0.05424389795505791,2.770435017375587,2.8944771867142967,2.766798597767156,2.898113606322728,2.753114613178176,2.911797590911708,2.7510525848175504,2.9138596192723334,2.7363918948725456,2.928520309217338,2.7335547524166945,2.9313574516731893
Q_score,0.3,212,Q_x_logN_logD,2.5971,2.5722128416270413,0.02488715837295885,2.5101917569576866,2.634233926296396,2.5065553373492553,2.6378703459048274,2.4928713527602753,2.6515543304938074,2.49080932439965,2.653616358854433,2.476148634454645,2.6682770487994376,2.473311491998794,2.6711141912552887
Q_score,0.3,220,Q_x_logN_logD,2.3889,2.4537934216269965,-0.06489342162699652,2.391772336957642,2.5158145062963513,2.3881359173492105,2.5194509259047826,2.3744519327602305,2.5331349104937626,2.372389904399605,2.535196938854388,2.3577292144546003,2.549857628799393,2.354892071998749,2.552694771255244
Q_score,0.3,228,Q_x_logN_logD,2.3988,2.396125912335273,0.0026740876647268763,2.3341048276659184,2.458146997004628,2.330468408057487,2.461783416613059,2.316784423468507,2.4754674012020392,2.3147223951078817,2.4775294295626646,2.300061705162877,2.4921901195076694,2.297224562707026,2.4950272619635205
Q_score,0.3,236,Q_x_logN_logD,2.3538,2.3485469740056124,0.0052530259943877056,2.2865258893362577,2.410568058674967,2.2828894697278264,2.4142044782833985,2.2692054851388463,2.4278884628723785,2.267143456778221,2.429950491233004,2.252482766833216,2.4446111811780087,2.249645624377365,2.44744832363386
Q_score,0.3,244,Q_x_logN_logD,2.8016,2.788678855544613,0.012921144455387168,2.726657770875258,2.8506999402139677,2.723021351266827,2.854336359822399,2.709337366677847,2.868020344411379,2.7072753383172214,2.8700823727720044,2.6926146483722166,2.884743062717009,2.6897775059163656,2.8875802051728603
Q_score,0.3,252,Q_x_logN_logD,2.5078,2.5284355951267123,-0.020635595126712314,2.4664145104573576,2.590456679796067,2.4627780908489263,2.5940930994044984,2.4490941062599463,2.6077770839934784,2.447032077899321,2.609839112354104,2.432371387954316,2.6244998022991086,2.429534245498465,2.6273369447549597
Q_score,0.3,260,Q_x_logN_logD,2.4411,2.4100161751266675,0.0310838248733325,2.347995090457313,2.4720372597960223,2.3443586708488815,2.4756736794044536,2.3306746862599015,2.4893576639934336,2.328612657899276,2.491419692354059,2.3139519679542713,2.506080382299064,2.31111482549842,2.508917524754915
Q_score,0.3,268,Q_x_logN_logD,2.2697,2.3523486658349446,-0.08264866583494479,2.29032758116559,2.4143697505042994,2.2866911615571586,2.4180061701127307,2.2730071769681786,2.4316901547017107,2.270945148607553,2.433752183062336,2.2562844586625483,2.448412873007341,2.2534473162066972,2.451250015463192
Q_score,0.3,276,Q_x_logN_logD,2.403,2.3047697275052834,0.09823027249471661,2.2427486428359287,2.366790812174638,2.2391122232274974,2.3704272317830695,2.2254282386385174,2.3841112163720495,2.223366210277892,2.386173244732675,2.208705520332887,2.4008339346776797,2.205868377877036,2.403671077133531
Q_score,0.3,284,Q_x_logN_logD,2.72,2.727906220153632,-0.00790622015363196,2.6658851354842774,2.789927304822987,2.662248715875846,2.793563724431418,2.648564731286866,2.807247709020398,2.6465027029262407,2.8093097373810236,2.631842012981236,2.8239704273260284,2.629004870525385,2.8268075697818795
Q_score,0.3,292,Q_x_logN_logD,2.4833,2.4676629597357316,0.015637040264268265,2.405641875066377,2.5296840444050863,2.4020054554579455,2.5333204640135176,2.3883214708689655,2.5470044486024976,2.38625944250834,2.549066476963123,2.3715987525633353,2.563727166908128,2.368761610107484,2.566564309363979
Q_score,0.3,300,Q_x_logN_logD,2.3708,2.3492435397356872,0.021556460264312793,2.2872224550663325,2.411264624405042,2.283586035457901,2.4149010440134733,2.269902050868921,2.4285850286024533,2.2678400225082957,2.4306470569630787,2.253179332563291,2.4453077469080835,2.25034219010744,2.4481448893639346
Q_score,0.3,308,Q_x_logN_logD,2.3002,2.291576030443964,0.008623969556035949,2.229554945774609,2.3535971151133186,2.225918526166178,2.35723353472175,2.212234541577198,2.37091751931073,2.2101725132165724,2.3729795476713553,2.1955118232715676,2.38764023761636,2.1926746808157165,2.390477380072211
Q_score,0.3,316,Q_x_logN_logD,2.2487,2.2439970921143026,0.004702907885697272,2.181976007444948,2.3060181767836574,2.1783395878365166,2.3096545963920887,2.1646556032475366,2.3233385809810687,2.162593574886911,2.325400609341694,2.1479328849419064,2.340061299286699,2.1450957424860553,2.34289844174255
Q_score,0.3,324,Q_x_logN_logD,2.6888,2.6729456616782783,0.015854338321721784,2.6109245770089236,2.734966746347633,2.6072881574004922,2.7386031659560643,2.5936041728115122,2.7522871505450444,2.591542144450887,2.7543491789056698,2.576881454505882,2.7690098688506746,2.574044312050031,2.7718470113065257
Q_score,0.3,332,Q_x_logN_logD,2.4152,2.4127024012603777,0.0024975987396222976,2.350681316591023,2.4747234859297325,2.3470448969825917,2.4783599055381638,2.3333609123936117,2.492043890127144,2.3312988840329862,2.494105918487769,2.3166381940879814,2.508766608432774,2.3138010516321303,2.511603750888625
Q_score,0.3,340,Q_x_logN_logD,2.3316,2.294282981260333,0.037317018739666974,2.232261896590978,2.3563040659296877,2.228625476982547,2.359940485538119,2.214941492393567,2.373624470127099,2.2128794640329414,2.3756864984877244,2.1982187740879366,2.390347188432729,2.1953816316320856,2.3931843308885803
Q_score,0.3,348,Q_x_logN_logD,2.2767,2.2366154719686095,0.0400845280313904,2.174594387299255,2.2986365566379643,2.1709579676908235,2.3022729762463956,2.1572739831018435,2.3159569608353756,2.155211954741218,2.318018989196001,2.1405512647962133,2.332679679141006,2.137714122340362,2.335516821596857
Q_score,0.3,356,Q_x_logN_logD,2.1456,2.189036533638949,-0.04343653363894884,2.127015448969594,2.2510576183083035,2.1233790293611627,2.254694037916735,2.1096950447721827,2.268378022505715,2.1076330164115573,2.2704400508663403,2.0929723264665525,2.285100740811345,2.0901351840107014,2.287937883267196
Q_score,0.4,5,Q_x_logN_logD,3.5704,3.5632269680518793,0.007173031948120467,3.5009278745066306,3.625526061597128,3.500273494595381,3.6261804415083776,3.4850030577752658,3.641450878328493,3.483137277797286,3.6433166583064724,3.468258163385268,3.6581957727184906,3.466079833065892,3.6603741030378667
Q_score,0.4,13,Q_x_logN_logD,3.2727,3.2995804546998517,-0.026880454699851786,3.237281361154603,3.3618795482451005,3.2366269812433535,3.36253392815635,3.221356544423238,3.3778043649764653,3.2194907644452586,3.379670144954445,3.2046116500332404,3.394549259366463,3.2024333197138644,3.396727589685839
Q_score,0.4,21,Q_x_logN_logD,3.1687,3.180245319678163,-0.011545319678162969,3.117946226132914,3.2425444132234116,3.1172918462216646,3.243198793134661,3.1020214094015492,3.2584692299547764,3.1001556294235697,3.260335009932756,3.0852765150115515,3.275214124344774,3.0830981846921754,3.27739245466415
Q_score,0.4,29,Q_x_logN_logD,3.2809,3.1222679273693905,0.1586320726306094,3.0599688338241418,3.1845670209146393,3.0593144539128923,3.185221400825889,3.044044017092777,3.200491837646004,3.0421782371147974,3.2023576176239836,3.0272991227027792,3.217236732036002,3.025120792383403,3.219415062355378
Q_score,0.4,37,Q_x_logN_logD,3.1242,3.0744802515850362,0.04971974841496385,3.0121811580397875,3.136779345130285,3.011526778128538,3.1374337250415345,2.9962563413084227,3.15270416186165,2.994390561330443,3.1545699418396294,2.979511446918425,3.1694490562516475,2.977333116599049,3.1716273865710236
Q_score,0.4,45,Q_x_logN_logD,3.2484,3.3217767518875294,-0.07337675188752923,3.2594776583422806,3.384075845432778,3.258823278431031,3.3847302253440277,3.243552841610916,3.400000662164143,3.2416870616329363,3.4018664421421225,3.226807947220918,3.4167455565541407,3.224629616901542,3.418923886873517
Q_score,0.4,53,Q_x_logN_logD,3.002,3.0581302385355014,-0.056130238535501586,2.9958311449902526,3.12042933208075,2.995176765079003,3.1210837119919996,2.979906328258888,3.136354148812115,2.9780405482809083,3.1382199287900945,2.96316143386889,3.1530990432021127,2.960983103549514,3.1552773735214887
Q_score,0.4,61,Q_x_logN_logD,2.9738,2.9387951035138125,0.035004896486187764,2.8764960099685637,3.001094197059061,2.875841630057314,3.0017485769703107,2.860571193237199,3.017019013790426,2.8587054132592193,3.0188847937684056,2.843826298847201,3.0337639081804237,2.841647968527825,3.0359422384998
Q_score,0.4,69,Q_x_logN_logD,2.8482,2.88081771120504,-0.03261771120504031,2.8185186176597914,2.943116804750289,2.817864237748542,2.9437711846615384,2.8025938009284266,2.9590416214816537,2.800728020950447,2.9609074014596333,2.785848906538429,2.9757865158716514,2.783670576219053,2.9779648461910275
Q_score,0.4,77,Q_x_logN_logD,2.8627,2.8330300354206863,0.02966996457931348,2.7707309418754376,2.895329128965935,2.770076561964188,2.8959835088771846,2.7548061251440727,2.9112539456973,2.752940345166093,2.9131197256752794,2.738061230754075,2.9279988400872976,2.735882900434699,2.9301771704066737
Q_score,0.4,85,Q_x_logN_logD,3.0181,3.1073346499710737,-0.08923464997107367,3.045035556425825,3.1696337435163224,3.0443811765145754,3.170288123427572,3.02911073969446,3.1855585602476872,3.0272449597164806,3.187424340225667,3.0123658453044624,3.202303454637685,3.0101875149850863,3.204481784957061
Q_score,0.4,93,Q_x_logN_logD,2.8049,2.843688136619046,-0.03878813661904612,2.7813890430737973,2.905987230164295,2.780734663162548,2.9066416100755443,2.7654642263424325,2.9219120468956596,2.763598446364453,2.923777826873639,2.748719331952435,2.9386569412856574,2.7465410016330587,2.9408352716050334
Q_score,0.4,101,Q_x_logN_logD,2.6566,2.7243530015973567,-0.06775300159735664,2.662053908052108,2.7866520951426055,2.6613995281408585,2.787306475053855,2.646129091320743,2.8025769118739703,2.6442633113427636,2.80444269185195,2.6293841969307454,2.819321806263968,2.6272058666113693,2.821500136583344
Q_score,0.4,109,Q_x_logN_logD,2.7891,2.666375609288585,0.12272439071141505,2.604076515743336,2.7286747028338336,2.6034221358320866,2.729329082745083,2.5881516990119713,2.7445995195651984,2.5862859190339917,2.746465299543178,2.5714068046219736,2.761344413955196,2.5692284743025975,2.7635227442745722
Q_score,0.4,117,Q_x_logN_logD,2.5858,2.6185879335042306,-0.032787933504230704,2.556288839958982,2.6808870270494793,2.5556344600477323,2.681541406960729,2.540364023227617,2.696811843780844,2.5384982432496375,2.6986776237588237,2.5236191288376193,2.713556738170842,2.521440798518243,2.715735068490218
Q_score,0.4,125,Q_x_logN_logD,3.0148,3.0076797678199103,0.007120232180089836,2.9453806742746615,3.069978861365159,2.944726294363412,3.0706332412764086,2.9294558575432967,3.085903678096524,2.927590077565317,3.0877694580745034,2.912710963153299,3.1026485724865216,2.910532632833923,3.1048269028058977
Q_score,0.4,133,Q_x_logN_logD,2.7324,2.7440332544678827,-0.011633254467882548,2.681734160922634,2.8063323480131315,2.6810797810113844,2.806986727924381,2.665809344191269,2.8222571647444963,2.6639435642132896,2.824122944722476,2.6490644498012714,2.839002059134494,2.6468861194818953,2.84118038945387
Q_score,0.4,141,Q_x_logN_logD,2.5991,2.624698119446194,-0.025598119446193834,2.562399025900945,2.6869972129914426,2.5617446459896955,2.687651592902692,2.5464742091695802,2.7029220297228074,2.5446084291916007,2.704787809700787,2.5297293147795825,2.719666924112805,2.5275509844602064,2.721845254432181
Q_score,0.4,149,Q_x_logN_logD,2.5792,2.5667207271374215,0.01247927286257866,2.5044216335921727,2.6290198206826703,2.5037672536809232,2.6296742005939198,2.488496816860808,2.644944637414035,2.4866310368828284,2.6468104173920146,2.47175192247081,2.661689531804033,2.469573592151434,2.663867862123409
Q_score,0.4,157,Q_x_logN_logD,2.5225,2.518933051353067,0.003566948646932744,2.4566339578078185,2.581232144898316,2.455979577896569,2.5818865248095655,2.4407091410764536,2.597156961629681,2.438843361098474,2.5990227416076603,2.423964246686456,2.6139018560196785,2.42178591636708,2.6160801863390546
Q_score,0.4,165,Q_x_logN_logD,2.8223,2.948545274513072,-0.12624527451307221,2.8862461809678233,3.010844368058321,2.8855918010565738,3.0114987479695703,2.8703213642364585,3.0267691847896856,2.868455584258479,3.028634964767665,2.8535764698464607,3.0435140791796833,2.8513981395270847,3.0456924094990594
Q_score,0.4,173,Q_x_logN_logD,2.6528,2.684898761161044,-0.03209876116104393,2.622599667615795,2.7471978547062927,2.6219452877045457,2.7478522346175422,2.6066748508844304,2.7631226714376576,2.604809070906451,2.764988451415637,2.5899299564944327,2.7798675658276553,2.5877516261750566,2.7820458961470313
Q_score,0.4,181,Q_x_logN_logD,2.5016,2.565563626139355,-0.06396362613935525,2.5032645325941063,2.627862719684604,2.502610152682857,2.6285170995958533,2.4873397158627415,2.6437875364159686,2.485473935884762,2.645653316393948,2.470594821472744,2.6605324308059664,2.4684164911533677,2.6627107611253424
Q_score,0.4,189,Q_x_logN_logD,2.5249,2.5075862338305828,0.017313766169417377,2.445287140285334,2.5698853273758315,2.4446327603740845,2.570539707287081,2.429362323553969,2.5858101441071963,2.4274965435759897,2.587675924085176,2.4126174291639715,2.602555038497194,2.4104390988445954,2.60473336881657
Q_score,0.4,197,Q_x_logN_logD,2.4229,2.459798558046229,-0.0368985580462291,2.39749946450098,2.5220976515914777,2.3968450845897307,2.522752031502727,2.3815746477696154,2.5380224683228425,2.379708867791636,2.539888248300822,2.3648297533796176,2.55476736271284,2.3626514230602416,2.5569456930322163
Q_score,0.4,205,Q_x_logN_logD,2.771,2.8045269961403125,-0.033526996140312626,2.7422279025950638,2.8668260896855613,2.7415735226838143,2.867480469596811,2.726303085863699,2.882750906416926,2.7244373058857194,2.8846166863949056,2.7095581914737012,2.899495800806924,2.707379861154325,2.9016741311263
Q_score,0.4,213,Q_x_logN_logD,2.5963,2.540880482788285,0.0554195172117149,2.478581389243036,2.6031795763335337,2.4779270093317867,2.603833956244783,2.4626565725116714,2.6191043930648985,2.460790792533692,2.620970173042878,2.4459116781216736,2.635849287454896,2.4437333478022976,2.6380276177742723
Q_score,0.4,221,Q_x_logN_logD,2.5101,2.421545347766596,0.08855465223340397,2.3592462542213473,2.483844441311845,2.3585918743100978,2.4844988212230943,2.3433214374899825,2.4997692580432096,2.341455657512003,2.501635038021189,2.3265765430999847,2.5165141524332073,2.3243982127806087,2.5186924827525834
Q_score,0.4,229,Q_x_logN_logD,2.3719,2.3635679554578237,0.008332044542176398,2.301268861912575,2.4258670490030725,2.3006144820013255,2.426521428914322,2.28534404518121,2.4417918657344373,2.2834782652032306,2.443657645712417,2.2685991507912124,2.458536760124435,2.2664208204718364,2.460715090443811
Q_score,0.4,237,Q_x_logN_logD,2.3322,2.3157802796734694,0.016419720326530385,2.2534811861282207,2.378079373218718,2.252826806216971,2.3787337531299677,2.237556369396856,2.394004189950083,2.2356905894188763,2.3958699699280626,2.220811475006858,2.4107490843400807,2.218633144687482,2.412927414659457
Q_score,0.4,245,Q_x_logN_logD,2.6993,2.762280285466245,-0.0629802854662449,2.699981191920996,2.8245793790114937,2.6993268120097467,2.825233758922743,2.6840563751896314,2.8405041957428585,2.682190595211652,2.842369975720838,2.6673114807996336,2.857249090132856,2.6651331504802576,2.8594274204522323
Q_score,0.4,253,Q_x_logN_logD,2.5793,2.498633772114217,0.08066622788578304,2.436334678568968,2.5609328656594657,2.4356802986577186,2.561587245570715,2.4204098618376033,2.5768576823908305,2.4185440818596238,2.57872346236881,2.4036649674476056,2.593602576780828,2.4014866371282295,2.5957809071002043
Q_score,0.4,261,Q_x_logN_logD,2.3929,2.379298637092528,0.013601362907472048,2.316999543547279,2.4415977306377767,2.3163451636360297,2.4422521105490262,2.3010747268159144,2.4575225473691416,2.299208946837935,2.459388327347121,2.2843298324259167,2.4742674417591393,2.2821515021065406,2.4764457720785154
Q_score,0.4,269,Q_x_logN_logD,2.3711,2.3213212447837557,0.04977875521624453,2.259022151238507,2.3836203383290044,2.2583677713272574,2.384274718240254,2.243097334507142,2.3995451550603693,2.2412315545291626,2.401410935038349,2.2263524401171444,2.416290049450367,2.2241741097977683,2.418468379769743
Q_score,0.4,277,Q_x_logN_logD,2.3312,2.273533568999402,0.057666431000598095,2.211234475454153,2.3358326625446506,2.2105800955429036,2.3364870424559,2.1953096587227883,2.3517574792760154,2.1934438787448087,2.353623259253995,2.1785647643327906,2.368502373666013,2.1763864340134145,2.370680703985389
Q_score,0.4,285,Q_x_logN_logD,2.6823,2.7038386735292668,-0.02153867352926664,2.641539579984018,2.7661377670745155,2.6408852000727685,2.766792146985765,2.625614763252653,2.7820625838058803,2.6237489832746737,2.78392836378386,2.6088698688626555,2.798807478195878,2.6066915385432794,2.800985808515254
Q_score,0.4,293,Q_x_logN_logD,2.4979,2.4401921601772387,0.05770783982276129,2.37789306663199,2.5024912537224875,2.3772386867207405,2.503145633633737,2.361968249900625,2.5184160704538523,2.3601024699226456,2.520281850431832,2.3452233555106274,2.53516096484385,2.3430450251912514,2.537339295163226
Q_score,0.4,301,Q_x_logN_logD,2.3438,2.32085702515555,0.02294297484445007,2.258557931610301,2.3831561187007986,2.2579035516990515,2.383810498612048,2.2426331148789362,2.3990809354321634,2.2407673349009567,2.400946715410143,2.2258882204889385,2.415825829822161,2.2237098901695624,2.418004160141537
Q_score,0.4,309,Q_x_logN_logD,2.3167,2.262879632846778,0.053820367153222026,2.200580539301529,2.3251787263920267,2.1999261593902797,2.325833106303276,2.1846557225701644,2.3411035431233915,2.182789942592185,2.342969323101371,2.1679108281801667,2.3578484375133892,2.1657324978607906,2.3600267678327653
Q_score,0.4,317,Q_x_logN_logD,2.2425,2.2150919570624237,0.027408042937576482,2.152792863517175,2.2773910506076724,2.1521384836059254,2.278045430518922,2.13686804678581,2.2933158673390373,2.1350022668078306,2.295181647317017,2.1201231523958124,2.310060761729035,2.1179448220764363,2.312239092048411
Q_score,0.4,325,Q_x_logN_logD,2.7027,2.6512281491641554,0.05147185083584471,2.5889290556189066,2.713527242709404,2.588274675707657,2.7141816226206537,2.573004238887542,2.729452059440769,2.5711384589095623,2.7313178394187485,2.556259344497544,2.7461969538307667,2.554081014178168,2.7483752841501428
Q_score,0.4,333,Q_x_logN_logD,2.3833,2.3875816358121273,-0.004281635812127149,2.3252825422668786,2.449880729357376,2.324628162355629,2.4505351092686256,2.3093577255355138,2.465805546088741,2.3074919455575342,2.4676713260667205,2.292612831145516,2.4825504404787386,2.29043450082614,2.4847287707981147
Q_score,0.4,341,Q_x_logN_logD,2.2453,2.2682465007904384,-0.022946500790438584,2.2059474072451897,2.330545594335687,2.20529302733394,2.3311999742469367,2.190022590513825,2.346470411067052,2.1881568105358453,2.3483361910450316,2.173277696123827,2.3632153054570497,2.171099365804451,2.365393635776426
Q_score,0.4,349,Q_x_logN_logD,2.2501,2.210269108481666,0.03983089151833408,2.1479700149364174,2.272568202026915,2.147315635025168,2.2732225819381644,2.1320451982050526,2.2884930187582797,2.130179418227073,2.2903587987362592,2.115300303815055,2.3052379131482774,2.1131219734956788,2.3074162434676535
Q_score,0.4,357,Q_x_logN_logD,2.141,2.162481432697312,-0.021481432697311842,2.100182339152063,2.2247805262425606,2.0995279592408136,2.22543490615381,2.0842575224206983,2.2407053429739254,2.0823917424427187,2.242571122951905,2.0675126280307006,2.257450237363923,2.0653342977113245,2.2596285676832992
Q_score,0.5,362,Q_x_logN_logD,3.568,3.503694784826557,0.06430521517344312,3.440814693128214,3.5665748765249,3.438608659701469,3.568780909951645,3.4224966585269727,3.584892911126141,3.4214132314195083,3.5859763382336056,3.4078045808766944,3.5995849887764195,3.4043450827676307,3.603044486885483
Q_score,0.5,364,Q_x_logN_logD,3.1892,3.2473017485602087,-0.058101748560208666,3.1844216568618657,3.3101818402585517,3.1822156234351207,3.3123878736852967,3.1661036222606245,3.328499874859793,3.16502019515316,3.3295833019672574,3.151411544610346,3.3431919525100713,3.1479520465012825,3.346651450619135
Q_score,0.5,366,Q_x_logN_logD,3.1305,3.130796800287688,-0.00029680028768774847,3.067916708589345,3.1936768919860308,3.0657106751625998,3.195882925412776,3.0495986739881036,3.211994926587272,3.048515246880639,3.2130783536947365,3.0349065963378252,3.2266870042375504,3.0314470982287616,3.230146502346614
Q_score,0.5,368,Q_x_logN_logD,3.1769,3.0742085516031836,0.10269144839681621,3.0113284599048407,3.1370886433015266,3.0091224264780956,3.1392946767282717,2.9930104253035994,3.155406677902768,2.991926998196135,3.1564901050102323,2.978318347653321,3.170098755553046,2.9748588495442574,3.17355825366211
Q_score,0.5,370,Q_x_logN_logD,3.0404,3.02766521667807,0.01273478332193001,2.964785124979727,3.090545308376413,2.962579091552982,3.092751341803158,2.9464670903784858,3.108863342977654,2.9453836632710213,3.1099467700851187,2.9317750127282074,3.1235554206279326,2.9283155146191437,3.127014918736996
Q_score,0.5,372,Q_x_logN_logD,3.2494,3.2652811915688345,-0.015881191568834385,3.2024010998704915,3.3281612832671774,3.2001950664437464,3.3303673166939225,3.1840830652692502,3.3464793178684187,3.1829996381617858,3.347562744975883,3.169390987618972,3.361171395518697,3.165931489509908,3.3646308936277607
Q_score,0.5,374,Q_x_logN_logD,2.9246,3.008888155302486,-0.08428815530248635,2.9460080636041432,3.071768247000829,2.943802030177398,3.0739742804275743,2.927690029002902,3.0900862816020704,2.9266066018954375,3.091169708709535,2.9129979513526236,3.104778359252349,2.90953845324356,3.1082378573614124
Q_score,0.5,376,Q_x_logN_logD,2.8925,2.8923832070299658,0.00011679297003430733,2.829503115331623,2.9552632987283087,2.8272970819048777,2.957469332155054,2.8111850807303815,2.97358133332955,2.810101653622917,2.9746647604370144,2.796493003080103,2.9882734109798283,2.7930335049710395,2.991732909088892
Q_score,0.5,378,Q_x_logN_logD,2.8079,2.835794958345461,-0.027894958345461074,2.772914866647118,2.898675050043804,2.770708833220373,2.900881083470549,2.754596832045877,2.9169930846450454,2.7535134049384125,2.91807651175251,2.7399047543955986,2.9316851622953237,2.736445256286535,2.9351446604043874
Q_score,0.5,380,Q_x_logN_logD,2.7776,2.7892516234203475,-0.011651623420347423,2.7263715317220045,2.8521317151186905,2.7241654982952594,2.8543377485454355,2.7080534971207633,2.8704497497199317,2.706970070013299,2.871533176827396,2.693361419470485,2.88514182737021,2.6899019213614213,2.8886013254792737
Q_score,0.5,382,Q_x_logN_logD,3.0802,3.0558953024376962,0.0243046975623038,2.9930152107393533,3.118775394136039,2.990809177312608,3.1209814275627843,2.974697176138112,3.1370934287372805,2.9736137490306476,3.138176855844745,2.9600050984878337,3.151785506387559,2.95654560037877,3.1552450044966225
Q_score,0.5,384,Q_x_logN_logD,2.7517,2.7995022661713476,-0.04780226617134753,2.7366221744730046,2.8623823578696905,2.7344161410462595,2.8645883912964356,2.7183041398717633,2.880700392470932,2.717220712764299,2.8817838195783962,2.703612062221485,2.89539247012121,2.7001525641124213,2.898851968230274
Q_score,0.5,386,Q_x_logN_logD,2.6432,2.682997317898827,-0.0397973178988269,2.620117226200484,2.74587740959717,2.617911192773739,2.748083443023915,2.601799191599243,2.7641954441984113,2.6007157644917784,2.765278871305876,2.5871071139489645,2.7788875218486897,2.583647615839901,2.7823470199577534
Q_score,0.5,388,Q_x_logN_logD,2.6321,2.626409069214323,0.005690930785676951,2.56352897751598,2.689289160912666,2.561322944089235,2.691495194339411,2.5452109429147387,2.707607195513907,2.5441275158072743,2.7086906226213716,2.5305188652644603,2.7222992731641855,2.5270593671553967,2.725758771273249
Q_score,0.5,390,Q_x_logN_logD,2.5369,2.579865734289209,-0.04296573428920869,2.516985642590866,2.642745825987552,2.514779609164121,2.644951859414297,2.4986676079896246,2.661063860588793,2.49758418088216,2.6621472876962575,2.4839755303393463,2.6757559382390714,2.4805160322302826,2.679215436348135
Q_score,0.5,392,Q_x_logN_logD,2.9761,2.959596555435303,0.01650344456469721,2.89671646373696,3.022476647133646,2.894510430310215,3.024682680560391,2.8783984291357188,3.040794681734887,2.8773150020282543,3.0418781088423517,2.8637063514854404,3.0554867593851656,2.8602468533763767,3.058946257494229
Q_score,0.5,394,Q_x_logN_logD,2.6726,2.7032035191689547,-0.03060351916895465,2.6403234274706118,2.7660836108672977,2.6381173940438667,2.768289644294043,2.6220053928693705,2.784401645468539,2.620921965761906,2.7854850725760034,2.607313315219092,2.7990937231188173,2.6038538171100285,2.802553221227881
Q_score,0.5,396,Q_x_logN_logD,2.5964,2.5866985708964343,0.00970142910356575,2.5238184791980913,2.6495786625947773,2.5216124457713462,2.6517846960215223,2.50550044459685,2.6678966971960185,2.5044170174893856,2.668980124303483,2.4908083669465717,2.682588774846297,2.487348868837508,2.6860482729553605
Q_score,0.5,398,Q_x_logN_logD,2.5359,2.53011032221193,0.005789677788069714,2.467230230513587,2.592990413910273,2.465024197086842,2.595196447337018,2.448912195912346,2.6113084485115143,2.4478287688048814,2.612391875618979,2.4342201182620675,2.6260005261617927,2.430760620153004,2.6294600242708563
Q_score,0.5,400,Q_x_logN_logD,2.4897,2.483566987286816,0.006133012713184005,2.420686895588473,2.546447078985159,2.418480862161728,2.548653112411904,2.402368860987232,2.5647651135864002,2.4012854338797673,2.5658485406938647,2.3876767833369534,2.5794571912366786,2.38421728522789,2.5829166893457423
Q_score,0.5,402,Q_x_logN_logD,2.848,2.902829735936775,-0.054829735936775315,2.839949644238432,2.965709827635118,2.837743610811687,2.9679158610618632,2.821631609637191,2.9840278622363594,2.8205481825297265,2.985111289343824,2.8069395319869126,2.9987199398866378,2.803480033877849,3.0021794379957014
Q_score,0.5,404,Q_x_logN_logD,2.6594,2.6464366996704265,0.012963300329573713,2.5835566079720835,2.7093167913687695,2.5813505745453384,2.7115228247955145,2.5652385733708423,2.7276348259700107,2.564155146263378,2.728718253077475,2.550546495720564,2.742326903620289,2.5470869976115003,2.7457864017293527
Q_score,0.5,406,Q_x_logN_logD,2.5142,2.529931751397906,-0.015731751397905835,2.467051659699563,2.592811843096249,2.464845626272818,2.595017876522994,2.448733625098322,2.6111298776974903,2.4476501979908574,2.6122133048049547,2.4340415474480435,2.6258219553477686,2.43058204933898,2.6292814534568323
Q_score,0.5,408,Q_x_logN_logD,2.4767,2.4733435027134014,0.003356497286598703,2.4104634110150585,2.5362235944117444,2.4082573775883134,2.5384296278384895,2.392145376413817,2.5545416290129856,2.3910619493063527,2.55562505612045,2.377453298763539,2.569233706663264,2.373993800654475,2.5726932047723277
Q_score,0.5,410,Q_x_logN_logD,2.4351,2.4268001677882878,0.008299832211712044,2.363920076089945,2.4896802594866307,2.3617140426631997,2.491886292913376,2.3456020414887035,2.507998294087872,2.344518614381239,2.5090817211953365,2.330909963838425,2.5226903717381504,2.3274504657293615,2.526149869847214
Q_score,0.5,412,Q_x_logN_logD,2.7452,2.766017806255116,-0.02081780625511609,2.703137714556773,2.828897897953459,2.700931681130028,2.831103931380204,2.684819679955532,2.8472159325547004,2.6837362528480675,2.848299359662165,2.6701276023052536,2.8619080102049788,2.66666810419619,2.8653675083140424
Q_score,0.5,414,Q_x_logN_logD,2.5569,2.509624769988768,0.04727523001123224,2.446744678290425,2.572504861687111,2.44453864486368,2.574710895113856,2.4284266436891837,2.590822896288352,2.4273432165817193,2.5919063233958166,2.4137345660389053,2.6055149739386305,2.4102750679298417,2.608974472047694
Q_score,0.5,416,Q_x_logN_logD,2.4226,2.393119821716247,0.029480178283753045,2.330239730017904,2.45599991341459,2.328033696591159,2.458205946841335,2.311921695416663,2.4743179480158313,2.3108382683091984,2.4754013751232957,2.2972296177663845,2.4890100256661096,2.293770119657321,2.4924695237751733
Q_score,0.5,418,Q_x_logN_logD,2.3363,2.336531573031743,-0.00023157303174281552,2.2736514813334,2.399411664730086,2.271445447906655,2.401617698156831,2.2553334467321586,2.417729699331327,2.254250019624694,2.4188131264387915,2.2406413690818803,2.4324217769816054,2.2371818709728166,2.435881275090669
Q_score,0.5,420,Q_x_logN_logD,2.322,2.289988238106629,0.03201176189337085,2.2271081464082862,2.352868329804972,2.224902112981541,2.3550743632317173,2.208790111807045,2.3711863644062134,2.2077066846995805,2.372269791513678,2.1940980341567666,2.385878442056492,2.190638536047703,2.3893379401655555
Q_score,0.5,422,Q_x_logN_logD,2.6556,2.726346726763595,-0.07074672676359484,2.663466635065252,2.789226818461938,2.661260601638507,2.791432851888683,2.645148600464011,2.8075448530631792,2.6440651733565463,2.8086282801706437,2.6304565228137324,2.8222369307134576,2.626997024704669,2.8256964288225213
Q_score,0.5,424,Q_x_logN_logD,2.5028,2.4699536904972472,0.03284630950275291,2.4070735987989043,2.53283378219559,2.404867565372159,2.5350398156223353,2.388755564197663,2.5511518167968315,2.3876721370901985,2.552235243904296,2.3740634865473846,2.56584389444711,2.370603988438321,2.5693033925561735
Q_score,0.5,426,Q_x_logN_logD,2.4064,2.3534487422247263,0.05295125777527376,2.2905686505263834,2.4163288339230693,2.2883626170996383,2.4185348673498144,2.272250615925142,2.4346468685243106,2.2711671888176777,2.435730295631775,2.2575585382748637,2.449338946174589,2.2540990401658,2.4527984442836526
Q_score,0.5,428,Q_x_logN_logD,2.2988,2.296860493540222,0.0019395064597778067,2.233980401841879,2.359740585238565,2.231774368415134,2.36194661866531,2.215662367240638,2.3780586198398064,2.2145789401331735,2.379142046947271,2.2009702895903596,2.3927506974900847,2.197510791481296,2.3962101955991484
Q_score,0.5,430,Q_x_logN_logD,2.3211,2.250317158615108,0.07078284138489188,2.187437066916765,2.313197250313451,2.18523103349002,2.315403283740196,2.169119032315524,2.3315152849146923,2.1680356052080594,2.3325987120221567,2.1544269546652455,2.3462073625649706,2.150967456556182,2.3496668606740343
Q_score,0.5,432,Q_x_logN_logD,2.6118,2.6718811661897623,-0.060081166189762225,2.6090010744914194,2.7347612578881053,2.6067950410646743,2.7369672913148504,2.590683039890178,2.7530792924893466,2.5895996127827137,2.754162719596811,2.5759909622398998,2.767771370139625,2.572531464130836,2.7712308682486886
Q_score,0.5,434,Q_x_logN_logD,2.4529,2.4154881299234146,0.03741187007658553,2.3526080382250716,2.4783682216217575,2.3504020047983265,2.4805742550485026,2.3342900036238303,2.496686256222999,2.333206576516366,2.4977696833304632,2.319597925973552,2.511378333873277,2.3161384278644883,2.514837831982341
Q_score,0.5,436,Q_x_logN_logD,2.2227,2.298983181650894,-0.07628318165089398,2.236103089952551,2.361863273349237,2.233897056525806,2.364069306775982,2.21778505535131,2.3801813079504783,2.2167016282438454,2.381264735057943,2.2030929777010315,2.3948733856007567,2.199633479591968,2.3983328837098203
Q_score,0.5,438,Q_x_logN_logD,2.2738,2.2423949329663895,0.03140506703361057,2.1795148412680465,2.3052750246647324,2.1773088078413014,2.3074810580914775,2.1611968066668052,2.3235930592659737,2.160113379559341,2.324676486373438,2.146504729016527,2.338285136916252,2.1430452309074632,2.3417446350253157
Q_score,0.5,440,Q_x_logN_logD,2.2022,2.1958515980412754,0.006348401958724548,2.1329715063429324,2.2587316897396184,2.1307654729161873,2.2609377231663634,2.114653471741691,2.2770497243408596,2.1135700446342267,2.278133151448324,2.099961394091413,2.291741801991138,2.096501895982349,2.2952013001002016
Q_score,0.5,442,Q_x_logN_logD,2.6862,2.6233099004970253,0.06289009950297464,2.5604298087986823,2.6861899921953682,2.5582237753719372,2.6883960256221133,2.542111774197441,2.7045080267966095,2.5410283470899766,2.705591453904074,2.5274196965471627,2.719200104446888,2.523960198438099,2.7226596025559515
Q_score,0.5,444,Q_x_logN_logD,2.3931,2.366916864230677,0.026183135769322963,2.304036772532334,2.42979695592902,2.301830739105589,2.432002989355765,2.285718737931093,2.4481149905302613,2.2846353108236284,2.4491984176377257,2.2710266602808145,2.4628070681805396,2.267567162171751,2.4662665662896033
Q_score,0.5,446,Q_x_logN_logD,2.2142,2.250411915958156,-0.036211915958156204,2.187531824259813,2.313292007656499,2.185325790833068,2.315498041083244,2.169213789658572,2.3316100422577404,2.1681303625511075,2.332693469365205,2.1545217120082936,2.3463021199080187,2.15106221389923,2.3497616180170824
Q_score,0.5,448,Q_x_logN_logD,2.2109,2.1938236672736524,0.017076332726347676,2.1309435755753094,2.2567037589719954,2.1287375421485644,2.2589097923987405,2.112625540974068,2.2750217935732366,2.1115421138666037,2.276105220680701,2.09793346332379,2.289713871223515,2.094473965214726,2.2931733693325786
Q_score,0.5,450,Q_x_logN_logD,2.0954,2.1472803323485383,-0.05188033234853817,2.0844002406501954,2.2101604240468813,2.0821942072234503,2.2123664574736264,2.066082206048954,2.2284784586481226,2.0649987789414896,2.229561885755587,2.0513901283986757,2.243170536298401,2.047930630289612,2.2466300344074646
Q_score,0.6,6,Q_x_logN_logD,3.5458,3.4475706589895734,0.09822934101042646,3.387488249239535,3.5076530687396117,3.3842908803698597,3.510850437609287,3.3681380559173126,3.527003262061834,3.3647036667005006,3.530437651278646,3.355251196259911,3.539890121719236,3.352961764864564,3.5421795531145825
Q_score,0.6,14,Q_x_logN_logD,3.0798,3.1963503080901803,-0.11655030809018019,3.136267898340142,3.2564327178402186,3.1330705294704666,3.259630086709894,3.1169177050179195,3.275782911162441,3.1134833158011075,3.279217300379253,3.104030845360518,3.2886697708198427,3.101741413965171,3.2909592022151894
Q_score,0.6,22,Q_x_logN_logD,3.1017,3.081779611514867,0.019920388485133333,3.0216972017648285,3.141862021264905,3.018499832895153,3.1450593901345805,3.002347008442606,3.1612122145871275,2.998912619225794,3.1646466038039396,2.9894601487852044,3.174099074244529,2.9871707173898576,3.176388505639876
Q_score,0.6,30,Q_x_logN_logD,3.0098,3.026081209217793,-0.01628120921779308,2.9659987994677546,3.086163618967831,2.962801430598079,3.0893609878375066,2.946648606145532,3.1055138122900536,2.94321421692872,3.1089482015068657,2.9337617464881305,3.1184006719474553,2.9314723150927837,3.120690103342802
Q_score,0.6,38,Q_x_logN_logD,2.9753,2.980287287786532,-0.004987287786532235,2.9202048780364938,3.0403696975365704,2.9170075091668184,3.0435670664062457,2.9008546847142713,3.059719890858793,2.8974202954974593,3.063154280075605,2.8879678250568697,3.0726067505161945,2.885678393661523,3.0748961819115412
Q_score,0.6,46,Q_x_logN_logD,3.269,3.210489929840885,0.058510070159115024,3.150407520090847,3.2705723395909234,3.1472101512211714,3.273769708460599,3.1310573267686244,3.289922532913146,3.1276229375518123,3.293356922129958,3.1181704671112227,3.3028093925705475,3.115881035715876,3.3050988239658943
Q_score,0.6,54,Q_x_logN_logD,2.8375,2.959269578941492,-0.1217695789414921,2.8991871691914537,3.0193519886915303,2.8959898003217783,3.0225493575612057,2.8798369758692313,3.0387021820137528,2.876402586652419,3.042136571230565,2.8669501162118296,3.0515890416711544,2.864660684816483,3.053878473066501
Q_score,0.6,62,Q_x_logN_logD,2.8802,2.8446988823661785,0.035501117633821355,2.78461647261614,2.904781292116217,2.781419103746465,2.907978660985892,2.7652662792939178,2.9241314854384393,2.7618318900771057,2.9275658746552513,2.752379419636516,2.937018345095841,2.7500899882411693,2.9393077764911877
Q_score,0.6,70,Q_x_logN_logD,2.8081,2.7890004800691046,0.019099519930895426,2.7289180703190663,2.849082889819143,2.725720701449391,2.8522802586888183,2.709567876996844,2.8684330831413654,2.706133487780032,2.8718674723581774,2.696681017339442,2.881319942798767,2.6943915859440954,2.883609374194114
Q_score,0.6,78,Q_x_logN_logD,2.7288,2.743206558637844,-0.01440655863784368,2.6831241488878055,2.803288968387882,2.67992678001813,2.8064863372575575,2.663773955565583,2.8226391617101045,2.660339566348771,2.8260735509269166,2.6508870959081814,2.835526021367506,2.6485976645128346,2.837815452762853
Q_score,0.6,86,Q_x_logN_logD,3.0836,3.0054911964446775,0.07810880355532257,2.9454087866946392,3.065573606194716,2.942211417824964,3.0687709750643912,2.926058593372417,3.0849237995169383,2.9226242041556048,3.0883581887337503,2.913171733715015,3.09781065917434,2.9108823023196684,3.1001000905696867
Q_score,0.6,94,Q_x_logN_logD,2.6958,2.7542708455452845,-0.058470845545284256,2.694188435795246,2.8143532552953228,2.6909910669255708,2.817550624164998,2.6748382424730237,2.833703448617545,2.6714038532562117,2.8371378378343572,2.661951382815622,2.846590308274947,2.6596619514202753,2.8488797396702936
Q_score,0.6,102,Q_x_logN_logD,2.6516,2.639700148969971,0.011899851030029218,2.5796177392199326,2.6997825587200093,2.5764203703502573,2.7029799275896846,2.56026754589771,2.7191327520422317,2.556833156680898,2.7225671412590438,2.5473806862403086,2.7320196116996334,2.545091254844962,2.73430904309498
Q_score,0.6,110,Q_x_logN_logD,2.5211,2.584001746672897,-0.06290174667289694,2.5239193369228587,2.6440841564229354,2.5207219680531834,2.6472815252926107,2.5045691436006363,2.663434349745158,2.5011347543838243,2.66686873896197,2.4916822839432347,2.6763212094025595,2.489392852547888,2.6786106407979062
Q_score,0.6,118,Q_x_logN_logD,2.5121,2.5382078252416362,-0.026107825241636018,2.478125415491598,2.5982902349916746,2.4749280466219226,2.60148760386135,2.4587752221693755,2.617640428313897,2.4553408329525634,2.621074817530709,2.445888362511974,2.6305272879712986,2.443598931116627,2.6328167193666454
Q_score,0.6,126,Q_x_logN_logD,2.9615,2.9125283513950864,0.04897164860491365,2.852445941645048,2.9726107611451247,2.8492485727753727,2.9758081300148,2.8330957483228256,2.991960954467347,2.8296613591060136,2.995395343684159,2.820208888665424,3.0048478141247488,2.817919457270077,3.0071372455200955
Q_score,0.6,134,Q_x_logN_logD,2.6134,2.6613080004956933,-0.047908000495693326,2.601225590745655,2.7213904102457316,2.5980282218759796,2.724587779115407,2.5818753974234325,2.740740603567954,2.5784410082066205,2.744174992784766,2.568988537766031,2.7536274632253557,2.566699106370684,2.7559168946207024
Q_score,0.6,142,Q_x_logN_logD,2.5608,2.5467373039203793,0.014062696079620629,2.486654894170341,2.6068197136704176,2.4834575253006657,2.610017082540093,2.4673047008481186,2.62616990699264,2.4638703116313065,2.629604296209452,2.454417841190717,2.6390567666500417,2.45212840979537,2.6413461980453885
Q_score,0.6,150,Q_x_logN_logD,2.4842,2.491038901623306,-0.006838901623305915,2.4309564918732676,2.551121311373344,2.427759123003592,2.5543186802430196,2.411606298551045,2.5704715046955666,2.408171909334233,2.5739058939123787,2.3987194388936435,2.5833583643529683,2.3964300074982967,2.585647795748315
Q_score,0.6,158,Q_x_logN_logD,2.51,2.4452449801920455,0.06475501980795428,2.385162570442007,2.505327389942084,2.381965201572332,2.508524758811759,2.3658123771197848,2.5246775832643062,2.3623779879029727,2.5281119724811183,2.352925517462383,2.537564442921708,2.3506360860670363,2.5398538743170547
Q_score,0.6,166,Q_x_logN_logD,2.8442,2.8582061559607306,-0.014006155960730737,2.7981237462106923,2.918288565710769,2.794926377341017,2.9214859345804443,2.77877355288847,2.9376387590329913,2.775339163671658,2.9410731482498034,2.765886693231068,2.950525618690393,2.7635972618357214,2.9528150500857397
Q_score,0.6,174,Q_x_logN_logD,2.6707,2.6069858050613375,0.0637141949386626,2.546903395311299,2.667068214811376,2.543706026441624,2.670265583681051,2.5275532019890767,2.6864184081335982,2.5241188127722647,2.6898527973504103,2.514666342331675,2.699305267791,2.5123769109363283,2.7015946991863466
Q_score,0.6,182,Q_x_logN_logD,2.5859,2.4924151084860235,0.09348489151397654,2.4323326987359852,2.552497518236062,2.42913532986631,2.5556948871057372,2.412982505413763,2.5718477115582843,2.4095481161969508,2.5752821007750963,2.400095645756361,2.584734571215686,2.3978062143610144,2.5870240026110327
Q_score,0.6,190,Q_x_logN_logD,2.4469,2.43671670618895,0.010183293811049765,2.3766342964389118,2.4967991159389884,2.3734369275692364,2.4999964848086638,2.3572841031166893,2.516149309261211,2.3538497138998773,2.519583698478023,2.3443972434592877,2.5290361689186125,2.342107812063941,2.5313256003139593
Q_score,0.6,198,Q_x_logN_logD,2.4336,2.3909227847576897,0.042677215242310496,2.3308403750076514,2.451005194507728,2.327643006137976,2.4542025633774034,2.311490181685429,2.4703553878299505,2.308055792468617,2.4737897770467625,2.2986033220280273,2.483242247487352,2.2963138906326805,2.485531678882699
Q_score,0.6,206,Q_x_logN_logD,2.7064,2.7290548712479485,-0.022654871247948627,2.6689724614979102,2.789137280997987,2.665775092628235,2.792334649867662,2.649622268175688,2.8084874743202093,2.6461878789588757,2.8119218635370213,2.636735408518286,2.821374333977611,2.6344459771229394,2.8236637653729577
Q_score,0.6,214,Q_x_logN_logD,2.5446,2.477834520348556,0.06676547965144408,2.4177521105985176,2.537916930098594,2.414554741728842,2.5411142989682696,2.398401917276295,2.5572671234208166,2.394967528059483,2.5607015126376287,2.3855150576188935,2.5701539830782183,2.3832256262235467,2.572443414473565
Q_score,0.6,222,Q_x_logN_logD,2.2938,2.363263823773242,-0.0694638237732419,2.3031814140232036,2.4233462335232803,2.2999840451535283,2.4265436023929556,2.283831220700981,2.4426964268455027,2.280396831484169,2.4461308160623148,2.2709443610435796,2.4555832865029044,2.268654929648233,2.457872717898251
Q_score,0.6,230,Q_x_logN_logD,2.3342,2.3075654214761685,0.026634578523831554,2.24748301172613,2.367647831226207,2.244285642856455,2.370845200095882,2.2281328184039078,2.3869980245484292,2.2246984291870957,2.3904324137652413,2.215245958746506,2.399884884205831,2.2129565273511593,2.4021743156011777
Q_score,0.6,238,Q_x_logN_logD,2.2986,2.2617715000449077,0.0368284999550923,2.2016890902948694,2.321853909794946,2.198491721425194,2.3250512786646214,2.182338896972647,2.3412041031171684,2.178904507755835,2.3446384923339805,2.1694520373152453,2.35409096277457,2.1671626059198985,2.356380394169917
Q_score,0.6,246,Q_x_logN_logD,2.631,2.692157843361313,-0.06115784336131336,2.632075433611275,2.7522402531113515,2.6288780647415995,2.755437621981027,2.6127252402890524,2.771590446433574,2.6092908510722403,2.775024835650386,2.5998383806316507,2.7844773060909755,2.597548949236304,2.7867667374863223
Q_score,0.6,254,Q_x_logN_logD,2.4706,2.44093749246192,0.029662507538080085,2.3808550827118817,2.5010199022119584,2.3776577138422064,2.5042172710816337,2.3615048893896593,2.520370095534181,2.3580705001728473,2.523804484750993,2.3486180297322576,2.5332569551915824,2.346328598336911,2.535546386586929
Q_score,0.6,262,Q_x_logN_logD,2.3873,2.3263667958866066,0.060933204113393646,2.2662843861365682,2.386449205636645,2.263087017266893,2.3896465745063202,2.246934192814346,2.4057993989588673,2.2434998035975338,2.4092337881756793,2.234047333156944,2.418686258616269,2.2317579017615974,2.4209756900116157
Q_score,0.6,270,Q_x_logN_logD,2.2294,2.2706683935895327,-0.041268393589532604,2.2105859838394943,2.330750803339571,2.207388614969819,2.3339481722092463,2.191235790517272,2.3501009966617934,2.18780140130046,2.3535353858786054,2.1783489308598702,2.362987856319195,2.1760594994645235,2.365277287714542
Q_score,0.6,278,Q_x_logN_logD,2.2966,2.224874472158272,0.07172552784172836,2.1647920624082335,2.28495688190831,2.161594693538558,2.2881542507779855,2.145441869086011,2.3043070752305326,2.142007479869199,2.3077414644473446,2.1325550094286094,2.3171939348879342,2.1302655780332627,2.319483366283281
Q_score,0.6,286,Q_x_logN_logD,2.5269,2.64198185156395,-0.11508185156395001,2.5818994418139116,2.7020642613139882,2.5787020729442363,2.7052616301836636,2.562549248491689,2.7214144546362107,2.559114859274877,2.7248488438530227,2.5496623888342875,2.7343013142936123,2.5473729574389408,2.736590745688959
Q_score,0.6,294,Q_x_logN_logD,2.4093,2.390761500664557,0.01853849933544316,2.3306790909145185,2.450843910414595,2.327481722044843,2.4540412792842705,2.311328897592296,2.4701941037368176,2.307894508375484,2.4736284929536296,2.2984420379348944,2.4830809633942192,2.2961526065395477,2.485370394789566
Q_score,0.6,302,Q_x_logN_logD,2.2064,2.276190804089243,-0.06979080408924299,2.2161083943392046,2.336273213839281,2.2129110254695292,2.3394705827089566,2.196758201016982,2.3556234071615036,2.19332381180017,2.3590577963783157,2.1838713413595805,2.3685102668189053,2.1815819099642337,2.370799698214252
Q_score,0.6,310,Q_x_logN_logD,2.2275,2.2204924017921694,0.00700759820783059,2.160409992042131,2.2805748115422078,2.1572126231724558,2.283772180411883,2.1410597987199087,2.29992500486443,2.1376254095030967,2.3033593940812422,2.128172939062507,2.312811864521832,2.1258835076671603,2.3151012959171786
Q_score,0.6,318,Q_x_logN_logD,2.1582,2.1746984803609086,-0.01649848036090873,2.1146160706108703,2.234780890110947,2.111418701741195,2.2379782589806223,2.095265877288648,2.2541310834331694,2.091831488071836,2.2575654726499814,2.082379017631246,2.267017943090571,2.0800895862358995,2.269307374485918
Q_score,0.6,326,Q_x_logN_logD,2.6784,2.5977604862302703,0.08063951376972955,2.537678076480232,2.6578428959803087,2.5344807076105567,2.661040264849984,2.5183278831580096,2.677193089302531,2.5148934939411975,2.680627478519343,2.505441023500608,2.6900799489599327,2.503151592105261,2.6923693803552795
Q_score,0.6,334,Q_x_logN_logD,2.3437,2.3465401353308772,-0.002840135330877125,2.286457725580839,2.4066225450809156,2.2832603567111636,2.409819913950591,2.2671075322586165,2.425972738403138,2.2636731430418044,2.42940712761995,2.254220672601215,2.4388595980605396,2.251931241205868,2.4411490294558864
Q_score,0.6,342,Q_x_logN_logD,2.2154,2.231969438755563,-0.01656943875556305,2.1718870290055245,2.292051848505601,2.168689660135849,2.2952492173752765,2.152536835683302,2.3114020418278236,2.14910244646649,2.3148364310446357,2.1396499760259005,2.3242889014852253,2.1373605446305537,2.326578332880572
Q_score,0.6,350,Q_x_logN_logD,2.1351,2.17627103645849,-0.04117103645848985,2.1161886267084515,2.236353446208528,2.112991257838776,2.2395508150782035,2.096838433386229,2.2557036395307506,2.093404044169417,2.2591380287475626,2.0839515737288274,2.2685904991881523,2.0816621423334807,2.270879930583499
Q_score,0.6,358,Q_x_logN_logD,2.0709,2.130477115027229,-0.059577115027229066,2.0703947052771907,2.1905595247772673,2.0671973364075154,2.1937568936469427,2.0510445119549683,2.2099097180994898,2.0476101227381562,2.213344107316302,2.0381576522975666,2.2227965777568914,2.03586822090222,2.225086009152238
Q_score,0.7,363,Q_x_logN_logD,3.4466,3.3877517998733757,0.058848200126624395,3.3238258980447344,3.451677701702017,3.3228775061011806,3.452626093645571,3.306429174408068,3.4690744253386834,3.3046261224899096,3.470877477256842,3.2902421301396267,3.4852614696071247,3.287779414352616,3.4877241853941356
Q_score,0.7,365,Q_x_logN_logD,3.1419,3.140253367554745,0.0016466324452553138,3.0763274657261035,3.204179269383386,3.0753790737825497,3.20512766132694,3.058930742089437,3.2215759930200525,3.0571276901712787,3.223379044938211,3.042743697820996,3.237763037288494,3.040280982033985,3.2402257530755048
Q_score,0.7,367,Q_x_logN_logD,3.0551,3.0280055853069783,0.02709441469302165,2.964079683478337,3.0919314871356196,2.963131291534783,3.0928798790791734,2.9466829598416706,3.109328210772286,2.944879907923512,3.1111312626904444,2.9304959155732293,3.1255152550407272,2.9280331997862183,3.127977970827738
Q_score,0.7,369,Q_x_logN_logD,2.9398,2.973687697874441,-0.0338876978744409,2.9097617960457995,3.037613599703082,2.9088134041022458,3.038561991646636,2.892365072409133,3.0550103233397485,2.8905620204909748,3.056813375257907,2.876178028140692,3.07119736760819,2.873715312353681,3.073660083395201
Q_score,0.7,371,Q_x_logN_logD,2.9333,2.9292143003428603,0.004085699657139674,2.865288398514219,2.9931402021715017,2.8643400065706652,2.9940885941150555,2.8478916748775527,3.010536925808168,2.8460886229593942,3.0123399777263264,2.8317046306091114,3.0267239700766093,2.8292419148221004,3.0291866858636203
Q_score,0.7,373,Q_x_logN_logD,3.2288,3.157165151930798,0.07163484806920195,3.093239250102157,3.2210910537594395,3.092290858158603,3.2220394457029933,3.0758425264654905,3.238487777396106,3.074039474547332,3.2402908293142643,3.059655482197049,3.254674821664547,3.0571927664100382,3.257137537451558
Q_score,0.7,375,Q_x_logN_logD,2.8275,2.9096667196121673,-0.08216671961216715,2.845740817783526,2.9735926214408086,2.844792425839972,2.9745410133843624,2.8283440941468596,2.990989345077475,2.826541042228701,2.9927923969956334,2.8121570498784183,3.0071763893459162,2.8096943340914073,3.009639105132927
Q_score,0.7,377,Q_x_logN_logD,2.7914,2.7974189373644007,-0.006018937364400845,2.7334930355357594,2.861344839193042,2.7325446435922056,2.862293231136596,2.716096311899093,2.8787415628297084,2.7142932599809346,2.880544614747867,2.6999092676306518,2.8949286070981497,2.697446551843641,2.8973913228851607
Q_score,0.7,379,Q_x_logN_logD,2.7592,2.7431010499318638,0.01609895006813611,2.6791751481032224,2.807026951760505,2.6782267561596687,2.807975343704059,2.661778424466556,2.8244236753971714,2.6599753725483977,2.82622672731533,2.645591380198115,2.8406107196656127,2.643128664411104,2.8430734354526237
Q_score,0.7,381,Q_x_logN_logD,2.6652,2.6986276524002832,-0.033427652400283225,2.634701750571642,2.7625535542289246,2.633753358628088,2.7635019461724784,2.6173050269349756,2.779950277865591,2.615501975016817,2.7817533297837493,2.6011179826665343,2.796137322134032,2.5986552668795233,2.798600037921043
Q_score,0.7,383,Q_x_logN_logD,3.027,2.9585414636039182,0.0684585363960819,2.894615561775277,3.0224673654325596,2.893667169831723,3.0234157573761133,2.8772188381386106,3.039864089069226,2.875415786220452,3.0416671409873843,2.8610317938701693,3.056051133337667,2.8585690780831583,3.058513849124678
Q_score,0.7,385,Q_x_logN_logD,2.6453,2.7110430312852873,-0.06574303128528713,2.647117129456646,2.7749689331139287,2.6461687375130922,2.7759173250574825,2.6297204058199797,2.792365656750595,2.6279173539018212,2.7941687086687534,2.6135333615515384,2.8085527010190363,2.6110706457645274,2.8110154168060473
Q_score,0.7,387,Q_x_logN_logD,2.605,2.598795249037521,0.0062047509624791886,2.5348693472088795,2.662721150866162,2.5339209552653257,2.663669542809716,2.517472623572213,2.6801178745028285,2.5156695716540547,2.681920926420987,2.501285579303772,2.6963049187712698,2.498822863516761,2.6987676345582807
Q_score,0.7,389,Q_x_logN_logD,2.5426,2.544477361604984,-0.0018773616049836406,2.4805514597763425,2.608403263433625,2.4796030678327887,2.609351655377179,2.463154736139676,2.6257999870702915,2.4613516842215177,2.62760303898845,2.446967691871235,2.641987031338733,2.444504976084224,2.6444497471257438
Q_score,0.7,391,Q_x_logN_logD,2.4873,2.5000039640734038,-0.012703964073403906,2.4360780622447624,2.563929865902045,2.4351296703012086,2.564878257845599,2.418681338608096,2.5813265895387114,2.4168782866899376,2.58312964145687,2.402494294339655,2.5975136338071527,2.400031578552644,2.5999763495941637
Q_score,0.7,393,Q_x_logN_logD,2.9524,2.8688913573529233,0.08350864264707658,2.804965455524282,2.9328172591815647,2.804017063580728,2.9337656511251184,2.7875687318876157,2.950213982818231,2.7857656799694572,2.9520170347363894,2.7713816876191744,2.9664010270866723,2.7689189718321634,2.9688637428736833
Q_score,0.7,395,Q_x_logN_logD,2.606,2.6213929250342924,-0.01539292503429257,2.557467023205651,2.6853188268629338,2.5565186312620973,2.6862672188064876,2.540070299568985,2.7027155504996,2.5382672476508263,2.7045186024177585,2.5238832553005435,2.7189025947680414,2.5214205395135325,2.7213653105550524
Q_score,0.7,397,Q_x_logN_logD,2.5081,2.509145142786526,-0.0010451427865256768,2.4452192409578846,2.5730710446151672,2.444270849014331,2.574019436558721,2.4278225173212182,2.5904677682518336,2.42601946540306,2.592270820169992,2.411635473052777,2.606654812520275,2.409172757265766,2.609117528307286
Q_score,0.7,399,Q_x_logN_logD,2.4237,2.454827255353989,-0.031127255353988748,2.3909013535253476,2.5187531571826303,2.389952961581794,2.519701549126184,2.3735046298886813,2.5361498808192966,2.371701577970523,2.537952932737455,2.35731758562024,2.552336925087738,2.354854869833229,2.554799640874749
Q_score,0.7,401,Q_x_logN_logD,2.48,2.4103538578224084,0.06964614217759157,2.346427955993767,2.4742797596510497,2.3454795640502133,2.4752281515946035,2.3290312323571007,2.491676483287716,2.3272281804389423,2.4934795352058745,2.3128441880886594,2.5078635275561574,2.3103814723016485,2.5103262433431683
Q_score,0.7,403,Q_x_logN_logD,2.8028,2.816692211594205,-0.013892211594205062,2.7527663097655637,2.8806181134228463,2.75181791782201,2.8815665053664,2.7353695861288974,2.8980148370595127,2.733566534210739,2.899817888977671,2.719182541860456,2.914201881327954,2.716719826073445,2.916664597114965
Q_score,0.7,405,Q_x_logN_logD,2.5754,2.569193779275574,0.006206220724426004,2.505267877446933,2.6331196811042155,2.504319485503379,2.6340680730477692,2.4878711538102665,2.650516404740882,2.486068101892108,2.6523194566590402,2.471684109541825,2.666703449009323,2.469221393754814,2.669166164796334
Q_score,0.7,407,Q_x_logN_logD,2.4391,2.4569459970278076,-0.01784599702780776,2.3930200951991663,2.520871898856449,2.3920717032556125,2.5218202908000027,2.3756233715625,2.5382686224931152,2.3738203196443415,2.5400716744112737,2.3594363272940586,2.5544556667615566,2.3569736115070477,2.5569183825485675
Q_score,0.7,409,Q_x_logN_logD,2.4565,2.40262810959527,0.05387189040472995,2.338702207766629,2.4665540114239115,2.337753815823075,2.4675024033674653,2.3213054841299625,2.483950735060578,2.319502432211804,2.4857537869787363,2.305118439861521,2.500137779329019,2.3026557240745102,2.50260049511603
Q_score,0.7,411,Q_x_logN_logD,2.359,2.3581547120636897,0.0008452879363103349,2.2942288102350483,2.422080613892331,2.2932804182914945,2.4230290058358848,2.276832086598382,2.4394773375289973,2.2750290346802235,2.4412803894471558,2.2606450423299407,2.4556643817974386,2.2581823265429297,2.4581270975844496
Q_score,0.7,413,Q_x_logN_logD,2.671,2.6934147226404446,-0.02241472264044475,2.6294888208118032,2.757340624469086,2.6285404288682495,2.7582890164126397,2.612092097175137,2.7747373481057522,2.6102890452569785,2.7765404000239107,2.5959050529066956,2.7909243923741935,2.5934423371196846,2.7933871081612045
Q_score,0.7,415,Q_x_logN_logD,2.4459,2.445916290321814,-1.629032181416079e-05,2.381990388493173,2.5098421921504555,2.381041996549619,2.5107905840940092,2.3645936648565065,2.527238915787122,2.362790612938348,2.5290419677052802,2.348406620588065,2.543425960055563,2.345943904801054,2.545888675842574
Q_score,0.7,417,Q_x_logN_logD,2.2944,2.333668508074047,-0.03926850807404714,2.269742606245406,2.3975944099026885,2.268794214301852,2.3985428018462422,2.2523458826087395,2.414991133539355,2.250542830690581,2.4167941854575132,2.236158838340298,2.431178177807796,2.233696122553287,2.433640893594807
Q_score,0.7,419,Q_x_logN_logD,2.2804,2.27935062064151,0.0010493793584900324,2.215424718812869,2.3432765224701515,2.214476326869315,2.3442249144137053,2.1980279951762025,2.360673246106818,2.196224943258044,2.3624762980249763,2.181840950907761,2.376860290375259,2.1793782351207502,2.37932300616227
Q_score,0.7,421,Q_x_logN_logD,2.2877,2.23487722310993,0.05282277689006998,2.1709513212812888,2.2988031249385714,2.170002929337735,2.299751516882125,2.1535545976446224,2.3161998485752378,2.151751545726464,2.318002900493396,2.137367553376181,2.332386892843679,2.13490483758917,2.33484960863069
Q_score,0.7,423,Q_x_logN_logD,2.6349,2.6584947180329035,-0.023594718032903472,2.594568816204262,2.722420619861545,2.5936204242607084,2.7233690118050986,2.577172092567596,2.739817343498211,2.5753690406494374,2.7416203954163696,2.5609850482991545,2.7560043877666525,2.5585223325121436,2.7584671035536634
Q_score,0.7,425,Q_x_logN_logD,2.4309,2.4109962857142726,0.019903714285727236,2.3470703838856313,2.474922187542914,2.3461219919420775,2.4758705794864677,2.329673660248965,2.4923189111795803,2.3278706083308065,2.4941219630977387,2.3134866159805236,2.5085059554480216,2.3110239001935127,2.5109686712350325
Q_score,0.7,427,Q_x_logN_logD,2.3547,2.298748503466506,0.05595149653349374,2.2348226016378647,2.3626744052951474,2.233874209694311,2.363622797238701,2.2174258780011984,2.3800711289318137,2.21562282608304,2.381874180849972,2.201238833732757,2.396258173200255,2.198776117945746,2.398720888987266
Q_score,0.7,429,Q_x_logN_logD,2.2329,2.244430616033969,-0.01153061603396921,2.1805047142053278,2.3083565178626104,2.179556322261774,2.309304909806164,2.1631079905686614,2.3257532414992768,2.161304938650503,2.327556293417435,2.14692094630022,2.341940285767718,2.144458230513209,2.344403001554729
Q_score,0.7,431,Q_x_logN_logD,2.2154,2.199957218502388,0.01544278149761169,2.136031316673747,2.2638831203310295,2.135082924730193,2.2648315122745832,2.1186345930370805,2.281279843967696,2.116831541118922,2.2830828958858542,2.102447548768639,2.297466888236137,2.099984832981628,2.299929604023148
Q_score,0.7,433,Q_x_logN_logD,2.5613,2.6113082276417403,-0.05000822764174018,2.547382325813099,2.6752341294703816,2.546433933869545,2.6761825214139354,2.5299856021764326,2.692630853107048,2.528182550258274,2.6944339050252064,2.5137985579079913,2.7088178973754893,2.5113358421209804,2.7112806131625002
Q_score,0.7,435,Q_x_logN_logD,2.3751,2.3638097953231094,0.011290204676890792,2.299883893494468,2.4277356971517507,2.2989355015509143,2.4286840890953045,2.2824871698578018,2.445132420788417,2.2806841179396433,2.4469354727065755,2.2663001255893604,2.4613194650568584,2.2638374098023495,2.4637821808438694
Q_score,0.7,437,Q_x_logN_logD,2.2344,2.251562013075343,-0.01716201307534293,2.1876361112467015,2.315487914903984,2.1866877193031478,2.316436306847538,2.170239387610035,2.3328846385406505,2.1684363356918768,2.334687690458809,2.154052343341594,2.349071682809092,2.151589627554583,2.351534398596103
Q_score,0.7,439,Q_x_logN_logD,2.1672,2.1972441256428064,-0.030044125642806563,2.133318223814165,2.2611700274714477,2.1323698318706112,2.2621184194150015,2.1159215001774987,2.278566751108114,2.1141184482593403,2.2803698030262725,2.0997344559090574,2.2947537953765553,2.0972717401220464,2.2972165111635663
Q_score,0.7,441,Q_x_logN_logD,2.1051,2.152770728111226,-0.047670728111225635,2.0888448262825845,2.216696629939867,2.0878964343390307,2.217645021883421,2.071448102645918,2.2340933535765335,2.0696450507277597,2.235896405494692,2.055261058377477,2.250280397844975,2.052798342590466,2.2527431136319858
Q_score,0.7,443,Q_x_logN_logD,2.6556,2.570083346599499,0.08551665340050096,2.506157444770858,2.6340092484281405,2.505209052827304,2.6349576403716943,2.4887607211341916,2.651405972064807,2.486957669216033,2.6532090239829653,2.4725736768657502,2.667593016333248,2.4701109610787393,2.670055732120259
Q_score,0.7,445,Q_x_logN_logD,2.2717,2.322584914280869,-0.050884914280869165,2.258659012452228,2.3865108161095105,2.257710620508674,2.3874592080530643,2.2412622888155616,2.403907539746177,2.239459236897403,2.4057105916643353,2.2250752445471202,2.420094584014618,2.2226125287601093,2.422557299801629
Q_score,0.7,447,Q_x_logN_logD,2.2419,2.210337132033102,0.031562867966898,2.1464112302044605,2.274263033861743,2.1454628382609067,2.275211425805297,2.129014506567794,2.2916597574984094,2.1272114546496357,2.293462809416568,2.112827462299353,2.3078468017668508,2.110364746512342,2.3103095175538617
Q_score,0.7,449,Q_x_logN_logD,2.1378,2.1560192446005653,-0.018219244600565343,2.092093342771924,2.2199451464292066,2.09114495082837,2.2208935383727604,2.0746966191352576,2.237341870065873,2.072893567217099,2.2391449219840314,2.0585095748668163,2.2535289143343142,2.0560468590798053,2.255991630121325
Q_score,0.7,451,Q_x_logN_logD,2.0538,2.1115458470689847,-0.05774584706898489,2.0476199452403434,2.175471748897626,2.0466715532967896,2.17642014084118,2.030223221603677,2.1928684725342924,2.0284201696855186,2.194671524452451,2.0140361773352358,2.2090555168027337,2.011573461548225,2.2115182325897447
Q_score,0.8,7,Q_x_logN_logD,3.353,3.328222575034685,0.02477742496531521,3.2659917605995803,3.3904533894697897,3.263862561301222,3.392582588768148,3.2487419303067804,3.4077032197625896,3.245428548465565,3.411016601603805,3.233268517310538,3.4231766327588318,3.233359486187576,3.423085663881794
Q_score,0.8,15,Q_x_logN_logD,3.1431,3.0833287320038174,0.0597712679961826,3.0210979175687127,3.145559546438922,3.0189687182703544,3.1476887457372804,3.003848087275913,3.162809376731722,3.0005347054346974,3.1661227585729375,2.9883746742796706,3.178282789727964,2.9884656431567085,3.1781918208509263
Q_score,0.8,23,Q_x_logN_logD,3.0179,2.973219804096567,0.044680195903433084,2.9109889896614622,3.0354506185316716,2.908859790363104,3.03757981783003,2.8937391593686623,3.0527004488244716,2.890425777527447,3.056013830665687,2.87826574637242,3.0681738618207137,2.878356715249458,3.068082892943676
Q_score,0.8,31,Q_x_logN_logD,2.8391,2.9203044764558133,-0.08120447645581308,2.8580736620207086,2.982535290890918,2.8559444627223503,2.9846644901892763,2.8408238317279086,2.999785121183718,2.837510449886693,3.0030985030249333,2.8253504187316665,3.01525853417996,2.8254413876087043,3.015167565302922
Q_score,0.8,39,Q_x_logN_logD,2.8695,2.877243296157301,-0.007743296157300961,2.815012481722196,2.9394741105924056,2.812883282423838,2.941603309890764,2.7977626514293963,2.9567239408852055,2.794449269588181,2.960037322726421,2.782289238433154,2.9721973538814477,2.782380207310192,2.97210638500441
Q_score,0.8,47,Q_x_logN_logD,3.2072,3.1021044857769557,0.10509551422304408,3.039873671341851,3.1643353002120604,3.0377444720434927,3.1664644995104188,3.022623841049051,3.1815851305048604,3.0193104592078357,3.184898512346076,3.007150428052809,3.1970585435011025,3.007241396929847,3.1969675746240647
Q_score,0.8,55,Q_x_logN_logD,2.894,2.857210642746088,0.03678935725391197,2.7949798283109835,2.919441457181193,2.792850629012625,2.921570656479551,2.7777299980181835,2.9366912874739928,2.774416616176968,2.940004669315208,2.7622565850219414,2.952164700470235,2.7623475538989792,2.952073731593197
Q_score,0.8,63,Q_x_logN_logD,2.725,2.747101714838838,-0.02210171483883805,2.6848709004037334,2.809332529273943,2.682741701105375,2.811461728572301,2.6676210701109335,2.8265823595667428,2.664307688269718,2.829895741407958,2.6521476571146914,2.842055772562985,2.652238625991729,2.841964803685947
Q_score,0.8,71,Q_x_logN_logD,2.6978,2.694186387198084,0.0036136128019159663,2.6319555727629793,2.7564172016331887,2.629826373464621,2.758546400931547,2.6147057424701794,2.7736670319259886,2.611392360628964,2.776980413767204,2.5992323294739372,2.789140444922231,2.599323298350975,2.789049476045193
Q_score,0.8,79,Q_x_logN_logD,2.658,2.6511252068995717,0.006874793100428267,2.588894392464467,2.7133560213346763,2.5867651931661086,2.7154852206330347,2.571644562171667,2.7306058516274763,2.5683311803304516,2.7339192334686917,2.556171149175425,2.7460792646237184,2.5562621180524627,2.7459882957466806
Q_score,0.8,87,Q_x_logN_logD,2.9795,2.909726185554111,0.0697738144458886,2.8474953711190065,2.971956999989216,2.845366171820648,2.9740861992875742,2.8302455408262066,2.989206830282016,2.826932158984991,2.9925202121232313,2.8147721278299644,3.004680243278258,2.8148630967070023,3.00458927440122
Q_score,0.8,95,Q_x_logN_logD,2.6518,2.664832342523244,-0.013032342523243923,2.6026015280881394,2.7270631569583488,2.600472328789781,2.729192356256707,2.5853516977953395,2.7443129872511487,2.582038315954124,2.747626369092364,2.5698782847990973,2.759786400247391,2.569969253676135,2.759695431370353
Q_score,0.8,103,Q_x_logN_logD,2.5539,2.5547234146159936,-0.0008234146159935563,2.492492600180889,2.6169542290510983,2.4903634008825306,2.6190834283494566,2.475242769888089,2.6342040593438982,2.4719293880468736,2.6375174411851137,2.459769356891847,2.6496774723401404,2.4598603257688847,2.6495865034631025
Q_score,0.8,111,Q_x_logN_logD,2.549,2.50180808697524,0.04719191302476,2.4395772725401352,2.5640389014103446,2.437448073241777,2.566168100708703,2.4223274422473353,2.5812887317031445,2.41901406040612,2.58460211354436,2.406854029251093,2.5967621446993867,2.406944998128131,2.596671175822349
Q_score,0.8,119,Q_x_logN_logD,2.4741,2.4587469066767276,0.015353093323272393,2.396516092241623,2.5209777211118323,2.3943868929432646,2.5231069204101906,2.379266261948823,2.538227551404632,2.3759528801076075,2.5415409332458476,2.363792848952581,2.5537009644008744,2.3638838178296186,2.5536099955238365
Q_score,0.8,127,Q_x_logN_logD,2.8692,2.82391963601045,0.04528036398955004,2.7616888215753455,2.886150450445555,2.759559622276987,2.888279649743913,2.7444389912825455,2.9034002807383548,2.74112560944133,2.90671366257957,2.7289655782863034,2.918873693734597,2.7290565471633412,2.918782724857559
Q_score,0.8,135,Q_x_logN_logD,2.6409,2.5790257929795826,0.06187420702041724,2.516794978544478,2.6412566074146873,2.5146657792461196,2.6433858067130456,2.499545148251678,2.658506437707487,2.4962317664104625,2.6618198195487026,2.484071735255436,2.6739798507037293,2.4841627041324736,2.6738888818266915
Q_score,0.8,143,Q_x_logN_logD,2.5043,2.468916865072332,0.03538313492766809,2.4066860506372274,2.531147679507437,2.404556851338869,2.533276878805795,2.3894362203444275,2.5483975098002367,2.386122838503212,2.551710891641452,2.3739628073481853,2.563870922796479,2.374053776225223,2.563779953919441
Q_score,0.8,151,Q_x_logN_logD,2.4416,2.4160015374315784,0.025598462568421798,2.3537707229964737,2.478232351866683,2.3516415236981154,2.4803615511650414,2.336520892703674,2.495482182159483,2.3332075108624584,2.4987955640006985,2.3210474797074316,2.510955595155725,2.3211384485844695,2.5108646262786873
Q_score,0.8,159,Q_x_logN_logD,2.4421,2.372940357133066,0.06915964286693388,2.3107095426979614,2.4351711715681708,2.308580343399603,2.437300370866529,2.2934597124051614,2.4524210018609707,2.290146330563946,2.455734383702186,2.2779862994089193,2.467894414857213,2.278077268285957,2.467803445980175
Q_score,0.8,167,Q_x_logN_logD,2.7546,2.7743449208833537,-0.019744920883353778,2.712114106448249,2.8365757353184584,2.7099849071498907,2.8387049346168167,2.694864276155449,2.8538255656112583,2.6915508943142337,2.8571389474524738,2.679390863159207,2.8692989786075005,2.679481832036245,2.8692080097304626
Q_score,0.8,175,Q_x_logN_logD,2.4922,2.529451077852486,-0.03725107785248616,2.4672202634173814,2.591681892287591,2.465091064119023,2.593811091585949,2.4499704331245815,2.6089317225803907,2.446657051283366,2.612245104421606,2.4344970201283394,2.624405135576633,2.434587989005377,2.624314166699595
Q_score,0.8,183,Q_x_logN_logD,2.3211,2.419342149945236,-0.09824214994523617,2.3571113355101314,2.481572964380341,2.354982136211773,2.483702163678699,2.3398615052173315,2.4988227946731407,2.336548123376116,2.502136176514356,2.3243880922210893,2.514296207669383,2.324479061098127,2.514205238792345
Q_score,0.8,191,Q_x_logN_logD,2.4239,2.3664268223044824,0.05747317769551774,2.3041960078693777,2.428657636739587,2.3020668085710194,2.4307868360379454,2.286946177576578,2.445907467032387,2.2836327957353624,2.4492208488736025,2.2714727645803356,2.461380880028629,2.2715637334573735,2.4612899111515913
Q_score,0.8,199,Q_x_logN_logD,2.3549,2.3233656420059696,0.03153435799403059,2.261134827570865,2.3855964564410743,2.2590056282725066,2.3877256557394326,2.243884997278065,2.4028462867338742,2.2405716154368496,2.4061596685750897,2.228411584281823,2.4183196997301164,2.2285025531588607,2.4182287308530785
Q_score,0.8,207,Q_x_logN_logD,2.651,2.6587460182224083,-0.007746018222408502,2.5965152037873036,2.720976832657513,2.5943860044889453,2.7231060319558713,2.5792653734945037,2.738226662950313,2.5759519916532883,2.7415400447915284,2.5637919604982615,2.753700075946555,2.5638829293752994,2.7536091070695172
Q_score,0.8,215,Q_x_logN_logD,2.3227,2.413852175191541,-0.09115217519154095,2.3516213607564365,2.476082989626646,2.349492161458078,2.478212188925004,2.3343715304636365,2.4933328199194458,2.331058148622421,2.496646201760661,2.3188981174673944,2.508806232915688,2.3189890863444322,2.50871526403865
Q_score,0.8,223,Q_x_logN_logD,2.2577,2.3037432472842907,-0.04604324728429088,2.241512432849186,2.3659740617193954,2.2393832335508277,2.3681032610177537,2.224262602556386,2.3832238920121953,2.2209492207151706,2.3865372738534107,2.208789189560144,2.3986973050084375,2.2088801584371818,2.3986063361313996
Q_score,0.8,231,Q_x_logN_logD,2.2389,2.250827919643537,-0.0119279196435369,2.1885971052084323,2.3130587340786417,2.186467905910074,2.315187933377,2.1713472749156324,2.3303085643714416,2.168033893074417,2.333621946212657,2.1558738619193902,2.345781977367684,2.155964830796428,2.345691008490646
Q_score,0.8,239,Q_x_logN_logD,2.2378,2.2077667393450247,0.030033260654975358,2.14553592490992,2.2699975537801294,2.1434067256115616,2.2721267530784877,2.12828609461712,2.2872473840729293,2.1249727127759046,2.2905607659141447,2.112812681620878,2.3027207970691714,2.1129036504979157,2.3026298281921336
Q_score,0.8,247,Q_x_logN_logD,2.6463,2.6264834557372474,0.0198165442627527,2.5642526413021427,2.688714270172352,2.5621234420037844,2.6908434694707104,2.547002811009343,2.705964100465152,2.5436894291681273,2.7092774823063674,2.5315293980131006,2.721437513461394,2.5316203668901385,2.7213465445843563
Q_score,0.8,255,Q_x_logN_logD,2.4391,2.38158961270638,0.05751038729362001,2.319358798271275,2.4438204271414845,2.317229598972917,2.445949626439843,2.302108967978475,2.4610702574342844,2.2987955861372598,2.4643836392755,2.286635554982233,2.4765436704305266,2.286726523859271,2.4764527015534887
Q_score,0.8,263,Q_x_logN_logD,2.2679,2.27148068479913,-0.003580684799129763,2.209249870364025,2.3337114992342345,2.207120671065667,2.335840698532593,2.192000040071225,2.3509613295270344,2.1886866582300097,2.35427471136825,2.176526627074983,2.3664347425232766,2.176617595952021,2.3663437736462387
Q_score,0.8,271,Q_x_logN_logD,2.1962,2.218565357158376,-0.022365357158375954,2.1563345427232714,2.280796171593481,2.154205343424913,2.282925370891839,2.1390847124304715,2.2980460018862807,2.135771330589256,2.301359383727496,2.1236112994342293,2.313519414882523,2.123702268311267,2.313428446005485
Q_score,0.8,279,Q_x_logN_logD,2.16,2.1755041768598633,-0.015504176859863161,2.1132733624247586,2.237734991294968,2.1111441631264003,2.2398641905933263,2.0960235321319587,2.254984821587768,2.0927101502907433,2.2582982034289834,2.0805501191357165,2.27045823458401,2.0806410880127544,2.2703672657069722
Q_score,0.8,287,Q_x_logN_logD,2.5341,2.583328550746891,-0.04922855074689103,2.5210977363117864,2.6455593651819957,2.518968537013428,2.647688564480354,2.5038479060189864,2.6628091954747957,2.500534524177771,2.666122577316011,2.4883744930227443,2.678282608471038,2.488465461899782,2.678191639594
Q_score,0.8,295,Q_x_logN_logD,2.2784,2.3384347077160235,-0.06003470771602348,2.2762038932809188,2.400665522151128,2.2740746939825605,2.4027947214494865,2.258954062988119,2.417915352443928,2.2556406811469034,2.4212287342851435,2.2434806499918767,2.4333887654401702,2.2435716188689145,2.4332977965631324
Q_score,0.8,303,Q_x_logN_logD,2.2296,2.2283257798087734,0.0012742201912265827,2.1660949653736687,2.290556594243878,2.1639657660753104,2.2926857935422364,2.148845135080869,2.307806424536678,2.1455317532396534,2.3111198063778935,2.1333717220846267,2.3232798375329202,2.1334626909616645,2.3231888686558824
Q_score,0.8,311,Q_x_logN_logD,2.1189,2.1754104521680193,-0.05651045216801931,2.1131796377329146,2.237641266603124,2.1110504384345563,2.2397704659014823,2.0959298074401147,2.254891096895924,2.0926164255988993,2.2582044787371394,2.0804563944438725,2.270364509892166,2.0805473633209104,2.2702735410151282
Q_score,0.8,319,Q_x_logN_logD,2.1315,2.132349271869507,-0.0008492718695070067,2.0701184574344023,2.1945800863046117,2.067989258136044,2.19670928560297,2.0528686271416023,2.2118299165974116,2.049555245300387,2.215143298438627,2.03739521414536,2.2273033295936537,2.037486183022398,2.227212360716616
Q_score,0.8,327,Q_x_logN_logD,2.6185,2.5461236163675296,0.07237638363247045,2.483892801932425,2.6083544308026343,2.4817636026340666,2.6104836301009926,2.466642971639625,2.625604261095434,2.4633295897984095,2.6289176429366496,2.451169558643383,2.6410776740916764,2.4512605275204207,2.6409867052146385
Q_score,0.8,335,Q_x_logN_logD,2.2204,2.3012297733366625,-0.0808297733366623,2.2389989589015578,2.363460587771767,2.2368697596031994,2.3655897870701255,2.221749128608758,2.380710418064567,2.2184357467675424,2.3840237999057825,2.2062757156125157,2.3961838310608092,2.2063666844895535,2.3960928621837714
Q_score,0.8,343,Q_x_logN_logD,2.2885,2.191120845429412,0.09737915457058799,2.1288900309943073,2.2533516598645167,2.126760831695949,2.255480859162875,2.1116402007015074,2.2706014901573166,2.108326818860292,2.273914871998532,2.096166787705265,2.2860749031535588,2.096257756582303,2.285983934276521
Q_score,0.8,351,Q_x_logN_logD,2.1274,2.1382055177886583,-0.010805517788658126,2.0759747033535536,2.200436332223763,2.0738455040551953,2.2025655315221213,2.0587248730607537,2.217686162516563,2.0554114912195383,2.2209995443577784,2.0432514600645115,2.233159575512805,2.0433424289415494,2.2330686066357672
Q_score,0.8,359,Q_x_logN_logD,2.0161,2.0951443374901455,-0.07904433749014572,2.032913523055041,2.15737515192525,2.0307843237566825,2.1595043512236085,2.015663692762241,2.17462498221805,2.0123503109210255,2.1779383640592656,2.0001902797659987,2.1900983952142923,2.0002812486430366,2.1900074263372544
Q_score,0.9,8,Q_x_logN_logD,3.2211,3.292816121422969,-0.07171612142296935,3.2300627460358062,3.355569496810132,3.229152249349889,3.356479993496049,3.21215456960727,3.373477673238668,3.2110095194105477,3.3746227234353907,3.2002424546012285,3.38538978824471,3.1961910493297907,3.3894411935161477
Q_score,0.9,16,Q_x_logN_logD,3.0628,3.0453191812420433,0.01748081875795693,2.9825658058548803,3.1080725566292062,2.9816553091689633,3.1089830533151233,2.9646576294263443,3.1259807330577423,2.9635125792296217,3.1271257832544648,2.9527455144203025,3.137892848063784,2.9486941091488648,3.1419442533352218
Q_score,0.9,24,Q_x_logN_logD,2.7658,2.9365640234608112,-0.1707640234608112,2.8738106480736483,2.999317398847974,2.8729001513877312,3.0002278955338912,2.8559024716451122,3.0172255752765103,2.8547574214483897,3.0183706254732328,2.8439903566390705,3.029137690282552,2.8399389513676327,3.0331890955539897
Q_score,0.9,32,Q_x_logN_logD,2.858,2.885168121737468,-0.027168121737467743,2.822414746350305,2.947921497124631,2.821504249664388,2.948831993810548,2.804506569921769,2.965829673553167,2.8033615197250463,2.9669747237498894,2.792594454915727,2.9777417885592086,2.7885430496442893,2.9817931938306463
Q_score,0.9,40,Q_x_logN_logD,2.8303,2.8439206156310335,-0.013620615631033672,2.7811672402438705,2.9066739910181965,2.7802567435579535,2.9075844877041135,2.7632590638153345,2.9245821674467325,2.762114013618612,2.925727217643455,2.7513469488092928,2.936494282452774,2.747295543537855,2.940545687724212
Q_score,0.9,48,Q_x_logN_logD,3.0024,3.069006064999947,-0.06660606499994692,3.006252689612784,3.13175944038711,3.005342192926867,3.132669937073027,2.988344513184248,3.149667616815646,2.9871994629875256,3.1508126670123686,2.9764323981782064,3.161579731821688,2.9723809929067686,3.1656311370931256
Q_score,0.9,56,Q_x_logN_logD,2.6326,2.8215091248190216,-0.18890912481902156,2.7587557494318586,2.8842625002061846,2.7578452527459416,2.8851729968921016,2.7408475730033226,2.9021706766347206,2.7397025228066,2.903315726831443,2.728935457997281,2.9140827916407623,2.724884052725843,2.9181341969122
Q_score,0.9,64,Q_x_logN_logD,2.7204,2.712753967037789,0.007646032962211002,2.650000591650626,2.775507342424952,2.649090094964709,2.776417839110869,2.63209241522209,2.793415518853488,2.6309473650253676,2.7945605690502107,2.6201803002160484,2.80532763385953,2.6161288949446106,2.8093790391309676
Q_score,0.9,72,Q_x_logN_logD,2.6348,2.6613580653144457,-0.026558065314445933,2.5986046899272828,2.7241114407016087,2.5976941932413657,2.7250219373875257,2.5806965134987467,2.7420196171301447,2.5795514633020242,2.7431646673268673,2.568784398492705,2.7539317321361865,2.5647329932212672,2.7579831374076242
Q_score,0.9,80,Q_x_logN_logD,2.5923,2.6201105592080114,-0.027810559208011565,2.5573571838208484,2.6828639345951744,2.5564466871349314,2.6837744312810914,2.5394490073923124,2.7007721110237104,2.53830395719559,2.701917161220433,2.5275368923862707,2.712684226029752,2.523485487114833,2.71673563130119
Q_score,0.9,88,Q_x_logN_logD,2.8227,2.877404415033105,-0.05470441503310486,2.814651039645942,2.940157790420268,2.813740542960025,2.941068287106185,2.796742863217406,2.958065966848804,2.7955978130206836,2.9592110170455266,2.7848307482113643,2.969978081854846,2.7807793429399266,2.9740294871262836
Q_score,0.9,96,Q_x_logN_logD,2.6355,2.629907474852179,0.005592525147820826,2.567154099465016,2.692660850239342,2.566243602779099,2.693571346925259,2.54924592303648,2.710569026667878,2.5481008728397576,2.7117140768646006,2.5373338080304384,2.72248114167392,2.5332824027590006,2.7265325469453576
Q_score,0.9,104,Q_x_logN_logD,2.5112,2.521152317070947,-0.009952317070947014,2.458398941683784,2.58390569245811,2.457488444997867,2.584816189144027,2.440490765255248,2.601813868886646,2.4393457150585256,2.6029589190833686,2.4285786502492064,2.613725983892688,2.4245272449777686,2.6177773891641256
Q_score,0.9,112,Q_x_logN_logD,2.432,2.4697564153476037,-0.03775641534760377,2.4070030399604407,2.5325097907347667,2.4060925432745237,2.5334202874206837,2.3890948635319047,2.5504179671633027,2.387949813335182,2.551563017360025,2.377182748525863,2.5623300821693444,2.373131343254425,2.566381487440782
Q_score,0.9,120,Q_x_logN_logD,2.471,2.4285089092411694,0.04249109075883073,2.3657555338540064,2.4912622846283323,2.3648450371680894,2.4921727813142494,2.3478473574254703,2.5091704610568684,2.346702307228748,2.510315511253591,2.3359352424194286,2.52108257606291,2.331883837147991,2.525133981334348
Q_score,0.9,128,Q_x_logN_logD,2.7928,2.7916915720614606,0.0011084279385396023,2.7289381966742976,2.8544449474486235,2.7280276999883806,2.8553554441345406,2.7110300202457616,2.8723531238771596,2.709884970049039,2.873498174073882,2.69911790523972,2.8842652388832013,2.695066499968282,2.888316644154639
Q_score,0.9,136,Q_x_logN_logD,2.5496,2.5441946318805346,0.005405368119465237,2.4814412564933717,2.6069480072676976,2.4805307598074546,2.6078585039536146,2.4635330800648356,2.6248561836962336,2.462388029868113,2.626001233892956,2.451620965058794,2.6367682987022754,2.447569559787356,2.640819703973713
Q_score,0.9,144,Q_x_logN_logD,2.4035,2.4354394740993026,-0.03193947409930242,2.3726860987121396,2.4981928494864656,2.3717756020262226,2.4991033461723826,2.3547779222836036,2.5161010259150016,2.353632872086881,2.517246076111724,2.342865807277562,2.5280131409210433,2.338814402006124,2.532064546192481
Q_score,0.9,152,Q_x_logN_logD,2.4128,2.384043572375959,0.028756427624040626,2.3212901969887962,2.446796947763122,2.320379700302879,2.447707444449039,2.30338202056026,2.464705124191658,2.3022369703635377,2.4658501743883807,2.2914699055542185,2.4766172391977,2.2874185002827807,2.4806686444691377
Q_score,0.9,160,Q_x_logN_logD,2.2624,2.342796066269525,-0.08039606626952489,2.280042690882362,2.405549441656688,2.279132194196445,2.406459938342605,2.262134514453826,2.423457618085224,2.2609894642571033,2.4246026682819464,2.250222399447784,2.4353697330912656,2.2461709941763464,2.4394211383627034
Q_score,0.9,168,Q_x_logN_logD,2.7505,2.742152400893849,0.008347599106151016,2.679399025506686,2.804905776281012,2.678488528820769,2.805816272966929,2.66149084907815,2.822813952709548,2.6603457988814276,2.8239590029062707,2.6495787340721084,2.83472606771559,2.6455273288006707,2.8387774729870277
Q_score,0.9,176,Q_x_logN_logD,2.5805,2.4946554607129237,0.08584453928707614,2.4319020853257607,2.5574088361000866,2.4309915886398437,2.5583193327860037,2.4139939088972246,2.5753170125286227,2.412848858700502,2.576462062725345,2.402081793891183,2.5872291275346644,2.398030388619745,2.591280532806102
Q_score,0.9,184,Q_x_logN_logD,2.3833,2.3859003029316916,-0.002600302931691445,2.3231469275445287,2.4486536783188546,2.3222364308586116,2.4495641750047716,2.3052387511159926,2.4665618547473906,2.30409370091927,2.467706904944113,2.293326636109951,2.4784739697534324,2.289275230838513,2.48252537502487
Q_score,0.9,192,Q_x_logN_logD,2.2509,2.334504401208348,-0.08360440120834767,2.271751025821185,2.3972577765955108,2.270840529135268,2.398168273281428,2.253842849392649,2.415165953024047,2.2526977991959263,2.4163110032207693,2.241930734386607,2.4270780680300885,2.2378793291151693,2.4311294733015263
Q_score,0.9,200,Q_x_logN_logD,2.2636,2.293256895101914,-0.02965689510191405,2.230503519714751,2.356010270489077,2.229593023028834,2.356920767174994,2.212595343286215,2.373918446917613,2.2114502930894924,2.3750634971143354,2.200683228280173,2.3858305619236546,2.1966318230087354,2.3898819671950924
Q_score,0.9,208,Q_x_logN_logD,2.6397,2.626867697652606,0.012832302347393743,2.5641143222654432,2.689621073039769,2.563203825579526,2.690531569725686,2.546206145836907,2.707529249468305,2.5450610956401847,2.7086742996650277,2.5342940308308655,2.719441364474347,2.5302426255594277,2.7234927697457847
Q_score,0.9,216,Q_x_logN_logD,2.3871,2.3793707574716807,0.007729242528319524,2.3166173820845177,2.4421241328588437,2.3157068853986007,2.4430346295447607,2.2987092056559817,2.4600323092873797,2.297564155459259,2.461177359484102,2.28679709064994,2.4719444242934214,2.282745685378502,2.475995829564859
Q_score,0.9,224,Q_x_logN_logD,2.2652,2.2706155996904487,-0.00541559969044858,2.2078622243032857,2.3333689750776117,2.2069517276173687,2.3342794717635287,2.1899540478747497,2.3512771515061477,2.188808997678027,2.35242220170287,2.178041932868708,2.3631892665121894,2.17399052759727,2.367240671783627
Q_score,0.9,232,Q_x_logN_logD,2.2601,2.219219697967105,0.040880302032895166,2.156466322579942,2.281973073354268,2.155555825894025,2.282883570040185,2.138558146151406,2.299881249782804,2.1374130959546833,2.3010262999795263,2.126646031145364,2.3117933647888456,2.1225946258739263,2.3158447700602833
Q_score,0.9,240,Q_x_logN_logD,2.1287,2.177972191860671,-0.04927219186067111,2.115218816473508,2.240725567247834,2.114308319787591,2.241636063933751,2.097310640044972,2.25863374367637,2.0961655898482494,2.2597787938730924,2.08539852503893,2.2705458586824117,2.0813471197674924,2.2745972639538494
Q_score,0.9,248,Q_x_logN_logD,2.6487,2.5948559495868313,0.05384405041316853,2.5321025741996683,2.6576093249739943,2.5311920775137513,2.6585198216599113,2.5141943977711323,2.6755175014025303,2.51304934757441,2.676662551599253,2.5022822827650906,2.687429616408572,2.498230877493653,2.69148102168001
Q_score,0.9,256,Q_x_logN_logD,2.3223,2.3473590094059054,-0.025059009405905552,2.2846056340187424,2.4101123847930683,2.2836951373328254,2.4110228814789854,2.2666974575902064,2.4280205612216044,2.265552407393484,2.429165611418327,2.2547853425841646,2.439932676227646,2.250733937312727,2.443984081499084
Q_score,0.9,264,Q_x_logN_logD,2.2339,2.2386038516246733,-0.004703851624673128,2.1758504762375104,2.3013572270118363,2.1749399795515933,2.3022677236977533,2.1579422998089743,2.3192654034403724,2.156797249612252,2.320410453637095,2.1460301848029326,2.331177518446414,2.141978779531495,2.335228923717852
Q_score,0.9,272,Q_x_logN_logD,2.1753,2.18720794990133,-0.011907949901329928,2.124454574514167,2.249961325288493,2.12354407782825,2.25087182197441,2.106546398085631,2.267869501717029,2.1054013478889084,2.2690145519137515,2.094634283079589,2.2797816167230707,2.0905828778081514,2.2838330219945084
Q_score,0.9,280,Q_x_logN_logD,2.1978,2.145960443794895,0.05183955620510483,2.083207068407732,2.208713819182058,2.082296571721815,2.209624315867975,2.065298891979196,2.226621995610594,2.0641538417824736,2.2277670458073167,2.0533867769731544,2.238534110616636,2.0493353717017166,2.2425855158880736
Q_score,0.9,288,Q_x_logN_logD,2.5395,2.5522719670782013,-0.012771967078201385,2.4895185916910383,2.615025342465364,2.4886080950051213,2.6159358391512813,2.4716104152625022,2.6329335188939003,2.4704653650657797,2.6340785690906228,2.4596983002564605,2.644845633899942,2.4556468949850228,2.6488970391713798
Q_score,0.9,296,Q_x_logN_logD,2.347,2.3047750268972753,0.04222497310272466,2.2420216515101123,2.3675284022844383,2.2411111548241953,2.3684388989703553,2.2241134750815763,2.3854365787129743,2.222968424884854,2.386581628909697,2.2122013600755346,2.397348693719016,2.208149954804097,2.401400098990454
Q_score,0.9,304,Q_x_logN_logD,2.2482,2.1960198691160433,0.0521801308839569,2.1332664937288803,2.2587732445032063,2.1323559970429633,2.2596837411891233,2.1153583173003443,2.2766814209317423,2.114213267103622,2.277826471128465,2.1034462022943026,2.288593535937784,2.099394797022865,2.292644941209222
Q_score,0.9,312,Q_x_logN_logD,2.1052,2.1446239673927,-0.03942396739269993,2.081870592005537,2.207377342779863,2.08096009531962,2.20828783946578,2.063962415577001,2.225285519208399,2.0628173653802784,2.2264305694051214,2.052050300570959,2.2371976342144406,2.0479988952995214,2.2412490394858784
Q_score,0.9,320,Q_x_logN_logD,2.0744,2.103376461286265,-0.028976461286265298,2.040623085899102,2.166129836673428,2.039712589213185,2.167040333359345,2.022714909470566,2.184038013101964,2.0215698592738436,2.1851830632986866,2.0108027944645244,2.195950128108006,2.0067513891930866,2.2000015333794436
Q_score,0.9,328,Q_x_logN_logD,2.4891,2.515895490756661,-0.02679549075666099,2.453142115369498,2.578648866143824,2.452231618683581,2.579559362829741,2.435233938940962,2.59655704257236,2.4340888887442396,2.5977020927690826,2.4233218239349203,2.608469157578402,2.4192704186634826,2.6125205628498396
Q_score,0.9,336,Q_x_logN_logD,2.296,2.2683985505757356,0.027601449424264235,2.2056451751885726,2.3311519259628986,2.2047346785026556,2.3320624226488156,2.1877369987600366,2.3490601023914346,2.186591948563314,2.350205152588157,2.175824883753995,2.3609722173974763,2.171773478482557,2.365023622668914
Q_score,0.9,344,Q_x_logN_logD,2.1844,2.1596433927945036,0.02475660720549655,2.0968900174073406,2.2223967681816665,2.0959795207214236,2.2233072648675836,2.0789818409788046,2.2403049446102026,2.077836790782082,2.241449994806925,2.067069725972763,2.2522170596162443,2.063018320701325,2.256268464887682
Q_score,0.9,352,Q_x_logN_logD,2.2077,2.1082474910711597,0.09945250892884028,2.0454941156839967,2.1710008664583227,2.0445836189980797,2.1719113631442397,2.0275859392554607,2.1889090428868587,2.026440889058738,2.1900540930835812,2.015673824249419,2.2008211578929004,2.011622418977981,2.204872563164338
Q_score,0.9,360,Q_x_logN_logD,2.0573,2.066999984964726,-0.009699984964725683,2.004246609577563,2.129753360351889,2.003336112891646,2.130663857037806,1.9863384331490268,2.147661536780425,1.9851933829523043,2.1488065869771473,1.974426318142985,2.1595736517864665,1.9703749128715473,2.1636250570579043
Q_score,1.0,9,Q_x_logN_logD,3.1125,3.2220137562572395,-0.10951375625723969,3.160637551059642,3.283389961454837,3.1585339778705244,3.2854935346439547,3.1446812953505376,3.2993462171639414,3.1426177046116672,3.301409807902812,3.1299090821254407,3.3141184303890383,3.128172583096411,3.315854929418068
Q_score,1.0,17,Q_x_logN_logD,2.9922,2.9713197901552855,0.020880209844714503,2.909943584957688,3.032695995352883,2.9078400117685703,3.0347995685420006,2.8939873292485836,3.0486522510619873,2.891923738509713,3.0507158418008578,2.8792151160234867,3.0634244642870843,2.877478616994457,3.065160963316114
Q_score,1.0,25,Q_x_logN_logD,2.9653,2.8638684344411205,0.10143156555887956,2.802492229243523,2.925244639638718,2.8003886560544053,2.9273482128278356,2.7865359735344186,2.9412008953478224,2.784472382795548,2.9432644860866928,2.7717637603093217,2.9559731085729193,2.770027261280292,2.957709607601949
Q_score,1.0,33,Q_x_logN_logD,2.837,2.813995911845963,0.023004088154037206,2.7526197066483653,2.8753721170435607,2.750516133459248,2.877475690232678,2.736663450939261,2.891328372752665,2.7345998602003907,2.8933919634915353,2.721891237714164,2.9061005859777618,2.7201547386851344,2.9078370850067916
Q_score,1.0,41,Q_x_logN_logD,2.747,2.7745621954679875,-0.02756219546798766,2.71318599027039,2.8359384006655852,2.7110824170812724,2.8380419738547027,2.6972297345612857,2.8518946563746894,2.6951661438224153,2.85395824711356,2.6824575213361888,2.8666668695997863,2.680721022307159,2.868403368628816
Q_score,1.0,49,Q_x_logN_logD,3.0121,3.005989165148526,0.006110834851474234,2.9446129599509283,3.0673653703461237,2.942509386761811,3.069468943535241,2.928656704241824,3.083321626055228,2.9265931135029537,3.0853852167940983,2.913884491016727,3.098093839280325,2.9121479919876974,3.0998303383093546
Q_score,1.0,57,Q_x_logN_logD,2.793,2.755295199046572,0.03770480095342821,2.6939189938489743,2.8166714042441696,2.691815420659857,2.818774977433287,2.67796273813987,2.832627659953274,2.6758991474009997,2.8346912506921442,2.663190524914773,2.8473998731783707,2.6614540258857433,2.8491363722074006
Q_score,1.0,65,Q_x_logN_logD,2.6657,2.647843843332407,0.017856156667593215,2.5864676381348093,2.7092200485300046,2.584364064945692,2.711323621719122,2.570511382425705,2.725176304239109,2.5684477916868347,2.7272398949779793,2.555739169200608,2.7399485174642058,2.5540026701715783,2.7416850164932356
Q_score,1.0,73,Q_x_logN_logD,2.6071,2.5979713207372495,0.009128679262750516,2.536595115539652,2.659347525934847,2.5344915423505343,2.6614510991239646,2.5206388598305476,2.6753037816439513,2.518575269091677,2.6773673723828217,2.5058666466054507,2.6900759948690482,2.504130147576421,2.691812493898078
Q_score,1.0,81,Q_x_logN_logD,2.5781,2.558537604359274,0.019562395640726038,2.4971613991616763,2.6199138095568717,2.495057825972559,2.622017382745989,2.481205143452572,2.635870065265976,2.4791415527137017,2.6379336560048463,2.4664329302274752,2.650642278491073,2.4646964311984454,2.6523787775201026
Q_score,1.0,89,Q_x_logN_logD,2.9558,2.825205583900701,0.1305944160992989,2.7638293787031034,2.8865817890982988,2.761725805513986,2.8886853622874162,2.747873122993999,2.902538044807403,2.745809532255129,2.9046016355462734,2.7331009097689023,2.9173102580325,2.7313644107398725,2.9190467570615297
Q_score,1.0,97,Q_x_logN_logD,2.6047,2.574511617798747,0.03018838220125275,2.5131354126011494,2.6358878229963447,2.511031839412032,2.637991396185462,2.497179156892045,2.651844078705449,2.4951155661531748,2.6539076694443193,2.4824069436669483,2.666616291930546,2.4806704446379184,2.6683527909595757
Q_score,1.0,105,Q_x_logN_logD,2.4068,2.467060262084582,-0.06026026208458202,2.4056840568869844,2.5284364672821797,2.403580483697867,2.530540040471297,2.38972780117788,2.544392722991284,2.38766421043901,2.5464563137301544,2.3749555879527833,2.559164936216381,2.3732190889237534,2.5609014352454107
Q_score,1.0,113,Q_x_logN_logD,2.3791,2.4171877394894246,-0.038087739489424344,2.355811534291827,2.4785639446870222,2.3537079611027094,2.4806675178761397,2.3398552785827227,2.4945202003961264,2.3377916878438523,2.496583791134997,2.3250830653576258,2.5092924136212233,2.323346566328596,2.511028912650253
Q_score,1.0,121,Q_x_logN_logD,2.3932,2.377754023111449,0.015445976888551094,2.3163778179138514,2.439130228309047,2.314274244724734,2.4412338014981643,2.3004215622047473,2.455086484018151,2.298357971465877,2.4571500747570214,2.2856493489796503,2.469858697243248,2.2839128499506205,2.4715951962722778
Q_score,1.0,129,Q_x_logN_logD,2.8304,2.7460218970271386,0.08437810297286141,2.684645691829541,2.8073981022247363,2.6825421186404235,2.8095016754138538,2.6686894361204367,2.8233543579338405,2.6666258453815663,2.825417948672711,2.65391722289534,2.8381265711589374,2.65218072386631,2.8398630701879672
Q_score,1.0,137,Q_x_logN_logD,2.5581,2.4953279309251846,0.06277206907481547,2.433951725727587,2.5567041361227822,2.4318481525384694,2.5588077093118997,2.4179954700184827,2.5726603918318864,2.4159318792796123,2.574723982570757,2.4032232567933858,2.5874326050569834,2.401486757764356,2.589169104086013
Q_score,1.0,145,Q_x_logN_logD,2.3542,2.3878765752110196,-0.03367657521101952,2.326500370013422,2.4492527804086173,2.3243967968243044,2.4513563535977347,2.3105441143043177,2.4652090361177215,2.3084805235654473,2.467272626856592,2.295771901079221,2.4799812493428184,2.294035402050191,2.481717748371848
Q_score,1.0,153,Q_x_logN_logD,2.3149,2.338004052615862,-0.023104052615861903,2.2766278474182644,2.3993802578134598,2.274524274229147,2.4014838310025772,2.26067159170916,2.415336513522564,2.25860800097029,2.4174001042614344,2.2458993784840633,2.430108726747661,2.2441628794550335,2.4318452257766907
Q_score,1.0,161,Q_x_logN_logD,2.3039,2.2985703362378866,0.005329663762113412,2.237194131040289,2.3599465414354843,2.2350905578511715,2.362050114624602,2.2212378753311848,2.3759027971445885,2.2191742845923144,2.377966387883459,2.206465662106088,2.3906750103696854,2.204729163077058,2.3924115093987153
Q_score,1.0,169,Q_x_logN_logD,2.6827,2.700871648270388,-0.018171648270387752,2.63949544307279,2.7622478534679855,2.6373918698836727,2.764351426657103,2.623539187363686,2.7782041091770897,2.6214755966248156,2.78026769991596,2.608766974138589,2.7929763224021866,2.607030475109559,2.7947128214312165
Q_score,1.0,177,Q_x_logN_logD,2.5615,2.450177682168434,0.11132231783156632,2.388801476970836,2.5115538873660315,2.3866979037817186,2.513657460555149,2.372845221261732,2.5275101430751357,2.3707816305228615,2.529573733814006,2.358073008036635,2.5422823563002326,2.356336509007605,2.5440188553292624
Q_score,1.0,185,Q_x_logN_logD,2.334,2.342726326454269,-0.00872632645426874,2.281350121256671,2.4041025316518665,2.2792465480675537,2.406206104840984,2.265393865547567,2.4200587873609707,2.2633302748086965,2.422122378099841,2.25062165232247,2.4348310005860676,2.24888515329344,2.4365674996150974
Q_score,1.0,193,Q_x_logN_logD,2.342,2.2928538038591113,0.049146196140888776,2.2314775986615136,2.354230009056709,2.229374025472396,2.3563335822458265,2.2155213429524094,2.370186264765813,2.213457752213539,2.3722498555046836,2.2007491297273125,2.38495847799091,2.1990126306982827,2.38669497701994
Q_score,1.0,201,Q_x_logN_logD,2.2915,2.253420087481136,0.03807991251886422,2.192043882283538,2.3147962926787335,2.1899403090944207,2.316899865867851,2.176087626574434,2.3307525483878377,2.1740240358355636,2.332816139126708,2.161315413349337,2.3455247616129347,2.1595789143203072,2.3472612606419645
Q_score,1.0,209,Q_x_logN_logD,2.484,2.5980692657532427,-0.11406926575324272,2.536693060555645,2.6594454709508404,2.5345894873665276,2.661549044139958,2.520736804846541,2.6754017266599446,2.5186732141076704,2.677465317398815,2.505964591621444,2.6901739398850415,2.504228092592414,2.6919104389140713
Q_score,1.0,217,Q_x_logN_logD,2.2984,2.3473752996512887,-0.04897529965128866,2.285999094453691,2.4087515048488863,2.2838955212645735,2.410855078038004,2.270042838744587,2.4247077605579905,2.2679792480057164,2.426771351296861,2.25527062551949,2.4394799737830875,2.25353412649046,2.4412164728121173
Q_score,1.0,225,Q_x_logN_logD,2.2464,2.2399239439371237,0.0064760560628762676,2.178547738739526,2.3013001491347214,2.1764441655504085,2.303403722323839,2.162591483030422,2.3172564048438256,2.1605278922915514,2.319319995582696,2.147819269805325,2.3320286180689225,2.146082770776295,2.3337651170979523
Q_score,1.0,233,Q_x_logN_logD,2.1271,2.190051421341966,-0.06295142134196618,2.1286752161443685,2.251427626539564,2.126571642955251,2.2535311997286813,2.1127189604352643,2.267383882248668,2.110655369696394,2.2694474729875385,2.0979467472101674,2.282156095473765,2.0962102481811375,2.283892594502795
Q_score,1.0,241,Q_x_logN_logD,2.1935,2.1506177049639907,0.042882295036009044,2.089241499766393,2.2119939101615884,2.0871379265772756,2.214097483350706,2.073285244057289,2.2279501658706926,2.0712216533184185,2.230013756609563,2.058513030832192,2.2427223790957895,2.056776531803162,2.2444588781248194
Q_score,1.0,249,Q_x_logN_logD,2.4852,2.57024484833567,-0.08504484833567005,2.5088686431380722,2.6316210535332676,2.5067650699489548,2.633724626722385,2.492912387428968,2.647577309242372,2.4908487966900976,2.649640899981242,2.478140174203871,2.6623495224674687,2.4764036751748413,2.6640860214964985
Q_score,1.0,257,Q_x_logN_logD,2.4105,2.319550882233716,0.090949117766284,2.258174677036118,2.3809270874313135,2.2560711038470007,2.383030660620431,2.242218421327014,2.3968833431404177,2.2401548305881436,2.398946933879288,2.227446208101917,2.4116555563655147,2.2257097090728872,2.4133920553945445
Q_score,1.0,265,Q_x_logN_logD,2.2102,2.212099526519551,-0.0018995265195509425,2.150723321321953,2.2734757317171486,2.1486197481328357,2.275579304906266,2.134767065612849,2.2894319874262528,2.1327034748739786,2.291495578165123,2.119994852387752,2.3042042006513497,2.1182583533587223,2.3059406996803795
Q_score,1.0,273,Q_x_logN_logD,2.1975,2.1622270039243934,0.03527299607560641,2.1008507987267957,2.223603209121991,2.0987472255376782,2.2257067823111085,2.0848945430176915,2.2395594648310952,2.082830952278821,2.2416230555699657,2.0701223297925946,2.254331678056192,2.0683858307635647,2.256068177085222
Q_score,1.0,281,Q_x_logN_logD,2.1107,2.1227932875464184,-0.012093287546418363,2.0614170823488207,2.184169492744016,2.0593135091597032,2.1862730659331335,2.0454608266397165,2.2001257484531203,2.043397235900846,2.2021893391919907,2.0306886134146196,2.214897961678217,2.0289521143855898,2.216634460707247
Q_score,1.0,289,Q_x_logN_logD,2.4679,2.5338769341251983,-0.06597693412519812,2.4725007289276006,2.595253139322796,2.470397155738483,2.5973567125119135,2.4565444732184964,2.6112093950319,2.454480882479626,2.6132729857707706,2.4417722599933995,2.625981608256997,2.4400357609643697,2.627718107286027
Q_score,1.0,297,Q_x_logN_logD,2.2632,2.2831829680232443,-0.019982968023244396,2.2218067628256466,2.344559173220842,2.219703189636529,2.3466627464099594,2.2058505071165424,2.360515428929946,2.203786916377672,2.3625790196688166,2.1910782938914455,2.375287642155043,2.1893417948624156,2.377024141184073
Q_score,1.0,305,Q_x_logN_logD,2.1506,2.1757316123090793,-0.025131612309079454,2.1143554071114816,2.237107817506677,2.112251833922364,2.2392113906957944,2.0983991514023774,2.253064073215781,2.096335560663507,2.2551276639546516,2.0836269381772805,2.267836286440878,2.0818904391482507,2.269572785469908
Q_score,1.0,313,Q_x_logN_logD,2.1363,2.125859089713922,0.010440910286078076,2.064482884516324,2.1872352949115195,2.0623793113272066,2.189338868100637,2.04852662880722,2.2031915506206237,2.0464630380683495,2.205255141359494,2.033754415582123,2.2179637638457206,2.032017916553093,2.2197002628747504
Q_score,1.0,321,Q_x_logN_logD,2.0492,2.0864253733359464,-0.03722537333594644,2.0250491681383487,2.147801578533544,2.022945594949231,2.1499051517226615,2.0090929124292445,2.1637578342426482,2.007029321690374,2.1658214249815186,1.9943206992041476,2.178530047467745,1.9925842001751177,2.180266546496775
Q_score,1.0,329,Q_x_logN_logD,2.4184,2.5035310455314175,-0.08513104553141737,2.44215484033382,2.564907250729015,2.4400512671447023,2.5670108239181326,2.4261985846247156,2.5808635064381193,2.424134993885845,2.5829270971769898,2.4114263713996187,2.5956357196632163,2.409689872370589,2.597372218692246
Q_score,1.0,337,Q_x_logN_logD,2.3439,2.2528370794294634,0.09106292057053667,2.1914608742318658,2.314213284627061,2.1893573010427483,2.3163168578161786,2.1755046185227616,2.3301695403361653,2.173441027783891,2.3322331310750357,2.1607324052976646,2.344941753561262,2.158995906268635,2.346678252590292
Q_score,1.0,345,Q_x_logN_logD,2.2045,2.1453857237152985,0.05911427628470145,2.0840095185177008,2.206761928912896,2.0819059453285833,2.2088655021020136,2.0680532628085966,2.2227181846220003,2.065989672069726,2.2247817753608707,2.0532810495834997,2.2374903978470972,2.05154455055447,2.239226896876127
Q_score,1.0,353,Q_x_logN_logD,2.0939,2.095513201120141,-0.0016132011201408503,2.0341369959225433,2.1568894063177386,2.032033422733426,2.158992979506856,2.018180740213439,2.172845662026843,2.0161171494745687,2.1749092527657132,2.003408526988342,2.1876178752519397,2.0016720279593123,2.1893543742809696
Q_score,1.0,361,Q_x_logN_logD,2.0191,2.056079484742166,-0.03697948474216606,1.9947032795445683,2.1174556899397636,1.9925997063554508,2.119559263128881,1.978747023835464,2.133411945648868,1.9766834330965937,2.1354755363877382,1.9639748106103672,2.1481841588739647,1.9622383115813373,2.1499206579029946
