weight_scenario,quality_score_scope,quality_policy,model,n_feasible_observed_recipes,selected_index,objective_relative,max_domain_share,unknown_QA_share
equal_13,A1_sample_primary,unconstrained,ridge_v1.3,512,136,-0.14589638880063033,0.22522522522522523,0.5685685685685684
equal_13,A1_sample_primary,unconstrained,interaction_candidate,512,136,-0.11301299167599128,0.22522522522522523,0.5685685685685684
equal_13,A1_sample_primary,quality_direct,ridge_v1.3,91,301,-0.0692118317638784,0.36063936063936064,0.2727272727272727
equal_13,A1_sample_primary,quality_direct,interaction_candidate,91,301,-0.05065214379218345,0.36063936063936064,0.2727272727272727
equal_13,A1_sample_primary,quality_direct_and_near,ridge_v1.3,108,172,-0.09165122909201891,0.32967032967032966,0.4185814185814186
equal_13,A1_sample_primary,quality_direct_and_near,interaction_candidate,108,172,-0.06648815497145344,0.32967032967032966,0.4185814185814186
equal_13,A2_A3_extended_sensitivity,unconstrained,ridge_v1.3,512,136,-0.14589638880063033,0.22522522522522523,0.5685685685685684
equal_13,A2_A3_extended_sensitivity,unconstrained,interaction_candidate,512,136,-0.11301299167599128,0.22522522522522523,0.5685685685685684
equal_13,A2_A3_extended_sensitivity,quality_direct,ridge_v1.3,92,301,-0.0692118317638784,0.36063936063936064,0.2727272727272727
equal_13,A2_A3_extended_sensitivity,quality_direct,interaction_candidate,92,301,-0.05065214379218345,0.36063936063936064,0.2727272727272727
equal_13,A2_A3_extended_sensitivity,quality_direct_and_near,ridge_v1.3,108,172,-0.09165122909201891,0.32967032967032966,0.4185814185814186
equal_13,A2_A3_extended_sensitivity,quality_direct_and_near,interaction_candidate,108,172,-0.06648815497145344,0.32967032967032966,0.4185814185814186
only_arxiv,A1_sample_primary,unconstrained,ridge_v1.3,512,300,-0.4713749653189275,0.9021956087824351,0.08682634730538923
only_arxiv,A1_sample_primary,unconstrained,interaction_candidate,512,3,-0.4571584843329752,0.679,0.052000000000000005
only_arxiv,A1_sample_primary,quality_direct,ridge_v1.3,91,300,-0.4713749653189275,0.9021956087824351,0.08682634730538923
only_arxiv,A1_sample_primary,quality_direct,interaction_candidate,91,3,-0.4571584843329752,0.679,0.052000000000000005
only_arxiv,A1_sample_primary,quality_direct_and_near,ridge_v1.3,108,300,-0.4713749653189275,0.9021956087824351,0.08682634730538923
only_arxiv,A1_sample_primary,quality_direct_and_near,interaction_candidate,108,3,-0.4571584843329752,0.679,0.052000000000000005
only_arxiv,A2_A3_extended_sensitivity,unconstrained,ridge_v1.3,512,300,-0.4713749653189275,0.9021956087824351,0.08682634730538923
only_arxiv,A2_A3_extended_sensitivity,unconstrained,interaction_candidate,512,3,-0.4571584843329752,0.679,0.052000000000000005
only_arxiv,A2_A3_extended_sensitivity,quality_direct,ridge_v1.3,92,300,-0.4713749653189275,0.9021956087824351,0.08682634730538923
only_arxiv,A2_A3_extended_sensitivity,quality_direct,interaction_candidate,92,3,-0.4571584843329752,0.679,0.052000000000000005
only_arxiv,A2_A3_extended_sensitivity,quality_direct_and_near,ridge_v1.3,108,300,-0.4713749653189275,0.9021956087824351,0.08682634730538923
only_arxiv,A2_A3_extended_sensitivity,quality_direct_and_near,interaction_candidate,108,3,-0.4571584843329752,0.679,0.052000000000000005
only_freelaw,A1_sample_primary,unconstrained,ridge_v1.3,512,328,-0.4958066851787269,0.993,1.0
only_freelaw,A1_sample_primary,unconstrained,interaction_candidate,512,429,-0.3687762561469324,0.592,0.592
only_freelaw,A1_sample_primary,quality_direct,ridge_v1.3,91,266,-0.2215622839454861,0.552,0.6050000000000001
only_freelaw,A1_sample_primary,quality_direct,interaction_candidate,91,78,-0.27592799223643527,0.471,0.49100000000000005
only_freelaw,A1_sample_primary,quality_direct_and_near,ridge_v1.3,108,370,-0.1424295062338752,0.5375375375375375,0.4314314314314315
only_freelaw,A1_sample_primary,quality_direct_and_near,interaction_candidate,108,76,-0.24680195323967508,0.5615615615615616,0.4154154154154153
only_freelaw,A2_A3_extended_sensitivity,unconstrained,ridge_v1.3,512,328,-0.4958066851787269,0.993,1.0
only_freelaw,A2_A3_extended_sensitivity,unconstrained,interaction_candidate,512,429,-0.3687762561469324,0.592,0.592
only_freelaw,A2_A3_extended_sensitivity,quality_direct,ridge_v1.3,92,266,-0.2215622839454861,0.552,0.6050000000000001
only_freelaw,A2_A3_extended_sensitivity,quality_direct,interaction_candidate,92,78,-0.27592799223643527,0.471,0.49100000000000005
only_freelaw,A2_A3_extended_sensitivity,quality_direct_and_near,ridge_v1.3,108,370,-0.1424295062338752,0.5375375375375375,0.4314314314314315
only_freelaw,A2_A3_extended_sensitivity,quality_direct_and_near,interaction_candidate,108,76,-0.24680195323967508,0.5615615615615616,0.4154154154154153
only_pubmed_central,A1_sample_primary,unconstrained,ridge_v1.3,512,435,-0.4463062931600957,0.999,0.999
only_pubmed_central,A1_sample_primary,unconstrained,interaction_candidate,512,382,-0.3445266566830405,0.7127127127127126,0.995995995995996
only_pubmed_central,A1_sample_primary,quality_direct,ridge_v1.3,91,26,-0.222368908971299,0.5145145145145146,0.5635635635635636
only_pubmed_central,A1_sample_primary,quality_direct,interaction_candidate,91,26,-0.22198670520753028,0.5145145145145146,0.5635635635635636
only_pubmed_central,A1_sample_primary,quality_direct_and_near,ridge_v1.3,108,307,-0.15718015162773755,0.55,0.398
only_pubmed_central,A1_sample_primary,quality_direct_and_near,interaction_candidate,108,307,-0.18386778401532433,0.55,0.398
only_pubmed_central,A2_A3_extended_sensitivity,unconstrained,ridge_v1.3,512,435,-0.4463062931600957,0.999,0.999
only_pubmed_central,A2_A3_extended_sensitivity,unconstrained,interaction_candidate,512,382,-0.3445266566830405,0.7127127127127126,0.995995995995996
only_pubmed_central,A2_A3_extended_sensitivity,quality_direct,ridge_v1.3,92,26,-0.222368908971299,0.5145145145145146,0.5635635635635636
only_pubmed_central,A2_A3_extended_sensitivity,quality_direct,interaction_candidate,92,26,-0.22198670520753028,0.5145145145145146,0.5635635635635636
only_pubmed_central,A2_A3_extended_sensitivity,quality_direct_and_near,ridge_v1.3,108,307,-0.15718015162773755,0.55,0.398
only_pubmed_central,A2_A3_extended_sensitivity,quality_direct_and_near,interaction_candidate,108,307,-0.18386778401532433,0.55,0.398
only_wikipedia_en,A1_sample_primary,unconstrained,ridge_v1.3,512,171,-0.29872227072823027,0.7087087087087087,0.13813813813813813
only_wikipedia_en,A1_sample_primary,unconstrained,interaction_candidate,512,171,-0.2898088401855983,0.7087087087087087,0.13813813813813813
only_wikipedia_en,A1_sample_primary,quality_direct,ridge_v1.3,91,399,-0.13947320934284746,0.4255744255744256,0.18381618381618386
only_wikipedia_en,A1_sample_primary,quality_direct,interaction_candidate,91,399,-0.12958847732837017,0.4255744255744256,0.18381618381618386
only_wikipedia_en,A1_sample_primary,quality_direct_and_near,ridge_v1.3,108,302,-0.16485499813905843,0.3843843843843844,0.16016016016016016
only_wikipedia_en,A1_sample_primary,quality_direct_and_near,interaction_candidate,108,302,-0.1581330469600785,0.3843843843843844,0.16016016016016016
only_wikipedia_en,A2_A3_extended_sensitivity,unconstrained,ridge_v1.3,512,171,-0.29872227072823027,0.7087087087087087,0.13813813813813813
only_wikipedia_en,A2_A3_extended_sensitivity,unconstrained,interaction_candidate,512,171,-0.2898088401855983,0.7087087087087087,0.13813813813813813
only_wikipedia_en,A2_A3_extended_sensitivity,quality_direct,ridge_v1.3,92,399,-0.13947320934284746,0.4255744255744256,0.18381618381618386
only_wikipedia_en,A2_A3_extended_sensitivity,quality_direct,interaction_candidate,92,399,-0.12958847732837017,0.4255744255744256,0.18381618381618386
only_wikipedia_en,A2_A3_extended_sensitivity,quality_direct_and_near,ridge_v1.3,108,302,-0.16485499813905843,0.3843843843843844,0.16016016016016016
only_wikipedia_en,A2_A3_extended_sensitivity,quality_direct_and_near,interaction_candidate,108,302,-0.1581330469600785,0.3843843843843844,0.16016016016016016
only_dm_mathematics,A1_sample_primary,unconstrained,ridge_v1.3,512,136,-1.0959925514432654,0.22522522522522523,0.5685685685685684
only_dm_mathematics,A1_sample_primary,unconstrained,interaction_candidate,512,136,-1.0112969813798984,0.22522522522522523,0.5685685685685684
only_dm_mathematics,A1_sample_primary,quality_direct,ridge_v1.3,91,318,-0.7475585414016266,0.74,0.232
only_dm_mathematics,A1_sample_primary,quality_direct,interaction_candidate,91,318,-0.6307025739360356,0.74,0.232
only_dm_mathematics,A1_sample_primary,quality_direct_and_near,ridge_v1.3,108,68,-0.9397337136895129,0.445,0.33
only_dm_mathematics,A1_sample_primary,quality_direct_and_near,interaction_candidate,108,68,-0.8419400406504295,0.445,0.33
only_dm_mathematics,A2_A3_extended_sensitivity,unconstrained,ridge_v1.3,512,136,-1.0959925514432654,0.22522522522522523,0.5685685685685684
only_dm_mathematics,A2_A3_extended_sensitivity,unconstrained,interaction_candidate,512,136,-1.0112969813798984,0.22522522522522523,0.5685685685685684
only_dm_mathematics,A2_A3_extended_sensitivity,quality_direct,ridge_v1.3,92,318,-0.7475585414016266,0.74,0.232
only_dm_mathematics,A2_A3_extended_sensitivity,quality_direct,interaction_candidate,92,318,-0.6307025739360356,0.74,0.232
only_dm_mathematics,A2_A3_extended_sensitivity,quality_direct_and_near,ridge_v1.3,108,68,-0.9397337136895129,0.445,0.33
only_dm_mathematics,A2_A3_extended_sensitivity,quality_direct_and_near,interaction_candidate,108,68,-0.8419400406504295,0.445,0.33
only_github,A1_sample_primary,unconstrained,ridge_v1.3,512,292,-0.48512595358095073,0.954,0.045000000000000005
only_github,A1_sample_primary,unconstrained,interaction_candidate,512,423,-0.35261131333380635,0.77,0.224
only_github,A1_sample_primary,quality_direct,ridge_v1.3,91,301,-0.10782961055821506,0.36063936063936064,0.2727272727272727
only_github,A1_sample_primary,quality_direct,interaction_candidate,91,437,-0.3075048549720412,0.442,0.154
only_github,A1_sample_primary,quality_direct_and_near,ridge_v1.3,108,360,-0.20527316456802092,0.4285714285714286,0.26973026973026976
only_github,A1_sample_primary,quality_direct_and_near,interaction_candidate,108,437,-0.3075048549720412,0.442,0.154
only_github,A2_A3_extended_sensitivity,unconstrained,ridge_v1.3,512,292,-0.48512595358095073,0.954,0.045000000000000005
only_github,A2_A3_extended_sensitivity,unconstrained,interaction_candidate,512,423,-0.35261131333380635,0.77,0.224
only_github,A2_A3_extended_sensitivity,quality_direct,ridge_v1.3,92,301,-0.10782961055821506,0.36063936063936064,0.2727272727272727
only_github,A2_A3_extended_sensitivity,quality_direct,interaction_candidate,92,437,-0.3075048549720412,0.442,0.154
only_github,A2_A3_extended_sensitivity,quality_direct_and_near,ridge_v1.3,108,360,-0.20527316456802092,0.4285714285714286,0.26973026973026976
only_github,A2_A3_extended_sensitivity,quality_direct_and_near,interaction_candidate,108,437,-0.3075048549720412,0.442,0.154
only_stackexchange,A1_sample_primary,unconstrained,ridge_v1.3,512,389,-0.4293318444808693,0.998,0.002
only_stackexchange,A1_sample_primary,unconstrained,interaction_candidate,512,389,-0.4065924223880412,0.998,0.002
only_stackexchange,A1_sample_primary,quality_direct,ridge_v1.3,91,183,-0.1745573714575187,0.5034965034965034,0.02697302697302697
only_stackexchange,A1_sample_primary,quality_direct,interaction_candidate,91,183,-0.15077318749030905,0.5034965034965034,0.02697302697302697
only_stackexchange,A1_sample_primary,quality_direct_and_near,ridge_v1.3,108,356,-0.21897986247275444,0.47052947052947053,0.2947052947052947
only_stackexchange,A1_sample_primary,quality_direct_and_near,interaction_candidate,108,356,-0.1831475697216706,0.47052947052947053,0.2947052947052947
only_stackexchange,A2_A3_extended_sensitivity,unconstrained,ridge_v1.3,512,389,-0.4293318444808693,0.998,0.002
only_stackexchange,A2_A3_extended_sensitivity,unconstrained,interaction_candidate,512,389,-0.4065924223880412,0.998,0.002
only_stackexchange,A2_A3_extended_sensitivity,quality_direct,ridge_v1.3,92,479,-0.1954593564929644,0.496,0.23299999999999998
only_stackexchange,A2_A3_extended_sensitivity,quality_direct,interaction_candidate,92,479,-0.166873565393805,0.496,0.23299999999999998
only_stackexchange,A2_A3_extended_sensitivity,quality_direct_and_near,ridge_v1.3,108,356,-0.21897986247275444,0.47052947052947053,0.2947052947052947
only_stackexchange,A2_A3_extended_sensitivity,quality_direct_and_near,interaction_candidate,108,356,-0.1831475697216706,0.47052947052947053,0.2947052947052947
only_gutenberg_pg_19,A1_sample_primary,unconstrained,ridge_v1.3,512,160,-0.2578637688980883,0.5015015015015015,0.08608608608608609
only_gutenberg_pg_19,A1_sample_primary,unconstrained,interaction_candidate,512,160,-0.2378173823506282,0.5015015015015015,0.08608608608608609
only_gutenberg_pg_19,A1_sample_primary,quality_direct,ridge_v1.3,91,301,-0.184456908435971,0.36063936063936064,0.2727272727272727
only_gutenberg_pg_19,A1_sample_primary,quality_direct,interaction_candidate,91,301,-0.17442113853351962,0.36063936063936064,0.2727272727272727
only_gutenberg_pg_19,A1_sample_primary,quality_direct_and_near,ridge_v1.3,108,160,-0.2578637688980883,0.5015015015015015,0.08608608608608609
only_gutenberg_pg_19,A1_sample_primary,quality_direct_and_near,interaction_candidate,108,160,-0.2378173823506282,0.5015015015015015,0.08608608608608609
only_gutenberg_pg_19,A2_A3_extended_sensitivity,unconstrained,ridge_v1.3,512,160,-0.2578637688980883,0.5015015015015015,0.08608608608608609
only_gutenberg_pg_19,A2_A3_extended_sensitivity,unconstrained,interaction_candidate,512,160,-0.2378173823506282,0.5015015015015015,0.08608608608608609
only_gutenberg_pg_19,A2_A3_extended_sensitivity,quality_direct,ridge_v1.3,92,301,-0.184456908435971,0.36063936063936064,0.2727272727272727
only_gutenberg_pg_19,A2_A3_extended_sensitivity,quality_direct,interaction_candidate,92,301,-0.17442113853351962,0.36063936063936064,0.2727272727272727
only_gutenberg_pg_19,A2_A3_extended_sensitivity,quality_direct_and_near,ridge_v1.3,108,160,-0.2578637688980883,0.5015015015015015,0.08608608608608609
only_gutenberg_pg_19,A2_A3_extended_sensitivity,quality_direct_and_near,interaction_candidate,108,160,-0.2378173823506282,0.5015015015015015,0.08608608608608609
only_pile_cc,A1_sample_primary,unconstrained,ridge_v1.3,512,291,-0.15983315474980578,0.9880119880119881,0.009990009990009992
only_pile_cc,A1_sample_primary,unconstrained,interaction_candidate,512,187,-0.11441362725030779,0.8441558441558442,0.05094905094905095
only_pile_cc,A1_sample_primary,quality_direct,ridge_v1.3,91,475,-0.05538467206720646,0.4265734265734266,0.2267732267732268
only_pile_cc,A1_sample_primary,quality_direct,interaction_candidate,91,275,-0.08524843725094397,0.4894894894894895,0.060060060060060066
only_pile_cc,A1_sample_primary,quality_direct_and_near,ridge_v1.3,108,1,-0.1347739234111069,0.787,0.004
only_pile_cc,A1_sample_primary,quality_direct_and_near,interaction_candidate,108,65,-0.11107355157166592,0.786,0.052000000000000005
only_pile_cc,A2_A3_extended_sensitivity,unconstrained,ridge_v1.3,512,291,-0.15983315474980578,0.9880119880119881,0.009990009990009992
only_pile_cc,A2_A3_extended_sensitivity,unconstrained,interaction_candidate,512,187,-0.11441362725030779,0.8441558441558442,0.05094905094905095
only_pile_cc,A2_A3_extended_sensitivity,quality_direct,ridge_v1.3,92,475,-0.05538467206720646,0.4265734265734266,0.2267732267732268
only_pile_cc,A2_A3_extended_sensitivity,quality_direct,interaction_candidate,92,275,-0.08524843725094397,0.4894894894894895,0.060060060060060066
only_pile_cc,A2_A3_extended_sensitivity,quality_direct_and_near,ridge_v1.3,108,1,-0.1347739234111069,0.787,0.004
only_pile_cc,A2_A3_extended_sensitivity,quality_direct_and_near,interaction_candidate,108,65,-0.11107355157166592,0.786,0.052000000000000005
only_ubuntu_irc,A1_sample_primary,unconstrained,ridge_v1.3,512,365,-0.4897592951107118,0.518,0.31800000000000006
only_ubuntu_irc,A1_sample_primary,unconstrained,interaction_candidate,512,365,-0.46522379760733595,0.518,0.31800000000000006
only_ubuntu_irc,A1_sample_primary,quality_direct,ridge_v1.3,91,301,-0.4248218033402343,0.36063936063936064,0.2727272727272727
only_ubuntu_irc,A1_sample_primary,quality_direct,interaction_candidate,91,301,-0.4062173454238135,0.36063936063936064,0.2727272727272727
only_ubuntu_irc,A1_sample_primary,quality_direct_and_near,ridge_v1.3,108,384,-0.4715013785479701,0.234,0.413
only_ubuntu_irc,A1_sample_primary,quality_direct_and_near,interaction_candidate,108,384,-0.44388167739410866,0.234,0.413
only_ubuntu_irc,A2_A3_extended_sensitivity,unconstrained,ridge_v1.3,512,365,-0.4897592951107118,0.518,0.31800000000000006
only_ubuntu_irc,A2_A3_extended_sensitivity,unconstrained,interaction_candidate,512,365,-0.46522379760733595,0.518,0.31800000000000006
only_ubuntu_irc,A2_A3_extended_sensitivity,quality_direct,ridge_v1.3,92,301,-0.4248218033402343,0.36063936063936064,0.2727272727272727
only_ubuntu_irc,A2_A3_extended_sensitivity,quality_direct,interaction_candidate,92,301,-0.4062173454238135,0.36063936063936064,0.2727272727272727
only_ubuntu_irc,A2_A3_extended_sensitivity,quality_direct_and_near,ridge_v1.3,108,384,-0.4715013785479701,0.234,0.413
only_ubuntu_irc,A2_A3_extended_sensitivity,quality_direct_and_near,interaction_candidate,108,384,-0.44388167739410866,0.234,0.413
only_hackernews,A1_sample_primary,unconstrained,ridge_v1.3,512,163,-0.16841265829325755,0.35435435435435436,0.5185185185185186
only_hackernews,A1_sample_primary,unconstrained,interaction_candidate,512,163,-0.157375319026565,0.35435435435435436,0.5185185185185186
only_hackernews,A1_sample_primary,quality_direct,ridge_v1.3,91,129,-0.13693318756297132,0.3853853853853854,0.3283283283283283
only_hackernews,A1_sample_primary,quality_direct,interaction_candidate,91,477,-0.1375338903631783,0.35535535535535534,0.3693693693693694
only_hackernews,A1_sample_primary,quality_direct_and_near,ridge_v1.3,108,97,-0.1482309909365746,0.3413173652694611,0.3992015968063872
only_hackernews,A1_sample_primary,quality_direct_and_near,interaction_candidate,108,477,-0.1375338903631783,0.35535535535535534,0.3693693693693694
only_hackernews,A2_A3_extended_sensitivity,unconstrained,ridge_v1.3,512,163,-0.16841265829325755,0.35435435435435436,0.5185185185185186
only_hackernews,A2_A3_extended_sensitivity,unconstrained,interaction_candidate,512,163,-0.157375319026565,0.35435435435435436,0.5185185185185186
only_hackernews,A2_A3_extended_sensitivity,quality_direct,ridge_v1.3,92,129,-0.13693318756297132,0.3853853853853854,0.3283283283283283
only_hackernews,A2_A3_extended_sensitivity,quality_direct,interaction_candidate,92,477,-0.1375338903631783,0.35535535535535534,0.3693693693693694
only_hackernews,A2_A3_extended_sensitivity,quality_direct_and_near,ridge_v1.3,108,97,-0.1482309909365746,0.3413173652694611,0.3992015968063872
only_hackernews,A2_A3_extended_sensitivity,quality_direct_and_near,interaction_candidate,108,477,-0.1375338903631783,0.35535535535535534,0.3693693693693694
only_pubmed_abstracts,A1_sample_primary,unconstrained,ridge_v1.3,512,288,-0.3133727189947817,0.5754245754245755,0.8191808191808192
only_pubmed_abstracts,A1_sample_primary,unconstrained,interaction_candidate,512,173,-0.2979665496165215,0.5638722554890219,0.9510978043912175
only_pubmed_abstracts,A1_sample_primary,quality_direct,ridge_v1.3,91,339,-0.23499645833229438,0.5314685314685315,0.6093906093906094
only_pubmed_abstracts,A1_sample_primary,quality_direct,interaction_candidate,91,339,-0.2265761585592374,0.5314685314685315,0.6093906093906094
only_pubmed_abstracts,A1_sample_primary,quality_direct_and_near,ridge_v1.3,108,511,-0.09108563361905773,0.3783783783783784,0.3823823823823824
only_pubmed_abstracts,A1_sample_primary,quality_direct_and_near,interaction_candidate,108,511,-0.08386364982461064,0.3783783783783784,0.3823823823823824
only_pubmed_abstracts,A2_A3_extended_sensitivity,unconstrained,ridge_v1.3,512,288,-0.3133727189947817,0.5754245754245755,0.8191808191808192
only_pubmed_abstracts,A2_A3_extended_sensitivity,unconstrained,interaction_candidate,512,173,-0.2979665496165215,0.5638722554890219,0.9510978043912175
only_pubmed_abstracts,A2_A3_extended_sensitivity,quality_direct,ridge_v1.3,92,339,-0.23499645833229438,0.5314685314685315,0.6093906093906094
only_pubmed_abstracts,A2_A3_extended_sensitivity,quality_direct,interaction_candidate,92,339,-0.2265761585592374,0.5314685314685315,0.6093906093906094
only_pubmed_abstracts,A2_A3_extended_sensitivity,quality_direct_and_near,ridge_v1.3,108,511,-0.09108563361905773,0.3783783783783784,0.3823823823823824
only_pubmed_abstracts,A2_A3_extended_sensitivity,quality_direct_and_near,interaction_candidate,108,511,-0.08386364982461064,0.3783783783783784,0.3823823823823824
only_uspto_backgrounds,A1_sample_primary,unconstrained,ridge_v1.3,512,29,-0.3461756523775259,0.6723276723276723,0.6863136863136863
only_uspto_backgrounds,A1_sample_primary,unconstrained,interaction_candidate,512,29,-0.33989407675244443,0.6723276723276723,0.6863136863136863
only_uspto_backgrounds,A1_sample_primary,quality_direct,ridge_v1.3,91,264,-0.18646341535037397,0.4181636726546906,0.6227544910179641
only_uspto_backgrounds,A1_sample_primary,quality_direct,interaction_candidate,91,264,-0.1833382342992142,0.4181636726546906,0.6227544910179641
only_uspto_backgrounds,A1_sample_primary,quality_direct_and_near,ridge_v1.3,108,30,-0.18671905205153125,0.4215784215784216,0.4285714285714286
only_uspto_backgrounds,A1_sample_primary,quality_direct_and_near,interaction_candidate,108,30,-0.17877413948337464,0.4215784215784216,0.4285714285714286
only_uspto_backgrounds,A2_A3_extended_sensitivity,unconstrained,ridge_v1.3,512,29,-0.3461756523775259,0.6723276723276723,0.6863136863136863
only_uspto_backgrounds,A2_A3_extended_sensitivity,unconstrained,interaction_candidate,512,29,-0.33989407675244443,0.6723276723276723,0.6863136863136863
only_uspto_backgrounds,A2_A3_extended_sensitivity,quality_direct,ridge_v1.3,92,264,-0.18646341535037397,0.4181636726546906,0.6227544910179641
only_uspto_backgrounds,A2_A3_extended_sensitivity,quality_direct,interaction_candidate,92,264,-0.1833382342992142,0.4181636726546906,0.6227544910179641
only_uspto_backgrounds,A2_A3_extended_sensitivity,quality_direct_and_near,ridge_v1.3,108,30,-0.18671905205153125,0.4215784215784216,0.4285714285714286
only_uspto_backgrounds,A2_A3_extended_sensitivity,quality_direct_and_near,interaction_candidate,108,30,-0.17877413948337464,0.4215784215784216,0.4285714285714286
dirichlet_sparse_000,A1_sample_primary,unconstrained,ridge_v1.3,512,280,-0.1056051948469222,0.4759519038076152,0.5240480961923848
dirichlet_sparse_000,A1_sample_primary,unconstrained,interaction_candidate,512,280,-0.08362613708945209,0.4759519038076152,0.5240480961923848
dirichlet_sparse_000,A1_sample_primary,quality_direct,ridge_v1.3,91,91,-0.06597437755042145,0.45245245245245247,0.5795795795795796
dirichlet_sparse_000,A1_sample_primary,quality_direct,interaction_candidate,91,91,-0.05093514960884602,0.45245245245245247,0.5795795795795796
dirichlet_sparse_000,A1_sample_primary,quality_direct_and_near,ridge_v1.3,108,97,-0.0640628543888199,0.3413173652694611,0.3992015968063872
dirichlet_sparse_000,A1_sample_primary,quality_direct_and_near,interaction_candidate,108,459,-0.05518819064191372,0.513,0.28700000000000003
dirichlet_sparse_000,A2_A3_extended_sensitivity,unconstrained,ridge_v1.3,512,280,-0.1056051948469222,0.4759519038076152,0.5240480961923848
dirichlet_sparse_000,A2_A3_extended_sensitivity,unconstrained,interaction_candidate,512,280,-0.08362613708945209,0.4759519038076152,0.5240480961923848
dirichlet_sparse_000,A2_A3_extended_sensitivity,quality_direct,ridge_v1.3,92,91,-0.06597437755042145,0.45245245245245247,0.5795795795795796
dirichlet_sparse_000,A2_A3_extended_sensitivity,quality_direct,interaction_candidate,92,91,-0.05093514960884602,0.45245245245245247,0.5795795795795796
dirichlet_sparse_000,A2_A3_extended_sensitivity,quality_direct_and_near,ridge_v1.3,108,97,-0.0640628543888199,0.3413173652694611,0.3992015968063872
dirichlet_sparse_000,A2_A3_extended_sensitivity,quality_direct_and_near,interaction_candidate,108,459,-0.05518819064191372,0.513,0.28700000000000003
dirichlet_sparse_001,A1_sample_primary,unconstrained,ridge_v1.3,512,136,-0.5413164205229648,0.22522522522522523,0.5685685685685684
dirichlet_sparse_001,A1_sample_primary,unconstrained,interaction_candidate,512,136,-0.47513013026896794,0.22522522522522523,0.5685685685685684
dirichlet_sparse_001,A1_sample_primary,quality_direct,ridge_v1.3,91,318,-0.429298302895897,0.74,0.232
dirichlet_sparse_001,A1_sample_primary,quality_direct,interaction_candidate,91,318,-0.31818299730171806,0.74,0.232
dirichlet_sparse_001,A1_sample_primary,quality_direct_and_near,ridge_v1.3,108,68,-0.4489883396084992,0.445,0.33
dirichlet_sparse_001,A1_sample_primary,quality_direct_and_near,interaction_candidate,108,68,-0.36850314550251667,0.445,0.33
dirichlet_sparse_001,A2_A3_extended_sensitivity,unconstrained,ridge_v1.3,512,136,-0.5413164205229648,0.22522522522522523,0.5685685685685684
dirichlet_sparse_001,A2_A3_extended_sensitivity,unconstrained,interaction_candidate,512,136,-0.47513013026896794,0.22522522522522523,0.5685685685685684
dirichlet_sparse_001,A2_A3_extended_sensitivity,quality_direct,ridge_v1.3,92,318,-0.429298302895897,0.74,0.232
dirichlet_sparse_001,A2_A3_extended_sensitivity,quality_direct,interaction_candidate,92,318,-0.31818299730171806,0.74,0.232
dirichlet_sparse_001,A2_A3_extended_sensitivity,quality_direct_and_near,ridge_v1.3,108,68,-0.4489883396084992,0.445,0.33
dirichlet_sparse_001,A2_A3_extended_sensitivity,quality_direct_and_near,interaction_candidate,108,68,-0.36850314550251667,0.445,0.33
dirichlet_sparse_002,A1_sample_primary,unconstrained,ridge_v1.3,512,136,-0.4869675475761023,0.22522522522522523,0.5685685685685684
dirichlet_sparse_002,A1_sample_primary,unconstrained,interaction_candidate,512,136,-0.43154931826406545,0.22522522522522523,0.5685685685685684
dirichlet_sparse_002,A1_sample_primary,quality_direct,ridge_v1.3,91,318,-0.2866951773405973,0.74,0.232
dirichlet_sparse_002,A1_sample_primary,quality_direct,interaction_candidate,91,250,-0.20278495166970037,0.6793206793206793,0.3146853146853147
dirichlet_sparse_002,A1_sample_primary,quality_direct_and_near,ridge_v1.3,108,68,-0.38061377647406985,0.445,0.33
dirichlet_sparse_002,A1_sample_primary,quality_direct_and_near,interaction_candidate,108,68,-0.30740243480861673,0.445,0.33
dirichlet_sparse_002,A2_A3_extended_sensitivity,unconstrained,ridge_v1.3,512,136,-0.4869675475761023,0.22522522522522523,0.5685685685685684
dirichlet_sparse_002,A2_A3_extended_sensitivity,unconstrained,interaction_candidate,512,136,-0.43154931826406545,0.22522522522522523,0.5685685685685684
dirichlet_sparse_002,A2_A3_extended_sensitivity,quality_direct,ridge_v1.3,92,318,-0.2866951773405973,0.74,0.232
dirichlet_sparse_002,A2_A3_extended_sensitivity,quality_direct,interaction_candidate,92,250,-0.20278495166970037,0.6793206793206793,0.3146853146853147
dirichlet_sparse_002,A2_A3_extended_sensitivity,quality_direct_and_near,ridge_v1.3,108,68,-0.38061377647406985,0.445,0.33
dirichlet_sparse_002,A2_A3_extended_sensitivity,quality_direct_and_near,interaction_candidate,108,68,-0.30740243480861673,0.445,0.33
dirichlet_sparse_003,A1_sample_primary,unconstrained,ridge_v1.3,512,136,-0.7677957968763842,0.22522522522522523,0.5685685685685684
dirichlet_sparse_003,A1_sample_primary,unconstrained,interaction_candidate,512,136,-0.7039471310711441,0.22522522522522523,0.5685685685685684
dirichlet_sparse_003,A1_sample_primary,quality_direct,ridge_v1.3,91,318,-0.5029746835484263,0.74,0.232
dirichlet_sparse_003,A1_sample_primary,quality_direct,interaction_candidate,91,318,-0.4103163489807835,0.74,0.232
dirichlet_sparse_003,A1_sample_primary,quality_direct_and_near,ridge_v1.3,108,68,-0.6584703716861616,0.445,0.33
dirichlet_sparse_003,A1_sample_primary,quality_direct_and_near,interaction_candidate,108,68,-0.5808925388877845,0.445,0.33
dirichlet_sparse_003,A2_A3_extended_sensitivity,unconstrained,ridge_v1.3,512,136,-0.7677957968763842,0.22522522522522523,0.5685685685685684
dirichlet_sparse_003,A2_A3_extended_sensitivity,unconstrained,interaction_candidate,512,136,-0.7039471310711441,0.22522522522522523,0.5685685685685684
dirichlet_sparse_003,A2_A3_extended_sensitivity,quality_direct,ridge_v1.3,92,318,-0.5029746835484263,0.74,0.232
dirichlet_sparse_003,A2_A3_extended_sensitivity,quality_direct,interaction_candidate,92,318,-0.4103163489807835,0.74,0.232
dirichlet_sparse_003,A2_A3_extended_sensitivity,quality_direct_and_near,ridge_v1.3,108,68,-0.6584703716861616,0.445,0.33
dirichlet_sparse_003,A2_A3_extended_sensitivity,quality_direct_and_near,interaction_candidate,108,68,-0.5808925388877845,0.445,0.33
dirichlet_sparse_004,A1_sample_primary,unconstrained,ridge_v1.3,512,136,-0.21161578913156287,0.22522522522522523,0.5685685685685684
dirichlet_sparse_004,A1_sample_primary,unconstrained,interaction_candidate,512,136,-0.17499232107874094,0.22522522522522523,0.5685685685685684
dirichlet_sparse_004,A1_sample_primary,quality_direct,ridge_v1.3,91,115,-0.08060956508640194,0.33633633633633636,0.4724724724724725
dirichlet_sparse_004,A1_sample_primary,quality_direct,interaction_candidate,91,475,-0.06952603116797665,0.4265734265734266,0.2267732267732268
dirichlet_sparse_004,A1_sample_primary,quality_direct_and_near,ridge_v1.3,108,68,-0.18786396244843323,0.445,0.33
dirichlet_sparse_004,A1_sample_primary,quality_direct_and_near,interaction_candidate,108,500,-0.1416743993022031,0.498,0.29400000000000004
dirichlet_sparse_004,A2_A3_extended_sensitivity,unconstrained,ridge_v1.3,512,136,-0.21161578913156287,0.22522522522522523,0.5685685685685684
dirichlet_sparse_004,A2_A3_extended_sensitivity,unconstrained,interaction_candidate,512,136,-0.17499232107874094,0.22522522522522523,0.5685685685685684
dirichlet_sparse_004,A2_A3_extended_sensitivity,quality_direct,ridge_v1.3,92,115,-0.08060956508640194,0.33633633633633636,0.4724724724724725
dirichlet_sparse_004,A2_A3_extended_sensitivity,quality_direct,interaction_candidate,92,475,-0.06952603116797665,0.4265734265734266,0.2267732267732268
dirichlet_sparse_004,A2_A3_extended_sensitivity,quality_direct_and_near,ridge_v1.3,108,68,-0.18786396244843323,0.445,0.33
dirichlet_sparse_004,A2_A3_extended_sensitivity,quality_direct_and_near,interaction_candidate,108,500,-0.1416743993022031,0.498,0.29400000000000004
dirichlet_sparse_005,A1_sample_primary,unconstrained,ridge_v1.3,512,136,-0.8534397674741635,0.22522522522522523,0.5685685685685684
dirichlet_sparse_005,A1_sample_primary,unconstrained,interaction_candidate,512,136,-0.7779829448473347,0.22522522522522523,0.5685685685685684
dirichlet_sparse_005,A1_sample_primary,quality_direct,ridge_v1.3,91,318,-0.5580464191655672,0.74,0.232
dirichlet_sparse_005,A1_sample_primary,quality_direct,interaction_candidate,91,318,-0.4439448894621017,0.74,0.232
dirichlet_sparse_005,A1_sample_primary,quality_direct_and_near,ridge_v1.3,108,68,-0.72810707851223,0.445,0.33
dirichlet_sparse_005,A1_sample_primary,quality_direct_and_near,interaction_candidate,108,68,-0.6415176103516369,0.445,0.33
dirichlet_sparse_005,A2_A3_extended_sensitivity,unconstrained,ridge_v1.3,512,136,-0.8534397674741635,0.22522522522522523,0.5685685685685684
dirichlet_sparse_005,A2_A3_extended_sensitivity,unconstrained,interaction_candidate,512,136,-0.7779829448473347,0.22522522522522523,0.5685685685685684
dirichlet_sparse_005,A2_A3_extended_sensitivity,quality_direct,ridge_v1.3,92,318,-0.5580464191655672,0.74,0.232
dirichlet_sparse_005,A2_A3_extended_sensitivity,quality_direct,interaction_candidate,92,318,-0.4439448894621017,0.74,0.232
dirichlet_sparse_005,A2_A3_extended_sensitivity,quality_direct_and_near,ridge_v1.3,108,68,-0.72810707851223,0.445,0.33
dirichlet_sparse_005,A2_A3_extended_sensitivity,quality_direct_and_near,interaction_candidate,108,68,-0.6415176103516369,0.445,0.33
dirichlet_sparse_006,A1_sample_primary,unconstrained,ridge_v1.3,512,136,-0.43761953086636357,0.22522522522522523,0.5685685685685684
dirichlet_sparse_006,A1_sample_primary,unconstrained,interaction_candidate,512,136,-0.39292941556984723,0.22522522522522523,0.5685685685685684
dirichlet_sparse_006,A1_sample_primary,quality_direct,ridge_v1.3,91,84,-0.18228882613112193,0.3546453546453547,0.2547452547452548
dirichlet_sparse_006,A1_sample_primary,quality_direct,interaction_candidate,91,84,-0.1581134923489835,0.3546453546453547,0.2547452547452548
dirichlet_sparse_006,A1_sample_primary,quality_direct_and_near,ridge_v1.3,108,68,-0.2776979264104974,0.445,0.33
dirichlet_sparse_006,A1_sample_primary,quality_direct_and_near,interaction_candidate,108,68,-0.22202245332738899,0.445,0.33
dirichlet_sparse_006,A2_A3_extended_sensitivity,unconstrained,ridge_v1.3,512,136,-0.43761953086636357,0.22522522522522523,0.5685685685685684
dirichlet_sparse_006,A2_A3_extended_sensitivity,unconstrained,interaction_candidate,512,136,-0.39292941556984723,0.22522522522522523,0.5685685685685684
dirichlet_sparse_006,A2_A3_extended_sensitivity,quality_direct,ridge_v1.3,92,84,-0.18228882613112193,0.3546453546453547,0.2547452547452548
dirichlet_sparse_006,A2_A3_extended_sensitivity,quality_direct,interaction_candidate,92,84,-0.1581134923489835,0.3546453546453547,0.2547452547452548
dirichlet_sparse_006,A2_A3_extended_sensitivity,quality_direct_and_near,ridge_v1.3,108,68,-0.2776979264104974,0.445,0.33
dirichlet_sparse_006,A2_A3_extended_sensitivity,quality_direct_and_near,interaction_candidate,108,68,-0.22202245332738899,0.445,0.33
dirichlet_sparse_007,A1_sample_primary,unconstrained,ridge_v1.3,512,248,-0.18566135248298887,0.332,0.226
dirichlet_sparse_007,A1_sample_primary,unconstrained,interaction_candidate,512,248,-0.13542891003009555,0.332,0.226
dirichlet_sparse_007,A1_sample_primary,quality_direct,ridge_v1.3,91,301,-0.15571140084896556,0.36063936063936064,0.2727272727272727
dirichlet_sparse_007,A1_sample_primary,quality_direct,interaction_candidate,91,301,-0.13217199032154855,0.36063936063936064,0.2727272727272727
dirichlet_sparse_007,A1_sample_primary,quality_direct_and_near,ridge_v1.3,108,384,-0.15705451763128017,0.234,0.413
dirichlet_sparse_007,A1_sample_primary,quality_direct_and_near,interaction_candidate,108,301,-0.13217199032154855,0.36063936063936064,0.2727272727272727
dirichlet_sparse_007,A2_A3_extended_sensitivity,unconstrained,ridge_v1.3,512,248,-0.18566135248298887,0.332,0.226
dirichlet_sparse_007,A2_A3_extended_sensitivity,unconstrained,interaction_candidate,512,248,-0.13542891003009555,0.332,0.226
dirichlet_sparse_007,A2_A3_extended_sensitivity,quality_direct,ridge_v1.3,92,301,-0.15571140084896556,0.36063936063936064,0.2727272727272727
dirichlet_sparse_007,A2_A3_extended_sensitivity,quality_direct,interaction_candidate,92,301,-0.13217199032154855,0.36063936063936064,0.2727272727272727
dirichlet_sparse_007,A2_A3_extended_sensitivity,quality_direct_and_near,ridge_v1.3,108,384,-0.15705451763128017,0.234,0.413
dirichlet_sparse_007,A2_A3_extended_sensitivity,quality_direct_and_near,interaction_candidate,108,301,-0.13217199032154855,0.36063936063936064,0.2727272727272727
dirichlet_sparse_008,A1_sample_primary,unconstrained,ridge_v1.3,512,249,-0.21653877144235328,0.5724275724275725,0.20979020979020985
dirichlet_sparse_008,A1_sample_primary,unconstrained,interaction_candidate,512,249,-0.195735513712488,0.5724275724275725,0.20979020979020985
dirichlet_sparse_008,A1_sample_primary,quality_direct,ridge_v1.3,91,285,-0.08681264581420227,0.48648648648648646,0.1021021021021021
dirichlet_sparse_008,A1_sample_primary,quality_direct,interaction_candidate,91,301,-0.06314617365976975,0.36063936063936064,0.2727272727272727
dirichlet_sparse_008,A1_sample_primary,quality_direct_and_near,ridge_v1.3,108,384,-0.15700783132086227,0.234,0.413
dirichlet_sparse_008,A1_sample_primary,quality_direct_and_near,interaction_candidate,108,384,-0.13679528518590203,0.234,0.413
dirichlet_sparse_008,A2_A3_extended_sensitivity,unconstrained,ridge_v1.3,512,249,-0.21653877144235328,0.5724275724275725,0.20979020979020985
dirichlet_sparse_008,A2_A3_extended_sensitivity,unconstrained,interaction_candidate,512,249,-0.195735513712488,0.5724275724275725,0.20979020979020985
dirichlet_sparse_008,A2_A3_extended_sensitivity,quality_direct,ridge_v1.3,92,285,-0.08681264581420227,0.48648648648648646,0.1021021021021021
dirichlet_sparse_008,A2_A3_extended_sensitivity,quality_direct,interaction_candidate,92,301,-0.06314617365976975,0.36063936063936064,0.2727272727272727
dirichlet_sparse_008,A2_A3_extended_sensitivity,quality_direct_and_near,ridge_v1.3,108,384,-0.15700783132086227,0.234,0.413
dirichlet_sparse_008,A2_A3_extended_sensitivity,quality_direct_and_near,interaction_candidate,108,384,-0.13679528518590203,0.234,0.413
dirichlet_sparse_009,A1_sample_primary,unconstrained,ridge_v1.3,512,326,-0.1555599108498157,0.779,0.22100000000000003
dirichlet_sparse_009,A1_sample_primary,unconstrained,interaction_candidate,512,83,-0.1362473968573166,0.988988988988989,0.009009009009009009
dirichlet_sparse_009,A1_sample_primary,quality_direct,ridge_v1.3,91,129,-0.07255707592117212,0.3853853853853854,0.3283283283283283
dirichlet_sparse_009,A1_sample_primary,quality_direct,interaction_candidate,91,129,-0.055076158837542286,0.3853853853853854,0.3283283283283283
dirichlet_sparse_009,A1_sample_primary,quality_direct_and_near,ridge_v1.3,108,356,-0.08480388245429338,0.47052947052947053,0.2947052947052947
dirichlet_sparse_009,A1_sample_primary,quality_direct_and_near,interaction_candidate,108,356,-0.06099097657754679,0.47052947052947053,0.2947052947052947
dirichlet_sparse_009,A2_A3_extended_sensitivity,unconstrained,ridge_v1.3,512,326,-0.1555599108498157,0.779,0.22100000000000003
dirichlet_sparse_009,A2_A3_extended_sensitivity,unconstrained,interaction_candidate,512,83,-0.1362473968573166,0.988988988988989,0.009009009009009009
dirichlet_sparse_009,A2_A3_extended_sensitivity,quality_direct,ridge_v1.3,92,129,-0.07255707592117212,0.3853853853853854,0.3283283283283283
dirichlet_sparse_009,A2_A3_extended_sensitivity,quality_direct,interaction_candidate,92,129,-0.055076158837542286,0.3853853853853854,0.3283283283283283
dirichlet_sparse_009,A2_A3_extended_sensitivity,quality_direct_and_near,ridge_v1.3,108,356,-0.08480388245429338,0.47052947052947053,0.2947052947052947
dirichlet_sparse_009,A2_A3_extended_sensitivity,quality_direct_and_near,interaction_candidate,108,356,-0.06099097657754679,0.47052947052947053,0.2947052947052947
dirichlet_sparse_010,A1_sample_primary,unconstrained,ridge_v1.3,512,70,-0.15825832038767793,0.853,0.999
dirichlet_sparse_010,A1_sample_primary,unconstrained,interaction_candidate,512,110,-0.18784458090677764,0.583,0.9239999999999999
dirichlet_sparse_010,A1_sample_primary,quality_direct,ridge_v1.3,91,339,-0.0694223826414666,0.5314685314685315,0.6093906093906094
dirichlet_sparse_010,A1_sample_primary,quality_direct,interaction_candidate,91,210,-0.07013267704677917,0.4904904904904905,0.5045045045045045
dirichlet_sparse_010,A1_sample_primary,quality_direct_and_near,ridge_v1.3,108,172,-0.05083965162755865,0.32967032967032966,0.4185814185814186
dirichlet_sparse_010,A1_sample_primary,quality_direct_and_near,interaction_candidate,108,477,-0.02896785908142995,0.35535535535535534,0.3693693693693694
dirichlet_sparse_010,A2_A3_extended_sensitivity,unconstrained,ridge_v1.3,512,70,-0.15825832038767793,0.853,0.999
dirichlet_sparse_010,A2_A3_extended_sensitivity,unconstrained,interaction_candidate,512,110,-0.18784458090677764,0.583,0.9239999999999999
dirichlet_sparse_010,A2_A3_extended_sensitivity,quality_direct,ridge_v1.3,92,339,-0.0694223826414666,0.5314685314685315,0.6093906093906094
dirichlet_sparse_010,A2_A3_extended_sensitivity,quality_direct,interaction_candidate,92,210,-0.07013267704677917,0.4904904904904905,0.5045045045045045
dirichlet_sparse_010,A2_A3_extended_sensitivity,quality_direct_and_near,ridge_v1.3,108,172,-0.05083965162755865,0.32967032967032966,0.4185814185814186
dirichlet_sparse_010,A2_A3_extended_sensitivity,quality_direct_and_near,interaction_candidate,108,477,-0.02896785908142995,0.35535535535535534,0.3693693693693694
dirichlet_sparse_011,A1_sample_primary,unconstrained,ridge_v1.3,512,225,-0.2874647465324329,0.4005994005994006,0.48951048951048953
dirichlet_sparse_011,A1_sample_primary,unconstrained,interaction_candidate,512,225,-0.27189669556355406,0.4005994005994006,0.48951048951048953
dirichlet_sparse_011,A1_sample_primary,quality_direct,ridge_v1.3,91,478,-0.09998276342812498,0.34265734265734266,0.3146853146853147
dirichlet_sparse_011,A1_sample_primary,quality_direct,interaction_candidate,91,478,-0.0869981911857455,0.34265734265734266,0.3146853146853147
dirichlet_sparse_011,A1_sample_primary,quality_direct_and_near,ridge_v1.3,108,505,-0.20167519315226695,0.36536536536536535,0.34934934934934936
dirichlet_sparse_011,A1_sample_primary,quality_direct_and_near,interaction_candidate,108,505,-0.1882770027023181,0.36536536536536535,0.34934934934934936
dirichlet_sparse_011,A2_A3_extended_sensitivity,unconstrained,ridge_v1.3,512,225,-0.2874647465324329,0.4005994005994006,0.48951048951048953
dirichlet_sparse_011,A2_A3_extended_sensitivity,unconstrained,interaction_candidate,512,225,-0.27189669556355406,0.4005994005994006,0.48951048951048953
dirichlet_sparse_011,A2_A3_extended_sensitivity,quality_direct,ridge_v1.3,92,478,-0.09998276342812498,0.34265734265734266,0.3146853146853147
dirichlet_sparse_011,A2_A3_extended_sensitivity,quality_direct,interaction_candidate,92,478,-0.0869981911857455,0.34265734265734266,0.3146853146853147
dirichlet_sparse_011,A2_A3_extended_sensitivity,quality_direct_and_near,ridge_v1.3,108,505,-0.20167519315226695,0.36536536536536535,0.34934934934934936
dirichlet_sparse_011,A2_A3_extended_sensitivity,quality_direct_and_near,interaction_candidate,108,505,-0.1882770027023181,0.36536536536536535,0.34934934934934936
dirichlet_sparse_012,A1_sample_primary,unconstrained,ridge_v1.3,512,365,-0.15633016029425872,0.518,0.31800000000000006
dirichlet_sparse_012,A1_sample_primary,unconstrained,interaction_candidate,512,365,-0.12450693460008729,0.518,0.31800000000000006
dirichlet_sparse_012,A1_sample_primary,quality_direct,ridge_v1.3,91,301,-0.12450093132339865,0.36063936063936064,0.2727272727272727
dirichlet_sparse_012,A1_sample_primary,quality_direct,interaction_candidate,91,301,-0.10334495455036943,0.36063936063936064,0.2727272727272727
dirichlet_sparse_012,A1_sample_primary,quality_direct_and_near,ridge_v1.3,108,384,-0.13923725885112107,0.234,0.413
dirichlet_sparse_012,A1_sample_primary,quality_direct_and_near,interaction_candidate,108,384,-0.10720233761594454,0.234,0.413
dirichlet_sparse_012,A2_A3_extended_sensitivity,unconstrained,ridge_v1.3,512,365,-0.15633016029425872,0.518,0.31800000000000006
dirichlet_sparse_012,A2_A3_extended_sensitivity,unconstrained,interaction_candidate,512,365,-0.12450693460008729,0.518,0.31800000000000006
dirichlet_sparse_012,A2_A3_extended_sensitivity,quality_direct,ridge_v1.3,92,301,-0.12450093132339865,0.36063936063936064,0.2727272727272727
dirichlet_sparse_012,A2_A3_extended_sensitivity,quality_direct,interaction_candidate,92,301,-0.10334495455036943,0.36063936063936064,0.2727272727272727
dirichlet_sparse_012,A2_A3_extended_sensitivity,quality_direct_and_near,ridge_v1.3,108,384,-0.13923725885112107,0.234,0.413
dirichlet_sparse_012,A2_A3_extended_sensitivity,quality_direct_and_near,interaction_candidate,108,384,-0.10720233761594454,0.234,0.413
dirichlet_sparse_013,A1_sample_primary,unconstrained,ridge_v1.3,512,383,-0.13543245603760326,0.8588588588588588,0.13813813813813813
dirichlet_sparse_013,A1_sample_primary,unconstrained,interaction_candidate,512,429,-0.14266536233067376,0.592,0.592
dirichlet_sparse_013,A1_sample_primary,quality_direct,ridge_v1.3,91,129,-0.061502309734984474,0.3853853853853854,0.3283283283283283
dirichlet_sparse_013,A1_sample_primary,quality_direct,interaction_candidate,91,437,-0.12526190753200023,0.442,0.154
dirichlet_sparse_013,A1_sample_primary,quality_direct_and_near,ridge_v1.3,108,384,-0.08474508946452837,0.234,0.413
dirichlet_sparse_013,A1_sample_primary,quality_direct_and_near,interaction_candidate,108,437,-0.12526190753200023,0.442,0.154
dirichlet_sparse_013,A2_A3_extended_sensitivity,unconstrained,ridge_v1.3,512,383,-0.13543245603760326,0.8588588588588588,0.13813813813813813
dirichlet_sparse_013,A2_A3_extended_sensitivity,unconstrained,interaction_candidate,512,429,-0.14266536233067376,0.592,0.592
dirichlet_sparse_013,A2_A3_extended_sensitivity,quality_direct,ridge_v1.3,92,129,-0.061502309734984474,0.3853853853853854,0.3283283283283283
dirichlet_sparse_013,A2_A3_extended_sensitivity,quality_direct,interaction_candidate,92,437,-0.12526190753200023,0.442,0.154
dirichlet_sparse_013,A2_A3_extended_sensitivity,quality_direct_and_near,ridge_v1.3,108,384,-0.08474508946452837,0.234,0.413
dirichlet_sparse_013,A2_A3_extended_sensitivity,quality_direct_and_near,interaction_candidate,108,437,-0.12526190753200023,0.442,0.154
dirichlet_sparse_014,A1_sample_primary,unconstrained,ridge_v1.3,512,83,-0.23236090274088492,0.988988988988989,0.009009009009009009
dirichlet_sparse_014,A1_sample_primary,unconstrained,interaction_candidate,512,83,-0.21147261182792104,0.988988988988989,0.009009009009009009
dirichlet_sparse_014,A1_sample_primary,quality_direct,ridge_v1.3,91,168,-0.12194334763691456,0.47947947947947944,0.12112112112112113
dirichlet_sparse_014,A1_sample_primary,quality_direct,interaction_candidate,91,84,-0.08890085496957138,0.3546453546453547,0.2547452547452548
dirichlet_sparse_014,A1_sample_primary,quality_direct_and_near,ridge_v1.3,108,356,-0.13551978609906554,0.47052947052947053,0.2947052947052947
dirichlet_sparse_014,A1_sample_primary,quality_direct_and_near,interaction_candidate,108,356,-0.10315475037511329,0.47052947052947053,0.2947052947052947
dirichlet_sparse_014,A2_A3_extended_sensitivity,unconstrained,ridge_v1.3,512,83,-0.23236090274088492,0.988988988988989,0.009009009009009009
dirichlet_sparse_014,A2_A3_extended_sensitivity,unconstrained,interaction_candidate,512,83,-0.21147261182792104,0.988988988988989,0.009009009009009009
dirichlet_sparse_014,A2_A3_extended_sensitivity,quality_direct,ridge_v1.3,92,479,-0.1291343530662509,0.496,0.23299999999999998
dirichlet_sparse_014,A2_A3_extended_sensitivity,quality_direct,interaction_candidate,92,479,-0.0946869218361441,0.496,0.23299999999999998
dirichlet_sparse_014,A2_A3_extended_sensitivity,quality_direct_and_near,ridge_v1.3,108,356,-0.13551978609906554,0.47052947052947053,0.2947052947052947
dirichlet_sparse_014,A2_A3_extended_sensitivity,quality_direct_and_near,interaction_candidate,108,356,-0.10315475037511329,0.47052947052947053,0.2947052947052947
dirichlet_sparse_015,A1_sample_primary,unconstrained,ridge_v1.3,512,160,-0.172224494936324,0.5015015015015015,0.08608608608608609
dirichlet_sparse_015,A1_sample_primary,unconstrained,interaction_candidate,512,160,-0.1517991180350677,0.5015015015015015,0.08608608608608609
dirichlet_sparse_015,A1_sample_primary,quality_direct,ridge_v1.3,91,301,-0.1048602639257977,0.36063936063936064,0.2727272727272727
dirichlet_sparse_015,A1_sample_primary,quality_direct,interaction_candidate,91,301,-0.09423719271092103,0.36063936063936064,0.2727272727272727
dirichlet_sparse_015,A1_sample_primary,quality_direct_and_near,ridge_v1.3,108,160,-0.172224494936324,0.5015015015015015,0.08608608608608609
dirichlet_sparse_015,A1_sample_primary,quality_direct_and_near,interaction_candidate,108,160,-0.1517991180350677,0.5015015015015015,0.08608608608608609
dirichlet_sparse_015,A2_A3_extended_sensitivity,unconstrained,ridge_v1.3,512,160,-0.172224494936324,0.5015015015015015,0.08608608608608609
dirichlet_sparse_015,A2_A3_extended_sensitivity,unconstrained,interaction_candidate,512,160,-0.1517991180350677,0.5015015015015015,0.08608608608608609
dirichlet_sparse_015,A2_A3_extended_sensitivity,quality_direct,ridge_v1.3,92,301,-0.1048602639257977,0.36063936063936064,0.2727272727272727
dirichlet_sparse_015,A2_A3_extended_sensitivity,quality_direct,interaction_candidate,92,301,-0.09423719271092103,0.36063936063936064,0.2727272727272727
dirichlet_sparse_015,A2_A3_extended_sensitivity,quality_direct_and_near,ridge_v1.3,108,160,-0.172224494936324,0.5015015015015015,0.08608608608608609
dirichlet_sparse_015,A2_A3_extended_sensitivity,quality_direct_and_near,interaction_candidate,108,160,-0.1517991180350677,0.5015015015015015,0.08608608608608609
dirichlet_sparse_016,A1_sample_primary,unconstrained,ridge_v1.3,512,492,-0.2585666459772539,0.5470941883767535,0.9789579158316633
dirichlet_sparse_016,A1_sample_primary,unconstrained,interaction_candidate,512,492,-0.23669502426815753,0.5470941883767535,0.9789579158316633
dirichlet_sparse_016,A1_sample_primary,quality_direct,ridge_v1.3,91,84,-0.07750569695653595,0.3546453546453547,0.2547452547452548
dirichlet_sparse_016,A1_sample_primary,quality_direct,interaction_candidate,91,84,-0.06292906696577803,0.3546453546453547,0.2547452547452548
dirichlet_sparse_016,A1_sample_primary,quality_direct_and_near,ridge_v1.3,108,68,-0.14884571693659643,0.445,0.33
dirichlet_sparse_016,A1_sample_primary,quality_direct_and_near,interaction_candidate,108,68,-0.11577163292357111,0.445,0.33
dirichlet_sparse_016,A2_A3_extended_sensitivity,unconstrained,ridge_v1.3,512,492,-0.2585666459772539,0.5470941883767535,0.9789579158316633
dirichlet_sparse_016,A2_A3_extended_sensitivity,unconstrained,interaction_candidate,512,492,-0.23669502426815753,0.5470941883767535,0.9789579158316633
dirichlet_sparse_016,A2_A3_extended_sensitivity,quality_direct,ridge_v1.3,92,84,-0.07750569695653595,0.3546453546453547,0.2547452547452548
dirichlet_sparse_016,A2_A3_extended_sensitivity,quality_direct,interaction_candidate,92,84,-0.06292906696577803,0.3546453546453547,0.2547452547452548
dirichlet_sparse_016,A2_A3_extended_sensitivity,quality_direct_and_near,ridge_v1.3,108,68,-0.14884571693659643,0.445,0.33
dirichlet_sparse_016,A2_A3_extended_sensitivity,quality_direct_and_near,interaction_candidate,108,68,-0.11577163292357111,0.445,0.33
dirichlet_sparse_017,A1_sample_primary,unconstrained,ridge_v1.3,512,29,-0.1316565738888193,0.6723276723276723,0.6863136863136863
dirichlet_sparse_017,A1_sample_primary,unconstrained,interaction_candidate,512,29,-0.1153360522355064,0.6723276723276723,0.6863136863136863
dirichlet_sparse_017,A1_sample_primary,quality_direct,ridge_v1.3,91,466,-0.04187774229490269,0.2665330661322645,0.657314629258517
dirichlet_sparse_017,A1_sample_primary,quality_direct,interaction_candidate,91,78,-0.04502699905178535,0.471,0.49100000000000005
dirichlet_sparse_017,A1_sample_primary,quality_direct_and_near,ridge_v1.3,108,30,-0.0638343217532143,0.4215784215784216,0.4285714285714286
dirichlet_sparse_017,A1_sample_primary,quality_direct_and_near,interaction_candidate,108,172,-0.043463078763781623,0.32967032967032966,0.4185814185814186
dirichlet_sparse_017,A2_A3_extended_sensitivity,unconstrained,ridge_v1.3,512,29,-0.1316565738888193,0.6723276723276723,0.6863136863136863
dirichlet_sparse_017,A2_A3_extended_sensitivity,unconstrained,interaction_candidate,512,29,-0.1153360522355064,0.6723276723276723,0.6863136863136863
dirichlet_sparse_017,A2_A3_extended_sensitivity,quality_direct,ridge_v1.3,92,466,-0.04187774229490269,0.2665330661322645,0.657314629258517
dirichlet_sparse_017,A2_A3_extended_sensitivity,quality_direct,interaction_candidate,92,78,-0.04502699905178535,0.471,0.49100000000000005
dirichlet_sparse_017,A2_A3_extended_sensitivity,quality_direct_and_near,ridge_v1.3,108,30,-0.0638343217532143,0.4215784215784216,0.4285714285714286
dirichlet_sparse_017,A2_A3_extended_sensitivity,quality_direct_and_near,interaction_candidate,108,172,-0.043463078763781623,0.32967032967032966,0.4185814185814186
dirichlet_sparse_018,A1_sample_primary,unconstrained,ridge_v1.3,512,467,-0.16723131102878722,0.6463536463536463,0.8601398601398601
dirichlet_sparse_018,A1_sample_primary,unconstrained,interaction_candidate,512,274,-0.1395054260318742,0.572,0.848
dirichlet_sparse_018,A1_sample_primary,quality_direct,ridge_v1.3,91,139,-0.04936390462562942,0.201,0.342
dirichlet_sparse_018,A1_sample_primary,quality_direct,interaction_candidate,91,78,-0.07752887764153674,0.471,0.49100000000000005
dirichlet_sparse_018,A1_sample_primary,quality_direct_and_near,ridge_v1.3,108,384,-0.09779356547770139,0.234,0.413
dirichlet_sparse_018,A1_sample_primary,quality_direct_and_near,interaction_candidate,108,172,-0.0705212126875601,0.32967032967032966,0.4185814185814186
dirichlet_sparse_018,A2_A3_extended_sensitivity,unconstrained,ridge_v1.3,512,467,-0.16723131102878722,0.6463536463536463,0.8601398601398601
dirichlet_sparse_018,A2_A3_extended_sensitivity,unconstrained,interaction_candidate,512,274,-0.1395054260318742,0.572,0.848
dirichlet_sparse_018,A2_A3_extended_sensitivity,quality_direct,ridge_v1.3,92,139,-0.04936390462562942,0.201,0.342
dirichlet_sparse_018,A2_A3_extended_sensitivity,quality_direct,interaction_candidate,92,78,-0.07752887764153674,0.471,0.49100000000000005
dirichlet_sparse_018,A2_A3_extended_sensitivity,quality_direct_and_near,ridge_v1.3,108,384,-0.09779356547770139,0.234,0.413
dirichlet_sparse_018,A2_A3_extended_sensitivity,quality_direct_and_near,interaction_candidate,108,172,-0.0705212126875601,0.32967032967032966,0.4185814185814186
dirichlet_sparse_019,A1_sample_primary,unconstrained,ridge_v1.3,512,224,-0.17818561682795203,0.44,0.788
dirichlet_sparse_019,A1_sample_primary,unconstrained,interaction_candidate,512,224,-0.16001465564117756,0.44,0.788
dirichlet_sparse_019,A1_sample_primary,quality_direct,ridge_v1.3,91,301,-0.13920980998646626,0.36063936063936064,0.2727272727272727
dirichlet_sparse_019,A1_sample_primary,quality_direct,interaction_candidate,91,301,-0.12120484200473078,0.36063936063936064,0.2727272727272727
dirichlet_sparse_019,A1_sample_primary,quality_direct_and_near,ridge_v1.3,108,384,-0.16488957392006567,0.234,0.413
dirichlet_sparse_019,A1_sample_primary,quality_direct_and_near,interaction_candidate,108,384,-0.1420360390399852,0.234,0.413
dirichlet_sparse_019,A2_A3_extended_sensitivity,unconstrained,ridge_v1.3,512,224,-0.17818561682795203,0.44,0.788
dirichlet_sparse_019,A2_A3_extended_sensitivity,unconstrained,interaction_candidate,512,224,-0.16001465564117756,0.44,0.788
dirichlet_sparse_019,A2_A3_extended_sensitivity,quality_direct,ridge_v1.3,92,301,-0.13920980998646626,0.36063936063936064,0.2727272727272727
dirichlet_sparse_019,A2_A3_extended_sensitivity,quality_direct,interaction_candidate,92,301,-0.12120484200473078,0.36063936063936064,0.2727272727272727
dirichlet_sparse_019,A2_A3_extended_sensitivity,quality_direct_and_near,ridge_v1.3,108,384,-0.16488957392006567,0.234,0.413
dirichlet_sparse_019,A2_A3_extended_sensitivity,quality_direct_and_near,interaction_candidate,108,384,-0.1420360390399852,0.234,0.413
dirichlet_sparse_020,A1_sample_primary,unconstrained,ridge_v1.3,512,383,-0.15403259896923654,0.8588588588588588,0.13813813813813813
dirichlet_sparse_020,A1_sample_primary,unconstrained,interaction_candidate,512,437,-0.14693341383639805,0.442,0.154
dirichlet_sparse_020,A1_sample_primary,quality_direct,ridge_v1.3,91,84,-0.07071104616729118,0.3546453546453547,0.2547452547452548
dirichlet_sparse_020,A1_sample_primary,quality_direct,interaction_candidate,91,437,-0.14693341383639805,0.442,0.154
dirichlet_sparse_020,A1_sample_primary,quality_direct_and_near,ridge_v1.3,108,356,-0.09368134351549129,0.47052947052947053,0.2947052947052947
dirichlet_sparse_020,A1_sample_primary,quality_direct_and_near,interaction_candidate,108,437,-0.14693341383639805,0.442,0.154
dirichlet_sparse_020,A2_A3_extended_sensitivity,unconstrained,ridge_v1.3,512,383,-0.15403259896923654,0.8588588588588588,0.13813813813813813
dirichlet_sparse_020,A2_A3_extended_sensitivity,unconstrained,interaction_candidate,512,437,-0.14693341383639805,0.442,0.154
dirichlet_sparse_020,A2_A3_extended_sensitivity,quality_direct,ridge_v1.3,92,84,-0.07071104616729118,0.3546453546453547,0.2547452547452548
dirichlet_sparse_020,A2_A3_extended_sensitivity,quality_direct,interaction_candidate,92,437,-0.14693341383639805,0.442,0.154
dirichlet_sparse_020,A2_A3_extended_sensitivity,quality_direct_and_near,ridge_v1.3,108,356,-0.09368134351549129,0.47052947052947053,0.2947052947052947
dirichlet_sparse_020,A2_A3_extended_sensitivity,quality_direct_and_near,interaction_candidate,108,437,-0.14693341383639805,0.442,0.154
dirichlet_sparse_021,A1_sample_primary,unconstrained,ridge_v1.3,512,383,-0.24565605192202142,0.8588588588588588,0.13813813813813813
dirichlet_sparse_021,A1_sample_primary,unconstrained,interaction_candidate,512,438,-0.17027837875579688,0.3136863136863137,0.3686313686313686
dirichlet_sparse_021,A1_sample_primary,quality_direct,ridge_v1.3,91,84,-0.1062814727237568,0.3546453546453547,0.2547452547452548
dirichlet_sparse_021,A1_sample_primary,quality_direct,interaction_candidate,91,437,-0.14711598683365548,0.442,0.154
dirichlet_sparse_021,A1_sample_primary,quality_direct_and_near,ridge_v1.3,108,356,-0.1234641867509791,0.47052947052947053,0.2947052947052947
dirichlet_sparse_021,A1_sample_primary,quality_direct_and_near,interaction_candidate,108,437,-0.14711598683365548,0.442,0.154
dirichlet_sparse_021,A2_A3_extended_sensitivity,unconstrained,ridge_v1.3,512,383,-0.24565605192202142,0.8588588588588588,0.13813813813813813
dirichlet_sparse_021,A2_A3_extended_sensitivity,unconstrained,interaction_candidate,512,438,-0.17027837875579688,0.3136863136863137,0.3686313686313686
dirichlet_sparse_021,A2_A3_extended_sensitivity,quality_direct,ridge_v1.3,92,84,-0.1062814727237568,0.3546453546453547,0.2547452547452548
dirichlet_sparse_021,A2_A3_extended_sensitivity,quality_direct,interaction_candidate,92,437,-0.14711598683365548,0.442,0.154
dirichlet_sparse_021,A2_A3_extended_sensitivity,quality_direct_and_near,ridge_v1.3,108,356,-0.1234641867509791,0.47052947052947053,0.2947052947052947
dirichlet_sparse_021,A2_A3_extended_sensitivity,quality_direct_and_near,interaction_candidate,108,437,-0.14711598683365548,0.442,0.154
dirichlet_sparse_022,A1_sample_primary,unconstrained,ridge_v1.3,512,492,-0.28907104604357553,0.5470941883767535,0.9789579158316633
dirichlet_sparse_022,A1_sample_primary,unconstrained,interaction_candidate,512,492,-0.2600733298539008,0.5470941883767535,0.9789579158316633
dirichlet_sparse_022,A1_sample_primary,quality_direct,ridge_v1.3,91,84,-0.11242254442142469,0.3546453546453547,0.2547452547452548
dirichlet_sparse_022,A1_sample_primary,quality_direct,interaction_candidate,91,84,-0.0882943871027478,0.3546453546453547,0.2547452547452548
dirichlet_sparse_022,A1_sample_primary,quality_direct_and_near,ridge_v1.3,108,68,-0.1436183532177107,0.445,0.33
dirichlet_sparse_022,A1_sample_primary,quality_direct_and_near,interaction_candidate,108,172,-0.10470438913025483,0.32967032967032966,0.4185814185814186
dirichlet_sparse_022,A2_A3_extended_sensitivity,unconstrained,ridge_v1.3,512,492,-0.28907104604357553,0.5470941883767535,0.9789579158316633
dirichlet_sparse_022,A2_A3_extended_sensitivity,unconstrained,interaction_candidate,512,492,-0.2600733298539008,0.5470941883767535,0.9789579158316633
dirichlet_sparse_022,A2_A3_extended_sensitivity,quality_direct,ridge_v1.3,92,84,-0.11242254442142469,0.3546453546453547,0.2547452547452548
dirichlet_sparse_022,A2_A3_extended_sensitivity,quality_direct,interaction_candidate,92,84,-0.0882943871027478,0.3546453546453547,0.2547452547452548
dirichlet_sparse_022,A2_A3_extended_sensitivity,quality_direct_and_near,ridge_v1.3,108,68,-0.1436183532177107,0.445,0.33
dirichlet_sparse_022,A2_A3_extended_sensitivity,quality_direct_and_near,interaction_candidate,108,172,-0.10470438913025483,0.32967032967032966,0.4185814185814186
dirichlet_sparse_023,A1_sample_primary,unconstrained,ridge_v1.3,512,136,-0.7336798100276867,0.22522522522522523,0.5685685685685684
dirichlet_sparse_023,A1_sample_primary,unconstrained,interaction_candidate,512,136,-0.6696654853784774,0.22522522522522523,0.5685685685685684
dirichlet_sparse_023,A1_sample_primary,quality_direct,ridge_v1.3,91,318,-0.4746933856114745,0.74,0.232
dirichlet_sparse_023,A1_sample_primary,quality_direct,interaction_candidate,91,318,-0.3889835033005638,0.74,0.232
dirichlet_sparse_023,A1_sample_primary,quality_direct_and_near,ridge_v1.3,108,68,-0.6252625965711521,0.445,0.33
dirichlet_sparse_023,A1_sample_primary,quality_direct_and_near,interaction_candidate,108,68,-0.5540918519596474,0.445,0.33
dirichlet_sparse_023,A2_A3_extended_sensitivity,unconstrained,ridge_v1.3,512,136,-0.7336798100276867,0.22522522522522523,0.5685685685685684
dirichlet_sparse_023,A2_A3_extended_sensitivity,unconstrained,interaction_candidate,512,136,-0.6696654853784774,0.22522522522522523,0.5685685685685684
dirichlet_sparse_023,A2_A3_extended_sensitivity,quality_direct,ridge_v1.3,92,318,-0.4746933856114745,0.74,0.232
dirichlet_sparse_023,A2_A3_extended_sensitivity,quality_direct,interaction_candidate,92,318,-0.3889835033005638,0.74,0.232
dirichlet_sparse_023,A2_A3_extended_sensitivity,quality_direct_and_near,ridge_v1.3,108,68,-0.6252625965711521,0.445,0.33
dirichlet_sparse_023,A2_A3_extended_sensitivity,quality_direct_and_near,interaction_candidate,108,68,-0.5540918519596474,0.445,0.33
dirichlet_sparse_024,A1_sample_primary,unconstrained,ridge_v1.3,512,173,-0.16972431996888146,0.5638722554890219,0.9510978043912175
dirichlet_sparse_024,A1_sample_primary,unconstrained,interaction_candidate,512,319,-0.13862438323186488,0.5604395604395604,0.5764235764235764
dirichlet_sparse_024,A1_sample_primary,quality_direct,ridge_v1.3,91,91,-0.1342542535870755,0.45245245245245247,0.5795795795795796
dirichlet_sparse_024,A1_sample_primary,quality_direct,interaction_candidate,91,91,-0.10799819454368045,0.45245245245245247,0.5795795795795796
dirichlet_sparse_024,A1_sample_primary,quality_direct_and_near,ridge_v1.3,108,360,-0.08608788175828594,0.4285714285714286,0.26973026973026976
dirichlet_sparse_024,A1_sample_primary,quality_direct_and_near,interaction_candidate,108,437,-0.10598422791005585,0.442,0.154
dirichlet_sparse_024,A2_A3_extended_sensitivity,unconstrained,ridge_v1.3,512,173,-0.16972431996888146,0.5638722554890219,0.9510978043912175
dirichlet_sparse_024,A2_A3_extended_sensitivity,unconstrained,interaction_candidate,512,319,-0.13862438323186488,0.5604395604395604,0.5764235764235764
dirichlet_sparse_024,A2_A3_extended_sensitivity,quality_direct,ridge_v1.3,92,91,-0.1342542535870755,0.45245245245245247,0.5795795795795796
dirichlet_sparse_024,A2_A3_extended_sensitivity,quality_direct,interaction_candidate,92,91,-0.10799819454368045,0.45245245245245247,0.5795795795795796
dirichlet_sparse_024,A2_A3_extended_sensitivity,quality_direct_and_near,ridge_v1.3,108,360,-0.08608788175828594,0.4285714285714286,0.26973026973026976
dirichlet_sparse_024,A2_A3_extended_sensitivity,quality_direct_and_near,interaction_candidate,108,437,-0.10598422791005585,0.442,0.154
dirichlet_sparse_025,A1_sample_primary,unconstrained,ridge_v1.3,512,364,-0.1373141956169713,0.6476476476476477,0.33733733733733734
dirichlet_sparse_025,A1_sample_primary,unconstrained,interaction_candidate,512,364,-0.11862643622678423,0.6476476476476477,0.33733733733733734
dirichlet_sparse_025,A1_sample_primary,quality_direct,ridge_v1.3,91,484,-0.06802508461630732,0.45545545545545546,0.2072072072072072
dirichlet_sparse_025,A1_sample_primary,quality_direct,interaction_candidate,91,484,-0.0453748136936589,0.45545545545545546,0.2072072072072072
dirichlet_sparse_025,A1_sample_primary,quality_direct_and_near,ridge_v1.3,108,384,-0.07546345030926128,0.234,0.413
dirichlet_sparse_025,A1_sample_primary,quality_direct_and_near,interaction_candidate,108,384,-0.057219059685921364,0.234,0.413
dirichlet_sparse_025,A2_A3_extended_sensitivity,unconstrained,ridge_v1.3,512,364,-0.1373141956169713,0.6476476476476477,0.33733733733733734
dirichlet_sparse_025,A2_A3_extended_sensitivity,unconstrained,interaction_candidate,512,364,-0.11862643622678423,0.6476476476476477,0.33733733733733734
dirichlet_sparse_025,A2_A3_extended_sensitivity,quality_direct,ridge_v1.3,92,484,-0.06802508461630732,0.45545545545545546,0.2072072072072072
dirichlet_sparse_025,A2_A3_extended_sensitivity,quality_direct,interaction_candidate,92,484,-0.0453748136936589,0.45545545545545546,0.2072072072072072
dirichlet_sparse_025,A2_A3_extended_sensitivity,quality_direct_and_near,ridge_v1.3,108,384,-0.07546345030926128,0.234,0.413
dirichlet_sparse_025,A2_A3_extended_sensitivity,quality_direct_and_near,interaction_candidate,108,384,-0.057219059685921364,0.234,0.413
dirichlet_sparse_026,A1_sample_primary,unconstrained,ridge_v1.3,512,171,-0.24947510028358624,0.7087087087087087,0.13813813813813813
dirichlet_sparse_026,A1_sample_primary,unconstrained,interaction_candidate,512,171,-0.23785706139142762,0.7087087087087087,0.13813813813813813
dirichlet_sparse_026,A1_sample_primary,quality_direct,ridge_v1.3,91,285,-0.1060271373162371,0.48648648648648646,0.1021021021021021
dirichlet_sparse_026,A1_sample_primary,quality_direct,interaction_candidate,91,399,-0.08918370006305693,0.4255744255744256,0.18381618381618386
dirichlet_sparse_026,A1_sample_primary,quality_direct_and_near,ridge_v1.3,108,302,-0.13697643804828077,0.3843843843843844,0.16016016016016016
dirichlet_sparse_026,A1_sample_primary,quality_direct_and_near,interaction_candidate,108,302,-0.128105985117022,0.3843843843843844,0.16016016016016016
dirichlet_sparse_026,A2_A3_extended_sensitivity,unconstrained,ridge_v1.3,512,171,-0.24947510028358624,0.7087087087087087,0.13813813813813813
dirichlet_sparse_026,A2_A3_extended_sensitivity,unconstrained,interaction_candidate,512,171,-0.23785706139142762,0.7087087087087087,0.13813813813813813
dirichlet_sparse_026,A2_A3_extended_sensitivity,quality_direct,ridge_v1.3,92,285,-0.1060271373162371,0.48648648648648646,0.1021021021021021
dirichlet_sparse_026,A2_A3_extended_sensitivity,quality_direct,interaction_candidate,92,399,-0.08918370006305693,0.4255744255744256,0.18381618381618386
dirichlet_sparse_026,A2_A3_extended_sensitivity,quality_direct_and_near,ridge_v1.3,108,302,-0.13697643804828077,0.3843843843843844,0.16016016016016016
dirichlet_sparse_026,A2_A3_extended_sensitivity,quality_direct_and_near,interaction_candidate,108,302,-0.128105985117022,0.3843843843843844,0.16016016016016016
dirichlet_sparse_027,A1_sample_primary,unconstrained,ridge_v1.3,512,435,-0.2705993021593635,0.999,0.999
dirichlet_sparse_027,A1_sample_primary,unconstrained,interaction_candidate,512,382,-0.2338056147907712,0.7127127127127126,0.995995995995996
dirichlet_sparse_027,A1_sample_primary,quality_direct,ridge_v1.3,91,26,-0.12282791843241905,0.5145145145145146,0.5635635635635636
dirichlet_sparse_027,A1_sample_primary,quality_direct,interaction_candidate,91,26,-0.11172039594439068,0.5145145145145146,0.5635635635635636
dirichlet_sparse_027,A1_sample_primary,quality_direct_and_near,ridge_v1.3,108,307,-0.07804883483371668,0.55,0.398
dirichlet_sparse_027,A1_sample_primary,quality_direct_and_near,interaction_candidate,108,307,-0.08492517399803773,0.55,0.398
dirichlet_sparse_027,A2_A3_extended_sensitivity,unconstrained,ridge_v1.3,512,435,-0.2705993021593635,0.999,0.999
dirichlet_sparse_027,A2_A3_extended_sensitivity,unconstrained,interaction_candidate,512,382,-0.2338056147907712,0.7127127127127126,0.995995995995996
dirichlet_sparse_027,A2_A3_extended_sensitivity,quality_direct,ridge_v1.3,92,26,-0.12282791843241905,0.5145145145145146,0.5635635635635636
dirichlet_sparse_027,A2_A3_extended_sensitivity,quality_direct,interaction_candidate,92,26,-0.11172039594439068,0.5145145145145146,0.5635635635635636
dirichlet_sparse_027,A2_A3_extended_sensitivity,quality_direct_and_near,ridge_v1.3,108,307,-0.07804883483371668,0.55,0.398
dirichlet_sparse_027,A2_A3_extended_sensitivity,quality_direct_and_near,interaction_candidate,108,307,-0.08492517399803773,0.55,0.398
dirichlet_sparse_028,A1_sample_primary,unconstrained,ridge_v1.3,512,301,-0.20154650243733324,0.36063936063936064,0.2727272727272727
dirichlet_sparse_028,A1_sample_primary,unconstrained,interaction_candidate,512,301,-0.1833918326308903,0.36063936063936064,0.2727272727272727
dirichlet_sparse_028,A1_sample_primary,quality_direct,ridge_v1.3,91,301,-0.20154650243733324,0.36063936063936064,0.2727272727272727
dirichlet_sparse_028,A1_sample_primary,quality_direct,interaction_candidate,91,301,-0.1833918326308903,0.36063936063936064,0.2727272727272727
dirichlet_sparse_028,A1_sample_primary,quality_direct_and_near,ridge_v1.3,108,301,-0.20154650243733324,0.36063936063936064,0.2727272727272727
dirichlet_sparse_028,A1_sample_primary,quality_direct_and_near,interaction_candidate,108,301,-0.1833918326308903,0.36063936063936064,0.2727272727272727
dirichlet_sparse_028,A2_A3_extended_sensitivity,unconstrained,ridge_v1.3,512,301,-0.20154650243733324,0.36063936063936064,0.2727272727272727
dirichlet_sparse_028,A2_A3_extended_sensitivity,unconstrained,interaction_candidate,512,301,-0.1833918326308903,0.36063936063936064,0.2727272727272727
dirichlet_sparse_028,A2_A3_extended_sensitivity,quality_direct,ridge_v1.3,92,301,-0.20154650243733324,0.36063936063936064,0.2727272727272727
dirichlet_sparse_028,A2_A3_extended_sensitivity,quality_direct,interaction_candidate,92,301,-0.1833918326308903,0.36063936063936064,0.2727272727272727
dirichlet_sparse_028,A2_A3_extended_sensitivity,quality_direct_and_near,ridge_v1.3,108,301,-0.20154650243733324,0.36063936063936064,0.2727272727272727
dirichlet_sparse_028,A2_A3_extended_sensitivity,quality_direct_and_near,interaction_candidate,108,301,-0.1833918326308903,0.36063936063936064,0.2727272727272727
dirichlet_sparse_029,A1_sample_primary,unconstrained,ridge_v1.3,512,136,-0.3347501270200074,0.22522522522522523,0.5685685685685684
dirichlet_sparse_029,A1_sample_primary,unconstrained,interaction_candidate,512,136,-0.3050790131974326,0.22522522522522523,0.5685685685685684
dirichlet_sparse_029,A1_sample_primary,quality_direct,ridge_v1.3,91,84,-0.15210564221823855,0.3546453546453547,0.2547452547452548
dirichlet_sparse_029,A1_sample_primary,quality_direct,interaction_candidate,91,301,-0.13649463882870969,0.36063936063936064,0.2727272727272727
dirichlet_sparse_029,A1_sample_primary,quality_direct_and_near,ridge_v1.3,108,384,-0.19700686307337448,0.234,0.413
dirichlet_sparse_029,A1_sample_primary,quality_direct_and_near,interaction_candidate,108,384,-0.1759673105841338,0.234,0.413
dirichlet_sparse_029,A2_A3_extended_sensitivity,unconstrained,ridge_v1.3,512,136,-0.3347501270200074,0.22522522522522523,0.5685685685685684
dirichlet_sparse_029,A2_A3_extended_sensitivity,unconstrained,interaction_candidate,512,136,-0.3050790131974326,0.22522522522522523,0.5685685685685684
dirichlet_sparse_029,A2_A3_extended_sensitivity,quality_direct,ridge_v1.3,92,84,-0.15210564221823855,0.3546453546453547,0.2547452547452548
dirichlet_sparse_029,A2_A3_extended_sensitivity,quality_direct,interaction_candidate,92,301,-0.13649463882870969,0.36063936063936064,0.2727272727272727
dirichlet_sparse_029,A2_A3_extended_sensitivity,quality_direct_and_near,ridge_v1.3,108,384,-0.19700686307337448,0.234,0.413
dirichlet_sparse_029,A2_A3_extended_sensitivity,quality_direct_and_near,interaction_candidate,108,384,-0.1759673105841338,0.234,0.413
dirichlet_sparse_030,A1_sample_primary,unconstrained,ridge_v1.3,512,472,-0.1772111450852437,0.3816183816183816,0.1568431568431568
dirichlet_sparse_030,A1_sample_primary,unconstrained,interaction_candidate,512,472,-0.16210784848816495,0.3816183816183816,0.1568431568431568
dirichlet_sparse_030,A1_sample_primary,quality_direct,ridge_v1.3,91,301,-0.11252756988745616,0.36063936063936064,0.2727272727272727
dirichlet_sparse_030,A1_sample_primary,quality_direct,interaction_candidate,91,301,-0.10199715580721837,0.36063936063936064,0.2727272727272727
dirichlet_sparse_030,A1_sample_primary,quality_direct_and_near,ridge_v1.3,108,472,-0.1772111450852437,0.3816183816183816,0.1568431568431568
dirichlet_sparse_030,A1_sample_primary,quality_direct_and_near,interaction_candidate,108,472,-0.16210784848816495,0.3816183816183816,0.1568431568431568
dirichlet_sparse_030,A2_A3_extended_sensitivity,unconstrained,ridge_v1.3,512,472,-0.1772111450852437,0.3816183816183816,0.1568431568431568
dirichlet_sparse_030,A2_A3_extended_sensitivity,unconstrained,interaction_candidate,512,472,-0.16210784848816495,0.3816183816183816,0.1568431568431568
dirichlet_sparse_030,A2_A3_extended_sensitivity,quality_direct,ridge_v1.3,92,301,-0.11252756988745616,0.36063936063936064,0.2727272727272727
dirichlet_sparse_030,A2_A3_extended_sensitivity,quality_direct,interaction_candidate,92,301,-0.10199715580721837,0.36063936063936064,0.2727272727272727
dirichlet_sparse_030,A2_A3_extended_sensitivity,quality_direct_and_near,ridge_v1.3,108,472,-0.1772111450852437,0.3816183816183816,0.1568431568431568
dirichlet_sparse_030,A2_A3_extended_sensitivity,quality_direct_and_near,interaction_candidate,108,472,-0.16210784848816495,0.3816183816183816,0.1568431568431568
dirichlet_sparse_031,A1_sample_primary,unconstrained,ridge_v1.3,512,136,-0.3767562430987979,0.22522522522522523,0.5685685685685684
dirichlet_sparse_031,A1_sample_primary,unconstrained,interaction_candidate,512,136,-0.3356931365876058,0.22522522522522523,0.5685685685685684
dirichlet_sparse_031,A1_sample_primary,quality_direct,ridge_v1.3,91,84,-0.21385932372959382,0.3546453546453547,0.2547452547452548
dirichlet_sparse_031,A1_sample_primary,quality_direct,interaction_candidate,91,84,-0.19041271745044835,0.3546453546453547,0.2547452547452548
dirichlet_sparse_031,A1_sample_primary,quality_direct_and_near,ridge_v1.3,108,384,-0.22868780651557272,0.234,0.413
dirichlet_sparse_031,A1_sample_primary,quality_direct_and_near,interaction_candidate,108,384,-0.1977199292226333,0.234,0.413
dirichlet_sparse_031,A2_A3_extended_sensitivity,unconstrained,ridge_v1.3,512,136,-0.3767562430987979,0.22522522522522523,0.5685685685685684
dirichlet_sparse_031,A2_A3_extended_sensitivity,unconstrained,interaction_candidate,512,136,-0.3356931365876058,0.22522522522522523,0.5685685685685684
dirichlet_sparse_031,A2_A3_extended_sensitivity,quality_direct,ridge_v1.3,92,84,-0.21385932372959382,0.3546453546453547,0.2547452547452548
dirichlet_sparse_031,A2_A3_extended_sensitivity,quality_direct,interaction_candidate,92,84,-0.19041271745044835,0.3546453546453547,0.2547452547452548
dirichlet_sparse_031,A2_A3_extended_sensitivity,quality_direct_and_near,ridge_v1.3,108,384,-0.22868780651557272,0.234,0.413
dirichlet_sparse_031,A2_A3_extended_sensitivity,quality_direct_and_near,interaction_candidate,108,384,-0.1977199292226333,0.234,0.413
dirichlet_sparse_032,A1_sample_primary,unconstrained,ridge_v1.3,512,292,-0.35615077703864984,0.954,0.045000000000000005
dirichlet_sparse_032,A1_sample_primary,unconstrained,interaction_candidate,512,220,-0.2584524191445467,0.576,0.42200000000000004
dirichlet_sparse_032,A1_sample_primary,quality_direct,ridge_v1.3,91,301,-0.11297012010927548,0.36063936063936064,0.2727272727272727
dirichlet_sparse_032,A1_sample_primary,quality_direct,interaction_candidate,91,437,-0.2313737821803509,0.442,0.154
dirichlet_sparse_032,A1_sample_primary,quality_direct_and_near,ridge_v1.3,108,360,-0.15029745938173178,0.4285714285714286,0.26973026973026976
dirichlet_sparse_032,A1_sample_primary,quality_direct_and_near,interaction_candidate,108,437,-0.2313737821803509,0.442,0.154
dirichlet_sparse_032,A2_A3_extended_sensitivity,unconstrained,ridge_v1.3,512,292,-0.35615077703864984,0.954,0.045000000000000005
dirichlet_sparse_032,A2_A3_extended_sensitivity,unconstrained,interaction_candidate,512,220,-0.2584524191445467,0.576,0.42200000000000004
dirichlet_sparse_032,A2_A3_extended_sensitivity,quality_direct,ridge_v1.3,92,301,-0.11297012010927548,0.36063936063936064,0.2727272727272727
dirichlet_sparse_032,A2_A3_extended_sensitivity,quality_direct,interaction_candidate,92,437,-0.2313737821803509,0.442,0.154
dirichlet_sparse_032,A2_A3_extended_sensitivity,quality_direct_and_near,ridge_v1.3,108,360,-0.15029745938173178,0.4285714285714286,0.26973026973026976
dirichlet_sparse_032,A2_A3_extended_sensitivity,quality_direct_and_near,interaction_candidate,108,437,-0.2313737821803509,0.442,0.154
dirichlet_sparse_033,A1_sample_primary,unconstrained,ridge_v1.3,512,155,-0.09807799930063552,0.4724724724724724,0.6126126126126126
dirichlet_sparse_033,A1_sample_primary,unconstrained,interaction_candidate,512,155,-0.07700885933275978,0.4724724724724724,0.6126126126126126
dirichlet_sparse_033,A1_sample_primary,quality_direct,ridge_v1.3,91,301,-0.06924114596746803,0.36063936063936064,0.2727272727272727
dirichlet_sparse_033,A1_sample_primary,quality_direct,interaction_candidate,91,301,-0.0506137697114001,0.36063936063936064,0.2727272727272727
dirichlet_sparse_033,A1_sample_primary,quality_direct_and_near,ridge_v1.3,108,172,-0.08473843399942825,0.32967032967032966,0.4185814185814186
dirichlet_sparse_033,A1_sample_primary,quality_direct_and_near,interaction_candidate,108,172,-0.058441527418148634,0.32967032967032966,0.4185814185814186
dirichlet_sparse_033,A2_A3_extended_sensitivity,unconstrained,ridge_v1.3,512,155,-0.09807799930063552,0.4724724724724724,0.6126126126126126
dirichlet_sparse_033,A2_A3_extended_sensitivity,unconstrained,interaction_candidate,512,155,-0.07700885933275978,0.4724724724724724,0.6126126126126126
dirichlet_sparse_033,A2_A3_extended_sensitivity,quality_direct,ridge_v1.3,92,301,-0.06924114596746803,0.36063936063936064,0.2727272727272727
dirichlet_sparse_033,A2_A3_extended_sensitivity,quality_direct,interaction_candidate,92,301,-0.0506137697114001,0.36063936063936064,0.2727272727272727
dirichlet_sparse_033,A2_A3_extended_sensitivity,quality_direct_and_near,ridge_v1.3,108,172,-0.08473843399942825,0.32967032967032966,0.4185814185814186
dirichlet_sparse_033,A2_A3_extended_sensitivity,quality_direct_and_near,interaction_candidate,108,172,-0.058441527418148634,0.32967032967032966,0.4185814185814186
dirichlet_sparse_034,A1_sample_primary,unconstrained,ridge_v1.3,512,136,-0.42410967140896244,0.22522522522522523,0.5685685685685684
dirichlet_sparse_034,A1_sample_primary,unconstrained,interaction_candidate,512,136,-0.36072098840605954,0.22522522522522523,0.5685685685685684
dirichlet_sparse_034,A1_sample_primary,quality_direct,ridge_v1.3,91,318,-0.33152643453574127,0.74,0.232
dirichlet_sparse_034,A1_sample_primary,quality_direct,interaction_candidate,91,318,-0.21402270967157813,0.74,0.232
dirichlet_sparse_034,A1_sample_primary,quality_direct_and_near,ridge_v1.3,108,68,-0.35112608118660976,0.445,0.33
dirichlet_sparse_034,A1_sample_primary,quality_direct_and_near,interaction_candidate,108,68,-0.2766492686954401,0.445,0.33
dirichlet_sparse_034,A2_A3_extended_sensitivity,unconstrained,ridge_v1.3,512,136,-0.42410967140896244,0.22522522522522523,0.5685685685685684
dirichlet_sparse_034,A2_A3_extended_sensitivity,unconstrained,interaction_candidate,512,136,-0.36072098840605954,0.22522522522522523,0.5685685685685684
dirichlet_sparse_034,A2_A3_extended_sensitivity,quality_direct,ridge_v1.3,92,318,-0.33152643453574127,0.74,0.232
dirichlet_sparse_034,A2_A3_extended_sensitivity,quality_direct,interaction_candidate,92,318,-0.21402270967157813,0.74,0.232
dirichlet_sparse_034,A2_A3_extended_sensitivity,quality_direct_and_near,ridge_v1.3,108,68,-0.35112608118660976,0.445,0.33
dirichlet_sparse_034,A2_A3_extended_sensitivity,quality_direct_and_near,interaction_candidate,108,68,-0.2766492686954401,0.445,0.33
dirichlet_sparse_035,A1_sample_primary,unconstrained,ridge_v1.3,512,365,-0.22028706432514109,0.518,0.31800000000000006
dirichlet_sparse_035,A1_sample_primary,unconstrained,interaction_candidate,512,365,-0.19707707322649132,0.518,0.31800000000000006
dirichlet_sparse_035,A1_sample_primary,quality_direct,ridge_v1.3,91,301,-0.1504537625573998,0.36063936063936064,0.2727272727272727
dirichlet_sparse_035,A1_sample_primary,quality_direct,interaction_candidate,91,301,-0.1314540198562968,0.36063936063936064,0.2727272727272727
dirichlet_sparse_035,A1_sample_primary,quality_direct_and_near,ridge_v1.3,108,384,-0.18490610245345773,0.234,0.413
dirichlet_sparse_035,A1_sample_primary,quality_direct_and_near,interaction_candidate,108,384,-0.1602416545414252,0.234,0.413
dirichlet_sparse_035,A2_A3_extended_sensitivity,unconstrained,ridge_v1.3,512,365,-0.22028706432514109,0.518,0.31800000000000006
dirichlet_sparse_035,A2_A3_extended_sensitivity,unconstrained,interaction_candidate,512,365,-0.19707707322649132,0.518,0.31800000000000006
dirichlet_sparse_035,A2_A3_extended_sensitivity,quality_direct,ridge_v1.3,92,301,-0.1504537625573998,0.36063936063936064,0.2727272727272727
dirichlet_sparse_035,A2_A3_extended_sensitivity,quality_direct,interaction_candidate,92,301,-0.1314540198562968,0.36063936063936064,0.2727272727272727
dirichlet_sparse_035,A2_A3_extended_sensitivity,quality_direct_and_near,ridge_v1.3,108,384,-0.18490610245345773,0.234,0.413
dirichlet_sparse_035,A2_A3_extended_sensitivity,quality_direct_and_near,interaction_candidate,108,384,-0.1602416545414252,0.234,0.413
dirichlet_sparse_036,A1_sample_primary,unconstrained,ridge_v1.3,512,45,-0.12863023407941532,0.903096903096903,0.04595404595404596
dirichlet_sparse_036,A1_sample_primary,unconstrained,interaction_candidate,512,275,-0.17067427232417523,0.4894894894894895,0.060060060060060066
dirichlet_sparse_036,A1_sample_primary,quality_direct,ridge_v1.3,91,45,-0.12863023407941532,0.903096903096903,0.04595404595404596
dirichlet_sparse_036,A1_sample_primary,quality_direct,interaction_candidate,91,275,-0.17067427232417523,0.4894894894894895,0.060060060060060066
dirichlet_sparse_036,A1_sample_primary,quality_direct_and_near,ridge_v1.3,108,45,-0.12863023407941532,0.903096903096903,0.04595404595404596
dirichlet_sparse_036,A1_sample_primary,quality_direct_and_near,interaction_candidate,108,275,-0.17067427232417523,0.4894894894894895,0.060060060060060066
dirichlet_sparse_036,A2_A3_extended_sensitivity,unconstrained,ridge_v1.3,512,45,-0.12863023407941532,0.903096903096903,0.04595404595404596
dirichlet_sparse_036,A2_A3_extended_sensitivity,unconstrained,interaction_candidate,512,275,-0.17067427232417523,0.4894894894894895,0.060060060060060066
dirichlet_sparse_036,A2_A3_extended_sensitivity,quality_direct,ridge_v1.3,92,45,-0.12863023407941532,0.903096903096903,0.04595404595404596
dirichlet_sparse_036,A2_A3_extended_sensitivity,quality_direct,interaction_candidate,92,275,-0.17067427232417523,0.4894894894894895,0.060060060060060066
dirichlet_sparse_036,A2_A3_extended_sensitivity,quality_direct_and_near,ridge_v1.3,108,45,-0.12863023407941532,0.903096903096903,0.04595404595404596
dirichlet_sparse_036,A2_A3_extended_sensitivity,quality_direct_and_near,interaction_candidate,108,275,-0.17067427232417523,0.4894894894894895,0.060060060060060066
dirichlet_sparse_037,A1_sample_primary,unconstrained,ridge_v1.3,512,136,-0.1628528184027068,0.22522522522522523,0.5685685685685684
dirichlet_sparse_037,A1_sample_primary,unconstrained,interaction_candidate,512,136,-0.14011360567004563,0.22522522522522523,0.5685685685685684
dirichlet_sparse_037,A1_sample_primary,quality_direct,ridge_v1.3,91,301,-0.09022355591936441,0.36063936063936064,0.2727272727272727
dirichlet_sparse_037,A1_sample_primary,quality_direct,interaction_candidate,91,301,-0.07456047582018999,0.36063936063936064,0.2727272727272727
dirichlet_sparse_037,A1_sample_primary,quality_direct_and_near,ridge_v1.3,108,172,-0.12274267006325436,0.32967032967032966,0.4185814185814186
dirichlet_sparse_037,A1_sample_primary,quality_direct_and_near,interaction_candidate,108,172,-0.1069532423097687,0.32967032967032966,0.4185814185814186
dirichlet_sparse_037,A2_A3_extended_sensitivity,unconstrained,ridge_v1.3,512,136,-0.1628528184027068,0.22522522522522523,0.5685685685685684
dirichlet_sparse_037,A2_A3_extended_sensitivity,unconstrained,interaction_candidate,512,136,-0.14011360567004563,0.22522522522522523,0.5685685685685684
dirichlet_sparse_037,A2_A3_extended_sensitivity,quality_direct,ridge_v1.3,92,301,-0.09022355591936441,0.36063936063936064,0.2727272727272727
dirichlet_sparse_037,A2_A3_extended_sensitivity,quality_direct,interaction_candidate,92,301,-0.07456047582018999,0.36063936063936064,0.2727272727272727
dirichlet_sparse_037,A2_A3_extended_sensitivity,quality_direct_and_near,ridge_v1.3,108,172,-0.12274267006325436,0.32967032967032966,0.4185814185814186
dirichlet_sparse_037,A2_A3_extended_sensitivity,quality_direct_and_near,interaction_candidate,108,172,-0.1069532423097687,0.32967032967032966,0.4185814185814186
dirichlet_sparse_038,A1_sample_primary,unconstrained,ridge_v1.3,512,136,-0.2558157605453333,0.22522522522522523,0.5685685685685684
dirichlet_sparse_038,A1_sample_primary,unconstrained,interaction_candidate,512,502,-0.23676979550702731,0.37074148296593185,0.5841683366733467
dirichlet_sparse_038,A1_sample_primary,quality_direct,ridge_v1.3,91,318,-0.10938606712409056,0.74,0.232
dirichlet_sparse_038,A1_sample_primary,quality_direct,interaction_candidate,91,84,-0.08323315834535314,0.3546453546453547,0.2547452547452548
dirichlet_sparse_038,A1_sample_primary,quality_direct_and_near,ridge_v1.3,108,68,-0.22794300171603193,0.445,0.33
dirichlet_sparse_038,A1_sample_primary,quality_direct_and_near,interaction_candidate,108,68,-0.19086448696381714,0.445,0.33
dirichlet_sparse_038,A2_A3_extended_sensitivity,unconstrained,ridge_v1.3,512,136,-0.2558157605453333,0.22522522522522523,0.5685685685685684
dirichlet_sparse_038,A2_A3_extended_sensitivity,unconstrained,interaction_candidate,512,502,-0.23676979550702731,0.37074148296593185,0.5841683366733467
dirichlet_sparse_038,A2_A3_extended_sensitivity,quality_direct,ridge_v1.3,92,318,-0.10938606712409056,0.74,0.232
dirichlet_sparse_038,A2_A3_extended_sensitivity,quality_direct,interaction_candidate,92,84,-0.08323315834535314,0.3546453546453547,0.2547452547452548
dirichlet_sparse_038,A2_A3_extended_sensitivity,quality_direct_and_near,ridge_v1.3,108,68,-0.22794300171603193,0.445,0.33
dirichlet_sparse_038,A2_A3_extended_sensitivity,quality_direct_and_near,interaction_candidate,108,68,-0.19086448696381714,0.445,0.33
dirichlet_sparse_039,A1_sample_primary,unconstrained,ridge_v1.3,512,248,-0.2950767177361129,0.332,0.226
dirichlet_sparse_039,A1_sample_primary,unconstrained,interaction_candidate,512,248,-0.23992346541277532,0.332,0.226
dirichlet_sparse_039,A1_sample_primary,quality_direct,ridge_v1.3,91,301,-0.22218220203212222,0.36063936063936064,0.2727272727272727
dirichlet_sparse_039,A1_sample_primary,quality_direct,interaction_candidate,91,301,-0.19536900234359736,0.36063936063936064,0.2727272727272727
dirichlet_sparse_039,A1_sample_primary,quality_direct_and_near,ridge_v1.3,108,384,-0.25687499966981014,0.234,0.413
dirichlet_sparse_039,A1_sample_primary,quality_direct_and_near,interaction_candidate,108,384,-0.2186314133162643,0.234,0.413
dirichlet_sparse_039,A2_A3_extended_sensitivity,unconstrained,ridge_v1.3,512,248,-0.2950767177361129,0.332,0.226
dirichlet_sparse_039,A2_A3_extended_sensitivity,unconstrained,interaction_candidate,512,248,-0.23992346541277532,0.332,0.226
dirichlet_sparse_039,A2_A3_extended_sensitivity,quality_direct,ridge_v1.3,92,301,-0.22218220203212222,0.36063936063936064,0.2727272727272727
dirichlet_sparse_039,A2_A3_extended_sensitivity,quality_direct,interaction_candidate,92,301,-0.19536900234359736,0.36063936063936064,0.2727272727272727
dirichlet_sparse_039,A2_A3_extended_sensitivity,quality_direct_and_near,ridge_v1.3,108,384,-0.25687499966981014,0.234,0.413
dirichlet_sparse_039,A2_A3_extended_sensitivity,quality_direct_and_near,interaction_candidate,108,384,-0.2186314133162643,0.234,0.413
dirichlet_sparse_040,A1_sample_primary,unconstrained,ridge_v1.3,512,389,-0.336335658532926,0.998,0.002
dirichlet_sparse_040,A1_sample_primary,unconstrained,interaction_candidate,512,389,-0.3144224055919855,0.998,0.002
dirichlet_sparse_040,A1_sample_primary,quality_direct,ridge_v1.3,91,129,-0.1359315461058395,0.3853853853853854,0.3283283283283283
dirichlet_sparse_040,A1_sample_primary,quality_direct,interaction_candidate,91,129,-0.11577035053987735,0.3853853853853854,0.3283283283283283
dirichlet_sparse_040,A1_sample_primary,quality_direct_and_near,ridge_v1.3,108,356,-0.18007215027250462,0.47052947052947053,0.2947052947052947
dirichlet_sparse_040,A1_sample_primary,quality_direct_and_near,interaction_candidate,108,356,-0.1451320745841373,0.47052947052947053,0.2947052947052947
dirichlet_sparse_040,A2_A3_extended_sensitivity,unconstrained,ridge_v1.3,512,389,-0.336335658532926,0.998,0.002
dirichlet_sparse_040,A2_A3_extended_sensitivity,unconstrained,interaction_candidate,512,389,-0.3144224055919855,0.998,0.002
dirichlet_sparse_040,A2_A3_extended_sensitivity,quality_direct,ridge_v1.3,92,479,-0.1551896252561411,0.496,0.23299999999999998
dirichlet_sparse_040,A2_A3_extended_sensitivity,quality_direct,interaction_candidate,92,479,-0.1261196824494857,0.496,0.23299999999999998
dirichlet_sparse_040,A2_A3_extended_sensitivity,quality_direct_and_near,ridge_v1.3,108,356,-0.18007215027250462,0.47052947052947053,0.2947052947052947
dirichlet_sparse_040,A2_A3_extended_sensitivity,quality_direct_and_near,interaction_candidate,108,356,-0.1451320745841373,0.47052947052947053,0.2947052947052947
dirichlet_sparse_041,A1_sample_primary,unconstrained,ridge_v1.3,512,275,-0.06276035038157032,0.4894894894894895,0.060060060060060066
dirichlet_sparse_041,A1_sample_primary,unconstrained,interaction_candidate,512,275,-0.12654797201066578,0.4894894894894895,0.060060060060060066
dirichlet_sparse_041,A1_sample_primary,quality_direct,ridge_v1.3,91,275,-0.06276035038157032,0.4894894894894895,0.060060060060060066
dirichlet_sparse_041,A1_sample_primary,quality_direct,interaction_candidate,91,275,-0.12654797201066578,0.4894894894894895,0.060060060060060066
dirichlet_sparse_041,A1_sample_primary,quality_direct_and_near,ridge_v1.3,108,275,-0.06276035038157032,0.4894894894894895,0.060060060060060066
dirichlet_sparse_041,A1_sample_primary,quality_direct_and_near,interaction_candidate,108,275,-0.12654797201066578,0.4894894894894895,0.060060060060060066
dirichlet_sparse_041,A2_A3_extended_sensitivity,unconstrained,ridge_v1.3,512,275,-0.06276035038157032,0.4894894894894895,0.060060060060060066
dirichlet_sparse_041,A2_A3_extended_sensitivity,unconstrained,interaction_candidate,512,275,-0.12654797201066578,0.4894894894894895,0.060060060060060066
dirichlet_sparse_041,A2_A3_extended_sensitivity,quality_direct,ridge_v1.3,92,275,-0.06276035038157032,0.4894894894894895,0.060060060060060066
dirichlet_sparse_041,A2_A3_extended_sensitivity,quality_direct,interaction_candidate,92,275,-0.12654797201066578,0.4894894894894895,0.060060060060060066
dirichlet_sparse_041,A2_A3_extended_sensitivity,quality_direct_and_near,ridge_v1.3,108,275,-0.06276035038157032,0.4894894894894895,0.060060060060060066
dirichlet_sparse_041,A2_A3_extended_sensitivity,quality_direct_and_near,interaction_candidate,108,275,-0.12654797201066578,0.4894894894894895,0.060060060060060066
dirichlet_sparse_042,A1_sample_primary,unconstrained,ridge_v1.3,512,328,-0.16217496235013903,0.993,1.0
dirichlet_sparse_042,A1_sample_primary,unconstrained,interaction_candidate,512,251,-0.12885164430152996,0.549,0.774
dirichlet_sparse_042,A1_sample_primary,quality_direct,ridge_v1.3,91,266,-0.05853655236185878,0.552,0.6050000000000001
dirichlet_sparse_042,A1_sample_primary,quality_direct,interaction_candidate,91,119,-0.06993388074218691,0.4475524475524476,0.4665334665334666
dirichlet_sparse_042,A1_sample_primary,quality_direct_and_near,ridge_v1.3,108,172,-0.07941133091447018,0.32967032967032966,0.4185814185814186
dirichlet_sparse_042,A1_sample_primary,quality_direct_and_near,interaction_candidate,108,121,-0.05950097897938172,0.29570429570429574,0.40859140859140874
dirichlet_sparse_042,A2_A3_extended_sensitivity,unconstrained,ridge_v1.3,512,328,-0.16217496235013903,0.993,1.0
dirichlet_sparse_042,A2_A3_extended_sensitivity,unconstrained,interaction_candidate,512,251,-0.12885164430152996,0.549,0.774
dirichlet_sparse_042,A2_A3_extended_sensitivity,quality_direct,ridge_v1.3,92,266,-0.05853655236185878,0.552,0.6050000000000001
dirichlet_sparse_042,A2_A3_extended_sensitivity,quality_direct,interaction_candidate,92,119,-0.06993388074218691,0.4475524475524476,0.4665334665334666
dirichlet_sparse_042,A2_A3_extended_sensitivity,quality_direct_and_near,ridge_v1.3,108,172,-0.07941133091447018,0.32967032967032966,0.4185814185814186
dirichlet_sparse_042,A2_A3_extended_sensitivity,quality_direct_and_near,interaction_candidate,108,121,-0.05950097897938172,0.29570429570429574,0.40859140859140874
dirichlet_sparse_043,A1_sample_primary,unconstrained,ridge_v1.3,512,339,-0.12020316167228039,0.5314685314685315,0.6093906093906094
dirichlet_sparse_043,A1_sample_primary,unconstrained,interaction_candidate,512,437,-0.11880748938918452,0.442,0.154
dirichlet_sparse_043,A1_sample_primary,quality_direct,ridge_v1.3,91,339,-0.12020316167228039,0.5314685314685315,0.6093906093906094
dirichlet_sparse_043,A1_sample_primary,quality_direct,interaction_candidate,91,437,-0.11880748938918452,0.442,0.154
dirichlet_sparse_043,A1_sample_primary,quality_direct_and_near,ridge_v1.3,108,480,-0.11951256247694003,0.858,0.14200000000000002
dirichlet_sparse_043,A1_sample_primary,quality_direct_and_near,interaction_candidate,108,437,-0.11880748938918452,0.442,0.154
dirichlet_sparse_043,A2_A3_extended_sensitivity,unconstrained,ridge_v1.3,512,339,-0.12020316167228039,0.5314685314685315,0.6093906093906094
dirichlet_sparse_043,A2_A3_extended_sensitivity,unconstrained,interaction_candidate,512,437,-0.11880748938918452,0.442,0.154
dirichlet_sparse_043,A2_A3_extended_sensitivity,quality_direct,ridge_v1.3,92,339,-0.12020316167228039,0.5314685314685315,0.6093906093906094
dirichlet_sparse_043,A2_A3_extended_sensitivity,quality_direct,interaction_candidate,92,437,-0.11880748938918452,0.442,0.154
dirichlet_sparse_043,A2_A3_extended_sensitivity,quality_direct_and_near,ridge_v1.3,108,480,-0.11951256247694003,0.858,0.14200000000000002
dirichlet_sparse_043,A2_A3_extended_sensitivity,quality_direct_and_near,interaction_candidate,108,437,-0.11880748938918452,0.442,0.154
dirichlet_sparse_044,A1_sample_primary,unconstrained,ridge_v1.3,512,383,-0.33408747574698255,0.8588588588588588,0.13813813813813813
dirichlet_sparse_044,A1_sample_primary,unconstrained,interaction_candidate,512,344,-0.20585306999776912,0.7852147852147852,0.01998001998001998
dirichlet_sparse_044,A1_sample_primary,quality_direct,ridge_v1.3,91,129,-0.10268742432690553,0.3853853853853854,0.3283283283283283
dirichlet_sparse_044,A1_sample_primary,quality_direct,interaction_candidate,91,437,-0.17758763723060855,0.442,0.154
dirichlet_sparse_044,A1_sample_primary,quality_direct_and_near,ridge_v1.3,108,360,-0.13216104604747153,0.4285714285714286,0.26973026973026976
dirichlet_sparse_044,A1_sample_primary,quality_direct_and_near,interaction_candidate,108,437,-0.17758763723060855,0.442,0.154
dirichlet_sparse_044,A2_A3_extended_sensitivity,unconstrained,ridge_v1.3,512,383,-0.33408747574698255,0.8588588588588588,0.13813813813813813
dirichlet_sparse_044,A2_A3_extended_sensitivity,unconstrained,interaction_candidate,512,344,-0.20585306999776912,0.7852147852147852,0.01998001998001998
dirichlet_sparse_044,A2_A3_extended_sensitivity,quality_direct,ridge_v1.3,92,129,-0.10268742432690553,0.3853853853853854,0.3283283283283283
dirichlet_sparse_044,A2_A3_extended_sensitivity,quality_direct,interaction_candidate,92,437,-0.17758763723060855,0.442,0.154
dirichlet_sparse_044,A2_A3_extended_sensitivity,quality_direct_and_near,ridge_v1.3,108,360,-0.13216104604747153,0.4285714285714286,0.26973026973026976
dirichlet_sparse_044,A2_A3_extended_sensitivity,quality_direct_and_near,interaction_candidate,108,437,-0.17758763723060855,0.442,0.154
dirichlet_sparse_045,A1_sample_primary,unconstrained,ridge_v1.3,512,136,-0.8770509302427639,0.22522522522522523,0.5685685685685684
dirichlet_sparse_045,A1_sample_primary,unconstrained,interaction_candidate,512,136,-0.806466075390494,0.22522522522522523,0.5685685685685684
dirichlet_sparse_045,A1_sample_primary,quality_direct,ridge_v1.3,91,318,-0.580860223974942,0.74,0.232
dirichlet_sparse_045,A1_sample_primary,quality_direct,interaction_candidate,91,318,-0.4827875871817184,0.74,0.232
dirichlet_sparse_045,A1_sample_primary,quality_direct_and_near,ridge_v1.3,108,68,-0.7511043039429259,0.445,0.33
dirichlet_sparse_045,A1_sample_primary,quality_direct_and_near,interaction_candidate,108,68,-0.6686948625181377,0.445,0.33
dirichlet_sparse_045,A2_A3_extended_sensitivity,unconstrained,ridge_v1.3,512,136,-0.8770509302427639,0.22522522522522523,0.5685685685685684
dirichlet_sparse_045,A2_A3_extended_sensitivity,unconstrained,interaction_candidate,512,136,-0.806466075390494,0.22522522522522523,0.5685685685685684
dirichlet_sparse_045,A2_A3_extended_sensitivity,quality_direct,ridge_v1.3,92,318,-0.580860223974942,0.74,0.232
dirichlet_sparse_045,A2_A3_extended_sensitivity,quality_direct,interaction_candidate,92,318,-0.4827875871817184,0.74,0.232
dirichlet_sparse_045,A2_A3_extended_sensitivity,quality_direct_and_near,ridge_v1.3,108,68,-0.7511043039429259,0.445,0.33
dirichlet_sparse_045,A2_A3_extended_sensitivity,quality_direct_and_near,interaction_candidate,108,68,-0.6686948625181377,0.445,0.33
dirichlet_sparse_046,A1_sample_primary,unconstrained,ridge_v1.3,512,125,-0.1551217896786125,0.45345345345345345,0.8328328328328327
dirichlet_sparse_046,A1_sample_primary,unconstrained,interaction_candidate,512,492,-0.1203451895219321,0.5470941883767535,0.9789579158316633
dirichlet_sparse_046,A1_sample_primary,quality_direct,ridge_v1.3,91,84,-0.06989273235643427,0.3546453546453547,0.2547452547452548
dirichlet_sparse_046,A1_sample_primary,quality_direct,interaction_candidate,91,84,-0.041464431782057394,0.3546453546453547,0.2547452547452548
dirichlet_sparse_046,A1_sample_primary,quality_direct_and_near,ridge_v1.3,108,68,-0.08600840087673797,0.445,0.33
dirichlet_sparse_046,A1_sample_primary,quality_direct_and_near,interaction_candidate,108,356,-0.04351707374848781,0.47052947052947053,0.2947052947052947
dirichlet_sparse_046,A2_A3_extended_sensitivity,unconstrained,ridge_v1.3,512,125,-0.1551217896786125,0.45345345345345345,0.8328328328328327
dirichlet_sparse_046,A2_A3_extended_sensitivity,unconstrained,interaction_candidate,512,492,-0.1203451895219321,0.5470941883767535,0.9789579158316633
dirichlet_sparse_046,A2_A3_extended_sensitivity,quality_direct,ridge_v1.3,92,84,-0.06989273235643427,0.3546453546453547,0.2547452547452548
dirichlet_sparse_046,A2_A3_extended_sensitivity,quality_direct,interaction_candidate,92,84,-0.041464431782057394,0.3546453546453547,0.2547452547452548
dirichlet_sparse_046,A2_A3_extended_sensitivity,quality_direct_and_near,ridge_v1.3,108,68,-0.08600840087673797,0.445,0.33
dirichlet_sparse_046,A2_A3_extended_sensitivity,quality_direct_and_near,interaction_candidate,108,356,-0.04351707374848781,0.47052947052947053,0.2947052947052947
dirichlet_sparse_047,A1_sample_primary,unconstrained,ridge_v1.3,512,290,-0.10215411526436388,0.66,0.973
dirichlet_sparse_047,A1_sample_primary,unconstrained,interaction_candidate,512,14,-0.07661395796528633,0.3436563436563437,0.7652347652347652
dirichlet_sparse_047,A1_sample_primary,quality_direct,ridge_v1.3,91,91,-0.07474324728111525,0.45245245245245247,0.5795795795795796
dirichlet_sparse_047,A1_sample_primary,quality_direct,interaction_candidate,91,91,-0.056170789912088626,0.45245245245245247,0.5795795795795796
dirichlet_sparse_047,A1_sample_primary,quality_direct_and_near,ridge_v1.3,108,172,-0.0628177385521684,0.32967032967032966,0.4185814185814186
dirichlet_sparse_047,A1_sample_primary,quality_direct_and_near,interaction_candidate,108,477,-0.05428179851217343,0.35535535535535534,0.3693693693693694
dirichlet_sparse_047,A2_A3_extended_sensitivity,unconstrained,ridge_v1.3,512,290,-0.10215411526436388,0.66,0.973
dirichlet_sparse_047,A2_A3_extended_sensitivity,unconstrained,interaction_candidate,512,14,-0.07661395796528633,0.3436563436563437,0.7652347652347652
dirichlet_sparse_047,A2_A3_extended_sensitivity,quality_direct,ridge_v1.3,92,91,-0.07474324728111525,0.45245245245245247,0.5795795795795796
dirichlet_sparse_047,A2_A3_extended_sensitivity,quality_direct,interaction_candidate,92,91,-0.056170789912088626,0.45245245245245247,0.5795795795795796
dirichlet_sparse_047,A2_A3_extended_sensitivity,quality_direct_and_near,ridge_v1.3,108,172,-0.0628177385521684,0.32967032967032966,0.4185814185814186
dirichlet_sparse_047,A2_A3_extended_sensitivity,quality_direct_and_near,interaction_candidate,108,477,-0.05428179851217343,0.35535535535535534,0.3693693693693694
dirichlet_sparse_048,A1_sample_primary,unconstrained,ridge_v1.3,512,326,-0.15787939097474454,0.779,0.22100000000000003
dirichlet_sparse_048,A1_sample_primary,unconstrained,interaction_candidate,512,319,-0.15247905447213816,0.5604395604395604,0.5764235764235764
dirichlet_sparse_048,A1_sample_primary,quality_direct,ridge_v1.3,91,129,-0.10829751648936192,0.3853853853853854,0.3283283283283283
dirichlet_sparse_048,A1_sample_primary,quality_direct,interaction_candidate,91,129,-0.08550659135866694,0.3853853853853854,0.3283283283283283
dirichlet_sparse_048,A1_sample_primary,quality_direct_and_near,ridge_v1.3,108,129,-0.10829751648936192,0.3853853853853854,0.3283283283283283
dirichlet_sparse_048,A1_sample_primary,quality_direct_and_near,interaction_candidate,108,129,-0.08550659135866694,0.3853853853853854,0.3283283283283283
dirichlet_sparse_048,A2_A3_extended_sensitivity,unconstrained,ridge_v1.3,512,326,-0.15787939097474454,0.779,0.22100000000000003
dirichlet_sparse_048,A2_A3_extended_sensitivity,unconstrained,interaction_candidate,512,319,-0.15247905447213816,0.5604395604395604,0.5764235764235764
dirichlet_sparse_048,A2_A3_extended_sensitivity,quality_direct,ridge_v1.3,92,129,-0.10829751648936192,0.3853853853853854,0.3283283283283283
dirichlet_sparse_048,A2_A3_extended_sensitivity,quality_direct,interaction_candidate,92,129,-0.08550659135866694,0.3853853853853854,0.3283283283283283
dirichlet_sparse_048,A2_A3_extended_sensitivity,quality_direct_and_near,ridge_v1.3,108,129,-0.10829751648936192,0.3853853853853854,0.3283283283283283
dirichlet_sparse_048,A2_A3_extended_sensitivity,quality_direct_and_near,interaction_candidate,108,129,-0.08550659135866694,0.3853853853853854,0.3283283283283283
dirichlet_sparse_049,A1_sample_primary,unconstrained,ridge_v1.3,512,83,-0.29594455107983386,0.988988988988989,0.009009009009009009
dirichlet_sparse_049,A1_sample_primary,unconstrained,interaction_candidate,512,83,-0.2765473586872004,0.988988988988989,0.009009009009009009
dirichlet_sparse_049,A1_sample_primary,quality_direct,ridge_v1.3,91,84,-0.1295218074916176,0.3546453546453547,0.2547452547452548
dirichlet_sparse_049,A1_sample_primary,quality_direct,interaction_candidate,91,129,-0.10849131660066594,0.3853853853853854,0.3283283283283283
dirichlet_sparse_049,A1_sample_primary,quality_direct_and_near,ridge_v1.3,108,356,-0.19137426966034982,0.47052947052947053,0.2947052947052947
dirichlet_sparse_049,A1_sample_primary,quality_direct_and_near,interaction_candidate,108,356,-0.16077640092408801,0.47052947052947053,0.2947052947052947
dirichlet_sparse_049,A2_A3_extended_sensitivity,unconstrained,ridge_v1.3,512,83,-0.29594455107983386,0.988988988988989,0.009009009009009009
dirichlet_sparse_049,A2_A3_extended_sensitivity,unconstrained,interaction_candidate,512,83,-0.2765473586872004,0.988988988988989,0.009009009009009009
dirichlet_sparse_049,A2_A3_extended_sensitivity,quality_direct,ridge_v1.3,92,479,-0.1350512796785555,0.496,0.23299999999999998
dirichlet_sparse_049,A2_A3_extended_sensitivity,quality_direct,interaction_candidate,92,479,-0.11055501507001908,0.496,0.23299999999999998
dirichlet_sparse_049,A2_A3_extended_sensitivity,quality_direct_and_near,ridge_v1.3,108,356,-0.19137426966034982,0.47052947052947053,0.2947052947052947
dirichlet_sparse_049,A2_A3_extended_sensitivity,quality_direct_and_near,interaction_candidate,108,356,-0.16077640092408801,0.47052947052947053,0.2947052947052947
dirichlet_sparse_050,A1_sample_primary,unconstrained,ridge_v1.3,512,384,-0.2100904600470092,0.234,0.413
dirichlet_sparse_050,A1_sample_primary,unconstrained,interaction_candidate,512,384,-0.1768820876924583,0.234,0.413
dirichlet_sparse_050,A1_sample_primary,quality_direct,ridge_v1.3,91,301,-0.17942085064182453,0.36063936063936064,0.2727272727272727
dirichlet_sparse_050,A1_sample_primary,quality_direct,interaction_candidate,91,301,-0.15863886501928068,0.36063936063936064,0.2727272727272727
dirichlet_sparse_050,A1_sample_primary,quality_direct_and_near,ridge_v1.3,108,384,-0.2100904600470092,0.234,0.413
dirichlet_sparse_050,A1_sample_primary,quality_direct_and_near,interaction_candidate,108,384,-0.1768820876924583,0.234,0.413
dirichlet_sparse_050,A2_A3_extended_sensitivity,unconstrained,ridge_v1.3,512,384,-0.2100904600470092,0.234,0.413
dirichlet_sparse_050,A2_A3_extended_sensitivity,unconstrained,interaction_candidate,512,384,-0.1768820876924583,0.234,0.413
dirichlet_sparse_050,A2_A3_extended_sensitivity,quality_direct,ridge_v1.3,92,301,-0.17942085064182453,0.36063936063936064,0.2727272727272727
dirichlet_sparse_050,A2_A3_extended_sensitivity,quality_direct,interaction_candidate,92,301,-0.15863886501928068,0.36063936063936064,0.2727272727272727
dirichlet_sparse_050,A2_A3_extended_sensitivity,quality_direct_and_near,ridge_v1.3,108,384,-0.2100904600470092,0.234,0.413
dirichlet_sparse_050,A2_A3_extended_sensitivity,quality_direct_and_near,interaction_candidate,108,384,-0.1768820876924583,0.234,0.413
dirichlet_sparse_051,A1_sample_primary,unconstrained,ridge_v1.3,512,79,-0.2249434749465426,0.659,0.17400000000000002
dirichlet_sparse_051,A1_sample_primary,unconstrained,interaction_candidate,512,3,-0.2042731734494097,0.679,0.052000000000000005
dirichlet_sparse_051,A1_sample_primary,quality_direct,ridge_v1.3,91,79,-0.2249434749465426,0.659,0.17400000000000002
dirichlet_sparse_051,A1_sample_primary,quality_direct,interaction_candidate,91,3,-0.2042731734494097,0.679,0.052000000000000005
dirichlet_sparse_051,A1_sample_primary,quality_direct_and_near,ridge_v1.3,108,79,-0.2249434749465426,0.659,0.17400000000000002
dirichlet_sparse_051,A1_sample_primary,quality_direct_and_near,interaction_candidate,108,3,-0.2042731734494097,0.679,0.052000000000000005
dirichlet_sparse_051,A2_A3_extended_sensitivity,unconstrained,ridge_v1.3,512,79,-0.2249434749465426,0.659,0.17400000000000002
dirichlet_sparse_051,A2_A3_extended_sensitivity,unconstrained,interaction_candidate,512,3,-0.2042731734494097,0.679,0.052000000000000005
dirichlet_sparse_051,A2_A3_extended_sensitivity,quality_direct,ridge_v1.3,92,79,-0.2249434749465426,0.659,0.17400000000000002
dirichlet_sparse_051,A2_A3_extended_sensitivity,quality_direct,interaction_candidate,92,3,-0.2042731734494097,0.679,0.052000000000000005
dirichlet_sparse_051,A2_A3_extended_sensitivity,quality_direct_and_near,ridge_v1.3,108,79,-0.2249434749465426,0.659,0.17400000000000002
dirichlet_sparse_051,A2_A3_extended_sensitivity,quality_direct_and_near,interaction_candidate,108,3,-0.2042731734494097,0.679,0.052000000000000005
dirichlet_sparse_052,A1_sample_primary,unconstrained,ridge_v1.3,512,492,-0.12186607921205797,0.5470941883767535,0.9789579158316633
dirichlet_sparse_052,A1_sample_primary,unconstrained,interaction_candidate,512,492,-0.09937349060557271,0.5470941883767535,0.9789579158316633
dirichlet_sparse_052,A1_sample_primary,quality_direct,ridge_v1.3,91,250,-0.04974142581425458,0.6793206793206793,0.3146853146853147
dirichlet_sparse_052,A1_sample_primary,quality_direct,interaction_candidate,91,475,-0.04480839555446441,0.4265734265734266,0.2267732267732268
dirichlet_sparse_052,A1_sample_primary,quality_direct_and_near,ridge_v1.3,108,68,-0.07951958151434577,0.445,0.33
dirichlet_sparse_052,A1_sample_primary,quality_direct_and_near,interaction_candidate,108,172,-0.05585744839153985,0.32967032967032966,0.4185814185814186
dirichlet_sparse_052,A2_A3_extended_sensitivity,unconstrained,ridge_v1.3,512,492,-0.12186607921205797,0.5470941883767535,0.9789579158316633
dirichlet_sparse_052,A2_A3_extended_sensitivity,unconstrained,interaction_candidate,512,492,-0.09937349060557271,0.5470941883767535,0.9789579158316633
dirichlet_sparse_052,A2_A3_extended_sensitivity,quality_direct,ridge_v1.3,92,250,-0.04974142581425458,0.6793206793206793,0.3146853146853147
dirichlet_sparse_052,A2_A3_extended_sensitivity,quality_direct,interaction_candidate,92,475,-0.04480839555446441,0.4265734265734266,0.2267732267732268
dirichlet_sparse_052,A2_A3_extended_sensitivity,quality_direct_and_near,ridge_v1.3,108,68,-0.07951958151434577,0.445,0.33
dirichlet_sparse_052,A2_A3_extended_sensitivity,quality_direct_and_near,interaction_candidate,108,172,-0.05585744839153985,0.32967032967032966,0.4185814185814186
dirichlet_sparse_053,A1_sample_primary,unconstrained,ridge_v1.3,512,136,-0.21676782101312148,0.22522522522522523,0.5685685685685684
dirichlet_sparse_053,A1_sample_primary,unconstrained,interaction_candidate,512,355,-0.19469560000726194,0.4505494505494505,0.7372627372627373
dirichlet_sparse_053,A1_sample_primary,quality_direct,ridge_v1.3,91,495,-0.12033204221025319,0.4394394394394394,0.5555555555555556
dirichlet_sparse_053,A1_sample_primary,quality_direct,interaction_candidate,91,495,-0.10065747141455411,0.4394394394394394,0.5555555555555556
dirichlet_sparse_053,A1_sample_primary,quality_direct_and_near,ridge_v1.3,108,68,-0.1526819967641137,0.445,0.33
dirichlet_sparse_053,A1_sample_primary,quality_direct_and_near,interaction_candidate,108,68,-0.1252835298924559,0.445,0.33
dirichlet_sparse_053,A2_A3_extended_sensitivity,unconstrained,ridge_v1.3,512,136,-0.21676782101312148,0.22522522522522523,0.5685685685685684
dirichlet_sparse_053,A2_A3_extended_sensitivity,unconstrained,interaction_candidate,512,355,-0.19469560000726194,0.4505494505494505,0.7372627372627373
dirichlet_sparse_053,A2_A3_extended_sensitivity,quality_direct,ridge_v1.3,92,495,-0.12033204221025319,0.4394394394394394,0.5555555555555556
dirichlet_sparse_053,A2_A3_extended_sensitivity,quality_direct,interaction_candidate,92,495,-0.10065747141455411,0.4394394394394394,0.5555555555555556
dirichlet_sparse_053,A2_A3_extended_sensitivity,quality_direct_and_near,ridge_v1.3,108,68,-0.1526819967641137,0.445,0.33
dirichlet_sparse_053,A2_A3_extended_sensitivity,quality_direct_and_near,interaction_candidate,108,68,-0.1252835298924559,0.445,0.33
dirichlet_sparse_054,A1_sample_primary,unconstrained,ridge_v1.3,512,136,-0.2851159968832066,0.22522522522522523,0.5685685685685684
dirichlet_sparse_054,A1_sample_primary,unconstrained,interaction_candidate,512,225,-0.2588949985802435,0.4005994005994006,0.48951048951048953
dirichlet_sparse_054,A1_sample_primary,quality_direct,ridge_v1.3,91,318,-0.21761564171941927,0.74,0.232
dirichlet_sparse_054,A1_sample_primary,quality_direct,interaction_candidate,91,318,-0.1422385965177859,0.74,0.232
dirichlet_sparse_054,A1_sample_primary,quality_direct_and_near,ridge_v1.3,108,68,-0.2513760317927883,0.445,0.33
dirichlet_sparse_054,A1_sample_primary,quality_direct_and_near,interaction_candidate,108,68,-0.19473956599941272,0.445,0.33
dirichlet_sparse_054,A2_A3_extended_sensitivity,unconstrained,ridge_v1.3,512,136,-0.2851159968832066,0.22522522522522523,0.5685685685685684
dirichlet_sparse_054,A2_A3_extended_sensitivity,unconstrained,interaction_candidate,512,225,-0.2588949985802435,0.4005994005994006,0.48951048951048953
dirichlet_sparse_054,A2_A3_extended_sensitivity,quality_direct,ridge_v1.3,92,318,-0.21761564171941927,0.74,0.232
dirichlet_sparse_054,A2_A3_extended_sensitivity,quality_direct,interaction_candidate,92,318,-0.1422385965177859,0.74,0.232
dirichlet_sparse_054,A2_A3_extended_sensitivity,quality_direct_and_near,ridge_v1.3,108,68,-0.2513760317927883,0.445,0.33
dirichlet_sparse_054,A2_A3_extended_sensitivity,quality_direct_and_near,interaction_candidate,108,68,-0.19473956599941272,0.445,0.33
dirichlet_sparse_055,A1_sample_primary,unconstrained,ridge_v1.3,512,365,-0.365395611825266,0.518,0.31800000000000006
dirichlet_sparse_055,A1_sample_primary,unconstrained,interaction_candidate,512,365,-0.3380897177765041,0.518,0.31800000000000006
dirichlet_sparse_055,A1_sample_primary,quality_direct,ridge_v1.3,91,301,-0.3222429308571758,0.36063936063936064,0.2727272727272727
dirichlet_sparse_055,A1_sample_primary,quality_direct,interaction_candidate,91,301,-0.3029269087476035,0.36063936063936064,0.2727272727272727
dirichlet_sparse_055,A1_sample_primary,quality_direct_and_near,ridge_v1.3,108,384,-0.3611092602316889,0.234,0.413
dirichlet_sparse_055,A1_sample_primary,quality_direct_and_near,interaction_candidate,108,384,-0.3344034036262615,0.234,0.413
dirichlet_sparse_055,A2_A3_extended_sensitivity,unconstrained,ridge_v1.3,512,365,-0.365395611825266,0.518,0.31800000000000006
dirichlet_sparse_055,A2_A3_extended_sensitivity,unconstrained,interaction_candidate,512,365,-0.3380897177765041,0.518,0.31800000000000006
dirichlet_sparse_055,A2_A3_extended_sensitivity,quality_direct,ridge_v1.3,92,301,-0.3222429308571758,0.36063936063936064,0.2727272727272727
dirichlet_sparse_055,A2_A3_extended_sensitivity,quality_direct,interaction_candidate,92,301,-0.3029269087476035,0.36063936063936064,0.2727272727272727
dirichlet_sparse_055,A2_A3_extended_sensitivity,quality_direct_and_near,ridge_v1.3,108,384,-0.3611092602316889,0.234,0.413
dirichlet_sparse_055,A2_A3_extended_sensitivity,quality_direct_and_near,interaction_candidate,108,384,-0.3344034036262615,0.234,0.413
dirichlet_sparse_056,A1_sample_primary,unconstrained,ridge_v1.3,512,225,-0.10721244499768048,0.4005994005994006,0.48951048951048953
dirichlet_sparse_056,A1_sample_primary,unconstrained,interaction_candidate,512,110,-0.08705813970938321,0.583,0.9239999999999999
dirichlet_sparse_056,A1_sample_primary,quality_direct,ridge_v1.3,91,318,-0.05045672204965104,0.74,0.232
dirichlet_sparse_056,A1_sample_primary,quality_direct,interaction_candidate,91,210,-0.06048230142318655,0.4904904904904905,0.5045045045045045
dirichlet_sparse_056,A1_sample_primary,quality_direct_and_near,ridge_v1.3,108,172,-0.09709241722462822,0.32967032967032966,0.4185814185814186
dirichlet_sparse_056,A1_sample_primary,quality_direct_and_near,interaction_candidate,108,172,-0.07575753714287038,0.32967032967032966,0.4185814185814186
dirichlet_sparse_056,A2_A3_extended_sensitivity,unconstrained,ridge_v1.3,512,225,-0.10721244499768048,0.4005994005994006,0.48951048951048953
dirichlet_sparse_056,A2_A3_extended_sensitivity,unconstrained,interaction_candidate,512,110,-0.08705813970938321,0.583,0.9239999999999999
dirichlet_sparse_056,A2_A3_extended_sensitivity,quality_direct,ridge_v1.3,92,318,-0.05045672204965104,0.74,0.232
dirichlet_sparse_056,A2_A3_extended_sensitivity,quality_direct,interaction_candidate,92,210,-0.06048230142318655,0.4904904904904905,0.5045045045045045
dirichlet_sparse_056,A2_A3_extended_sensitivity,quality_direct_and_near,ridge_v1.3,108,172,-0.09709241722462822,0.32967032967032966,0.4185814185814186
dirichlet_sparse_056,A2_A3_extended_sensitivity,quality_direct_and_near,interaction_candidate,108,172,-0.07575753714287038,0.32967032967032966,0.4185814185814186
dirichlet_sparse_057,A1_sample_primary,unconstrained,ridge_v1.3,512,136,-0.7120742964666811,0.22522522522522523,0.5685685685685684
dirichlet_sparse_057,A1_sample_primary,unconstrained,interaction_candidate,512,136,-0.6476216698212225,0.22522522522522523,0.5685685685685684
dirichlet_sparse_057,A1_sample_primary,quality_direct,ridge_v1.3,91,318,-0.4781116644830559,0.74,0.232
dirichlet_sparse_057,A1_sample_primary,quality_direct,interaction_candidate,91,250,-0.3817599468079661,0.6793206793206793,0.3146853146853147
dirichlet_sparse_057,A1_sample_primary,quality_direct_and_near,ridge_v1.3,108,68,-0.5915511634346123,0.445,0.33
dirichlet_sparse_057,A1_sample_primary,quality_direct_and_near,interaction_candidate,108,68,-0.512154467998461,0.445,0.33
dirichlet_sparse_057,A2_A3_extended_sensitivity,unconstrained,ridge_v1.3,512,136,-0.7120742964666811,0.22522522522522523,0.5685685685685684
dirichlet_sparse_057,A2_A3_extended_sensitivity,unconstrained,interaction_candidate,512,136,-0.6476216698212225,0.22522522522522523,0.5685685685685684
dirichlet_sparse_057,A2_A3_extended_sensitivity,quality_direct,ridge_v1.3,92,318,-0.4781116644830559,0.74,0.232
dirichlet_sparse_057,A2_A3_extended_sensitivity,quality_direct,interaction_candidate,92,250,-0.3817599468079661,0.6793206793206793,0.3146853146853147
dirichlet_sparse_057,A2_A3_extended_sensitivity,quality_direct_and_near,ridge_v1.3,108,68,-0.5915511634346123,0.445,0.33
dirichlet_sparse_057,A2_A3_extended_sensitivity,quality_direct_and_near,interaction_candidate,108,68,-0.512154467998461,0.445,0.33
dirichlet_sparse_058,A1_sample_primary,unconstrained,ridge_v1.3,512,45,-0.3276788795012667,0.903096903096903,0.04595404595404596
dirichlet_sparse_058,A1_sample_primary,unconstrained,interaction_candidate,512,90,-0.31525304897451417,0.5765765765765766,0.07607607607607608
dirichlet_sparse_058,A1_sample_primary,quality_direct,ridge_v1.3,91,45,-0.3276788795012667,0.903096903096903,0.04595404595404596
dirichlet_sparse_058,A1_sample_primary,quality_direct,interaction_candidate,91,90,-0.31525304897451417,0.5765765765765766,0.07607607607607608
dirichlet_sparse_058,A1_sample_primary,quality_direct_and_near,ridge_v1.3,108,45,-0.3276788795012667,0.903096903096903,0.04595404595404596
dirichlet_sparse_058,A1_sample_primary,quality_direct_and_near,interaction_candidate,108,90,-0.31525304897451417,0.5765765765765766,0.07607607607607608
dirichlet_sparse_058,A2_A3_extended_sensitivity,unconstrained,ridge_v1.3,512,45,-0.3276788795012667,0.903096903096903,0.04595404595404596
dirichlet_sparse_058,A2_A3_extended_sensitivity,unconstrained,interaction_candidate,512,90,-0.31525304897451417,0.5765765765765766,0.07607607607607608
dirichlet_sparse_058,A2_A3_extended_sensitivity,quality_direct,ridge_v1.3,92,45,-0.3276788795012667,0.903096903096903,0.04595404595404596
dirichlet_sparse_058,A2_A3_extended_sensitivity,quality_direct,interaction_candidate,92,90,-0.31525304897451417,0.5765765765765766,0.07607607607607608
dirichlet_sparse_058,A2_A3_extended_sensitivity,quality_direct_and_near,ridge_v1.3,108,45,-0.3276788795012667,0.903096903096903,0.04595404595404596
dirichlet_sparse_058,A2_A3_extended_sensitivity,quality_direct_and_near,interaction_candidate,108,90,-0.31525304897451417,0.5765765765765766,0.07607607607607608
dirichlet_sparse_059,A1_sample_primary,unconstrained,ridge_v1.3,512,300,-0.11912742674706327,0.9021956087824351,0.08682634730538923
dirichlet_sparse_059,A1_sample_primary,unconstrained,interaction_candidate,512,3,-0.1293329913564436,0.679,0.052000000000000005
dirichlet_sparse_059,A1_sample_primary,quality_direct,ridge_v1.3,91,300,-0.11912742674706327,0.9021956087824351,0.08682634730538923
dirichlet_sparse_059,A1_sample_primary,quality_direct,interaction_candidate,91,3,-0.1293329913564436,0.679,0.052000000000000005
dirichlet_sparse_059,A1_sample_primary,quality_direct_and_near,ridge_v1.3,108,300,-0.11912742674706327,0.9021956087824351,0.08682634730538923
dirichlet_sparse_059,A1_sample_primary,quality_direct_and_near,interaction_candidate,108,3,-0.1293329913564436,0.679,0.052000000000000005
dirichlet_sparse_059,A2_A3_extended_sensitivity,unconstrained,ridge_v1.3,512,300,-0.11912742674706327,0.9021956087824351,0.08682634730538923
dirichlet_sparse_059,A2_A3_extended_sensitivity,unconstrained,interaction_candidate,512,3,-0.1293329913564436,0.679,0.052000000000000005
dirichlet_sparse_059,A2_A3_extended_sensitivity,quality_direct,ridge_v1.3,92,300,-0.11912742674706327,0.9021956087824351,0.08682634730538923
dirichlet_sparse_059,A2_A3_extended_sensitivity,quality_direct,interaction_candidate,92,3,-0.1293329913564436,0.679,0.052000000000000005
dirichlet_sparse_059,A2_A3_extended_sensitivity,quality_direct_and_near,ridge_v1.3,108,300,-0.11912742674706327,0.9021956087824351,0.08682634730538923
dirichlet_sparse_059,A2_A3_extended_sensitivity,quality_direct_and_near,interaction_candidate,108,3,-0.1293329913564436,0.679,0.052000000000000005
dirichlet_sparse_060,A1_sample_primary,unconstrained,ridge_v1.3,512,171,-0.2159557578482888,0.7087087087087087,0.13813813813813813
dirichlet_sparse_060,A1_sample_primary,unconstrained,interaction_candidate,512,171,-0.20509736129684933,0.7087087087087087,0.13813813813813813
dirichlet_sparse_060,A1_sample_primary,quality_direct,ridge_v1.3,91,478,-0.10062325269843653,0.34265734265734266,0.3146853146853147
dirichlet_sparse_060,A1_sample_primary,quality_direct,interaction_candidate,91,478,-0.08825705072894607,0.34265734265734266,0.3146853146853147
dirichlet_sparse_060,A1_sample_primary,quality_direct_and_near,ridge_v1.3,108,505,-0.152048764743996,0.36536536536536535,0.34934934934934936
dirichlet_sparse_060,A1_sample_primary,quality_direct_and_near,interaction_candidate,108,505,-0.1403264298908311,0.36536536536536535,0.34934934934934936
dirichlet_sparse_060,A2_A3_extended_sensitivity,unconstrained,ridge_v1.3,512,171,-0.2159557578482888,0.7087087087087087,0.13813813813813813
dirichlet_sparse_060,A2_A3_extended_sensitivity,unconstrained,interaction_candidate,512,171,-0.20509736129684933,0.7087087087087087,0.13813813813813813
dirichlet_sparse_060,A2_A3_extended_sensitivity,quality_direct,ridge_v1.3,92,478,-0.10062325269843653,0.34265734265734266,0.3146853146853147
dirichlet_sparse_060,A2_A3_extended_sensitivity,quality_direct,interaction_candidate,92,478,-0.08825705072894607,0.34265734265734266,0.3146853146853147
dirichlet_sparse_060,A2_A3_extended_sensitivity,quality_direct_and_near,ridge_v1.3,108,505,-0.152048764743996,0.36536536536536535,0.34934934934934936
dirichlet_sparse_060,A2_A3_extended_sensitivity,quality_direct_and_near,interaction_candidate,108,505,-0.1403264298908311,0.36536536536536535,0.34934934934934936
dirichlet_sparse_061,A1_sample_primary,unconstrained,ridge_v1.3,512,83,-0.2487163021938947,0.988988988988989,0.009009009009009009
dirichlet_sparse_061,A1_sample_primary,unconstrained,interaction_candidate,512,83,-0.2255992858704443,0.988988988988989,0.009009009009009009
dirichlet_sparse_061,A1_sample_primary,quality_direct,ridge_v1.3,91,129,-0.11564414502219912,0.3853853853853854,0.3283283283283283
dirichlet_sparse_061,A1_sample_primary,quality_direct,interaction_candidate,91,129,-0.09421043317965068,0.3853853853853854,0.3283283283283283
dirichlet_sparse_061,A1_sample_primary,quality_direct_and_near,ridge_v1.3,108,356,-0.14672543156383347,0.47052947052947053,0.2947052947052947
dirichlet_sparse_061,A1_sample_primary,quality_direct_and_near,interaction_candidate,108,356,-0.11119854347365903,0.47052947052947053,0.2947052947052947
dirichlet_sparse_061,A2_A3_extended_sensitivity,unconstrained,ridge_v1.3,512,83,-0.2487163021938947,0.988988988988989,0.009009009009009009
dirichlet_sparse_061,A2_A3_extended_sensitivity,unconstrained,interaction_candidate,512,83,-0.2255992858704443,0.988988988988989,0.009009009009009009
dirichlet_sparse_061,A2_A3_extended_sensitivity,quality_direct,ridge_v1.3,92,479,-0.1177573977744831,0.496,0.23299999999999998
dirichlet_sparse_061,A2_A3_extended_sensitivity,quality_direct,interaction_candidate,92,129,-0.09421043317965068,0.3853853853853854,0.3283283283283283
dirichlet_sparse_061,A2_A3_extended_sensitivity,quality_direct_and_near,ridge_v1.3,108,356,-0.14672543156383347,0.47052947052947053,0.2947052947052947
dirichlet_sparse_061,A2_A3_extended_sensitivity,quality_direct_and_near,interaction_candidate,108,356,-0.11119854347365903,0.47052947052947053,0.2947052947052947
dirichlet_sparse_062,A1_sample_primary,unconstrained,ridge_v1.3,512,328,-0.1293775732688483,0.993,1.0
dirichlet_sparse_062,A1_sample_primary,unconstrained,interaction_candidate,512,78,-0.12548433320459332,0.471,0.49100000000000005
dirichlet_sparse_062,A1_sample_primary,quality_direct,ridge_v1.3,91,370,-0.07390371970689838,0.5375375375375375,0.4314314314314315
dirichlet_sparse_062,A1_sample_primary,quality_direct,interaction_candidate,91,78,-0.12548433320459332,0.471,0.49100000000000005
dirichlet_sparse_062,A1_sample_primary,quality_direct_and_near,ridge_v1.3,108,370,-0.07390371970689838,0.5375375375375375,0.4314314314314315
dirichlet_sparse_062,A1_sample_primary,quality_direct_and_near,interaction_candidate,108,76,-0.11579612816693192,0.5615615615615616,0.4154154154154153
dirichlet_sparse_062,A2_A3_extended_sensitivity,unconstrained,ridge_v1.3,512,328,-0.1293775732688483,0.993,1.0
dirichlet_sparse_062,A2_A3_extended_sensitivity,unconstrained,interaction_candidate,512,78,-0.12548433320459332,0.471,0.49100000000000005
dirichlet_sparse_062,A2_A3_extended_sensitivity,quality_direct,ridge_v1.3,92,370,-0.07390371970689838,0.5375375375375375,0.4314314314314315
dirichlet_sparse_062,A2_A3_extended_sensitivity,quality_direct,interaction_candidate,92,78,-0.12548433320459332,0.471,0.49100000000000005
dirichlet_sparse_062,A2_A3_extended_sensitivity,quality_direct_and_near,ridge_v1.3,108,370,-0.07390371970689838,0.5375375375375375,0.4314314314314315
dirichlet_sparse_062,A2_A3_extended_sensitivity,quality_direct_and_near,interaction_candidate,108,76,-0.11579612816693192,0.5615615615615616,0.4154154154154153
dirichlet_sparse_063,A1_sample_primary,unconstrained,ridge_v1.3,512,383,-0.2321587135591828,0.8588588588588588,0.13813813813813813
dirichlet_sparse_063,A1_sample_primary,unconstrained,interaction_candidate,512,220,-0.169331651192014,0.576,0.42200000000000004
dirichlet_sparse_063,A1_sample_primary,quality_direct,ridge_v1.3,91,301,-0.07299523655685465,0.36063936063936064,0.2727272727272727
dirichlet_sparse_063,A1_sample_primary,quality_direct,interaction_candidate,91,437,-0.15334729972900626,0.442,0.154
dirichlet_sparse_063,A1_sample_primary,quality_direct_and_near,ridge_v1.3,108,384,-0.11708233733087492,0.234,0.413
dirichlet_sparse_063,A1_sample_primary,quality_direct_and_near,interaction_candidate,108,437,-0.15334729972900626,0.442,0.154
dirichlet_sparse_063,A2_A3_extended_sensitivity,unconstrained,ridge_v1.3,512,383,-0.2321587135591828,0.8588588588588588,0.13813813813813813
dirichlet_sparse_063,A2_A3_extended_sensitivity,unconstrained,interaction_candidate,512,220,-0.169331651192014,0.576,0.42200000000000004
dirichlet_sparse_063,A2_A3_extended_sensitivity,quality_direct,ridge_v1.3,92,301,-0.07299523655685465,0.36063936063936064,0.2727272727272727
dirichlet_sparse_063,A2_A3_extended_sensitivity,quality_direct,interaction_candidate,92,437,-0.15334729972900626,0.442,0.154
dirichlet_sparse_063,A2_A3_extended_sensitivity,quality_direct_and_near,ridge_v1.3,108,384,-0.11708233733087492,0.234,0.413
dirichlet_sparse_063,A2_A3_extended_sensitivity,quality_direct_and_near,interaction_candidate,108,437,-0.15334729972900626,0.442,0.154
dirichlet_sparse_064,A1_sample_primary,unconstrained,ridge_v1.3,512,45,-0.3199818692741523,0.903096903096903,0.04595404595404596
dirichlet_sparse_064,A1_sample_primary,unconstrained,interaction_candidate,512,3,-0.3149529446819921,0.679,0.052000000000000005
dirichlet_sparse_064,A1_sample_primary,quality_direct,ridge_v1.3,91,45,-0.3199818692741523,0.903096903096903,0.04595404595404596
dirichlet_sparse_064,A1_sample_primary,quality_direct,interaction_candidate,91,3,-0.3149529446819921,0.679,0.052000000000000005
dirichlet_sparse_064,A1_sample_primary,quality_direct_and_near,ridge_v1.3,108,45,-0.3199818692741523,0.903096903096903,0.04595404595404596
dirichlet_sparse_064,A1_sample_primary,quality_direct_and_near,interaction_candidate,108,3,-0.3149529446819921,0.679,0.052000000000000005
dirichlet_sparse_064,A2_A3_extended_sensitivity,unconstrained,ridge_v1.3,512,45,-0.3199818692741523,0.903096903096903,0.04595404595404596
dirichlet_sparse_064,A2_A3_extended_sensitivity,unconstrained,interaction_candidate,512,3,-0.3149529446819921,0.679,0.052000000000000005
dirichlet_sparse_064,A2_A3_extended_sensitivity,quality_direct,ridge_v1.3,92,45,-0.3199818692741523,0.903096903096903,0.04595404595404596
dirichlet_sparse_064,A2_A3_extended_sensitivity,quality_direct,interaction_candidate,92,3,-0.3149529446819921,0.679,0.052000000000000005
dirichlet_sparse_064,A2_A3_extended_sensitivity,quality_direct_and_near,ridge_v1.3,108,45,-0.3199818692741523,0.903096903096903,0.04595404595404596
dirichlet_sparse_064,A2_A3_extended_sensitivity,quality_direct_and_near,interaction_candidate,108,3,-0.3149529446819921,0.679,0.052000000000000005
dirichlet_sparse_065,A1_sample_primary,unconstrained,ridge_v1.3,512,249,-0.09475577167805246,0.5724275724275725,0.20979020979020985
dirichlet_sparse_065,A1_sample_primary,unconstrained,interaction_candidate,512,429,-0.08006186848866503,0.592,0.592
dirichlet_sparse_065,A1_sample_primary,quality_direct,ridge_v1.3,91,139,-0.04489336560900245,0.201,0.342
dirichlet_sparse_065,A1_sample_primary,quality_direct,interaction_candidate,91,437,-0.029390962516097307,0.442,0.154
dirichlet_sparse_065,A1_sample_primary,quality_direct_and_near,ridge_v1.3,108,384,-0.08359934524401236,0.234,0.413
dirichlet_sparse_065,A1_sample_primary,quality_direct_and_near,interaction_candidate,108,384,-0.05481418798150973,0.234,0.413
dirichlet_sparse_065,A2_A3_extended_sensitivity,unconstrained,ridge_v1.3,512,249,-0.09475577167805246,0.5724275724275725,0.20979020979020985
dirichlet_sparse_065,A2_A3_extended_sensitivity,unconstrained,interaction_candidate,512,429,-0.08006186848866503,0.592,0.592
dirichlet_sparse_065,A2_A3_extended_sensitivity,quality_direct,ridge_v1.3,92,139,-0.04489336560900245,0.201,0.342
dirichlet_sparse_065,A2_A3_extended_sensitivity,quality_direct,interaction_candidate,92,437,-0.029390962516097307,0.442,0.154
dirichlet_sparse_065,A2_A3_extended_sensitivity,quality_direct_and_near,ridge_v1.3,108,384,-0.08359934524401236,0.234,0.413
dirichlet_sparse_065,A2_A3_extended_sensitivity,quality_direct_and_near,interaction_candidate,108,384,-0.05481418798150973,0.234,0.413
dirichlet_sparse_066,A1_sample_primary,unconstrained,ridge_v1.3,512,79,-0.17799260570331554,0.659,0.17400000000000002
dirichlet_sparse_066,A1_sample_primary,unconstrained,interaction_candidate,512,90,-0.14380513524687621,0.5765765765765766,0.07607607607607608
dirichlet_sparse_066,A1_sample_primary,quality_direct,ridge_v1.3,91,79,-0.17799260570331554,0.659,0.17400000000000002
dirichlet_sparse_066,A1_sample_primary,quality_direct,interaction_candidate,91,90,-0.14380513524687621,0.5765765765765766,0.07607607607607608
dirichlet_sparse_066,A1_sample_primary,quality_direct_and_near,ridge_v1.3,108,79,-0.17799260570331554,0.659,0.17400000000000002
dirichlet_sparse_066,A1_sample_primary,quality_direct_and_near,interaction_candidate,108,90,-0.14380513524687621,0.5765765765765766,0.07607607607607608
dirichlet_sparse_066,A2_A3_extended_sensitivity,unconstrained,ridge_v1.3,512,79,-0.17799260570331554,0.659,0.17400000000000002
dirichlet_sparse_066,A2_A3_extended_sensitivity,unconstrained,interaction_candidate,512,90,-0.14380513524687621,0.5765765765765766,0.07607607607607608
dirichlet_sparse_066,A2_A3_extended_sensitivity,quality_direct,ridge_v1.3,92,79,-0.17799260570331554,0.659,0.17400000000000002
dirichlet_sparse_066,A2_A3_extended_sensitivity,quality_direct,interaction_candidate,92,90,-0.14380513524687621,0.5765765765765766,0.07607607607607608
dirichlet_sparse_066,A2_A3_extended_sensitivity,quality_direct_and_near,ridge_v1.3,108,79,-0.17799260570331554,0.659,0.17400000000000002
dirichlet_sparse_066,A2_A3_extended_sensitivity,quality_direct_and_near,interaction_candidate,108,90,-0.14380513524687621,0.5765765765765766,0.07607607607607608
dirichlet_sparse_067,A1_sample_primary,unconstrained,ridge_v1.3,512,365,-0.29795265106887736,0.518,0.31800000000000006
dirichlet_sparse_067,A1_sample_primary,unconstrained,interaction_candidate,512,365,-0.26476047983162754,0.518,0.31800000000000006
dirichlet_sparse_067,A1_sample_primary,quality_direct,ridge_v1.3,91,301,-0.26315854798637367,0.36063936063936064,0.2727272727272727
dirichlet_sparse_067,A1_sample_primary,quality_direct,interaction_candidate,91,301,-0.24134274131345684,0.36063936063936064,0.2727272727272727
dirichlet_sparse_067,A1_sample_primary,quality_direct_and_near,ridge_v1.3,108,384,-0.2915956126637296,0.234,0.413
dirichlet_sparse_067,A1_sample_primary,quality_direct_and_near,interaction_candidate,108,384,-0.2616228875091235,0.234,0.413
dirichlet_sparse_067,A2_A3_extended_sensitivity,unconstrained,ridge_v1.3,512,365,-0.29795265106887736,0.518,0.31800000000000006
dirichlet_sparse_067,A2_A3_extended_sensitivity,unconstrained,interaction_candidate,512,365,-0.26476047983162754,0.518,0.31800000000000006
dirichlet_sparse_067,A2_A3_extended_sensitivity,quality_direct,ridge_v1.3,92,301,-0.26315854798637367,0.36063936063936064,0.2727272727272727
dirichlet_sparse_067,A2_A3_extended_sensitivity,quality_direct,interaction_candidate,92,301,-0.24134274131345684,0.36063936063936064,0.2727272727272727
dirichlet_sparse_067,A2_A3_extended_sensitivity,quality_direct_and_near,ridge_v1.3,108,384,-0.2915956126637296,0.234,0.413
dirichlet_sparse_067,A2_A3_extended_sensitivity,quality_direct_and_near,interaction_candidate,108,384,-0.2616228875091235,0.234,0.413
dirichlet_sparse_068,A1_sample_primary,unconstrained,ridge_v1.3,512,279,-0.12101049408106662,0.887,0.055999999999999994
dirichlet_sparse_068,A1_sample_primary,unconstrained,interaction_candidate,512,461,-0.08607784680037221,0.6403596403596403,0.014985014985014984
dirichlet_sparse_068,A1_sample_primary,quality_direct,ridge_v1.3,91,475,-0.04102137695364191,0.4265734265734266,0.2267732267732268
dirichlet_sparse_068,A1_sample_primary,quality_direct,interaction_candidate,91,275,-0.0685763902232595,0.4894894894894895,0.060060060060060066
dirichlet_sparse_068,A1_sample_primary,quality_direct_and_near,ridge_v1.3,108,1,-0.09938914366363347,0.787,0.004
dirichlet_sparse_068,A1_sample_primary,quality_direct_and_near,interaction_candidate,108,65,-0.07543229515376297,0.786,0.052000000000000005
dirichlet_sparse_068,A2_A3_extended_sensitivity,unconstrained,ridge_v1.3,512,279,-0.12101049408106662,0.887,0.055999999999999994
dirichlet_sparse_068,A2_A3_extended_sensitivity,unconstrained,interaction_candidate,512,461,-0.08607784680037221,0.6403596403596403,0.014985014985014984
dirichlet_sparse_068,A2_A3_extended_sensitivity,quality_direct,ridge_v1.3,92,475,-0.04102137695364191,0.4265734265734266,0.2267732267732268
dirichlet_sparse_068,A2_A3_extended_sensitivity,quality_direct,interaction_candidate,92,275,-0.0685763902232595,0.4894894894894895,0.060060060060060066
dirichlet_sparse_068,A2_A3_extended_sensitivity,quality_direct_and_near,ridge_v1.3,108,1,-0.09938914366363347,0.787,0.004
dirichlet_sparse_068,A2_A3_extended_sensitivity,quality_direct_and_near,interaction_candidate,108,65,-0.07543229515376297,0.786,0.052000000000000005
dirichlet_sparse_069,A1_sample_primary,unconstrained,ridge_v1.3,512,171,-0.16695109246062156,0.7087087087087087,0.13813813813813813
dirichlet_sparse_069,A1_sample_primary,unconstrained,interaction_candidate,512,171,-0.14811282967360728,0.7087087087087087,0.13813813813813813
dirichlet_sparse_069,A1_sample_primary,quality_direct,ridge_v1.3,91,285,-0.09765660344660983,0.48648648648648646,0.1021021021021021
dirichlet_sparse_069,A1_sample_primary,quality_direct,interaction_candidate,91,285,-0.06509525594353044,0.48648648648648646,0.1021021021021021
dirichlet_sparse_069,A1_sample_primary,quality_direct_and_near,ridge_v1.3,108,302,-0.10304751393530925,0.3843843843843844,0.16016016016016016
dirichlet_sparse_069,A1_sample_primary,quality_direct_and_near,interaction_candidate,108,302,-0.08918242059246348,0.3843843843843844,0.16016016016016016
dirichlet_sparse_069,A2_A3_extended_sensitivity,unconstrained,ridge_v1.3,512,171,-0.16695109246062156,0.7087087087087087,0.13813813813813813
dirichlet_sparse_069,A2_A3_extended_sensitivity,unconstrained,interaction_candidate,512,171,-0.14811282967360728,0.7087087087087087,0.13813813813813813
dirichlet_sparse_069,A2_A3_extended_sensitivity,quality_direct,ridge_v1.3,92,285,-0.09765660344660983,0.48648648648648646,0.1021021021021021
dirichlet_sparse_069,A2_A3_extended_sensitivity,quality_direct,interaction_candidate,92,285,-0.06509525594353044,0.48648648648648646,0.1021021021021021
dirichlet_sparse_069,A2_A3_extended_sensitivity,quality_direct_and_near,ridge_v1.3,108,302,-0.10304751393530925,0.3843843843843844,0.16016016016016016
dirichlet_sparse_069,A2_A3_extended_sensitivity,quality_direct_and_near,interaction_candidate,108,302,-0.08918242059246348,0.3843843843843844,0.16016016016016016
dirichlet_sparse_070,A1_sample_primary,unconstrained,ridge_v1.3,512,173,-0.22277835667400986,0.5638722554890219,0.9510978043912175
dirichlet_sparse_070,A1_sample_primary,unconstrained,interaction_candidate,512,173,-0.1900899228830418,0.5638722554890219,0.9510978043912175
dirichlet_sparse_070,A1_sample_primary,quality_direct,ridge_v1.3,91,339,-0.1267928339532287,0.5314685314685315,0.6093906093906094
dirichlet_sparse_070,A1_sample_primary,quality_direct,interaction_candidate,91,339,-0.10154347382587536,0.5314685314685315,0.6093906093906094
dirichlet_sparse_070,A1_sample_primary,quality_direct_and_near,ridge_v1.3,108,172,-0.06103753276331135,0.32967032967032966,0.4185814185814186
dirichlet_sparse_070,A1_sample_primary,quality_direct_and_near,interaction_candidate,108,307,-0.05148672847294864,0.55,0.398
dirichlet_sparse_070,A2_A3_extended_sensitivity,unconstrained,ridge_v1.3,512,173,-0.22277835667400986,0.5638722554890219,0.9510978043912175
dirichlet_sparse_070,A2_A3_extended_sensitivity,unconstrained,interaction_candidate,512,173,-0.1900899228830418,0.5638722554890219,0.9510978043912175
dirichlet_sparse_070,A2_A3_extended_sensitivity,quality_direct,ridge_v1.3,92,339,-0.1267928339532287,0.5314685314685315,0.6093906093906094
dirichlet_sparse_070,A2_A3_extended_sensitivity,quality_direct,interaction_candidate,92,339,-0.10154347382587536,0.5314685314685315,0.6093906093906094
dirichlet_sparse_070,A2_A3_extended_sensitivity,quality_direct_and_near,ridge_v1.3,108,172,-0.06103753276331135,0.32967032967032966,0.4185814185814186
dirichlet_sparse_070,A2_A3_extended_sensitivity,quality_direct_and_near,interaction_candidate,108,307,-0.05148672847294864,0.55,0.398
dirichlet_sparse_071,A1_sample_primary,unconstrained,ridge_v1.3,512,389,-0.32863234119963614,0.998,0.002
dirichlet_sparse_071,A1_sample_primary,unconstrained,interaction_candidate,512,83,-0.3093882813980042,0.988988988988989,0.009009009009009009
dirichlet_sparse_071,A1_sample_primary,quality_direct,ridge_v1.3,91,84,-0.19033983686998948,0.3546453546453547,0.2547452547452548
dirichlet_sparse_071,A1_sample_primary,quality_direct,interaction_candidate,91,84,-0.16081038978867357,0.3546453546453547,0.2547452547452548
dirichlet_sparse_071,A1_sample_primary,quality_direct_and_near,ridge_v1.3,108,356,-0.2155183901060429,0.47052947052947053,0.2947052947052947
dirichlet_sparse_071,A1_sample_primary,quality_direct_and_near,interaction_candidate,108,356,-0.18438093081757795,0.47052947052947053,0.2947052947052947
dirichlet_sparse_071,A2_A3_extended_sensitivity,unconstrained,ridge_v1.3,512,389,-0.32863234119963614,0.998,0.002
dirichlet_sparse_071,A2_A3_extended_sensitivity,unconstrained,interaction_candidate,512,83,-0.3093882813980042,0.988988988988989,0.009009009009009009
dirichlet_sparse_071,A2_A3_extended_sensitivity,quality_direct,ridge_v1.3,92,84,-0.19033983686998948,0.3546453546453547,0.2547452547452548
dirichlet_sparse_071,A2_A3_extended_sensitivity,quality_direct,interaction_candidate,92,84,-0.16081038978867357,0.3546453546453547,0.2547452547452548
dirichlet_sparse_071,A2_A3_extended_sensitivity,quality_direct_and_near,ridge_v1.3,108,356,-0.2155183901060429,0.47052947052947053,0.2947052947052947
dirichlet_sparse_071,A2_A3_extended_sensitivity,quality_direct_and_near,interaction_candidate,108,356,-0.18438093081757795,0.47052947052947053,0.2947052947052947
dirichlet_sparse_072,A1_sample_primary,unconstrained,ridge_v1.3,512,171,-0.178300041562182,0.7087087087087087,0.13813813813813813
dirichlet_sparse_072,A1_sample_primary,unconstrained,interaction_candidate,512,171,-0.16132308285470973,0.7087087087087087,0.13813813813813813
dirichlet_sparse_072,A1_sample_primary,quality_direct,ridge_v1.3,91,285,-0.11499117043668862,0.48648648648648646,0.1021021021021021
dirichlet_sparse_072,A1_sample_primary,quality_direct,interaction_candidate,91,399,-0.08858408873973823,0.4255744255744256,0.18381618381618386
dirichlet_sparse_072,A1_sample_primary,quality_direct_and_near,ridge_v1.3,108,285,-0.11499117043668862,0.48648648648648646,0.1021021021021021
dirichlet_sparse_072,A1_sample_primary,quality_direct_and_near,interaction_candidate,108,302,-0.09040993915526331,0.3843843843843844,0.16016016016016016
dirichlet_sparse_072,A2_A3_extended_sensitivity,unconstrained,ridge_v1.3,512,171,-0.178300041562182,0.7087087087087087,0.13813813813813813
dirichlet_sparse_072,A2_A3_extended_sensitivity,unconstrained,interaction_candidate,512,171,-0.16132308285470973,0.7087087087087087,0.13813813813813813
dirichlet_sparse_072,A2_A3_extended_sensitivity,quality_direct,ridge_v1.3,92,285,-0.11499117043668862,0.48648648648648646,0.1021021021021021
dirichlet_sparse_072,A2_A3_extended_sensitivity,quality_direct,interaction_candidate,92,399,-0.08858408873973823,0.4255744255744256,0.18381618381618386
dirichlet_sparse_072,A2_A3_extended_sensitivity,quality_direct_and_near,ridge_v1.3,108,285,-0.11499117043668862,0.48648648648648646,0.1021021021021021
dirichlet_sparse_072,A2_A3_extended_sensitivity,quality_direct_and_near,interaction_candidate,108,302,-0.09040993915526331,0.3843843843843844,0.16016016016016016
dirichlet_sparse_073,A1_sample_primary,unconstrained,ridge_v1.3,512,136,-0.1708993733238437,0.22522522522522523,0.5685685685685684
dirichlet_sparse_073,A1_sample_primary,unconstrained,interaction_candidate,512,136,-0.1469484039252061,0.22522522522522523,0.5685685685685684
dirichlet_sparse_073,A1_sample_primary,quality_direct,ridge_v1.3,91,301,-0.15826260633977088,0.36063936063936064,0.2727272727272727
dirichlet_sparse_073,A1_sample_primary,quality_direct,interaction_candidate,91,301,-0.14283849931375653,0.36063936063936064,0.2727272727272727
dirichlet_sparse_073,A1_sample_primary,quality_direct_and_near,ridge_v1.3,108,172,-0.16421186229583798,0.32967032967032966,0.4185814185814186
dirichlet_sparse_073,A1_sample_primary,quality_direct_and_near,interaction_candidate,108,172,-0.1443733163157894,0.32967032967032966,0.4185814185814186
dirichlet_sparse_073,A2_A3_extended_sensitivity,unconstrained,ridge_v1.3,512,136,-0.1708993733238437,0.22522522522522523,0.5685685685685684
dirichlet_sparse_073,A2_A3_extended_sensitivity,unconstrained,interaction_candidate,512,136,-0.1469484039252061,0.22522522522522523,0.5685685685685684
dirichlet_sparse_073,A2_A3_extended_sensitivity,quality_direct,ridge_v1.3,92,301,-0.15826260633977088,0.36063936063936064,0.2727272727272727
dirichlet_sparse_073,A2_A3_extended_sensitivity,quality_direct,interaction_candidate,92,301,-0.14283849931375653,0.36063936063936064,0.2727272727272727
dirichlet_sparse_073,A2_A3_extended_sensitivity,quality_direct_and_near,ridge_v1.3,108,172,-0.16421186229583798,0.32967032967032966,0.4185814185814186
dirichlet_sparse_073,A2_A3_extended_sensitivity,quality_direct_and_near,interaction_candidate,108,172,-0.1443733163157894,0.32967032967032966,0.4185814185814186
dirichlet_sparse_074,A1_sample_primary,unconstrained,ridge_v1.3,512,435,-0.28458830274225155,0.999,0.999
dirichlet_sparse_074,A1_sample_primary,unconstrained,interaction_candidate,512,336,-0.2144150656540246,0.746,0.766
dirichlet_sparse_074,A1_sample_primary,quality_direct,ridge_v1.3,91,26,-0.13264581862139485,0.5145145145145146,0.5635635635635636
dirichlet_sparse_074,A1_sample_primary,quality_direct,interaction_candidate,91,26,-0.12803290249980645,0.5145145145145146,0.5635635635635636
dirichlet_sparse_074,A1_sample_primary,quality_direct_and_near,ridge_v1.3,108,307,-0.08465381740788734,0.55,0.398
dirichlet_sparse_074,A1_sample_primary,quality_direct_and_near,interaction_candidate,108,307,-0.09881745397887147,0.55,0.398
dirichlet_sparse_074,A2_A3_extended_sensitivity,unconstrained,ridge_v1.3,512,435,-0.28458830274225155,0.999,0.999
dirichlet_sparse_074,A2_A3_extended_sensitivity,unconstrained,interaction_candidate,512,336,-0.2144150656540246,0.746,0.766
dirichlet_sparse_074,A2_A3_extended_sensitivity,quality_direct,ridge_v1.3,92,26,-0.13264581862139485,0.5145145145145146,0.5635635635635636
dirichlet_sparse_074,A2_A3_extended_sensitivity,quality_direct,interaction_candidate,92,26,-0.12803290249980645,0.5145145145145146,0.5635635635635636
dirichlet_sparse_074,A2_A3_extended_sensitivity,quality_direct_and_near,ridge_v1.3,108,307,-0.08465381740788734,0.55,0.398
dirichlet_sparse_074,A2_A3_extended_sensitivity,quality_direct_and_near,interaction_candidate,108,307,-0.09881745397887147,0.55,0.398
dirichlet_sparse_075,A1_sample_primary,unconstrained,ridge_v1.3,512,83,-0.12483062345807366,0.988988988988989,0.009009009009009009
dirichlet_sparse_075,A1_sample_primary,unconstrained,interaction_candidate,512,83,-0.10981256177470311,0.988988988988989,0.009009009009009009
dirichlet_sparse_075,A1_sample_primary,quality_direct,ridge_v1.3,91,301,-0.06832943642709347,0.36063936063936064,0.2727272727272727
dirichlet_sparse_075,A1_sample_primary,quality_direct,interaction_candidate,91,301,-0.05113085535043002,0.36063936063936064,0.2727272727272727
dirichlet_sparse_075,A1_sample_primary,quality_direct_and_near,ridge_v1.3,108,302,-0.07667551609840256,0.3843843843843844,0.16016016016016016
dirichlet_sparse_075,A1_sample_primary,quality_direct_and_near,interaction_candidate,108,302,-0.06002102316001624,0.3843843843843844,0.16016016016016016
dirichlet_sparse_075,A2_A3_extended_sensitivity,unconstrained,ridge_v1.3,512,83,-0.12483062345807366,0.988988988988989,0.009009009009009009
dirichlet_sparse_075,A2_A3_extended_sensitivity,unconstrained,interaction_candidate,512,83,-0.10981256177470311,0.988988988988989,0.009009009009009009
dirichlet_sparse_075,A2_A3_extended_sensitivity,quality_direct,ridge_v1.3,92,301,-0.06832943642709347,0.36063936063936064,0.2727272727272727
dirichlet_sparse_075,A2_A3_extended_sensitivity,quality_direct,interaction_candidate,92,301,-0.05113085535043002,0.36063936063936064,0.2727272727272727
dirichlet_sparse_075,A2_A3_extended_sensitivity,quality_direct_and_near,ridge_v1.3,108,302,-0.07667551609840256,0.3843843843843844,0.16016016016016016
dirichlet_sparse_075,A2_A3_extended_sensitivity,quality_direct_and_near,interaction_candidate,108,302,-0.06002102316001624,0.3843843843843844,0.16016016016016016
dirichlet_sparse_076,A1_sample_primary,unconstrained,ridge_v1.3,512,45,-0.14733218773282353,0.903096903096903,0.04595404595404596
dirichlet_sparse_076,A1_sample_primary,unconstrained,interaction_candidate,512,437,-0.18165142146375643,0.442,0.154
dirichlet_sparse_076,A1_sample_primary,quality_direct,ridge_v1.3,91,45,-0.14733218773282353,0.903096903096903,0.04595404595404596
dirichlet_sparse_076,A1_sample_primary,quality_direct,interaction_candidate,91,437,-0.18165142146375643,0.442,0.154
dirichlet_sparse_076,A1_sample_primary,quality_direct_and_near,ridge_v1.3,108,45,-0.14733218773282353,0.903096903096903,0.04595404595404596
dirichlet_sparse_076,A1_sample_primary,quality_direct_and_near,interaction_candidate,108,437,-0.18165142146375643,0.442,0.154
dirichlet_sparse_076,A2_A3_extended_sensitivity,unconstrained,ridge_v1.3,512,45,-0.14733218773282353,0.903096903096903,0.04595404595404596
dirichlet_sparse_076,A2_A3_extended_sensitivity,unconstrained,interaction_candidate,512,437,-0.18165142146375643,0.442,0.154
dirichlet_sparse_076,A2_A3_extended_sensitivity,quality_direct,ridge_v1.3,92,45,-0.14733218773282353,0.903096903096903,0.04595404595404596
dirichlet_sparse_076,A2_A3_extended_sensitivity,quality_direct,interaction_candidate,92,437,-0.18165142146375643,0.442,0.154
dirichlet_sparse_076,A2_A3_extended_sensitivity,quality_direct_and_near,ridge_v1.3,108,45,-0.14733218773282353,0.903096903096903,0.04595404595404596
dirichlet_sparse_076,A2_A3_extended_sensitivity,quality_direct_and_near,interaction_candidate,108,437,-0.18165142146375643,0.442,0.154
dirichlet_sparse_077,A1_sample_primary,unconstrained,ridge_v1.3,512,152,-0.16999975928917413,0.533,0.673
dirichlet_sparse_077,A1_sample_primary,unconstrained,interaction_candidate,512,152,-0.16113551224800685,0.533,0.673
dirichlet_sparse_077,A1_sample_primary,quality_direct,ridge_v1.3,91,264,-0.04380585575303552,0.4181636726546906,0.6227544910179641
dirichlet_sparse_077,A1_sample_primary,quality_direct,interaction_candidate,91,264,-0.030705707230812396,0.4181636726546906,0.6227544910179641
dirichlet_sparse_077,A1_sample_primary,quality_direct_and_near,ridge_v1.3,108,30,-0.06780349909830166,0.4215784215784216,0.4285714285714286
dirichlet_sparse_077,A1_sample_primary,quality_direct_and_near,interaction_candidate,108,30,-0.0549741117952683,0.4215784215784216,0.4285714285714286
dirichlet_sparse_077,A2_A3_extended_sensitivity,unconstrained,ridge_v1.3,512,152,-0.16999975928917413,0.533,0.673
dirichlet_sparse_077,A2_A3_extended_sensitivity,unconstrained,interaction_candidate,512,152,-0.16113551224800685,0.533,0.673
dirichlet_sparse_077,A2_A3_extended_sensitivity,quality_direct,ridge_v1.3,92,264,-0.04380585575303552,0.4181636726546906,0.6227544910179641
dirichlet_sparse_077,A2_A3_extended_sensitivity,quality_direct,interaction_candidate,92,264,-0.030705707230812396,0.4181636726546906,0.6227544910179641
dirichlet_sparse_077,A2_A3_extended_sensitivity,quality_direct_and_near,ridge_v1.3,108,30,-0.06780349909830166,0.4215784215784216,0.4285714285714286
dirichlet_sparse_077,A2_A3_extended_sensitivity,quality_direct_and_near,interaction_candidate,108,30,-0.0549741117952683,0.4215784215784216,0.4285714285714286
dirichlet_sparse_078,A1_sample_primary,unconstrained,ridge_v1.3,512,136,-0.15588011282924394,0.22522522522522523,0.5685685685685684
dirichlet_sparse_078,A1_sample_primary,unconstrained,interaction_candidate,512,136,-0.11535041141543416,0.22522522522522523,0.5685685685685684
dirichlet_sparse_078,A1_sample_primary,quality_direct,ridge_v1.3,91,301,-0.09474818206980619,0.36063936063936064,0.2727272727272727
dirichlet_sparse_078,A1_sample_primary,quality_direct,interaction_candidate,91,437,-0.07969276400491737,0.442,0.154
dirichlet_sparse_078,A1_sample_primary,quality_direct_and_near,ridge_v1.3,108,172,-0.09777029360610659,0.32967032967032966,0.4185814185814186
dirichlet_sparse_078,A1_sample_primary,quality_direct_and_near,interaction_candidate,108,437,-0.07969276400491737,0.442,0.154
dirichlet_sparse_078,A2_A3_extended_sensitivity,unconstrained,ridge_v1.3,512,136,-0.15588011282924394,0.22522522522522523,0.5685685685685684
dirichlet_sparse_078,A2_A3_extended_sensitivity,unconstrained,interaction_candidate,512,136,-0.11535041141543416,0.22522522522522523,0.5685685685685684
dirichlet_sparse_078,A2_A3_extended_sensitivity,quality_direct,ridge_v1.3,92,301,-0.09474818206980619,0.36063936063936064,0.2727272727272727
dirichlet_sparse_078,A2_A3_extended_sensitivity,quality_direct,interaction_candidate,92,437,-0.07969276400491737,0.442,0.154
dirichlet_sparse_078,A2_A3_extended_sensitivity,quality_direct_and_near,ridge_v1.3,108,172,-0.09777029360610659,0.32967032967032966,0.4185814185814186
dirichlet_sparse_078,A2_A3_extended_sensitivity,quality_direct_and_near,interaction_candidate,108,437,-0.07969276400491737,0.442,0.154
dirichlet_sparse_079,A1_sample_primary,unconstrained,ridge_v1.3,512,136,-0.37493181617412047,0.22522522522522523,0.5685685685685684
dirichlet_sparse_079,A1_sample_primary,unconstrained,interaction_candidate,512,136,-0.346133830157004,0.22522522522522523,0.5685685685685684
dirichlet_sparse_079,A1_sample_primary,quality_direct,ridge_v1.3,91,301,-0.2830703975589218,0.36063936063936064,0.2727272727272727
dirichlet_sparse_079,A1_sample_primary,quality_direct,interaction_candidate,91,301,-0.2675369500597857,0.36063936063936064,0.2727272727272727
dirichlet_sparse_079,A1_sample_primary,quality_direct_and_near,ridge_v1.3,108,384,-0.32739750477540575,0.234,0.413
dirichlet_sparse_079,A1_sample_primary,quality_direct_and_near,interaction_candidate,108,384,-0.3016761401406083,0.234,0.413
dirichlet_sparse_079,A2_A3_extended_sensitivity,unconstrained,ridge_v1.3,512,136,-0.37493181617412047,0.22522522522522523,0.5685685685685684
dirichlet_sparse_079,A2_A3_extended_sensitivity,unconstrained,interaction_candidate,512,136,-0.346133830157004,0.22522522522522523,0.5685685685685684
dirichlet_sparse_079,A2_A3_extended_sensitivity,quality_direct,ridge_v1.3,92,301,-0.2830703975589218,0.36063936063936064,0.2727272727272727
dirichlet_sparse_079,A2_A3_extended_sensitivity,quality_direct,interaction_candidate,92,301,-0.2675369500597857,0.36063936063936064,0.2727272727272727
dirichlet_sparse_079,A2_A3_extended_sensitivity,quality_direct_and_near,ridge_v1.3,108,384,-0.32739750477540575,0.234,0.413
dirichlet_sparse_079,A2_A3_extended_sensitivity,quality_direct_and_near,interaction_candidate,108,384,-0.3016761401406083,0.234,0.413
dirichlet_sparse_080,A1_sample_primary,unconstrained,ridge_v1.3,512,198,-0.25021257635090033,0.6863727454909819,0.9088176352705409
dirichlet_sparse_080,A1_sample_primary,unconstrained,interaction_candidate,512,198,-0.17131466936732037,0.6863727454909819,0.9088176352705409
dirichlet_sparse_080,A1_sample_primary,quality_direct,ridge_v1.3,91,301,-0.12508792971850535,0.36063936063936064,0.2727272727272727
dirichlet_sparse_080,A1_sample_primary,quality_direct,interaction_candidate,91,301,-0.09663402523785239,0.36063936063936064,0.2727272727272727
dirichlet_sparse_080,A1_sample_primary,quality_direct_and_near,ridge_v1.3,108,384,-0.16540547696379623,0.234,0.413
dirichlet_sparse_080,A1_sample_primary,quality_direct_and_near,interaction_candidate,108,384,-0.1364908884196568,0.234,0.413
dirichlet_sparse_080,A2_A3_extended_sensitivity,unconstrained,ridge_v1.3,512,198,-0.25021257635090033,0.6863727454909819,0.9088176352705409
dirichlet_sparse_080,A2_A3_extended_sensitivity,unconstrained,interaction_candidate,512,198,-0.17131466936732037,0.6863727454909819,0.9088176352705409
dirichlet_sparse_080,A2_A3_extended_sensitivity,quality_direct,ridge_v1.3,92,301,-0.12508792971850535,0.36063936063936064,0.2727272727272727
dirichlet_sparse_080,A2_A3_extended_sensitivity,quality_direct,interaction_candidate,92,301,-0.09663402523785239,0.36063936063936064,0.2727272727272727
dirichlet_sparse_080,A2_A3_extended_sensitivity,quality_direct_and_near,ridge_v1.3,108,384,-0.16540547696379623,0.234,0.413
dirichlet_sparse_080,A2_A3_extended_sensitivity,quality_direct_and_near,interaction_candidate,108,384,-0.1364908884196568,0.234,0.413
dirichlet_sparse_081,A1_sample_primary,unconstrained,ridge_v1.3,512,301,-0.1628081195281357,0.36063936063936064,0.2727272727272727
dirichlet_sparse_081,A1_sample_primary,unconstrained,interaction_candidate,512,301,-0.14961405289940238,0.36063936063936064,0.2727272727272727
dirichlet_sparse_081,A1_sample_primary,quality_direct,ridge_v1.3,91,301,-0.1628081195281357,0.36063936063936064,0.2727272727272727
dirichlet_sparse_081,A1_sample_primary,quality_direct,interaction_candidate,91,301,-0.14961405289940238,0.36063936063936064,0.2727272727272727
dirichlet_sparse_081,A1_sample_primary,quality_direct_and_near,ridge_v1.3,108,301,-0.1628081195281357,0.36063936063936064,0.2727272727272727
dirichlet_sparse_081,A1_sample_primary,quality_direct_and_near,interaction_candidate,108,301,-0.14961405289940238,0.36063936063936064,0.2727272727272727
dirichlet_sparse_081,A2_A3_extended_sensitivity,unconstrained,ridge_v1.3,512,301,-0.1628081195281357,0.36063936063936064,0.2727272727272727
dirichlet_sparse_081,A2_A3_extended_sensitivity,unconstrained,interaction_candidate,512,301,-0.14961405289940238,0.36063936063936064,0.2727272727272727
dirichlet_sparse_081,A2_A3_extended_sensitivity,quality_direct,ridge_v1.3,92,301,-0.1628081195281357,0.36063936063936064,0.2727272727272727
dirichlet_sparse_081,A2_A3_extended_sensitivity,quality_direct,interaction_candidate,92,301,-0.14961405289940238,0.36063936063936064,0.2727272727272727
dirichlet_sparse_081,A2_A3_extended_sensitivity,quality_direct_and_near,ridge_v1.3,108,301,-0.1628081195281357,0.36063936063936064,0.2727272727272727
dirichlet_sparse_081,A2_A3_extended_sensitivity,quality_direct_and_near,interaction_candidate,108,301,-0.14961405289940238,0.36063936063936064,0.2727272727272727
dirichlet_sparse_082,A1_sample_primary,unconstrained,ridge_v1.3,512,152,-0.17029384883130108,0.533,0.673
dirichlet_sparse_082,A1_sample_primary,unconstrained,interaction_candidate,512,152,-0.16448478755769788,0.533,0.673
dirichlet_sparse_082,A1_sample_primary,quality_direct,ridge_v1.3,91,478,-0.06072804436147694,0.34265734265734266,0.3146853146853147
dirichlet_sparse_082,A1_sample_primary,quality_direct,interaction_candidate,91,478,-0.0520502773160076,0.34265734265734266,0.3146853146853147
dirichlet_sparse_082,A1_sample_primary,quality_direct_and_near,ridge_v1.3,108,30,-0.09438565747384903,0.4215784215784216,0.4285714285714286
dirichlet_sparse_082,A1_sample_primary,quality_direct_and_near,interaction_candidate,108,30,-0.08544697206169975,0.4215784215784216,0.4285714285714286
dirichlet_sparse_082,A2_A3_extended_sensitivity,unconstrained,ridge_v1.3,512,152,-0.17029384883130108,0.533,0.673
dirichlet_sparse_082,A2_A3_extended_sensitivity,unconstrained,interaction_candidate,512,152,-0.16448478755769788,0.533,0.673
dirichlet_sparse_082,A2_A3_extended_sensitivity,quality_direct,ridge_v1.3,92,478,-0.06072804436147694,0.34265734265734266,0.3146853146853147
dirichlet_sparse_082,A2_A3_extended_sensitivity,quality_direct,interaction_candidate,92,478,-0.0520502773160076,0.34265734265734266,0.3146853146853147
dirichlet_sparse_082,A2_A3_extended_sensitivity,quality_direct_and_near,ridge_v1.3,108,30,-0.09438565747384903,0.4215784215784216,0.4285714285714286
dirichlet_sparse_082,A2_A3_extended_sensitivity,quality_direct_and_near,interaction_candidate,108,30,-0.08544697206169975,0.4215784215784216,0.4285714285714286
dirichlet_sparse_083,A1_sample_primary,unconstrained,ridge_v1.3,512,171,-0.22163670288216458,0.7087087087087087,0.13813813813813813
dirichlet_sparse_083,A1_sample_primary,unconstrained,interaction_candidate,512,171,-0.2088033563307868,0.7087087087087087,0.13813813813813813
dirichlet_sparse_083,A1_sample_primary,quality_direct,ridge_v1.3,91,285,-0.09902546827204553,0.48648648648648646,0.1021021021021021
dirichlet_sparse_083,A1_sample_primary,quality_direct,interaction_candidate,91,399,-0.08063574664660245,0.4255744255744256,0.18381618381618386
dirichlet_sparse_083,A1_sample_primary,quality_direct_and_near,ridge_v1.3,108,302,-0.1217009680614974,0.3843843843843844,0.16016016016016016
dirichlet_sparse_083,A1_sample_primary,quality_direct_and_near,interaction_candidate,108,302,-0.11227020261788422,0.3843843843843844,0.16016016016016016
dirichlet_sparse_083,A2_A3_extended_sensitivity,unconstrained,ridge_v1.3,512,171,-0.22163670288216458,0.7087087087087087,0.13813813813813813
dirichlet_sparse_083,A2_A3_extended_sensitivity,unconstrained,interaction_candidate,512,171,-0.2088033563307868,0.7087087087087087,0.13813813813813813
dirichlet_sparse_083,A2_A3_extended_sensitivity,quality_direct,ridge_v1.3,92,285,-0.09902546827204553,0.48648648648648646,0.1021021021021021
dirichlet_sparse_083,A2_A3_extended_sensitivity,quality_direct,interaction_candidate,92,399,-0.08063574664660245,0.4255744255744256,0.18381618381618386
dirichlet_sparse_083,A2_A3_extended_sensitivity,quality_direct_and_near,ridge_v1.3,108,302,-0.1217009680614974,0.3843843843843844,0.16016016016016016
dirichlet_sparse_083,A2_A3_extended_sensitivity,quality_direct_and_near,interaction_candidate,108,302,-0.11227020261788422,0.3843843843843844,0.16016016016016016
dirichlet_sparse_084,A1_sample_primary,unconstrained,ridge_v1.3,512,136,-0.20015460195491955,0.22522522522522523,0.5685685685685684
dirichlet_sparse_084,A1_sample_primary,unconstrained,interaction_candidate,512,136,-0.174367313186309,0.22522522522522523,0.5685685685685684
dirichlet_sparse_084,A1_sample_primary,quality_direct,ridge_v1.3,91,301,-0.11554745982603269,0.36063936063936064,0.2727272727272727
dirichlet_sparse_084,A1_sample_primary,quality_direct,interaction_candidate,91,301,-0.10151143849236083,0.36063936063936064,0.2727272727272727
dirichlet_sparse_084,A1_sample_primary,quality_direct_and_near,ridge_v1.3,108,172,-0.15843365869505513,0.32967032967032966,0.4185814185814186
dirichlet_sparse_084,A1_sample_primary,quality_direct_and_near,interaction_candidate,108,172,-0.14070813242882144,0.32967032967032966,0.4185814185814186
dirichlet_sparse_084,A2_A3_extended_sensitivity,unconstrained,ridge_v1.3,512,136,-0.20015460195491955,0.22522522522522523,0.5685685685685684
dirichlet_sparse_084,A2_A3_extended_sensitivity,unconstrained,interaction_candidate,512,136,-0.174367313186309,0.22522522522522523,0.5685685685685684
dirichlet_sparse_084,A2_A3_extended_sensitivity,quality_direct,ridge_v1.3,92,301,-0.11554745982603269,0.36063936063936064,0.2727272727272727
dirichlet_sparse_084,A2_A3_extended_sensitivity,quality_direct,interaction_candidate,92,301,-0.10151143849236083,0.36063936063936064,0.2727272727272727
dirichlet_sparse_084,A2_A3_extended_sensitivity,quality_direct_and_near,ridge_v1.3,108,172,-0.15843365869505513,0.32967032967032966,0.4185814185814186
dirichlet_sparse_084,A2_A3_extended_sensitivity,quality_direct_and_near,interaction_candidate,108,172,-0.14070813242882144,0.32967032967032966,0.4185814185814186
dirichlet_sparse_085,A1_sample_primary,unconstrained,ridge_v1.3,512,136,-0.23432183031160683,0.22522522522522523,0.5685685685685684
dirichlet_sparse_085,A1_sample_primary,unconstrained,interaction_candidate,512,136,-0.18559261767304344,0.22522522522522523,0.5685685685685684
dirichlet_sparse_085,A1_sample_primary,quality_direct,ridge_v1.3,91,301,-0.11258004465353746,0.36063936063936064,0.2727272727272727
dirichlet_sparse_085,A1_sample_primary,quality_direct,interaction_candidate,91,437,-0.10971729916938681,0.442,0.154
dirichlet_sparse_085,A1_sample_primary,quality_direct_and_near,ridge_v1.3,108,384,-0.159609729976841,0.234,0.413
dirichlet_sparse_085,A1_sample_primary,quality_direct_and_near,interaction_candidate,108,384,-0.11694871264526199,0.234,0.413
dirichlet_sparse_085,A2_A3_extended_sensitivity,unconstrained,ridge_v1.3,512,136,-0.23432183031160683,0.22522522522522523,0.5685685685685684
dirichlet_sparse_085,A2_A3_extended_sensitivity,unconstrained,interaction_candidate,512,136,-0.18559261767304344,0.22522522522522523,0.5685685685685684
dirichlet_sparse_085,A2_A3_extended_sensitivity,quality_direct,ridge_v1.3,92,301,-0.11258004465353746,0.36063936063936064,0.2727272727272727
dirichlet_sparse_085,A2_A3_extended_sensitivity,quality_direct,interaction_candidate,92,437,-0.10971729916938681,0.442,0.154
dirichlet_sparse_085,A2_A3_extended_sensitivity,quality_direct_and_near,ridge_v1.3,108,384,-0.159609729976841,0.234,0.413
dirichlet_sparse_085,A2_A3_extended_sensitivity,quality_direct_and_near,interaction_candidate,108,384,-0.11694871264526199,0.234,0.413
dirichlet_sparse_086,A1_sample_primary,unconstrained,ridge_v1.3,512,502,-0.1986672651790281,0.37074148296593185,0.5841683366733467
dirichlet_sparse_086,A1_sample_primary,unconstrained,interaction_candidate,512,502,-0.18329945130806033,0.37074148296593185,0.5841683366733467
dirichlet_sparse_086,A1_sample_primary,quality_direct,ridge_v1.3,91,318,-0.08446329703702737,0.74,0.232
dirichlet_sparse_086,A1_sample_primary,quality_direct,interaction_candidate,91,212,-0.06325550784793589,0.32867132867132864,0.17782217782217777
dirichlet_sparse_086,A1_sample_primary,quality_direct_and_near,ridge_v1.3,108,68,-0.1800657802212694,0.445,0.33
dirichlet_sparse_086,A1_sample_primary,quality_direct_and_near,interaction_candidate,108,68,-0.1432369607836686,0.445,0.33
dirichlet_sparse_086,A2_A3_extended_sensitivity,unconstrained,ridge_v1.3,512,502,-0.1986672651790281,0.37074148296593185,0.5841683366733467
dirichlet_sparse_086,A2_A3_extended_sensitivity,unconstrained,interaction_candidate,512,502,-0.18329945130806033,0.37074148296593185,0.5841683366733467
dirichlet_sparse_086,A2_A3_extended_sensitivity,quality_direct,ridge_v1.3,92,318,-0.08446329703702737,0.74,0.232
dirichlet_sparse_086,A2_A3_extended_sensitivity,quality_direct,interaction_candidate,92,212,-0.06325550784793589,0.32867132867132864,0.17782217782217777
dirichlet_sparse_086,A2_A3_extended_sensitivity,quality_direct_and_near,ridge_v1.3,108,68,-0.1800657802212694,0.445,0.33
dirichlet_sparse_086,A2_A3_extended_sensitivity,quality_direct_and_near,interaction_candidate,108,68,-0.1432369607836686,0.445,0.33
dirichlet_sparse_087,A1_sample_primary,unconstrained,ridge_v1.3,512,389,-0.37214099968300113,0.998,0.002
dirichlet_sparse_087,A1_sample_primary,unconstrained,interaction_candidate,512,389,-0.3487357723350907,0.998,0.002
dirichlet_sparse_087,A1_sample_primary,quality_direct,ridge_v1.3,91,129,-0.15706772174083,0.3853853853853854,0.3283283283283283
dirichlet_sparse_087,A1_sample_primary,quality_direct,interaction_candidate,91,129,-0.13495941939000636,0.3853853853853854,0.3283283283283283
dirichlet_sparse_087,A1_sample_primary,quality_direct_and_near,ridge_v1.3,108,356,-0.19368690058017754,0.47052947052947053,0.2947052947052947
dirichlet_sparse_087,A1_sample_primary,quality_direct_and_near,interaction_candidate,108,356,-0.15622645968688842,0.47052947052947053,0.2947052947052947
dirichlet_sparse_087,A2_A3_extended_sensitivity,unconstrained,ridge_v1.3,512,389,-0.37214099968300113,0.998,0.002
dirichlet_sparse_087,A2_A3_extended_sensitivity,unconstrained,interaction_candidate,512,389,-0.3487357723350907,0.998,0.002
dirichlet_sparse_087,A2_A3_extended_sensitivity,quality_direct,ridge_v1.3,92,479,-0.17017455284298336,0.496,0.23299999999999998
dirichlet_sparse_087,A2_A3_extended_sensitivity,quality_direct,interaction_candidate,92,479,-0.13947030501814572,0.496,0.23299999999999998
dirichlet_sparse_087,A2_A3_extended_sensitivity,quality_direct_and_near,ridge_v1.3,108,356,-0.19368690058017754,0.47052947052947053,0.2947052947052947
dirichlet_sparse_087,A2_A3_extended_sensitivity,quality_direct_and_near,interaction_candidate,108,356,-0.15622645968688842,0.47052947052947053,0.2947052947052947
dirichlet_sparse_088,A1_sample_primary,unconstrained,ridge_v1.3,512,171,-0.1722283085856677,0.7087087087087087,0.13813813813813813
dirichlet_sparse_088,A1_sample_primary,unconstrained,interaction_candidate,512,171,-0.16150885772709062,0.7087087087087087,0.13813813813813813
dirichlet_sparse_088,A1_sample_primary,quality_direct,ridge_v1.3,91,478,-0.07536480998355759,0.34265734265734266,0.3146853146853147
dirichlet_sparse_088,A1_sample_primary,quality_direct,interaction_candidate,91,478,-0.06267709935984161,0.34265734265734266,0.3146853146853147
dirichlet_sparse_088,A1_sample_primary,quality_direct_and_near,ridge_v1.3,108,505,-0.09649748713578257,0.36536536536536535,0.34934934934934936
dirichlet_sparse_088,A1_sample_primary,quality_direct_and_near,interaction_candidate,108,505,-0.08744667747435118,0.36536536536536535,0.34934934934934936
dirichlet_sparse_088,A2_A3_extended_sensitivity,unconstrained,ridge_v1.3,512,171,-0.1722283085856677,0.7087087087087087,0.13813813813813813
dirichlet_sparse_088,A2_A3_extended_sensitivity,unconstrained,interaction_candidate,512,171,-0.16150885772709062,0.7087087087087087,0.13813813813813813
dirichlet_sparse_088,A2_A3_extended_sensitivity,quality_direct,ridge_v1.3,92,478,-0.07536480998355759,0.34265734265734266,0.3146853146853147
dirichlet_sparse_088,A2_A3_extended_sensitivity,quality_direct,interaction_candidate,92,478,-0.06267709935984161,0.34265734265734266,0.3146853146853147
dirichlet_sparse_088,A2_A3_extended_sensitivity,quality_direct_and_near,ridge_v1.3,108,505,-0.09649748713578257,0.36536536536536535,0.34934934934934936
dirichlet_sparse_088,A2_A3_extended_sensitivity,quality_direct_and_near,interaction_candidate,108,505,-0.08744667747435118,0.36536536536536535,0.34934934934934936
dirichlet_sparse_089,A1_sample_primary,unconstrained,ridge_v1.3,512,163,-0.09679572554106627,0.35435435435435436,0.5185185185185186
dirichlet_sparse_089,A1_sample_primary,unconstrained,interaction_candidate,512,275,-0.10168713229716822,0.4894894894894895,0.060060060060060066
dirichlet_sparse_089,A1_sample_primary,quality_direct,ridge_v1.3,91,50,-0.0955370963755519,0.546,0.318
dirichlet_sparse_089,A1_sample_primary,quality_direct,interaction_candidate,91,275,-0.10168713229716822,0.4894894894894895,0.060060060060060066
dirichlet_sparse_089,A1_sample_primary,quality_direct_and_near,ridge_v1.3,108,50,-0.0955370963755519,0.546,0.318
dirichlet_sparse_089,A1_sample_primary,quality_direct_and_near,interaction_candidate,108,275,-0.10168713229716822,0.4894894894894895,0.060060060060060066
dirichlet_sparse_089,A2_A3_extended_sensitivity,unconstrained,ridge_v1.3,512,163,-0.09679572554106627,0.35435435435435436,0.5185185185185186
dirichlet_sparse_089,A2_A3_extended_sensitivity,unconstrained,interaction_candidate,512,275,-0.10168713229716822,0.4894894894894895,0.060060060060060066
dirichlet_sparse_089,A2_A3_extended_sensitivity,quality_direct,ridge_v1.3,92,50,-0.0955370963755519,0.546,0.318
dirichlet_sparse_089,A2_A3_extended_sensitivity,quality_direct,interaction_candidate,92,275,-0.10168713229716822,0.4894894894894895,0.060060060060060066
dirichlet_sparse_089,A2_A3_extended_sensitivity,quality_direct_and_near,ridge_v1.3,108,50,-0.0955370963755519,0.546,0.318
dirichlet_sparse_089,A2_A3_extended_sensitivity,quality_direct_and_near,interaction_candidate,108,275,-0.10168713229716822,0.4894894894894895,0.060060060060060066
dirichlet_sparse_090,A1_sample_primary,unconstrained,ridge_v1.3,512,341,-0.1524223910653407,0.6896896896896897,0.886886886886887
dirichlet_sparse_090,A1_sample_primary,unconstrained,interaction_candidate,512,341,-0.12009688517069678,0.6896896896896897,0.886886886886887
dirichlet_sparse_090,A1_sample_primary,quality_direct,ridge_v1.3,91,484,-0.07707033931255229,0.45545545545545546,0.2072072072072072
dirichlet_sparse_090,A1_sample_primary,quality_direct,interaction_candidate,91,477,-0.08425327466913377,0.35535535535535534,0.3693693693693694
dirichlet_sparse_090,A1_sample_primary,quality_direct_and_near,ridge_v1.3,108,68,-0.11019965981984967,0.445,0.33
dirichlet_sparse_090,A1_sample_primary,quality_direct_and_near,interaction_candidate,108,477,-0.08425327466913377,0.35535535535535534,0.3693693693693694
dirichlet_sparse_090,A2_A3_extended_sensitivity,unconstrained,ridge_v1.3,512,341,-0.1524223910653407,0.6896896896896897,0.886886886886887
dirichlet_sparse_090,A2_A3_extended_sensitivity,unconstrained,interaction_candidate,512,341,-0.12009688517069678,0.6896896896896897,0.886886886886887
dirichlet_sparse_090,A2_A3_extended_sensitivity,quality_direct,ridge_v1.3,92,484,-0.07707033931255229,0.45545545545545546,0.2072072072072072
dirichlet_sparse_090,A2_A3_extended_sensitivity,quality_direct,interaction_candidate,92,477,-0.08425327466913377,0.35535535535535534,0.3693693693693694
dirichlet_sparse_090,A2_A3_extended_sensitivity,quality_direct_and_near,ridge_v1.3,108,68,-0.11019965981984967,0.445,0.33
dirichlet_sparse_090,A2_A3_extended_sensitivity,quality_direct_and_near,interaction_candidate,108,477,-0.08425327466913377,0.35535535535535534,0.3693693693693694
dirichlet_sparse_091,A1_sample_primary,unconstrained,ridge_v1.3,512,365,-0.28459508710227627,0.518,0.31800000000000006
dirichlet_sparse_091,A1_sample_primary,unconstrained,interaction_candidate,512,365,-0.2618374879435782,0.518,0.31800000000000006
dirichlet_sparse_091,A1_sample_primary,quality_direct,ridge_v1.3,91,301,-0.2708369202934794,0.36063936063936064,0.2727272727272727
dirichlet_sparse_091,A1_sample_primary,quality_direct,interaction_candidate,91,301,-0.25441695057963803,0.36063936063936064,0.2727272727272727
dirichlet_sparse_091,A1_sample_primary,quality_direct_and_near,ridge_v1.3,108,384,-0.284347777146048,0.234,0.413
dirichlet_sparse_091,A1_sample_primary,quality_direct_and_near,interaction_candidate,108,384,-0.2604436268950207,0.234,0.413
dirichlet_sparse_091,A2_A3_extended_sensitivity,unconstrained,ridge_v1.3,512,365,-0.28459508710227627,0.518,0.31800000000000006
dirichlet_sparse_091,A2_A3_extended_sensitivity,unconstrained,interaction_candidate,512,365,-0.2618374879435782,0.518,0.31800000000000006
dirichlet_sparse_091,A2_A3_extended_sensitivity,quality_direct,ridge_v1.3,92,301,-0.2708369202934794,0.36063936063936064,0.2727272727272727
dirichlet_sparse_091,A2_A3_extended_sensitivity,quality_direct,interaction_candidate,92,301,-0.25441695057963803,0.36063936063936064,0.2727272727272727
dirichlet_sparse_091,A2_A3_extended_sensitivity,quality_direct_and_near,ridge_v1.3,108,384,-0.284347777146048,0.234,0.413
dirichlet_sparse_091,A2_A3_extended_sensitivity,quality_direct_and_near,interaction_candidate,108,384,-0.2604436268950207,0.234,0.413
dirichlet_sparse_092,A1_sample_primary,unconstrained,ridge_v1.3,512,435,-0.3017265577003231,0.999,0.999
dirichlet_sparse_092,A1_sample_primary,unconstrained,interaction_candidate,512,382,-0.2301880864869482,0.7127127127127126,0.995995995995996
dirichlet_sparse_092,A1_sample_primary,quality_direct,ridge_v1.3,91,26,-0.15794501216965282,0.5145145145145146,0.5635635635635636
dirichlet_sparse_092,A1_sample_primary,quality_direct,interaction_candidate,91,26,-0.1500014000305885,0.5145145145145146,0.5635635635635636
dirichlet_sparse_092,A1_sample_primary,quality_direct_and_near,ridge_v1.3,108,307,-0.11874212187534615,0.55,0.398
dirichlet_sparse_092,A1_sample_primary,quality_direct_and_near,interaction_candidate,108,307,-0.12996523620754202,0.55,0.398
dirichlet_sparse_092,A2_A3_extended_sensitivity,unconstrained,ridge_v1.3,512,435,-0.3017265577003231,0.999,0.999
dirichlet_sparse_092,A2_A3_extended_sensitivity,unconstrained,interaction_candidate,512,382,-0.2301880864869482,0.7127127127127126,0.995995995995996
dirichlet_sparse_092,A2_A3_extended_sensitivity,quality_direct,ridge_v1.3,92,26,-0.15794501216965282,0.5145145145145146,0.5635635635635636
dirichlet_sparse_092,A2_A3_extended_sensitivity,quality_direct,interaction_candidate,92,26,-0.1500014000305885,0.5145145145145146,0.5635635635635636
dirichlet_sparse_092,A2_A3_extended_sensitivity,quality_direct_and_near,ridge_v1.3,108,307,-0.11874212187534615,0.55,0.398
dirichlet_sparse_092,A2_A3_extended_sensitivity,quality_direct_and_near,interaction_candidate,108,307,-0.12996523620754202,0.55,0.398
dirichlet_sparse_093,A1_sample_primary,unconstrained,ridge_v1.3,512,171,-0.20192774302489647,0.7087087087087087,0.13813813813813813
dirichlet_sparse_093,A1_sample_primary,unconstrained,interaction_candidate,512,171,-0.1863725577374558,0.7087087087087087,0.13813813813813813
dirichlet_sparse_093,A1_sample_primary,quality_direct,ridge_v1.3,91,285,-0.09169395583720122,0.48648648648648646,0.1021021021021021
dirichlet_sparse_093,A1_sample_primary,quality_direct,interaction_candidate,91,478,-0.07328040011503092,0.34265734265734266,0.3146853146853147
dirichlet_sparse_093,A1_sample_primary,quality_direct_and_near,ridge_v1.3,108,302,-0.11607113589981342,0.3843843843843844,0.16016016016016016
dirichlet_sparse_093,A1_sample_primary,quality_direct_and_near,interaction_candidate,108,302,-0.10346823158134774,0.3843843843843844,0.16016016016016016
dirichlet_sparse_093,A2_A3_extended_sensitivity,unconstrained,ridge_v1.3,512,171,-0.20192774302489647,0.7087087087087087,0.13813813813813813
dirichlet_sparse_093,A2_A3_extended_sensitivity,unconstrained,interaction_candidate,512,171,-0.1863725577374558,0.7087087087087087,0.13813813813813813
dirichlet_sparse_093,A2_A3_extended_sensitivity,quality_direct,ridge_v1.3,92,285,-0.09169395583720122,0.48648648648648646,0.1021021021021021
dirichlet_sparse_093,A2_A3_extended_sensitivity,quality_direct,interaction_candidate,92,478,-0.07328040011503092,0.34265734265734266,0.3146853146853147
dirichlet_sparse_093,A2_A3_extended_sensitivity,quality_direct_and_near,ridge_v1.3,108,302,-0.11607113589981342,0.3843843843843844,0.16016016016016016
dirichlet_sparse_093,A2_A3_extended_sensitivity,quality_direct_and_near,interaction_candidate,108,302,-0.10346823158134774,0.3843843843843844,0.16016016016016016
dirichlet_sparse_094,A1_sample_primary,unconstrained,ridge_v1.3,512,341,-0.14291711598226423,0.6896896896896897,0.886886886886887
dirichlet_sparse_094,A1_sample_primary,unconstrained,interaction_candidate,512,429,-0.23696823564830727,0.592,0.592
dirichlet_sparse_094,A1_sample_primary,quality_direct,ridge_v1.3,91,266,-0.056832545230373135,0.552,0.6050000000000001
dirichlet_sparse_094,A1_sample_primary,quality_direct,interaction_candidate,91,437,-0.12121154261060006,0.442,0.154
dirichlet_sparse_094,A1_sample_primary,quality_direct_and_near,ridge_v1.3,108,384,-0.08704440075894285,0.234,0.413
dirichlet_sparse_094,A1_sample_primary,quality_direct_and_near,interaction_candidate,108,437,-0.12121154261060006,0.442,0.154
dirichlet_sparse_094,A2_A3_extended_sensitivity,unconstrained,ridge_v1.3,512,341,-0.14291711598226423,0.6896896896896897,0.886886886886887
dirichlet_sparse_094,A2_A3_extended_sensitivity,unconstrained,interaction_candidate,512,429,-0.23696823564830727,0.592,0.592
dirichlet_sparse_094,A2_A3_extended_sensitivity,quality_direct,ridge_v1.3,92,266,-0.056832545230373135,0.552,0.6050000000000001
dirichlet_sparse_094,A2_A3_extended_sensitivity,quality_direct,interaction_candidate,92,437,-0.12121154261060006,0.442,0.154
dirichlet_sparse_094,A2_A3_extended_sensitivity,quality_direct_and_near,ridge_v1.3,108,384,-0.08704440075894285,0.234,0.413
dirichlet_sparse_094,A2_A3_extended_sensitivity,quality_direct_and_near,interaction_candidate,108,437,-0.12121154261060006,0.442,0.154
dirichlet_sparse_095,A1_sample_primary,unconstrained,ridge_v1.3,512,305,-0.07798014038252248,0.549,0.446
dirichlet_sparse_095,A1_sample_primary,unconstrained,interaction_candidate,512,78,-0.09023967198357037,0.471,0.49100000000000005
dirichlet_sparse_095,A1_sample_primary,quality_direct,ridge_v1.3,91,484,-0.07475180052458227,0.45545545545545546,0.2072072072072072
dirichlet_sparse_095,A1_sample_primary,quality_direct,interaction_candidate,91,78,-0.09023967198357037,0.471,0.49100000000000005
dirichlet_sparse_095,A1_sample_primary,quality_direct_and_near,ridge_v1.3,108,484,-0.07475180052458227,0.45545545545545546,0.2072072072072072
dirichlet_sparse_095,A1_sample_primary,quality_direct_and_near,interaction_candidate,108,370,-0.08728579843295566,0.5375375375375375,0.4314314314314315
dirichlet_sparse_095,A2_A3_extended_sensitivity,unconstrained,ridge_v1.3,512,305,-0.07798014038252248,0.549,0.446
dirichlet_sparse_095,A2_A3_extended_sensitivity,unconstrained,interaction_candidate,512,78,-0.09023967198357037,0.471,0.49100000000000005
dirichlet_sparse_095,A2_A3_extended_sensitivity,quality_direct,ridge_v1.3,92,484,-0.07475180052458227,0.45545545545545546,0.2072072072072072
dirichlet_sparse_095,A2_A3_extended_sensitivity,quality_direct,interaction_candidate,92,78,-0.09023967198357037,0.471,0.49100000000000005
dirichlet_sparse_095,A2_A3_extended_sensitivity,quality_direct_and_near,ridge_v1.3,108,484,-0.07475180052458227,0.45545545545545546,0.2072072072072072
dirichlet_sparse_095,A2_A3_extended_sensitivity,quality_direct_and_near,interaction_candidate,108,370,-0.08728579843295566,0.5375375375375375,0.4314314314314315
dirichlet_sparse_096,A1_sample_primary,unconstrained,ridge_v1.3,512,160,-0.09444975710113834,0.5015015015015015,0.08608608608608609
dirichlet_sparse_096,A1_sample_primary,unconstrained,interaction_candidate,512,163,-0.07752168713738938,0.35435435435435436,0.5185185185185186
dirichlet_sparse_096,A1_sample_primary,quality_direct,ridge_v1.3,91,301,-0.07775809208289809,0.36063936063936064,0.2727272727272727
dirichlet_sparse_096,A1_sample_primary,quality_direct,interaction_candidate,91,301,-0.06597954005069745,0.36063936063936064,0.2727272727272727
dirichlet_sparse_096,A1_sample_primary,quality_direct_and_near,ridge_v1.3,108,160,-0.09444975710113834,0.5015015015015015,0.08608608608608609
dirichlet_sparse_096,A1_sample_primary,quality_direct_and_near,interaction_candidate,108,97,-0.07431843754398657,0.3413173652694611,0.3992015968063872
dirichlet_sparse_096,A2_A3_extended_sensitivity,unconstrained,ridge_v1.3,512,160,-0.09444975710113834,0.5015015015015015,0.08608608608608609
dirichlet_sparse_096,A2_A3_extended_sensitivity,unconstrained,interaction_candidate,512,163,-0.07752168713738938,0.35435435435435436,0.5185185185185186
dirichlet_sparse_096,A2_A3_extended_sensitivity,quality_direct,ridge_v1.3,92,301,-0.07775809208289809,0.36063936063936064,0.2727272727272727
dirichlet_sparse_096,A2_A3_extended_sensitivity,quality_direct,interaction_candidate,92,301,-0.06597954005069745,0.36063936063936064,0.2727272727272727
dirichlet_sparse_096,A2_A3_extended_sensitivity,quality_direct_and_near,ridge_v1.3,108,160,-0.09444975710113834,0.5015015015015015,0.08608608608608609
dirichlet_sparse_096,A2_A3_extended_sensitivity,quality_direct_and_near,interaction_candidate,108,97,-0.07431843754398657,0.3413173652694611,0.3992015968063872
dirichlet_sparse_097,A1_sample_primary,unconstrained,ridge_v1.3,512,29,-0.21186650093830875,0.6723276723276723,0.6863136863136863
dirichlet_sparse_097,A1_sample_primary,unconstrained,interaction_candidate,512,29,-0.1982728150318759,0.6723276723276723,0.6863136863136863
dirichlet_sparse_097,A1_sample_primary,quality_direct,ridge_v1.3,91,264,-0.10910268600991851,0.4181636726546906,0.6227544910179641
dirichlet_sparse_097,A1_sample_primary,quality_direct,interaction_candidate,91,264,-0.10035949635971747,0.4181636726546906,0.6227544910179641
dirichlet_sparse_097,A1_sample_primary,quality_direct_and_near,ridge_v1.3,108,30,-0.11376639977363938,0.4215784215784216,0.4285714285714286
dirichlet_sparse_097,A1_sample_primary,quality_direct_and_near,interaction_candidate,108,30,-0.09706971733107071,0.4215784215784216,0.4285714285714286
dirichlet_sparse_097,A2_A3_extended_sensitivity,unconstrained,ridge_v1.3,512,29,-0.21186650093830875,0.6723276723276723,0.6863136863136863
dirichlet_sparse_097,A2_A3_extended_sensitivity,unconstrained,interaction_candidate,512,29,-0.1982728150318759,0.6723276723276723,0.6863136863136863
dirichlet_sparse_097,A2_A3_extended_sensitivity,quality_direct,ridge_v1.3,92,264,-0.10910268600991851,0.4181636726546906,0.6227544910179641
dirichlet_sparse_097,A2_A3_extended_sensitivity,quality_direct,interaction_candidate,92,264,-0.10035949635971747,0.4181636726546906,0.6227544910179641
dirichlet_sparse_097,A2_A3_extended_sensitivity,quality_direct_and_near,ridge_v1.3,108,30,-0.11376639977363938,0.4215784215784216,0.4285714285714286
dirichlet_sparse_097,A2_A3_extended_sensitivity,quality_direct_and_near,interaction_candidate,108,30,-0.09706971733107071,0.4215784215784216,0.4285714285714286
dirichlet_sparse_098,A1_sample_primary,unconstrained,ridge_v1.3,512,136,-0.2235616527119673,0.22522522522522523,0.5685685685685684
dirichlet_sparse_098,A1_sample_primary,unconstrained,interaction_candidate,512,136,-0.17916175173311089,0.22522522522522523,0.5685685685685684
dirichlet_sparse_098,A1_sample_primary,quality_direct,ridge_v1.3,91,139,-0.06546488990847613,0.201,0.342
dirichlet_sparse_098,A1_sample_primary,quality_direct,interaction_candidate,91,477,-0.05009975950617366,0.35535535535535534,0.3693693693693694
dirichlet_sparse_098,A1_sample_primary,quality_direct_and_near,ridge_v1.3,108,68,-0.1619567789303061,0.445,0.33
dirichlet_sparse_098,A1_sample_primary,quality_direct_and_near,interaction_candidate,108,68,-0.11074639512129593,0.445,0.33
dirichlet_sparse_098,A2_A3_extended_sensitivity,unconstrained,ridge_v1.3,512,136,-0.2235616527119673,0.22522522522522523,0.5685685685685684
dirichlet_sparse_098,A2_A3_extended_sensitivity,unconstrained,interaction_candidate,512,136,-0.17916175173311089,0.22522522522522523,0.5685685685685684
dirichlet_sparse_098,A2_A3_extended_sensitivity,quality_direct,ridge_v1.3,92,139,-0.06546488990847613,0.201,0.342
dirichlet_sparse_098,A2_A3_extended_sensitivity,quality_direct,interaction_candidate,92,477,-0.05009975950617366,0.35535535535535534,0.3693693693693694
dirichlet_sparse_098,A2_A3_extended_sensitivity,quality_direct_and_near,ridge_v1.3,108,68,-0.1619567789303061,0.445,0.33
dirichlet_sparse_098,A2_A3_extended_sensitivity,quality_direct_and_near,interaction_candidate,108,68,-0.11074639512129593,0.445,0.33
dirichlet_sparse_099,A1_sample_primary,unconstrained,ridge_v1.3,512,290,-0.14720124691986858,0.66,0.973
dirichlet_sparse_099,A1_sample_primary,unconstrained,interaction_candidate,512,391,-0.10837993810478495,0.584,0.584
dirichlet_sparse_099,A1_sample_primary,quality_direct,ridge_v1.3,91,26,-0.0429116145308013,0.5145145145145146,0.5635635635635636
dirichlet_sparse_099,A1_sample_primary,quality_direct,interaction_candidate,91,26,-0.03204051708731521,0.5145145145145146,0.5635635635635636
dirichlet_sparse_099,A1_sample_primary,quality_direct_and_near,ridge_v1.3,108,172,-0.09946535999725346,0.32967032967032966,0.4185814185814186
dirichlet_sparse_099,A1_sample_primary,quality_direct_and_near,interaction_candidate,108,172,-0.07717361267994684,0.32967032967032966,0.4185814185814186
dirichlet_sparse_099,A2_A3_extended_sensitivity,unconstrained,ridge_v1.3,512,290,-0.14720124691986858,0.66,0.973
dirichlet_sparse_099,A2_A3_extended_sensitivity,unconstrained,interaction_candidate,512,391,-0.10837993810478495,0.584,0.584
dirichlet_sparse_099,A2_A3_extended_sensitivity,quality_direct,ridge_v1.3,92,26,-0.0429116145308013,0.5145145145145146,0.5635635635635636
dirichlet_sparse_099,A2_A3_extended_sensitivity,quality_direct,interaction_candidate,92,26,-0.03204051708731521,0.5145145145145146,0.5635635635635636
dirichlet_sparse_099,A2_A3_extended_sensitivity,quality_direct_and_near,ridge_v1.3,108,172,-0.09946535999725346,0.32967032967032966,0.4185814185814186
dirichlet_sparse_099,A2_A3_extended_sensitivity,quality_direct_and_near,interaction_candidate,108,172,-0.07717361267994684,0.32967032967032966,0.4185814185814186
dirichlet_balanced_000,A1_sample_primary,unconstrained,ridge_v1.3,512,136,-0.16064695574321308,0.22522522522522523,0.5685685685685684
dirichlet_balanced_000,A1_sample_primary,unconstrained,interaction_candidate,512,136,-0.1287446615433,0.22522522522522523,0.5685685685685684
dirichlet_balanced_000,A1_sample_primary,quality_direct,ridge_v1.3,91,84,-0.07022256843145384,0.3546453546453547,0.2547452547452548
dirichlet_balanced_000,A1_sample_primary,quality_direct,interaction_candidate,91,475,-0.05078219346459103,0.4265734265734266,0.2267732267732268
dirichlet_balanced_000,A1_sample_primary,quality_direct_and_near,ridge_v1.3,108,68,-0.10988519356779794,0.445,0.33
dirichlet_balanced_000,A1_sample_primary,quality_direct_and_near,interaction_candidate,108,68,-0.06625220860360502,0.445,0.33
dirichlet_balanced_000,A2_A3_extended_sensitivity,unconstrained,ridge_v1.3,512,136,-0.16064695574321308,0.22522522522522523,0.5685685685685684
dirichlet_balanced_000,A2_A3_extended_sensitivity,unconstrained,interaction_candidate,512,136,-0.1287446615433,0.22522522522522523,0.5685685685685684
dirichlet_balanced_000,A2_A3_extended_sensitivity,quality_direct,ridge_v1.3,92,84,-0.07022256843145384,0.3546453546453547,0.2547452547452548
dirichlet_balanced_000,A2_A3_extended_sensitivity,quality_direct,interaction_candidate,92,475,-0.05078219346459103,0.4265734265734266,0.2267732267732268
dirichlet_balanced_000,A2_A3_extended_sensitivity,quality_direct_and_near,ridge_v1.3,108,68,-0.10988519356779794,0.445,0.33
dirichlet_balanced_000,A2_A3_extended_sensitivity,quality_direct_and_near,interaction_candidate,108,68,-0.06625220860360502,0.445,0.33
dirichlet_balanced_001,A1_sample_primary,unconstrained,ridge_v1.3,512,136,-0.12381380631118834,0.22522522522522523,0.5685685685685684
dirichlet_balanced_001,A1_sample_primary,unconstrained,interaction_candidate,512,136,-0.09264661811527306,0.22522522522522523,0.5685685685685684
dirichlet_balanced_001,A1_sample_primary,quality_direct,ridge_v1.3,91,301,-0.0778122890510268,0.36063936063936064,0.2727272727272727
dirichlet_balanced_001,A1_sample_primary,quality_direct,interaction_candidate,91,477,-0.0681292647456793,0.35535535535535534,0.3693693693693694
dirichlet_balanced_001,A1_sample_primary,quality_direct_and_near,ridge_v1.3,108,384,-0.09828868197839484,0.234,0.413
dirichlet_balanced_001,A1_sample_primary,quality_direct_and_near,interaction_candidate,108,384,-0.0687491211735862,0.234,0.413
dirichlet_balanced_001,A2_A3_extended_sensitivity,unconstrained,ridge_v1.3,512,136,-0.12381380631118834,0.22522522522522523,0.5685685685685684
dirichlet_balanced_001,A2_A3_extended_sensitivity,unconstrained,interaction_candidate,512,136,-0.09264661811527306,0.22522522522522523,0.5685685685685684
dirichlet_balanced_001,A2_A3_extended_sensitivity,quality_direct,ridge_v1.3,92,301,-0.0778122890510268,0.36063936063936064,0.2727272727272727
dirichlet_balanced_001,A2_A3_extended_sensitivity,quality_direct,interaction_candidate,92,477,-0.0681292647456793,0.35535535535535534,0.3693693693693694
dirichlet_balanced_001,A2_A3_extended_sensitivity,quality_direct_and_near,ridge_v1.3,108,384,-0.09828868197839484,0.234,0.413
dirichlet_balanced_001,A2_A3_extended_sensitivity,quality_direct_and_near,interaction_candidate,108,384,-0.0687491211735862,0.234,0.413
dirichlet_balanced_002,A1_sample_primary,unconstrained,ridge_v1.3,512,492,-0.08439006106793578,0.5470941883767535,0.9789579158316633
dirichlet_balanced_002,A1_sample_primary,unconstrained,interaction_candidate,512,492,-0.06119454088682448,0.5470941883767535,0.9789579158316633
dirichlet_balanced_002,A1_sample_primary,quality_direct,ridge_v1.3,91,301,-0.043736943039315926,0.36063936063936064,0.2727272727272727
dirichlet_balanced_002,A1_sample_primary,quality_direct,interaction_candidate,91,477,-0.02600883738323353,0.35535535535535534,0.3693693693693694
dirichlet_balanced_002,A1_sample_primary,quality_direct_and_near,ridge_v1.3,108,172,-0.06726562672846262,0.32967032967032966,0.4185814185814186
dirichlet_balanced_002,A1_sample_primary,quality_direct_and_near,interaction_candidate,108,172,-0.044709335291929615,0.32967032967032966,0.4185814185814186
dirichlet_balanced_002,A2_A3_extended_sensitivity,unconstrained,ridge_v1.3,512,492,-0.08439006106793578,0.5470941883767535,0.9789579158316633
dirichlet_balanced_002,A2_A3_extended_sensitivity,unconstrained,interaction_candidate,512,492,-0.06119454088682448,0.5470941883767535,0.9789579158316633
dirichlet_balanced_002,A2_A3_extended_sensitivity,quality_direct,ridge_v1.3,92,301,-0.043736943039315926,0.36063936063936064,0.2727272727272727
dirichlet_balanced_002,A2_A3_extended_sensitivity,quality_direct,interaction_candidate,92,477,-0.02600883738323353,0.35535535535535534,0.3693693693693694
dirichlet_balanced_002,A2_A3_extended_sensitivity,quality_direct_and_near,ridge_v1.3,108,172,-0.06726562672846262,0.32967032967032966,0.4185814185814186
dirichlet_balanced_002,A2_A3_extended_sensitivity,quality_direct_and_near,interaction_candidate,108,172,-0.044709335291929615,0.32967032967032966,0.4185814185814186
dirichlet_balanced_003,A1_sample_primary,unconstrained,ridge_v1.3,512,136,-0.17603101245399083,0.22522522522522523,0.5685685685685684
dirichlet_balanced_003,A1_sample_primary,unconstrained,interaction_candidate,512,136,-0.14227441266430838,0.22522522522522523,0.5685685685685684
dirichlet_balanced_003,A1_sample_primary,quality_direct,ridge_v1.3,91,84,-0.0810068715698198,0.3546453546453547,0.2547452547452548
dirichlet_balanced_003,A1_sample_primary,quality_direct,interaction_candidate,91,84,-0.05652102930192139,0.3546453546453547,0.2547452547452548
dirichlet_balanced_003,A1_sample_primary,quality_direct_and_near,ridge_v1.3,108,68,-0.10855811246659965,0.445,0.33
dirichlet_balanced_003,A1_sample_primary,quality_direct_and_near,interaction_candidate,108,172,-0.07288638930173026,0.32967032967032966,0.4185814185814186
dirichlet_balanced_003,A2_A3_extended_sensitivity,unconstrained,ridge_v1.3,512,136,-0.17603101245399083,0.22522522522522523,0.5685685685685684
dirichlet_balanced_003,A2_A3_extended_sensitivity,unconstrained,interaction_candidate,512,136,-0.14227441266430838,0.22522522522522523,0.5685685685685684
dirichlet_balanced_003,A2_A3_extended_sensitivity,quality_direct,ridge_v1.3,92,84,-0.0810068715698198,0.3546453546453547,0.2547452547452548
dirichlet_balanced_003,A2_A3_extended_sensitivity,quality_direct,interaction_candidate,92,84,-0.05652102930192139,0.3546453546453547,0.2547452547452548
dirichlet_balanced_003,A2_A3_extended_sensitivity,quality_direct_and_near,ridge_v1.3,108,68,-0.10855811246659965,0.445,0.33
dirichlet_balanced_003,A2_A3_extended_sensitivity,quality_direct_and_near,interaction_candidate,108,172,-0.07288638930173026,0.32967032967032966,0.4185814185814186
dirichlet_balanced_004,A1_sample_primary,unconstrained,ridge_v1.3,512,136,-0.1748058491941217,0.22522522522522523,0.5685685685685684
dirichlet_balanced_004,A1_sample_primary,unconstrained,interaction_candidate,512,136,-0.13975721464085927,0.22522522522522523,0.5685685685685684
dirichlet_balanced_004,A1_sample_primary,quality_direct,ridge_v1.3,91,84,-0.06675404648031501,0.3546453546453547,0.2547452547452548
dirichlet_balanced_004,A1_sample_primary,quality_direct,interaction_candidate,91,477,-0.04838406768886077,0.35535535535535534,0.3693693693693694
dirichlet_balanced_004,A1_sample_primary,quality_direct_and_near,ridge_v1.3,108,172,-0.10506121387248185,0.32967032967032966,0.4185814185814186
dirichlet_balanced_004,A1_sample_primary,quality_direct_and_near,interaction_candidate,108,172,-0.07988728712797244,0.32967032967032966,0.4185814185814186
dirichlet_balanced_004,A2_A3_extended_sensitivity,unconstrained,ridge_v1.3,512,136,-0.1748058491941217,0.22522522522522523,0.5685685685685684
dirichlet_balanced_004,A2_A3_extended_sensitivity,unconstrained,interaction_candidate,512,136,-0.13975721464085927,0.22522522522522523,0.5685685685685684
dirichlet_balanced_004,A2_A3_extended_sensitivity,quality_direct,ridge_v1.3,92,84,-0.06675404648031501,0.3546453546453547,0.2547452547452548
dirichlet_balanced_004,A2_A3_extended_sensitivity,quality_direct,interaction_candidate,92,477,-0.04838406768886077,0.35535535535535534,0.3693693693693694
dirichlet_balanced_004,A2_A3_extended_sensitivity,quality_direct_and_near,ridge_v1.3,108,172,-0.10506121387248185,0.32967032967032966,0.4185814185814186
dirichlet_balanced_004,A2_A3_extended_sensitivity,quality_direct_and_near,interaction_candidate,108,172,-0.07988728712797244,0.32967032967032966,0.4185814185814186
dirichlet_balanced_005,A1_sample_primary,unconstrained,ridge_v1.3,512,136,-0.17309102757389477,0.22522522522522523,0.5685685685685684
dirichlet_balanced_005,A1_sample_primary,unconstrained,interaction_candidate,512,136,-0.14052498670609528,0.22522522522522523,0.5685685685685684
dirichlet_balanced_005,A1_sample_primary,quality_direct,ridge_v1.3,91,301,-0.08456879272104245,0.36063936063936064,0.2727272727272727
dirichlet_balanced_005,A1_sample_primary,quality_direct,interaction_candidate,91,301,-0.06828164514166564,0.36063936063936064,0.2727272727272727
dirichlet_balanced_005,A1_sample_primary,quality_direct_and_near,ridge_v1.3,108,172,-0.10997769321149291,0.32967032967032966,0.4185814185814186
dirichlet_balanced_005,A1_sample_primary,quality_direct_and_near,interaction_candidate,108,172,-0.08547209501608224,0.32967032967032966,0.4185814185814186
dirichlet_balanced_005,A2_A3_extended_sensitivity,unconstrained,ridge_v1.3,512,136,-0.17309102757389477,0.22522522522522523,0.5685685685685684
dirichlet_balanced_005,A2_A3_extended_sensitivity,unconstrained,interaction_candidate,512,136,-0.14052498670609528,0.22522522522522523,0.5685685685685684
dirichlet_balanced_005,A2_A3_extended_sensitivity,quality_direct,ridge_v1.3,92,301,-0.08456879272104245,0.36063936063936064,0.2727272727272727
dirichlet_balanced_005,A2_A3_extended_sensitivity,quality_direct,interaction_candidate,92,301,-0.06828164514166564,0.36063936063936064,0.2727272727272727
dirichlet_balanced_005,A2_A3_extended_sensitivity,quality_direct_and_near,ridge_v1.3,108,172,-0.10997769321149291,0.32967032967032966,0.4185814185814186
dirichlet_balanced_005,A2_A3_extended_sensitivity,quality_direct_and_near,interaction_candidate,108,172,-0.08547209501608224,0.32967032967032966,0.4185814185814186
dirichlet_balanced_006,A1_sample_primary,unconstrained,ridge_v1.3,512,136,-0.2454476194359816,0.22522522522522523,0.5685685685685684
dirichlet_balanced_006,A1_sample_primary,unconstrained,interaction_candidate,512,136,-0.2091581221046006,0.22522522522522523,0.5685685685685684
dirichlet_balanced_006,A1_sample_primary,quality_direct,ridge_v1.3,91,301,-0.12154157007895233,0.36063936063936064,0.2727272727272727
dirichlet_balanced_006,A1_sample_primary,quality_direct,interaction_candidate,91,301,-0.10259896108453904,0.36063936063936064,0.2727272727272727
dirichlet_balanced_006,A1_sample_primary,quality_direct_and_near,ridge_v1.3,108,384,-0.1456654590201581,0.234,0.413
dirichlet_balanced_006,A1_sample_primary,quality_direct_and_near,interaction_candidate,108,384,-0.1162696966353817,0.234,0.413
dirichlet_balanced_006,A2_A3_extended_sensitivity,unconstrained,ridge_v1.3,512,136,-0.2454476194359816,0.22522522522522523,0.5685685685685684
dirichlet_balanced_006,A2_A3_extended_sensitivity,unconstrained,interaction_candidate,512,136,-0.2091581221046006,0.22522522522522523,0.5685685685685684
dirichlet_balanced_006,A2_A3_extended_sensitivity,quality_direct,ridge_v1.3,92,301,-0.12154157007895233,0.36063936063936064,0.2727272727272727
dirichlet_balanced_006,A2_A3_extended_sensitivity,quality_direct,interaction_candidate,92,301,-0.10259896108453904,0.36063936063936064,0.2727272727272727
dirichlet_balanced_006,A2_A3_extended_sensitivity,quality_direct_and_near,ridge_v1.3,108,384,-0.1456654590201581,0.234,0.413
dirichlet_balanced_006,A2_A3_extended_sensitivity,quality_direct_and_near,interaction_candidate,108,384,-0.1162696966353817,0.234,0.413
dirichlet_balanced_007,A1_sample_primary,unconstrained,ridge_v1.3,512,136,-0.1365526624995095,0.22522522522522523,0.5685685685685684
dirichlet_balanced_007,A1_sample_primary,unconstrained,interaction_candidate,512,136,-0.10692884676609064,0.22522522522522523,0.5685685685685684
dirichlet_balanced_007,A1_sample_primary,quality_direct,ridge_v1.3,91,301,-0.05997849148265546,0.36063936063936064,0.2727272727272727
dirichlet_balanced_007,A1_sample_primary,quality_direct,interaction_candidate,91,475,-0.049371267544340965,0.4265734265734266,0.2267732267732268
dirichlet_balanced_007,A1_sample_primary,quality_direct_and_near,ridge_v1.3,108,172,-0.08860056256370552,0.32967032967032966,0.4185814185814186
dirichlet_balanced_007,A1_sample_primary,quality_direct_and_near,interaction_candidate,108,172,-0.06752094958122007,0.32967032967032966,0.4185814185814186
dirichlet_balanced_007,A2_A3_extended_sensitivity,unconstrained,ridge_v1.3,512,136,-0.1365526624995095,0.22522522522522523,0.5685685685685684
dirichlet_balanced_007,A2_A3_extended_sensitivity,unconstrained,interaction_candidate,512,136,-0.10692884676609064,0.22522522522522523,0.5685685685685684
dirichlet_balanced_007,A2_A3_extended_sensitivity,quality_direct,ridge_v1.3,92,301,-0.05997849148265546,0.36063936063936064,0.2727272727272727
dirichlet_balanced_007,A2_A3_extended_sensitivity,quality_direct,interaction_candidate,92,475,-0.049371267544340965,0.4265734265734266,0.2267732267732268
dirichlet_balanced_007,A2_A3_extended_sensitivity,quality_direct_and_near,ridge_v1.3,108,172,-0.08860056256370552,0.32967032967032966,0.4185814185814186
dirichlet_balanced_007,A2_A3_extended_sensitivity,quality_direct_and_near,interaction_candidate,108,172,-0.06752094958122007,0.32967032967032966,0.4185814185814186
dirichlet_balanced_008,A1_sample_primary,unconstrained,ridge_v1.3,512,136,-0.14281933234700775,0.22522522522522523,0.5685685685685684
dirichlet_balanced_008,A1_sample_primary,unconstrained,interaction_candidate,512,136,-0.11299770368842811,0.22522522522522523,0.5685685685685684
dirichlet_balanced_008,A1_sample_primary,quality_direct,ridge_v1.3,91,301,-0.07231820589013635,0.36063936063936064,0.2727272727272727
dirichlet_balanced_008,A1_sample_primary,quality_direct,interaction_candidate,91,301,-0.054964621222382874,0.36063936063936064,0.2727272727272727
dirichlet_balanced_008,A1_sample_primary,quality_direct_and_near,ridge_v1.3,108,384,-0.10590152096024356,0.234,0.413
dirichlet_balanced_008,A1_sample_primary,quality_direct_and_near,interaction_candidate,108,384,-0.07903296153559422,0.234,0.413
dirichlet_balanced_008,A2_A3_extended_sensitivity,unconstrained,ridge_v1.3,512,136,-0.14281933234700775,0.22522522522522523,0.5685685685685684
dirichlet_balanced_008,A2_A3_extended_sensitivity,unconstrained,interaction_candidate,512,136,-0.11299770368842811,0.22522522522522523,0.5685685685685684
dirichlet_balanced_008,A2_A3_extended_sensitivity,quality_direct,ridge_v1.3,92,301,-0.07231820589013635,0.36063936063936064,0.2727272727272727
dirichlet_balanced_008,A2_A3_extended_sensitivity,quality_direct,interaction_candidate,92,301,-0.054964621222382874,0.36063936063936064,0.2727272727272727
dirichlet_balanced_008,A2_A3_extended_sensitivity,quality_direct_and_near,ridge_v1.3,108,384,-0.10590152096024356,0.234,0.413
dirichlet_balanced_008,A2_A3_extended_sensitivity,quality_direct_and_near,interaction_candidate,108,384,-0.07903296153559422,0.234,0.413
dirichlet_balanced_009,A1_sample_primary,unconstrained,ridge_v1.3,512,136,-0.16173029976068123,0.22522522522522523,0.5685685685685684
dirichlet_balanced_009,A1_sample_primary,unconstrained,interaction_candidate,512,136,-0.12819072135932325,0.22522522522522523,0.5685685685685684
dirichlet_balanced_009,A1_sample_primary,quality_direct,ridge_v1.3,91,84,-0.06722188021173943,0.3546453546453547,0.2547452547452548
dirichlet_balanced_009,A1_sample_primary,quality_direct,interaction_candidate,91,477,-0.04630339901501928,0.35535535535535534,0.3693693693693694
dirichlet_balanced_009,A1_sample_primary,quality_direct_and_near,ridge_v1.3,108,68,-0.09997206909513442,0.445,0.33
dirichlet_balanced_009,A1_sample_primary,quality_direct_and_near,interaction_candidate,108,384,-0.06153762444121197,0.234,0.413
dirichlet_balanced_009,A2_A3_extended_sensitivity,unconstrained,ridge_v1.3,512,136,-0.16173029976068123,0.22522522522522523,0.5685685685685684
dirichlet_balanced_009,A2_A3_extended_sensitivity,unconstrained,interaction_candidate,512,136,-0.12819072135932325,0.22522522522522523,0.5685685685685684
dirichlet_balanced_009,A2_A3_extended_sensitivity,quality_direct,ridge_v1.3,92,84,-0.06722188021173943,0.3546453546453547,0.2547452547452548
dirichlet_balanced_009,A2_A3_extended_sensitivity,quality_direct,interaction_candidate,92,477,-0.04630339901501928,0.35535535535535534,0.3693693693693694
dirichlet_balanced_009,A2_A3_extended_sensitivity,quality_direct_and_near,ridge_v1.3,108,68,-0.09997206909513442,0.445,0.33
dirichlet_balanced_009,A2_A3_extended_sensitivity,quality_direct_and_near,interaction_candidate,108,384,-0.06153762444121197,0.234,0.413
dirichlet_balanced_010,A1_sample_primary,unconstrained,ridge_v1.3,512,136,-0.19932013165178447,0.22522522522522523,0.5685685685685684
dirichlet_balanced_010,A1_sample_primary,unconstrained,interaction_candidate,512,136,-0.1688502681998931,0.22522522522522523,0.5685685685685684
dirichlet_balanced_010,A1_sample_primary,quality_direct,ridge_v1.3,91,84,-0.08611997357388798,0.3546453546453547,0.2547452547452548
dirichlet_balanced_010,A1_sample_primary,quality_direct,interaction_candidate,91,84,-0.06503206313141342,0.3546453546453547,0.2547452547452548
dirichlet_balanced_010,A1_sample_primary,quality_direct_and_near,ridge_v1.3,108,68,-0.13559800943074543,0.445,0.33
dirichlet_balanced_010,A1_sample_primary,quality_direct_and_near,interaction_candidate,108,68,-0.09401699556995838,0.445,0.33
dirichlet_balanced_010,A2_A3_extended_sensitivity,unconstrained,ridge_v1.3,512,136,-0.19932013165178447,0.22522522522522523,0.5685685685685684
dirichlet_balanced_010,A2_A3_extended_sensitivity,unconstrained,interaction_candidate,512,136,-0.1688502681998931,0.22522522522522523,0.5685685685685684
dirichlet_balanced_010,A2_A3_extended_sensitivity,quality_direct,ridge_v1.3,92,84,-0.08611997357388798,0.3546453546453547,0.2547452547452548
dirichlet_balanced_010,A2_A3_extended_sensitivity,quality_direct,interaction_candidate,92,84,-0.06503206313141342,0.3546453546453547,0.2547452547452548
dirichlet_balanced_010,A2_A3_extended_sensitivity,quality_direct_and_near,ridge_v1.3,108,68,-0.13559800943074543,0.445,0.33
dirichlet_balanced_010,A2_A3_extended_sensitivity,quality_direct_and_near,interaction_candidate,108,68,-0.09401699556995838,0.445,0.33
dirichlet_balanced_011,A1_sample_primary,unconstrained,ridge_v1.3,512,136,-0.1699730215890641,0.22522522522522523,0.5685685685685684
dirichlet_balanced_011,A1_sample_primary,unconstrained,interaction_candidate,512,136,-0.1374480531805014,0.22522522522522523,0.5685685685685684
dirichlet_balanced_011,A1_sample_primary,quality_direct,ridge_v1.3,91,301,-0.07353655929457556,0.36063936063936064,0.2727272727272727
dirichlet_balanced_011,A1_sample_primary,quality_direct,interaction_candidate,91,301,-0.055649177453889614,0.36063936063936064,0.2727272727272727
dirichlet_balanced_011,A1_sample_primary,quality_direct_and_near,ridge_v1.3,108,384,-0.10438384140114672,0.234,0.413
dirichlet_balanced_011,A1_sample_primary,quality_direct_and_near,interaction_candidate,108,384,-0.07708500411179656,0.234,0.413
dirichlet_balanced_011,A2_A3_extended_sensitivity,unconstrained,ridge_v1.3,512,136,-0.1699730215890641,0.22522522522522523,0.5685685685685684
dirichlet_balanced_011,A2_A3_extended_sensitivity,unconstrained,interaction_candidate,512,136,-0.1374480531805014,0.22522522522522523,0.5685685685685684
dirichlet_balanced_011,A2_A3_extended_sensitivity,quality_direct,ridge_v1.3,92,301,-0.07353655929457556,0.36063936063936064,0.2727272727272727
dirichlet_balanced_011,A2_A3_extended_sensitivity,quality_direct,interaction_candidate,92,301,-0.055649177453889614,0.36063936063936064,0.2727272727272727
dirichlet_balanced_011,A2_A3_extended_sensitivity,quality_direct_and_near,ridge_v1.3,108,384,-0.10438384140114672,0.234,0.413
dirichlet_balanced_011,A2_A3_extended_sensitivity,quality_direct_and_near,interaction_candidate,108,384,-0.07708500411179656,0.234,0.413
dirichlet_balanced_012,A1_sample_primary,unconstrained,ridge_v1.3,512,136,-0.17548412603022792,0.22522522522522523,0.5685685685685684
dirichlet_balanced_012,A1_sample_primary,unconstrained,interaction_candidate,512,136,-0.13913495104869075,0.22522522522522523,0.5685685685685684
dirichlet_balanced_012,A1_sample_primary,quality_direct,ridge_v1.3,91,301,-0.06630264103888316,0.36063936063936064,0.2727272727272727
dirichlet_balanced_012,A1_sample_primary,quality_direct,interaction_candidate,91,475,-0.05917348371608505,0.4265734265734266,0.2267732267732268
dirichlet_balanced_012,A1_sample_primary,quality_direct_and_near,ridge_v1.3,108,68,-0.1237853407857321,0.445,0.33
dirichlet_balanced_012,A1_sample_primary,quality_direct_and_near,interaction_candidate,108,172,-0.08424704448181441,0.32967032967032966,0.4185814185814186
dirichlet_balanced_012,A2_A3_extended_sensitivity,unconstrained,ridge_v1.3,512,136,-0.17548412603022792,0.22522522522522523,0.5685685685685684
dirichlet_balanced_012,A2_A3_extended_sensitivity,unconstrained,interaction_candidate,512,136,-0.13913495104869075,0.22522522522522523,0.5685685685685684
dirichlet_balanced_012,A2_A3_extended_sensitivity,quality_direct,ridge_v1.3,92,301,-0.06630264103888316,0.36063936063936064,0.2727272727272727
dirichlet_balanced_012,A2_A3_extended_sensitivity,quality_direct,interaction_candidate,92,475,-0.05917348371608505,0.4265734265734266,0.2267732267732268
dirichlet_balanced_012,A2_A3_extended_sensitivity,quality_direct_and_near,ridge_v1.3,108,68,-0.1237853407857321,0.445,0.33
dirichlet_balanced_012,A2_A3_extended_sensitivity,quality_direct_and_near,interaction_candidate,108,172,-0.08424704448181441,0.32967032967032966,0.4185814185814186
dirichlet_balanced_013,A1_sample_primary,unconstrained,ridge_v1.3,512,136,-0.1534691880032844,0.22522522522522523,0.5685685685685684
dirichlet_balanced_013,A1_sample_primary,unconstrained,interaction_candidate,512,136,-0.12007022170006093,0.22522522522522523,0.5685685685685684
dirichlet_balanced_013,A1_sample_primary,quality_direct,ridge_v1.3,91,301,-0.07298444329441298,0.36063936063936064,0.2727272727272727
dirichlet_balanced_013,A1_sample_primary,quality_direct,interaction_candidate,91,301,-0.05482192265443373,0.36063936063936064,0.2727272727272727
dirichlet_balanced_013,A1_sample_primary,quality_direct_and_near,ridge_v1.3,108,172,-0.09935067978793942,0.32967032967032966,0.4185814185814186
dirichlet_balanced_013,A1_sample_primary,quality_direct_and_near,interaction_candidate,108,172,-0.07446784210559652,0.32967032967032966,0.4185814185814186
dirichlet_balanced_013,A2_A3_extended_sensitivity,unconstrained,ridge_v1.3,512,136,-0.1534691880032844,0.22522522522522523,0.5685685685685684
dirichlet_balanced_013,A2_A3_extended_sensitivity,unconstrained,interaction_candidate,512,136,-0.12007022170006093,0.22522522522522523,0.5685685685685684
dirichlet_balanced_013,A2_A3_extended_sensitivity,quality_direct,ridge_v1.3,92,301,-0.07298444329441298,0.36063936063936064,0.2727272727272727
dirichlet_balanced_013,A2_A3_extended_sensitivity,quality_direct,interaction_candidate,92,301,-0.05482192265443373,0.36063936063936064,0.2727272727272727
dirichlet_balanced_013,A2_A3_extended_sensitivity,quality_direct_and_near,ridge_v1.3,108,172,-0.09935067978793942,0.32967032967032966,0.4185814185814186
dirichlet_balanced_013,A2_A3_extended_sensitivity,quality_direct_and_near,interaction_candidate,108,172,-0.07446784210559652,0.32967032967032966,0.4185814185814186
dirichlet_balanced_014,A1_sample_primary,unconstrained,ridge_v1.3,512,136,-0.1266106262850075,0.22522522522522523,0.5685685685685684
dirichlet_balanced_014,A1_sample_primary,unconstrained,interaction_candidate,512,136,-0.0994118180082004,0.22522522522522523,0.5685685685685684
dirichlet_balanced_014,A1_sample_primary,quality_direct,ridge_v1.3,91,301,-0.07624802369718808,0.36063936063936064,0.2727272727272727
dirichlet_balanced_014,A1_sample_primary,quality_direct,interaction_candidate,91,301,-0.05925054558869433,0.36063936063936064,0.2727272727272727
dirichlet_balanced_014,A1_sample_primary,quality_direct_and_near,ridge_v1.3,108,384,-0.10264214167875997,0.234,0.413
dirichlet_balanced_014,A1_sample_primary,quality_direct_and_near,interaction_candidate,108,384,-0.07769467532824972,0.234,0.413
dirichlet_balanced_014,A2_A3_extended_sensitivity,unconstrained,ridge_v1.3,512,136,-0.1266106262850075,0.22522522522522523,0.5685685685685684
dirichlet_balanced_014,A2_A3_extended_sensitivity,unconstrained,interaction_candidate,512,136,-0.0994118180082004,0.22522522522522523,0.5685685685685684
dirichlet_balanced_014,A2_A3_extended_sensitivity,quality_direct,ridge_v1.3,92,301,-0.07624802369718808,0.36063936063936064,0.2727272727272727
dirichlet_balanced_014,A2_A3_extended_sensitivity,quality_direct,interaction_candidate,92,301,-0.05925054558869433,0.36063936063936064,0.2727272727272727
dirichlet_balanced_014,A2_A3_extended_sensitivity,quality_direct_and_near,ridge_v1.3,108,384,-0.10264214167875997,0.234,0.413
dirichlet_balanced_014,A2_A3_extended_sensitivity,quality_direct_and_near,interaction_candidate,108,384,-0.07769467532824972,0.234,0.413
dirichlet_balanced_015,A1_sample_primary,unconstrained,ridge_v1.3,512,136,-0.24252506797015996,0.22522522522522523,0.5685685685685684
dirichlet_balanced_015,A1_sample_primary,unconstrained,interaction_candidate,512,136,-0.20851479891047991,0.22522522522522523,0.5685685685685684
dirichlet_balanced_015,A1_sample_primary,quality_direct,ridge_v1.3,91,301,-0.10858789495283717,0.36063936063936064,0.2727272727272727
dirichlet_balanced_015,A1_sample_primary,quality_direct,interaction_candidate,91,301,-0.09219813070671218,0.36063936063936064,0.2727272727272727
dirichlet_balanced_015,A1_sample_primary,quality_direct_and_near,ridge_v1.3,108,68,-0.1438679073039709,0.445,0.33
dirichlet_balanced_015,A1_sample_primary,quality_direct_and_near,interaction_candidate,108,384,-0.1139394906539268,0.234,0.413
dirichlet_balanced_015,A2_A3_extended_sensitivity,unconstrained,ridge_v1.3,512,136,-0.24252506797015996,0.22522522522522523,0.5685685685685684
dirichlet_balanced_015,A2_A3_extended_sensitivity,unconstrained,interaction_candidate,512,136,-0.20851479891047991,0.22522522522522523,0.5685685685685684
dirichlet_balanced_015,A2_A3_extended_sensitivity,quality_direct,ridge_v1.3,92,301,-0.10858789495283717,0.36063936063936064,0.2727272727272727
dirichlet_balanced_015,A2_A3_extended_sensitivity,quality_direct,interaction_candidate,92,301,-0.09219813070671218,0.36063936063936064,0.2727272727272727
dirichlet_balanced_015,A2_A3_extended_sensitivity,quality_direct_and_near,ridge_v1.3,108,68,-0.1438679073039709,0.445,0.33
dirichlet_balanced_015,A2_A3_extended_sensitivity,quality_direct_and_near,interaction_candidate,108,384,-0.1139394906539268,0.234,0.413
dirichlet_balanced_016,A1_sample_primary,unconstrained,ridge_v1.3,512,136,-0.14636450109596805,0.22522522522522523,0.5685685685685684
dirichlet_balanced_016,A1_sample_primary,unconstrained,interaction_candidate,512,136,-0.11524584362263868,0.22522522522522523,0.5685685685685684
dirichlet_balanced_016,A1_sample_primary,quality_direct,ridge_v1.3,91,301,-0.10457392937320087,0.36063936063936064,0.2727272727272727
dirichlet_balanced_016,A1_sample_primary,quality_direct,interaction_candidate,91,301,-0.08320353454829046,0.36063936063936064,0.2727272727272727
dirichlet_balanced_016,A1_sample_primary,quality_direct_and_near,ridge_v1.3,108,384,-0.13226611338150893,0.234,0.413
dirichlet_balanced_016,A1_sample_primary,quality_direct_and_near,interaction_candidate,108,384,-0.1024905680949672,0.234,0.413
dirichlet_balanced_016,A2_A3_extended_sensitivity,unconstrained,ridge_v1.3,512,136,-0.14636450109596805,0.22522522522522523,0.5685685685685684
dirichlet_balanced_016,A2_A3_extended_sensitivity,unconstrained,interaction_candidate,512,136,-0.11524584362263868,0.22522522522522523,0.5685685685685684
dirichlet_balanced_016,A2_A3_extended_sensitivity,quality_direct,ridge_v1.3,92,301,-0.10457392937320087,0.36063936063936064,0.2727272727272727
dirichlet_balanced_016,A2_A3_extended_sensitivity,quality_direct,interaction_candidate,92,301,-0.08320353454829046,0.36063936063936064,0.2727272727272727
dirichlet_balanced_016,A2_A3_extended_sensitivity,quality_direct_and_near,ridge_v1.3,108,384,-0.13226611338150893,0.234,0.413
dirichlet_balanced_016,A2_A3_extended_sensitivity,quality_direct_and_near,interaction_candidate,108,384,-0.1024905680949672,0.234,0.413
dirichlet_balanced_017,A1_sample_primary,unconstrained,ridge_v1.3,512,136,-0.14579194370447798,0.22522522522522523,0.5685685685685684
dirichlet_balanced_017,A1_sample_primary,unconstrained,interaction_candidate,512,136,-0.10789724514295142,0.22522522522522523,0.5685685685685684
dirichlet_balanced_017,A1_sample_primary,quality_direct,ridge_v1.3,91,301,-0.06582909624547277,0.36063936063936064,0.2727272727272727
dirichlet_balanced_017,A1_sample_primary,quality_direct,interaction_candidate,91,477,-0.05552386319365702,0.35535535535535534,0.3693693693693694
dirichlet_balanced_017,A1_sample_primary,quality_direct_and_near,ridge_v1.3,108,384,-0.09308014946769827,0.234,0.413
dirichlet_balanced_017,A1_sample_primary,quality_direct_and_near,interaction_candidate,108,384,-0.060450695617344605,0.234,0.413
dirichlet_balanced_017,A2_A3_extended_sensitivity,unconstrained,ridge_v1.3,512,136,-0.14579194370447798,0.22522522522522523,0.5685685685685684
dirichlet_balanced_017,A2_A3_extended_sensitivity,unconstrained,interaction_candidate,512,136,-0.10789724514295142,0.22522522522522523,0.5685685685685684
dirichlet_balanced_017,A2_A3_extended_sensitivity,quality_direct,ridge_v1.3,92,301,-0.06582909624547277,0.36063936063936064,0.2727272727272727
dirichlet_balanced_017,A2_A3_extended_sensitivity,quality_direct,interaction_candidate,92,477,-0.05552386319365702,0.35535535535535534,0.3693693693693694
dirichlet_balanced_017,A2_A3_extended_sensitivity,quality_direct_and_near,ridge_v1.3,108,384,-0.09308014946769827,0.234,0.413
dirichlet_balanced_017,A2_A3_extended_sensitivity,quality_direct_and_near,interaction_candidate,108,384,-0.060450695617344605,0.234,0.413
dirichlet_balanced_018,A1_sample_primary,unconstrained,ridge_v1.3,512,136,-0.13833816279369635,0.22522522522522523,0.5685685685685684
dirichlet_balanced_018,A1_sample_primary,unconstrained,interaction_candidate,512,136,-0.1056455479214819,0.22522522522522523,0.5685685685685684
dirichlet_balanced_018,A1_sample_primary,quality_direct,ridge_v1.3,91,84,-0.06701348934053232,0.3546453546453547,0.2547452547452548
dirichlet_balanced_018,A1_sample_primary,quality_direct,interaction_candidate,91,477,-0.05337148812990425,0.35535535535535534,0.3693693693693694
dirichlet_balanced_018,A1_sample_primary,quality_direct_and_near,ridge_v1.3,108,384,-0.08685239978235958,0.234,0.413
dirichlet_balanced_018,A1_sample_primary,quality_direct_and_near,interaction_candidate,108,384,-0.05795154605621117,0.234,0.413
dirichlet_balanced_018,A2_A3_extended_sensitivity,unconstrained,ridge_v1.3,512,136,-0.13833816279369635,0.22522522522522523,0.5685685685685684
dirichlet_balanced_018,A2_A3_extended_sensitivity,unconstrained,interaction_candidate,512,136,-0.1056455479214819,0.22522522522522523,0.5685685685685684
dirichlet_balanced_018,A2_A3_extended_sensitivity,quality_direct,ridge_v1.3,92,84,-0.06701348934053232,0.3546453546453547,0.2547452547452548
dirichlet_balanced_018,A2_A3_extended_sensitivity,quality_direct,interaction_candidate,92,477,-0.05337148812990425,0.35535535535535534,0.3693693693693694
dirichlet_balanced_018,A2_A3_extended_sensitivity,quality_direct_and_near,ridge_v1.3,108,384,-0.08685239978235958,0.234,0.413
dirichlet_balanced_018,A2_A3_extended_sensitivity,quality_direct_and_near,interaction_candidate,108,384,-0.05795154605621117,0.234,0.413
dirichlet_balanced_019,A1_sample_primary,unconstrained,ridge_v1.3,512,136,-0.1718774727878059,0.22522522522522523,0.5685685685685684
dirichlet_balanced_019,A1_sample_primary,unconstrained,interaction_candidate,512,136,-0.13372947006322047,0.22522522522522523,0.5685685685685684
dirichlet_balanced_019,A1_sample_primary,quality_direct,ridge_v1.3,91,318,-0.0840966159033523,0.74,0.232
dirichlet_balanced_019,A1_sample_primary,quality_direct,interaction_candidate,91,475,-0.06128598439973446,0.4265734265734266,0.2267732267732268
dirichlet_balanced_019,A1_sample_primary,quality_direct_and_near,ridge_v1.3,108,68,-0.10597386060084366,0.445,0.33
dirichlet_balanced_019,A1_sample_primary,quality_direct_and_near,interaction_candidate,108,172,-0.07453905696046205,0.32967032967032966,0.4185814185814186
dirichlet_balanced_019,A2_A3_extended_sensitivity,unconstrained,ridge_v1.3,512,136,-0.1718774727878059,0.22522522522522523,0.5685685685685684
dirichlet_balanced_019,A2_A3_extended_sensitivity,unconstrained,interaction_candidate,512,136,-0.13372947006322047,0.22522522522522523,0.5685685685685684
dirichlet_balanced_019,A2_A3_extended_sensitivity,quality_direct,ridge_v1.3,92,318,-0.0840966159033523,0.74,0.232
dirichlet_balanced_019,A2_A3_extended_sensitivity,quality_direct,interaction_candidate,92,475,-0.06128598439973446,0.4265734265734266,0.2267732267732268
dirichlet_balanced_019,A2_A3_extended_sensitivity,quality_direct_and_near,ridge_v1.3,108,68,-0.10597386060084366,0.445,0.33
dirichlet_balanced_019,A2_A3_extended_sensitivity,quality_direct_and_near,interaction_candidate,108,172,-0.07453905696046205,0.32967032967032966,0.4185814185814186
dirichlet_balanced_020,A1_sample_primary,unconstrained,ridge_v1.3,512,136,-0.13245923449506217,0.22522522522522523,0.5685685685685684
dirichlet_balanced_020,A1_sample_primary,unconstrained,interaction_candidate,512,136,-0.10226983466307688,0.22522522522522523,0.5685685685685684
dirichlet_balanced_020,A1_sample_primary,quality_direct,ridge_v1.3,91,301,-0.09414162555677134,0.36063936063936064,0.2727272727272727
dirichlet_balanced_020,A1_sample_primary,quality_direct,interaction_candidate,91,301,-0.07488738249033573,0.36063936063936064,0.2727272727272727
dirichlet_balanced_020,A1_sample_primary,quality_direct_and_near,ridge_v1.3,108,384,-0.10948079453081487,0.234,0.413
dirichlet_balanced_020,A1_sample_primary,quality_direct_and_near,interaction_candidate,108,384,-0.08073047520493092,0.234,0.413
dirichlet_balanced_020,A2_A3_extended_sensitivity,unconstrained,ridge_v1.3,512,136,-0.13245923449506217,0.22522522522522523,0.5685685685685684
dirichlet_balanced_020,A2_A3_extended_sensitivity,unconstrained,interaction_candidate,512,136,-0.10226983466307688,0.22522522522522523,0.5685685685685684
dirichlet_balanced_020,A2_A3_extended_sensitivity,quality_direct,ridge_v1.3,92,301,-0.09414162555677134,0.36063936063936064,0.2727272727272727
dirichlet_balanced_020,A2_A3_extended_sensitivity,quality_direct,interaction_candidate,92,301,-0.07488738249033573,0.36063936063936064,0.2727272727272727
dirichlet_balanced_020,A2_A3_extended_sensitivity,quality_direct_and_near,ridge_v1.3,108,384,-0.10948079453081487,0.234,0.413
dirichlet_balanced_020,A2_A3_extended_sensitivity,quality_direct_and_near,interaction_candidate,108,384,-0.08073047520493092,0.234,0.413
dirichlet_balanced_021,A1_sample_primary,unconstrained,ridge_v1.3,512,136,-0.14705400428257576,0.22522522522522523,0.5685685685685684
dirichlet_balanced_021,A1_sample_primary,unconstrained,interaction_candidate,512,136,-0.11633808877158104,0.22522522522522523,0.5685685685685684
dirichlet_balanced_021,A1_sample_primary,quality_direct,ridge_v1.3,91,301,-0.08935060430410016,0.36063936063936064,0.2727272727272727
dirichlet_balanced_021,A1_sample_primary,quality_direct,interaction_candidate,91,301,-0.06976450810542216,0.36063936063936064,0.2727272727272727
dirichlet_balanced_021,A1_sample_primary,quality_direct_and_near,ridge_v1.3,108,384,-0.11645278276356903,0.234,0.413
dirichlet_balanced_021,A1_sample_primary,quality_direct_and_near,interaction_candidate,108,384,-0.08918639981509591,0.234,0.413
dirichlet_balanced_021,A2_A3_extended_sensitivity,unconstrained,ridge_v1.3,512,136,-0.14705400428257576,0.22522522522522523,0.5685685685685684
dirichlet_balanced_021,A2_A3_extended_sensitivity,unconstrained,interaction_candidate,512,136,-0.11633808877158104,0.22522522522522523,0.5685685685685684
dirichlet_balanced_021,A2_A3_extended_sensitivity,quality_direct,ridge_v1.3,92,301,-0.08935060430410016,0.36063936063936064,0.2727272727272727
dirichlet_balanced_021,A2_A3_extended_sensitivity,quality_direct,interaction_candidate,92,301,-0.06976450810542216,0.36063936063936064,0.2727272727272727
dirichlet_balanced_021,A2_A3_extended_sensitivity,quality_direct_and_near,ridge_v1.3,108,384,-0.11645278276356903,0.234,0.413
dirichlet_balanced_021,A2_A3_extended_sensitivity,quality_direct_and_near,interaction_candidate,108,384,-0.08918639981509591,0.234,0.413
dirichlet_balanced_022,A1_sample_primary,unconstrained,ridge_v1.3,512,136,-0.12299020407705258,0.22522522522522523,0.5685685685685684
dirichlet_balanced_022,A1_sample_primary,unconstrained,interaction_candidate,512,136,-0.08917419786754084,0.22522522522522523,0.5685685685685684
dirichlet_balanced_022,A1_sample_primary,quality_direct,ridge_v1.3,91,301,-0.08032052485510646,0.36063936063936064,0.2727272727272727
dirichlet_balanced_022,A1_sample_primary,quality_direct,interaction_candidate,91,301,-0.06260100702385862,0.36063936063936064,0.2727272727272727
dirichlet_balanced_022,A1_sample_primary,quality_direct_and_near,ridge_v1.3,108,172,-0.08880257215526921,0.32967032967032966,0.4185814185814186
dirichlet_balanced_022,A1_sample_primary,quality_direct_and_near,interaction_candidate,108,172,-0.0641503428211643,0.32967032967032966,0.4185814185814186
dirichlet_balanced_022,A2_A3_extended_sensitivity,unconstrained,ridge_v1.3,512,136,-0.12299020407705258,0.22522522522522523,0.5685685685685684
dirichlet_balanced_022,A2_A3_extended_sensitivity,unconstrained,interaction_candidate,512,136,-0.08917419786754084,0.22522522522522523,0.5685685685685684
dirichlet_balanced_022,A2_A3_extended_sensitivity,quality_direct,ridge_v1.3,92,301,-0.08032052485510646,0.36063936063936064,0.2727272727272727
dirichlet_balanced_022,A2_A3_extended_sensitivity,quality_direct,interaction_candidate,92,301,-0.06260100702385862,0.36063936063936064,0.2727272727272727
dirichlet_balanced_022,A2_A3_extended_sensitivity,quality_direct_and_near,ridge_v1.3,108,172,-0.08880257215526921,0.32967032967032966,0.4185814185814186
dirichlet_balanced_022,A2_A3_extended_sensitivity,quality_direct_and_near,interaction_candidate,108,172,-0.0641503428211643,0.32967032967032966,0.4185814185814186
dirichlet_balanced_023,A1_sample_primary,unconstrained,ridge_v1.3,512,125,-0.14817834141657685,0.45345345345345345,0.8328328328328327
dirichlet_balanced_023,A1_sample_primary,unconstrained,interaction_candidate,512,136,-0.11043329913797394,0.22522522522522523,0.5685685685685684
dirichlet_balanced_023,A1_sample_primary,quality_direct,ridge_v1.3,91,84,-0.04829762059844538,0.3546453546453547,0.2547452547452548
dirichlet_balanced_023,A1_sample_primary,quality_direct,interaction_candidate,91,477,-0.030705477258153556,0.35535535535535534,0.3693693693693694
dirichlet_balanced_023,A1_sample_primary,quality_direct_and_near,ridge_v1.3,108,172,-0.09294220580433527,0.32967032967032966,0.4185814185814186
dirichlet_balanced_023,A1_sample_primary,quality_direct_and_near,interaction_candidate,108,172,-0.0685502943502668,0.32967032967032966,0.4185814185814186
dirichlet_balanced_023,A2_A3_extended_sensitivity,unconstrained,ridge_v1.3,512,125,-0.14817834141657685,0.45345345345345345,0.8328328328328327
dirichlet_balanced_023,A2_A3_extended_sensitivity,unconstrained,interaction_candidate,512,136,-0.11043329913797394,0.22522522522522523,0.5685685685685684
dirichlet_balanced_023,A2_A3_extended_sensitivity,quality_direct,ridge_v1.3,92,84,-0.04829762059844538,0.3546453546453547,0.2547452547452548
dirichlet_balanced_023,A2_A3_extended_sensitivity,quality_direct,interaction_candidate,92,477,-0.030705477258153556,0.35535535535535534,0.3693693693693694
dirichlet_balanced_023,A2_A3_extended_sensitivity,quality_direct_and_near,ridge_v1.3,108,172,-0.09294220580433527,0.32967032967032966,0.4185814185814186
dirichlet_balanced_023,A2_A3_extended_sensitivity,quality_direct_and_near,interaction_candidate,108,172,-0.0685502943502668,0.32967032967032966,0.4185814185814186
dirichlet_balanced_024,A1_sample_primary,unconstrained,ridge_v1.3,512,136,-0.13669250130818272,0.22522522522522523,0.5685685685685684
dirichlet_balanced_024,A1_sample_primary,unconstrained,interaction_candidate,512,136,-0.10075531634969079,0.22522522522522523,0.5685685685685684
dirichlet_balanced_024,A1_sample_primary,quality_direct,ridge_v1.3,91,84,-0.058231563326062157,0.3546453546453547,0.2547452547452548
dirichlet_balanced_024,A1_sample_primary,quality_direct,interaction_candidate,91,477,-0.054959327282095294,0.35535535535535534,0.3693693693693694
dirichlet_balanced_024,A1_sample_primary,quality_direct_and_near,ridge_v1.3,108,68,-0.08135259007759899,0.445,0.33
dirichlet_balanced_024,A1_sample_primary,quality_direct_and_near,interaction_candidate,108,477,-0.054959327282095294,0.35535535535535534,0.3693693693693694
dirichlet_balanced_024,A2_A3_extended_sensitivity,unconstrained,ridge_v1.3,512,136,-0.13669250130818272,0.22522522522522523,0.5685685685685684
dirichlet_balanced_024,A2_A3_extended_sensitivity,unconstrained,interaction_candidate,512,136,-0.10075531634969079,0.22522522522522523,0.5685685685685684
dirichlet_balanced_024,A2_A3_extended_sensitivity,quality_direct,ridge_v1.3,92,84,-0.058231563326062157,0.3546453546453547,0.2547452547452548
dirichlet_balanced_024,A2_A3_extended_sensitivity,quality_direct,interaction_candidate,92,477,-0.054959327282095294,0.35535535535535534,0.3693693693693694
dirichlet_balanced_024,A2_A3_extended_sensitivity,quality_direct_and_near,ridge_v1.3,108,68,-0.08135259007759899,0.445,0.33
dirichlet_balanced_024,A2_A3_extended_sensitivity,quality_direct_and_near,interaction_candidate,108,477,-0.054959327282095294,0.35535535535535534,0.3693693693693694
dirichlet_balanced_025,A1_sample_primary,unconstrained,ridge_v1.3,512,136,-0.15995402610887904,0.22522522522522523,0.5685685685685684
dirichlet_balanced_025,A1_sample_primary,unconstrained,interaction_candidate,512,136,-0.1283527176415665,0.22522522522522523,0.5685685685685684
dirichlet_balanced_025,A1_sample_primary,quality_direct,ridge_v1.3,91,301,-0.08322711160976716,0.36063936063936064,0.2727272727272727
dirichlet_balanced_025,A1_sample_primary,quality_direct,interaction_candidate,91,301,-0.06487221752991064,0.36063936063936064,0.2727272727272727
dirichlet_balanced_025,A1_sample_primary,quality_direct_and_near,ridge_v1.3,108,384,-0.1067145546963954,0.234,0.413
dirichlet_balanced_025,A1_sample_primary,quality_direct_and_near,interaction_candidate,108,384,-0.07922688911846243,0.234,0.413
dirichlet_balanced_025,A2_A3_extended_sensitivity,unconstrained,ridge_v1.3,512,136,-0.15995402610887904,0.22522522522522523,0.5685685685685684
dirichlet_balanced_025,A2_A3_extended_sensitivity,unconstrained,interaction_candidate,512,136,-0.1283527176415665,0.22522522522522523,0.5685685685685684
dirichlet_balanced_025,A2_A3_extended_sensitivity,quality_direct,ridge_v1.3,92,301,-0.08322711160976716,0.36063936063936064,0.2727272727272727
dirichlet_balanced_025,A2_A3_extended_sensitivity,quality_direct,interaction_candidate,92,301,-0.06487221752991064,0.36063936063936064,0.2727272727272727
dirichlet_balanced_025,A2_A3_extended_sensitivity,quality_direct_and_near,ridge_v1.3,108,384,-0.1067145546963954,0.234,0.413
dirichlet_balanced_025,A2_A3_extended_sensitivity,quality_direct_and_near,interaction_candidate,108,384,-0.07922688911846243,0.234,0.413
dirichlet_balanced_026,A1_sample_primary,unconstrained,ridge_v1.3,512,136,-0.20939515992765956,0.22522522522522523,0.5685685685685684
dirichlet_balanced_026,A1_sample_primary,unconstrained,interaction_candidate,512,136,-0.17773993626839849,0.22522522522522523,0.5685685685685684
dirichlet_balanced_026,A1_sample_primary,quality_direct,ridge_v1.3,91,301,-0.10630586989382396,0.36063936063936064,0.2727272727272727
dirichlet_balanced_026,A1_sample_primary,quality_direct,interaction_candidate,91,301,-0.09032502281894546,0.36063936063936064,0.2727272727272727
dirichlet_balanced_026,A1_sample_primary,quality_direct_and_near,ridge_v1.3,108,172,-0.12940367509867554,0.32967032967032966,0.4185814185814186
dirichlet_balanced_026,A1_sample_primary,quality_direct_and_near,interaction_candidate,108,172,-0.10741363719789385,0.32967032967032966,0.4185814185814186
dirichlet_balanced_026,A2_A3_extended_sensitivity,unconstrained,ridge_v1.3,512,136,-0.20939515992765956,0.22522522522522523,0.5685685685685684
dirichlet_balanced_026,A2_A3_extended_sensitivity,unconstrained,interaction_candidate,512,136,-0.17773993626839849,0.22522522522522523,0.5685685685685684
dirichlet_balanced_026,A2_A3_extended_sensitivity,quality_direct,ridge_v1.3,92,301,-0.10630586989382396,0.36063936063936064,0.2727272727272727
dirichlet_balanced_026,A2_A3_extended_sensitivity,quality_direct,interaction_candidate,92,301,-0.09032502281894546,0.36063936063936064,0.2727272727272727
dirichlet_balanced_026,A2_A3_extended_sensitivity,quality_direct_and_near,ridge_v1.3,108,172,-0.12940367509867554,0.32967032967032966,0.4185814185814186
dirichlet_balanced_026,A2_A3_extended_sensitivity,quality_direct_and_near,interaction_candidate,108,172,-0.10741363719789385,0.32967032967032966,0.4185814185814186
dirichlet_balanced_027,A1_sample_primary,unconstrained,ridge_v1.3,512,136,-0.11133006203285085,0.22522522522522523,0.5685685685685684
dirichlet_balanced_027,A1_sample_primary,unconstrained,interaction_candidate,512,136,-0.08247136672263773,0.22522522522522523,0.5685685685685684
dirichlet_balanced_027,A1_sample_primary,quality_direct,ridge_v1.3,91,301,-0.06619605334000409,0.36063936063936064,0.2727272727272727
dirichlet_balanced_027,A1_sample_primary,quality_direct,interaction_candidate,91,301,-0.04338979784924337,0.36063936063936064,0.2727272727272727
dirichlet_balanced_027,A1_sample_primary,quality_direct_and_near,ridge_v1.3,108,384,-0.09482944151685888,0.234,0.413
dirichlet_balanced_027,A1_sample_primary,quality_direct_and_near,interaction_candidate,108,384,-0.06709828155524031,0.234,0.413
dirichlet_balanced_027,A2_A3_extended_sensitivity,unconstrained,ridge_v1.3,512,136,-0.11133006203285085,0.22522522522522523,0.5685685685685684
dirichlet_balanced_027,A2_A3_extended_sensitivity,unconstrained,interaction_candidate,512,136,-0.08247136672263773,0.22522522522522523,0.5685685685685684
dirichlet_balanced_027,A2_A3_extended_sensitivity,quality_direct,ridge_v1.3,92,301,-0.06619605334000409,0.36063936063936064,0.2727272727272727
dirichlet_balanced_027,A2_A3_extended_sensitivity,quality_direct,interaction_candidate,92,301,-0.04338979784924337,0.36063936063936064,0.2727272727272727
dirichlet_balanced_027,A2_A3_extended_sensitivity,quality_direct_and_near,ridge_v1.3,108,384,-0.09482944151685888,0.234,0.413
dirichlet_balanced_027,A2_A3_extended_sensitivity,quality_direct_and_near,interaction_candidate,108,384,-0.06709828155524031,0.234,0.413
dirichlet_balanced_028,A1_sample_primary,unconstrained,ridge_v1.3,512,136,-0.13106361281825799,0.22522522522522523,0.5685685685685684
dirichlet_balanced_028,A1_sample_primary,unconstrained,interaction_candidate,512,136,-0.09636870860617877,0.22522522522522523,0.5685685685685684
dirichlet_balanced_028,A1_sample_primary,quality_direct,ridge_v1.3,91,84,-0.05585487939819455,0.3546453546453547,0.2547452547452548
dirichlet_balanced_028,A1_sample_primary,quality_direct,interaction_candidate,91,477,-0.05061397434557361,0.35535535535535534,0.3693693693693694
dirichlet_balanced_028,A1_sample_primary,quality_direct_and_near,ridge_v1.3,108,68,-0.07831496826610776,0.445,0.33
dirichlet_balanced_028,A1_sample_primary,quality_direct_and_near,interaction_candidate,108,172,-0.050766738581314905,0.32967032967032966,0.4185814185814186
dirichlet_balanced_028,A2_A3_extended_sensitivity,unconstrained,ridge_v1.3,512,136,-0.13106361281825799,0.22522522522522523,0.5685685685685684
dirichlet_balanced_028,A2_A3_extended_sensitivity,unconstrained,interaction_candidate,512,136,-0.09636870860617877,0.22522522522522523,0.5685685685685684
dirichlet_balanced_028,A2_A3_extended_sensitivity,quality_direct,ridge_v1.3,92,84,-0.05585487939819455,0.3546453546453547,0.2547452547452548
dirichlet_balanced_028,A2_A3_extended_sensitivity,quality_direct,interaction_candidate,92,477,-0.05061397434557361,0.35535535535535534,0.3693693693693694
dirichlet_balanced_028,A2_A3_extended_sensitivity,quality_direct_and_near,ridge_v1.3,108,68,-0.07831496826610776,0.445,0.33
dirichlet_balanced_028,A2_A3_extended_sensitivity,quality_direct_and_near,interaction_candidate,108,172,-0.050766738581314905,0.32967032967032966,0.4185814185814186
dirichlet_balanced_029,A1_sample_primary,unconstrained,ridge_v1.3,512,136,-0.17508460000588214,0.22522522522522523,0.5685685685685684
dirichlet_balanced_029,A1_sample_primary,unconstrained,interaction_candidate,512,136,-0.1410603138667155,0.22522522522522523,0.5685685685685684
dirichlet_balanced_029,A1_sample_primary,quality_direct,ridge_v1.3,91,84,-0.07243337305723714,0.3546453546453547,0.2547452547452548
dirichlet_balanced_029,A1_sample_primary,quality_direct,interaction_candidate,91,84,-0.04716623143928107,0.3546453546453547,0.2547452547452548
dirichlet_balanced_029,A1_sample_primary,quality_direct_and_near,ridge_v1.3,108,172,-0.10031840593391948,0.32967032967032966,0.4185814185814186
dirichlet_balanced_029,A1_sample_primary,quality_direct_and_near,interaction_candidate,108,172,-0.07447590729243585,0.32967032967032966,0.4185814185814186
dirichlet_balanced_029,A2_A3_extended_sensitivity,unconstrained,ridge_v1.3,512,136,-0.17508460000588214,0.22522522522522523,0.5685685685685684
dirichlet_balanced_029,A2_A3_extended_sensitivity,unconstrained,interaction_candidate,512,136,-0.1410603138667155,0.22522522522522523,0.5685685685685684
dirichlet_balanced_029,A2_A3_extended_sensitivity,quality_direct,ridge_v1.3,92,84,-0.07243337305723714,0.3546453546453547,0.2547452547452548
dirichlet_balanced_029,A2_A3_extended_sensitivity,quality_direct,interaction_candidate,92,84,-0.04716623143928107,0.3546453546453547,0.2547452547452548
dirichlet_balanced_029,A2_A3_extended_sensitivity,quality_direct_and_near,ridge_v1.3,108,172,-0.10031840593391948,0.32967032967032966,0.4185814185814186
dirichlet_balanced_029,A2_A3_extended_sensitivity,quality_direct_and_near,interaction_candidate,108,172,-0.07447590729243585,0.32967032967032966,0.4185814185814186
dirichlet_balanced_030,A1_sample_primary,unconstrained,ridge_v1.3,512,136,-0.15685985422665374,0.22522522522522523,0.5685685685685684
dirichlet_balanced_030,A1_sample_primary,unconstrained,interaction_candidate,512,136,-0.12647065822896647,0.22522522522522523,0.5685685685685684
dirichlet_balanced_030,A1_sample_primary,quality_direct,ridge_v1.3,91,84,-0.07440697345926035,0.3546453546453547,0.2547452547452548
dirichlet_balanced_030,A1_sample_primary,quality_direct,interaction_candidate,91,301,-0.057126264061029594,0.36063936063936064,0.2727272727272727
dirichlet_balanced_030,A1_sample_primary,quality_direct_and_near,ridge_v1.3,108,68,-0.10079897239719748,0.445,0.33
dirichlet_balanced_030,A1_sample_primary,quality_direct_and_near,interaction_candidate,108,172,-0.07300248170950913,0.32967032967032966,0.4185814185814186
dirichlet_balanced_030,A2_A3_extended_sensitivity,unconstrained,ridge_v1.3,512,136,-0.15685985422665374,0.22522522522522523,0.5685685685685684
dirichlet_balanced_030,A2_A3_extended_sensitivity,unconstrained,interaction_candidate,512,136,-0.12647065822896647,0.22522522522522523,0.5685685685685684
dirichlet_balanced_030,A2_A3_extended_sensitivity,quality_direct,ridge_v1.3,92,84,-0.07440697345926035,0.3546453546453547,0.2547452547452548
dirichlet_balanced_030,A2_A3_extended_sensitivity,quality_direct,interaction_candidate,92,301,-0.057126264061029594,0.36063936063936064,0.2727272727272727
dirichlet_balanced_030,A2_A3_extended_sensitivity,quality_direct_and_near,ridge_v1.3,108,68,-0.10079897239719748,0.445,0.33
dirichlet_balanced_030,A2_A3_extended_sensitivity,quality_direct_and_near,interaction_candidate,108,172,-0.07300248170950913,0.32967032967032966,0.4185814185814186
dirichlet_balanced_031,A1_sample_primary,unconstrained,ridge_v1.3,512,136,-0.15324563762885615,0.22522522522522523,0.5685685685685684
dirichlet_balanced_031,A1_sample_primary,unconstrained,interaction_candidate,512,136,-0.12229414268313386,0.22522522522522523,0.5685685685685684
dirichlet_balanced_031,A1_sample_primary,quality_direct,ridge_v1.3,91,301,-0.06903286622431672,0.36063936063936064,0.2727272727272727
dirichlet_balanced_031,A1_sample_primary,quality_direct,interaction_candidate,91,301,-0.051918971006893105,0.36063936063936064,0.2727272727272727
dirichlet_balanced_031,A1_sample_primary,quality_direct_and_near,ridge_v1.3,108,384,-0.09913538983216139,0.234,0.413
dirichlet_balanced_031,A1_sample_primary,quality_direct_and_near,interaction_candidate,108,384,-0.07270119634075703,0.234,0.413
dirichlet_balanced_031,A2_A3_extended_sensitivity,unconstrained,ridge_v1.3,512,136,-0.15324563762885615,0.22522522522522523,0.5685685685685684
dirichlet_balanced_031,A2_A3_extended_sensitivity,unconstrained,interaction_candidate,512,136,-0.12229414268313386,0.22522522522522523,0.5685685685685684
dirichlet_balanced_031,A2_A3_extended_sensitivity,quality_direct,ridge_v1.3,92,301,-0.06903286622431672,0.36063936063936064,0.2727272727272727
dirichlet_balanced_031,A2_A3_extended_sensitivity,quality_direct,interaction_candidate,92,301,-0.051918971006893105,0.36063936063936064,0.2727272727272727
dirichlet_balanced_031,A2_A3_extended_sensitivity,quality_direct_and_near,ridge_v1.3,108,384,-0.09913538983216139,0.234,0.413
dirichlet_balanced_031,A2_A3_extended_sensitivity,quality_direct_and_near,interaction_candidate,108,384,-0.07270119634075703,0.234,0.413
dirichlet_balanced_032,A1_sample_primary,unconstrained,ridge_v1.3,512,136,-0.11867344384376409,0.22522522522522523,0.5685685685685684
dirichlet_balanced_032,A1_sample_primary,unconstrained,interaction_candidate,512,136,-0.0865122886975099,0.22522522522522523,0.5685685685685684
dirichlet_balanced_032,A1_sample_primary,quality_direct,ridge_v1.3,91,301,-0.054460992415650805,0.36063936063936064,0.2727272727272727
dirichlet_balanced_032,A1_sample_primary,quality_direct,interaction_candidate,91,477,-0.05099569673769089,0.35535535535535534,0.3693693693693694
dirichlet_balanced_032,A1_sample_primary,quality_direct_and_near,ridge_v1.3,108,172,-0.07795548555027446,0.32967032967032966,0.4185814185814186
dirichlet_balanced_032,A1_sample_primary,quality_direct_and_near,interaction_candidate,108,172,-0.051454604337189486,0.32967032967032966,0.4185814185814186
dirichlet_balanced_032,A2_A3_extended_sensitivity,unconstrained,ridge_v1.3,512,136,-0.11867344384376409,0.22522522522522523,0.5685685685685684
dirichlet_balanced_032,A2_A3_extended_sensitivity,unconstrained,interaction_candidate,512,136,-0.0865122886975099,0.22522522522522523,0.5685685685685684
dirichlet_balanced_032,A2_A3_extended_sensitivity,quality_direct,ridge_v1.3,92,301,-0.054460992415650805,0.36063936063936064,0.2727272727272727
dirichlet_balanced_032,A2_A3_extended_sensitivity,quality_direct,interaction_candidate,92,477,-0.05099569673769089,0.35535535535535534,0.3693693693693694
dirichlet_balanced_032,A2_A3_extended_sensitivity,quality_direct_and_near,ridge_v1.3,108,172,-0.07795548555027446,0.32967032967032966,0.4185814185814186
dirichlet_balanced_032,A2_A3_extended_sensitivity,quality_direct_and_near,interaction_candidate,108,172,-0.051454604337189486,0.32967032967032966,0.4185814185814186
dirichlet_balanced_033,A1_sample_primary,unconstrained,ridge_v1.3,512,136,-0.1036280841197517,0.22522522522522523,0.5685685685685684
dirichlet_balanced_033,A1_sample_primary,unconstrained,interaction_candidate,512,136,-0.07209516522368717,0.22522522522522523,0.5685685685685684
dirichlet_balanced_033,A1_sample_primary,quality_direct,ridge_v1.3,91,301,-0.0790335651024618,0.36063936063936064,0.2727272727272727
dirichlet_balanced_033,A1_sample_primary,quality_direct,interaction_candidate,91,301,-0.05932422854418868,0.36063936063936064,0.2727272727272727
dirichlet_balanced_033,A1_sample_primary,quality_direct_and_near,ridge_v1.3,108,384,-0.0890691912071817,0.234,0.413
dirichlet_balanced_033,A1_sample_primary,quality_direct_and_near,interaction_candidate,108,172,-0.06291180146581751,0.32967032967032966,0.4185814185814186
dirichlet_balanced_033,A2_A3_extended_sensitivity,unconstrained,ridge_v1.3,512,136,-0.1036280841197517,0.22522522522522523,0.5685685685685684
dirichlet_balanced_033,A2_A3_extended_sensitivity,unconstrained,interaction_candidate,512,136,-0.07209516522368717,0.22522522522522523,0.5685685685685684
dirichlet_balanced_033,A2_A3_extended_sensitivity,quality_direct,ridge_v1.3,92,301,-0.0790335651024618,0.36063936063936064,0.2727272727272727
dirichlet_balanced_033,A2_A3_extended_sensitivity,quality_direct,interaction_candidate,92,301,-0.05932422854418868,0.36063936063936064,0.2727272727272727
dirichlet_balanced_033,A2_A3_extended_sensitivity,quality_direct_and_near,ridge_v1.3,108,384,-0.0890691912071817,0.234,0.413
dirichlet_balanced_033,A2_A3_extended_sensitivity,quality_direct_and_near,interaction_candidate,108,172,-0.06291180146581751,0.32967032967032966,0.4185814185814186
dirichlet_balanced_034,A1_sample_primary,unconstrained,ridge_v1.3,512,136,-0.11958315965053912,0.22522522522522523,0.5685685685685684
dirichlet_balanced_034,A1_sample_primary,unconstrained,interaction_candidate,512,136,-0.09044879651653857,0.22522522522522523,0.5685685685685684
dirichlet_balanced_034,A1_sample_primary,quality_direct,ridge_v1.3,91,301,-0.06376186519890747,0.36063936063936064,0.2727272727272727
dirichlet_balanced_034,A1_sample_primary,quality_direct,interaction_candidate,91,301,-0.04606188523290592,0.36063936063936064,0.2727272727272727
dirichlet_balanced_034,A1_sample_primary,quality_direct_and_near,ridge_v1.3,108,384,-0.0872604965817564,0.234,0.413
dirichlet_balanced_034,A1_sample_primary,quality_direct_and_near,interaction_candidate,108,384,-0.06053969576559049,0.234,0.413
dirichlet_balanced_034,A2_A3_extended_sensitivity,unconstrained,ridge_v1.3,512,136,-0.11958315965053912,0.22522522522522523,0.5685685685685684
dirichlet_balanced_034,A2_A3_extended_sensitivity,unconstrained,interaction_candidate,512,136,-0.09044879651653857,0.22522522522522523,0.5685685685685684
dirichlet_balanced_034,A2_A3_extended_sensitivity,quality_direct,ridge_v1.3,92,301,-0.06376186519890747,0.36063936063936064,0.2727272727272727
dirichlet_balanced_034,A2_A3_extended_sensitivity,quality_direct,interaction_candidate,92,301,-0.04606188523290592,0.36063936063936064,0.2727272727272727
dirichlet_balanced_034,A2_A3_extended_sensitivity,quality_direct_and_near,ridge_v1.3,108,384,-0.0872604965817564,0.234,0.413
dirichlet_balanced_034,A2_A3_extended_sensitivity,quality_direct_and_near,interaction_candidate,108,384,-0.06053969576559049,0.234,0.413
dirichlet_balanced_035,A1_sample_primary,unconstrained,ridge_v1.3,512,136,-0.17196329619712286,0.22522522522522523,0.5685685685685684
dirichlet_balanced_035,A1_sample_primary,unconstrained,interaction_candidate,512,136,-0.13997723775934218,0.22522522522522523,0.5685685685685684
dirichlet_balanced_035,A1_sample_primary,quality_direct,ridge_v1.3,91,84,-0.06991778218582534,0.3546453546453547,0.2547452547452548
dirichlet_balanced_035,A1_sample_primary,quality_direct,interaction_candidate,91,84,-0.04687054030106731,0.3546453546453547,0.2547452547452548
dirichlet_balanced_035,A1_sample_primary,quality_direct_and_near,ridge_v1.3,108,68,-0.1179776309897964,0.445,0.33
dirichlet_balanced_035,A1_sample_primary,quality_direct_and_near,interaction_candidate,108,68,-0.07399221923905143,0.445,0.33
dirichlet_balanced_035,A2_A3_extended_sensitivity,unconstrained,ridge_v1.3,512,136,-0.17196329619712286,0.22522522522522523,0.5685685685685684
dirichlet_balanced_035,A2_A3_extended_sensitivity,unconstrained,interaction_candidate,512,136,-0.13997723775934218,0.22522522522522523,0.5685685685685684
dirichlet_balanced_035,A2_A3_extended_sensitivity,quality_direct,ridge_v1.3,92,84,-0.06991778218582534,0.3546453546453547,0.2547452547452548
dirichlet_balanced_035,A2_A3_extended_sensitivity,quality_direct,interaction_candidate,92,84,-0.04687054030106731,0.3546453546453547,0.2547452547452548
dirichlet_balanced_035,A2_A3_extended_sensitivity,quality_direct_and_near,ridge_v1.3,108,68,-0.1179776309897964,0.445,0.33
dirichlet_balanced_035,A2_A3_extended_sensitivity,quality_direct_and_near,interaction_candidate,108,68,-0.07399221923905143,0.445,0.33
dirichlet_balanced_036,A1_sample_primary,unconstrained,ridge_v1.3,512,136,-0.20116543697212658,0.22522522522522523,0.5685685685685684
dirichlet_balanced_036,A1_sample_primary,unconstrained,interaction_candidate,512,136,-0.16432338789373677,0.22522522522522523,0.5685685685685684
dirichlet_balanced_036,A1_sample_primary,quality_direct,ridge_v1.3,91,84,-0.09793003677178011,0.3546453546453547,0.2547452547452548
dirichlet_balanced_036,A1_sample_primary,quality_direct,interaction_candidate,91,84,-0.0743719865185908,0.3546453546453547,0.2547452547452548
dirichlet_balanced_036,A1_sample_primary,quality_direct_and_near,ridge_v1.3,108,68,-0.12577641042736493,0.445,0.33
dirichlet_balanced_036,A1_sample_primary,quality_direct_and_near,interaction_candidate,108,172,-0.0890911846247711,0.32967032967032966,0.4185814185814186
dirichlet_balanced_036,A2_A3_extended_sensitivity,unconstrained,ridge_v1.3,512,136,-0.20116543697212658,0.22522522522522523,0.5685685685685684
dirichlet_balanced_036,A2_A3_extended_sensitivity,unconstrained,interaction_candidate,512,136,-0.16432338789373677,0.22522522522522523,0.5685685685685684
dirichlet_balanced_036,A2_A3_extended_sensitivity,quality_direct,ridge_v1.3,92,84,-0.09793003677178011,0.3546453546453547,0.2547452547452548
dirichlet_balanced_036,A2_A3_extended_sensitivity,quality_direct,interaction_candidate,92,84,-0.0743719865185908,0.3546453546453547,0.2547452547452548
dirichlet_balanced_036,A2_A3_extended_sensitivity,quality_direct_and_near,ridge_v1.3,108,68,-0.12577641042736493,0.445,0.33
dirichlet_balanced_036,A2_A3_extended_sensitivity,quality_direct_and_near,interaction_candidate,108,172,-0.0890911846247711,0.32967032967032966,0.4185814185814186
dirichlet_balanced_037,A1_sample_primary,unconstrained,ridge_v1.3,512,136,-0.17313689175088212,0.22522522522522523,0.5685685685685684
dirichlet_balanced_037,A1_sample_primary,unconstrained,interaction_candidate,512,136,-0.13847073616013597,0.22522522522522523,0.5685685685685684
dirichlet_balanced_037,A1_sample_primary,quality_direct,ridge_v1.3,91,318,-0.07949821752920593,0.74,0.232
dirichlet_balanced_037,A1_sample_primary,quality_direct,interaction_candidate,91,475,-0.05411102942842516,0.4265734265734266,0.2267732267732268
dirichlet_balanced_037,A1_sample_primary,quality_direct_and_near,ridge_v1.3,108,68,-0.12393284246075038,0.445,0.33
dirichlet_balanced_037,A1_sample_primary,quality_direct_and_near,interaction_candidate,108,68,-0.07913455638785179,0.445,0.33
dirichlet_balanced_037,A2_A3_extended_sensitivity,unconstrained,ridge_v1.3,512,136,-0.17313689175088212,0.22522522522522523,0.5685685685685684
dirichlet_balanced_037,A2_A3_extended_sensitivity,unconstrained,interaction_candidate,512,136,-0.13847073616013597,0.22522522522522523,0.5685685685685684
dirichlet_balanced_037,A2_A3_extended_sensitivity,quality_direct,ridge_v1.3,92,318,-0.07949821752920593,0.74,0.232
dirichlet_balanced_037,A2_A3_extended_sensitivity,quality_direct,interaction_candidate,92,475,-0.05411102942842516,0.4265734265734266,0.2267732267732268
dirichlet_balanced_037,A2_A3_extended_sensitivity,quality_direct_and_near,ridge_v1.3,108,68,-0.12393284246075038,0.445,0.33
dirichlet_balanced_037,A2_A3_extended_sensitivity,quality_direct_and_near,interaction_candidate,108,68,-0.07913455638785179,0.445,0.33
dirichlet_balanced_038,A1_sample_primary,unconstrained,ridge_v1.3,512,136,-0.12471242973552406,0.22522522522522523,0.5685685685685684
dirichlet_balanced_038,A1_sample_primary,unconstrained,interaction_candidate,512,136,-0.09432234171073642,0.22522522522522523,0.5685685685685684
dirichlet_balanced_038,A1_sample_primary,quality_direct,ridge_v1.3,91,301,-0.07347016099571121,0.36063936063936064,0.2727272727272727
dirichlet_balanced_038,A1_sample_primary,quality_direct,interaction_candidate,91,477,-0.05696067284207082,0.35535535535535534,0.3693693693693694
dirichlet_balanced_038,A1_sample_primary,quality_direct_and_near,ridge_v1.3,108,384,-0.09001456382793764,0.234,0.413
dirichlet_balanced_038,A1_sample_primary,quality_direct_and_near,interaction_candidate,108,384,-0.0622451509818218,0.234,0.413
dirichlet_balanced_038,A2_A3_extended_sensitivity,unconstrained,ridge_v1.3,512,136,-0.12471242973552406,0.22522522522522523,0.5685685685685684
dirichlet_balanced_038,A2_A3_extended_sensitivity,unconstrained,interaction_candidate,512,136,-0.09432234171073642,0.22522522522522523,0.5685685685685684
dirichlet_balanced_038,A2_A3_extended_sensitivity,quality_direct,ridge_v1.3,92,301,-0.07347016099571121,0.36063936063936064,0.2727272727272727
dirichlet_balanced_038,A2_A3_extended_sensitivity,quality_direct,interaction_candidate,92,477,-0.05696067284207082,0.35535535535535534,0.3693693693693694
dirichlet_balanced_038,A2_A3_extended_sensitivity,quality_direct_and_near,ridge_v1.3,108,384,-0.09001456382793764,0.234,0.413
dirichlet_balanced_038,A2_A3_extended_sensitivity,quality_direct_and_near,interaction_candidate,108,384,-0.0622451509818218,0.234,0.413
dirichlet_balanced_039,A1_sample_primary,unconstrained,ridge_v1.3,512,136,-0.14382883987524625,0.22522522522522523,0.5685685685685684
dirichlet_balanced_039,A1_sample_primary,unconstrained,interaction_candidate,512,136,-0.11273011748107417,0.22522522522522523,0.5685685685685684
dirichlet_balanced_039,A1_sample_primary,quality_direct,ridge_v1.3,91,301,-0.0768470170580719,0.36063936063936064,0.2727272727272727
dirichlet_balanced_039,A1_sample_primary,quality_direct,interaction_candidate,91,301,-0.05763866894514262,0.36063936063936064,0.2727272727272727
dirichlet_balanced_039,A1_sample_primary,quality_direct_and_near,ridge_v1.3,108,384,-0.10892755415018454,0.234,0.413
dirichlet_balanced_039,A1_sample_primary,quality_direct_and_near,interaction_candidate,108,384,-0.0800132594504357,0.234,0.413
dirichlet_balanced_039,A2_A3_extended_sensitivity,unconstrained,ridge_v1.3,512,136,-0.14382883987524625,0.22522522522522523,0.5685685685685684
dirichlet_balanced_039,A2_A3_extended_sensitivity,unconstrained,interaction_candidate,512,136,-0.11273011748107417,0.22522522522522523,0.5685685685685684
dirichlet_balanced_039,A2_A3_extended_sensitivity,quality_direct,ridge_v1.3,92,301,-0.0768470170580719,0.36063936063936064,0.2727272727272727
dirichlet_balanced_039,A2_A3_extended_sensitivity,quality_direct,interaction_candidate,92,301,-0.05763866894514262,0.36063936063936064,0.2727272727272727
dirichlet_balanced_039,A2_A3_extended_sensitivity,quality_direct_and_near,ridge_v1.3,108,384,-0.10892755415018454,0.234,0.413
dirichlet_balanced_039,A2_A3_extended_sensitivity,quality_direct_and_near,interaction_candidate,108,384,-0.0800132594504357,0.234,0.413
dirichlet_balanced_040,A1_sample_primary,unconstrained,ridge_v1.3,512,136,-0.11113699874647381,0.22522522522522523,0.5685685685685684
dirichlet_balanced_040,A1_sample_primary,unconstrained,interaction_candidate,512,136,-0.08151570301262986,0.22522522522522523,0.5685685685685684
dirichlet_balanced_040,A1_sample_primary,quality_direct,ridge_v1.3,91,301,-0.054226377800426016,0.36063936063936064,0.2727272727272727
dirichlet_balanced_040,A1_sample_primary,quality_direct,interaction_candidate,91,477,-0.03856801864402784,0.35535535535535534,0.3693693693693694
dirichlet_balanced_040,A1_sample_primary,quality_direct_and_near,ridge_v1.3,108,172,-0.08406038528004293,0.32967032967032966,0.4185814185814186
dirichlet_balanced_040,A1_sample_primary,quality_direct_and_near,interaction_candidate,108,172,-0.060470882395361476,0.32967032967032966,0.4185814185814186
dirichlet_balanced_040,A2_A3_extended_sensitivity,unconstrained,ridge_v1.3,512,136,-0.11113699874647381,0.22522522522522523,0.5685685685685684
dirichlet_balanced_040,A2_A3_extended_sensitivity,unconstrained,interaction_candidate,512,136,-0.08151570301262986,0.22522522522522523,0.5685685685685684
dirichlet_balanced_040,A2_A3_extended_sensitivity,quality_direct,ridge_v1.3,92,301,-0.054226377800426016,0.36063936063936064,0.2727272727272727
dirichlet_balanced_040,A2_A3_extended_sensitivity,quality_direct,interaction_candidate,92,477,-0.03856801864402784,0.35535535535535534,0.3693693693693694
dirichlet_balanced_040,A2_A3_extended_sensitivity,quality_direct_and_near,ridge_v1.3,108,172,-0.08406038528004293,0.32967032967032966,0.4185814185814186
dirichlet_balanced_040,A2_A3_extended_sensitivity,quality_direct_and_near,interaction_candidate,108,172,-0.060470882395361476,0.32967032967032966,0.4185814185814186
dirichlet_balanced_041,A1_sample_primary,unconstrained,ridge_v1.3,512,136,-0.11318880366501105,0.22522522522522523,0.5685685685685684
dirichlet_balanced_041,A1_sample_primary,unconstrained,interaction_candidate,512,136,-0.08248093220941284,0.22522522522522523,0.5685685685685684
dirichlet_balanced_041,A1_sample_primary,quality_direct,ridge_v1.3,91,301,-0.05737051194207233,0.36063936063936064,0.2727272727272727
dirichlet_balanced_041,A1_sample_primary,quality_direct,interaction_candidate,91,477,-0.05240164280492727,0.35535535535535534,0.3693693693693694
dirichlet_balanced_041,A1_sample_primary,quality_direct_and_near,ridge_v1.3,108,384,-0.0760086123054578,0.234,0.413
dirichlet_balanced_041,A1_sample_primary,quality_direct_and_near,interaction_candidate,108,477,-0.05240164280492727,0.35535535535535534,0.3693693693693694
dirichlet_balanced_041,A2_A3_extended_sensitivity,unconstrained,ridge_v1.3,512,136,-0.11318880366501105,0.22522522522522523,0.5685685685685684
dirichlet_balanced_041,A2_A3_extended_sensitivity,unconstrained,interaction_candidate,512,136,-0.08248093220941284,0.22522522522522523,0.5685685685685684
dirichlet_balanced_041,A2_A3_extended_sensitivity,quality_direct,ridge_v1.3,92,301,-0.05737051194207233,0.36063936063936064,0.2727272727272727
dirichlet_balanced_041,A2_A3_extended_sensitivity,quality_direct,interaction_candidate,92,477,-0.05240164280492727,0.35535535535535534,0.3693693693693694
dirichlet_balanced_041,A2_A3_extended_sensitivity,quality_direct_and_near,ridge_v1.3,108,384,-0.0760086123054578,0.234,0.413
dirichlet_balanced_041,A2_A3_extended_sensitivity,quality_direct_and_near,interaction_candidate,108,477,-0.05240164280492727,0.35535535535535534,0.3693693693693694
dirichlet_balanced_042,A1_sample_primary,unconstrained,ridge_v1.3,512,136,-0.12418767203327585,0.22522522522522523,0.5685685685685684
dirichlet_balanced_042,A1_sample_primary,unconstrained,interaction_candidate,512,136,-0.08717916930596618,0.22522522522522523,0.5685685685685684
dirichlet_balanced_042,A1_sample_primary,quality_direct,ridge_v1.3,91,301,-0.056443763059468396,0.36063936063936064,0.2727272727272727
dirichlet_balanced_042,A1_sample_primary,quality_direct,interaction_candidate,91,477,-0.054637894258430096,0.35535535535535534,0.3693693693693694
dirichlet_balanced_042,A1_sample_primary,quality_direct_and_near,ridge_v1.3,108,68,-0.08003439129043025,0.445,0.33
dirichlet_balanced_042,A1_sample_primary,quality_direct_and_near,interaction_candidate,108,477,-0.054637894258430096,0.35535535535535534,0.3693693693693694
dirichlet_balanced_042,A2_A3_extended_sensitivity,unconstrained,ridge_v1.3,512,136,-0.12418767203327585,0.22522522522522523,0.5685685685685684
dirichlet_balanced_042,A2_A3_extended_sensitivity,unconstrained,interaction_candidate,512,136,-0.08717916930596618,0.22522522522522523,0.5685685685685684
dirichlet_balanced_042,A2_A3_extended_sensitivity,quality_direct,ridge_v1.3,92,301,-0.056443763059468396,0.36063936063936064,0.2727272727272727
dirichlet_balanced_042,A2_A3_extended_sensitivity,quality_direct,interaction_candidate,92,477,-0.054637894258430096,0.35535535535535534,0.3693693693693694
dirichlet_balanced_042,A2_A3_extended_sensitivity,quality_direct_and_near,ridge_v1.3,108,68,-0.08003439129043025,0.445,0.33
dirichlet_balanced_042,A2_A3_extended_sensitivity,quality_direct_and_near,interaction_candidate,108,477,-0.054637894258430096,0.35535535535535534,0.3693693693693694
dirichlet_balanced_043,A1_sample_primary,unconstrained,ridge_v1.3,512,136,-0.12958849265695835,0.22522522522522523,0.5685685685685684
dirichlet_balanced_043,A1_sample_primary,unconstrained,interaction_candidate,512,136,-0.10023586938940278,0.22522522522522523,0.5685685685685684
dirichlet_balanced_043,A1_sample_primary,quality_direct,ridge_v1.3,91,301,-0.08159236157408767,0.36063936063936064,0.2727272727272727
dirichlet_balanced_043,A1_sample_primary,quality_direct,interaction_candidate,91,301,-0.06388439243013855,0.36063936063936064,0.2727272727272727
dirichlet_balanced_043,A1_sample_primary,quality_direct_and_near,ridge_v1.3,108,384,-0.09347329973994734,0.234,0.413
dirichlet_balanced_043,A1_sample_primary,quality_direct_and_near,interaction_candidate,108,384,-0.06667718439789289,0.234,0.413
dirichlet_balanced_043,A2_A3_extended_sensitivity,unconstrained,ridge_v1.3,512,136,-0.12958849265695835,0.22522522522522523,0.5685685685685684
dirichlet_balanced_043,A2_A3_extended_sensitivity,unconstrained,interaction_candidate,512,136,-0.10023586938940278,0.22522522522522523,0.5685685685685684
dirichlet_balanced_043,A2_A3_extended_sensitivity,quality_direct,ridge_v1.3,92,301,-0.08159236157408767,0.36063936063936064,0.2727272727272727
dirichlet_balanced_043,A2_A3_extended_sensitivity,quality_direct,interaction_candidate,92,301,-0.06388439243013855,0.36063936063936064,0.2727272727272727
dirichlet_balanced_043,A2_A3_extended_sensitivity,quality_direct_and_near,ridge_v1.3,108,384,-0.09347329973994734,0.234,0.413
dirichlet_balanced_043,A2_A3_extended_sensitivity,quality_direct_and_near,interaction_candidate,108,384,-0.06667718439789289,0.234,0.413
dirichlet_balanced_044,A1_sample_primary,unconstrained,ridge_v1.3,512,136,-0.17777539810630388,0.22522522522522523,0.5685685685685684
dirichlet_balanced_044,A1_sample_primary,unconstrained,interaction_candidate,512,136,-0.145785931683062,0.22522522522522523,0.5685685685685684
dirichlet_balanced_044,A1_sample_primary,quality_direct,ridge_v1.3,91,301,-0.0840809125178826,0.36063936063936064,0.2727272727272727
dirichlet_balanced_044,A1_sample_primary,quality_direct,interaction_candidate,91,301,-0.06669719251060796,0.36063936063936064,0.2727272727272727
dirichlet_balanced_044,A1_sample_primary,quality_direct_and_near,ridge_v1.3,108,384,-0.11003236167406659,0.234,0.413
dirichlet_balanced_044,A1_sample_primary,quality_direct_and_near,interaction_candidate,108,384,-0.08257708160486134,0.234,0.413
dirichlet_balanced_044,A2_A3_extended_sensitivity,unconstrained,ridge_v1.3,512,136,-0.17777539810630388,0.22522522522522523,0.5685685685685684
dirichlet_balanced_044,A2_A3_extended_sensitivity,unconstrained,interaction_candidate,512,136,-0.145785931683062,0.22522522522522523,0.5685685685685684
dirichlet_balanced_044,A2_A3_extended_sensitivity,quality_direct,ridge_v1.3,92,301,-0.0840809125178826,0.36063936063936064,0.2727272727272727
dirichlet_balanced_044,A2_A3_extended_sensitivity,quality_direct,interaction_candidate,92,301,-0.06669719251060796,0.36063936063936064,0.2727272727272727
dirichlet_balanced_044,A2_A3_extended_sensitivity,quality_direct_and_near,ridge_v1.3,108,384,-0.11003236167406659,0.234,0.413
dirichlet_balanced_044,A2_A3_extended_sensitivity,quality_direct_and_near,interaction_candidate,108,384,-0.08257708160486134,0.234,0.413
dirichlet_balanced_045,A1_sample_primary,unconstrained,ridge_v1.3,512,136,-0.1446145160348176,0.22522522522522523,0.5685685685685684
dirichlet_balanced_045,A1_sample_primary,unconstrained,interaction_candidate,512,136,-0.11630179033954666,0.22522522522522523,0.5685685685685684
dirichlet_balanced_045,A1_sample_primary,quality_direct,ridge_v1.3,91,301,-0.08013333114606237,0.36063936063936064,0.2727272727272727
dirichlet_balanced_045,A1_sample_primary,quality_direct,interaction_candidate,91,301,-0.061641439006201636,0.36063936063936064,0.2727272727272727
dirichlet_balanced_045,A1_sample_primary,quality_direct_and_near,ridge_v1.3,108,172,-0.10849452544110173,0.32967032967032966,0.4185814185814186
dirichlet_balanced_045,A1_sample_primary,quality_direct_and_near,interaction_candidate,108,172,-0.08548608250020912,0.32967032967032966,0.4185814185814186
dirichlet_balanced_045,A2_A3_extended_sensitivity,unconstrained,ridge_v1.3,512,136,-0.1446145160348176,0.22522522522522523,0.5685685685685684
dirichlet_balanced_045,A2_A3_extended_sensitivity,unconstrained,interaction_candidate,512,136,-0.11630179033954666,0.22522522522522523,0.5685685685685684
dirichlet_balanced_045,A2_A3_extended_sensitivity,quality_direct,ridge_v1.3,92,301,-0.08013333114606237,0.36063936063936064,0.2727272727272727
dirichlet_balanced_045,A2_A3_extended_sensitivity,quality_direct,interaction_candidate,92,301,-0.061641439006201636,0.36063936063936064,0.2727272727272727
dirichlet_balanced_045,A2_A3_extended_sensitivity,quality_direct_and_near,ridge_v1.3,108,172,-0.10849452544110173,0.32967032967032966,0.4185814185814186
dirichlet_balanced_045,A2_A3_extended_sensitivity,quality_direct_and_near,interaction_candidate,108,172,-0.08548608250020912,0.32967032967032966,0.4185814185814186
dirichlet_balanced_046,A1_sample_primary,unconstrained,ridge_v1.3,512,136,-0.15245367196547774,0.22522522522522523,0.5685685685685684
dirichlet_balanced_046,A1_sample_primary,unconstrained,interaction_candidate,512,136,-0.12247086919378831,0.22522522522522523,0.5685685685685684
dirichlet_balanced_046,A1_sample_primary,quality_direct,ridge_v1.3,91,301,-0.09812411945075403,0.36063936063936064,0.2727272727272727
dirichlet_balanced_046,A1_sample_primary,quality_direct,interaction_candidate,91,301,-0.07867456884839225,0.36063936063936064,0.2727272727272727
dirichlet_balanced_046,A1_sample_primary,quality_direct_and_near,ridge_v1.3,108,384,-0.12335379901376328,0.234,0.413
dirichlet_balanced_046,A1_sample_primary,quality_direct_and_near,interaction_candidate,108,384,-0.09631962049801883,0.234,0.413
dirichlet_balanced_046,A2_A3_extended_sensitivity,unconstrained,ridge_v1.3,512,136,-0.15245367196547774,0.22522522522522523,0.5685685685685684
dirichlet_balanced_046,A2_A3_extended_sensitivity,unconstrained,interaction_candidate,512,136,-0.12247086919378831,0.22522522522522523,0.5685685685685684
dirichlet_balanced_046,A2_A3_extended_sensitivity,quality_direct,ridge_v1.3,92,301,-0.09812411945075403,0.36063936063936064,0.2727272727272727
dirichlet_balanced_046,A2_A3_extended_sensitivity,quality_direct,interaction_candidate,92,301,-0.07867456884839225,0.36063936063936064,0.2727272727272727
dirichlet_balanced_046,A2_A3_extended_sensitivity,quality_direct_and_near,ridge_v1.3,108,384,-0.12335379901376328,0.234,0.413
dirichlet_balanced_046,A2_A3_extended_sensitivity,quality_direct_and_near,interaction_candidate,108,384,-0.09631962049801883,0.234,0.413
dirichlet_balanced_047,A1_sample_primary,unconstrained,ridge_v1.3,512,136,-0.20398008560946398,0.22522522522522523,0.5685685685685684
dirichlet_balanced_047,A1_sample_primary,unconstrained,interaction_candidate,512,136,-0.17048375925113843,0.22522522522522523,0.5685685685685684
dirichlet_balanced_047,A1_sample_primary,quality_direct,ridge_v1.3,91,84,-0.09008426453168303,0.3546453546453547,0.2547452547452548
dirichlet_balanced_047,A1_sample_primary,quality_direct,interaction_candidate,91,84,-0.06460955014987303,0.3546453546453547,0.2547452547452548
dirichlet_balanced_047,A1_sample_primary,quality_direct_and_near,ridge_v1.3,108,384,-0.12052441628455049,0.234,0.413
dirichlet_balanced_047,A1_sample_primary,quality_direct_and_near,interaction_candidate,108,384,-0.0932298244523872,0.234,0.413
dirichlet_balanced_047,A2_A3_extended_sensitivity,unconstrained,ridge_v1.3,512,136,-0.20398008560946398,0.22522522522522523,0.5685685685685684
dirichlet_balanced_047,A2_A3_extended_sensitivity,unconstrained,interaction_candidate,512,136,-0.17048375925113843,0.22522522522522523,0.5685685685685684
dirichlet_balanced_047,A2_A3_extended_sensitivity,quality_direct,ridge_v1.3,92,84,-0.09008426453168303,0.3546453546453547,0.2547452547452548
dirichlet_balanced_047,A2_A3_extended_sensitivity,quality_direct,interaction_candidate,92,84,-0.06460955014987303,0.3546453546453547,0.2547452547452548
dirichlet_balanced_047,A2_A3_extended_sensitivity,quality_direct_and_near,ridge_v1.3,108,384,-0.12052441628455049,0.234,0.413
dirichlet_balanced_047,A2_A3_extended_sensitivity,quality_direct_and_near,interaction_candidate,108,384,-0.0932298244523872,0.234,0.413
dirichlet_balanced_048,A1_sample_primary,unconstrained,ridge_v1.3,512,136,-0.09830895934506358,0.22522522522522523,0.5685685685685684
dirichlet_balanced_048,A1_sample_primary,unconstrained,interaction_candidate,512,136,-0.07046606386731771,0.22522522522522523,0.5685685685685684
dirichlet_balanced_048,A1_sample_primary,quality_direct,ridge_v1.3,91,301,-0.05768376992564861,0.36063936063936064,0.2727272727272727
dirichlet_balanced_048,A1_sample_primary,quality_direct,interaction_candidate,91,477,-0.04249228947331336,0.35535535535535534,0.3693693693693694
dirichlet_balanced_048,A1_sample_primary,quality_direct_and_near,ridge_v1.3,108,384,-0.08543946212440841,0.234,0.413
dirichlet_balanced_048,A1_sample_primary,quality_direct_and_near,interaction_candidate,108,384,-0.058587975690547,0.234,0.413
dirichlet_balanced_048,A2_A3_extended_sensitivity,unconstrained,ridge_v1.3,512,136,-0.09830895934506358,0.22522522522522523,0.5685685685685684
dirichlet_balanced_048,A2_A3_extended_sensitivity,unconstrained,interaction_candidate,512,136,-0.07046606386731771,0.22522522522522523,0.5685685685685684
dirichlet_balanced_048,A2_A3_extended_sensitivity,quality_direct,ridge_v1.3,92,301,-0.05768376992564861,0.36063936063936064,0.2727272727272727
dirichlet_balanced_048,A2_A3_extended_sensitivity,quality_direct,interaction_candidate,92,477,-0.04249228947331336,0.35535535535535534,0.3693693693693694
dirichlet_balanced_048,A2_A3_extended_sensitivity,quality_direct_and_near,ridge_v1.3,108,384,-0.08543946212440841,0.234,0.413
dirichlet_balanced_048,A2_A3_extended_sensitivity,quality_direct_and_near,interaction_candidate,108,384,-0.058587975690547,0.234,0.413
dirichlet_balanced_049,A1_sample_primary,unconstrained,ridge_v1.3,512,125,-0.1378211800434385,0.45345345345345345,0.8328328328328327
dirichlet_balanced_049,A1_sample_primary,unconstrained,interaction_candidate,512,225,-0.10751414487595061,0.4005994005994006,0.48951048951048953
dirichlet_balanced_049,A1_sample_primary,quality_direct,ridge_v1.3,91,91,-0.04605045693002876,0.45245245245245247,0.5795795795795796
dirichlet_balanced_049,A1_sample_primary,quality_direct,interaction_candidate,91,477,-0.029036306495481796,0.35535535535535534,0.3693693693693694
dirichlet_balanced_049,A1_sample_primary,quality_direct_and_near,ridge_v1.3,108,68,-0.0947241579308623,0.445,0.33
dirichlet_balanced_049,A1_sample_primary,quality_direct_and_near,interaction_candidate,108,172,-0.06231377076342866,0.32967032967032966,0.4185814185814186
dirichlet_balanced_049,A2_A3_extended_sensitivity,unconstrained,ridge_v1.3,512,125,-0.1378211800434385,0.45345345345345345,0.8328328328328327
dirichlet_balanced_049,A2_A3_extended_sensitivity,unconstrained,interaction_candidate,512,225,-0.10751414487595061,0.4005994005994006,0.48951048951048953
dirichlet_balanced_049,A2_A3_extended_sensitivity,quality_direct,ridge_v1.3,92,91,-0.04605045693002876,0.45245245245245247,0.5795795795795796
dirichlet_balanced_049,A2_A3_extended_sensitivity,quality_direct,interaction_candidate,92,477,-0.029036306495481796,0.35535535535535534,0.3693693693693694
dirichlet_balanced_049,A2_A3_extended_sensitivity,quality_direct_and_near,ridge_v1.3,108,68,-0.0947241579308623,0.445,0.33
dirichlet_balanced_049,A2_A3_extended_sensitivity,quality_direct_and_near,interaction_candidate,108,172,-0.06231377076342866,0.32967032967032966,0.4185814185814186
dirichlet_balanced_050,A1_sample_primary,unconstrained,ridge_v1.3,512,136,-0.10947106602481003,0.22522522522522523,0.5685685685685684
dirichlet_balanced_050,A1_sample_primary,unconstrained,interaction_candidate,512,136,-0.08035430443850954,0.22522522522522523,0.5685685685685684
dirichlet_balanced_050,A1_sample_primary,quality_direct,ridge_v1.3,91,301,-0.06167848744520052,0.36063936063936064,0.2727272727272727
dirichlet_balanced_050,A1_sample_primary,quality_direct,interaction_candidate,91,477,-0.05341640095114675,0.35535535535535534,0.3693693693693694
dirichlet_balanced_050,A1_sample_primary,quality_direct_and_near,ridge_v1.3,108,172,-0.08305642873117826,0.32967032967032966,0.4185814185814186
dirichlet_balanced_050,A1_sample_primary,quality_direct_and_near,interaction_candidate,108,172,-0.06079561777835004,0.32967032967032966,0.4185814185814186
dirichlet_balanced_050,A2_A3_extended_sensitivity,unconstrained,ridge_v1.3,512,136,-0.10947106602481003,0.22522522522522523,0.5685685685685684
dirichlet_balanced_050,A2_A3_extended_sensitivity,unconstrained,interaction_candidate,512,136,-0.08035430443850954,0.22522522522522523,0.5685685685685684
dirichlet_balanced_050,A2_A3_extended_sensitivity,quality_direct,ridge_v1.3,92,301,-0.06167848744520052,0.36063936063936064,0.2727272727272727
dirichlet_balanced_050,A2_A3_extended_sensitivity,quality_direct,interaction_candidate,92,477,-0.05341640095114675,0.35535535535535534,0.3693693693693694
dirichlet_balanced_050,A2_A3_extended_sensitivity,quality_direct_and_near,ridge_v1.3,108,172,-0.08305642873117826,0.32967032967032966,0.4185814185814186
dirichlet_balanced_050,A2_A3_extended_sensitivity,quality_direct_and_near,interaction_candidate,108,172,-0.06079561777835004,0.32967032967032966,0.4185814185814186
dirichlet_balanced_051,A1_sample_primary,unconstrained,ridge_v1.3,512,136,-0.13889468973903626,0.22522522522522523,0.5685685685685684
dirichlet_balanced_051,A1_sample_primary,unconstrained,interaction_candidate,512,136,-0.10673887745655343,0.22522522522522523,0.5685685685685684
dirichlet_balanced_051,A1_sample_primary,quality_direct,ridge_v1.3,91,84,-0.05605322494226161,0.3546453546453547,0.2547452547452548
dirichlet_balanced_051,A1_sample_primary,quality_direct,interaction_candidate,91,475,-0.048515645577367546,0.4265734265734266,0.2267732267732268
dirichlet_balanced_051,A1_sample_primary,quality_direct_and_near,ridge_v1.3,108,68,-0.10187993525584638,0.445,0.33
dirichlet_balanced_051,A1_sample_primary,quality_direct_and_near,interaction_candidate,108,172,-0.06425829609548625,0.32967032967032966,0.4185814185814186
dirichlet_balanced_051,A2_A3_extended_sensitivity,unconstrained,ridge_v1.3,512,136,-0.13889468973903626,0.22522522522522523,0.5685685685685684
dirichlet_balanced_051,A2_A3_extended_sensitivity,unconstrained,interaction_candidate,512,136,-0.10673887745655343,0.22522522522522523,0.5685685685685684
dirichlet_balanced_051,A2_A3_extended_sensitivity,quality_direct,ridge_v1.3,92,84,-0.05605322494226161,0.3546453546453547,0.2547452547452548
dirichlet_balanced_051,A2_A3_extended_sensitivity,quality_direct,interaction_candidate,92,475,-0.048515645577367546,0.4265734265734266,0.2267732267732268
dirichlet_balanced_051,A2_A3_extended_sensitivity,quality_direct_and_near,ridge_v1.3,108,68,-0.10187993525584638,0.445,0.33
dirichlet_balanced_051,A2_A3_extended_sensitivity,quality_direct_and_near,interaction_candidate,108,172,-0.06425829609548625,0.32967032967032966,0.4185814185814186
dirichlet_balanced_052,A1_sample_primary,unconstrained,ridge_v1.3,512,136,-0.08233567138149964,0.22522522522522523,0.5685685685685684
dirichlet_balanced_052,A1_sample_primary,unconstrained,interaction_candidate,512,477,-0.06518596103817378,0.35535535535535534,0.3693693693693694
dirichlet_balanced_052,A1_sample_primary,quality_direct,ridge_v1.3,91,301,-0.0491154733999525,0.36063936063936064,0.2727272727272727
dirichlet_balanced_052,A1_sample_primary,quality_direct,interaction_candidate,91,477,-0.06518596103817378,0.35535535535535534,0.3693693693693694
dirichlet_balanced_052,A1_sample_primary,quality_direct_and_near,ridge_v1.3,108,384,-0.058662249987420936,0.234,0.413
dirichlet_balanced_052,A1_sample_primary,quality_direct_and_near,interaction_candidate,108,477,-0.06518596103817378,0.35535535535535534,0.3693693693693694
dirichlet_balanced_052,A2_A3_extended_sensitivity,unconstrained,ridge_v1.3,512,136,-0.08233567138149964,0.22522522522522523,0.5685685685685684
dirichlet_balanced_052,A2_A3_extended_sensitivity,unconstrained,interaction_candidate,512,477,-0.06518596103817378,0.35535535535535534,0.3693693693693694
dirichlet_balanced_052,A2_A3_extended_sensitivity,quality_direct,ridge_v1.3,92,301,-0.0491154733999525,0.36063936063936064,0.2727272727272727
dirichlet_balanced_052,A2_A3_extended_sensitivity,quality_direct,interaction_candidate,92,477,-0.06518596103817378,0.35535535535535534,0.3693693693693694
dirichlet_balanced_052,A2_A3_extended_sensitivity,quality_direct_and_near,ridge_v1.3,108,384,-0.058662249987420936,0.234,0.413
dirichlet_balanced_052,A2_A3_extended_sensitivity,quality_direct_and_near,interaction_candidate,108,477,-0.06518596103817378,0.35535535535535534,0.3693693693693694
dirichlet_balanced_053,A1_sample_primary,unconstrained,ridge_v1.3,512,136,-0.1280622349488735,0.22522522522522523,0.5685685685685684
dirichlet_balanced_053,A1_sample_primary,unconstrained,interaction_candidate,512,136,-0.09927800996145858,0.22522522522522523,0.5685685685685684
dirichlet_balanced_053,A1_sample_primary,quality_direct,ridge_v1.3,91,301,-0.08026708791709904,0.36063936063936064,0.2727272727272727
dirichlet_balanced_053,A1_sample_primary,quality_direct,interaction_candidate,91,301,-0.06133926049612928,0.36063936063936064,0.2727272727272727
dirichlet_balanced_053,A1_sample_primary,quality_direct_and_near,ridge_v1.3,108,384,-0.10603759965465928,0.234,0.413
dirichlet_balanced_053,A1_sample_primary,quality_direct_and_near,interaction_candidate,108,384,-0.07877503950376889,0.234,0.413
dirichlet_balanced_053,A2_A3_extended_sensitivity,unconstrained,ridge_v1.3,512,136,-0.1280622349488735,0.22522522522522523,0.5685685685685684
dirichlet_balanced_053,A2_A3_extended_sensitivity,unconstrained,interaction_candidate,512,136,-0.09927800996145858,0.22522522522522523,0.5685685685685684
dirichlet_balanced_053,A2_A3_extended_sensitivity,quality_direct,ridge_v1.3,92,301,-0.08026708791709904,0.36063936063936064,0.2727272727272727
dirichlet_balanced_053,A2_A3_extended_sensitivity,quality_direct,interaction_candidate,92,301,-0.06133926049612928,0.36063936063936064,0.2727272727272727
dirichlet_balanced_053,A2_A3_extended_sensitivity,quality_direct_and_near,ridge_v1.3,108,384,-0.10603759965465928,0.234,0.413
dirichlet_balanced_053,A2_A3_extended_sensitivity,quality_direct_and_near,interaction_candidate,108,384,-0.07877503950376889,0.234,0.413
dirichlet_balanced_054,A1_sample_primary,unconstrained,ridge_v1.3,512,136,-0.12138695772140702,0.22522522522522523,0.5685685685685684
dirichlet_balanced_054,A1_sample_primary,unconstrained,interaction_candidate,512,136,-0.09091022064902957,0.22522522522522523,0.5685685685685684
dirichlet_balanced_054,A1_sample_primary,quality_direct,ridge_v1.3,91,301,-0.08629163653997066,0.36063936063936064,0.2727272727272727
dirichlet_balanced_054,A1_sample_primary,quality_direct,interaction_candidate,91,301,-0.06631279836973664,0.36063936063936064,0.2727272727272727
dirichlet_balanced_054,A1_sample_primary,quality_direct_and_near,ridge_v1.3,108,384,-0.10834794741172267,0.234,0.413
dirichlet_balanced_054,A1_sample_primary,quality_direct_and_near,interaction_candidate,108,384,-0.07886503703690198,0.234,0.413
dirichlet_balanced_054,A2_A3_extended_sensitivity,unconstrained,ridge_v1.3,512,136,-0.12138695772140702,0.22522522522522523,0.5685685685685684
dirichlet_balanced_054,A2_A3_extended_sensitivity,unconstrained,interaction_candidate,512,136,-0.09091022064902957,0.22522522522522523,0.5685685685685684
dirichlet_balanced_054,A2_A3_extended_sensitivity,quality_direct,ridge_v1.3,92,301,-0.08629163653997066,0.36063936063936064,0.2727272727272727
dirichlet_balanced_054,A2_A3_extended_sensitivity,quality_direct,interaction_candidate,92,301,-0.06631279836973664,0.36063936063936064,0.2727272727272727
dirichlet_balanced_054,A2_A3_extended_sensitivity,quality_direct_and_near,ridge_v1.3,108,384,-0.10834794741172267,0.234,0.413
dirichlet_balanced_054,A2_A3_extended_sensitivity,quality_direct_and_near,interaction_candidate,108,384,-0.07886503703690198,0.234,0.413
dirichlet_balanced_055,A1_sample_primary,unconstrained,ridge_v1.3,512,136,-0.13997987078126528,0.22522522522522523,0.5685685685685684
dirichlet_balanced_055,A1_sample_primary,unconstrained,interaction_candidate,512,136,-0.10651605911261494,0.22522522522522523,0.5685685685685684
dirichlet_balanced_055,A1_sample_primary,quality_direct,ridge_v1.3,91,84,-0.06364003904264103,0.3546453546453547,0.2547452547452548
dirichlet_balanced_055,A1_sample_primary,quality_direct,interaction_candidate,91,477,-0.04302148992585811,0.35535535535535534,0.3693693693693694
dirichlet_balanced_055,A1_sample_primary,quality_direct_and_near,ridge_v1.3,108,68,-0.08838722561574636,0.445,0.33
dirichlet_balanced_055,A1_sample_primary,quality_direct_and_near,interaction_candidate,108,172,-0.05671988563145666,0.32967032967032966,0.4185814185814186
dirichlet_balanced_055,A2_A3_extended_sensitivity,unconstrained,ridge_v1.3,512,136,-0.13997987078126528,0.22522522522522523,0.5685685685685684
dirichlet_balanced_055,A2_A3_extended_sensitivity,unconstrained,interaction_candidate,512,136,-0.10651605911261494,0.22522522522522523,0.5685685685685684
dirichlet_balanced_055,A2_A3_extended_sensitivity,quality_direct,ridge_v1.3,92,84,-0.06364003904264103,0.3546453546453547,0.2547452547452548
dirichlet_balanced_055,A2_A3_extended_sensitivity,quality_direct,interaction_candidate,92,477,-0.04302148992585811,0.35535535535535534,0.3693693693693694
dirichlet_balanced_055,A2_A3_extended_sensitivity,quality_direct_and_near,ridge_v1.3,108,68,-0.08838722561574636,0.445,0.33
dirichlet_balanced_055,A2_A3_extended_sensitivity,quality_direct_and_near,interaction_candidate,108,172,-0.05671988563145666,0.32967032967032966,0.4185814185814186
dirichlet_balanced_056,A1_sample_primary,unconstrained,ridge_v1.3,512,136,-0.14332692590911808,0.22522522522522523,0.5685685685685684
dirichlet_balanced_056,A1_sample_primary,unconstrained,interaction_candidate,512,136,-0.11260043563897724,0.22522522522522523,0.5685685685685684
dirichlet_balanced_056,A1_sample_primary,quality_direct,ridge_v1.3,91,301,-0.07623850413624071,0.36063936063936064,0.2727272727272727
dirichlet_balanced_056,A1_sample_primary,quality_direct,interaction_candidate,91,301,-0.05925550093108593,0.36063936063936064,0.2727272727272727
dirichlet_balanced_056,A1_sample_primary,quality_direct_and_near,ridge_v1.3,108,384,-0.11112189406136186,0.234,0.413
dirichlet_balanced_056,A1_sample_primary,quality_direct_and_near,interaction_candidate,108,384,-0.08435237514891643,0.234,0.413
dirichlet_balanced_056,A2_A3_extended_sensitivity,unconstrained,ridge_v1.3,512,136,-0.14332692590911808,0.22522522522522523,0.5685685685685684
dirichlet_balanced_056,A2_A3_extended_sensitivity,unconstrained,interaction_candidate,512,136,-0.11260043563897724,0.22522522522522523,0.5685685685685684
dirichlet_balanced_056,A2_A3_extended_sensitivity,quality_direct,ridge_v1.3,92,301,-0.07623850413624071,0.36063936063936064,0.2727272727272727
dirichlet_balanced_056,A2_A3_extended_sensitivity,quality_direct,interaction_candidate,92,301,-0.05925550093108593,0.36063936063936064,0.2727272727272727
dirichlet_balanced_056,A2_A3_extended_sensitivity,quality_direct_and_near,ridge_v1.3,108,384,-0.11112189406136186,0.234,0.413
dirichlet_balanced_056,A2_A3_extended_sensitivity,quality_direct_and_near,interaction_candidate,108,384,-0.08435237514891643,0.234,0.413
dirichlet_balanced_057,A1_sample_primary,unconstrained,ridge_v1.3,512,136,-0.1613204952943312,0.22522522522522523,0.5685685685685684
dirichlet_balanced_057,A1_sample_primary,unconstrained,interaction_candidate,512,136,-0.12906239596391034,0.22522522522522523,0.5685685685685684
dirichlet_balanced_057,A1_sample_primary,quality_direct,ridge_v1.3,91,84,-0.068812872328544,0.3546453546453547,0.2547452547452548
dirichlet_balanced_057,A1_sample_primary,quality_direct,interaction_candidate,91,475,-0.0515863516071768,0.4265734265734266,0.2267732267732268
dirichlet_balanced_057,A1_sample_primary,quality_direct_and_near,ridge_v1.3,108,68,-0.1109267317476176,0.445,0.33
dirichlet_balanced_057,A1_sample_primary,quality_direct_and_near,interaction_candidate,108,172,-0.07379451893000244,0.32967032967032966,0.4185814185814186
dirichlet_balanced_057,A2_A3_extended_sensitivity,unconstrained,ridge_v1.3,512,136,-0.1613204952943312,0.22522522522522523,0.5685685685685684
dirichlet_balanced_057,A2_A3_extended_sensitivity,unconstrained,interaction_candidate,512,136,-0.12906239596391034,0.22522522522522523,0.5685685685685684
dirichlet_balanced_057,A2_A3_extended_sensitivity,quality_direct,ridge_v1.3,92,84,-0.068812872328544,0.3546453546453547,0.2547452547452548
dirichlet_balanced_057,A2_A3_extended_sensitivity,quality_direct,interaction_candidate,92,475,-0.0515863516071768,0.4265734265734266,0.2267732267732268
dirichlet_balanced_057,A2_A3_extended_sensitivity,quality_direct_and_near,ridge_v1.3,108,68,-0.1109267317476176,0.445,0.33
dirichlet_balanced_057,A2_A3_extended_sensitivity,quality_direct_and_near,interaction_candidate,108,172,-0.07379451893000244,0.32967032967032966,0.4185814185814186
dirichlet_balanced_058,A1_sample_primary,unconstrained,ridge_v1.3,512,136,-0.12915186078893773,0.22522522522522523,0.5685685685685684
dirichlet_balanced_058,A1_sample_primary,unconstrained,interaction_candidate,512,136,-0.09950811209613447,0.22522522522522523,0.5685685685685684
dirichlet_balanced_058,A1_sample_primary,quality_direct,ridge_v1.3,91,301,-0.0629429443296709,0.36063936063936064,0.2727272727272727
dirichlet_balanced_058,A1_sample_primary,quality_direct,interaction_candidate,91,301,-0.043613238065590684,0.36063936063936064,0.2727272727272727
dirichlet_balanced_058,A1_sample_primary,quality_direct_and_near,ridge_v1.3,108,172,-0.0932230031281414,0.32967032967032966,0.4185814185814186
dirichlet_balanced_058,A1_sample_primary,quality_direct_and_near,interaction_candidate,108,172,-0.0702931112375073,0.32967032967032966,0.4185814185814186
dirichlet_balanced_058,A2_A3_extended_sensitivity,unconstrained,ridge_v1.3,512,136,-0.12915186078893773,0.22522522522522523,0.5685685685685684
dirichlet_balanced_058,A2_A3_extended_sensitivity,unconstrained,interaction_candidate,512,136,-0.09950811209613447,0.22522522522522523,0.5685685685685684
dirichlet_balanced_058,A2_A3_extended_sensitivity,quality_direct,ridge_v1.3,92,301,-0.0629429443296709,0.36063936063936064,0.2727272727272727
dirichlet_balanced_058,A2_A3_extended_sensitivity,quality_direct,interaction_candidate,92,301,-0.043613238065590684,0.36063936063936064,0.2727272727272727
dirichlet_balanced_058,A2_A3_extended_sensitivity,quality_direct_and_near,ridge_v1.3,108,172,-0.0932230031281414,0.32967032967032966,0.4185814185814186
dirichlet_balanced_058,A2_A3_extended_sensitivity,quality_direct_and_near,interaction_candidate,108,172,-0.0702931112375073,0.32967032967032966,0.4185814185814186
dirichlet_balanced_059,A1_sample_primary,unconstrained,ridge_v1.3,512,136,-0.12956760266744222,0.22522522522522523,0.5685685685685684
dirichlet_balanced_059,A1_sample_primary,unconstrained,interaction_candidate,512,136,-0.09739154751343618,0.22522522522522523,0.5685685685685684
dirichlet_balanced_059,A1_sample_primary,quality_direct,ridge_v1.3,91,84,-0.05816702484445563,0.3546453546453547,0.2547452547452548
dirichlet_balanced_059,A1_sample_primary,quality_direct,interaction_candidate,91,477,-0.04726858320451668,0.35535535535535534,0.3693693693693694
dirichlet_balanced_059,A1_sample_primary,quality_direct_and_near,ridge_v1.3,108,172,-0.08406536997046529,0.32967032967032966,0.4185814185814186
dirichlet_balanced_059,A1_sample_primary,quality_direct_and_near,interaction_candidate,108,172,-0.05928684281180435,0.32967032967032966,0.4185814185814186
dirichlet_balanced_059,A2_A3_extended_sensitivity,unconstrained,ridge_v1.3,512,136,-0.12956760266744222,0.22522522522522523,0.5685685685685684
dirichlet_balanced_059,A2_A3_extended_sensitivity,unconstrained,interaction_candidate,512,136,-0.09739154751343618,0.22522522522522523,0.5685685685685684
dirichlet_balanced_059,A2_A3_extended_sensitivity,quality_direct,ridge_v1.3,92,84,-0.05816702484445563,0.3546453546453547,0.2547452547452548
dirichlet_balanced_059,A2_A3_extended_sensitivity,quality_direct,interaction_candidate,92,477,-0.04726858320451668,0.35535535535535534,0.3693693693693694
dirichlet_balanced_059,A2_A3_extended_sensitivity,quality_direct_and_near,ridge_v1.3,108,172,-0.08406536997046529,0.32967032967032966,0.4185814185814186
dirichlet_balanced_059,A2_A3_extended_sensitivity,quality_direct_and_near,interaction_candidate,108,172,-0.05928684281180435,0.32967032967032966,0.4185814185814186
dirichlet_balanced_060,A1_sample_primary,unconstrained,ridge_v1.3,512,136,-0.11884828104947855,0.22522522522522523,0.5685685685685684
dirichlet_balanced_060,A1_sample_primary,unconstrained,interaction_candidate,512,136,-0.08956907371717175,0.22522522522522523,0.5685685685685684
dirichlet_balanced_060,A1_sample_primary,quality_direct,ridge_v1.3,91,301,-0.0764409789434017,0.36063936063936064,0.2727272727272727
dirichlet_balanced_060,A1_sample_primary,quality_direct,interaction_candidate,91,301,-0.0576173956542069,0.36063936063936064,0.2727272727272727
dirichlet_balanced_060,A1_sample_primary,quality_direct_and_near,ridge_v1.3,108,384,-0.09752285872236155,0.234,0.413
dirichlet_balanced_060,A1_sample_primary,quality_direct_and_near,interaction_candidate,108,384,-0.06906382526513392,0.234,0.413
dirichlet_balanced_060,A2_A3_extended_sensitivity,unconstrained,ridge_v1.3,512,136,-0.11884828104947855,0.22522522522522523,0.5685685685685684
dirichlet_balanced_060,A2_A3_extended_sensitivity,unconstrained,interaction_candidate,512,136,-0.08956907371717175,0.22522522522522523,0.5685685685685684
dirichlet_balanced_060,A2_A3_extended_sensitivity,quality_direct,ridge_v1.3,92,301,-0.0764409789434017,0.36063936063936064,0.2727272727272727
dirichlet_balanced_060,A2_A3_extended_sensitivity,quality_direct,interaction_candidate,92,301,-0.0576173956542069,0.36063936063936064,0.2727272727272727
dirichlet_balanced_060,A2_A3_extended_sensitivity,quality_direct_and_near,ridge_v1.3,108,384,-0.09752285872236155,0.234,0.413
dirichlet_balanced_060,A2_A3_extended_sensitivity,quality_direct_and_near,interaction_candidate,108,384,-0.06906382526513392,0.234,0.413
dirichlet_balanced_061,A1_sample_primary,unconstrained,ridge_v1.3,512,136,-0.11659736316177884,0.22522522522522523,0.5685685685685684
dirichlet_balanced_061,A1_sample_primary,unconstrained,interaction_candidate,512,136,-0.0836645303265533,0.22522522522522523,0.5685685685685684
dirichlet_balanced_061,A1_sample_primary,quality_direct,ridge_v1.3,91,301,-0.056158248420101135,0.36063936063936064,0.2727272727272727
dirichlet_balanced_061,A1_sample_primary,quality_direct,interaction_candidate,91,477,-0.052520539015412725,0.35535535535535534,0.3693693693693694
dirichlet_balanced_061,A1_sample_primary,quality_direct_and_near,ridge_v1.3,108,172,-0.08111918309969249,0.32967032967032966,0.4185814185814186
dirichlet_balanced_061,A1_sample_primary,quality_direct_and_near,interaction_candidate,108,172,-0.053808701703286776,0.32967032967032966,0.4185814185814186
dirichlet_balanced_061,A2_A3_extended_sensitivity,unconstrained,ridge_v1.3,512,136,-0.11659736316177884,0.22522522522522523,0.5685685685685684
dirichlet_balanced_061,A2_A3_extended_sensitivity,unconstrained,interaction_candidate,512,136,-0.0836645303265533,0.22522522522522523,0.5685685685685684
dirichlet_balanced_061,A2_A3_extended_sensitivity,quality_direct,ridge_v1.3,92,301,-0.056158248420101135,0.36063936063936064,0.2727272727272727
dirichlet_balanced_061,A2_A3_extended_sensitivity,quality_direct,interaction_candidate,92,477,-0.052520539015412725,0.35535535535535534,0.3693693693693694
dirichlet_balanced_061,A2_A3_extended_sensitivity,quality_direct_and_near,ridge_v1.3,108,172,-0.08111918309969249,0.32967032967032966,0.4185814185814186
dirichlet_balanced_061,A2_A3_extended_sensitivity,quality_direct_and_near,interaction_candidate,108,172,-0.053808701703286776,0.32967032967032966,0.4185814185814186
dirichlet_balanced_062,A1_sample_primary,unconstrained,ridge_v1.3,512,136,-0.1108890557487839,0.22522522522522523,0.5685685685685684
dirichlet_balanced_062,A1_sample_primary,unconstrained,interaction_candidate,512,136,-0.0782745995367615,0.22522522522522523,0.5685685685685684
dirichlet_balanced_062,A1_sample_primary,quality_direct,ridge_v1.3,91,301,-0.07089425335168785,0.36063936063936064,0.2727272727272727
dirichlet_balanced_062,A1_sample_primary,quality_direct,interaction_candidate,91,477,-0.05258372442720361,0.35535535535535534,0.3693693693693694
dirichlet_balanced_062,A1_sample_primary,quality_direct_and_near,ridge_v1.3,108,172,-0.08568067468077055,0.32967032967032966,0.4185814185814186
dirichlet_balanced_062,A1_sample_primary,quality_direct_and_near,interaction_candidate,108,172,-0.06133161000622367,0.32967032967032966,0.4185814185814186
dirichlet_balanced_062,A2_A3_extended_sensitivity,unconstrained,ridge_v1.3,512,136,-0.1108890557487839,0.22522522522522523,0.5685685685685684
dirichlet_balanced_062,A2_A3_extended_sensitivity,unconstrained,interaction_candidate,512,136,-0.0782745995367615,0.22522522522522523,0.5685685685685684
dirichlet_balanced_062,A2_A3_extended_sensitivity,quality_direct,ridge_v1.3,92,301,-0.07089425335168785,0.36063936063936064,0.2727272727272727
dirichlet_balanced_062,A2_A3_extended_sensitivity,quality_direct,interaction_candidate,92,477,-0.05258372442720361,0.35535535535535534,0.3693693693693694
dirichlet_balanced_062,A2_A3_extended_sensitivity,quality_direct_and_near,ridge_v1.3,108,172,-0.08568067468077055,0.32967032967032966,0.4185814185814186
dirichlet_balanced_062,A2_A3_extended_sensitivity,quality_direct_and_near,interaction_candidate,108,172,-0.06133161000622367,0.32967032967032966,0.4185814185814186
dirichlet_balanced_063,A1_sample_primary,unconstrained,ridge_v1.3,512,136,-0.14415720035805998,0.22522522522522523,0.5685685685685684
dirichlet_balanced_063,A1_sample_primary,unconstrained,interaction_candidate,512,136,-0.11161781154963463,0.22522522522522523,0.5685685685685684
dirichlet_balanced_063,A1_sample_primary,quality_direct,ridge_v1.3,91,301,-0.061832388477956496,0.36063936063936064,0.2727272727272727
dirichlet_balanced_063,A1_sample_primary,quality_direct,interaction_candidate,91,475,-0.04468113909352413,0.4265734265734266,0.2267732267732268
dirichlet_balanced_063,A1_sample_primary,quality_direct_and_near,ridge_v1.3,108,172,-0.09408320384689633,0.32967032967032966,0.4185814185814186
dirichlet_balanced_063,A1_sample_primary,quality_direct_and_near,interaction_candidate,108,172,-0.07067074650245007,0.32967032967032966,0.4185814185814186
dirichlet_balanced_063,A2_A3_extended_sensitivity,unconstrained,ridge_v1.3,512,136,-0.14415720035805998,0.22522522522522523,0.5685685685685684
dirichlet_balanced_063,A2_A3_extended_sensitivity,unconstrained,interaction_candidate,512,136,-0.11161781154963463,0.22522522522522523,0.5685685685685684
dirichlet_balanced_063,A2_A3_extended_sensitivity,quality_direct,ridge_v1.3,92,301,-0.061832388477956496,0.36063936063936064,0.2727272727272727
dirichlet_balanced_063,A2_A3_extended_sensitivity,quality_direct,interaction_candidate,92,475,-0.04468113909352413,0.4265734265734266,0.2267732267732268
dirichlet_balanced_063,A2_A3_extended_sensitivity,quality_direct_and_near,ridge_v1.3,108,172,-0.09408320384689633,0.32967032967032966,0.4185814185814186
dirichlet_balanced_063,A2_A3_extended_sensitivity,quality_direct_and_near,interaction_candidate,108,172,-0.07067074650245007,0.32967032967032966,0.4185814185814186
dirichlet_balanced_064,A1_sample_primary,unconstrained,ridge_v1.3,512,136,-0.1682496109121159,0.22522522522522523,0.5685685685685684
dirichlet_balanced_064,A1_sample_primary,unconstrained,interaction_candidate,512,136,-0.13215576746908886,0.22522522522522523,0.5685685685685684
dirichlet_balanced_064,A1_sample_primary,quality_direct,ridge_v1.3,91,301,-0.07330198235517002,0.36063936063936064,0.2727272727272727
dirichlet_balanced_064,A1_sample_primary,quality_direct,interaction_candidate,91,301,-0.05437606572168828,0.36063936063936064,0.2727272727272727
dirichlet_balanced_064,A1_sample_primary,quality_direct_and_near,ridge_v1.3,108,68,-0.10048262644772704,0.445,0.33
dirichlet_balanced_064,A1_sample_primary,quality_direct_and_near,interaction_candidate,108,384,-0.07059101051753573,0.234,0.413
dirichlet_balanced_064,A2_A3_extended_sensitivity,unconstrained,ridge_v1.3,512,136,-0.1682496109121159,0.22522522522522523,0.5685685685685684
dirichlet_balanced_064,A2_A3_extended_sensitivity,unconstrained,interaction_candidate,512,136,-0.13215576746908886,0.22522522522522523,0.5685685685685684
dirichlet_balanced_064,A2_A3_extended_sensitivity,quality_direct,ridge_v1.3,92,301,-0.07330198235517002,0.36063936063936064,0.2727272727272727
dirichlet_balanced_064,A2_A3_extended_sensitivity,quality_direct,interaction_candidate,92,301,-0.05437606572168828,0.36063936063936064,0.2727272727272727
dirichlet_balanced_064,A2_A3_extended_sensitivity,quality_direct_and_near,ridge_v1.3,108,68,-0.10048262644772704,0.445,0.33
dirichlet_balanced_064,A2_A3_extended_sensitivity,quality_direct_and_near,interaction_candidate,108,384,-0.07059101051753573,0.234,0.413
dirichlet_balanced_065,A1_sample_primary,unconstrained,ridge_v1.3,512,136,-0.14468055899744522,0.22522522522522523,0.5685685685685684
dirichlet_balanced_065,A1_sample_primary,unconstrained,interaction_candidate,512,136,-0.1107091388878212,0.22522522522522523,0.5685685685685684
dirichlet_balanced_065,A1_sample_primary,quality_direct,ridge_v1.3,91,301,-0.08068255515516899,0.36063936063936064,0.2727272727272727
dirichlet_balanced_065,A1_sample_primary,quality_direct,interaction_candidate,91,477,-0.06447073535582053,0.35535535535535534,0.3693693693693694
dirichlet_balanced_065,A1_sample_primary,quality_direct_and_near,ridge_v1.3,108,384,-0.09341215573867513,0.234,0.413
dirichlet_balanced_065,A1_sample_primary,quality_direct_and_near,interaction_candidate,108,172,-0.06468935689887433,0.32967032967032966,0.4185814185814186
dirichlet_balanced_065,A2_A3_extended_sensitivity,unconstrained,ridge_v1.3,512,136,-0.14468055899744522,0.22522522522522523,0.5685685685685684
dirichlet_balanced_065,A2_A3_extended_sensitivity,unconstrained,interaction_candidate,512,136,-0.1107091388878212,0.22522522522522523,0.5685685685685684
dirichlet_balanced_065,A2_A3_extended_sensitivity,quality_direct,ridge_v1.3,92,301,-0.08068255515516899,0.36063936063936064,0.2727272727272727
dirichlet_balanced_065,A2_A3_extended_sensitivity,quality_direct,interaction_candidate,92,477,-0.06447073535582053,0.35535535535535534,0.3693693693693694
dirichlet_balanced_065,A2_A3_extended_sensitivity,quality_direct_and_near,ridge_v1.3,108,384,-0.09341215573867513,0.234,0.413
dirichlet_balanced_065,A2_A3_extended_sensitivity,quality_direct_and_near,interaction_candidate,108,172,-0.06468935689887433,0.32967032967032966,0.4185814185814186
dirichlet_balanced_066,A1_sample_primary,unconstrained,ridge_v1.3,512,136,-0.10162596794293134,0.22522522522522523,0.5685685685685684
dirichlet_balanced_066,A1_sample_primary,unconstrained,interaction_candidate,512,136,-0.0703080591464635,0.22522522522522523,0.5685685685685684
dirichlet_balanced_066,A1_sample_primary,quality_direct,ridge_v1.3,91,301,-0.06517997622240727,0.36063936063936064,0.2727272727272727
dirichlet_balanced_066,A1_sample_primary,quality_direct,interaction_candidate,91,477,-0.06567039079976122,0.35535535535535534,0.3693693693693694
dirichlet_balanced_066,A1_sample_primary,quality_direct_and_near,ridge_v1.3,108,384,-0.08354645579376697,0.234,0.413
dirichlet_balanced_066,A1_sample_primary,quality_direct_and_near,interaction_candidate,108,477,-0.06567039079976122,0.35535535535535534,0.3693693693693694
dirichlet_balanced_066,A2_A3_extended_sensitivity,unconstrained,ridge_v1.3,512,136,-0.10162596794293134,0.22522522522522523,0.5685685685685684
dirichlet_balanced_066,A2_A3_extended_sensitivity,unconstrained,interaction_candidate,512,136,-0.0703080591464635,0.22522522522522523,0.5685685685685684
dirichlet_balanced_066,A2_A3_extended_sensitivity,quality_direct,ridge_v1.3,92,301,-0.06517997622240727,0.36063936063936064,0.2727272727272727
dirichlet_balanced_066,A2_A3_extended_sensitivity,quality_direct,interaction_candidate,92,477,-0.06567039079976122,0.35535535535535534,0.3693693693693694
dirichlet_balanced_066,A2_A3_extended_sensitivity,quality_direct_and_near,ridge_v1.3,108,384,-0.08354645579376697,0.234,0.413
dirichlet_balanced_066,A2_A3_extended_sensitivity,quality_direct_and_near,interaction_candidate,108,477,-0.06567039079976122,0.35535535535535534,0.3693693693693694
dirichlet_balanced_067,A1_sample_primary,unconstrained,ridge_v1.3,512,136,-0.12687070949031273,0.22522522522522523,0.5685685685685684
dirichlet_balanced_067,A1_sample_primary,unconstrained,interaction_candidate,512,136,-0.09698358891612746,0.22522522522522523,0.5685685685685684
dirichlet_balanced_067,A1_sample_primary,quality_direct,ridge_v1.3,91,301,-0.06730996858522618,0.36063936063936064,0.2727272727272727
dirichlet_balanced_067,A1_sample_primary,quality_direct,interaction_candidate,91,301,-0.049231615666665625,0.36063936063936064,0.2727272727272727
dirichlet_balanced_067,A1_sample_primary,quality_direct_and_near,ridge_v1.3,108,172,-0.09025598781385279,0.32967032967032966,0.4185814185814186
dirichlet_balanced_067,A1_sample_primary,quality_direct_and_near,interaction_candidate,108,172,-0.06704088223225668,0.32967032967032966,0.4185814185814186
dirichlet_balanced_067,A2_A3_extended_sensitivity,unconstrained,ridge_v1.3,512,136,-0.12687070949031273,0.22522522522522523,0.5685685685685684
dirichlet_balanced_067,A2_A3_extended_sensitivity,unconstrained,interaction_candidate,512,136,-0.09698358891612746,0.22522522522522523,0.5685685685685684
dirichlet_balanced_067,A2_A3_extended_sensitivity,quality_direct,ridge_v1.3,92,301,-0.06730996858522618,0.36063936063936064,0.2727272727272727
dirichlet_balanced_067,A2_A3_extended_sensitivity,quality_direct,interaction_candidate,92,301,-0.049231615666665625,0.36063936063936064,0.2727272727272727
dirichlet_balanced_067,A2_A3_extended_sensitivity,quality_direct_and_near,ridge_v1.3,108,172,-0.09025598781385279,0.32967032967032966,0.4185814185814186
dirichlet_balanced_067,A2_A3_extended_sensitivity,quality_direct_and_near,interaction_candidate,108,172,-0.06704088223225668,0.32967032967032966,0.4185814185814186
dirichlet_balanced_068,A1_sample_primary,unconstrained,ridge_v1.3,512,136,-0.177718349997491,0.22522522522522523,0.5685685685685684
dirichlet_balanced_068,A1_sample_primary,unconstrained,interaction_candidate,512,136,-0.13902976461834346,0.22522522522522523,0.5685685685685684
dirichlet_balanced_068,A1_sample_primary,quality_direct,ridge_v1.3,91,84,-0.08374168667939795,0.3546453546453547,0.2547452547452548
dirichlet_balanced_068,A1_sample_primary,quality_direct,interaction_candidate,91,84,-0.05731088389505791,0.3546453546453547,0.2547452547452548
dirichlet_balanced_068,A1_sample_primary,quality_direct_and_near,ridge_v1.3,108,68,-0.10410244361239866,0.445,0.33
dirichlet_balanced_068,A1_sample_primary,quality_direct_and_near,interaction_candidate,108,172,-0.07245624953472203,0.32967032967032966,0.4185814185814186
dirichlet_balanced_068,A2_A3_extended_sensitivity,unconstrained,ridge_v1.3,512,136,-0.177718349997491,0.22522522522522523,0.5685685685685684
dirichlet_balanced_068,A2_A3_extended_sensitivity,unconstrained,interaction_candidate,512,136,-0.13902976461834346,0.22522522522522523,0.5685685685685684
dirichlet_balanced_068,A2_A3_extended_sensitivity,quality_direct,ridge_v1.3,92,84,-0.08374168667939795,0.3546453546453547,0.2547452547452548
dirichlet_balanced_068,A2_A3_extended_sensitivity,quality_direct,interaction_candidate,92,84,-0.05731088389505791,0.3546453546453547,0.2547452547452548
dirichlet_balanced_068,A2_A3_extended_sensitivity,quality_direct_and_near,ridge_v1.3,108,68,-0.10410244361239866,0.445,0.33
dirichlet_balanced_068,A2_A3_extended_sensitivity,quality_direct_and_near,interaction_candidate,108,172,-0.07245624953472203,0.32967032967032966,0.4185814185814186
dirichlet_balanced_069,A1_sample_primary,unconstrained,ridge_v1.3,512,136,-0.12686905215984678,0.22522522522522523,0.5685685685685684
dirichlet_balanced_069,A1_sample_primary,unconstrained,interaction_candidate,512,136,-0.09133433375810936,0.22522522522522523,0.5685685685685684
dirichlet_balanced_069,A1_sample_primary,quality_direct,ridge_v1.3,91,301,-0.07461056382814317,0.36063936063936064,0.2727272727272727
dirichlet_balanced_069,A1_sample_primary,quality_direct,interaction_candidate,91,477,-0.06141481846819708,0.35535535535535534,0.3693693693693694
dirichlet_balanced_069,A1_sample_primary,quality_direct_and_near,ridge_v1.3,108,384,-0.10156736581818726,0.234,0.413
dirichlet_balanced_069,A1_sample_primary,quality_direct_and_near,interaction_candidate,108,384,-0.06911532887603,0.234,0.413
dirichlet_balanced_069,A2_A3_extended_sensitivity,unconstrained,ridge_v1.3,512,136,-0.12686905215984678,0.22522522522522523,0.5685685685685684
dirichlet_balanced_069,A2_A3_extended_sensitivity,unconstrained,interaction_candidate,512,136,-0.09133433375810936,0.22522522522522523,0.5685685685685684
dirichlet_balanced_069,A2_A3_extended_sensitivity,quality_direct,ridge_v1.3,92,301,-0.07461056382814317,0.36063936063936064,0.2727272727272727
dirichlet_balanced_069,A2_A3_extended_sensitivity,quality_direct,interaction_candidate,92,477,-0.06141481846819708,0.35535535535535534,0.3693693693693694
dirichlet_balanced_069,A2_A3_extended_sensitivity,quality_direct_and_near,ridge_v1.3,108,384,-0.10156736581818726,0.234,0.413
dirichlet_balanced_069,A2_A3_extended_sensitivity,quality_direct_and_near,interaction_candidate,108,384,-0.06911532887603,0.234,0.413
dirichlet_balanced_070,A1_sample_primary,unconstrained,ridge_v1.3,512,136,-0.1743749156571278,0.22522522522522523,0.5685685685685684
dirichlet_balanced_070,A1_sample_primary,unconstrained,interaction_candidate,512,136,-0.13705052916367627,0.22522522522522523,0.5685685685685684
dirichlet_balanced_070,A1_sample_primary,quality_direct,ridge_v1.3,91,301,-0.08916064969338776,0.36063936063936064,0.2727272727272727
dirichlet_balanced_070,A1_sample_primary,quality_direct,interaction_candidate,91,301,-0.06657891232812956,0.36063936063936064,0.2727272727272727
dirichlet_balanced_070,A1_sample_primary,quality_direct_and_near,ridge_v1.3,108,384,-0.11798065618834845,0.234,0.413
dirichlet_balanced_070,A1_sample_primary,quality_direct_and_near,interaction_candidate,108,384,-0.08536914194269785,0.234,0.413
dirichlet_balanced_070,A2_A3_extended_sensitivity,unconstrained,ridge_v1.3,512,136,-0.1743749156571278,0.22522522522522523,0.5685685685685684
dirichlet_balanced_070,A2_A3_extended_sensitivity,unconstrained,interaction_candidate,512,136,-0.13705052916367627,0.22522522522522523,0.5685685685685684
dirichlet_balanced_070,A2_A3_extended_sensitivity,quality_direct,ridge_v1.3,92,301,-0.08916064969338776,0.36063936063936064,0.2727272727272727
dirichlet_balanced_070,A2_A3_extended_sensitivity,quality_direct,interaction_candidate,92,301,-0.06657891232812956,0.36063936063936064,0.2727272727272727
dirichlet_balanced_070,A2_A3_extended_sensitivity,quality_direct_and_near,ridge_v1.3,108,384,-0.11798065618834845,0.234,0.413
dirichlet_balanced_070,A2_A3_extended_sensitivity,quality_direct_and_near,interaction_candidate,108,384,-0.08536914194269785,0.234,0.413
dirichlet_balanced_071,A1_sample_primary,unconstrained,ridge_v1.3,512,136,-0.1481368496372565,0.22522522522522523,0.5685685685685684
dirichlet_balanced_071,A1_sample_primary,unconstrained,interaction_candidate,512,136,-0.11102407349082269,0.22522522522522523,0.5685685685685684
dirichlet_balanced_071,A1_sample_primary,quality_direct,ridge_v1.3,91,318,-0.07734279803857619,0.74,0.232
dirichlet_balanced_071,A1_sample_primary,quality_direct,interaction_candidate,91,475,-0.06910804394078847,0.4265734265734266,0.2267732267732268
dirichlet_balanced_071,A1_sample_primary,quality_direct_and_near,ridge_v1.3,108,68,-0.0920786388511893,0.445,0.33
dirichlet_balanced_071,A1_sample_primary,quality_direct_and_near,interaction_candidate,108,475,-0.06910804394078847,0.4265734265734266,0.2267732267732268
dirichlet_balanced_071,A2_A3_extended_sensitivity,unconstrained,ridge_v1.3,512,136,-0.1481368496372565,0.22522522522522523,0.5685685685685684
dirichlet_balanced_071,A2_A3_extended_sensitivity,unconstrained,interaction_candidate,512,136,-0.11102407349082269,0.22522522522522523,0.5685685685685684
dirichlet_balanced_071,A2_A3_extended_sensitivity,quality_direct,ridge_v1.3,92,318,-0.07734279803857619,0.74,0.232
dirichlet_balanced_071,A2_A3_extended_sensitivity,quality_direct,interaction_candidate,92,475,-0.06910804394078847,0.4265734265734266,0.2267732267732268
dirichlet_balanced_071,A2_A3_extended_sensitivity,quality_direct_and_near,ridge_v1.3,108,68,-0.0920786388511893,0.445,0.33
dirichlet_balanced_071,A2_A3_extended_sensitivity,quality_direct_and_near,interaction_candidate,108,475,-0.06910804394078847,0.4265734265734266,0.2267732267732268
dirichlet_balanced_072,A1_sample_primary,unconstrained,ridge_v1.3,512,136,-0.1525011394603792,0.22522522522522523,0.5685685685685684
dirichlet_balanced_072,A1_sample_primary,unconstrained,interaction_candidate,512,136,-0.12228060806474908,0.22522522522522523,0.5685685685685684
dirichlet_balanced_072,A1_sample_primary,quality_direct,ridge_v1.3,91,84,-0.06804151037439331,0.3546453546453547,0.2547452547452548
dirichlet_balanced_072,A1_sample_primary,quality_direct,interaction_candidate,91,475,-0.05169469217437683,0.4265734265734266,0.2267732267732268
dirichlet_balanced_072,A1_sample_primary,quality_direct_and_near,ridge_v1.3,108,68,-0.11050831794144886,0.445,0.33
dirichlet_balanced_072,A1_sample_primary,quality_direct_and_near,interaction_candidate,108,172,-0.07156431218199961,0.32967032967032966,0.4185814185814186
dirichlet_balanced_072,A2_A3_extended_sensitivity,unconstrained,ridge_v1.3,512,136,-0.1525011394603792,0.22522522522522523,0.5685685685685684
dirichlet_balanced_072,A2_A3_extended_sensitivity,unconstrained,interaction_candidate,512,136,-0.12228060806474908,0.22522522522522523,0.5685685685685684
dirichlet_balanced_072,A2_A3_extended_sensitivity,quality_direct,ridge_v1.3,92,84,-0.06804151037439331,0.3546453546453547,0.2547452547452548
dirichlet_balanced_072,A2_A3_extended_sensitivity,quality_direct,interaction_candidate,92,475,-0.05169469217437683,0.4265734265734266,0.2267732267732268
dirichlet_balanced_072,A2_A3_extended_sensitivity,quality_direct_and_near,ridge_v1.3,108,68,-0.11050831794144886,0.445,0.33
dirichlet_balanced_072,A2_A3_extended_sensitivity,quality_direct_and_near,interaction_candidate,108,172,-0.07156431218199961,0.32967032967032966,0.4185814185814186
dirichlet_balanced_073,A1_sample_primary,unconstrained,ridge_v1.3,512,492,-0.10888727533662919,0.5470941883767535,0.9789579158316633
dirichlet_balanced_073,A1_sample_primary,unconstrained,interaction_candidate,512,492,-0.0814372717424251,0.5470941883767535,0.9789579158316633
dirichlet_balanced_073,A1_sample_primary,quality_direct,ridge_v1.3,91,318,-0.05336739745653144,0.74,0.232
dirichlet_balanced_073,A1_sample_primary,quality_direct,interaction_candidate,91,477,-0.049224132973637494,0.35535535535535534,0.3693693693693694
dirichlet_balanced_073,A1_sample_primary,quality_direct_and_near,ridge_v1.3,108,172,-0.06575970397219871,0.32967032967032966,0.4185814185814186
dirichlet_balanced_073,A1_sample_primary,quality_direct_and_near,interaction_candidate,108,477,-0.049224132973637494,0.35535535535535534,0.3693693693693694
dirichlet_balanced_073,A2_A3_extended_sensitivity,unconstrained,ridge_v1.3,512,492,-0.10888727533662919,0.5470941883767535,0.9789579158316633
dirichlet_balanced_073,A2_A3_extended_sensitivity,unconstrained,interaction_candidate,512,492,-0.0814372717424251,0.5470941883767535,0.9789579158316633
dirichlet_balanced_073,A2_A3_extended_sensitivity,quality_direct,ridge_v1.3,92,318,-0.05336739745653144,0.74,0.232
dirichlet_balanced_073,A2_A3_extended_sensitivity,quality_direct,interaction_candidate,92,477,-0.049224132973637494,0.35535535535535534,0.3693693693693694
dirichlet_balanced_073,A2_A3_extended_sensitivity,quality_direct_and_near,ridge_v1.3,108,172,-0.06575970397219871,0.32967032967032966,0.4185814185814186
dirichlet_balanced_073,A2_A3_extended_sensitivity,quality_direct_and_near,interaction_candidate,108,477,-0.049224132973637494,0.35535535535535534,0.3693693693693694
dirichlet_balanced_074,A1_sample_primary,unconstrained,ridge_v1.3,512,136,-0.1384999782905623,0.22522522522522523,0.5685685685685684
dirichlet_balanced_074,A1_sample_primary,unconstrained,interaction_candidate,512,136,-0.10112640453000965,0.22522522522522523,0.5685685685685684
dirichlet_balanced_074,A1_sample_primary,quality_direct,ridge_v1.3,91,301,-0.07910236683918247,0.36063936063936064,0.2727272727272727
dirichlet_balanced_074,A1_sample_primary,quality_direct,interaction_candidate,91,437,-0.0759617989942791,0.442,0.154
dirichlet_balanced_074,A1_sample_primary,quality_direct_and_near,ridge_v1.3,108,384,-0.09480471591642055,0.234,0.413
dirichlet_balanced_074,A1_sample_primary,quality_direct_and_near,interaction_candidate,108,437,-0.0759617989942791,0.442,0.154
dirichlet_balanced_074,A2_A3_extended_sensitivity,unconstrained,ridge_v1.3,512,136,-0.1384999782905623,0.22522522522522523,0.5685685685685684
dirichlet_balanced_074,A2_A3_extended_sensitivity,unconstrained,interaction_candidate,512,136,-0.10112640453000965,0.22522522522522523,0.5685685685685684
dirichlet_balanced_074,A2_A3_extended_sensitivity,quality_direct,ridge_v1.3,92,301,-0.07910236683918247,0.36063936063936064,0.2727272727272727
dirichlet_balanced_074,A2_A3_extended_sensitivity,quality_direct,interaction_candidate,92,437,-0.0759617989942791,0.442,0.154
dirichlet_balanced_074,A2_A3_extended_sensitivity,quality_direct_and_near,ridge_v1.3,108,384,-0.09480471591642055,0.234,0.413
dirichlet_balanced_074,A2_A3_extended_sensitivity,quality_direct_and_near,interaction_candidate,108,437,-0.0759617989942791,0.442,0.154
dirichlet_balanced_075,A1_sample_primary,unconstrained,ridge_v1.3,512,136,-0.1497247482156282,0.22522522522522523,0.5685685685685684
dirichlet_balanced_075,A1_sample_primary,unconstrained,interaction_candidate,512,136,-0.11577696771843175,0.22522522522522523,0.5685685685685684
dirichlet_balanced_075,A1_sample_primary,quality_direct,ridge_v1.3,91,301,-0.077726071315724,0.36063936063936064,0.2727272727272727
dirichlet_balanced_075,A1_sample_primary,quality_direct,interaction_candidate,91,301,-0.056733471689127214,0.36063936063936064,0.2727272727272727
dirichlet_balanced_075,A1_sample_primary,quality_direct_and_near,ridge_v1.3,108,384,-0.10310084743780018,0.234,0.413
dirichlet_balanced_075,A1_sample_primary,quality_direct_and_near,interaction_candidate,108,384,-0.07298575067834524,0.234,0.413
dirichlet_balanced_075,A2_A3_extended_sensitivity,unconstrained,ridge_v1.3,512,136,-0.1497247482156282,0.22522522522522523,0.5685685685685684
dirichlet_balanced_075,A2_A3_extended_sensitivity,unconstrained,interaction_candidate,512,136,-0.11577696771843175,0.22522522522522523,0.5685685685685684
dirichlet_balanced_075,A2_A3_extended_sensitivity,quality_direct,ridge_v1.3,92,301,-0.077726071315724,0.36063936063936064,0.2727272727272727
dirichlet_balanced_075,A2_A3_extended_sensitivity,quality_direct,interaction_candidate,92,301,-0.056733471689127214,0.36063936063936064,0.2727272727272727
dirichlet_balanced_075,A2_A3_extended_sensitivity,quality_direct_and_near,ridge_v1.3,108,384,-0.10310084743780018,0.234,0.413
dirichlet_balanced_075,A2_A3_extended_sensitivity,quality_direct_and_near,interaction_candidate,108,384,-0.07298575067834524,0.234,0.413
dirichlet_balanced_076,A1_sample_primary,unconstrained,ridge_v1.3,512,136,-0.13375376359027077,0.22522522522522523,0.5685685685685684
dirichlet_balanced_076,A1_sample_primary,unconstrained,interaction_candidate,512,136,-0.09908384357761459,0.22522522522522523,0.5685685685685684
dirichlet_balanced_076,A1_sample_primary,quality_direct,ridge_v1.3,91,84,-0.07181703197248826,0.3546453546453547,0.2547452547452548
dirichlet_balanced_076,A1_sample_primary,quality_direct,interaction_candidate,91,477,-0.057968485708629794,0.35535535535535534,0.3693693693693694
dirichlet_balanced_076,A1_sample_primary,quality_direct_and_near,ridge_v1.3,108,172,-0.0846904571058113,0.32967032967032966,0.4185814185814186
dirichlet_balanced_076,A1_sample_primary,quality_direct_and_near,interaction_candidate,108,477,-0.057968485708629794,0.35535535535535534,0.3693693693693694
dirichlet_balanced_076,A2_A3_extended_sensitivity,unconstrained,ridge_v1.3,512,136,-0.13375376359027077,0.22522522522522523,0.5685685685685684
dirichlet_balanced_076,A2_A3_extended_sensitivity,unconstrained,interaction_candidate,512,136,-0.09908384357761459,0.22522522522522523,0.5685685685685684
dirichlet_balanced_076,A2_A3_extended_sensitivity,quality_direct,ridge_v1.3,92,84,-0.07181703197248826,0.3546453546453547,0.2547452547452548
dirichlet_balanced_076,A2_A3_extended_sensitivity,quality_direct,interaction_candidate,92,477,-0.057968485708629794,0.35535535535535534,0.3693693693693694
dirichlet_balanced_076,A2_A3_extended_sensitivity,quality_direct_and_near,ridge_v1.3,108,172,-0.0846904571058113,0.32967032967032966,0.4185814185814186
dirichlet_balanced_076,A2_A3_extended_sensitivity,quality_direct_and_near,interaction_candidate,108,477,-0.057968485708629794,0.35535535535535534,0.3693693693693694
dirichlet_balanced_077,A1_sample_primary,unconstrained,ridge_v1.3,512,136,-0.12016983718487581,0.22522522522522523,0.5685685685685684
dirichlet_balanced_077,A1_sample_primary,unconstrained,interaction_candidate,512,136,-0.08914147196462066,0.22522522522522523,0.5685685685685684
dirichlet_balanced_077,A1_sample_primary,quality_direct,ridge_v1.3,91,91,-0.04681502478970152,0.45245245245245247,0.5795795795795796
dirichlet_balanced_077,A1_sample_primary,quality_direct,interaction_candidate,91,477,-0.046601624647950646,0.35535535535535534,0.3693693693693694
dirichlet_balanced_077,A1_sample_primary,quality_direct_and_near,ridge_v1.3,108,384,-0.07216618971181699,0.234,0.413
dirichlet_balanced_077,A1_sample_primary,quality_direct_and_near,interaction_candidate,108,477,-0.046601624647950646,0.35535535535535534,0.3693693693693694
dirichlet_balanced_077,A2_A3_extended_sensitivity,unconstrained,ridge_v1.3,512,136,-0.12016983718487581,0.22522522522522523,0.5685685685685684
dirichlet_balanced_077,A2_A3_extended_sensitivity,unconstrained,interaction_candidate,512,136,-0.08914147196462066,0.22522522522522523,0.5685685685685684
dirichlet_balanced_077,A2_A3_extended_sensitivity,quality_direct,ridge_v1.3,92,91,-0.04681502478970152,0.45245245245245247,0.5795795795795796
dirichlet_balanced_077,A2_A3_extended_sensitivity,quality_direct,interaction_candidate,92,477,-0.046601624647950646,0.35535535535535534,0.3693693693693694
dirichlet_balanced_077,A2_A3_extended_sensitivity,quality_direct_and_near,ridge_v1.3,108,384,-0.07216618971181699,0.234,0.413
dirichlet_balanced_077,A2_A3_extended_sensitivity,quality_direct_and_near,interaction_candidate,108,477,-0.046601624647950646,0.35535535535535534,0.3693693693693694
dirichlet_balanced_078,A1_sample_primary,unconstrained,ridge_v1.3,512,136,-0.16822241848269287,0.22522522522522523,0.5685685685685684
dirichlet_balanced_078,A1_sample_primary,unconstrained,interaction_candidate,512,136,-0.13278671561918345,0.22522522522522523,0.5685685685685684
dirichlet_balanced_078,A1_sample_primary,quality_direct,ridge_v1.3,91,84,-0.084875646396443,0.3546453546453547,0.2547452547452548
dirichlet_balanced_078,A1_sample_primary,quality_direct,interaction_candidate,91,301,-0.062358198933980875,0.36063936063936064,0.2727272727272727
dirichlet_balanced_078,A1_sample_primary,quality_direct_and_near,ridge_v1.3,108,68,-0.1029609054596502,0.445,0.33
dirichlet_balanced_078,A1_sample_primary,quality_direct_and_near,interaction_candidate,108,172,-0.07407701176930107,0.32967032967032966,0.4185814185814186
dirichlet_balanced_078,A2_A3_extended_sensitivity,unconstrained,ridge_v1.3,512,136,-0.16822241848269287,0.22522522522522523,0.5685685685685684
dirichlet_balanced_078,A2_A3_extended_sensitivity,unconstrained,interaction_candidate,512,136,-0.13278671561918345,0.22522522522522523,0.5685685685685684
dirichlet_balanced_078,A2_A3_extended_sensitivity,quality_direct,ridge_v1.3,92,84,-0.084875646396443,0.3546453546453547,0.2547452547452548
dirichlet_balanced_078,A2_A3_extended_sensitivity,quality_direct,interaction_candidate,92,301,-0.062358198933980875,0.36063936063936064,0.2727272727272727
dirichlet_balanced_078,A2_A3_extended_sensitivity,quality_direct_and_near,ridge_v1.3,108,68,-0.1029609054596502,0.445,0.33
dirichlet_balanced_078,A2_A3_extended_sensitivity,quality_direct_and_near,interaction_candidate,108,172,-0.07407701176930107,0.32967032967032966,0.4185814185814186
dirichlet_balanced_079,A1_sample_primary,unconstrained,ridge_v1.3,512,326,-0.09846314695471375,0.779,0.22100000000000003
dirichlet_balanced_079,A1_sample_primary,unconstrained,interaction_candidate,512,326,-0.07443364531210629,0.779,0.22100000000000003
dirichlet_balanced_079,A1_sample_primary,quality_direct,ridge_v1.3,91,129,-0.05478121580569175,0.3853853853853854,0.3283283283283283
dirichlet_balanced_079,A1_sample_primary,quality_direct,interaction_candidate,91,437,-0.05345685041160954,0.442,0.154
dirichlet_balanced_079,A1_sample_primary,quality_direct_and_near,ridge_v1.3,108,384,-0.06981254774892738,0.234,0.413
dirichlet_balanced_079,A1_sample_primary,quality_direct_and_near,interaction_candidate,108,437,-0.05345685041160954,0.442,0.154
dirichlet_balanced_079,A2_A3_extended_sensitivity,unconstrained,ridge_v1.3,512,326,-0.09846314695471375,0.779,0.22100000000000003
dirichlet_balanced_079,A2_A3_extended_sensitivity,unconstrained,interaction_candidate,512,326,-0.07443364531210629,0.779,0.22100000000000003
dirichlet_balanced_079,A2_A3_extended_sensitivity,quality_direct,ridge_v1.3,92,129,-0.05478121580569175,0.3853853853853854,0.3283283283283283
dirichlet_balanced_079,A2_A3_extended_sensitivity,quality_direct,interaction_candidate,92,437,-0.05345685041160954,0.442,0.154
dirichlet_balanced_079,A2_A3_extended_sensitivity,quality_direct_and_near,ridge_v1.3,108,384,-0.06981254774892738,0.234,0.413
dirichlet_balanced_079,A2_A3_extended_sensitivity,quality_direct_and_near,interaction_candidate,108,437,-0.05345685041160954,0.442,0.154
dirichlet_balanced_080,A1_sample_primary,unconstrained,ridge_v1.3,512,136,-0.18694364253003382,0.22522522522522523,0.5685685685685684
dirichlet_balanced_080,A1_sample_primary,unconstrained,interaction_candidate,512,136,-0.15353796399329928,0.22522522522522523,0.5685685685685684
dirichlet_balanced_080,A1_sample_primary,quality_direct,ridge_v1.3,91,84,-0.09045609275108664,0.3546453546453547,0.2547452547452548
dirichlet_balanced_080,A1_sample_primary,quality_direct,interaction_candidate,91,301,-0.07113997428641464,0.36063936063936064,0.2727272727272727
dirichlet_balanced_080,A1_sample_primary,quality_direct_and_near,ridge_v1.3,108,384,-0.11569459037581035,0.234,0.413
dirichlet_balanced_080,A1_sample_primary,quality_direct_and_near,interaction_candidate,108,384,-0.086854285388372,0.234,0.413
dirichlet_balanced_080,A2_A3_extended_sensitivity,unconstrained,ridge_v1.3,512,136,-0.18694364253003382,0.22522522522522523,0.5685685685685684
dirichlet_balanced_080,A2_A3_extended_sensitivity,unconstrained,interaction_candidate,512,136,-0.15353796399329928,0.22522522522522523,0.5685685685685684
dirichlet_balanced_080,A2_A3_extended_sensitivity,quality_direct,ridge_v1.3,92,84,-0.09045609275108664,0.3546453546453547,0.2547452547452548
dirichlet_balanced_080,A2_A3_extended_sensitivity,quality_direct,interaction_candidate,92,301,-0.07113997428641464,0.36063936063936064,0.2727272727272727
dirichlet_balanced_080,A2_A3_extended_sensitivity,quality_direct_and_near,ridge_v1.3,108,384,-0.11569459037581035,0.234,0.413
dirichlet_balanced_080,A2_A3_extended_sensitivity,quality_direct_and_near,interaction_candidate,108,384,-0.086854285388372,0.234,0.413
dirichlet_balanced_081,A1_sample_primary,unconstrained,ridge_v1.3,512,136,-0.16950315144722458,0.22522522522522523,0.5685685685685684
dirichlet_balanced_081,A1_sample_primary,unconstrained,interaction_candidate,512,136,-0.13400874574047633,0.22522522522522523,0.5685685685685684
dirichlet_balanced_081,A1_sample_primary,quality_direct,ridge_v1.3,91,301,-0.09343390144286817,0.36063936063936064,0.2727272727272727
dirichlet_balanced_081,A1_sample_primary,quality_direct,interaction_candidate,91,301,-0.0750263812322179,0.36063936063936064,0.2727272727272727
dirichlet_balanced_081,A1_sample_primary,quality_direct_and_near,ridge_v1.3,108,172,-0.11527064429980544,0.32967032967032966,0.4185814185814186
dirichlet_balanced_081,A1_sample_primary,quality_direct_and_near,interaction_candidate,108,172,-0.09131328884305631,0.32967032967032966,0.4185814185814186
dirichlet_balanced_081,A2_A3_extended_sensitivity,unconstrained,ridge_v1.3,512,136,-0.16950315144722458,0.22522522522522523,0.5685685685685684
dirichlet_balanced_081,A2_A3_extended_sensitivity,unconstrained,interaction_candidate,512,136,-0.13400874574047633,0.22522522522522523,0.5685685685685684
dirichlet_balanced_081,A2_A3_extended_sensitivity,quality_direct,ridge_v1.3,92,301,-0.09343390144286817,0.36063936063936064,0.2727272727272727
dirichlet_balanced_081,A2_A3_extended_sensitivity,quality_direct,interaction_candidate,92,301,-0.0750263812322179,0.36063936063936064,0.2727272727272727
dirichlet_balanced_081,A2_A3_extended_sensitivity,quality_direct_and_near,ridge_v1.3,108,172,-0.11527064429980544,0.32967032967032966,0.4185814185814186
dirichlet_balanced_081,A2_A3_extended_sensitivity,quality_direct_and_near,interaction_candidate,108,172,-0.09131328884305631,0.32967032967032966,0.4185814185814186
dirichlet_balanced_082,A1_sample_primary,unconstrained,ridge_v1.3,512,136,-0.16013550342335012,0.22522522522522523,0.5685685685685684
dirichlet_balanced_082,A1_sample_primary,unconstrained,interaction_candidate,512,136,-0.12904386317851116,0.22522522522522523,0.5685685685685684
dirichlet_balanced_082,A1_sample_primary,quality_direct,ridge_v1.3,91,84,-0.07146884583044304,0.3546453546453547,0.2547452547452548
dirichlet_balanced_082,A1_sample_primary,quality_direct,interaction_candidate,91,84,-0.05000215324148147,0.3546453546453547,0.2547452547452548
dirichlet_balanced_082,A1_sample_primary,quality_direct_and_near,ridge_v1.3,108,68,-0.09313521104690484,0.445,0.33
dirichlet_balanced_082,A1_sample_primary,quality_direct_and_near,interaction_candidate,108,172,-0.06729892034777442,0.32967032967032966,0.4185814185814186
dirichlet_balanced_082,A2_A3_extended_sensitivity,unconstrained,ridge_v1.3,512,136,-0.16013550342335012,0.22522522522522523,0.5685685685685684
dirichlet_balanced_082,A2_A3_extended_sensitivity,unconstrained,interaction_candidate,512,136,-0.12904386317851116,0.22522522522522523,0.5685685685685684
dirichlet_balanced_082,A2_A3_extended_sensitivity,quality_direct,ridge_v1.3,92,84,-0.07146884583044304,0.3546453546453547,0.2547452547452548
dirichlet_balanced_082,A2_A3_extended_sensitivity,quality_direct,interaction_candidate,92,84,-0.05000215324148147,0.3546453546453547,0.2547452547452548
dirichlet_balanced_082,A2_A3_extended_sensitivity,quality_direct_and_near,ridge_v1.3,108,68,-0.09313521104690484,0.445,0.33
dirichlet_balanced_082,A2_A3_extended_sensitivity,quality_direct_and_near,interaction_candidate,108,172,-0.06729892034777442,0.32967032967032966,0.4185814185814186
dirichlet_balanced_083,A1_sample_primary,unconstrained,ridge_v1.3,512,136,-0.21939914749627443,0.22522522522522523,0.5685685685685684
dirichlet_balanced_083,A1_sample_primary,unconstrained,interaction_candidate,512,136,-0.1825232990213913,0.22522522522522523,0.5685685685685684
dirichlet_balanced_083,A1_sample_primary,quality_direct,ridge_v1.3,91,318,-0.1051729820494219,0.74,0.232
dirichlet_balanced_083,A1_sample_primary,quality_direct,interaction_candidate,91,84,-0.08048711274215566,0.3546453546453547,0.2547452547452548
dirichlet_balanced_083,A1_sample_primary,quality_direct_and_near,ridge_v1.3,108,68,-0.14465178281298569,0.445,0.33
dirichlet_balanced_083,A1_sample_primary,quality_direct_and_near,interaction_candidate,108,172,-0.10117140961724332,0.32967032967032966,0.4185814185814186
dirichlet_balanced_083,A2_A3_extended_sensitivity,unconstrained,ridge_v1.3,512,136,-0.21939914749627443,0.22522522522522523,0.5685685685685684
dirichlet_balanced_083,A2_A3_extended_sensitivity,unconstrained,interaction_candidate,512,136,-0.1825232990213913,0.22522522522522523,0.5685685685685684
dirichlet_balanced_083,A2_A3_extended_sensitivity,quality_direct,ridge_v1.3,92,318,-0.1051729820494219,0.74,0.232
dirichlet_balanced_083,A2_A3_extended_sensitivity,quality_direct,interaction_candidate,92,84,-0.08048711274215566,0.3546453546453547,0.2547452547452548
dirichlet_balanced_083,A2_A3_extended_sensitivity,quality_direct_and_near,ridge_v1.3,108,68,-0.14465178281298569,0.445,0.33
dirichlet_balanced_083,A2_A3_extended_sensitivity,quality_direct_and_near,interaction_candidate,108,172,-0.10117140961724332,0.32967032967032966,0.4185814185814186
dirichlet_balanced_084,A1_sample_primary,unconstrained,ridge_v1.3,512,136,-0.12448300808620201,0.22522522522522523,0.5685685685685684
dirichlet_balanced_084,A1_sample_primary,unconstrained,interaction_candidate,512,136,-0.09596036328288468,0.22522522522522523,0.5685685685685684
dirichlet_balanced_084,A1_sample_primary,quality_direct,ridge_v1.3,91,301,-0.0667607621279288,0.36063936063936064,0.2727272727272727
dirichlet_balanced_084,A1_sample_primary,quality_direct,interaction_candidate,91,477,-0.0477371942011509,0.35535535535535534,0.3693693693693694
dirichlet_balanced_084,A1_sample_primary,quality_direct_and_near,ridge_v1.3,108,384,-0.10917976096884065,0.234,0.413
dirichlet_balanced_084,A1_sample_primary,quality_direct_and_near,interaction_candidate,108,384,-0.08193319014096315,0.234,0.413
dirichlet_balanced_084,A2_A3_extended_sensitivity,unconstrained,ridge_v1.3,512,136,-0.12448300808620201,0.22522522522522523,0.5685685685685684
dirichlet_balanced_084,A2_A3_extended_sensitivity,unconstrained,interaction_candidate,512,136,-0.09596036328288468,0.22522522522522523,0.5685685685685684
dirichlet_balanced_084,A2_A3_extended_sensitivity,quality_direct,ridge_v1.3,92,301,-0.0667607621279288,0.36063936063936064,0.2727272727272727
dirichlet_balanced_084,A2_A3_extended_sensitivity,quality_direct,interaction_candidate,92,477,-0.0477371942011509,0.35535535535535534,0.3693693693693694
dirichlet_balanced_084,A2_A3_extended_sensitivity,quality_direct_and_near,ridge_v1.3,108,384,-0.10917976096884065,0.234,0.413
dirichlet_balanced_084,A2_A3_extended_sensitivity,quality_direct_and_near,interaction_candidate,108,384,-0.08193319014096315,0.234,0.413
dirichlet_balanced_085,A1_sample_primary,unconstrained,ridge_v1.3,512,136,-0.16894389190184558,0.22522522522522523,0.5685685685685684
dirichlet_balanced_085,A1_sample_primary,unconstrained,interaction_candidate,512,136,-0.1319320851030375,0.22522522522522523,0.5685685685685684
dirichlet_balanced_085,A1_sample_primary,quality_direct,ridge_v1.3,91,84,-0.08217864317264138,0.3546453546453547,0.2547452547452548
dirichlet_balanced_085,A1_sample_primary,quality_direct,interaction_candidate,91,84,-0.057392710226937,0.3546453546453547,0.2547452547452548
dirichlet_balanced_085,A1_sample_primary,quality_direct_and_near,ridge_v1.3,108,68,-0.09574422376262345,0.445,0.33
dirichlet_balanced_085,A1_sample_primary,quality_direct_and_near,interaction_candidate,108,172,-0.06492174552002293,0.32967032967032966,0.4185814185814186
dirichlet_balanced_085,A2_A3_extended_sensitivity,unconstrained,ridge_v1.3,512,136,-0.16894389190184558,0.22522522522522523,0.5685685685685684
dirichlet_balanced_085,A2_A3_extended_sensitivity,unconstrained,interaction_candidate,512,136,-0.1319320851030375,0.22522522522522523,0.5685685685685684
dirichlet_balanced_085,A2_A3_extended_sensitivity,quality_direct,ridge_v1.3,92,84,-0.08217864317264138,0.3546453546453547,0.2547452547452548
dirichlet_balanced_085,A2_A3_extended_sensitivity,quality_direct,interaction_candidate,92,84,-0.057392710226937,0.3546453546453547,0.2547452547452548
dirichlet_balanced_085,A2_A3_extended_sensitivity,quality_direct_and_near,ridge_v1.3,108,68,-0.09574422376262345,0.445,0.33
dirichlet_balanced_085,A2_A3_extended_sensitivity,quality_direct_and_near,interaction_candidate,108,172,-0.06492174552002293,0.32967032967032966,0.4185814185814186
dirichlet_balanced_086,A1_sample_primary,unconstrained,ridge_v1.3,512,136,-0.10245910064881589,0.22522522522522523,0.5685685685685684
dirichlet_balanced_086,A1_sample_primary,unconstrained,interaction_candidate,512,136,-0.07041232351549924,0.22522522522522523,0.5685685685685684
dirichlet_balanced_086,A1_sample_primary,quality_direct,ridge_v1.3,91,301,-0.07031890756402491,0.36063936063936064,0.2727272727272727
dirichlet_balanced_086,A1_sample_primary,quality_direct,interaction_candidate,91,477,-0.058230194856387356,0.35535535535535534,0.3693693693693694
dirichlet_balanced_086,A1_sample_primary,quality_direct_and_near,ridge_v1.3,108,384,-0.07978750736876407,0.234,0.413
dirichlet_balanced_086,A1_sample_primary,quality_direct_and_near,interaction_candidate,108,477,-0.058230194856387356,0.35535535535535534,0.3693693693693694
dirichlet_balanced_086,A2_A3_extended_sensitivity,unconstrained,ridge_v1.3,512,136,-0.10245910064881589,0.22522522522522523,0.5685685685685684
dirichlet_balanced_086,A2_A3_extended_sensitivity,unconstrained,interaction_candidate,512,136,-0.07041232351549924,0.22522522522522523,0.5685685685685684
dirichlet_balanced_086,A2_A3_extended_sensitivity,quality_direct,ridge_v1.3,92,301,-0.07031890756402491,0.36063936063936064,0.2727272727272727
dirichlet_balanced_086,A2_A3_extended_sensitivity,quality_direct,interaction_candidate,92,477,-0.058230194856387356,0.35535535535535534,0.3693693693693694
dirichlet_balanced_086,A2_A3_extended_sensitivity,quality_direct_and_near,ridge_v1.3,108,384,-0.07978750736876407,0.234,0.413
dirichlet_balanced_086,A2_A3_extended_sensitivity,quality_direct_and_near,interaction_candidate,108,477,-0.058230194856387356,0.35535535535535534,0.3693693693693694
dirichlet_balanced_087,A1_sample_primary,unconstrained,ridge_v1.3,512,136,-0.12694571295693394,0.22522522522522523,0.5685685685685684
dirichlet_balanced_087,A1_sample_primary,unconstrained,interaction_candidate,512,136,-0.09239653909401409,0.22522522522522523,0.5685685685685684
dirichlet_balanced_087,A1_sample_primary,quality_direct,ridge_v1.3,91,301,-0.061636396245531556,0.36063936063936064,0.2727272727272727
dirichlet_balanced_087,A1_sample_primary,quality_direct,interaction_candidate,91,477,-0.05249233831598577,0.35535535535535534,0.3693693693693694
dirichlet_balanced_087,A1_sample_primary,quality_direct_and_near,ridge_v1.3,108,172,-0.08026808088208229,0.32967032967032966,0.4185814185814186
dirichlet_balanced_087,A1_sample_primary,quality_direct_and_near,interaction_candidate,108,172,-0.054840142692594525,0.32967032967032966,0.4185814185814186
dirichlet_balanced_087,A2_A3_extended_sensitivity,unconstrained,ridge_v1.3,512,136,-0.12694571295693394,0.22522522522522523,0.5685685685685684
dirichlet_balanced_087,A2_A3_extended_sensitivity,unconstrained,interaction_candidate,512,136,-0.09239653909401409,0.22522522522522523,0.5685685685685684
dirichlet_balanced_087,A2_A3_extended_sensitivity,quality_direct,ridge_v1.3,92,301,-0.061636396245531556,0.36063936063936064,0.2727272727272727
dirichlet_balanced_087,A2_A3_extended_sensitivity,quality_direct,interaction_candidate,92,477,-0.05249233831598577,0.35535535535535534,0.3693693693693694
dirichlet_balanced_087,A2_A3_extended_sensitivity,quality_direct_and_near,ridge_v1.3,108,172,-0.08026808088208229,0.32967032967032966,0.4185814185814186
dirichlet_balanced_087,A2_A3_extended_sensitivity,quality_direct_and_near,interaction_candidate,108,172,-0.054840142692594525,0.32967032967032966,0.4185814185814186
dirichlet_balanced_088,A1_sample_primary,unconstrained,ridge_v1.3,512,136,-0.16319924920358841,0.22522522522522523,0.5685685685685684
dirichlet_balanced_088,A1_sample_primary,unconstrained,interaction_candidate,512,136,-0.12879667178940712,0.22522522522522523,0.5685685685685684
dirichlet_balanced_088,A1_sample_primary,quality_direct,ridge_v1.3,91,301,-0.07029529277347932,0.36063936063936064,0.2727272727272727
dirichlet_balanced_088,A1_sample_primary,quality_direct,interaction_candidate,91,301,-0.04986128107965551,0.36063936063936064,0.2727272727272727
dirichlet_balanced_088,A1_sample_primary,quality_direct_and_near,ridge_v1.3,108,384,-0.10834923123501608,0.234,0.413
dirichlet_balanced_088,A1_sample_primary,quality_direct_and_near,interaction_candidate,108,384,-0.07935940148969964,0.234,0.413
dirichlet_balanced_088,A2_A3_extended_sensitivity,unconstrained,ridge_v1.3,512,136,-0.16319924920358841,0.22522522522522523,0.5685685685685684
dirichlet_balanced_088,A2_A3_extended_sensitivity,unconstrained,interaction_candidate,512,136,-0.12879667178940712,0.22522522522522523,0.5685685685685684
dirichlet_balanced_088,A2_A3_extended_sensitivity,quality_direct,ridge_v1.3,92,301,-0.07029529277347932,0.36063936063936064,0.2727272727272727
dirichlet_balanced_088,A2_A3_extended_sensitivity,quality_direct,interaction_candidate,92,301,-0.04986128107965551,0.36063936063936064,0.2727272727272727
dirichlet_balanced_088,A2_A3_extended_sensitivity,quality_direct_and_near,ridge_v1.3,108,384,-0.10834923123501608,0.234,0.413
dirichlet_balanced_088,A2_A3_extended_sensitivity,quality_direct_and_near,interaction_candidate,108,384,-0.07935940148969964,0.234,0.413
dirichlet_balanced_089,A1_sample_primary,unconstrained,ridge_v1.3,512,136,-0.15762882003371523,0.22522522522522523,0.5685685685685684
dirichlet_balanced_089,A1_sample_primary,unconstrained,interaction_candidate,512,136,-0.12047481436797079,0.22522522522522523,0.5685685685685684
dirichlet_balanced_089,A1_sample_primary,quality_direct,ridge_v1.3,91,301,-0.07998087327338134,0.36063936063936064,0.2727272727272727
dirichlet_balanced_089,A1_sample_primary,quality_direct,interaction_candidate,91,301,-0.060343717247465775,0.36063936063936064,0.2727272727272727
dirichlet_balanced_089,A1_sample_primary,quality_direct_and_near,ridge_v1.3,108,172,-0.09669773104103364,0.32967032967032966,0.4185814185814186
dirichlet_balanced_089,A1_sample_primary,quality_direct_and_near,interaction_candidate,108,172,-0.06968702942982734,0.32967032967032966,0.4185814185814186
dirichlet_balanced_089,A2_A3_extended_sensitivity,unconstrained,ridge_v1.3,512,136,-0.15762882003371523,0.22522522522522523,0.5685685685685684
dirichlet_balanced_089,A2_A3_extended_sensitivity,unconstrained,interaction_candidate,512,136,-0.12047481436797079,0.22522522522522523,0.5685685685685684
dirichlet_balanced_089,A2_A3_extended_sensitivity,quality_direct,ridge_v1.3,92,301,-0.07998087327338134,0.36063936063936064,0.2727272727272727
dirichlet_balanced_089,A2_A3_extended_sensitivity,quality_direct,interaction_candidate,92,301,-0.060343717247465775,0.36063936063936064,0.2727272727272727
dirichlet_balanced_089,A2_A3_extended_sensitivity,quality_direct_and_near,ridge_v1.3,108,172,-0.09669773104103364,0.32967032967032966,0.4185814185814186
dirichlet_balanced_089,A2_A3_extended_sensitivity,quality_direct_and_near,interaction_candidate,108,172,-0.06968702942982734,0.32967032967032966,0.4185814185814186
dirichlet_balanced_090,A1_sample_primary,unconstrained,ridge_v1.3,512,136,-0.17170892461329887,0.22522522522522523,0.5685685685685684
dirichlet_balanced_090,A1_sample_primary,unconstrained,interaction_candidate,512,136,-0.13756551873255865,0.22522522522522523,0.5685685685685684
dirichlet_balanced_090,A1_sample_primary,quality_direct,ridge_v1.3,91,301,-0.06847964245987602,0.36063936063936064,0.2727272727272727
dirichlet_balanced_090,A1_sample_primary,quality_direct,interaction_candidate,91,477,-0.05308877746827215,0.35535535535535534,0.3693693693693694
dirichlet_balanced_090,A1_sample_primary,quality_direct_and_near,ridge_v1.3,108,384,-0.09654697320176955,0.234,0.413
dirichlet_balanced_090,A1_sample_primary,quality_direct_and_near,interaction_candidate,108,384,-0.06709434781142481,0.234,0.413
dirichlet_balanced_090,A2_A3_extended_sensitivity,unconstrained,ridge_v1.3,512,136,-0.17170892461329887,0.22522522522522523,0.5685685685685684
dirichlet_balanced_090,A2_A3_extended_sensitivity,unconstrained,interaction_candidate,512,136,-0.13756551873255865,0.22522522522522523,0.5685685685685684
dirichlet_balanced_090,A2_A3_extended_sensitivity,quality_direct,ridge_v1.3,92,301,-0.06847964245987602,0.36063936063936064,0.2727272727272727
dirichlet_balanced_090,A2_A3_extended_sensitivity,quality_direct,interaction_candidate,92,477,-0.05308877746827215,0.35535535535535534,0.3693693693693694
dirichlet_balanced_090,A2_A3_extended_sensitivity,quality_direct_and_near,ridge_v1.3,108,384,-0.09654697320176955,0.234,0.413
dirichlet_balanced_090,A2_A3_extended_sensitivity,quality_direct_and_near,interaction_candidate,108,384,-0.06709434781142481,0.234,0.413
dirichlet_balanced_091,A1_sample_primary,unconstrained,ridge_v1.3,512,136,-0.13851264793507734,0.22522522522522523,0.5685685685685684
dirichlet_balanced_091,A1_sample_primary,unconstrained,interaction_candidate,512,136,-0.10803276348877737,0.22522522522522523,0.5685685685685684
dirichlet_balanced_091,A1_sample_primary,quality_direct,ridge_v1.3,91,301,-0.0587606599510186,0.36063936063936064,0.2727272727272727
dirichlet_balanced_091,A1_sample_primary,quality_direct,interaction_candidate,91,301,-0.0400903261581504,0.36063936063936064,0.2727272727272727
dirichlet_balanced_091,A1_sample_primary,quality_direct_and_near,ridge_v1.3,108,384,-0.0974240524569204,0.234,0.413
dirichlet_balanced_091,A1_sample_primary,quality_direct_and_near,interaction_candidate,108,384,-0.07044524126073533,0.234,0.413
dirichlet_balanced_091,A2_A3_extended_sensitivity,unconstrained,ridge_v1.3,512,136,-0.13851264793507734,0.22522522522522523,0.5685685685685684
dirichlet_balanced_091,A2_A3_extended_sensitivity,unconstrained,interaction_candidate,512,136,-0.10803276348877737,0.22522522522522523,0.5685685685685684
dirichlet_balanced_091,A2_A3_extended_sensitivity,quality_direct,ridge_v1.3,92,301,-0.0587606599510186,0.36063936063936064,0.2727272727272727
dirichlet_balanced_091,A2_A3_extended_sensitivity,quality_direct,interaction_candidate,92,301,-0.0400903261581504,0.36063936063936064,0.2727272727272727
dirichlet_balanced_091,A2_A3_extended_sensitivity,quality_direct_and_near,ridge_v1.3,108,384,-0.0974240524569204,0.234,0.413
dirichlet_balanced_091,A2_A3_extended_sensitivity,quality_direct_and_near,interaction_candidate,108,384,-0.07044524126073533,0.234,0.413
dirichlet_balanced_092,A1_sample_primary,unconstrained,ridge_v1.3,512,136,-0.13401708371296764,0.22522522522522523,0.5685685685685684
dirichlet_balanced_092,A1_sample_primary,unconstrained,interaction_candidate,512,136,-0.09825529297822098,0.22522522522522523,0.5685685685685684
dirichlet_balanced_092,A1_sample_primary,quality_direct,ridge_v1.3,91,318,-0.06647382945120285,0.74,0.232
dirichlet_balanced_092,A1_sample_primary,quality_direct,interaction_candidate,91,477,-0.056951297765398506,0.35535535535535534,0.3693693693693694
dirichlet_balanced_092,A1_sample_primary,quality_direct_and_near,ridge_v1.3,108,172,-0.09198106454224916,0.32967032967032966,0.4185814185814186
dirichlet_balanced_092,A1_sample_primary,quality_direct_and_near,interaction_candidate,108,172,-0.06665884516693873,0.32967032967032966,0.4185814185814186
dirichlet_balanced_092,A2_A3_extended_sensitivity,unconstrained,ridge_v1.3,512,136,-0.13401708371296764,0.22522522522522523,0.5685685685685684
dirichlet_balanced_092,A2_A3_extended_sensitivity,unconstrained,interaction_candidate,512,136,-0.09825529297822098,0.22522522522522523,0.5685685685685684
dirichlet_balanced_092,A2_A3_extended_sensitivity,quality_direct,ridge_v1.3,92,318,-0.06647382945120285,0.74,0.232
dirichlet_balanced_092,A2_A3_extended_sensitivity,quality_direct,interaction_candidate,92,477,-0.056951297765398506,0.35535535535535534,0.3693693693693694
dirichlet_balanced_092,A2_A3_extended_sensitivity,quality_direct_and_near,ridge_v1.3,108,172,-0.09198106454224916,0.32967032967032966,0.4185814185814186
dirichlet_balanced_092,A2_A3_extended_sensitivity,quality_direct_and_near,interaction_candidate,108,172,-0.06665884516693873,0.32967032967032966,0.4185814185814186
dirichlet_balanced_093,A1_sample_primary,unconstrained,ridge_v1.3,512,136,-0.11404147996382924,0.22522522522522523,0.5685685685685684
dirichlet_balanced_093,A1_sample_primary,unconstrained,interaction_candidate,512,136,-0.08466316358384784,0.22522522522522523,0.5685685685685684
dirichlet_balanced_093,A1_sample_primary,quality_direct,ridge_v1.3,91,301,-0.06897362266748727,0.36063936063936064,0.2727272727272727
dirichlet_balanced_093,A1_sample_primary,quality_direct,interaction_candidate,91,301,-0.04759582213592133,0.36063936063936064,0.2727272727272727
dirichlet_balanced_093,A1_sample_primary,quality_direct_and_near,ridge_v1.3,108,384,-0.09446277672830698,0.234,0.413
dirichlet_balanced_093,A1_sample_primary,quality_direct_and_near,interaction_candidate,108,384,-0.06643081700016693,0.234,0.413
dirichlet_balanced_093,A2_A3_extended_sensitivity,unconstrained,ridge_v1.3,512,136,-0.11404147996382924,0.22522522522522523,0.5685685685685684
dirichlet_balanced_093,A2_A3_extended_sensitivity,unconstrained,interaction_candidate,512,136,-0.08466316358384784,0.22522522522522523,0.5685685685685684
dirichlet_balanced_093,A2_A3_extended_sensitivity,quality_direct,ridge_v1.3,92,301,-0.06897362266748727,0.36063936063936064,0.2727272727272727
dirichlet_balanced_093,A2_A3_extended_sensitivity,quality_direct,interaction_candidate,92,301,-0.04759582213592133,0.36063936063936064,0.2727272727272727
dirichlet_balanced_093,A2_A3_extended_sensitivity,quality_direct_and_near,ridge_v1.3,108,384,-0.09446277672830698,0.234,0.413
dirichlet_balanced_093,A2_A3_extended_sensitivity,quality_direct_and_near,interaction_candidate,108,384,-0.06643081700016693,0.234,0.413
dirichlet_balanced_094,A1_sample_primary,unconstrained,ridge_v1.3,512,136,-0.16031470660860858,0.22522522522522523,0.5685685685685684
dirichlet_balanced_094,A1_sample_primary,unconstrained,interaction_candidate,512,136,-0.12747907383023674,0.22522522522522523,0.5685685685685684
dirichlet_balanced_094,A1_sample_primary,quality_direct,ridge_v1.3,91,84,-0.06801686439766802,0.3546453546453547,0.2547452547452548
dirichlet_balanced_094,A1_sample_primary,quality_direct,interaction_candidate,91,477,-0.04728918429719119,0.35535535535535534,0.3693693693693694
dirichlet_balanced_094,A1_sample_primary,quality_direct_and_near,ridge_v1.3,108,68,-0.1080220320008702,0.445,0.33
dirichlet_balanced_094,A1_sample_primary,quality_direct_and_near,interaction_candidate,108,172,-0.06920147756313832,0.32967032967032966,0.4185814185814186
dirichlet_balanced_094,A2_A3_extended_sensitivity,unconstrained,ridge_v1.3,512,136,-0.16031470660860858,0.22522522522522523,0.5685685685685684
dirichlet_balanced_094,A2_A3_extended_sensitivity,unconstrained,interaction_candidate,512,136,-0.12747907383023674,0.22522522522522523,0.5685685685685684
dirichlet_balanced_094,A2_A3_extended_sensitivity,quality_direct,ridge_v1.3,92,84,-0.06801686439766802,0.3546453546453547,0.2547452547452548
dirichlet_balanced_094,A2_A3_extended_sensitivity,quality_direct,interaction_candidate,92,477,-0.04728918429719119,0.35535535535535534,0.3693693693693694
dirichlet_balanced_094,A2_A3_extended_sensitivity,quality_direct_and_near,ridge_v1.3,108,68,-0.1080220320008702,0.445,0.33
dirichlet_balanced_094,A2_A3_extended_sensitivity,quality_direct_and_near,interaction_candidate,108,172,-0.06920147756313832,0.32967032967032966,0.4185814185814186
dirichlet_balanced_095,A1_sample_primary,unconstrained,ridge_v1.3,512,136,-0.1223327678237153,0.22522522522522523,0.5685685685685684
dirichlet_balanced_095,A1_sample_primary,unconstrained,interaction_candidate,512,136,-0.09485456861716272,0.22522522522522523,0.5685685685685684
dirichlet_balanced_095,A1_sample_primary,quality_direct,ridge_v1.3,91,301,-0.06397165455036928,0.36063936063936064,0.2727272727272727
dirichlet_balanced_095,A1_sample_primary,quality_direct,interaction_candidate,91,301,-0.04782465015345745,0.36063936063936064,0.2727272727272727
dirichlet_balanced_095,A1_sample_primary,quality_direct_and_near,ridge_v1.3,108,172,-0.08889628489890765,0.32967032967032966,0.4185814185814186
dirichlet_balanced_095,A1_sample_primary,quality_direct_and_near,interaction_candidate,108,172,-0.06587921712180353,0.32967032967032966,0.4185814185814186
dirichlet_balanced_095,A2_A3_extended_sensitivity,unconstrained,ridge_v1.3,512,136,-0.1223327678237153,0.22522522522522523,0.5685685685685684
dirichlet_balanced_095,A2_A3_extended_sensitivity,unconstrained,interaction_candidate,512,136,-0.09485456861716272,0.22522522522522523,0.5685685685685684
dirichlet_balanced_095,A2_A3_extended_sensitivity,quality_direct,ridge_v1.3,92,301,-0.06397165455036928,0.36063936063936064,0.2727272727272727
dirichlet_balanced_095,A2_A3_extended_sensitivity,quality_direct,interaction_candidate,92,301,-0.04782465015345745,0.36063936063936064,0.2727272727272727
dirichlet_balanced_095,A2_A3_extended_sensitivity,quality_direct_and_near,ridge_v1.3,108,172,-0.08889628489890765,0.32967032967032966,0.4185814185814186
dirichlet_balanced_095,A2_A3_extended_sensitivity,quality_direct_and_near,interaction_candidate,108,172,-0.06587921712180353,0.32967032967032966,0.4185814185814186
dirichlet_balanced_096,A1_sample_primary,unconstrained,ridge_v1.3,512,136,-0.08006819757524151,0.22522522522522523,0.5685685685685684
dirichlet_balanced_096,A1_sample_primary,unconstrained,interaction_candidate,512,477,-0.0610045237501639,0.35535535535535534,0.3693693693693694
dirichlet_balanced_096,A1_sample_primary,quality_direct,ridge_v1.3,91,301,-0.05744471916184875,0.36063936063936064,0.2727272727272727
dirichlet_balanced_096,A1_sample_primary,quality_direct,interaction_candidate,91,477,-0.0610045237501639,0.35535535535535534,0.3693693693693694
dirichlet_balanced_096,A1_sample_primary,quality_direct_and_near,ridge_v1.3,108,384,-0.07484617663226936,0.234,0.413
dirichlet_balanced_096,A1_sample_primary,quality_direct_and_near,interaction_candidate,108,477,-0.0610045237501639,0.35535535535535534,0.3693693693693694
dirichlet_balanced_096,A2_A3_extended_sensitivity,unconstrained,ridge_v1.3,512,136,-0.08006819757524151,0.22522522522522523,0.5685685685685684
dirichlet_balanced_096,A2_A3_extended_sensitivity,unconstrained,interaction_candidate,512,477,-0.0610045237501639,0.35535535535535534,0.3693693693693694
dirichlet_balanced_096,A2_A3_extended_sensitivity,quality_direct,ridge_v1.3,92,301,-0.05744471916184875,0.36063936063936064,0.2727272727272727
dirichlet_balanced_096,A2_A3_extended_sensitivity,quality_direct,interaction_candidate,92,477,-0.0610045237501639,0.35535535535535534,0.3693693693693694
dirichlet_balanced_096,A2_A3_extended_sensitivity,quality_direct_and_near,ridge_v1.3,108,384,-0.07484617663226936,0.234,0.413
dirichlet_balanced_096,A2_A3_extended_sensitivity,quality_direct_and_near,interaction_candidate,108,477,-0.0610045237501639,0.35535535535535534,0.3693693693693694
dirichlet_balanced_097,A1_sample_primary,unconstrained,ridge_v1.3,512,136,-0.15288856571415166,0.22522522522522523,0.5685685685685684
dirichlet_balanced_097,A1_sample_primary,unconstrained,interaction_candidate,512,492,-0.12257651490166883,0.5470941883767535,0.9789579158316633
dirichlet_balanced_097,A1_sample_primary,quality_direct,ridge_v1.3,91,318,-0.06630209741917234,0.74,0.232
dirichlet_balanced_097,A1_sample_primary,quality_direct,interaction_candidate,91,475,-0.0420055302047779,0.4265734265734266,0.2267732267732268
dirichlet_balanced_097,A1_sample_primary,quality_direct_and_near,ridge_v1.3,108,68,-0.10824013134304039,0.445,0.33
dirichlet_balanced_097,A1_sample_primary,quality_direct_and_near,interaction_candidate,108,68,-0.06381645371350936,0.445,0.33
dirichlet_balanced_097,A2_A3_extended_sensitivity,unconstrained,ridge_v1.3,512,136,-0.15288856571415166,0.22522522522522523,0.5685685685685684
dirichlet_balanced_097,A2_A3_extended_sensitivity,unconstrained,interaction_candidate,512,492,-0.12257651490166883,0.5470941883767535,0.9789579158316633
dirichlet_balanced_097,A2_A3_extended_sensitivity,quality_direct,ridge_v1.3,92,318,-0.06630209741917234,0.74,0.232
dirichlet_balanced_097,A2_A3_extended_sensitivity,quality_direct,interaction_candidate,92,475,-0.0420055302047779,0.4265734265734266,0.2267732267732268
dirichlet_balanced_097,A2_A3_extended_sensitivity,quality_direct_and_near,ridge_v1.3,108,68,-0.10824013134304039,0.445,0.33
dirichlet_balanced_097,A2_A3_extended_sensitivity,quality_direct_and_near,interaction_candidate,108,68,-0.06381645371350936,0.445,0.33
dirichlet_balanced_098,A1_sample_primary,unconstrained,ridge_v1.3,512,136,-0.18702250450611738,0.22522522522522523,0.5685685685685684
dirichlet_balanced_098,A1_sample_primary,unconstrained,interaction_candidate,512,136,-0.15279160582256493,0.22522522522522523,0.5685685685685684
dirichlet_balanced_098,A1_sample_primary,quality_direct,ridge_v1.3,91,84,-0.07846187722102131,0.3546453546453547,0.2547452547452548
dirichlet_balanced_098,A1_sample_primary,quality_direct,interaction_candidate,91,301,-0.05712497309798269,0.36063936063936064,0.2727272727272727
dirichlet_balanced_098,A1_sample_primary,quality_direct_and_near,ridge_v1.3,108,68,-0.12902462052265468,0.445,0.33
dirichlet_balanced_098,A1_sample_primary,quality_direct_and_near,interaction_candidate,108,172,-0.08402083012797966,0.32967032967032966,0.4185814185814186
dirichlet_balanced_098,A2_A3_extended_sensitivity,unconstrained,ridge_v1.3,512,136,-0.18702250450611738,0.22522522522522523,0.5685685685685684
dirichlet_balanced_098,A2_A3_extended_sensitivity,unconstrained,interaction_candidate,512,136,-0.15279160582256493,0.22522522522522523,0.5685685685685684
dirichlet_balanced_098,A2_A3_extended_sensitivity,quality_direct,ridge_v1.3,92,84,-0.07846187722102131,0.3546453546453547,0.2547452547452548
dirichlet_balanced_098,A2_A3_extended_sensitivity,quality_direct,interaction_candidate,92,301,-0.05712497309798269,0.36063936063936064,0.2727272727272727
dirichlet_balanced_098,A2_A3_extended_sensitivity,quality_direct_and_near,ridge_v1.3,108,68,-0.12902462052265468,0.445,0.33
dirichlet_balanced_098,A2_A3_extended_sensitivity,quality_direct_and_near,interaction_candidate,108,172,-0.08402083012797966,0.32967032967032966,0.4185814185814186
dirichlet_balanced_099,A1_sample_primary,unconstrained,ridge_v1.3,512,136,-0.1079283039105078,0.22522522522522523,0.5685685685685684
dirichlet_balanced_099,A1_sample_primary,unconstrained,interaction_candidate,512,136,-0.07722004402551798,0.22522522522522523,0.5685685685685684
dirichlet_balanced_099,A1_sample_primary,quality_direct,ridge_v1.3,91,301,-0.06078379888699066,0.36063936063936064,0.2727272727272727
dirichlet_balanced_099,A1_sample_primary,quality_direct,interaction_candidate,91,477,-0.0453574225805853,0.35535535535535534,0.3693693693693694
dirichlet_balanced_099,A1_sample_primary,quality_direct_and_near,ridge_v1.3,108,384,-0.08158127652588461,0.234,0.413
dirichlet_balanced_099,A1_sample_primary,quality_direct_and_near,interaction_candidate,108,172,-0.05423088900768421,0.32967032967032966,0.4185814185814186
dirichlet_balanced_099,A2_A3_extended_sensitivity,unconstrained,ridge_v1.3,512,136,-0.1079283039105078,0.22522522522522523,0.5685685685685684
dirichlet_balanced_099,A2_A3_extended_sensitivity,unconstrained,interaction_candidate,512,136,-0.07722004402551798,0.22522522522522523,0.5685685685685684
dirichlet_balanced_099,A2_A3_extended_sensitivity,quality_direct,ridge_v1.3,92,301,-0.06078379888699066,0.36063936063936064,0.2727272727272727
dirichlet_balanced_099,A2_A3_extended_sensitivity,quality_direct,interaction_candidate,92,477,-0.0453574225805853,0.35535535535535534,0.3693693693693694
dirichlet_balanced_099,A2_A3_extended_sensitivity,quality_direct_and_near,ridge_v1.3,108,384,-0.08158127652588461,0.234,0.413
dirichlet_balanced_099,A2_A3_extended_sensitivity,quality_direct_and_near,interaction_candidate,108,172,-0.05423088900768421,0.32967032967032966,0.4185814185814186
