budget_FLOPs,context_tokens,quality_family,Q0_scenario,Q_B_proxy,Q_A_mapped,mapped_coverage,p_policy,quality_mapping_policy,recipe_index,cross_source_empirical_calibration_complete,Q1_p_source,uncertainty_scope,status,minimum_cost_FLOPs,N_params_B,D_tokens_B,B1_backbone_loss,v8_NDQ_proxy_loss,conditional_bridge_loss,Q1_weighted_effect,bridge_factor,C_train_FLOPs,C_attention_FLOPs,C_quality_FLOPs,C_total_FLOPs,budget_utilization,active_set,fixed_p_convex_lower_bound,fixed_p_convex_gap,fixed_p_logN_slope,numeric_certificate_kind
1e+19,2048,exponential,0.5,0.6713607648391644,1.6754490814383751,0.5814185814185814,observed_512,direct_and_near,172,False,CYJ_v8_Q1_v2_derived_policy,no_joint_A_B_or_bridge_interval,conditional_v8_fixed_policy_feasible,8.128680745659087e+18,0.09973756999408563,10.0,3.1159696629361617,3.2957467966561094,3.081021893272243,-0.06737146220598264,0.9348478761773423,5.984254199645138e+18,4.085250866957747e+17,3.607220713659088e+18,1e+19,1.0,D_min;budget,3.081021893272243,0.0,-0.16395772616634527,convex_logN_reduction_floating_point
1.0746078283213175e+19,2048,exponential,0.5,0.6713607648391644,1.6754490814383751,0.5814185814185814,observed_512,direct_and_near,172,False,CYJ_v8_Q1_v2_derived_policy,no_joint_A_B_or_bridge_interval,conditional_v8_fixed_policy_feasible,8.128680745659087e+18,0.11137758314955826,10.000000000000002,3.0874214102262365,3.264981516128292,3.0522610361108127,-0.06737146220598264,0.9348478761773423,6.682654988973496e+18,4.562025805805907e+17,3.607220713659089e+18,1.0746078283213177e+19,1.0000000000000002,D_min;budget,3.0522610361108127,0.0,-0.14956482945528027,convex_logN_reduction_floating_point
1.1547819846894582e+19,2048,exponential,0.5,0.6713607648391644,1.6754490814383751,0.5814185814185814,observed_512,direct_and_near,172,False,CYJ_v8_Q1_v2_derived_policy,no_joint_A_B_or_bridge_interval,conditional_v8_fixed_policy_feasible,8.128680745659087e+18,0.12388603240819228,10.000000000000002,3.0608903669669174,3.2363127330477814,3.0254600851354088,-0.06737146220598264,0.9348478761773423,7.433161944491538e+18,5.074371887439557e+17,3.607220713659089e+18,1.1547819846894582e+19,1.0,D_min;budget,3.0254600851354088,0.0,-0.13618315693568486,convex_logN_reduction_floating_point
1.2409377607517196e+19,2048,exponential,0.5,0.6713607648391644,1.6754490814383751,0.5814185814185814,observed_512,direct_and_near,172,False,CYJ_v8_Q1_v2_derived_policy,no_joint_A_B_or_bridge_interval,conditional_v8_fixed_policy_feasible,8.128680745659087e+18,0.13732770990168044,10.0,3.03611198073015,3.209465455657368,3.000361964885837,-0.06737146220598264,0.9348478761773423,8.239662594100827e+18,5.6249429975728314e+17,3.607220713659088e+18,1.2409377607517196e+19,1.0,D_min;budget,3.000361964885837,0.0,-0.12370017261471816,convex_logN_reduction_floating_point
1.3335214321633241e+19,2048,exponential,0.5,0.6713607648391644,1.6754490814383751,0.5814185814185814,observed_512,direct_and_near,172,False,CYJ_v8_Q1_v2_derived_policy,no_joint_A_B_or_bridge_interval,conditional_v8_fixed_policy_feasible,8.128680745659087e+18,0.15177224176195322,10.0,3.0128707301019544,3.1842155116441453,2.9767571083514786,-0.06737146220598264,0.9348478761773423,9.106334505717193e+18,6.216591022569604e+17,3.607220713659088e+18,1.3335214321633243e+19,1.0000000000000002,D_min;budget,2.9767571083514786,0.0,-0.11202157884778088,convex_logN_reduction_floating_point
1.4330125702369628e+19,2048,exponential,0.5,0.6713607648391644,1.6754490814383751,0.5814185814185814,observed_512,direct_and_near,172,False,CYJ_v8_Q1_v2_derived_policy,no_joint_A_B_or_bridge_interval,conditional_v8_fixed_policy_feasible,8.128680745659087e+18,0.167294448775439,10.000000000000002,2.9909888920562424,3.160377932382091,2.9544725980051383,-0.06737146220598264,0.9348478761773423,1.0037666926526341e+19,6.852380621841983e+17,3.607220713659089e+18,1.4330125702369628e+19,1.0,D_min;budget,2.9544725980051383,0.0,-0.10106738851031236,convex_logN_reduction_floating_point
1.539926526059492e+19,2048,exponential,0.5,0.6713607648391644,1.6754490814383751,0.5814185814185814,observed_512,direct_and_near,172,False,CYJ_v8_Q1_v2_derived_policy,no_joint_A_B_or_bridge_interval,conditional_v8_fixed_policy_feasible,8.128680745659087e+18,0.1839747339449549,10.000000000000002,2.970318320878536,3.137798446217124,2.933364213318643,-0.06737146220598264,0.9348478761773423,1.1038484036697297e+19,7.535605102385353e+17,3.607220713659089e+18,1.539926526059492e+19,1.0,D_min;budget,2.933364213318643,0.0,-0.09076902861330013,convex_logN_reduction_floating_point
1.6548170999431815e+19,2048,exponential,0.5,0.6713607648391644,1.6754490814383751,0.5814185814185814,observed_512,direct_and_near,172,False,CYJ_v8_Q1_v2_derived_policy,no_joint_A_B_or_bridge_interval,conditional_v8_fixed_policy_feasible,8.128680745659087e+18,0.20189949896674875,10.0,2.950734324603905,3.1163471384135706,2.913310503777265,-0.06737146220598264,0.9348478761773423,1.2113969938004926e+19,8.269803477678029e+17,3.607220713659088e+18,1.6548170999431815e+19,1.0,D_min;budget,2.913310503777265,0.0,-0.08106716407877032,convex_logN_reduction_floating_point
1.7782794100389229e+19,2048,exponential,0.5,0.6713607648391644,1.6754490814383751,0.5814185814185814,observed_512,direct_and_near,172,False,CYJ_v8_Q1_v2_derived_policy,no_joint_A_B_or_bridge_interval,conditional_v8_fixed_policy_feasible,8.128680745659087e+18,0.22116159177998845,10.0,2.932131031714701,3.0959136513343264,2.894208301778336,-0.06737146220598264,0.9348478761773423,1.3269695506799307e+19,9.058778799308326e+17,3.607220713659088e+18,1.7782794100389229e+19,1.0,D_min;budget,2.894208301778336,0.0,-0.07191003472913143,convex_logN_reduction_floating_point
1.9109529749704405e+19,2048,exponential,0.5,0.6713607648391644,1.6754490814383751,0.5814185814185814,observed_512,direct_and_near,172,False,CYJ_v8_Q1_v2_derived_policy,no_joint_A_B_or_bridge_interval,conditional_v8_fixed_policy_feasible,8.128680745659087e+18,0.24186078750694767,10.0,2.914417835681318,3.076403499194195,2.8759692774862375,-0.06737146220598264,0.9348478761773423,1.4511647250416861e+19,9.906617856284576e+17,3.607220713659088e+18,1.9109529749704405e+19,1.0,D_min;budget,2.8759692774862375,0.0,-0.06325216482011325,convex_logN_reduction_floating_point
2.053525026457146e+19,2048,exponential,0.5,0.6713607648391644,1.6754490814383751,0.5814185814185814,observed_512,direct_and_near,172,False,CYJ_v8_Q1_v2_derived_policy,no_joint_A_B_or_bridge_interval,conditional_v8_fixed_policy_feasible,8.128680745659087e+18,0.2641043052750932,10.0,2.897516631669324,3.0577352023882853,2.8585172598653847,-0.06737146220598264,0.9348478761773423,1.5846258316505592e+19,1.0817712344067817e+18,3.607220713659088e+18,2.053525026457146e+19,1.0,D_min;budget,2.8585172598653847,0.0,-0.05505334756841124,convex_logN_reduction_floating_point
2.2067340690845897e+19,2048,exponential,0.5,0.6713607648391644,1.6754490814383751,0.5814185814185814,observed_512,direct_and_near,172,False,CYJ_v8_Q1_v2_derived_policy,no_joint_A_B_or_bridge_interval,conditional_v8_fixed_policy_feasible,8.128680745659087e+18,0.28800736359814666,10.0,2.881359643972368,3.03983803328182,2.8417861293366187,-0.06737146220598264,0.9348478761773423,1.7280441815888798e+19,1.1796781612980086e+18,3.607220713659088e+18,2.2067340690845897e+19,1.0,D_min;budget,2.8417861293366187,0.0,-0.047277835793521156,convex_logN_reduction_floating_point
2.3713737056616554e+19,2048,exponential,0.5,0.6713607648391644,1.6754490814383751,0.5814185814185814,observed_512,direct_and_near,172,False,CYJ_v8_Q1_v2_derived_policy,no_joint_A_B_or_bridge_interval,conditional_v8_fixed_policy_feasible,8.128680745659087e+18,0.3136937771929211,10.0,2.865887699815296,3.022650224254714,2.825718142571487,-0.06737146220598264,0.9348478761773423,1.8821626631575265e+19,1.284889711382205e+18,3.607220713659088e+18,2.371373705661656e+19,1.0000000000000002,D_min;budget,2.825718142571487,0.0,-0.039893689228679585,convex_logN_reduction_floating_point
2.5482967479793463e+19,2048,exponential,0.5,0.6713607648391644,1.6754490814383751,0.5814185814185814,observed_512,direct_and_near,172,False,CYJ_v8_Q1_v2_derived_policy,no_joint_A_B_or_bridge_interval,conditional_v8_fixed_policy_feasible,8.128680745659087e+18,0.3412965983233646,10.0,2.851048844546393,3.006117529443506,2.810262587939741,-0.06737146220598264,0.9348478761773423,2.0477795899401875e+19,1.3979508667325015e+18,3.607220713659088e+18,2.5482967479793467e+19,1.0000000000000002,D_min;budget,2.810262587939741,0.0,-0.03287224246799922,convex_logN_reduction_floating_point
2.7384196342643614e+19,2048,exponential,0.5,0.6713607648391644,1.6754490814383751,0.5814185814185814,observed_512,direct_and_near,172,False,CYJ_v8_Q1_v2_derived_policy,no_joint_A_B_or_bridge_interval,conditional_v8_fixed_policy_feasible,8.128680745659087e+18,0.37095880599389236,10.0,2.836797220837208,2.9901920601285106,2.79537469677349,-0.06737146220598264,0.9348478761773423,2.2257528359633543e+19,1.5194472693509832e+18,3.607220713659088e+18,2.7384196342643614e+19,1.0,D_min;budget,2.79537469677349,0.0,-0.02618766692398819,convex_logN_reduction_floating_point
2.942727176209282e+19,2048,exponential,0.5,0.6713607648391644,1.6754490814383751,0.5814185814185814,observed_512,direct_and_near,172,False,CYJ_v8_Q1_v2_derived_policy,no_joint_A_B_or_bridge_interval,conditional_v8_fixed_policy_feasible,8.128680745659087e+18,0.4028340465619341,10.0,2.8230921541418903,2.9748313340003003,2.781014754575991,-0.06737146220598264,0.9348478761773423,2.4170042793716044e+19,1.6500082547176822e+18,3.607220713659088e+18,2.942727176209282e+19,1.0,D_min;budget,2.781014754575991,0.0,-0.019816606866774694,convex_logN_reduction_floating_point
3.162277660168379e+19,2048,exponential,0.5,0.6713607648391644,1.6754490814383751,0.5814185814185814,observed_512,direct_and_near,172,False,CYJ_v8_Q1_v2_derived_policy,no_joint_A_B_or_bridge_interval,conditional_v8_fixed_policy_feasible,8.128680745659087e+18,0.437087429605977,10.0,2.8098974008255584,2.959997493173752,2.7671473699837397,-0.06737146220598264,0.9348478761773423,2.622524577635862e+19,1.7903101116660818e+18,3.607220713659088e+18,3.162277660168379e+19,1.0,D_min;budget,2.7671473699837397,0.0,-0.01373787445021385,convex_logN_reduction_floating_point
3.3982083289425592e+19,2048,exponential,0.5,0.6713607648391644,1.6754490814383751,0.5814185814185814,observed_512,direct_and_near,172,False,CYJ_v8_Q1_v2_derived_policy,no_joint_A_B_or_bridge_interval,conditional_v8_fixed_policy_feasible,8.128680745659087e+18,0.4738963831715942,10.0,2.797180525708775,2.9456566565076,2.753740869283781,-0.06737146220598264,0.9348478761773423,2.8433782990295654e+19,1.94107958547085e+18,3.607220713659088e+18,3.3982083289425592e+19,1.0,D_min;budget,2.753740869283781,0.0,-0.0079321921637521,convex_logN_reduction_floating_point
3.651741272548377e+19,2048,exponential,0.5,0.6713607648391644,1.6754490814383751,0.5814185814185814,observed_512,direct_and_near,172,False,CYJ_v8_Q1_v2_derived_policy,no_joint_A_B_or_bridge_interval,conditional_v8_fixed_policy_feasible,8.128680745659087e+18,0.5134515728255223,10.0,2.7849123834115894,2.931778379686904,2.7407667916729523,-0.06737146220598264,0.9348478761773423,3.080709436953134e+19,2.1030976422933396e+18,3.607220713659088e+18,3.651741272548377e+19,1.0,D_min;budget,2.7407667916729523,0.0,-0.0023819737629219573,convex_logN_reduction_floating_point
3.924189758484536e+19,2048,exponential,0.5,0.6713607648391644,1.6754490814383751,0.5814185814185814,observed_512,direct_and_near,172,False,CYJ_v8_Q1_v2_derived_policy,no_joint_A_B_or_bridge_interval,conditional_v8_fixed_policy_feasible,8.128680745659087e+18,0.5410474878578717,10.249619204068845,2.772602071471524,2.9182953784132657,2.728162236567795,-0.06737146220598264,0.9348478761773423,3.327318433116748e+19,2.2714493836743667e+18,3.6972638700035113e+18,3.924189758484536e+19,1.0,budget,2.728162236567795,0.0,-5.551115123125783e-17,convex_logN_reduction_floating_point
4.216965034285823e+19,2048,exponential,0.5,0.6713607648391644,1.6754490814383751,0.5814185814185814,observed_512,direct_and_near,172,False,CYJ_v8_Q1_v2_derived_policy,no_joint_A_B_or_bridge_interval,conditional_v8_fixed_policy_feasible,8.128680745659087e+18,0.5578957637402528,10.7121716949927,2.7601391428413597,2.9049995214006534,2.7157326328775966,-0.06737146220598264,0.9348478761773423,3.5857651254568026e+19,2.447882325645177e+18,3.864116762645025e+18,4.216965034285822e+19,0.9999999999999998,budget,2.7157326328775966,0.0,-5.551115123125783e-17,convex_logN_reduction_floating_point
4.531583637600818e+19,2048,exponential,0.5,0.6713607648391644,1.6754490814383751,0.5814185814185814,observed_512,direct_and_near,172,False,CYJ_v8_Q1_v2_derived_policy,no_joint_A_B_or_bridge_interval,conditional_v8_fixed_policy_feasible,8.128680745659087e+18,0.575327049236642,11.193688057951741,2.74783601575582,2.891862267863368,2.7034512993094624,-0.06737146220598264,0.9348478761773423,3.864018912274088e+19,2.637836910779111e+18,4.037810342488189e+18,4.531583637600817e+19,0.9999999999999998,budget,2.7034512993094624,0.0,-2.7755575615628914e-17,convex_logN_reduction_floating_point
4.869675251658631e+19,2048,exponential,0.5,0.6713607648391644,1.6754490814383751,0.5814185814185814,observed_512,direct_and_near,172,False,CYJ_v8_Q1_v2_derived_policy,no_joint_A_B_or_bridge_interval,conditional_v8_fixed_policy_feasible,8.128680745659087e+18,0.5933625338222978,11.694877750846151,2.7356901367635937,2.8788810747334774,2.6913158584817363,-0.06737146220598264,0.9348478761773423,4.163581376990452e+19,2.8423382200254817e+18,4.2186005266563046e+18,4.869675251658631e+19,1.0,budget,2.6913158584817363,0.0,-8.326672684688674e-17,convex_logN_reduction_floating_point
5.2329911468149465e+19,2048,exponential,0.5,0.6713607648391644,1.6754490814383751,0.5814185814185814,observed_512,direct_and_near,172,False,CYJ_v8_Q1_v2_derived_policy,no_joint_A_B_or_bridge_interval,conditional_v8_fixed_policy_feasible,8.128680745659087e+18,0.612024193266127,12.216475324249735,2.7236990056013775,2.8660534522262897,2.679323982824487,-0.06737146220598264,0.9348478761773423,4.486067072927695e+19,3.06248845511864e+18,4.406752283753877e+18,5.232991146814946e+19,0.9999999999999999,budget,2.679323982824487,0.0,-5.551115123125783e-17,convex_logN_reduction_floating_point
5.6234132519034905e+19,2048,exponential,0.5,0.6713607648391644,1.6754490814383751,0.5814185814185814,observed_512,direct_and_near,172,False,CYJ_v8_Q1_v2_derived_policy,no_joint_A_B_or_bridge_interval,conditional_v8_fixed_policy_feasible,8.128680745659087e+18,0.6313348195170263,12.75924130802021,2.7118601739874535,2.853376962618045,2.6674733934368353,-0.06737146220598264,0.9348478761773423,4.8332119850238755e+19,3.2994727151096325e+18,4.602539953686518e+18,5.6234132519034905e+19,1.0,budget,2.667473393436836,-8.303117093232103e-16,2.7755575615628914e-17,convex_logN_reduction_floating_point
6.042963902381328e+19,2048,exponential,0.5,0.6713607648391644,1.6754490814383751,0.5814185814185814,observed_512,direct_and_near,172,False,CYJ_v8_Q1_v2_derived_policy,no_joint_A_B_or_bridge_interval,conditional_v8_fixed_policy_feasible,8.128680745659087e+18,0.6513180517788795,13.32396312841433,2.7001712444370165,2.8408492190454853,2.6557618589647336,-0.06737146220598264,0.9348478761773423,5.2068826240634675e+19,3.554565204693994e+18,4.806247578484612e+18,6.042963902381328e+19,1.0,budget,2.6557618589647336,0.0,-2.7755575615628914e-17,convex_logN_reduction_floating_point
6.493816315762113e+19,2048,exponential,0.5,0.6713607648391644,1.6754490814383751,0.5814185814185814,observed_512,direct_and_near,172,False,CYJ_v8_Q1_v2_derived_policy,no_joint_A_B_or_bridge_interval,conditional_v8_fixed_policy_feasible,8.128680745659087e+18,0.6719984088238673,13.911456056562361,2.6886298690990937,2.828467884327183,2.6441871944990876,-0.06737146220598264,0.9348478761773423,5.609085800659835e+19,3.8291359065837804e+18,5.018169244438992e+18,6.493816315762113e+19,1.0,budget,2.6441871944990876,0.0,-5.551115123125783e-17,convex_logN_reduction_floating_point
6.978305848598663e+19,2048,exponential,0.5,0.6713607648391644,1.6754490814383751,0.5814185814185814,observed_512,direct_and_near,172,False,CYJ_v8_Q1_v2_derived_policy,no_joint_A_B_or_bridge_interval,conditional_v8_fixed_policy_feasible,8.128680745659087e+18,0.6934013225958683,14.522564189175005,2.6772337486149307,2.816230669806545,2.632747260494143,-0.06737146220598264,0.9348478761773423,6.041979129754405e+19,4.1246577525790075e+18,5.238609435863578e+18,6.978305848598664e+19,1.0000000000000002,budget,2.632747260494143,0.0,-5.551115123125783e-17,convex_logN_reduction_floating_point
7.498942093324558e+19,2048,exponential,0.5,0.6713607648391644,1.6754490814383751,0.5814185814185814,observed_512,direct_and_near,172,False,CYJ_v8_Q1_v2_derived_policy,no_joint_A_B_or_bridge_interval,conditional_v8_fixed_policy_feasible,8.128680745659087e+18,0.7155531731579656,15.158161462374839,2.6659806309976997,2.804135334216367,2.6214399617060127,-0.06737146220598264,0.9348478761773423,6.5078823201858626e+19,4.4427143305802153e+18,5.467883400806745e+18,7.498942093324558e+19,1.0,budget,2.6214399617060127,0.0,-2.7755575615628914e-17,convex_logN_reduction_floating_point
8.058421877614818e+19,2048,exponential,0.5,0.6713607648391644,1.6754490814383751,0.5814185814185814,observed_512,direct_and_near,172,False,CYJ_v8_Q1_v2_derived_policy,no_joint_A_B_or_bridge_interval,conditional_v8_fixed_policy_feasible,8.128680745659087e+18,0.7384813250403975,15.819152699564393,2.654868310533382,2.7921796825648384,2.610263246151265,-0.06737146220598264,0.9348478761773423,7.009289307954417e+19,4.785008167563549e+18,5.706317529040476e+18,8.058421877614818e+19,1.0,budget,2.610263246151265,0.0,-2.7755575615628914e-17,convex_logN_reduction_floating_point
8.659643233600653e+19,2048,exponential,0.5,0.6713607648391644,1.6754490814383751,0.5814185814185814,observed_512,direct_and_near,172,False,CYJ_v8_Q1_v2_derived_policy,no_joint_A_B_or_bridge_interval,conditional_v8_fixed_policy_feasible,8.128680745659087e+18,0.762214165047709,16.506474694263712,2.6438946267026955,2.780361565042884,2.599215104085452,-0.06737146220598264,0.9348478761773423,7.548881296181612e+19,5.153369631526648e+18,5.954249742663762e+18,8.659643233600653e+19,1.0,budget,2.599215104085452,0.0,-2.7755575615628914e-17,convex_logN_reduction_floating_point
9.30572040929699e+19,2048,exponential,0.5,0.6713607648391644,1.6754490814383751,0.5814185814185814,observed_512,direct_and_near,172,False,CYJ_v8_Q1_v2_derived_policy,no_joint_A_B_or_bridge_interval,conditional_v8_fixed_policy_feasible,8.128680745659087e+18,0.7867811415864178,17.221097328871473,2.6330574631239223,2.7686788759527357,2.5882935670014864,-0.06737146220598264,0.9348478761773423,8.129540769468185e+19,5.549766498623614e+18,6.212029899664437e+18,9.30572040929699e+19,1.0,budget,2.5882935670014864,0.0,-2.7755575615628914e-17,convex_logN_reduction_floating_point
1e+20,2048,exponential,0.5,0.6713607648391644,1.6754490814383751,0.5814185814185814,observed_512,direct_and_near,172,False,CYJ_v8_Q1_v2_derived_policy,no_joint_A_B_or_bridge_interval,conditional_v8_fixed_policy_feasible,8.128680745659087e+18,0.8122128055771555,17.964024730325786,2.622354746516489,2.757129552657604,2.577496706647747,-0.06737146220598264,0.9348478761773423,8.754366555405186e+19,5.976314235156607e+18,6.480020210791528e+18,1e+20,1.0,budget,2.577496706647747,0.0,-2.7755575615628914e-17,convex_logN_reduction_floating_point
1.0746078283213175e+20,2048,exponential,0.5,0.6713607648391644,1.6754490814383751,0.5814185814185814,observed_512,direct_and_near,172,False,CYJ_v8_Q1_v2_derived_policy,no_joint_A_B_or_bridge_interval,conditional_v8_fixed_policy_feasible,8.128680745659087e+18,0.838540853018028,18.736296463663603,2.6117844456851573,2.745711574552333,2.5668226340657947,-0.06737146220598264,0.9348478761773423,9.426690011423483e+19,6.435287047798433e+18,6.758595670098487e+18,1.0746078283213175e+20,1.0,budget,2.5668226340657947,0.0,-5.551115123125783e-17,convex_logN_reduction_floating_point
1.1547819846894582e+20,2048,exponential,0.5,0.6713607648391644,1.6754490814383751,0.5814185814185814,observed_512,direct_and_near,172,False,CYJ_v8_Q1_v2_derived_policy,no_joint_A_B_or_bridge_interval,conditional_v8_fixed_policy_feasible,8.128680745659087e+18,0.8657981692688427,19.53898876450088,2.601344570524663,2.7344229620549023,2.556269498647583,-0.06737146220598264,0.9348478761773423,1.0150092421001608e+20,6.929129759403765e+18,7.048144499525976e+18,1.1547819846894582e+20,1.0,budget,2.5562694986475836,-4.1515585466160513e-16,-2.7755575615628914e-17,convex_logN_reduction_floating_point
1.2409377607517195e+20,2048,exponential,0.5,0.6713607648391644,1.6754490814383751,0.5814185814185814,observed_512,direct_and_near,172,False,CYJ_v8_Q1_v2_derived_policy,no_joint_A_B_or_bridge_interval,conditional_v8_fixed_policy_feasible,8.128680745659087e+18,0.8940188751288931,20.373215811479618,2.5910331710446664,2.723261775618649,2.545835487212032,-0.06737146220598264,0.9348478761773423,1.0928423689522312e+20,7.460470572047232e+18,7.349068607901612e+18,1.2409377607517195e+20,1.0,budget,2.545835487212032,0.0,-2.7755575615628914e-17,convex_logN_reduction_floating_point
1.333521432163324e+20,2048,exponential,0.5,0.6713607648391644,1.6754490814383751,0.5814185814185814,observed_512,direct_and_near,172,False,CYJ_v8_Q1_v2_derived_policy,no_joint_A_B_or_bridge_interval,conditional_v8_fixed_policy_feasible,8.128680745659087e+18,0.9232383747841815,21.240131039752203,2.5808483364148302,2.712226114765046,2.535518823100828,-0.06737146220598264,0.9348478761773423,1.1765822436806322e+20,8.032134783526449e+18,7.661784064742749e+18,1.3335214321633242e+20,1.0000000000000002,budget,2.535518823100828,0.0,-5.551115123125783e-17,convex_logN_reduction_floating_point
1.4330125702369627e+20,2048,exponential,0.5,0.6713607648391644,1.6754490814383751,0.5814185814185814,observed_512,direct_and_near,172,False,CYJ_v8_Q1_v2_derived_policy,no_joint_A_B_or_bridge_interval,conditional_v8_fixed_policy_feasible,8.128680745659087e+18,0.9534934057032737,22.140928496598708,2.570788194029878,2.7013141171369073,2.5253177652933103,-0.06737146220598264,0.9348478761773423,1.2666737590592738e+20,8.647159528511311e+18,7.986721589257563e+18,1.4330125702369627e+20,1.0,budget,2.5253177652933103,0.0,-2.7755575615628914e-17,convex_logN_reduction_floating_point
1.539926526059492e+20,2048,exponential,0.5,0.6713607648391644,1.6754490814383751,0.5814185814185814,observed_512,direct_and_near,172,False,CYJ_v8_Q1_v2_derived_policy,no_joint_A_B_or_bridge_interval,conditional_v8_fixed_policy_feasible,8.128680745659087e+18,0.9848220905644778,23.076844240298172,2.5608509085944458,2.6905239575718367,2.5152306075402895,-0.06737146220598264,0.9348478761773423,1.3635951593016764e+20,9.308809620832778e+18,8.324327054948798e+18,1.539926526059492e+20,1.0,budget,2.5152306075402895,0.0,-2.7755575615628914e-17,convex_logN_reduction_floating_point
1.6548170999431814e+20,2048,exponential,0.5,0.6713607648391644,1.6754490814383751,0.5814185814185814,observed_512,direct_and_near,172,False,CYJ_v8_Q1_v2_derived_policy,no_joint_A_B_or_bridge_interval,conditional_v8_fixed_policy_feasible,8.128680745659087e+18,1.017263991300695,24.049157783400286,2.5510346812275606,2.679853847195773,2.5052556775166486,-0.06737146220598264,0.9348478761773423,1.4678605340497168e+20,1.0020594579112733e+19,8.675062010233719e+18,1.6548170999431814e+20,1.0,budget,2.5052556775166486,0.0,-2.7755575615628914e-17,convex_logN_reduction_floating_point
1.778279410038923e+20,2048,exponential,0.5,0.6713607648391644,1.6754490814383751,0.5814185814185814,observed_512,direct_and_near,172,False,CYJ_v8_Q1_v2_derived_policy,no_joint_A_B_or_bridge_interval,conditional_v8_fixed_policy_feasible,8.128680745659087e+18,1.0508601653520935,25.059193581570852,2.541337748586551,2.669302032536435,2.4953913359925495,-0.06737146220598264,0.9348478761773423,1.58002249864318e+20,1.0786286924070775e+19,9.039404215503525e+18,1.778279410038923e+20,1.0,budget,2.4953913359925495,0.0,-2.7755575615628914e-17,convex_logN_reduction_floating_point
1.9109529749704406e+20,2048,exponential,0.5,0.6713607648391644,1.6754490814383751,0.5814185814185814,observed_512,direct_and_near,172,False,CYJ_v8_Q1_v2_derived_policy,no_joint_A_B_or_bridge_interval,conditional_v8_fixed_policy_feasible,8.128680745659087e+18,1.0856532242207606,26.1083225692104,2.5317583820102034,2.658866794656493,2.48563597602308,-0.06737146220598264,0.9348478761773423,1.7006750745755353e+20,1.1609941842435656e+19,9.417848197054882e+18,1.910952974970441e+20,1.0000000000000002,budget,2.48563597602308,0.0,-2.7755575615628914e-17,convex_logN_reduction_floating_point
2.053525026457146e+20,2048,exponential,0.5,0.6713607648391644,1.6754490814383751,0.5814185814185814,observed_512,direct_and_near,172,False,CYJ_v8_Q1_v2_derived_policy,no_joint_A_B_or_bridge_interval,conditional_v8_fixed_policy_feasible,8.128680745659087e+18,1.121687394425695,27.197963743072005,2.5222948866809642,2.6485464483062664,2.4759880221561565,-0.06737146220598264,0.9348478761773423,1.8304567850790578e+20,1.2495918319473035e+19,9.81090581833582e+18,2.053525026457146e+20,1.0,budget,2.4759880221561565,0.0,-2.7755575615628914e-17,convex_logN_reduction_floating_point
2.20673406908459e+20,2048,exponential,0.5,0.6713607648391644,1.6754490814383751,0.5814185814185814,observed_512,direct_and_near,172,False,CYJ_v8_Q1_v2_derived_policy,no_joint_A_B_or_bridge_interval,conditional_v8_fixed_policy_feasible,8.128680745659087e+18,1.1590085809608668,28.329585795131578,2.5129456008059816,2.638339341095746,2.466445929658487,-0.06737146220598264,0.9348478761773423,1.9700539818974747e+20,1.3448901849753426e+19,1.021910686895809e+19,2.2067340690845902e+20,1.0000000000000002,budget,2.466445929658487,0.0,-2.7755575615628914e-17,convex_logN_reduction_floating_point
2.3713737056616553e+20,2048,exponential,0.5,0.6713607648391644,1.6754490814383751,0.5814185814185814,observed_512,direct_and_near,172,False,CYJ_v8_Q1_v2_derived_policy,no_joint_A_B_or_bridge_interval,conditional_v8_fixed_policy_feasible,8.128680745659087e+18,1.1976644333636703,29.504708795990883,2.5037088948167767,2.6282438526857264,2.457008183759407,-0.06737146220598264,0.9348478761773423,2.1202044205026312e+20,1.447392884396463e+19,1.064299967193778e+19,2.3713737056616556e+20,1.0000000000000002,budget,2.457008183759407,0.0,-2.7755575615628914e-17,convex_logN_reduction_floating_point
2.5482967479793464e+20,2048,exponential,0.5,0.6713607648391644,1.6754490814383751,0.5814185814185814,observed_512,direct_and_near,172,False,CYJ_v8_Q1_v2_derived_policy,no_joint_A_B_or_bridge_interval,conditional_v8_fixed_policy_feasible,8.128680745659087e+18,1.2377044145059237,30.72490593012038,2.494583170587326,2.6182583939978334,2.447673298912374,-0.06737146220598264,0.9348478761773423,2.2817011022993536e+20,1.5576412858363589e+19,1.1083151709635717e+19,2.5482967479793464e+20,1.0,budget,2.447673298912374,0.0,-2.7755575615628914e-17,convex_logN_reduction_floating_point
2.7384196342643612e+20,2048,exponential,0.5,0.6713607648391644,1.6754490814383751,0.5814185814185814,observed_512,direct_and_near,172,False,CYJ_v8_Q1_v2_derived_policy,no_joint_A_B_or_bridge_interval,conditional_v8_fixed_policy_feasible,8.128680745659087e+18,1.2791798722245948,31.99180528427628,2.485566860670321,2.6083814064432103,2.4384398180739044,-0.06737146220598264,0.9348478761773423,2.4553964037464788e+20,1.6762172782909297e+19,1.1540150268878967e+19,2.7384196342643615e+20,1.0000000000000002,budget,2.438439818073905,-4.1515585466160513e-16,0.0,convex_logN_reduction_floating_point
2.942727176209282e+20,2048,exponential,0.5,0.6713607648391644,1.6754490814383751,0.5814185814185814,observed_512,direct_and_near,172,False,CYJ_v8_Q1_v2_derived_policy,no_joint_A_B_or_bridge_interval,conditional_v8_fixed_policy_feasible,8.128680745659087e+18,1.3221441139147259,33.30709169045312,2.4766584275513934,2.5986113611696364,2.4293063119997473,-0.06737146220598264,0.9348478761773423,2.6422065138090403e+20,1.8037463134269714e+19,1.20146031057545e+19,2.9427271762092825e+20,1.0000000000000002,budget,2.4293063119997473,0.0,-2.7755575615628914e-17,convex_logN_reduction_floating_point
3.1622776601683794e+20,2048,exponential,0.5,0.6713607648391644,1.6754490814383751,0.5814185814185814,observed_512,direct_and_near,172,False,CYJ_v8_Q1_v2_derived_policy,no_joint_A_B_or_bridge_interval,conditional_v8_fixed_policy_feasible,8.128680745659087e+18,1.3666524842125507,34.67250862476018,2.4678563629210393,2.588946758326822,2.420271378558045,-0.06737146220598264,0.9348478761773423,2.843116202754575e+20,1.9409006610804564e+19,1.250713913057583e+19,3.162277660168379e+20,0.9999999999999998,budget,2.420271378558045,0.0,-2.7755575615628914e-17,convex_logN_reduction_floating_point
3.3982083289425596e+20,2048,exponential,0.5,0.6713607648391644,1.6754490814383751,0.5814185814185814,observed_512,direct_and_near,172,False,CYJ_v8_Q1_v2_derived_policy,no_joint_A_B_or_bridge_interval,conditional_v8_fixed_policy_feasible,8.128680745659087e+18,1.4127624459026251,36.0898601636362,2.4591591869640244,2.579386126349639,2.411333642059262,-0.06737146220598264,0.9348478761773423,3.059183947023744e+20,2.0884029078348755e+19,1.3018409113532848e+19,3.3982083289425596e+20,1.0,budget,2.411333642059262,0.0,-2.7755575615628914e-17,convex_logN_reduction_floating_point
3.651741272548377e+20,2048,exponential,0.5,0.6713607648391644,1.6754490814383751,0.5814185814185814,observed_512,direct_and_near,172,False,CYJ_v8_Q1_v2_derived_policy,no_joint_A_B_or_bridge_interval,conditional_v8_fixed_policy_feasible,8.128680745659087e+18,1.4605336641888405,37.56101299884364,2.4505654476660053,2.5699280212590234,2.402491752602638,-0.06737146220598264,0.9348478761773423,3.291547436750746e+20,2.2470297168218423e+19,1.3549086411544703e+19,3.651741272548378e+20,1.0000000000000002,budget,2.402491752602638,0.0,-2.7755575615628914e-17,convex_logN_reduction_floating_point
3.924189758484536e+20,2048,exponential,0.5,0.6713607648391644,1.6754490814383751,0.5814185814185814,observed_512,direct_and_near,172,False,CYJ_v8_Q1_v2_derived_policy,no_joint_A_B_or_bridge_interval,conditional_v8_fixed_policy_feasible,8.128680745659087e+18,1.5100280944755837,39.08789851270938,2.442073720137117,2.5605710259802854,2.393744385438908,-0.06737146220598264,0.9348478761773423,3.541429494492093e+20,2.4176158682399355e+19,1.4099867716844954e+19,3.924189758484536e+20,1.0,budget,2.393744385438908,0.0,-2.7755575615628914e-17,convex_logN_reduction_floating_point
4.216965034285823e+20,2048,exponential,0.5,0.6713607648391644,1.6754490814383751,0.5814185814185814,observed_512,direct_and_near,172,False,CYJ_v8_Q1_v2_derived_policy,no_joint_A_B_or_bridge_interval,conditional_v8_fixed_policy_feasible,8.128680745659087e+18,1.5613100738119712,40.67251491510435,2.4336826059522614,2.551313749678555,2.385090240349049,-0.06737146220598264,0.9348478761773423,3.810144435853204e+20,2.6010586015424545e+19,1.4671473827837262e+19,4.216965034285823e+20,1.0,budget,2.385090240349049,0.0,-1.3877787807814457e-17,convex_logN_reduction_floating_point
4.5315836376008176e+20,2048,exponential,0.5,0.6713607648391644,1.6754490814383751,0.5814185814185814,observed_512,direct_and_near,172,False,CYJ_v8_Q1_v2_derived_policy,no_joint_A_B_or_bridge_interval,conditional_v8_fixed_policy_feasible,8.128680745659087e+18,1.6144464161590983,42.31692944367921,2.42539073250784,2.5421548271110965,2.3765280410387875,-0.06737146220598264,0.9348478761773423,4.099104904992319e+20,2.7983222818080903e+19,1.5264650442768978e+19,4.531583637600818e+20,1.0000000000000002,budget,2.3765280410387875,0.0,-1.3877787807814457e-17,convex_logN_reduction_floating_point
4.8696752516586314e+20,2048,exponential,0.5,0.6713607648391644,1.6754490814383751,0.5814185814185814,observed_512,direct_and_near,172,False,CYJ_v8_Q1_v2_derived_policy,no_joint_A_B_or_bridge_interval,conditional_v8_fixed_policy_feasible,8.128680745659087e+18,1.669506511647573,44.02328062889784,2.417196752394651,2.5330929179961905,2.3680565345486055,-0.06737146220598264,0.9348478761773423,4.409829220442004e+20,3.0104434144884077e+19,1.5880168976778715e+19,4.8696752516586314e+20,1.0,budget,2.3680565345486055,0.0,-2.7755575615628914e-17,convex_logN_reduction_floating_point
5.232991146814947e+20,2048,exponential,0.5,0.6713607648391644,1.6754490814383751,0.5814185814185814,observed_512,direct_and_near,172,False,CYJ_v8_Q1_v2_derived_policy,no_joint_A_B_or_bridge_interval,conditional_v8_fixed_policy_feasible,8.128680745659087e+18,1.7265624300003097,45.79378062543366,2.4090993427866874,2.5241267063983193,2.359674490678979,-0.06737146220598264,0.9348478761773423,4.7439492693329904e+20,3.238536034531322e+19,1.6518827402882454e+19,5.2329911468149473e+20,1.0000000000000002,budget,2.359674490678979,0.0,-1.3877787807814457e-17,convex_logN_reduction_floating_point
5.6234132519034906e+20,2048,exponential,0.5,0.6713607648391644,1.6754490814383751,0.5814185814185814,observed_512,direct_and_near,172,False,CYJ_v8_Q1_v2_derived_policy,no_joint_A_B_or_bridge_interval,conditional_v8_fixed_policy_feasible,8.128680745659087e+18,1.7856890283036229,47.63071761151671,2.401097204845549,2.515254900129351,2.3513807014305774,-0.06737146220598264,0.9348478761773423,5.103218990946811e+20,3.4837974978196898e+19,1.718145111747098e+19,5.623413251903491e+20,1.0000000000000002,budget,2.3513807014305774,0.0,-1.3877787807814457e-17,convex_logN_reduction_floating_point
6.042963902381328e+20,2048,exponential,0.5,0.6713607648391644,1.6754490814383751,0.5814185814185814,observed_512,direct_and_near,172,False,CYJ_v8_Q1_v2_derived_policy,no_joint_A_B_or_bridge_interval,conditional_v8_fixed_policy_feasible,8.128680745659087e+18,1.8469640633181146,49.53645825784132,2.393189063140195,2.5064762301654344,2.343173980459148,-0.06737146220598264,0.9348478761773423,5.4895234935774465e+20,3.74751470494887e+19,1.7868893830899399e+19,6.042963902381328e+20,1.0,budget,2.343173980459148,0.0,-1.3877787807814457e-17,convex_logN_reduction_floating_point
6.493816315762113e+20,2048,exponential,0.5,0.6713607648391644,1.6754490814383751,0.5814185814185814,observed_512,direct_and_near,172,False,CYJ_v8_Q1_v2_derived_policy,no_joint_A_B_or_bridge_interval,conditional_v8_fixed_policy_feasible,8.128680745659087e+18,1.9104683085297538,51.51345026766468,2.3853736650817514,2.4977894500793014,2.3350531625448068,-0.06737146220598264,0.9348478761773423,5.904888851963816e+20,4.031070789607299e+19,1.8582038483756732e+19,6.493816315762113e+20,1.0,budget,2.3350531625448068,0.0,-1.3877787807814457e-17,convex_logN_reduction_floating_point
6.978305848598663e+20,2048,exponential,0.5,0.6713607648391644,1.6754490814383751,0.5814185814185814,observed_512,direct_and_near,172,False,CYJ_v8_Q1_v2_derived_policy,no_joint_A_B_or_bridge_interval,conditional_v8_fixed_policy_feasible,8.128680745659087e+18,1.9762856761508234,53.56422498974681,2.3776497803730896,2.489193335487691,2.327017103075463,-0.06737146220598264,0.9348478761773423,6.351492636081396e+20,4.335952306231567e+19,1.9321798189411045e+19,6.978305848598664e+20,1.0000000000000002,budget,2.327017103075463,0.0,-1.3877787807814457e-17,convex_logN_reduction_floating_point
7.498942093324558e+20,2048,exponential,0.5,0.6713607648391644,1.6754490814383751,0.5814185814185814,observed_512,direct_and_near,172,False,CYJ_v8_Q1_v2_derived_policy,no_joint_A_B_or_bridge_interval,conditional_v8_fixed_policy_feasible,8.128680745659087e+18,2.044503344290183,55.69140010580118,2.3700162004728846,2.4806866835135746,2.31906467754408,-0.06737146220598264,0.9348478761773423,6.831675225870791e+20,4.663756954194459e+19,2.0089117203432194e+19,7.498942093324559e+20,1.0000000000000002,budget,2.31906467754408,0.0,-2.7755575615628914e-17,convex_logN_reduction_floating_point
8.058421877614818e+20,2048,exponential,0.5,0.6713607648391644,1.6754490814383751,0.5814185814185814,observed_512,direct_and_near,172,False,CYJ_v8_Q1_v2_derived_policy,no_joint_A_B_or_bridge_interval,conditional_v8_fixed_policy_feasible,8.128680745659087e+18,2.115211889522578,57.89768239414122,2.362471738073867,2.4722683122628935,2.3111947810595086,-0.06737146220598264,0.9348478761773423,7.347951970553374e+20,5.016201878564436e+19,2.088497192050013e+19,8.05842187761482e+20,1.0000000000000002,budget,2.3111947810595086,0.0,-2.7755575615628914e-17,convex_logN_reduction_floating_point
8.659643233600653e+20,2048,exponential,0.5,0.6713607648391644,1.6754490814383751,0.5814185814185814,observed_512,direct_and_near,172,False,CYJ_v8_Q1_v2_derived_policy,no_joint_A_B_or_bridge_interval,conditional_v8_fixed_policy_feasible,8.128680745659087e+18,2.1885054250974014,60.18587057122589,2.355015226594982,2.4639370603154997,2.303406327870589,-0.06737146220598264,0.9348478761773423,7.903026255560274e+20,5.39513259046248e+19,2.1710371899413094e+19,8.659643233600653e+20,1.0,budget,2.303406327870589,0.0,-1.3877787807814457e-17,convex_logN_reduction_floating_point
9.30572040929699e+20,2048,exponential,0.5,0.6713607648391644,1.6754490814383751,0.5814185814185814,observed_512,direct_and_near,172,False,CYJ_v8_Q1_v2_derived_policy,no_joint_A_B_or_bridge_interval,conditional_v8_fixed_policy_feasible,8.128680745659087e+18,2.2644817450386796,62.55885821281962,2.3476455196871573,2.455691786229992,2.295698250903252,-0.06737146220598264,0.9348478761773423,8.499803544803587e+20,5.802532553252582e+19,2.256636091681449e+19,9.30572040929699e+20,1.0,budget,2.295698250903252,0.0,-1.3877787807814457e-17,convex_logN_reduction_floating_point
1e+21,2048,exponential,0.5,0.6713607648391644,1.6754490814383751,0.5814185814185814,observed_512,direct_and_near,172,False,CYJ_v8_Q1_v2_derived_policy,no_joint_A_B_or_bridge_interval,conditional_v8_fixed_policy_feasible,8.128680745659087e+18,2.3432424743998275,65.01963675649603,2.3403614907523935,2.447531368062144,2.2880695013103205,-0.06737146220598264,0.9348478761773423,9.141406471072184e+20,6.240533484251944e+19,2.3454018050262225e+19,1e+21,1.0,budget,2.2880695013103205,0.0,-2.7755575615628914e-17,convex_logN_reduction_floating_point
1.0746078283213176e+21,2048,exponential,0.5,0.6713607648391644,1.6754490814383751,0.5814185814185814,observed_512,direct_and_near,172,False,CYJ_v8_Q1_v2_derived_policy,no_joint_A_B_or_bridge_interval,conditional_v8_fixed_policy_feasible,8.128680745659087e+18,2.4248932259491682,67.57129858722524,2.3331620324758893,2.439454702896622,2.2805190480337365,-0.06737146220598264,0.9348478761773423,9.831191052765065e+20,6.711426425354284e+19,2.4374458791268196e+19,1.0746078283213176e+21,1.0,budget,2.2805190480337365,0.0,-1.3877787807814457e-17,convex_logN_reduction_floating_point
1.1547819846894581e+21,2048,exponential,0.5,0.6713607648391644,1.6754490814383751,0.5814185814185814,observed_512,direct_and_near,172,False,CYJ_v8_Q1_v2_derived_policy,no_joint_A_B_or_bridge_interval,conditional_v8_fixed_policy_feasible,8.128680745659087e+18,2.509543763575254,70.21704020779345,2.326046056370905,2.4314607063916833,2.2730458773789257,-0.06737146220598264,0.9348478761773423,1.0572764121010854e+21,7.21767363994341e+19,2.5328836188938555e+19,1.1547819846894581e+21,1.0,budget,2.2730458773789257,0.0,-1.3877787807814457e-17,convex_logN_reduction_floating_point
1.2409377607517195e+21,2048,exponential,0.5,0.6713607648391644,1.6754490814383751,0.5814185814185814,observed_512,direct_and_near,172,False,CYJ_v8_Q1_v2_derived_policy,no_joint_A_B_or_bridge_interval,conditional_v8_fixed_policy_feasible,8.128680745659087e+18,2.597308172714701,72.96016549581071,2.3190124923360784,2.4235483123365538,2.2656489926010095,-0.06737146220598264,0.9348478761773423,1.1370002047493179e+21,7.761921397755344e+19,2.6318342024848347e+19,1.2409377607517198e+21,1.0000000000000002,budget,2.2656489926010095,0.0,-1.3877787807814457e-17,convex_logN_reduction_floating_point
1.333521432163324e+21,2048,exponential,0.5,0.6713607648391644,1.6754490814383751,0.5814185814185814,observed_512,direct_and_near,172,False,CYJ_v8_Q1_v2_derived_policy,no_joint_A_B_or_bridge_interval,conditional_v8_fixed_policy_feasible,8.128680745659087e+18,2.6883050381196547,75.80408904906669,2.312060288224905,2.4157164722211832,2.258327413502595,-0.06737146220598264,0.9348478761773423,1.2227070870040617e+21,8.347013713947727e+19,2.734420801978514e+19,1.333521432163324e+21,1.0,budget,2.258327413502595,0.0,-2.7755575615628914e-17,convex_logN_reduction_floating_point
1.4330125702369627e+21,2048,exponential,0.5,0.6713607648391644,1.6754490814383751,0.5814185814185814,observed_512,direct_and_near,172,False,CYJ_v8_Q1_v2_derived_policy,no_joint_A_B_or_bridge_interval,conditional_v8_fixed_policy_feasible,8.128680745659087e+18,2.7826576292970335,78.75233962099847,2.3051884094270947,2.4079641548180772,2.2510801760428487,-0.06737146220598264,0.9348478761773423,1.3148447920281747e+21,8.976007113579006e+19,2.8407707072998097e+19,1.433012570236963e+21,1.0000000000000002,budget,2.2510801760428487,0.0,-1.3877787807814457e-17,convex_logN_reduction_floating_point
1.539926526059492e+21,2048,exponential,0.5,0.6713607648391644,1.6754490814383751,0.5814185814185814,observed_512,direct_and_near,172,False,CYJ_v8_Q1_v2_derived_policy,no_joint_A_B_or_bridge_interval,conditional_v8_fixed_policy_feasible,8.128680745659087e+18,2.8804940939676293,81.80856364803165,2.298395838461522,2.400290345775906,2.2439063319575845,-0.06737146220598264,0.9348478761773423,1.4138945065447803e+21,9.652186498012368e+19,2.9510154534587765e+19,1.5399265260594916e+21,0.9999999999999998,budget,2.2439063319575845,0.0,-1.3877787807814457e-17,convex_logN_reduction_floating_point
1.6548170999431815e+21,2048,exponential,0.5,0.6713607648391644,1.6754490814383751,0.5814185814185814,observed_512,direct_and_near,172,False,CYJ_v8_Q1_v2_derived_policy,no_joint_A_B_or_bridge_interval,conditional_v8_fixed_policy_feasible,8.128680745659087e+18,2.9819476599097015,84.97652887055617,2.2916815745804886,2.392694047224605,2.236804948390092,-0.06737146220598264,0.9348478761773423,1.5203733684768248e+21,1.0379082195468457e+20,3.065290951167197e+19,1.6548170999431815e+21,1.0,budget,2.236804948390092,0.0,-1.3877787807814457e-17,convex_logN_reduction_floating_point
1.7782794100389228e+21,2048,exponential,0.5,0.6713607648391644,1.6754490814383751,0.5814185814185814,observed_512,direct_and_near,172,False,CYJ_v8_Q1_v2_derived_policy,no_joint_A_B_or_bridge_interval,conditional_v8_fixed_policy_feasible,8.128680745659087e+18,3.08715684556924,88.26012804929032,2.2850446333850103,2.385174277391655,2.229775107532416,-0.06737146220598264,0.9348478761773423,1.634837150989106e+21,1.1160488284085628e+20,3.1837376208960352e+19,1.7782794100389225e+21,0.9999999999999999,budget,2.229775107532416,0.0,-1.3877787807814457e-17,convex_logN_reduction_floating_point
1.9109529749704406e+21,2048,exponential,0.5,0.6713607648391644,1.6754490814383751,0.5814185814185814,observed_512,direct_and_near,172,False,CYJ_v8_Q1_v2_derived_policy,no_joint_A_B_or_bridge_interval,conditional_v8_fixed_policy_feasible,8.128680745659087e+18,3.1962656798374303,91.66338277877925,2.2784840464508647,2.3777300702292723,2.2228159062768382,-0.06737146220598264,0.9348478761773423,1.7578831468416808e+21,1.2000482282439207e+20,3.3065005304367423e+19,1.9109529749704404e+21,0.9999999999999999,budget,2.2228159062768382,0.0,-1.3877787807814457e-17,convex_logN_reduction_floating_point
2.053525026457146e+21,2048,exponential,0.5,0.6713607648391644,1.6754490814383751,0.5814185814185814,observed_512,direct_and_near,172,False,CYJ_v8_Q1_v2_derived_policy,no_joint_A_B_or_bridge_interval,conditional_v8_fixed_policy_feasible,8.128680745659087e+18,3.309423931415094,95.1904473997624,2.271998860965112,2.370360475052214,2.215926455877278,-0.06737146220598264,0.9348478761773423,1.8901532680013005e+21,1.2903446309555546e+20,3.4337295360289882e+19,2.053525026457146e+21,1.0,budget,2.215926455877278,0.0,-1.3877787807814457e-17,convex_logN_reduction_floating_point
2.20673406908459e+21,2048,exponential,0.5,0.6713607648391644,1.6754490814383751,0.5814185814185814,observed_512,direct_and_near,172,False,CYJ_v8_Q1_v2_derived_policy,no_joint_A_B_or_bridge_interval,conditional_v8_fixed_policy_feasible,8.128680745659087e+18,3.4267873482042295,98.8456130121287,2.2655881393728285,2.363064556185913,2.2091058816203546,-0.06737146220598264,0.9348478761773423,2.0323373765727237e+21,1.3874089824069794e+20,3.565579427116809e+19,2.2067340690845897e+21,0.9999999999999999,budget,2.2091058816203546,0.0,-1.3877787807814457e-17,convex_logN_reduction_floating_point
2.3713737056616553e+21,2048,exponential,0.5,0.6713607648391644,1.6754490814383751,0.5814185814185814,observed_512,direct_and_near,172,False,CYJ_v8_Q1_v2_derived_policy,no_joint_A_B_or_bridge_interval,conditional_v8_fixed_policy_feasible,8.128680745659087e+18,3.5485179071880117,102.63331159015999,2.2592509590337775,2.3558413926246713,2.2023533225058465,-0.06737146220598264,0.9348478761773423,2.1851768643101377e+21,1.491747406035721e+20,3.702210074794525e+19,2.3713737056616553e+21,1.0,budget,2.2023533225058465,0.0,-1.3877787807814457e-17,convex_logN_reduction_floating_point
2.5482967479793463e+21,2048,exponential,0.5,0.6713607648391644,1.6754490814383751,0.5814185814185814,observed_512,direct_and_near,172,False,CYJ_v8_Q1_v2_derived_policy,no_joint_A_B_or_bridge_interval,conditional_v8_fixed_policy_feasible,8.128680745659087e+18,3.6747840752830303,106.55812020174135,2.252986411888758,2.348690077699633,2.195667930936299,-0.06737146220598264,0.9348478761773423,2.3494684992567242e+21,1.6039038288259236e+20,3.843786584002963e+19,2.5482967479793463e+21,1.0,budget,2.195667930936299,0.0,-2.7755575615628914e-17,convex_logN_reduction_floating_point
2.7384196342643614e+21,2048,exponential,0.5,0.6713607648391644,1.6754490814383751,0.5814185814185814,observed_512,direct_and_near,172,False,CYJ_v8_Q1_v2_derived_policy,no_joint_A_B_or_bridge_interval,conditional_v8_fixed_policy_feasible,8.128680745659087e+18,3.805761081671062,110.62476533318933,2.246793604135374,2.3416097187562674,2.1890488724155204,-0.06737146220598264,0.9348478761773423,2.5260685594442764e+21,1.7244628032472924e+20,3.990479449535563e+19,2.738419634264361e+21,0.9999999999999998,budget,2.1890488724155204,0.0,-1.3877787807814457e-17,convex_logN_reduction_floating_point
2.9427271762092816e+21,2048,exponential,0.5,0.6713607648391644,1.6754490814383751,0.5814185814185814,observed_512,direct_and_near,172,False,CYJ_v8_Q1_v2_derived_policy,no_joint_A_B_or_bridge_interval,conditional_v8_fixed_policy_feasible,8.128680745659087e+18,3.941631202142393,114.83812732132066,2.240671655912958,2.334599436841098,2.1824953252557195,-0.06737146220598264,0.9348478761773423,2.71589727507191e+21,1.854052539782424e+20,4.142464715912875e+19,2.942727176209281e+21,0.9999999999999998,budget,2.1824953252557195,0.0,-4.163336342344337e-17,convex_logN_reduction_floating_point
3.1622776601683794e+21,2048,exponential,0.5,0.6713607648391644,1.6754490814383751,0.5814185814185814,observed_512,direct_and_near,172,False,CYJ_v8_Q1_v2_derived_policy,no_joint_A_B_or_bridge_interval,conditional_v8_fixed_policy_feasible,8.128680745659087e+18,4.082584056008788,119.20324489434559,2.2346197009964124,2.3276583663974133,2.176006480293044,-0.06737146220598264,0.9348478761773423,2.919943602180997e+21,1.9933481657555606e+20,4.299924141182603e+19,3.1622776601683794e+21,1.0,budget,2.176006480293044,0.0,-1.3877787807814457e-17,convex_logN_reduction_floating_point
3.3982083289425594e+21,2048,exponential,0.5,0.6713607648391644,1.6754490814383751,0.5814185814185814,observed_512,direct_and_near,172,False,CYJ_v8_Q1_v2_derived_policy,no_joint_A_B_or_bridge_interval,conditional_v8_fixed_policy_feasible,8.128680745659087e+18,4.228816916171377,123.72531982313551,2.228636886498705,2.320785654969709,2.169581540611275,-0.06737146220598264,0.9348478761773423,3.1392703525607356e+21,2.1430752273481286e+20,4.463045364701098e+19,3.398208328942559e+21,0.9999999999999999,budget,2.169581540611275,0.0,-4.163336342344337e-17,convex_logN_reduction_floating_point
3.651741272548377e+21,2048,exponential,0.5,0.6713607648391644,1.6754490814383751,0.5814185814185814,observed_512,direct_and_near,172,False,CYJ_v8_Q1_v2_derived_policy,no_joint_A_B_or_bridge_interval,conditional_v8_fixed_policy_feasible,8.128680745659087e+18,4.380535032957727,128.40972168436394,2.222722372581791,2.313980462916603,2.16321972127345,-0.06737146220598264,0.9348478761773423,3.3750197064642467e+21,2.3040134529462593e+20,4.6320220789503615e+19,3.6517412725483766e+21,0.9999999999999999,budget,2.16321972127345,0.0,-1.3877787807814457e-17,convex_logN_reduction_floating_point
3.924189758484536e+21,2048,exponential,0.5,0.6713607648391644,1.6754490814383751,0.5814185814185814,observed_512,direct_and_near,172,False,CYJ_v8_Q1_v2_derived_policy,no_joint_A_B_or_bridge_interval,conditional_v8_fixed_policy_feasible,8.128680745659087e+18,4.5379519723723165,133.26199273697682,2.2168753321757064,2.307241963131979,2.1569202490611725,-0.06737146220598264,0.9348478761773423,3.628419136698176e+21,2.477000797319288e+20,4.807054205443097e+19,3.9241897584845353e+21,0.9999999999999999,budget,2.156920249061173,-4.1515585466160513e-16,-1.3877787807814457e-17,convex_logN_reduction_floating_point
4.2169650342858226e+21,2048,exponential,0.5,0.6713607648391644,1.6754490814383751,0.5814185814185814,observed_512,direct_and_near,172,False,CYJ_v8_Q1_v2_derived_policy,no_joint_A_B_or_bridge_interval,conditional_v8_fixed_policy_feasible,8.128680745659087e+18,4.701289969436719,138.28785291338616,2.2110949507056215,2.300569340774124,2.1506823622213984,-0.06737146220598264,0.9348478761773423,3.900787774779856e+21,2.662937787583049e+20,4.988348074766078e+19,4.2169650342858216e+21,0.9999999999999998,budget,2.1506823622213984,0.0,-2.7755575615628914e-17,convex_logN_reduction_floating_point
4.5315836376008176e+21,2048,exponential,0.5,0.6713607648391644,1.6754490814383751,0.5814185814185814,observed_512,direct_and_near,172,False,CYJ_v8_Q1_v2_derived_policy,no_joint_A_B_or_bridge_interval,conditional_v8_fixed_policy_feasible,8.128680745659087e+18,4.870780297329059,143.49320492672646,2.2053804258265957,2.29396179300261,2.1445053102204583,-0.06737146220598264,0.9348478761773423,4.193543252146202e+21,2.8627921934651402e+20,5.17611661081016e+19,4.5315836376008176e+21,1.0,budget,2.1445053102204588,-4.1515585466160513e-16,0.0,convex_logN_reduction_floating_point
4.869675251658631e+21,2048,exponential,0.5,0.6713607648391644,1.6754490814383751,0.5814185814185814,observed_512,direct_and_near,172,False,CYJ_v8_Q1_v2_derived_policy,no_joint_A_B_or_bridge_interval,conditional_v8_fixed_policy_feasible,8.128680745659087e+18,5.046663653067557,148.88413949544358,2.1997309671658396,2.287418528722705,2.138388353505122,-0.06737146220598264,0.9348478761773423,4.50820905185937e+21,3.07760404606933e+20,5.3705795192327315e+19,4.869675251658631e+21,1.0,budget,2.138388353505122,0.0,-1.3877787807814457e-17,convex_logN_reduction_floating_point
5.232991146814947e+21,2048,exponential,0.5,0.6713607648391644,1.6754490814383751,0.5814185814185814,observed_512,direct_and_near,172,False,CYJ_v8_Q1_v2_derived_policy,no_joint_A_B_or_bridge_interval,conditional_v8_fixed_policy_feasible,8.128680745659087e+18,5.229190560520113,154.46694068641182,2.19414579607224,2.2809387683370654,2.1323307632704687,-0.06737146220598264,0.9348478761773423,4.846422408898829e+21,3.3084910311416005e+20,5.5719634801957446e+19,5.232991146814947e+21,1.0,budget,2.1323307632704687,0.0,-1.3877787807814457e-17,convex_logN_reduction_floating_point
5.623413251903491e+21,2048,exponential,0.5,0.6713607648391644,1.6754490814383751,0.5814185814185814,observed_512,direct_and_near,172,False,CYJ_v8_Q1_v2_derived_policy,no_joint_A_B_or_bridge_interval,conditional_v8_fixed_policy_feasible,8.128680745659087e+18,5.4186217915606925,160.24809137769907,2.188624145372952,2.2745217435045193,2.126331821234386,-0.06737146220598264,0.9348478761773423,5.209942799971255e+21,3.556654284780377e+20,5.780502345419704e+19,5.623413251903491e+21,1.0,budget,2.1263318212343862,-4.1515585466160513e-16,-1.3877787807814457e-17,convex_logN_reduction_floating_point
6.042963902381328e+21,2048,exponential,0.5,0.6713607648391644,1.6754490814383751,0.5814185814185814,observed_512,direct_and_near,172,False,CYJ_v8_Q1_v2_derived_policy,no_joint_A_B_or_bridge_interval,conditional_v8_fixed_policy_feasible,8.128680745659087e+18,5.615228806234467,166.2342788420098,2.1831652591368322,2.2681666969056926,2.1203908194184646,-0.06737146220598264,0.9348478761773423,5.600661066823596e+21,3.823384621618242e+20,5.996437339590784e+19,6.042963902381329e+21,1.0000000000000002,budget,2.1203908194184646,0.0,-2.7755575615628914e-17,convex_logN_reduction_floating_point
6.493816315762113e+21,2048,exponential,0.5,0.6713607648391644,1.6754490814383751,0.5814185814185814,observed_512,direct_and_near,172,False,CYJ_v8_Q1_v2_derived_policy,no_joint_A_B_or_bridge_interval,conditional_v8_fixed_policy_feasible,8.128680745659087e+18,5.819294212836709,172.43240045174497,2.1777683924445204,2.261872882015289,2.1145070599351175,-0.06737146220598264,0.9348478761773423,6.020609220326289e+21,4.1100692277427464e+20,6.220017266154931e+19,6.493816315762113e+21,1.0,budget,2.1145070599351175,0.0,-1.3877787807814457e-17,convex_logN_reduction_floating_point
6.978305848598664e+21,2048,exponential,0.5,0.6713607648391644,1.6754490814383751,0.5814185814185814,observed_512,direct_and_near,172,False,CYJ_v8_Q1_v2_derived_policy,no_joint_A_B_or_bridge_interval,conditional_v8_fixed_policy_feasible,8.128680745659087e+18,6.03111224885602,178.84956950651554,2.1724328111649607,2.2556395628808144,2.108679854780718,-0.06737146220598264,0.9348478761773423,6.471970976120231e+21,4.418198853031412e+20,6.451498717529136e+19,6.978305848598663e+21,0.9999999999999999,budget,2.108679854780718,0.0,-2.7755575615628914e-17,convex_logN_reduction_floating_point
7.498942093324559e+21,2048,exponential,0.5,0.6713607648391644,1.6754490814383751,0.5814185814185814,observed_512,direct_and_near,172,False,CYJ_v8_Q1_v2_derived_policy,no_joint_A_B_or_bridge_interval,conditional_v8_fixed_policy_feasible,8.128680745659087e+18,6.250989283780221,185.49312118383773,2.167157791738176,2.249466013907541,2.1029085256345765,-0.06737146220598264,0.9348478761773423,6.957093076410694e+21,4.749375540163033e+20,6.6911462897561485e+19,7.498942093324559e+21,1.0,budget,2.1029085256345765,0.0,-2.7755575615628914e-17,convex_logN_reduction_floating_point
8.058421877614818e+21,2048,exponential,0.5,0.6713607648391644,1.6754490814383751,0.5814185814185814,observed_512,direct_and_near,172,False,CYJ_v8_Q1_v2_derived_policy,no_joint_A_B_or_bridge_interval,conditional_v8_fixed_policy_feasible,8.128680745659087e+18,6.479244344813747,192.3706186136225,2.1619426209640915,2.2433515196495186,2.097192403663566,-0.06737146220598264,0.9348478761773423,7.478497456563814e+21,5.1053209303475644e+20,6.939232801624716e+19,8.058421877614817e+21,0.9999999999999999,budget,2.097192403663566,0.0,-1.3877787807814457e-17,convex_logN_reduction_floating_point
8.659643233600654e+21,2048,exponential,0.5,0.6713607648391644,1.6754490814383751,0.5814185814185814,observed_512,direct_and_near,172,False,CYJ_v8_Q1_v2_derived_policy,no_joint_A_B_or_bridge_interval,conditional_v8_fixed_policy_feasible,8.128680745659087e+18,6.7162096666083935,199.48985907694384,2.156786595797237,2.237295374606445,2.0915308293322266,-0.06737146220598264,0.9348478761773423,8.038894319537497e+21,5.487885188804266e+20,7.196039518272843e+19,8.659643233600653e+21,0.9999999999999999,budget,2.0915308293322266,0.0,-1.3877787807814457e-17,convex_logN_reduction_floating_point
9.30572040929699e+21,2048,exponential,0.5,0.6713607648391644,1.6754490814383751,0.5814185814185814,observed_512,direct_and_near,172,False,CYJ_v8_Q1_v2_derived_policy,no_joint_A_B_or_bridge_interval,conditional_v8_fixed_policy_feasible,8.128680745659087e+18,6.962231266165165,206.8588803294405,2.1516890231471364,2.2312968830262117,2.085923152218178,-0.06737146220598264,0.9348478761773423,8.641196185881293e+21,5.899056596228296e+20,7.461856379286843e+19,9.30572040929699e+21,1.0,budget,2.085923152218178,0.0,-2.7755575615628914e-17,convex_logN_reduction_floating_point
1e+22,2048,exponential,0.5,0.6713607648391644,1.6754490814383751,0.5814185814185814,observed_512,direct_and_near,172,False,CYJ_v8_Q1_v2_derived_policy,no_joint_A_B_or_bridge_interval,conditional_v8_fixed_policy_feasible,8.128680745659087e+18,7.217669544123998,214.48596704955614,2.14664921968421,2.22535535871294,2.08036873083266,-0.06737146220598264,0.9348478761773423,9.288532992093388e+21,6.340971855935753e+20,7.736982231303596e+19,1e+22,1.0,budget,2.08036873083266,0.0,-2.7755575615628914e-17,convex_logN_reduction_floating_point
1.0746078283213176e+22,2048,exponential,0.5,0.6713607648391644,1.6754490814383751,0.5814185814185814,observed_512,direct_and_near,172,False,CYJ_v8_Q1_v2_derived_policy,no_joint_A_B_or_bridge_interval,conditional_v8_fixed_policy_feasible,8.128680745659087e+18,7.482899913719977,222.37965741167798,2.1416665116510245,2.219470124840342,2.0748669324460542,-0.06737146220598264,0.9348478761773423,9.98426831555354e+21,6.81592717008455e+20,8.021725065118166e+19,1.0746078283213174e+22,0.9999999999999998,budget,2.0748669324460542,0.0,-1.3877787807814457e-17,convex_logN_reduction_floating_point
1.154781984689458e+22,2048,exponential,0.5,0.6713607648391644,1.6754490814383751,0.5814185814185814,observed_512,direct_and_near,172,False,CYJ_v8_Q1_v2_derived_policy,no_joint_A_B_or_bridge_interval,conditional_v8_fixed_policy_feasible,8.128680745659087e+18,7.758313458750201,230.54874978406406,2.1367402346787134,2.213640513770222,2.069417132918213,-0.06737146220598264,0.9348478761773423,1.073201681008642e+22,7.326390142352329e+20,8.31640225729282e+19,1.154781984689458e+22,1.0,budget,2.069417132918213,0.0,-1.3877787807814457e-17,convex_logN_reduction_floating_point
1.2409377607517196e+22,2048,exponential,0.5,0.6713607648391644,1.6754490814383751,0.5814185814185814,observed_512,direct_and_near,172,False,CYJ_v8_Q1_v2_derived_policy,no_joint_A_B_or_bridge_interval,conditional_v8_fixed_policy_feasible,8.128680745659087e+18,8.044317621964383,239.0023095512789,2.131869733608415,2.207865866875977,2.0640187165334543,-0.06737146220598264,0.9348478761773423,1.1535662942481237e+22,7.875012568733858e+20,8.621340816257345e+19,1.2409377607517196e+22,1.0,budget,2.0640187165334543,0.0,-4.163336342344337e-17,convex_logN_reduction_floating_point
1.3335214321633241e+22,2048,exponential,0.5,0.6713607648391644,1.6754490814383751,0.5814185814185814,observed_512,direct_and_near,172,False,CYJ_v8_Q1_v2_derived_policy,no_joint_A_B_or_bridge_interval,conditional_v8_fixed_policy_feasible,8.128680745659087e+18,8.34133692536467,247.74967606067628,2.1270543623175637,2.202145534370909,2.058671075840063,-0.06737146220598264,0.9348478761773423,1.2399381127032327e+22,8.464644182720735e+20,8.936877632884005e+19,1.3335214321633241e+22,1.0,budget,2.058671075840063,0.0,-1.3877787807814457e-17,convex_logN_reduction_floating_point
1.4330125702369628e+22,2048,exponential,0.5,0.6713607648391644,1.6754490814383751,0.5814185814185814,observed_512,direct_and_near,172,False,CYJ_v8_Q1_v2_derived_policy,no_joint_A_B_or_bridge_interval,conditional_v8_fixed_policy_feasible,8.128680745659087e+18,8.649813723976976,256.80046969226794,2.1222934835508873,2.196478875141217,2.0533736114941648,-0.06737146220598264,0.9348478761773423,1.3327657362407475e+22,9.09834742607017e+20,9.263359735513317e+19,1.4330125702369626e+22,0.9999999999999999,budget,2.053373611494165,-4.1515585466160513e-16,-1.3877787807814457e-17,convex_logN_reduction_floating_point
1.539926526059492e+22,2048,exponential,0.5,0.6713607648391644,1.6754490814383751,0.5814185814185814,observed_512,direct_and_near,172,False,CYJ_v8_Q1_v2_derived_policy,no_joint_A_B_or_bridge_interval,conditional_v8_fixed_policy_feasible,8.128680745659087e+18,8.970208994736689,266.16459905111395,2.1175864687559547,2.1908652565835034,2.0481257321078163,-0.06737146220598264,0.9348478761773423,1.432531248293272e+22,9.77941332168207e+20,9.601144549399442e+19,1.5399265260594923e+22,1.0000000000000002,budget,2.048125732107817,-4.1515585466160513e-16,-4.163336342344337e-17,convex_logN_reduction_floating_point
1.6548170999431814e+22,2048,exponential,0.5,0.6713607648391644,1.6754490814383751,0.5814185814185814,observed_512,direct_and_near,172,False,CYJ_v8_Q1_v2_derived_policy,no_joint_A_B_or_bridge_interval,conditional_v8_fixed_policy_feasible,8.128680745659087e+18,9.303003162216706,275.85226828115077,2.1129326979231347,2.1853040544466538,2.0429268541011893,-0.06737146220598264,0.9348478761773423,1.539752714474518e+22,1.051137853081271e+21,9.950600160536109e+19,1.6548170999431812e+22,0.9999999999999999,budget,2.04292685410119,-4.1515585466160513e-16,-2.7755575615628914e-17,convex_logN_reduction_floating_point
1.7782794100389228e+22,2048,exponential,0.5,0.6713607648391644,1.6754490814383751,0.5814185814185814,observed_512,direct_and_near,172,False,CYJ_v8_Q1_v2_derived_policy,no_joint_A_B_or_bridge_interval,conditional_v8_fixed_policy_feasible,8.128680745659087e+18,9.64869696301544,285.87398449914684,2.108331559429824,2.179794652677953,2.0377764015587116,-0.06737146220598264,0.9348478761773423,1.6549868676252248e+22,1.1298043682988202e+21,1.0312105583815795e+20,1.7782794100389228e+22,1.0,budget,2.0377764015587116,0.0,-1.3877787807814457e-17,convex_logN_reduction_floating_point
1.9109529749704407e+22,2048,exponential,0.5,0.6713607648391644,1.6754490814383751,0.5814185814185814,observed_512,direct_and_near,172,False,CYJ_v8_Q1_v2_derived_policy,no_joint_A_B_or_bridge_interval,conditional_v8_fixed_policy_feasible,8.128680745659087e+18,10.007812350717247,296.2405653472232,2.103782449888807,2.17433644327329,2.0326738060890315,-0.06737146220598264,0.9348478761773423,1.7788319931992398e+22,1.2143493073573477e+21,1.0686051035465821e+20,1.9109529749704403e+22,0.9999999999999998,budget,2.032673806089032,-4.1515585466160513e-16,-4.163336342344337e-17,convex_logN_reduction_floating_point
2.053525026457146e+22,2048,exponential,0.5,0.6713607648391644,1.6754490814383751,0.5814185814185814,observed_512,direct_and_near,172,False,CYJ_v8_Q1_v2_derived_policy,no_joint_A_B_or_bridge_interval,conditional_v8_fixed_policy_feasible,8.128680745659087e+18,10.62695565800611,299.8929999999998,2.0996512099389326,2.168939311345309,2.0276283087687097,-0.06737146220598264,0.9348478761773423,1.9121697678878547e+22,1.3053745615447754e+21,1.0817802414813641e+20,2.0535250264571456e+22,0.9999999999999998,D_max;budget,2.02762830876871,-4.1515585466160513e-16,0.0008950612986779322,convex_logN_reduction_floating_point
2.20673406908459e+22,2048,exponential,0.5,0.6713607648391644,1.6754490814383751,0.5814185814185814,observed_512,direct_and_near,172,False,CYJ_v8_Q1_v2_derived_policy,no_joint_A_B_or_bridge_interval,conditional_v8_fixed_policy_feasible,8.128680745659087e+18,11.424008550973046,299.893,2.0958016467015623,2.163637150842467,2.022671595283476,-0.06737146220598264,0.9348478761773423,2.0555881178261755e+22,1.4032814884360026e+21,1.0817802414813648e+20,2.206734069084589e+22,0.9999999999999997,D_max;budget,2.022671595283476,0.0,-0.07266011568002402,convex_logN_reduction_floating_point
2.371373705661655e+22,2048,exponential,0.5,0.6713607648391644,1.6754490814383751,0.5814185814185814,observed_512,direct_and_near,172,False,CYJ_v8_Q1_v2_derived_policy,no_joint_A_B_or_bridge_interval,conditional_v8_fixed_policy_feasible,8.128680745659087e+18,11.965825,299.893,2.093384524595647,2.1602893513304946,2.0195419120198412,-0.06737146220598264,0.9348478761773423,2.1530802940349996e+22,1.46983614739456e+21,1.0817802414813648e+20,2.3108817111892697e+22,0.9744907374455739,N_max;D_max,2.0195419120198412,0.0,-0.0718383293916875,convex_logN_reduction_floating_point
2.5482967479793465e+22,2048,exponential,0.5,0.6713607648391644,1.6754490814383751,0.5814185814185814,observed_512,direct_and_near,172,False,CYJ_v8_Q1_v2_derived_policy,no_joint_A_B_or_bridge_interval,conditional_v8_fixed_policy_feasible,8.128680745659087e+18,11.965825,299.893,2.093384524595647,2.1602893513304946,2.0195419120198412,-0.06737146220598264,0.9348478761773423,2.1530802940349996e+22,1.46983614739456e+21,1.0817802414813648e+20,2.3108817111892697e+22,0.9068338344118151,N_max;D_max,2.0195419120198412,0.0,-0.0718383293916875,convex_logN_reduction_floating_point
2.7384196342643614e+22,2048,exponential,0.5,0.6713607648391644,1.6754490814383751,0.5814185814185814,observed_512,direct_and_near,172,False,CYJ_v8_Q1_v2_derived_policy,no_joint_A_B_or_bridge_interval,conditional_v8_fixed_policy_feasible,8.128680745659087e+18,11.965825,299.893,2.093384524595647,2.1602893513304946,2.0195419120198412,-0.06737146220598264,0.9348478761773423,2.1530802940349996e+22,1.46983614739456e+21,1.0817802414813648e+20,2.3108817111892697e+22,0.8438742120727074,N_max;D_max,2.0195419120198412,0.0,-0.0718383293916875,convex_logN_reduction_floating_point
2.942727176209282e+22,2048,exponential,0.5,0.6713607648391644,1.6754490814383751,0.5814185814185814,observed_512,direct_and_near,172,False,CYJ_v8_Q1_v2_derived_policy,no_joint_A_B_or_bridge_interval,conditional_v8_fixed_policy_feasible,8.128680745659087e+18,11.965825,299.893,2.093384524595647,2.1602893513304946,2.0195419120198412,-0.06737146220598264,0.9348478761773423,2.1530802940349996e+22,1.46983614739456e+21,1.0817802414813648e+20,2.3108817111892697e+22,0.785285747816441,N_max;D_max,2.0195419120198412,0.0,-0.0718383293916875,convex_logN_reduction_floating_point
3.1622776601683792e+22,2048,exponential,0.5,0.6713607648391644,1.6754490814383751,0.5814185814185814,observed_512,direct_and_near,172,False,CYJ_v8_Q1_v2_derived_policy,no_joint_A_B_or_bridge_interval,conditional_v8_fixed_policy_feasible,8.128680745659087e+18,11.965825,299.893,2.093384524595647,2.1602893513304946,2.0195419120198412,-0.06737146220598264,0.9348478761773423,2.1530802940349996e+22,1.46983614739456e+21,1.0817802414813648e+20,2.3108817111892697e+22,0.7307649610585505,N_max;D_max,2.0195419120198412,0.0,-0.0718383293916875,convex_logN_reduction_floating_point
3.3982083289425593e+22,2048,exponential,0.5,0.6713607648391644,1.6754490814383751,0.5814185814185814,observed_512,direct_and_near,172,False,CYJ_v8_Q1_v2_derived_policy,no_joint_A_B_or_bridge_interval,conditional_v8_fixed_policy_feasible,8.128680745659087e+18,11.965825,299.893,2.093384524595647,2.1602893513304946,2.0195419120198412,-0.06737146220598264,0.9348478761773423,2.1530802940349996e+22,1.46983614739456e+21,1.0817802414813648e+20,2.3108817111892697e+22,0.6800294412521672,N_max;D_max,2.0195419120198412,0.0,-0.0718383293916875,convex_logN_reduction_floating_point
3.651741272548377e+22,2048,exponential,0.5,0.6713607648391644,1.6754490814383751,0.5814185814185814,observed_512,direct_and_near,172,False,CYJ_v8_Q1_v2_derived_policy,no_joint_A_B_or_bridge_interval,conditional_v8_fixed_policy_feasible,8.128680745659087e+18,11.965825,299.893,2.093384524595647,2.1602893513304946,2.0195419120198412,-0.06737146220598264,0.9348478761773423,2.1530802940349996e+22,1.46983614739456e+21,1.0817802414813648e+20,2.3108817111892697e+22,0.6328163850383122,N_max;D_max,2.0195419120198412,0.0,-0.0718383293916875,convex_logN_reduction_floating_point
3.924189758484536e+22,2048,exponential,0.5,0.6713607648391644,1.6754490814383751,0.5814185814185814,observed_512,direct_and_near,172,False,CYJ_v8_Q1_v2_derived_policy,no_joint_A_B_or_bridge_interval,conditional_v8_fixed_policy_feasible,8.128680745659087e+18,11.965825,299.893,2.093384524595647,2.1602893513304946,2.0195419120198412,-0.06737146220598264,0.9348478761773423,2.1530802940349996e+22,1.46983614739456e+21,1.0817802414813648e+20,2.3108817111892697e+22,0.5888812349588564,N_max;D_max,2.0195419120198412,0.0,-0.0718383293916875,convex_logN_reduction_floating_point
4.2169650342858225e+22,2048,exponential,0.5,0.6713607648391644,1.6754490814383751,0.5814185814185814,observed_512,direct_and_near,172,False,CYJ_v8_Q1_v2_derived_policy,no_joint_A_B_or_bridge_interval,conditional_v8_fixed_policy_feasible,8.128680745659087e+18,11.965825,299.893,2.093384524595647,2.1602893513304946,2.0195419120198412,-0.06737146220598264,0.9348478761773423,2.1530802940349996e+22,1.46983614739456e+21,1.0817802414813648e+20,2.3108817111892697e+22,0.5479964126808645,N_max;D_max,2.0195419120198412,0.0,-0.0718383293916875,convex_logN_reduction_floating_point
4.531583637600818e+22,2048,exponential,0.5,0.6713607648391644,1.6754490814383751,0.5814185814185814,observed_512,direct_and_near,172,False,CYJ_v8_Q1_v2_derived_policy,no_joint_A_B_or_bridge_interval,conditional_v8_fixed_policy_feasible,8.128680745659087e+18,11.965825,299.893,2.093384524595647,2.1602893513304946,2.0195419120198412,-0.06737146220598264,0.9348478761773423,2.1530802940349996e+22,1.46983614739456e+21,1.0817802414813648e+20,2.3108817111892697e+22,0.5099501401705857,N_max;D_max,2.0195419120198412,0.0,-0.0718383293916875,convex_logN_reduction_floating_point
4.869675251658631e+22,2048,exponential,0.5,0.6713607648391644,1.6754490814383751,0.5814185814185814,observed_512,direct_and_near,172,False,CYJ_v8_Q1_v2_derived_policy,no_joint_A_B_or_bridge_interval,conditional_v8_fixed_policy_feasible,8.128680745659087e+18,11.965825,299.893,2.093384524595647,2.1602893513304946,2.0195419120198412,-0.06737146220598264,0.9348478761773423,2.1530802940349996e+22,1.46983614739456e+21,1.0817802414813648e+20,2.3108817111892697e+22,0.474545342710928,N_max;D_max,2.0195419120198412,0.0,-0.0718383293916875,convex_logN_reduction_floating_point
5.2329911468149466e+22,2048,exponential,0.5,0.6713607648391644,1.6754490814383751,0.5814185814185814,observed_512,direct_and_near,172,False,CYJ_v8_Q1_v2_derived_policy,no_joint_A_B_or_bridge_interval,conditional_v8_fixed_policy_feasible,8.128680745659087e+18,11.965825,299.893,2.093384524595647,2.1602893513304946,2.0195419120198412,-0.06737146220598264,0.9348478761773423,2.1530802940349996e+22,1.46983614739456e+21,1.0817802414813648e+20,2.3108817111892697e+22,0.44159862808019174,N_max;D_max,2.0195419120198412,0.0,-0.0718383293916875,convex_logN_reduction_floating_point
5.623413251903491e+22,2048,exponential,0.5,0.6713607648391644,1.6754490814383751,0.5814185814185814,observed_512,direct_and_near,172,False,CYJ_v8_Q1_v2_derived_policy,no_joint_A_B_or_bridge_interval,conditional_v8_fixed_policy_feasible,8.128680745659087e+18,11.965825,299.893,2.093384524595647,2.1602893513304946,2.0195419120198412,-0.06737146220598264,0.9348478761773423,2.1530802940349996e+22,1.46983614739456e+21,1.0817802414813648e+20,2.3108817111892697e+22,0.4109393366043391,N_max;D_max,2.0195419120198412,0.0,-0.0718383293916875,convex_logN_reduction_floating_point
6.042963902381329e+22,2048,exponential,0.5,0.6713607648391644,1.6754490814383751,0.5814185814185814,observed_512,direct_and_near,172,False,CYJ_v8_Q1_v2_derived_policy,no_joint_A_B_or_bridge_interval,conditional_v8_fixed_policy_feasible,8.128680745659087e+18,11.965825,299.893,2.093384524595647,2.1602893513304946,2.0195419120198412,-0.06737146220598264,0.9348478761773423,2.1530802940349996e+22,1.46983614739456e+21,1.0817802414813648e+20,2.3108817111892697e+22,0.38240865716219635,N_max;D_max,2.0195419120198412,0.0,-0.0718383293916875,convex_logN_reduction_floating_point
6.493816315762113e+22,2048,exponential,0.5,0.6713607648391644,1.6754490814383751,0.5814185814185814,observed_512,direct_and_near,172,False,CYJ_v8_Q1_v2_derived_policy,no_joint_A_B_or_bridge_interval,conditional_v8_fixed_policy_feasible,8.128680745659087e+18,11.965825,299.893,2.093384524595647,2.1602893513304946,2.0195419120198412,-0.06737146220598264,0.9348478761773423,2.1530802940349996e+22,1.46983614739456e+21,1.0817802414813648e+20,2.3108817111892697e+22,0.3558588045646106,N_max;D_max,2.0195419120198412,0.0,-0.0718383293916875,convex_logN_reduction_floating_point
6.978305848598663e+22,2048,exponential,0.5,0.6713607648391644,1.6754490814383751,0.5814185814185814,observed_512,direct_and_near,172,False,CYJ_v8_Q1_v2_derived_policy,no_joint_A_B_or_bridge_interval,conditional_v8_fixed_policy_feasible,8.128680745659087e+18,11.965825,299.893,2.093384524595647,2.1602893513304946,2.0195419120198412,-0.06737146220598264,0.9348478761773423,2.1530802940349996e+22,1.46983614739456e+21,1.0817802414813648e+20,2.3108817111892697e+22,0.3311522540464926,N_max;D_max,2.0195419120198412,0.0,-0.0718383293916875,convex_logN_reduction_floating_point
7.498942093324558e+22,2048,exponential,0.5,0.6713607648391644,1.6754490814383751,0.5814185814185814,observed_512,direct_and_near,172,False,CYJ_v8_Q1_v2_derived_policy,no_joint_A_B_or_bridge_interval,conditional_v8_fixed_policy_feasible,8.128680745659087e+18,11.965825,299.893,2.093384524595647,2.1602893513304946,2.0195419120198412,-0.06737146220598264,0.9348478761773423,2.1530802940349996e+22,1.46983614739456e+21,1.0817802414813648e+20,2.3108817111892697e+22,0.3081610289065148,N_max;D_max,2.0195419120198412,0.0,-0.0718383293916875,convex_logN_reduction_floating_point
8.058421877614818e+22,2048,exponential,0.5,0.6713607648391644,1.6754490814383751,0.5814185814185814,observed_512,direct_and_near,172,False,CYJ_v8_Q1_v2_derived_policy,no_joint_A_B_or_bridge_interval,conditional_v8_fixed_policy_feasible,8.128680745659087e+18,11.965825,299.893,2.093384524595647,2.1602893513304946,2.0195419120198412,-0.06737146220598264,0.9348478761773423,2.1530802940349996e+22,1.46983614739456e+21,1.0817802414813648e+20,2.3108817111892697e+22,0.2867660376045314,N_max;D_max,2.0195419120198412,0.0,-0.0718383293916875,convex_logN_reduction_floating_point
8.659643233600654e+22,2048,exponential,0.5,0.6713607648391644,1.6754490814383751,0.5814185814185814,observed_512,direct_and_near,172,False,CYJ_v8_Q1_v2_derived_policy,no_joint_A_B_or_bridge_interval,conditional_v8_fixed_policy_feasible,8.128680745659087e+18,11.965825,299.893,2.093384524595647,2.1602893513304946,2.0195419120198412,-0.06737146220598264,0.9348478761773423,2.1530802940349996e+22,1.46983614739456e+21,1.0817802414813648e+20,2.3108817111892697e+22,0.2668564568829716,N_max;D_max,2.0195419120198412,0.0,-0.0718383293916875,convex_logN_reduction_floating_point
9.30572040929699e+22,2048,exponential,0.5,0.6713607648391644,1.6754490814383751,0.5814185814185814,observed_512,direct_and_near,172,False,CYJ_v8_Q1_v2_derived_policy,no_joint_A_B_or_bridge_interval,conditional_v8_fixed_policy_feasible,8.128680745659087e+18,11.965825,299.893,2.093384524595647,2.1602893513304946,2.0195419120198412,-0.06737146220598264,0.9348478761773423,2.1530802940349996e+22,1.46983614739456e+21,1.0817802414813648e+20,2.3108817111892697e+22,0.24832915771685513,N_max;D_max,2.0195419120198412,0.0,-0.0718383293916875,convex_logN_reduction_floating_point
1.0000000000000001e+23,2048,exponential,0.5,0.6713607648391644,1.6754490814383751,0.5814185814185814,observed_512,direct_and_near,172,False,CYJ_v8_Q1_v2_derived_policy,no_joint_A_B_or_bridge_interval,conditional_v8_fixed_policy_feasible,8.128680745659087e+18,11.965825,299.893,2.093384524595647,2.1602893513304946,2.0195419120198412,-0.06737146220598264,0.9348478761773423,2.1530802940349996e+22,1.46983614739456e+21,1.0817802414813648e+20,2.3108817111892697e+22,0.23108817111892696,N_max;D_max,2.0195419120198412,0.0,-0.0718383293916875,convex_logN_reduction_floating_point
1.0746078283213175e+23,2048,exponential,0.5,0.6713607648391644,1.6754490814383751,0.5814185814185814,observed_512,direct_and_near,172,False,CYJ_v8_Q1_v2_derived_policy,no_joint_A_B_or_bridge_interval,conditional_v8_fixed_policy_feasible,8.128680745659087e+18,11.965825,299.893,2.093384524595647,2.1602893513304946,2.0195419120198412,-0.06737146220598264,0.9348478761773423,2.1530802940349996e+22,1.46983614739456e+21,1.0817802414813648e+20,2.3108817111892697e+22,0.21504419103285138,N_max;D_max,2.0195419120198412,0.0,-0.0718383293916875,convex_logN_reduction_floating_point
1.1547819846894582e+23,2048,exponential,0.5,0.6713607648391644,1.6754490814383751,0.5814185814185814,observed_512,direct_and_near,172,False,CYJ_v8_Q1_v2_derived_policy,no_joint_A_B_or_bridge_interval,conditional_v8_fixed_policy_feasible,8.128680745659087e+18,11.965825,299.893,2.093384524595647,2.1602893513304946,2.0195419120198412,-0.06737146220598264,0.9348478761773423,2.1530802940349996e+22,1.46983614739456e+21,1.0817802414813648e+20,2.3108817111892697e+22,0.2001141117395166,N_max;D_max,2.0195419120198412,0.0,-0.0718383293916875,convex_logN_reduction_floating_point
1.2409377607517195e+23,2048,exponential,0.5,0.6713607648391644,1.6754490814383751,0.5814185814185814,observed_512,direct_and_near,172,False,CYJ_v8_Q1_v2_derived_policy,no_joint_A_B_or_bridge_interval,conditional_v8_fixed_policy_feasible,8.128680745659087e+18,11.965825,299.893,2.093384524595647,2.1602893513304946,2.0195419120198412,-0.06737146220598264,0.9348478761773423,2.1530802940349996e+22,1.46983614739456e+21,1.0817802414813648e+20,2.3108817111892697e+22,0.1862205973802758,N_max;D_max,2.0195419120198412,0.0,-0.0718383293916875,convex_logN_reduction_floating_point
1.3335214321633241e+23,2048,exponential,0.5,0.6713607648391644,1.6754490814383751,0.5814185814185814,observed_512,direct_and_near,172,False,CYJ_v8_Q1_v2_derived_policy,no_joint_A_B_or_bridge_interval,conditional_v8_fixed_policy_feasible,8.128680745659087e+18,11.965825,299.893,2.093384524595647,2.1602893513304946,2.0195419120198412,-0.06737146220598264,0.9348478761773423,2.1530802940349996e+22,1.46983614739456e+21,1.0817802414813648e+20,2.3108817111892697e+22,0.173291681367311,N_max;D_max,2.0195419120198412,0.0,-0.0718383293916875,convex_logN_reduction_floating_point
1.4330125702369627e+23,2048,exponential,0.5,0.6713607648391644,1.6754490814383751,0.5814185814185814,observed_512,direct_and_near,172,False,CYJ_v8_Q1_v2_derived_policy,no_joint_A_B_or_bridge_interval,conditional_v8_fixed_policy_feasible,8.128680745659087e+18,11.965825,299.893,2.093384524595647,2.1602893513304946,2.0195419120198412,-0.06737146220598264,0.9348478761773423,2.1530802940349996e+22,1.46983614739456e+21,1.0817802414813648e+20,2.3108817111892697e+22,0.16126039360611769,N_max;D_max,2.0195419120198412,0.0,-0.0718383293916875,convex_logN_reduction_floating_point
1.539926526059492e+23,2048,exponential,0.5,0.6713607648391644,1.6754490814383751,0.5814185814185814,observed_512,direct_and_near,172,False,CYJ_v8_Q1_v2_derived_policy,no_joint_A_B_or_bridge_interval,conditional_v8_fixed_policy_feasible,8.128680745659087e+18,11.965825,299.893,2.093384524595647,2.1602893513304946,2.0195419120198412,-0.06737146220598264,0.9348478761773423,2.1530802940349996e+22,1.46983614739456e+21,1.0817802414813648e+20,2.3108817111892697e+22,0.1500644135991715,N_max;D_max,2.0195419120198412,0.0,-0.0718383293916875,convex_logN_reduction_floating_point
1.6548170999431815e+23,2048,exponential,0.5,0.6713607648391644,1.6754490814383751,0.5814185814185814,observed_512,direct_and_near,172,False,CYJ_v8_Q1_v2_derived_policy,no_joint_A_B_or_bridge_interval,conditional_v8_fixed_policy_feasible,8.128680745659087e+18,11.965825,299.893,2.093384524595647,2.1602893513304946,2.0195419120198412,-0.06737146220598264,0.9348478761773423,2.1530802940349996e+22,1.46983614739456e+21,1.0817802414813648e+20,2.3108817111892697e+22,0.1396457476338995,N_max;D_max,2.0195419120198412,0.0,-0.0718383293916875,convex_logN_reduction_floating_point
1.7782794100389228e+23,2048,exponential,0.5,0.6713607648391644,1.6754490814383751,0.5814185814185814,observed_512,direct_and_near,172,False,CYJ_v8_Q1_v2_derived_policy,no_joint_A_B_or_bridge_interval,conditional_v8_fixed_policy_feasible,8.128680745659087e+18,11.965825,299.893,2.093384524595647,2.1602893513304946,2.0195419120198412,-0.06737146220598264,0.9348478761773423,2.1530802940349996e+22,1.46983614739456e+21,1.0817802414813648e+20,2.3108817111892697e+22,0.12995042838283155,N_max;D_max,2.0195419120198412,0.0,-0.0718383293916875,convex_logN_reduction_floating_point
1.9109529749704405e+23,2048,exponential,0.5,0.6713607648391644,1.6754490814383751,0.5814185814185814,observed_512,direct_and_near,172,False,CYJ_v8_Q1_v2_derived_policy,no_joint_A_B_or_bridge_interval,conditional_v8_fixed_policy_feasible,8.128680745659087e+18,11.965825,299.893,2.093384524595647,2.1602893513304946,2.0195419120198412,-0.06737146220598264,0.9348478761773423,2.1530802940349996e+22,1.46983614739456e+21,1.0817802414813648e+20,2.3108817111892697e+22,0.12092823535990023,N_max;D_max,2.0195419120198412,0.0,-0.0718383293916875,convex_logN_reduction_floating_point
2.053525026457146e+23,2048,exponential,0.5,0.6713607648391644,1.6754490814383751,0.5814185814185814,observed_512,direct_and_near,172,False,CYJ_v8_Q1_v2_derived_policy,no_joint_A_B_or_bridge_interval,conditional_v8_fixed_policy_feasible,8.128680745659087e+18,11.965825,299.893,2.093384524595647,2.1602893513304946,2.0195419120198412,-0.06737146220598264,0.9348478761773423,2.1530802940349996e+22,1.46983614739456e+21,1.0817802414813648e+20,2.3108817111892697e+22,0.11253243478488936,N_max;D_max,2.0195419120198412,0.0,-0.0718383293916875,convex_logN_reduction_floating_point
2.2067340690845896e+23,2048,exponential,0.5,0.6713607648391644,1.6754490814383751,0.5814185814185814,observed_512,direct_and_near,172,False,CYJ_v8_Q1_v2_derived_policy,no_joint_A_B_or_bridge_interval,conditional_v8_fixed_policy_feasible,8.128680745659087e+18,11.965825,299.893,2.093384524595647,2.1602893513304946,2.0195419120198412,-0.06737146220598264,0.9348478761773423,2.1530802940349996e+22,1.46983614739456e+21,1.0817802414813648e+20,2.3108817111892697e+22,0.10471953750856274,N_max;D_max,2.0195419120198412,0.0,-0.0718383293916875,convex_logN_reduction_floating_point
2.371373705661655e+23,2048,exponential,0.5,0.6713607648391644,1.6754490814383751,0.5814185814185814,observed_512,direct_and_near,172,False,CYJ_v8_Q1_v2_derived_policy,no_joint_A_B_or_bridge_interval,conditional_v8_fixed_policy_feasible,8.128680745659087e+18,11.965825,299.893,2.093384524595647,2.1602893513304946,2.0195419120198412,-0.06737146220598264,0.9348478761773423,2.1530802940349996e+22,1.46983614739456e+21,1.0817802414813648e+20,2.3108817111892697e+22,0.09744907374455739,N_max;D_max,2.0195419120198412,0.0,-0.0718383293916875,convex_logN_reduction_floating_point
2.5482967479793466e+23,2048,exponential,0.5,0.6713607648391644,1.6754490814383751,0.5814185814185814,observed_512,direct_and_near,172,False,CYJ_v8_Q1_v2_derived_policy,no_joint_A_B_or_bridge_interval,conditional_v8_fixed_policy_feasible,8.128680745659087e+18,11.965825,299.893,2.093384524595647,2.1602893513304946,2.0195419120198412,-0.06737146220598264,0.9348478761773423,2.1530802940349996e+22,1.46983614739456e+21,1.0817802414813648e+20,2.3108817111892697e+22,0.09068338344118151,N_max;D_max,2.0195419120198412,0.0,-0.0718383293916875,convex_logN_reduction_floating_point
2.738419634264361e+23,2048,exponential,0.5,0.6713607648391644,1.6754490814383751,0.5814185814185814,observed_512,direct_and_near,172,False,CYJ_v8_Q1_v2_derived_policy,no_joint_A_B_or_bridge_interval,conditional_v8_fixed_policy_feasible,8.128680745659087e+18,11.965825,299.893,2.093384524595647,2.1602893513304946,2.0195419120198412,-0.06737146220598264,0.9348478761773423,2.1530802940349996e+22,1.46983614739456e+21,1.0817802414813648e+20,2.3108817111892697e+22,0.08438742120727075,N_max;D_max,2.0195419120198412,0.0,-0.0718383293916875,convex_logN_reduction_floating_point
2.942727176209282e+23,2048,exponential,0.5,0.6713607648391644,1.6754490814383751,0.5814185814185814,observed_512,direct_and_near,172,False,CYJ_v8_Q1_v2_derived_policy,no_joint_A_B_or_bridge_interval,conditional_v8_fixed_policy_feasible,8.128680745659087e+18,11.965825,299.893,2.093384524595647,2.1602893513304946,2.0195419120198412,-0.06737146220598264,0.9348478761773423,2.1530802940349996e+22,1.46983614739456e+21,1.0817802414813648e+20,2.3108817111892697e+22,0.0785285747816441,N_max;D_max,2.0195419120198412,0.0,-0.0718383293916875,convex_logN_reduction_floating_point
3.162277660168379e+23,2048,exponential,0.5,0.6713607648391644,1.6754490814383751,0.5814185814185814,observed_512,direct_and_near,172,False,CYJ_v8_Q1_v2_derived_policy,no_joint_A_B_or_bridge_interval,conditional_v8_fixed_policy_feasible,8.128680745659087e+18,11.965825,299.893,2.093384524595647,2.1602893513304946,2.0195419120198412,-0.06737146220598264,0.9348478761773423,2.1530802940349996e+22,1.46983614739456e+21,1.0817802414813648e+20,2.3108817111892697e+22,0.07307649610585504,N_max;D_max,2.0195419120198412,0.0,-0.0718383293916875,convex_logN_reduction_floating_point
3.3982083289425596e+23,2048,exponential,0.5,0.6713607648391644,1.6754490814383751,0.5814185814185814,observed_512,direct_and_near,172,False,CYJ_v8_Q1_v2_derived_policy,no_joint_A_B_or_bridge_interval,conditional_v8_fixed_policy_feasible,8.128680745659087e+18,11.965825,299.893,2.093384524595647,2.1602893513304946,2.0195419120198412,-0.06737146220598264,0.9348478761773423,2.1530802940349996e+22,1.46983614739456e+21,1.0817802414813648e+20,2.3108817111892697e+22,0.06800294412521672,N_max;D_max,2.0195419120198412,0.0,-0.0718383293916875,convex_logN_reduction_floating_point
3.651741272548377e+23,2048,exponential,0.5,0.6713607648391644,1.6754490814383751,0.5814185814185814,observed_512,direct_and_near,172,False,CYJ_v8_Q1_v2_derived_policy,no_joint_A_B_or_bridge_interval,conditional_v8_fixed_policy_feasible,8.128680745659087e+18,11.965825,299.893,2.093384524595647,2.1602893513304946,2.0195419120198412,-0.06737146220598264,0.9348478761773423,2.1530802940349996e+22,1.46983614739456e+21,1.0817802414813648e+20,2.3108817111892697e+22,0.06328163850383121,N_max;D_max,2.0195419120198412,0.0,-0.0718383293916875,convex_logN_reduction_floating_point
3.924189758484536e+23,2048,exponential,0.5,0.6713607648391644,1.6754490814383751,0.5814185814185814,observed_512,direct_and_near,172,False,CYJ_v8_Q1_v2_derived_policy,no_joint_A_B_or_bridge_interval,conditional_v8_fixed_policy_feasible,8.128680745659087e+18,11.965825,299.893,2.093384524595647,2.1602893513304946,2.0195419120198412,-0.06737146220598264,0.9348478761773423,2.1530802940349996e+22,1.46983614739456e+21,1.0817802414813648e+20,2.3108817111892697e+22,0.05888812349588564,N_max;D_max,2.0195419120198412,0.0,-0.0718383293916875,convex_logN_reduction_floating_point
4.2169650342858225e+23,2048,exponential,0.5,0.6713607648391644,1.6754490814383751,0.5814185814185814,observed_512,direct_and_near,172,False,CYJ_v8_Q1_v2_derived_policy,no_joint_A_B_or_bridge_interval,conditional_v8_fixed_policy_feasible,8.128680745659087e+18,11.965825,299.893,2.093384524595647,2.1602893513304946,2.0195419120198412,-0.06737146220598264,0.9348478761773423,2.1530802940349996e+22,1.46983614739456e+21,1.0817802414813648e+20,2.3108817111892697e+22,0.05479964126808645,N_max;D_max,2.0195419120198412,0.0,-0.0718383293916875,convex_logN_reduction_floating_point
4.531583637600818e+23,2048,exponential,0.5,0.6713607648391644,1.6754490814383751,0.5814185814185814,observed_512,direct_and_near,172,False,CYJ_v8_Q1_v2_derived_policy,no_joint_A_B_or_bridge_interval,conditional_v8_fixed_policy_feasible,8.128680745659087e+18,11.965825,299.893,2.093384524595647,2.1602893513304946,2.0195419120198412,-0.06737146220598264,0.9348478761773423,2.1530802940349996e+22,1.46983614739456e+21,1.0817802414813648e+20,2.3108817111892697e+22,0.05099501401705857,N_max;D_max,2.0195419120198412,0.0,-0.0718383293916875,convex_logN_reduction_floating_point
4.869675251658631e+23,2048,exponential,0.5,0.6713607648391644,1.6754490814383751,0.5814185814185814,observed_512,direct_and_near,172,False,CYJ_v8_Q1_v2_derived_policy,no_joint_A_B_or_bridge_interval,conditional_v8_fixed_policy_feasible,8.128680745659087e+18,11.965825,299.893,2.093384524595647,2.1602893513304946,2.0195419120198412,-0.06737146220598264,0.9348478761773423,2.1530802940349996e+22,1.46983614739456e+21,1.0817802414813648e+20,2.3108817111892697e+22,0.0474545342710928,N_max;D_max,2.0195419120198412,0.0,-0.0718383293916875,convex_logN_reduction_floating_point
5.232991146814947e+23,2048,exponential,0.5,0.6713607648391644,1.6754490814383751,0.5814185814185814,observed_512,direct_and_near,172,False,CYJ_v8_Q1_v2_derived_policy,no_joint_A_B_or_bridge_interval,conditional_v8_fixed_policy_feasible,8.128680745659087e+18,11.965825,299.893,2.093384524595647,2.1602893513304946,2.0195419120198412,-0.06737146220598264,0.9348478761773423,2.1530802940349996e+22,1.46983614739456e+21,1.0817802414813648e+20,2.3108817111892697e+22,0.044159862808019174,N_max;D_max,2.0195419120198412,0.0,-0.0718383293916875,convex_logN_reduction_floating_point
5.623413251903491e+23,2048,exponential,0.5,0.6713607648391644,1.6754490814383751,0.5814185814185814,observed_512,direct_and_near,172,False,CYJ_v8_Q1_v2_derived_policy,no_joint_A_B_or_bridge_interval,conditional_v8_fixed_policy_feasible,8.128680745659087e+18,11.965825,299.893,2.093384524595647,2.1602893513304946,2.0195419120198412,-0.06737146220598264,0.9348478761773423,2.1530802940349996e+22,1.46983614739456e+21,1.0817802414813648e+20,2.3108817111892697e+22,0.04109393366043391,N_max;D_max,2.0195419120198412,0.0,-0.0718383293916875,convex_logN_reduction_floating_point
6.042963902381328e+23,2048,exponential,0.5,0.6713607648391644,1.6754490814383751,0.5814185814185814,observed_512,direct_and_near,172,False,CYJ_v8_Q1_v2_derived_policy,no_joint_A_B_or_bridge_interval,conditional_v8_fixed_policy_feasible,8.128680745659087e+18,11.965825,299.893,2.093384524595647,2.1602893513304946,2.0195419120198412,-0.06737146220598264,0.9348478761773423,2.1530802940349996e+22,1.46983614739456e+21,1.0817802414813648e+20,2.3108817111892697e+22,0.03824086571621964,N_max;D_max,2.0195419120198412,0.0,-0.0718383293916875,convex_logN_reduction_floating_point
6.493816315762113e+23,2048,exponential,0.5,0.6713607648391644,1.6754490814383751,0.5814185814185814,observed_512,direct_and_near,172,False,CYJ_v8_Q1_v2_derived_policy,no_joint_A_B_or_bridge_interval,conditional_v8_fixed_policy_feasible,8.128680745659087e+18,11.965825,299.893,2.093384524595647,2.1602893513304946,2.0195419120198412,-0.06737146220598264,0.9348478761773423,2.1530802940349996e+22,1.46983614739456e+21,1.0817802414813648e+20,2.3108817111892697e+22,0.035585880456461064,N_max;D_max,2.0195419120198412,0.0,-0.0718383293916875,convex_logN_reduction_floating_point
6.978305848598663e+23,2048,exponential,0.5,0.6713607648391644,1.6754490814383751,0.5814185814185814,observed_512,direct_and_near,172,False,CYJ_v8_Q1_v2_derived_policy,no_joint_A_B_or_bridge_interval,conditional_v8_fixed_policy_feasible,8.128680745659087e+18,11.965825,299.893,2.093384524595647,2.1602893513304946,2.0195419120198412,-0.06737146220598264,0.9348478761773423,2.1530802940349996e+22,1.46983614739456e+21,1.0817802414813648e+20,2.3108817111892697e+22,0.03311522540464926,N_max;D_max,2.0195419120198412,0.0,-0.0718383293916875,convex_logN_reduction_floating_point
7.498942093324558e+23,2048,exponential,0.5,0.6713607648391644,1.6754490814383751,0.5814185814185814,observed_512,direct_and_near,172,False,CYJ_v8_Q1_v2_derived_policy,no_joint_A_B_or_bridge_interval,conditional_v8_fixed_policy_feasible,8.128680745659087e+18,11.965825,299.893,2.093384524595647,2.1602893513304946,2.0195419120198412,-0.06737146220598264,0.9348478761773423,2.1530802940349996e+22,1.46983614739456e+21,1.0817802414813648e+20,2.3108817111892697e+22,0.030816102890651478,N_max;D_max,2.0195419120198412,0.0,-0.0718383293916875,convex_logN_reduction_floating_point
8.058421877614818e+23,2048,exponential,0.5,0.6713607648391644,1.6754490814383751,0.5814185814185814,observed_512,direct_and_near,172,False,CYJ_v8_Q1_v2_derived_policy,no_joint_A_B_or_bridge_interval,conditional_v8_fixed_policy_feasible,8.128680745659087e+18,11.965825,299.893,2.093384524595647,2.1602893513304946,2.0195419120198412,-0.06737146220598264,0.9348478761773423,2.1530802940349996e+22,1.46983614739456e+21,1.0817802414813648e+20,2.3108817111892697e+22,0.02867660376045314,N_max;D_max,2.0195419120198412,0.0,-0.0718383293916875,convex_logN_reduction_floating_point
8.659643233600654e+23,2048,exponential,0.5,0.6713607648391644,1.6754490814383751,0.5814185814185814,observed_512,direct_and_near,172,False,CYJ_v8_Q1_v2_derived_policy,no_joint_A_B_or_bridge_interval,conditional_v8_fixed_policy_feasible,8.128680745659087e+18,11.965825,299.893,2.093384524595647,2.1602893513304946,2.0195419120198412,-0.06737146220598264,0.9348478761773423,2.1530802940349996e+22,1.46983614739456e+21,1.0817802414813648e+20,2.3108817111892697e+22,0.02668564568829716,N_max;D_max,2.0195419120198412,0.0,-0.0718383293916875,convex_logN_reduction_floating_point
9.30572040929699e+23,2048,exponential,0.5,0.6713607648391644,1.6754490814383751,0.5814185814185814,observed_512,direct_and_near,172,False,CYJ_v8_Q1_v2_derived_policy,no_joint_A_B_or_bridge_interval,conditional_v8_fixed_policy_feasible,8.128680745659087e+18,11.965825,299.893,2.093384524595647,2.1602893513304946,2.0195419120198412,-0.06737146220598264,0.9348478761773423,2.1530802940349996e+22,1.46983614739456e+21,1.0817802414813648e+20,2.3108817111892697e+22,0.02483291577168551,N_max;D_max,2.0195419120198412,0.0,-0.0718383293916875,convex_logN_reduction_floating_point
1e+24,2048,exponential,0.5,0.6713607648391644,1.6754490814383751,0.5814185814185814,observed_512,direct_and_near,172,False,CYJ_v8_Q1_v2_derived_policy,no_joint_A_B_or_bridge_interval,conditional_v8_fixed_policy_feasible,8.128680745659087e+18,11.965825,299.893,2.093384524595647,2.1602893513304946,2.0195419120198412,-0.06737146220598264,0.9348478761773423,2.1530802940349996e+22,1.46983614739456e+21,1.0817802414813648e+20,2.3108817111892697e+22,0.023108817111892697,N_max;D_max,2.0195419120198412,0.0,-0.0718383293916875,convex_logN_reduction_floating_point
1e+19,2048,power,0.5,0.6713607648391644,1.6754490814383751,0.5814185814185814,observed_512,direct_and_near,172,False,CYJ_v8_Q1_v2_derived_policy,no_joint_A_B_or_bridge_interval,infeasible_within_v8_support,1.155412377874907e+19,,,,,,,,,,,,,,,,,
1.0746078283213175e+19,2048,power,0.5,0.6713607648391644,1.6754490814383751,0.5814185814185814,observed_512,direct_and_near,172,False,CYJ_v8_Q1_v2_derived_policy,no_joint_A_B_or_bridge_interval,infeasible_within_v8_support,1.155412377874907e+19,,,,,,,,,,,,,,,,,
1.1547819846894582e+19,2048,power,0.5,0.6713607648391644,1.6754490814383751,0.5814185814185814,observed_512,direct_and_near,172,False,CYJ_v8_Q1_v2_derived_policy,no_joint_A_B_or_bridge_interval,infeasible_within_v8_support,1.155412377874907e+19,,,,,,,,,,,,,,,,,
1.2409377607517196e+19,2048,power,0.5,0.6713607648391644,1.6754490814383751,0.5814185814185814,observed_512,direct_and_near,172,False,CYJ_v8_Q1_v2_derived_policy,no_joint_A_B_or_bridge_interval,conditional_v8_fixed_policy_feasible,1.155412377874907e+19,0.08388532608537391,10.0,3.162950033008336,3.3462036709034977,3.1281913950009614,-0.06737146220598264,0.9348478761773423,5.033119565122435e+18,3.435942956456916e+17,7.03266374674907e+18,1.2409377607517196e+19,1.0,D_min;budget,3.1281913950009614,0.0,-0.218482257359204,convex_logN_reduction_floating_point
1.3335214321633241e+19,2048,power,0.5,0.6713607648391644,1.6754490814383751,0.5814185814185814,observed_512,direct_and_near,172,False,CYJ_v8_Q1_v2_derived_policy,no_joint_A_B_or_bridge_interval,conditional_v8_fixed_policy_feasible,1.155412377874907e+19,0.0983298579456467,10.0,3.119724460546277,3.2997870932034505,3.0847989559186515,-0.06737146220598264,0.9348478761773423,5.899791476738802e+18,4.027590981453689e+17,7.03266374674907e+18,1.3335214321633241e+19,1.0,D_min;budget,3.0847989559186515,0.0,-0.19642270679702412,convex_logN_reduction_floating_point
1.4330125702369628e+19,2048,power,0.5,0.6713607648391644,1.6754490814383751,0.5814185814185814,observed_512,direct_and_near,172,False,CYJ_v8_Q1_v2_derived_policy,no_joint_A_B_or_bridge_interval,conditional_v8_fixed_policy_feasible,1.155412377874907e+19,0.11385206495913251,10.0,3.081865119386798,3.2589838859914986,3.0466541643153344,-0.06737146220598264,0.9348478761773423,6.831123897547951e+18,4.663380580726068e+17,7.03266374674907e+18,1.4330125702369628e+19,1.0,D_min;budget,3.0466541643153344,0.0,-0.17669882846704377,convex_logN_reduction_floating_point
1.539926526059492e+19,2048,power,0.5,0.6713607648391644,1.6754490814383751,0.5814185814185814,observed_512,direct_and_near,172,False,CYJ_v8_Q1_v2_derived_policy,no_joint_A_B_or_bridge_interval,conditional_v8_fixed_policy_feasible,1.155412377874907e+19,0.1305323501286484,10.0,3.0482111221191417,3.2225838784617467,3.0126256945833068,-0.06737146220598264,0.9348478761773423,7.831941007718903e+18,5.346605061269439e+17,7.03266374674907e+18,1.5399265260594917e+19,0.9999999999999999,D_min;budget,3.0126256945833068,0.0,-0.15888044378829205,convex_logN_reduction_floating_point
1.6548170999431815e+19,2048,power,0.5,0.6713607648391644,1.6754490814383751,0.5814185814185814,observed_512,direct_and_near,172,False,CYJ_v8_Q1_v2_derived_policy,no_joint_A_B_or_bridge_interval,conditional_v8_fixed_policy_feasible,1.155412377874907e+19,0.14845711515044224,10.0,3.0179351993730306,3.189723549757849,2.9819062860839782,-0.06737146220598264,0.9348478761773423,8.907426909026534e+18,6.080803436562115e+17,7.03266374674907e+18,1.6548170999431815e+19,1.0,D_min;budget,2.9819062860839782,0.0,-0.14265326371206608,convex_logN_reduction_floating_point
1.7782794100389229e+19,2048,power,0.5,0.6713607648391644,1.6754490814383751,0.5814185814185814,observed_512,direct_and_near,172,False,CYJ_v8_Q1_v2_derived_policy,no_joint_A_B_or_bridge_interval,conditional_v8_fixed_policy_feasible,1.155412377874907e+19,0.16771920796368195,10.0,2.990428678708813,3.159766788654124,2.953901271589009,-0.06737146220598264,0.9348478761773423,1.0063152477820916e+19,6.869778758192412e+17,7.03266374674907e+18,1.7782794100389229e+19,1.0,D_min;budget,2.953901271589009,0.0,-0.12777961213233197,convex_logN_reduction_floating_point
1.9109529749704405e+19,2048,power,0.5,0.6713607648391644,1.6754490814383751,0.5814185814185814,observed_512,direct_and_near,172,False,CYJ_v8_Q1_v2_derived_policy,no_joint_A_B_or_bridge_interval,conditional_v8_fixed_policy_feasible,1.155412377874907e+19,0.18841840369064117,10.0,2.9652317324828767,3.1322325029588796,2.9281609030847497,-0.06737146220598264,0.9348478761773423,1.130510422143847e+19,7.717617815168663e+17,7.03266374674907e+18,1.9109529749704405e+19,1.0,D_min;budget,2.9281609030847497,0.0,-0.11407455196628692,convex_logN_reduction_floating_point
2.053525026457146e+19,2048,power,0.5,0.6713607648391644,1.6754490814383751,0.5814185814185814,observed_512,direct_and_near,172,False,CYJ_v8_Q1_v2_derived_policy,no_joint_A_B_or_bridge_interval,conditional_v8_fixed_policy_feasible,1.155412377874907e+19,0.2106619214587867,10.0,2.9419891751269986,3.1067486976531833,2.9043374218178024,-0.06737146220598264,0.9348478761773423,1.26397152875272e+19,8.628712302951904e+17,7.03266374674907e+18,2.053525026457146e+19,1.0,D_min;budget,2.9043374218178024,0.0,-0.10139070871694007,convex_logN_reduction_floating_point
2.2067340690845897e+19,2048,power,0.5,0.6713607648391644,1.6754490814383751,0.5814185814185814,observed_512,direct_and_near,172,False,CYJ_v8_Q1_v2_derived_policy,no_joint_A_B_or_bridge_interval,conditional_v8_fixed_policy_feasible,1.155412377874907e+19,0.23456497978184013,10.0,2.9204214016032926,3.083022254039586,2.88215680639639,-0.06737146220598264,0.9348478761773423,1.4073898786910409e+19,9.607781571864172e+17,7.03266374674907e+18,2.2067340690845893e+19,0.9999999999999998,D_min;budget,2.88215680639639,0.0,-0.0896082521009395,convex_logN_reduction_floating_point
2.3713737056616554e+19,2048,power,0.5,0.6713607648391644,1.6754490814383751,0.5814185814185814,observed_512,direct_and_near,172,False,CYJ_v8_Q1_v2_derived_policy,no_joint_A_B_or_bridge_interval,conditional_v8_fixed_policy_feasible,1.155412377874907e+19,0.2602513933766145,10.0,2.9003046742911884,3.0608184116830803,2.861399591526434,-0.06737146220598264,0.9348478761773423,1.5615083602596872e+19,1.0659897072706131e+18,7.03266374674907e+18,2.3713737056616554e+19,1.0,D_min;budget,2.861399591526434,0.0,-0.07862806557910204,convex_logN_reduction_floating_point
2.5482967479793463e+19,2048,power,0.5,0.6713607648391644,1.6754490814383751,0.5814185814185814,observed_512,direct_and_near,172,False,CYJ_v8_Q1_v2_derived_policy,no_joint_A_B_or_bridge_interval,conditional_v8_fixed_policy_feasible,1.155412377874907e+19,0.28785421450705806,10.0,2.8814573869759275,3.0399464592735725,2.841887491144731,-0.06737146220598264,0.9348478761773423,1.7271252870423482e+19,1.1790508626209098e+18,7.03266374674907e+18,2.548296747979346e+19,0.9999999999999999,D_min;budget,2.841887491144731,0.0,-0.06836695692184047,convex_logN_reduction_floating_point
2.7384196342643614e+19,2048,power,0.5,0.6713607648391644,1.6754490814383751,0.5814185814185814,observed_512,direct_and_near,172,False,CYJ_v8_Q1_v2_derived_policy,no_joint_A_B_or_bridge_interval,conditional_v8_fixed_policy_feasible,1.155412377874907e+19,0.3175164221775858,10.000000000000002,2.8637302674010985,3.020249520087058,2.8234738493790235,-0.06737146220598264,0.9348478761773423,1.905098533065515e+19,1.3005472652393915e+18,7.032663746749071e+18,2.7384196342643614e+19,1.0,D_min;budget,2.8234738493790235,0.0,-0.058754216118027,convex_logN_reduction_floating_point
2.942727176209282e+19,2048,power,0.5,0.6713607648391644,1.6754490814383751,0.5814185814185814,observed_512,direct_and_near,172,False,CYJ_v8_Q1_v2_derived_policy,no_joint_A_B_or_bridge_interval,conditional_v8_fixed_policy_feasible,1.155412377874907e+19,0.34939166274562766,10.0,2.8469992442759406,3.001597109567799,2.8060366830195065,-0.06737146220598264,0.9348478761773423,2.096349976473766e+19,1.4311082506060908e+18,7.03266374674907e+18,2.942727176209282e+19,1.0,D_min;budget,2.8060366830195065,0.0,-0.049729086873214284,convex_logN_reduction_floating_point
3.162277660168379e+19,2048,power,0.5,0.6713607648391644,1.6754490814383751,0.5814185814185814,observed_512,direct_and_near,172,False,CYJ_v8_Q1_v2_derived_policy,no_joint_A_B_or_bridge_interval,conditional_v8_fixed_policy_feasible,1.155412377874907e+19,0.3836450457896705,10.0,2.8311601590207407,2.983879613582743,2.789473519526696,-0.06737146220598264,0.9348478761773423,2.3018702747380232e+19,1.5714101075544906e+18,7.03266374674907e+18,3.1622776601683796e+19,1.0000000000000002,D_min;budget,2.789473519526696,0.0,-0.04123887246995683,convex_logN_reduction_floating_point
3.3982083289425592e+19,2048,power,0.5,0.6713607648391644,1.6754490814383751,0.5814185814185814,observed_512,direct_and_near,172,False,CYJ_v8_Q1_v2_derived_policy,no_joint_A_B_or_bridge_interval,conditional_v8_fixed_policy_feasible,1.155412377874907e+19,0.4204539993552877,10.0,2.816124781231739,2.9670041249995402,2.773697504865234,-0.06737146220598264,0.9348478761773423,2.522723996131726e+19,1.7221795813592586e+18,7.03266374674907e+18,3.3982083289425592e+19,1.0,D_min;budget,2.773697504865234,0.0,-0.033237491553440995,convex_logN_reduction_floating_point
3.651741272548377e+19,2048,power,0.5,0.6713607648391644,1.6754490814383751,0.5814185814185814,observed_512,direct_and_near,172,False,CYJ_v8_Q1_v2_derived_policy,no_joint_A_B_or_bridge_interval,conditional_v8_fixed_policy_feasible,1.155412377874907e+19,0.46000918900921584,10.0,2.8018177625873313,2.9508912586587335,2.7586344259874016,-0.06737146220598264,0.9348478761773423,2.760055134055295e+19,1.8841976381817482e+18,7.03266374674907e+18,3.6517412725483766e+19,0.9999999999999999,D_min;budget,2.7586344259874016,0.0,-0.025684359189399653,convex_logN_reduction_floating_point
3.924189758484536e+19,2048,power,0.5,0.6713607648391644,1.6754490814383751,0.5814185814185814,observed_512,direct_and_near,172,False,CYJ_v8_Q1_v2_derived_policy,no_joint_A_B_or_bridge_interval,conditional_v8_fixed_policy_feasible,1.155412377874907e+19,0.5025155054620614,10.0,2.788174277505414,2.9354726827896007,2.7442204030824637,-0.06737146220598264,0.9348478761773423,3.0150930327723684e+19,2.0583035103726031e+18,7.03266374674907e+18,3.924189758484536e+19,1.0,D_min;budget,2.7442204030824637,0.0,-0.018543507191768033,convex_logN_reduction_floating_point
4.216965034285823e+19,2048,power,0.5,0.6713607648391644,1.6754490814383751,0.5814185814185814,observed_512,direct_and_near,172,False,CYJ_v8_Q1_v2_derived_policy,no_joint_A_B_or_bridge_interval,conditional_v8_fixed_policy_feasible,1.155412377874907e+19,0.5481931258753925,10.0,2.775138173922432,2.9206891829283945,2.7304000796347467,-0.06737146220598264,0.9348478761773423,3.289158755252355e+19,2.2453990435856077e+18,7.03266374674907e+18,4.216965034285823e+19,1.0,D_min;budget,2.7304000796347467,0.0,-0.011782883267049904,convex_logN_reduction_floating_point
4.531583637600818e+19,2048,power,0.5,0.6713607648391644,1.6754490814383751,0.5814185814185814,observed_512,direct_and_near,172,False,CYJ_v8_Q1_v2_derived_policy,no_joint_A_B_or_bridge_interval,conditional_v8_fixed_policy_feasible,1.155412377874907e+19,0.5972786543506476,10.0,2.762660508167079,2.9064891270184066,2.717125187525695,-0.06737146220598264,0.9348478761773423,3.583671926103886e+19,2.4464533682202527e+18,7.03266374674907e+18,4.531583637600818e+19,1.0,D_min;budget,2.717125187525695,0.0,-0.005373785754317351,convex_logN_reduction_floating_point
4.869675251658631e+19,2048,power,0.5,0.6713607648391644,1.6754490814383751,0.5814185814185814,observed_512,direct_and_near,172,False,CYJ_v8_Q1_v2_derived_policy,no_joint_A_B_or_bridge_interval,conditional_v8_fixed_policy_feasible,1.155412377874907e+19,0.6457636606070414,10.056423224829837,2.75059155850464,2.892824902006766,2.7043512157939533,-0.06737146220598264,0.9348478761773423,3.89644360456787e+19,2.6599721673849994e+18,7.072344303522616e+18,4.8696752516586316e+19,1.0000000000000002,budget,2.7043512157939533,0.0,-2.7755575615628914e-17,convex_logN_reduction_floating_point
5.2329911468149465e+19,2048,power,0.5,0.6713607648391644,1.6754490814383751,0.5814185814185814,observed_512,direct_and_near,172,False,CYJ_v8_Q1_v2_derived_policy,no_joint_A_B_or_bridge_interval,conditional_v8_fixed_policy_feasible,1.155412377874907e+19,0.664828084034589,10.540719235114937,2.738047477301749,2.879465199362956,2.6918619261510273,-0.06737146220598264,0.9348478761773423,4.204659704056801e+19,2.87038102463611e+18,7.41293340294534e+18,5.2329911468149465e+19,1.0,budget,2.6918619261510273,0.0,-2.7755575615628914e-17,convex_logN_reduction_floating_point
5.6234132519034905e+19,2048,power,0.5,0.6713607648391644,1.6754490814383751,0.5814185814185814,observed_512,direct_and_near,172,False,CYJ_v8_Q1_v2_derived_policy,no_joint_A_B_or_bridge_interval,conditional_v8_fixed_policy_feasible,1.155412377874907e+19,0.6845384108893281,11.046045249756126,2.72567453556282,2.8662752188810705,2.679531300910716,-0.06737146220598264,0.9348478761773423,4.536865357127802e+19,3.097166750465913e+18,7.768312197290969e+18,5.62341325190349e+19,0.9999999999999999,budget,2.679531300910716,0.0,-5.551115123125783e-17,convex_logN_reduction_floating_point
6.042963902381328e+19,2048,power,0.5,0.6713607648391644,1.6754490814383751,0.5814185814185814,observed_512,direct_and_near,172,False,CYJ_v8_Q1_v2_derived_policy,no_joint_A_B_or_bridge_interval,conditional_v8_fixed_policy_feasible,1.155412377874907e+19,0.704918202649962,11.573211202146144,2.7134697794419775,2.8532520123435936,2.667356583938137,-0.06737146220598264,0.9348478761773423,4.89490034370316e+19,3.341585301301357e+18,8.139050285480342e+18,6.04296390238133e+19,1.0000000000000002,budget,2.667356583938137,0.0,-2.7755575615628914e-17,convex_logN_reduction_floating_point
6.493816315762113e+19,2048,power,0.5,0.6713607648391644,1.6754490814383751,0.5814185814185814,observed_512,direct_and_near,172,False,CYJ_v8_Q1_v2_derived_policy,no_joint_A_B_or_bridge_interval,conditional_v8_fixed_policy_feasible,1.155412377874907e+19,0.7259919051570224,12.123054929581551,2.7014303173260594,2.840392694116568,2.655335077604513,-0.06737146220598264,0.9348478761773423,5.280743846790085e+19,3.604987799408698e+18,8.525736890311578e+18,6.493816315762112e+19,0.9999999999999999,budget,2.655335077604513,0.0,-2.7755575615628914e-17,convex_logN_reduction_floating_point
6.978305848598663e+19,2048,power,0.5,0.6713607648391644,1.6754490814383751,0.5814185814185814,observed_512,direct_and_near,172,False,CYJ_v8_Q1_v2_derived_policy,no_joint_A_B_or_bridge_interval,conditional_v8_fixed_policy_feasible,1.155412377874907e+19,0.7477848822953257,12.696443107044432,2.6895533185436387,2.8276944398469332,2.6434641415693854,-0.06737146220598264,0.9348478761773423,5.696524928622312e+19,3.8888276846061645e+18,8.92898151515735e+18,6.978305848598663e+19,1.0,budget,2.6434641415693854,0.0,-2.7755575615628914e-17,convex_logN_reduction_floating_point
7.498942093324558e+19,2048,power,0.5,0.6713607648391644,1.6754490814383751,0.5814185814185814,observed_512,direct_and_near,172,False,CYJ_v8_Q1_v2_derived_policy,no_joint_A_B_or_bridge_interval,conditional_v8_fixed_policy_feasible,1.155412377874907e+19,0.770323451006879,13.294272214963373,2.6778360120947404,2.8151544851799355,2.631741191581582,-0.06737146220598264,0.9348478761773423,6.144533790753271e+19,4.194668401154233e+18,9.349414624558637e+18,7.498942093324558e+19,1.0,budget,2.631741191581582,0.0,-2.7755575615628914e-17,convex_logN_reduction_floating_point
8.058421877614818e+19,2048,power,0.5,0.6713607648391644,1.6754490814383751,0.5814185814185814,observed_512,direct_and_near,172,False,CYJ_v8_Q1_v2_derived_policy,no_joint_A_B_or_bridge_interval,conditional_v8_fixed_policy_feasible,1.155412377874907e+19,0.7936349176905652,13.91746954205937,2.6662756854009415,2.8027701244963343,2.6201636982987035,-0.06737146220598264,0.9348478761773423,6.6272338766839415e+19,4.5241916598162376e+18,9.787688349492531e+18,8.058421877614818e+19,1.0,budget,2.6201636982987035,0.0,-5.551115123125783e-17,convex_logN_reduction_floating_point
8.659643233600653e+19,2048,power,0.5,0.6713607648391644,1.6754490814383751,0.5814185814185814,observed_512,direct_and_near,172,False,CYJ_v8_Q1_v2_derived_policy,no_joint_A_B_or_bridge_interval,conditional_v8_fixed_policy_feasible,1.155412377874907e+19,0.8177476160474189,14.566994224392106,2.6548696830755603,2.7905387096691583,2.608729186124874,-0.06737146220598264,0.9348478761773423,7.147274879983899e+19,4.879206318069008e+18,1.0244477218098545e+19,8.659643233600653e+19,1.0,budget,2.608729186124874,0.0,-2.7755575615628914e-17,convex_logN_reduction_floating_point
9.30572040929699e+19,2048,power,0.5,0.6713607648391644,1.6754490814383751,0.5814185814185814,observed_512,direct_and_near,172,False,CYJ_v8_Q1_v2_derived_policy,no_joint_A_B_or_bridge_interval,conditional_v8_fixed_policy_feasible,1.155412377874907e+19,0.8426909464329265,15.243838321731426,2.6436154057136623,2.7784576488397654,2.597435232066547,-0.06737146220598264,0.9348478761773423,7.707506725566222e+19,5.261657924653208e+18,1.072047891265448e+19,9.30572040929699e+19,1.0,budget,2.597435232066547,0.0,-2.7755575615628914e-17,convex_logN_reduction_floating_point
1e+20,2048,power,0.5,0.6713607648391644,1.6754490814383751,0.5814185814185814,observed_512,direct_and_near,172,False,CYJ_v8_Q1_v2_derived_policy,no_joint_A_B_or_bridge_interval,conditional_v8_fixed_policy_feasible,1.155412377874907e+19,0.8684954167804954,15.94902793238795,2.632510308701631,2.7665244052130102,2.586279464606168,-0.06737146220598264,0.9348478761773423,8.31099459682982e+19,5.67363897810249e+18,1.1216415053599302e+19,9.999999999999998e+19,0.9999999999999999,budget,2.586279464606168,0.0,-2.7755575615628914e-17,convex_logN_reduction_floating_point
1.0746078283213175e+20,2048,power,0.5,0.6713607648391644,1.6754490814383751,0.5814185814185814,observed_512,direct_and_near,172,False,CYJ_v8_Q1_v2_derived_policy,no_joint_A_B_or_bridge_interval,conditional_v8_fixed_policy_feasible,1.155412377874907e+19,0.8951926851630866,16.68362434764574,2.621551901046065,2.7547364958713185,2.575259562593516,-0.06737146220598264,0.9348478761773423,8.961035086812742e+19,6.117399952597499e+18,1.173303201140683e+19,1.0746078283213177e+20,1.0000000000000002,budget,2.575259562593516,0.0,-2.7755575615628914e-17,convex_logN_reduction_floating_point
1.1547819846894582e+20,2048,power,0.5,0.6713607648391644,1.6754490814383751,0.5814185814185814,observed_512,direct_and_near,172,False,CYJ_v8_Q1_v2_derived_policy,no_joint_A_B_or_bridge_interval,conditional_v8_fixed_policy_feasible,1.155412377874907e+19,0.9228156040629688,17.448725246948882,2.610737744221772,2.7430914906074775,2.5643732541545403,-0.06737146220598264,0.9348478761773423,9.661173557335145e+19,6.595361148474125e+18,1.2271101747120261e+19,1.1547819846894582e+20,1.0,budget,2.5643732541545403,0.0,-2.7755575615628914e-17,convex_logN_reduction_floating_point
1.2409377607517195e+20,2048,power,0.5,0.6713607648391644,1.6754490814383751,0.5814185814185814,observed_512,direct_and_near,172,False,CYJ_v8_Q1_v2_derived_policy,no_joint_A_B_or_bridge_interval,conditional_v8_fixed_policy_feasible,1.155412377874907e+19,0.9513982664226452,18.245465935002997,2.600065451038657,2.7315870107759994,2.553618315617558,-0.06737146220598264,0.9348478761773423,1.0415222796381168e+20,7.110125428996211e+18,1.283142268236407e+19,1.2409377607517195e+20,1.0,budget,2.553618315617558,0.0,-2.7755575615628914e-17,convex_logN_reduction_floating_point
1.333521432163324e+20,2048,power,0.5,0.6713607648391644,1.6754490814383751,0.5814185814185814,observed_512,direct_and_near,172,False,CYJ_v8_Q1_v2_derived_policy,no_joint_A_B_or_bridge_interval,conditional_v8_fixed_policy_feasible,1.155412377874907e+19,0.9809760535532421,19.07502062196189,2.5895326845273074,2.7202207281628925,2.5429925704566636,-0.06737146220598264,0.9348478761773423,1.122728307070733e+20,7.664491909602872e+18,1.3414820599656229e+19,1.3335214321633242e+20,1.0000000000000002,budget,2.5429925704566636,0.0,-2.7755575615628914e-17,convex_logN_reduction_floating_point
1.4330125702369627e+20,2048,power,0.5,0.6713607648391644,1.6754490814383751,0.5814185814185814,observed_512,direct_and_near,172,False,CYJ_v8_Q1_v2_derived_policy,no_joint_A_B_or_bridge_interval,conditional_v8_fixed_policy_feasible,1.155412377874907e+19,1.0115856849800287,19.9386037478791,2.5791371568431,2.70899036387372,2.532493888252233,-0.06737146220598264,0.9348478761773423,1.2101763677906187e+20,8.261470670783957e+18,1.4022149573850448e+19,1.4330125702369627e+20,1.0,budget,2.532493888252233,0.0,-2.7755575615628914e-17,convex_logN_reduction_floating_point
1.539926526059492e+20,2048,power,0.5,0.6713607648391644,1.6754490814383751,0.5814185814185814,observed_512,direct_and_near,172,False,CYJ_v8_Q1_v2_derived_policy,no_joint_A_B_or_bridge_interval,conditional_v8_fixed_policy_feasible,1.155412377874907e+19,1.0432652703082574,20.83747135261434,2.56887662818864,2.6978936872398016,2.5221201836683877,-0.06737146220598264,0.9348478761773423,1.3043406109935462e+20,8.904298571049276e+18,1.4654292935545317e+19,1.539926526059492e+20,1.0,budget,2.5221201836683877,0.0,-2.7755575615628914e-17,convex_logN_reduction_floating_point
1.6548170999431814e+20,2048,power,0.5,0.6713607648391644,1.6754490814383751,0.5814185814185814,observed_512,direct_and_near,172,False,CYJ_v8_Q1_v2_derived_policy,no_joint_A_B_or_bridge_interval,conditional_v8_fixed_policy_feasible,1.155412377874907e+19,1.0760543631962123,21.772922492395086,2.558748905754396,2.6869285147424633,2.511869415447333,-0.06737146220598264,0.9348478761773423,1.4057308948484809e+20,9.59645624216563e+18,1.5312164267304432e+19,1.6548170999431814e+20,1.0,budget,2.511869415447333,0.0,-2.7755575615628914e-17,convex_logN_reduction_floating_point
1.778279410038923e+20,2048,power,0.5,0.6713607648391644,1.6754490814383751,0.5814185814185814,observed_512,direct_and_near,172,False,CYJ_v8_Q1_v2_derived_policy,no_joint_A_B_or_bridge_interval,conditional_v8_fixed_policy_feasible,1.155412377874907e+19,1.1099940175261933,22.746300704244973,2.548751842677363,2.6760927089552276,2.501739585420465,-0.06737146220598264,0.9348478761773423,1.5148954621538255e+20,1.0341686354970114e+19,1.5996708433539645e+19,1.778279410038923e+20,1.0,budget,2.501739585420465,0.0,-5.551115123125783e-17,convex_logN_reduction_floating_point
1.9109529749704406e+20,2048,power,0.5,0.6713607648391644,1.6754490814383751,0.5814185814185814,observed_512,direct_and_near,172,False,CYJ_v8_Q1_v2_derived_policy,no_joint_A_B_or_bridge_interval,conditional_v8_fixed_policy_feasible,1.155412377874907e+19,1.1451268458682142,23.758995519502037,2.5388833370176176,2.6653841775038285,2.4917287375361465,-0.06737146220598264,0.9348478761773423,1.6324238160146642e+20,1.1144013250660106e+19,1.6708902644917555e+19,1.9109529749704406e+20,1.0,budget,2.4917287375361465,0.0,-2.7755575615628914e-17,convex_logN_reduction_floating_point
2.053525026457146e+20,2048,power,0.5,0.6713607648391644,1.6754490814383751,0.5814185814185814,observed_512,direct_and_near,172,False,CYJ_v8_Q1_v2_derived_policy,no_joint_A_B_or_bridge_interval,conditional_v8_fixed_policy_feasible,1.155412377874907e+19,1.181497080335369,24.812444027663016,2.529141330752627,2.6548008720439906,2.481834956904081,-0.06737146220598264,0.9348478761773423,1.7589498104801172e+20,1.2007764039544267e+19,1.7449757558158617e+19,2.053525026457146e+20,1.0,budget,2.481834956904081,0.0,-2.7755575615628914e-17,convex_logN_reduction_floating_point
2.20673406908459e+20,2048,power,0.5,0.6713607648391644,1.6754490814383751,0.5814185814185814,observed_512,direct_and_near,172,False,CYJ_v8_Q1_v2_derived_policy,no_joint_A_B_or_bridge_interval,conditional_v8_fixed_policy_feasible,1.155412377874907e+19,1.2191506359342792,25.908132491802142,2.5195238087891854,2.6443407872568563,2.4720563688561934,-0.06737146220598264,0.9348478761773423,1.8951549721950087e+20,1.293759127685126e+19,1.8220318412106858e+19,2.20673406908459e+20,1.0,budget,2.4720563688561934,0.0,-2.7755575615628914e-17,convex_logN_reduction_floating_point
2.3713737056616553e+20,2048,power,0.5,0.6713607648391644,1.6754490814383751,0.5814185814185814,observed_512,direct_and_near,172,False,CYJ_v8_Q1_v2_derived_policy,no_joint_A_B_or_bridge_interval,conditional_v8_fixed_policy_feasible,1.155412377874907e+19,1.2581351765185786,27.047598016828097,2.5100287979928546,2.6340019598620077,2.462391138023955,-0.06737146220598264,0.9348478761773423,2.0417720703183346e+20,1.3938497333373164e+19,1.90216662009589e+19,2.371373705661655e+20,0.9999999999999999,budget,2.462391138023955,0.0,-5.551115123125783e-17,convex_logN_reduction_floating_point
2.5482967479793464e+20,2048,power,0.5,0.6713607648391644,1.6754490814383751,0.5814185814185814,observed_512,direct_and_near,172,False,CYJ_v8_Q1_v2_derived_policy,no_joint_A_B_or_bridge_interval,conditional_v8_fixed_policy_feasible,1.155412377874907e+19,1.2985001834582832,28.232430271856447,2.5006543662347847,2.6237824676479784,2.452837467432059,-0.06737146220598264,0.9348478761773423,2.199588953248727e+20,1.5015860587511312e+19,1.9854918885550584e+19,2.5482967479793464e+20,1.0,budget,2.452837467432059,0.0,-2.7755575615628914e-17,convex_logN_reduction_floating_point
2.7384196342643612e+20,2048,power,0.5,0.6713607648391644,1.6754490814383751,0.5814185814185814,observed_512,direct_and_near,172,False,CYJ_v8_Q1_v2_derived_policy,no_joint_A_B_or_bridge_interval,conditional_v8_fixed_policy_feasible,1.155412377874907e+19,1.3402970271428762,29.46427326799154,2.4913986214558026,2.613680428520198,2.443393597608393,-0.06737146220598264,0.9348478761773423,2.3694526720808626e+20,1.617546357473869e+19,2.0721232643611185e+19,2.738419634264362e+20,1.0000000000000002,budget,2.443393597608394,-8.303117093232103e-16,0.0,convex_logN_reduction_floating_point
2.942727176209282e+20,2048,power,0.5,0.6713607648391644,1.6754490814383751,0.5814185814185814,observed_512,direct_and_near,172,False,CYJ_v8_Q1_v2_derived_policy,no_joint_A_B_or_bridge_interval,conditional_v8_fixed_policy_feasible,1.155412377874907e+19,1.3835790414412745,30.74482719282728,2.4822597107476554,2.6036939995662864,2.434057805710233,-0.06737146220598264,0.9348478761773423,2.552273912203776e+20,1.7423523240644444e+19,2.162180315990614e+19,2.942727176209282e+20,1.0,budget,2.434057805710233,0.0,-5.551115123125783e-17,convex_logN_reduction_floating_point
3.1622776601683794e+20,2048,power,0.5,0.6713607648391644,1.6754490814383751,0.5814185814185814,observed_512,direct_and_near,172,False,CYJ_v8_Q1_v2_derived_policy,no_joint_A_B_or_bridge_interval,conditional_v8_fixed_policy_feasible,1.155412377874907e+19,1.428401601247341,32.07585030299419,2.473235819451288,2.593821376138609,2.42482840466657,-0.06737146220598264,0.9348478761773423,2.7490317560500145e+20,1.8766723454634766e+19,2.2557866957201744e+19,3.1622776601683794e+20,1.0,budget,2.42482840466657,0.0,-2.7755575615628914e-17,convex_logN_reduction_floating_point
3.3982083289425596e+20,2048,power,0.5,0.6713607648391644,1.6754490814383751,0.5814185814185814,observed_512,direct_and_near,172,False,CYJ_v8_Q1_v2_derived_policy,no_joint_A_B_or_bridge_interval,conditional_v8_fixed_policy_feasible,1.155412377874907e+19,1.4748222032454088,33.45916087609743,2.4643251702720583,2.5840607909540414,2.415703742336529,-0.06737146220598264,0.9348478761773423,2.9607788017217156e+20,2.021224995308691e+19,2.3530702768997523e+19,3.3982083289425596e+20,1.0,budget,2.415703742336529,0.0,-5.551115123125783e-17,convex_logN_reduction_floating_point
3.651741272548377e+20,2048,power,0.5,0.6713607648391644,1.6754490814383751,0.5814185814185814,observed_512,direct_and_near,172,False,CYJ_v8_Q1_v2_derived_policy,no_joint_A_B_or_bridge_interval,conditional_v8_fixed_policy_feasible,1.155412377874907e+19,1.5229005500363666,34.89663922340909,2.4555260224117603,2.5744105132108324,2.4066822006837687,-0.06737146220598264,0.9348478761773423,3.188646664065021e+20,2.1767827893350543e+19,2.454163295498507e+19,3.651741272548377e+20,1.0,budget,2.4066822006837687,0.0,-2.7755575615628914e-17,convex_logN_reduction_floating_point
3.924189758484536e+20,2048,power,0.5,0.6713607648391644,1.6754490814383751,0.5814185814185814,observed_512,direct_and_near,172,False,CYJ_v8_Q1_v2_derived_policy,no_joint_A_B_or_bridge_interval,conditional_v8_fixed_policy_feasible,1.155412377874907e+19,1.572698637771174,36.39022976469766,2.4468366707173588,2.5648688477225075,2.3977621949668135,-0.06737146220598264,0.9348478761773423,3.433851886747202e+20,2.344176221352757e+19,2.5592024960205816e+19,3.924189758484536e+20,1.0,budget,2.3977621949668135,0.0,-4.163336342344337e-17,convex_logN_reduction_floating_point
4.216965034285823e+20,2048,power,0.5,0.6713607648391644,1.6754490814383751,0.5814185814185814,observed_512,direct_and_near,172,False,CYJ_v8_Q1_v2_derived_policy,no_joint_A_B_or_bridge_interval,conditional_v8_fixed_policy_feasible,1.155412377874907e+19,1.624280847445392,37.94194316659595,2.438255444846307,2.5554341340687063,2.388942172945216,-0.06737146220598264,0.9348478761773423,3.697702296021802e+20,2.5242981007508832e+19,2.668329281889329e+19,4.2169650342858234e+20,1.0000000000000002,budget,2.388942172945216,0.0,-1.3877787807814457e-17,convex_logN_reduction_floating_point
4.5315836376008176e+20,2048,power,0.5,0.6713607648391644,1.6754490814383751,0.5814185814185814,observed_512,direct_and_near,172,False,CYJ_v8_Q1_v2_derived_policy,no_joint_A_B_or_bridge_interval,conditional_v8_fixed_policy_feasible,1.155412377874907e+19,1.6777140400152293,39.55385854593038,2.4297807084483436,2.546104745762875,2.380220614101476,-0.06737146220598264,0.9348478761773423,3.9816038291570255e+20,2.7181082140378632e+19,2.781689870400055e+19,4.5315836376008176e+20,1.0,budget,2.380220614101476,0.0,-2.7755575615628914e-17,convex_logN_reduction_floating_point
4.8696752516586314e+20,2048,power,0.5,0.6713607648391644,1.6754490814383751,0.5814185814185814,observed_512,direct_and_near,172,False,CYJ_v8_Q1_v2_derived_policy,no_joint_A_B_or_bridge_interval,conditional_v8_fixed_policy_feasible,1.155412377874907e+19,1.733067655502987,41.228125739453276,2.421410858363639,2.536879089436711,2.3715960288786193,-0.06737146220598264,0.9348478761773423,4.287067872963398e+20,2.92663833460968e+19,2.8994354523426525e+19,4.8696752516586314e+20,1.0,budget,2.3715960288786193,0.0,-4.163336342344337e-17,convex_logN_reduction_floating_point
5.232991146814947e+20,2048,power,0.5,0.6713607648391644,1.6754490814383751,0.5814185814185814,observed_512,direct_and_near,172,False,CYJ_v8_Q1_v2_derived_policy,no_joint_A_B_or_bridge_interval,conditional_v8_fixed_policy_feasible,1.155412377874907e+19,1.7904138162673986,42.966967641441244,2.413144323837177,2.5277556040412557,2.3630669579333428,-0.06737146220598264,0.9348478761773423,4.615719150501038e+20,3.1509976067420426e+19,3.0217223563970425e+19,5.232991146814947e+20,1.0,budget,2.3630669579333428,0.0,-1.3877787807814457e-17,convex_logN_reduction_floating_point
5.6234132519034906e+20,2048,power,0.5,0.6713607648391644,1.6754490814383751,0.5814185814185814,observed_512,direct_and_near,172,False,CYJ_v8_Q1_v2_derived_policy,no_joint_A_B_or_bridge_interval,conditional_v8_fixed_policy_feasible,1.155412377874907e+19,1.8498274346224404,44.77268261064321,2.4049795657492403,2.5187327600645357,2.354631971404627,-0.06737146220598264,0.9348478761773423,4.969304196888653e+20,3.3923783317426532e+19,3.14871221840573e+19,5.623413251903491e+20,1.0000000000000002,budget,2.354631971404627,0.0,-1.3877787807814457e-17,convex_logN_reduction_floating_point
6.042963902381328e+20,2048,power,0.5,0.6713607648391644,1.6754490814383751,0.5814185814185814,observed_512,direct_and_near,172,False,CYJ_v8_Q1_v2_derived_policy,no_joint_A_B_or_bridge_interval,conditional_v8_fixed_policy_feasible,1.155412377874907e+19,1.9113863249966256,46.64764694808114,2.396915075861871,2.5098090587656237,2.3462896681976977,-0.06737146220598264,0.9348478761773423,5.3497004681899724e+20,3.6520621862843544e+19,3.2805721556292014e+19,6.042963902381328e+20,1.0,budget,2.3462896681976977,0.0,-1.3877787807814457e-17,convex_logN_reduction_floating_point
6.493816315762113e+20,2048,power,0.5,0.6713607648391644,1.6754490814383751,0.5814185814185814,observed_512,direct_and_near,172,False,CYJ_v8_Q1_v2_derived_policy,no_joint_A_B_or_bridge_interval,conditional_v8_fixed_policy_feasible,1.155412377874907e+19,1.9751713208336008,48.59431744722837,2.3889493760811713,2.5009830314250077,2.3380386752832396,-0.06737146220598264,0.9348478761773423,5.758926130634961e+20,3.931426905180134e+19,3.4174749460913877e+19,6.493816315762113e+20,1.0,budget,2.33803867528324,-4.1515585466160513e-16,-4.163336342344337e-17,convex_logN_reduction_floating_point
6.978305848598663e+20,2048,power,0.5,0.6713607648391644,1.6754490814383751,0.5814185814185814,observed_512,direct_and_near,172,False,CYJ_v8_Q1_v2_derived_policy,no_joint_A_B_or_bridge_interval,conditional_v8_fixed_policy_feasible,1.155412377874907e+19,2.041266396444195,50.61523401810865,2.381081017735309,2.492253238611141,2.3298776470117284,-0.06737146220598264,0.9348478761773423,6.199150580959457e+20,4.2319534632683225e+19,3.55959921312373e+19,6.978305848598663e+20,1.0,budget,2.3298776470117284,0.0,-1.3877787807814457e-17,convex_logN_reduction_floating_point
7.498942093324558e+20,2048,power,0.5,0.6713607648391644,1.6754490814383751,0.5814185814185814,observed_512,direct_and_near,172,False,CYJ_v8_Q1_v2_derived_policy,no_joint_A_B_or_bridge_interval,conditional_v8_fixed_policy_feasible,1.155412377874907e+19,2.109758794029763,52.71302238687982,2.3733085808680725,2.483618269463024,2.3218052644427547,-0.06737146220598264,0.9348478761773423,6.672705752436449e+20,4.555233793663282e+19,3.707129615217819e+19,7.498942093324558e+20,1.0,budget,2.3218052644427547,0.0,-1.3877787807814457e-17,convex_logN_reduction_floating_point
8.058421877614818e+20,2048,power,0.5,0.6713607648391644,1.6754490814383751,0.5814185814185814,observed_512,direct_and_near,172,False,CYJ_v8_Q1_v2_derived_policy,no_joint_A_B_or_bridge_interval,conditional_v8_fixed_policy_feasible,1.155412377874907e+19,2.18073915610692,54.89039687248305,2.365630673547841,2.475076740988694,2.3138202346892185,-0.06737146220598264,0.9348478761773423,7.182098265244357e+20,4.902979082406814e+19,3.860257041297801e+19,8.058421877614817e+20,0.9999999999999999,budget,2.3138202346892185,0.0,-1.3877787807814457e-17,convex_logN_reduction_floating_point
8.659643233600653e+20,2048,power,0.5,0.6713607648391644,1.6754490814383751,0.5814185814185814,observed_512,direct_and_near,172,False,CYJ_v8_Q1_v2_derived_policy,no_joint_A_B_or_bridge_interval,conditional_v8_fixed_policy_feasible,1.155412377874907e+19,2.2543016635744353,57.1501632419584,2.358045931191799,2.46662729737945,2.3059212902762365,-0.06737146220598264,0.9348478761773423,7.730022484193842e+20,5.277028682542997e+19,4.019178811525122e+19,8.659643233600653e+20,1.0,budget,2.305921290276237,-4.1515585466160513e-16,-1.3877787807814457e-17,convex_logN_reduction_floating_point
9.30572040929699e+20,2048,power,0.5,0.6713607648391644,1.6754490814383751,0.5814185814185814,observed_512,direct_and_near,172,False,CYJ_v8_Q1_v2_derived_policy,no_joint_A_B_or_bridge_interval,conditional_v8_fixed_policy_feasible,1.155412377874907e+19,2.330544179674342,59.49522164604233,2.3505530159052492,2.4582686093396795,2.2981071885146283,-0.06737146220598264,0.9348478761773423,8.319374551537131e+20,5.679359693849349e+19,4.1840988837492244e+19,9.30572040929699e+20,1.0,budget,2.2981071885146283,0.0,-1.3877787807814457e-17,convex_logN_reduction_floating_point
1e+21,2048,power,0.5,0.6713607648391644,1.6754490814383751,0.5814185814185814,observed_512,direct_and_near,172,False,CYJ_v8_Q1_v2_derived_policy,no_joint_A_B_or_bridge_interval,conditional_v8_fixed_policy_feasible,1.155412377874907e+19,2.4095684001111115,61.92856963667939,2.343150615835846,2.449999373432099,2.2903767108888173,-0.06737146220598264,0.9348478761773423,8.953267467637387e+20,6.112097257907123e+19,4.3552280657190035e+19,1e+21,1.0,budget,2.2903767108888173,0.0,-1.3877787807814457e-17,convex_logN_reduction_floating_point
1.0746078283213176e+21,2048,power,0.5,0.6713607648391644,1.6754490814383751,0.5814185814185814,observed_512,direct_and_near,172,False,CYJ_v8_Q1_v2_derived_policy,no_joint_A_B_or_bridge_interval,conditional_v8_fixed_policy_feasible,1.155412377874907e+19,2.491480009605127,64.45330526809434,2.335837444542589,2.441818311438253,2.282728662458995,-0.06737146220598264,0.9348478761773423,9.635047297706033e+20,6.577525621900652e+19,4.532784233170779e+19,1.0746078283213176e+21,1.0,budget,2.282728662458995,0.0,-1.3877787807814457e-17,convex_logN_reduction_floating_point
1.1547819846894581e+21,2048,power,0.5,0.6713607648391644,1.6754490814383751,0.5814185814185814,observed_512,direct_and_near,172,False,CYJ_v8_Q1_v2_derived_policy,no_joint_A_B_or_bridge_interval,conditional_v8_fixed_policy_feasible,1.155412377874907e+19,2.5763888451697055,67.07263028308346,2.328612240379393,2.433724169734084,2.275161871277374,-0.06737146220598264,0.9348478761773423,1.0368310588651679e+21,7.078100028519546e+19,4.716992553909449e+19,1.154781984689458e+21,0.9999999999999999,budget,2.275161871277374,0.0,-4.163336342344337e-17,convex_logN_reduction_floating_point
1.2409377607517195e+21,2048,power,0.5,0.6713607648391644,1.6754490814383751,0.5814185814185814,observed_512,direct_and_near,172,False,CYJ_v8_Q1_v2_derived_policy,no_joint_A_B_or_bridge_interval,conditional_v8_fixed_policy_feasible,1.155412377874907e+19,2.6644090664146014,69.78985338619434,2.3214737658930527,2.4257157186803857,2.2676751878183543,-0.06737146220598264,0.9348478761773423,1.1156923086355319e+21,7.616459493618563e+19,4.908085718000217e+19,1.2409377607517195e+21,1.0,budget,2.2676751878183548,-4.1515585466160513e-16,-1.3877787807814457e-17,convex_logN_reduction_floating_point
1.333521432163324e+21,2048,power,0.5,0.6713607648391644,1.6754490814383751,0.5814185814185814,observed_512,direct_and_near,172,False,CYJ_v8_Q1_v2_derived_policy,no_joint_A_B_or_bridge_interval,conditional_v8_fixed_policy_feasible,1.155412377874907e+19,2.755659333193214,72.60839360547311,2.3144208072354253,2.4177917520279606,2.2602674844224344,-0.06737146220598264,0.9348478761773423,1.2005039850425308e+21,8.195440537890344e+19,5.106304174188977e+19,1.333521432163324e+21,1.0,budget,2.2602674844224344,0.0,-2.7755575615628914e-17,convex_logN_reduction_floating_point
1.4330125702369627e+21,2048,power,0.5,0.6713607648391644,1.6754490814383751,0.5814185814185814,observed_512,direct_and_near,172,False,CYJ_v8_Q1_v2_derived_policy,no_joint_A_B_or_bridge_interval,conditional_v8_fixed_policy_feasible,1.155412377874907e+19,2.8502629909258625,75.53178374446375,2.3074521735896245,2.409951086337263,2.2529376547536692,-0.06737146220598264,0.9348478761773423,1.2917126870727642e+21,8.81809194375007e+19,5.3118963726698095e+19,1.433012570236963e+21,1.0000000000000002,budget,2.2529376547536692,0.0,-1.3877787807814457e-17,convex_logN_reduction_floating_point
1.539926526059492e+21,2048,power,0.5,0.6713607648391644,1.6754490814383751,0.5814185814185814,observed_512,direct_and_near,172,False,CYJ_v8_Q1_v2_derived_policy,no_joint_A_B_or_bridge_interval,conditional_v8_fixed_policy_feasible,1.155412377874907e+19,2.9483482639472336,78.56367392614929,2.300566696610045,2.4021925604123417,2.2456846132704897,-0.06737146220598264,0.9348478761773423,1.3897984297768727e+21,9.487690613943452e+19,5.525119014318453e+19,1.539926526059492e+21,1.0,budget,2.2456846132704897,0.0,-2.7755575615628914e-17,convex_logN_reduction_floating_point
1.6548170999431815e+21,2048,power,0.5,0.6713607648391644,1.6754490814383751,0.5814185814185814,observed_512,direct_and_near,172,False,CYJ_v8_Q1_v2_derived_policy,no_joint_A_B_or_bridge_interval,conditional_v8_fixed_policy_feasible,1.155412377874907e+19,3.050048457242782,81.70783523052653,2.2937632298760033,2.3945150347488604,2.238507294709687,-0.06737146220598264,0.9348478761773423,1.495277140737089e+21,1.0207758614098528e+20,5.746237306510704e+19,1.6548170999431815e+21,1.0,budget,2.238507294709687,0.0,-2.7755575615628914e-17,convex_logN_reduction_floating_point
1.7782794100389228e+21,2048,power,0.5,0.6713607648391644,1.6754490814383751,0.5814185814185814,observed_512,direct_and_near,172,False,CYJ_v8_Q1_v2_derived_policy,no_joint_A_B_or_bridge_interval,conditional_v8_fixed_policy_feasible,1.155412377874907e+19,3.1555021669563073,84.96816342750364,2.2870406483588006,2.386917390995986,2.2314046535833607,-0.06737146220598264,0.9348478761773423,1.6087033429067123e+21,1.098208148757649e+20,5.9755252256445506e+19,1.7782794100389228e+21,1.0,budget,2.2314046535833607,0.0,-4.163336342344337e-17,convex_logN_reduction_floating_point
1.9109529749704406e+21,2048,power,0.5,0.6713607648391644,1.6754490814383751,0.5814185814185814,observed_512,direct_and_near,172,False,CYJ_v8_Q1_v2_derived_policy,no_joint_A_B_or_bridge_interval,conditional_v8_fixed_policy_feasible,1.155412377874907e+19,3.2648535000692505,88.34868280680841,2.280397847901992,2.379398531431923,2.2243756636886207,-0.06737146220598264,0.9348478761773423,1.7306730377298987e+21,1.1814727937569443e+20,6.213265786484744e+19,1.9109529749704404e+21,0.9999999999999999,budget,2.2243756636886207,0.0,-1.3877787807814457e-17,convex_logN_reduction_floating_point
2.053525026457146e+21,2048,power,0.5,0.6713607648391644,1.6754490814383751,0.5814185814185814,observed_512,direct_and_near,172,False,CYJ_v8_Q1_v2_derived_policy,no_joint_A_B_or_bridge_interval,conditional_v8_fixed_policy_feasible,1.155412377874907e+19,3.3782523036715584,91.85355010658522,2.2738337447146546,2.3719573784528687,2.217419317629841,-0.06737146220598264,0.9348478761773423,1.8618268034878944e+21,1.2710070978477359e+20,6.45975131844781e+19,2.0535250264571464e+21,1.0000000000000002,budget,2.217419317629841,0.0,-1.3877787807814457e-17,convex_logN_reduction_floating_point
2.20673406908459e+21,2048,power,0.5,0.6713607648391644,1.6754490814383751,0.5814185814185814,observed_512,direct_and_near,172,False,CYJ_v8_Q1_v2_derived_policy,no_joint_A_B_or_bridge_interval,conditional_v8_fixed_policy_feasible,1.155412377874907e+19,3.4958544042641875,95.48705854235027,2.2673472748774333,2.3645928740751647,2.2105346263532457,-0.06737146220598264,0.9348478761773423,2.002853124933045e+21,1.3672810666209586e+20,6.715283748944929e+19,2.20673406908459e+21,1.0,budget,2.2105346263532457,0.0,-1.3877787807814457e-17,convex_logN_reduction_floating_point
2.3713737056616553e+21,2048,power,0.5,0.6713607648391644,1.6754490814383751,0.5814185814185814,observed_512,direct_and_near,172,False,CYJ_v8_Q1_v2_derived_policy,no_joint_A_B_or_bridge_interval,conditional_v8_fixed_policy_feasible,1.155412377874907e+19,3.61782185755463,99.25364193795899,2.260937393861152,2.3573039794504056,2.203720618693609,-0.06737146220598264,0.9348478761773423,2.1544919714702935e+21,1.4707998525237204e+20,6.980174893898973e+19,2.3713737056616553e+21,1.0,budget,2.203720618693609,0.0,-1.3877787807814457e-17,convex_logN_reduction_floating_point
2.5482967479793463e+21,2048,power,0.5,0.6713607648391644,1.6754490814383751,0.5814185814185814,observed_512,direct_and_near,172,False,CYJ_v8_Q1_v2_derived_policy,no_joint_A_B_or_bridge_interval,conditional_v8_fixed_policy_feasible,1.155412377874907e+19,3.7443232092291714,103.15787896022289,2.254603076057761,2.350089674393276,2.196976340932856,-0.06737146220598264,0.9348478761773423,2.317538642433697e+21,1.5821063799014038e+20,7.254746755550881e+19,2.5482967479793463e+21,1.0,budget,2.196976340932856,0.0,-2.7755575615628914e-17,convex_logN_reduction_floating_point
2.7384196342643614e+21,2048,power,0.5,0.6713607648391644,1.6754490814383751,0.5814185814185814,observed_512,direct_and_near,172,False,CYJ_v8_Q1_v2_derived_policy,no_joint_A_B_or_bridge_interval,conditional_v8_fixed_policy_feasible,1.155412377874907e+19,3.8755337672091614,107.20449745878929,2.248343314323403,2.342948956921872,2.1903008563703317,-0.06737146220598264,0.9348478761773423,2.49284789938936e+21,1.7017841659831363e+20,7.539331827668802e+19,2.7384196342643614e+21,1.0,budget,2.1903008563703317,0.0,-1.3877787807814457e-17,convex_logN_reduction_floating_point
2.9427271762092816e+21,2048,power,0.5,0.6713607648391644,1.6754490814383751,0.5814185814185814,observed_512,direct_and_near,172,False,CYJ_v8_Q1_v2_derived_policy,no_joint_A_B_or_bridge_interval,conditional_v8_fixed_policy_feasible,1.155412377874907e+19,4.011635885923239,111.39837891287272,2.24215711953337,2.3358808428102735,2.1836932449045245,-0.06737146220598264,0.9348478761773423,2.6813384068833283e+21,1.8304603524323525e+20,7.83427340827176e+19,2.9427271762092816e+21,1.0,budget,2.1836932449045245,0.0,-4.163336342344337e-17,convex_logN_reduction_floating_point
3.1622776601683794e+21,2048,power,0.5,0.6713607648391644,1.6754490814383751,0.5814185814185814,observed_512,direct_and_near,172,False,CYJ_v8_Q1_v2_derived_policy,no_joint_A_B_or_bridge_interval,conditional_v8_fixed_policy_feasible,1.155412377874907e+19,4.152819263153508,115.74456298639412,2.2360435201487188,2.328884365153116,2.1771526026260086,-0.06737146220598264,0.9348478761773423,2.883997504651092e+21,1.9688089631751455e+20,8.139925919977282e+19,3.1622776601683794e+21,1.0,budget,2.177152602626009,-4.1515585466160513e-16,0.0,convex_logN_reduction_floating_point
3.3982083289425594e+21,2048,power,0.5,0.6713607648391644,1.6754490814383751,0.5814185814185814,observed_512,direct_and_near,172,False,CYJ_v8_Q1_v2_derived_policy,no_joint_A_B_or_bridge_interval,conditional_v8_fixed_policy_feasible,1.155412377874907e+19,4.299281250040905,120.24825219304984,2.2300015617943236,2.3219585739419273,2.170678041421381,-0.06737146220598264,0.9348478761773423,3.1018863360226157e+21,2.117554405391439e+20,8.456655238080009e+19,3.39820832894256e+21,1.0000000000000002,budget,2.1706780414213815,-4.1515585466160513e-16,-4.163336342344337e-17,convex_logN_reduction_floating_point
3.651741272548377e+21,2048,power,0.5,0.6713607648391644,1.6754490814383751,0.5814185814185814,observed_512,direct_and_near,172,False,CYJ_v8_Q1_v2_derived_policy,no_joint_A_B_or_bridge_interval,conditional_v8_fixed_policy_feasible,1.155412377874907e+19,4.451227174863873,124.9148166727888,2.22403030684813,2.315102535652972,2.164268688587961,-0.06737146220598264,0.9348478761773423,3.336145359102338e+21,2.2774752318138627e+20,8.784839026465281e+19,3.651741272548377e+21,1.0,budget,2.164268688587961,0.0,-4.163336342344337e-17,convex_logN_reduction_floating_point
3.924189758484536e+21,2048,power,0.5,0.6713607648391644,1.6754490814383751,0.5814185814185814,observed_512,direct_and_near,172,False,CYJ_v8_Q1_v2_derived_policy,no_joint_A_B_or_bridge_interval,conditional_v8_fixed_policy_feasible,1.155412377874907e+19,4.608870681234513,129.74979908113414,2.218128834041379,2.3083153328463752,2.157923686459029,-0.06737146220598264,0.9348478761773423,3.588000269286647e+21,2.449408183833018e+20,9.124867081458678e+19,3.924189758484536e+21,1.0,budget,2.157923686459029,0.0,-1.3877787807814457e-17,convex_logN_reduction_floating_point
4.2169650342858226e+21,2048,power,0.5,0.6713607648391644,1.6754490814383751,0.5814185814185814,observed_512,direct_and_near,172,False,CYJ_v8_Q1_v2_derived_policy,no_joint_A_B_or_bridge_interval,conditional_v8_fixed_policy_feasible,1.155412377874907e+19,4.772434081388344,134.75891959272914,2.2122962380695763,2.3015960637762563,2.1516421920393642,-0.06737146220598264,0.9348478761773423,3.858768363812472e+21,2.6342525363626476e+20,9.477141683708592e+19,4.216965034285822e+21,0.9999999999999999,budget,2.1516421920393642,0.0,-1.3877787807814457e-17,convex_logN_reduction_floating_point
4.5315836376008176e+21,2048,power,0.5,0.6713607648391644,1.6754490814383751,0.5814185814185814,observed_512,direct_and_near,172,False,CYJ_v8_Q1_v2_derived_policy,no_joint_A_B_or_bridge_interval,conditional_v8_fixed_policy_feasible,1.155412377874907e+19,4.942148725277173,139.94808102043268,2.2065316292139636,2.294943842011649,2.1454233766508604,-0.06737146220598264,0.9348478761773423,4.1498653813207073e+21,2.832974766981603e+20,9.842077958194985e+19,4.531583637600817e+21,0.9999999999999999,budget,2.1454233766508604,0.0,-1.3877787807814457e-17,convex_logN_reduction_floating_point
4.869675251658631e+21,2048,power,0.5,0.6713607648391644,1.6754490814383751,0.5814185814185814,observed_512,direct_and_near,172,False,CYJ_v8_Q1_v2_derived_policy,no_joint_A_B_or_bridge_interval,conditional_v8_fixed_policy_feasible,1.155412377874907e+19,5.118255386209767,145.32337405122487,2.200834132973276,2.2883577960679466,2.1392664255879836,-0.06737146220598264,0.9348478761773423,4.46281285187915e+21,3.0466135735495e+20,1.0220104242453037e+20,4.869675251658631e+21,1.0,budget,2.1392664255879836,0.0,-1.3877787807814457e-17,convex_logN_reduction_floating_point
5.232991146814947e+21,2048,power,0.5,0.6713607648391644,1.6754490814383751,0.5814185814185814,observed_512,direct_and_near,172,False,CYJ_v8_Q1_v2_derived_policy,no_joint_A_B_or_bridge_interval,conditional_v8_fixed_policy_feasible,1.155412377874907e+19,5.301004663822083,150.8910826001127,2.1952028897055396,2.281837069048633,2.133170537782846,-0.06737146220598264,0.9348478761773423,4.799245995554164e+21,3.276285266298309e+20,1.061166246309532e+20,5.232991146814948e+21,1.0000000000000002,budget,2.133170537782846,0.0,-1.3877787807814457e-17,convex_logN_reduction_floating_point
5.623413251903491e+21,2048,power,0.5,0.6713607648391644,1.6754490814383751,0.5814185814185814,observed_512,direct_and_near,172,False,CYJ_v8_Q1_v2_derived_policy,no_joint_A_B_or_bridge_interval,conditional_v8_fixed_policy_feasible,1.155412377874907e+19,5.490657405197796,156.65768928314844,2.1896370542796912,2.2753808182970556,2.1271349254796657,-0.06737146220598264,0.9348478761773423,5.160922210462166e+21,3.523189562342172e+20,1.1017208520710783e+20,5.623413251903492e+21,1.0000000000000002,budget,2.127134925479666,-4.1515585466160513e-16,-1.3877787807814457e-17,convex_logN_reduction_floating_point
6.042963902381328e+21,2048,power,0.5,0.6713607648391644,1.6754490814383751,0.5814185814185814,observed_512,direct_and_near,172,False,CYJ_v8_Q1_v2_derived_policy,no_joint_A_B_or_bridge_interval,conditional_v8_fixed_policy_feasible,1.155412377874907e+19,5.687485145000854,162.62988101059065,2.184135795736783,2.268988215057994,2.1211588139183846,-0.06737146220598264,0.9348478761773423,5.549730194285944e+21,3.788615812632538e+20,1.1437212683212959e+20,6.042963902381328e+21,1.0,budget,2.1211588139183846,0.0,-1.3877787807814457e-17,convex_logN_reduction_floating_point
6.493816315762113e+21,2048,power,0.5,0.6713607648391644,1.6754490814383751,0.5814185814185814,observed_512,direct_and_near,172,False,CYJ_v8_Q1_v2_derived_policy,no_joint_A_B_or_bridge_interval,conditional_v8_fixed_policy_feasible,1.155412377874907e+19,5.891770565524971,168.8145547011453,2.1786982969605493,2.262658444148785,2.115241441027221,-0.06737146220598264,0.9348478761773423,5.967699746522478e+21,4.073949693626012e+20,1.1872159987703325e+20,6.493816315762113e+21,1.0,budget,2.115241441027221,0.0,-1.3877787807814457e-17,convex_logN_reduction_floating_point
6.978305848598664e+21,2048,power,0.5,0.6713607648391644,1.6754490814383751,0.5814185814185814,observed_512,direct_and_near,172,False,CYJ_v8_Q1_v2_derived_policy,no_joint_A_B_or_bridge_interval,conditional_v8_fixed_policy_feasible,1.155412377874907e+19,6.103807977610487,175.21882311812502,2.173323754357109,2.25639070363977,2.109382057123938,-0.06737146220598264,0.9348478761773423,6.417012302255594e+21,4.380680398339819e+20,1.2322550650908757e+20,6.978305848598664e+21,1.0,budget,2.109382057123938,0.0,-2.7755575615628914e-17,convex_logN_reduction_floating_point
7.498942093324559e+21,2048,power,0.5,0.6713607648391644,1.6754490814383751,0.5814185814185814,observed_512,direct_and_near,172,False,CYJ_v8_Q1_v2_derived_policy,no_joint_A_B_or_bridge_interval,conditional_v8_fixed_policy_feasible,1.155412377874907e+19,6.323903823426813,181.85002082825875,2.16801137754358,2.250184204543818,2.1035799246255906,-0.06737146220598264,0.9348478761773423,6.900012252036426e+21,4.710408364056867e+20,1.2788900488244586e+20,7.498942093324559e+21,1.0,budget,2.103579924625591,-4.1515585466160513e-16,-1.3877787807814457e-17,convex_logN_reduction_floating_point
8.058421877614818e+21,2048,power,0.5,0.6713607648391644,1.6754490814383751,0.5814185814185814,observed_512,direct_and_near,172,False,CYJ_v8_Q1_v2_derived_policy,no_joint_A_B_or_bridge_interval,conditional_v8_fixed_policy_feasible,1.155412377874907e+19,6.5523772021691045,188.71571028376889,2.162760389045379,2.244038170514696,2.0978343177665524,-0.06737146220598264,0.9348478761773423,7.419219106527102e+21,5.0648535767225015e+20,1.327174134154662e+20,8.058421877614818e+21,1.0,budget,2.0978343177665524,0.0,-1.3877787807814457e-17,convex_logN_reduction_floating_point
8.659643233600654e+21,2048,power,0.5,0.6713607648391644,1.6754490814383751,0.5814185814185814,observed_512,direct_and_near,172,False,CYJ_v8_Q1_v2_derived_policy,no_joint_A_B_or_bridge_interval,conditional_v8_fixed_policy_feasible,1.155412377874907e+19,6.789560419770972,195.8236880282063,2.1575700240019935,2.2379518375540517,2.092144522324586,-0.06737146220598264,0.9348478761773423,7.977340568939329e+21,5.445864495062582e+20,1.3771621515506663e+20,8.659643233600654e+21,1.0,budget,2.092144522324586,0.0,-1.3877787807814457e-17,convex_logN_reduction_floating_point
9.30572040929699e+21,2048,power,0.5,0.6713607648391644,1.6754490814383751,0.5814185814185814,observed_512,direct_and_near,172,False,CYJ_v8_Q1_v2_derived_policy,no_joint_A_B_or_bridge_interval,conditional_v8_fixed_policy_feasible,1.155412377874907e+19,7.035799563790762,203.18199102640537,2.1524395298810055,2.231924453726786,2.086509835354761,-0.06737146220598264,0.9348478761773423,8.577286583002329e+21,5.855427640662924e+20,1.4289106222836959e+20,9.30572040929699e+21,1.0,budget,2.086509835354761,0.0,-2.7755575615628914e-17,convex_logN_reduction_floating_point
1e+22,2048,power,0.5,0.6713607648391644,1.6754490814383751,0.5814185814185814,observed_512,direct_and_near,172,False,CYJ_v8_Q1_v2_derived_policy,no_joint_A_B_or_bridge_interval,conditional_v8_fixed_policy_feasible,1.155412377874907e+19,7.291455104688068,210.7989031187745,2.1473681662001516,2.225955278884581,2.0809295649309942,-0.06737146220598264,0.9348478761773423,9.222184429248202e+21,6.295677903700106e+20,1.482477803817875e+20,1e+22,1.0,budget,2.0809295649309942,0.0,-1.3877787807814457e-17,convex_logN_reduction_floating_point
1.0746078283213176e+22,2048,power,0.5,0.6713607648391644,1.6754490814383751,0.5814185814185814,observed_512,direct_and_near,172,False,CYJ_v8_Q1_v2_derived_policy,no_joint_A_B_or_bridge_interval,conditional_v8_fixed_policy_feasible,1.155412377874907e+19,7.556902524768995,218.6829615999884,2.1423552042572096,2.220043584397362,2.0754030298950084,-0.06737146220598264,0.9348478761773423,9.915394947833483e+21,6.76890961772099e+20,1.5379237360759574e+20,1.0746078283213176e+22,1.0,budget,2.0754030298950084,0.0,-4.163336342344337e-17,convex_logN_reduction_floating_point
1.154781984689458e+22,2048,power,0.5,0.6713607648391644,1.6754490814383751,0.5814185814185814,observed_512,direct_and_near,172,False,CYJ_v8_Q1_v2_derived_policy,no_joint_A_B_or_bridge_interval,conditional_v8_fixed_policy_feasible,1.155412377874907e+19,7.832532976144214,226.842963921985,2.1373999268674995,2.214188652892482,2.069929559612507,-0.06737146220598264,0.9348478761773423,1.0660529971951437e+22,7.277588460852182e+20,1.595310288579251e+20,1.154781984689458e+22,1.0,budget,2.069929559612507,0.0,-2.7755575615628914e-17,convex_logN_reduction_floating_point
1.2409377607517196e+22,2048,power,0.5,0.6713607648391644,1.6754490814383751,0.5814185814185814,observed_512,direct_and_near,172,False,CYJ_v8_Q1_v2_derived_policy,no_joint_A_B_or_bridge_interval,conditional_v8_fixed_policy_feasible,1.155412377874907e+19,8.118753969112632,235.2879745209995,2.132501628108801,2.2083897780014055,2.0645084937363665,-0.06737146220598264,0.9348478761773423,1.146147106216102e+22,7.824364245101922e+20,1.6547012084598522e+20,1.2409377607517196e+22,1.0,budget,2.0645084937363665,0.0,-1.3877787807814457e-17,convex_logN_reduction_floating_point
1.3335214321633241e+22,2048,power,0.5,0.6713607648391644,1.6754490814383751,0.5814185814185814,observed_512,direct_and_near,172,False,CYJ_v8_Q1_v2_derived_policy,no_joint_A_B_or_bridge_interval,conditional_v8_fixed_policy_feasible,1.155412377874907e+19,8.415990092456262,244.02733176818128,2.1276596130734724,2.202646264113681,2.059139181976632,-0.06737146220598264,0.9348478761773423,1.2322389638697307e+22,8.412084660017361e+20,1.7161621693419962e+20,1.3335214321633241e+22,1.0,budget,2.0591391819766325,-4.1515585466160513e-16,2.7755575615628914e-17,convex_logN_reduction_floating_point
1.4330125702369628e+22,2048,power,0.5,0.6713607648391644,1.6754490814383751,0.5814185814185814,observed_512,direct_and_near,172,False,CYJ_v8_Q1_v2_derived_policy,no_joint_A_B_or_bridge_interval,conditional_v8_fixed_policy_feasible,1.155412377874907e+19,8.724683767208266,253.07065504315037,2.1228731976275848,2.196957426137995,2.053820983877145,-0.06737146220598264,0.9348478761773423,1.324776861607042e+22,9.043810041904072e+20,1.7797608210880034e+20,1.4330125702369628e+22,1.0,budget,2.0538209838771455,-4.1515585466160513e-16,-4.163336342344337e-17,convex_logN_reduction_floating_point
1.539926526059492e+22,2048,power,0.5,0.6713607648391644,1.6754490814383751,0.5814185814185814,observed_512,direct_and_near,172,False,CYJ_v8_Q1_v2_derived_policy,no_joint_A_B_or_bridge_interval,conditional_v8_fixed_policy_feasible,1.155412377874907e+19,9.045296035537119,262.4278519296353,2.1181417081768656,2.191322589270103,2.0485532685985905,-0.06737146220598264,0.9348478761773423,1.4242425652041914e+22,9.72282924512728e+20,1.8455668404027792e+20,1.539926526059492e+22,1.0,budget,2.0485532685985905,0.0,-1.3877787807814457e-17,convex_logN_reduction_floating_point
1.6548170999431814e+22,2048,power,0.5,0.6713607648391644,1.6754490814383751,0.5814185814185814,observed_512,direct_and_near,172,False,CYJ_v8_Q1_v2_derived_policy,no_joint_A_B_or_bridge_interval,conditional_v8_fixed_policy_feasible,1.155412377874907e+19,9.378307386474388,272.1091255321332,2.1134644814392676,2.185741088767439,2.043335414707792,-0.06737146220598264,0.9348478761773423,1.5311538131430548e+22,1.0452676697723254e+21,1.913651982289425e+20,1.6548170999431816e+22,1.0000000000000002,budget,2.043335414707792,0.0,-1.3877787807814457e-17,convex_logN_reduction_floating_point
1.7782794100389228e+22,2048,power,0.5,0.6713607648391644,1.6754490814383751,0.5814185814185814,observed_512,direct_and_near,172,False,CYJ_v8_Q1_v2_derived_policy,no_joint_A_B_or_bridge_interval,conditional_v8_fixed_policy_feasible,1.155412377874907e+19,9.724218620304176,282.12498191227803,2.108840864223966,2.180212269730202,2.0381668099730628,-0.06737146220598264,0.9348478761773423,1.6460670014186118e+22,1.123715072968439e+21,1.984090132346715e+20,1.778279410038923e+22,1.0000000000000002,budget,2.0381668099730628,0.0,-1.3877787807814457e-17,convex_logN_reduction_floating_point
1.9109529749704407e+22,2048,power,0.5,0.6713607648391644,1.6754490814383751,0.5814185814185814,observed_512,direct_and_near,172,False,CYJ_v8_Q1_v2_derived_policy,no_joint_A_B_or_bridge_interval,conditional_v8_fixed_policy_feasible,1.155412377874907e+19,10.083551753526054,292.48623764338623,2.1042702132166116,2.1747354868887374,2.0330468511654347,-0.06737146220598264,0.9348478761773423,1.7695800686827232e+22,1.2080333268874056e+21,2.0569573598976754e+20,1.9109529749704407e+22,1.0,budget,2.0330468511654347,0.0,-2.7755575615628914e-17,convex_logN_reduction_floating_point
2.053525026457146e+22,2048,power,0.5,0.6713607648391644,1.6754490814383751,0.5814185814185814,observed_512,direct_and_near,172,False,CYJ_v8_Q1_v2_derived_policy,no_joint_A_B_or_bridge_interval,conditional_v8_fixed_policy_feasible,1.155412377874907e+19,10.573513274189796,299.893,2.0999231070920357,2.169312468444548,2.0279771538904137,-0.06737146220598264,0.9348478761773423,1.9025535698019604e+22,1.2988099036514715e+21,2.1090466290038188e+20,2.0535250264571456e+22,0.9999999999999998,D_max;budget,2.0279771538904137,0.0,-0.0740613521457053,convex_logN_reduction_floating_point
2.20673406908459e+22,2048,power,0.5,0.6713607648391644,1.6754490814383751,0.5814185814185814,observed_512,direct_and_near,172,False,CYJ_v8_Q1_v2_derived_policy,no_joint_A_B_or_bridge_interval,conditional_v8_fixed_policy_feasible,1.155412377874907e+19,11.370566167156746,299.89299999999986,2.0960483719805456,2.1639780545720204,2.0229902884110302,-0.06737146220598264,0.9348478761773423,2.045971919740282e+22,1.396716830542699e+21,2.1090466290038178e+20,2.20673406908459e+22,1.0,D_max;budget,2.0229902884110307,-4.1515585466160513e-16,0.0017971513671310585,convex_logN_reduction_floating_point
2.371373705661655e+22,2048,power,0.5,0.6713607648391644,1.6754490814383751,0.5814185814185814,observed_512,direct_and_near,172,False,CYJ_v8_Q1_v2_derived_policy,no_joint_A_B_or_bridge_interval,conditional_v8_fixed_policy_feasible,1.155412377874907e+19,11.965825,299.893,2.093384524595647,2.1602893513304946,2.0195419120198412,-0.06737146220598264,0.9348478761773423,2.1530802940349996e+22,1.46983614739456e+21,2.1090466290038188e+20,2.3211543750644943e+22,0.9788226838826533,N_max;D_max,2.0195419120198412,0.0,-0.0718383293916875,convex_logN_reduction_floating_point
2.5482967479793465e+22,2048,power,0.5,0.6713607648391644,1.6754490814383751,0.5814185814185814,observed_512,direct_and_near,172,False,CYJ_v8_Q1_v2_derived_policy,no_joint_A_B_or_bridge_interval,conditional_v8_fixed_policy_feasible,1.155412377874907e+19,11.965825,299.893,2.093384524595647,2.1602893513304946,2.0195419120198412,-0.06737146220598264,0.9348478761773423,2.1530802940349996e+22,1.46983614739456e+21,2.1090466290038188e+20,2.3211543750644943e+22,0.9108650226489662,N_max;D_max,2.0195419120198412,0.0,-0.0718383293916875,convex_logN_reduction_floating_point
2.7384196342643614e+22,2048,power,0.5,0.6713607648391644,1.6754490814383751,0.5814185814185814,observed_512,direct_and_near,172,False,CYJ_v8_Q1_v2_derived_policy,no_joint_A_B_or_bridge_interval,conditional_v8_fixed_policy_feasible,1.155412377874907e+19,11.965825,299.893,2.093384524595647,2.1602893513304946,2.0195419120198412,-0.06737146220598264,0.9348478761773423,2.1530802940349996e+22,1.46983614739456e+21,2.1090466290038188e+20,2.3211543750644943e+22,0.8476255231379249,N_max;D_max,2.0195419120198412,0.0,-0.0718383293916875,convex_logN_reduction_floating_point
2.942727176209282e+22,2048,power,0.5,0.6713607648391644,1.6754490814383751,0.5814185814185814,observed_512,direct_and_near,172,False,CYJ_v8_Q1_v2_derived_policy,no_joint_A_B_or_bridge_interval,conditional_v8_fixed_policy_feasible,1.155412377874907e+19,11.965825,299.893,2.093384524595647,2.1602893513304946,2.0195419120198412,-0.06737146220598264,0.9348478761773423,2.1530802940349996e+22,1.46983614739456e+21,2.1090466290038188e+20,2.3211543750644943e+22,0.7887766130105626,N_max;D_max,2.0195419120198412,0.0,-0.0718383293916875,convex_logN_reduction_floating_point
3.1622776601683792e+22,2048,power,0.5,0.6713607648391644,1.6754490814383751,0.5814185814185814,observed_512,direct_and_near,172,False,CYJ_v8_Q1_v2_derived_policy,no_joint_A_B_or_bridge_interval,conditional_v8_fixed_policy_feasible,1.155412377874907e+19,11.965825,299.893,2.093384524595647,2.1602893513304946,2.0195419120198412,-0.06737146220598264,0.9348478761773423,2.1530802940349996e+22,1.46983614739456e+21,2.1090466290038188e+20,2.3211543750644943e+22,0.7340134626068546,N_max;D_max,2.0195419120198412,0.0,-0.0718383293916875,convex_logN_reduction_floating_point
3.3982083289425593e+22,2048,power,0.5,0.6713607648391644,1.6754490814383751,0.5814185814185814,observed_512,direct_and_near,172,False,CYJ_v8_Q1_v2_derived_policy,no_joint_A_B_or_bridge_interval,conditional_v8_fixed_policy_feasible,1.155412377874907e+19,11.965825,299.893,2.093384524595647,2.1602893513304946,2.0195419120198412,-0.06737146220598264,0.9348478761773423,2.1530802940349996e+22,1.46983614739456e+21,2.1090466290038188e+20,2.3211543750644943e+22,0.6830524059679359,N_max;D_max,2.0195419120198412,0.0,-0.0718383293916875,convex_logN_reduction_floating_point
3.651741272548377e+22,2048,power,0.5,0.6713607648391644,1.6754490814383751,0.5814185814185814,observed_512,direct_and_near,172,False,CYJ_v8_Q1_v2_derived_policy,no_joint_A_B_or_bridge_interval,conditional_v8_fixed_policy_feasible,1.155412377874907e+19,11.965825,299.893,2.093384524595647,2.1602893513304946,2.0195419120198412,-0.06737146220598264,0.9348478761773423,2.1530802940349996e+22,1.46983614739456e+21,2.1090466290038188e+20,2.3211543750644943e+22,0.6356294714835234,N_max;D_max,2.0195419120198412,0.0,-0.0718383293916875,convex_logN_reduction_floating_point
3.924189758484536e+22,2048,power,0.5,0.6713607648391644,1.6754490814383751,0.5814185814185814,observed_512,direct_and_near,172,False,CYJ_v8_Q1_v2_derived_policy,no_joint_A_B_or_bridge_interval,conditional_v8_fixed_policy_feasible,1.155412377874907e+19,11.965825,299.893,2.093384524595647,2.1602893513304946,2.0195419120198412,-0.06737146220598264,0.9348478761773423,2.1530802940349996e+22,1.46983614739456e+21,2.1090466290038188e+20,2.3211543750644943e+22,0.5914990145534883,N_max;D_max,2.0195419120198412,0.0,-0.0718383293916875,convex_logN_reduction_floating_point
4.2169650342858225e+22,2048,power,0.5,0.6713607648391644,1.6754490814383751,0.5814185814185814,observed_512,direct_and_near,172,False,CYJ_v8_Q1_v2_derived_policy,no_joint_A_B_or_bridge_interval,conditional_v8_fixed_policy_feasible,1.155412377874907e+19,11.965825,299.893,2.093384524595647,2.1602893513304946,2.0195419120198412,-0.06737146220598264,0.9348478761773423,2.1530802940349996e+22,1.46983614739456e+21,2.1090466290038188e+20,2.3211543750644943e+22,0.5504324451809454,N_max;D_max,2.0195419120198412,0.0,-0.0718383293916875,convex_logN_reduction_floating_point
4.531583637600818e+22,2048,power,0.5,0.6713607648391644,1.6754490814383751,0.5814185814185814,observed_512,direct_and_near,172,False,CYJ_v8_Q1_v2_derived_policy,no_joint_A_B_or_bridge_interval,conditional_v8_fixed_policy_feasible,1.155412377874907e+19,11.965825,299.893,2.093384524595647,2.1602893513304946,2.0195419120198412,-0.06737146220598264,0.9348478761773423,2.1530802940349996e+22,1.46983614739456e+21,2.1090466290038188e+20,2.3211543750644943e+22,0.5122170439059569,N_max;D_max,2.0195419120198412,0.0,-0.0718383293916875,convex_logN_reduction_floating_point
4.869675251658631e+22,2048,power,0.5,0.6713607648391644,1.6754490814383751,0.5814185814185814,observed_512,direct_and_near,172,False,CYJ_v8_Q1_v2_derived_policy,no_joint_A_B_or_bridge_interval,conditional_v8_fixed_policy_feasible,1.155412377874907e+19,11.965825,299.893,2.093384524595647,2.1602893513304946,2.0195419120198412,-0.06737146220598264,0.9348478761773423,2.1530802940349996e+22,1.46983614739456e+21,2.1090466290038188e+20,2.3211543750644943e+22,0.4766548599465436,N_max;D_max,2.0195419120198412,0.0,-0.0718383293916875,convex_logN_reduction_floating_point
5.2329911468149466e+22,2048,power,0.5,0.6713607648391644,1.6754490814383751,0.5814185814185814,observed_512,direct_and_near,172,False,CYJ_v8_Q1_v2_derived_policy,no_joint_A_B_or_bridge_interval,conditional_v8_fixed_policy_feasible,1.155412377874907e+19,11.965825,299.893,2.093384524595647,2.1602893513304946,2.0195419120198412,-0.06737146220598264,0.9348478761773423,2.1530802940349996e+22,1.46983614739456e+21,2.1090466290038188e+20,2.3211543750644943e+22,0.44356168583951494,N_max;D_max,2.0195419120198412,0.0,-0.0718383293916875,convex_logN_reduction_floating_point
5.623413251903491e+22,2048,power,0.5,0.6713607648391644,1.6754490814383751,0.5814185814185814,observed_512,direct_and_near,172,False,CYJ_v8_Q1_v2_derived_policy,no_joint_A_B_or_bridge_interval,conditional_v8_fixed_policy_feasible,1.155412377874907e+19,11.965825,299.893,2.093384524595647,2.1602893513304946,2.0195419120198412,-0.06737146220598264,0.9348478761773423,2.1530802940349996e+22,1.46983614739456e+21,2.1090466290038188e+20,2.3211543750644943e+22,0.4127661032698954,N_max;D_max,2.0195419120198412,0.0,-0.0718383293916875,convex_logN_reduction_floating_point
6.042963902381329e+22,2048,power,0.5,0.6713607648391644,1.6754490814383751,0.5814185814185814,observed_512,direct_and_near,172,False,CYJ_v8_Q1_v2_derived_policy,no_joint_A_B_or_bridge_interval,conditional_v8_fixed_policy_feasible,1.155412377874907e+19,11.965825,299.893,2.093384524595647,2.1602893513304946,2.0195419120198412,-0.06737146220598264,0.9348478761773423,2.1530802940349996e+22,1.46983614739456e+21,2.1090466290038188e+20,2.3211543750644943e+22,0.3841085951464654,N_max;D_max,2.0195419120198412,0.0,-0.0718383293916875,convex_logN_reduction_floating_point
6.493816315762113e+22,2048,power,0.5,0.6713607648391644,1.6754490814383751,0.5814185814185814,observed_512,direct_and_near,172,False,CYJ_v8_Q1_v2_derived_policy,no_joint_A_B_or_bridge_interval,conditional_v8_fixed_policy_feasible,1.155412377874907e+19,11.965825,299.893,2.093384524595647,2.1602893513304946,2.0195419120198412,-0.06737146220598264,0.9348478761773423,2.1530802940349996e+22,1.46983614739456e+21,2.1090466290038188e+20,2.3211543750644943e+22,0.3574407193240858,N_max;D_max,2.0195419120198412,0.0,-0.0718383293916875,convex_logN_reduction_floating_point
6.978305848598663e+22,2048,power,0.5,0.6713607648391644,1.6754490814383751,0.5814185814185814,observed_512,direct_and_near,172,False,CYJ_v8_Q1_v2_derived_policy,no_joint_A_B_or_bridge_interval,conditional_v8_fixed_policy_feasible,1.155412377874907e+19,11.965825,299.893,2.093384524595647,2.1602893513304946,2.0195419120198412,-0.06737146220598264,0.9348478761773423,2.1530802940349996e+22,1.46983614739456e+21,2.1090466290038188e+20,2.3211543750644943e+22,0.3326243396927942,N_max;D_max,2.0195419120198412,0.0,-0.0718383293916875,convex_logN_reduction_floating_point
7.498942093324558e+22,2048,power,0.5,0.6713607648391644,1.6754490814383751,0.5814185814185814,observed_512,direct_and_near,172,False,CYJ_v8_Q1_v2_derived_policy,no_joint_A_B_or_bridge_interval,conditional_v8_fixed_policy_feasible,1.155412377874907e+19,11.965825,299.893,2.093384524595647,2.1602893513304946,2.0195419120198412,-0.06737146220598264,0.9348478761773423,2.1530802940349996e+22,1.46983614739456e+21,2.1090466290038188e+20,2.3211543750644943e+22,0.309530910650817,N_max;D_max,2.0195419120198412,0.0,-0.0718383293916875,convex_logN_reduction_floating_point
8.058421877614818e+22,2048,power,0.5,0.6713607648391644,1.6754490814383751,0.5814185814185814,observed_512,direct_and_near,172,False,CYJ_v8_Q1_v2_derived_policy,no_joint_A_B_or_bridge_interval,conditional_v8_fixed_policy_feasible,1.155412377874907e+19,11.965825,299.893,2.093384524595647,2.1602893513304946,2.0195419120198412,-0.06737146220598264,0.9348478761773423,2.1530802940349996e+22,1.46983614739456e+21,2.1090466290038188e+20,2.3211543750644943e+22,0.28804081125515907,N_max;D_max,2.0195419120198412,0.0,-0.0718383293916875,convex_logN_reduction_floating_point
8.659643233600654e+22,2048,power,0.5,0.6713607648391644,1.6754490814383751,0.5814185814185814,observed_512,direct_and_near,172,False,CYJ_v8_Q1_v2_derived_policy,no_joint_A_B_or_bridge_interval,conditional_v8_fixed_policy_feasible,1.155412377874907e+19,11.965825,299.893,2.093384524595647,2.1602893513304946,2.0195419120198412,-0.06737146220598264,0.9348478761773423,2.1530802940349996e+22,1.46983614739456e+21,2.1090466290038188e+20,2.3211543750644943e+22,0.26804272560075953,N_max;D_max,2.0195419120198412,0.0,-0.0718383293916875,convex_logN_reduction_floating_point
9.30572040929699e+22,2048,power,0.5,0.6713607648391644,1.6754490814383751,0.5814185814185814,observed_512,direct_and_near,172,False,CYJ_v8_Q1_v2_derived_policy,no_joint_A_B_or_bridge_interval,conditional_v8_fixed_policy_feasible,1.155412377874907e+19,11.965825,299.893,2.093384524595647,2.1602893513304946,2.0195419120198412,-0.06737146220598264,0.9348478761773423,2.1530802940349996e+22,1.46983614739456e+21,2.1090466290038188e+20,2.3211543750644943e+22,0.24943306621865813,N_max;D_max,2.0195419120198412,0.0,-0.0718383293916875,convex_logN_reduction_floating_point
1.0000000000000001e+23,2048,power,0.5,0.6713607648391644,1.6754490814383751,0.5814185814185814,observed_512,direct_and_near,172,False,CYJ_v8_Q1_v2_derived_policy,no_joint_A_B_or_bridge_interval,conditional_v8_fixed_policy_feasible,1.155412377874907e+19,11.965825,299.893,2.093384524595647,2.1602893513304946,2.0195419120198412,-0.06737146220598264,0.9348478761773423,2.1530802940349996e+22,1.46983614739456e+21,2.1090466290038188e+20,2.3211543750644943e+22,0.23211543750644942,N_max;D_max,2.0195419120198412,0.0,-0.0718383293916875,convex_logN_reduction_floating_point
1.0746078283213175e+23,2048,power,0.5,0.6713607648391644,1.6754490814383751,0.5814185814185814,observed_512,direct_and_near,172,False,CYJ_v8_Q1_v2_derived_policy,no_joint_A_B_or_bridge_interval,conditional_v8_fixed_policy_feasible,1.155412377874907e+19,11.965825,299.893,2.093384524595647,2.1602893513304946,2.0195419120198412,-0.06737146220598264,0.9348478761773423,2.1530802940349996e+22,1.46983614739456e+21,2.1090466290038188e+20,2.3211543750644943e+22,0.21600013641166665,N_max;D_max,2.0195419120198412,0.0,-0.0718383293916875,convex_logN_reduction_floating_point
1.1547819846894582e+23,2048,power,0.5,0.6713607648391644,1.6754490814383751,0.5814185814185814,observed_512,direct_and_near,172,False,CYJ_v8_Q1_v2_derived_policy,no_joint_A_B_or_bridge_interval,conditional_v8_fixed_policy_feasible,1.155412377874907e+19,11.965825,299.893,2.093384524595647,2.1602893513304946,2.0195419120198412,-0.06737146220598264,0.9348478761773423,2.1530802940349996e+22,1.46983614739456e+21,2.1090466290038188e+20,2.3211543750644943e+22,0.20100368778169803,N_max;D_max,2.0195419120198412,0.0,-0.0718383293916875,convex_logN_reduction_floating_point
1.2409377607517195e+23,2048,power,0.5,0.6713607648391644,1.6754490814383751,0.5814185814185814,observed_512,direct_and_near,172,False,CYJ_v8_Q1_v2_derived_policy,no_joint_A_B_or_bridge_interval,conditional_v8_fixed_policy_feasible,1.155412377874907e+19,11.965825,299.893,2.093384524595647,2.1602893513304946,2.0195419120198412,-0.06737146220598264,0.9348478761773423,2.1530802940349996e+22,1.46983614739456e+21,2.1090466290038188e+20,2.3211543750644943e+22,0.18704841197341074,N_max;D_max,2.0195419120198412,0.0,-0.0718383293916875,convex_logN_reduction_floating_point
1.3335214321633241e+23,2048,power,0.5,0.6713607648391644,1.6754490814383751,0.5814185814185814,observed_512,direct_and_near,172,False,CYJ_v8_Q1_v2_derived_policy,no_joint_A_B_or_bridge_interval,conditional_v8_fixed_policy_feasible,1.155412377874907e+19,11.965825,299.893,2.093384524595647,2.1602893513304946,2.0195419120198412,-0.06737146220598264,0.9348478761773423,2.1530802940349996e+22,1.46983614739456e+21,2.1090466290038188e+20,2.3211543750644943e+22,0.17406202248275596,N_max;D_max,2.0195419120198412,0.0,-0.0718383293916875,convex_logN_reduction_floating_point
1.4330125702369627e+23,2048,power,0.5,0.6713607648391644,1.6754490814383751,0.5814185814185814,observed_512,direct_and_near,172,False,CYJ_v8_Q1_v2_derived_policy,no_joint_A_B_or_bridge_interval,conditional_v8_fixed_policy_feasible,1.155412377874907e+19,11.965825,299.893,2.093384524595647,2.1602893513304946,2.0195419120198412,-0.06737146220598264,0.9348478761773423,2.1530802940349996e+22,1.46983614739456e+21,2.1090466290038188e+20,2.3211543750644943e+22,0.16197725151012937,N_max;D_max,2.0195419120198412,0.0,-0.0718383293916875,convex_logN_reduction_floating_point
1.539926526059492e+23,2048,power,0.5,0.6713607648391644,1.6754490814383751,0.5814185814185814,observed_512,direct_and_near,172,False,CYJ_v8_Q1_v2_derived_policy,no_joint_A_B_or_bridge_interval,conditional_v8_fixed_policy_feasible,1.155412377874907e+19,11.965825,299.893,2.093384524595647,2.1602893513304946,2.0195419120198412,-0.06737146220598264,0.9348478761773423,2.1530802940349996e+22,1.46983614739456e+21,2.1090466290038188e+20,2.3211543750644943e+22,0.15073150152196424,N_max;D_max,2.0195419120198412,0.0,-0.0718383293916875,convex_logN_reduction_floating_point
1.6548170999431815e+23,2048,power,0.5,0.6713607648391644,1.6754490814383751,0.5814185814185814,observed_512,direct_and_near,172,False,CYJ_v8_Q1_v2_derived_policy,no_joint_A_B_or_bridge_interval,conditional_v8_fixed_policy_feasible,1.155412377874907e+19,11.965825,299.893,2.093384524595647,2.1602893513304946,2.0195419120198412,-0.06737146220598264,0.9348478761773423,2.1530802940349996e+22,1.46983614739456e+21,2.1090466290038188e+20,2.3211543750644943e+22,0.14026652100369227,N_max;D_max,2.0195419120198412,0.0,-0.0718383293916875,convex_logN_reduction_floating_point
1.7782794100389228e+23,2048,power,0.5,0.6713607648391644,1.6754490814383751,0.5814185814185814,observed_512,direct_and_near,172,False,CYJ_v8_Q1_v2_derived_policy,no_joint_A_B_or_bridge_interval,conditional_v8_fixed_policy_feasible,1.155412377874907e+19,11.965825,299.893,2.093384524595647,2.1602893513304946,2.0195419120198412,-0.06737146220598264,0.9348478761773423,2.1530802940349996e+22,1.46983614739456e+21,2.1090466290038188e+20,2.3211543750644943e+22,0.13052810272451443,N_max;D_max,2.0195419120198412,0.0,-0.0718383293916875,convex_logN_reduction_floating_point
1.9109529749704405e+23,2048,power,0.5,0.6713607648391644,1.6754490814383751,0.5814185814185814,observed_512,direct_and_near,172,False,CYJ_v8_Q1_v2_derived_policy,no_joint_A_B_or_bridge_interval,conditional_v8_fixed_policy_feasible,1.155412377874907e+19,11.965825,299.893,2.093384524595647,2.1602893513304946,2.0195419120198412,-0.06737146220598264,0.9348478761773423,2.1530802940349996e+22,1.46983614739456e+21,2.1090466290038188e+20,2.3211543750644943e+22,0.12146580295103279,N_max;D_max,2.0195419120198412,0.0,-0.0718383293916875,convex_logN_reduction_floating_point
2.053525026457146e+23,2048,power,0.5,0.6713607648391644,1.6754490814383751,0.5814185814185814,observed_512,direct_and_near,172,False,CYJ_v8_Q1_v2_derived_policy,no_joint_A_B_or_bridge_interval,conditional_v8_fixed_policy_feasible,1.155412377874907e+19,11.965825,299.893,2.093384524595647,2.1602893513304946,2.0195419120198412,-0.06737146220598264,0.9348478761773423,2.1530802940349996e+22,1.46983614739456e+21,2.1090466290038188e+20,2.3211543750644943e+22,0.11303268015530725,N_max;D_max,2.0195419120198412,0.0,-0.0718383293916875,convex_logN_reduction_floating_point
2.2067340690845896e+23,2048,power,0.5,0.6713607648391644,1.6754490814383751,0.5814185814185814,observed_512,direct_and_near,172,False,CYJ_v8_Q1_v2_derived_policy,no_joint_A_B_or_bridge_interval,conditional_v8_fixed_policy_feasible,1.155412377874907e+19,11.965825,299.893,2.093384524595647,2.1602893513304946,2.0195419120198412,-0.06737146220598264,0.9348478761773423,2.1530802940349996e+22,1.46983614739456e+21,2.1090466290038188e+20,2.3211543750644943e+22,0.10518505186387815,N_max;D_max,2.0195419120198412,0.0,-0.0718383293916875,convex_logN_reduction_floating_point
2.371373705661655e+23,2048,power,0.5,0.6713607648391644,1.6754490814383751,0.5814185814185814,observed_512,direct_and_near,172,False,CYJ_v8_Q1_v2_derived_policy,no_joint_A_B_or_bridge_interval,conditional_v8_fixed_policy_feasible,1.155412377874907e+19,11.965825,299.893,2.093384524595647,2.1602893513304946,2.0195419120198412,-0.06737146220598264,0.9348478761773423,2.1530802940349996e+22,1.46983614739456e+21,2.1090466290038188e+20,2.3211543750644943e+22,0.09788226838826532,N_max;D_max,2.0195419120198412,0.0,-0.0718383293916875,convex_logN_reduction_floating_point
2.5482967479793466e+23,2048,power,0.5,0.6713607648391644,1.6754490814383751,0.5814185814185814,observed_512,direct_and_near,172,False,CYJ_v8_Q1_v2_derived_policy,no_joint_A_B_or_bridge_interval,conditional_v8_fixed_policy_feasible,1.155412377874907e+19,11.965825,299.893,2.093384524595647,2.1602893513304946,2.0195419120198412,-0.06737146220598264,0.9348478761773423,2.1530802940349996e+22,1.46983614739456e+21,2.1090466290038188e+20,2.3211543750644943e+22,0.09108650226489662,N_max;D_max,2.0195419120198412,0.0,-0.0718383293916875,convex_logN_reduction_floating_point
2.738419634264361e+23,2048,power,0.5,0.6713607648391644,1.6754490814383751,0.5814185814185814,observed_512,direct_and_near,172,False,CYJ_v8_Q1_v2_derived_policy,no_joint_A_B_or_bridge_interval,conditional_v8_fixed_policy_feasible,1.155412377874907e+19,11.965825,299.893,2.093384524595647,2.1602893513304946,2.0195419120198412,-0.06737146220598264,0.9348478761773423,2.1530802940349996e+22,1.46983614739456e+21,2.1090466290038188e+20,2.3211543750644943e+22,0.0847625523137925,N_max;D_max,2.0195419120198412,0.0,-0.0718383293916875,convex_logN_reduction_floating_point
2.942727176209282e+23,2048,power,0.5,0.6713607648391644,1.6754490814383751,0.5814185814185814,observed_512,direct_and_near,172,False,CYJ_v8_Q1_v2_derived_policy,no_joint_A_B_or_bridge_interval,conditional_v8_fixed_policy_feasible,1.155412377874907e+19,11.965825,299.893,2.093384524595647,2.1602893513304946,2.0195419120198412,-0.06737146220598264,0.9348478761773423,2.1530802940349996e+22,1.46983614739456e+21,2.1090466290038188e+20,2.3211543750644943e+22,0.07887766130105625,N_max;D_max,2.0195419120198412,0.0,-0.0718383293916875,convex_logN_reduction_floating_point
3.162277660168379e+23,2048,power,0.5,0.6713607648391644,1.6754490814383751,0.5814185814185814,observed_512,direct_and_near,172,False,CYJ_v8_Q1_v2_derived_policy,no_joint_A_B_or_bridge_interval,conditional_v8_fixed_policy_feasible,1.155412377874907e+19,11.965825,299.893,2.093384524595647,2.1602893513304946,2.0195419120198412,-0.06737146220598264,0.9348478761773423,2.1530802940349996e+22,1.46983614739456e+21,2.1090466290038188e+20,2.3211543750644943e+22,0.07340134626068545,N_max;D_max,2.0195419120198412,0.0,-0.0718383293916875,convex_logN_reduction_floating_point
3.3982083289425596e+23,2048,power,0.5,0.6713607648391644,1.6754490814383751,0.5814185814185814,observed_512,direct_and_near,172,False,CYJ_v8_Q1_v2_derived_policy,no_joint_A_B_or_bridge_interval,conditional_v8_fixed_policy_feasible,1.155412377874907e+19,11.965825,299.893,2.093384524595647,2.1602893513304946,2.0195419120198412,-0.06737146220598264,0.9348478761773423,2.1530802940349996e+22,1.46983614739456e+21,2.1090466290038188e+20,2.3211543750644943e+22,0.06830524059679359,N_max;D_max,2.0195419120198412,0.0,-0.0718383293916875,convex_logN_reduction_floating_point
3.651741272548377e+23,2048,power,0.5,0.6713607648391644,1.6754490814383751,0.5814185814185814,observed_512,direct_and_near,172,False,CYJ_v8_Q1_v2_derived_policy,no_joint_A_B_or_bridge_interval,conditional_v8_fixed_policy_feasible,1.155412377874907e+19,11.965825,299.893,2.093384524595647,2.1602893513304946,2.0195419120198412,-0.06737146220598264,0.9348478761773423,2.1530802940349996e+22,1.46983614739456e+21,2.1090466290038188e+20,2.3211543750644943e+22,0.06356294714835235,N_max;D_max,2.0195419120198412,0.0,-0.0718383293916875,convex_logN_reduction_floating_point
3.924189758484536e+23,2048,power,0.5,0.6713607648391644,1.6754490814383751,0.5814185814185814,observed_512,direct_and_near,172,False,CYJ_v8_Q1_v2_derived_policy,no_joint_A_B_or_bridge_interval,conditional_v8_fixed_policy_feasible,1.155412377874907e+19,11.965825,299.893,2.093384524595647,2.1602893513304946,2.0195419120198412,-0.06737146220598264,0.9348478761773423,2.1530802940349996e+22,1.46983614739456e+21,2.1090466290038188e+20,2.3211543750644943e+22,0.05914990145534883,N_max;D_max,2.0195419120198412,0.0,-0.0718383293916875,convex_logN_reduction_floating_point
4.2169650342858225e+23,2048,power,0.5,0.6713607648391644,1.6754490814383751,0.5814185814185814,observed_512,direct_and_near,172,False,CYJ_v8_Q1_v2_derived_policy,no_joint_A_B_or_bridge_interval,conditional_v8_fixed_policy_feasible,1.155412377874907e+19,11.965825,299.893,2.093384524595647,2.1602893513304946,2.0195419120198412,-0.06737146220598264,0.9348478761773423,2.1530802940349996e+22,1.46983614739456e+21,2.1090466290038188e+20,2.3211543750644943e+22,0.05504324451809453,N_max;D_max,2.0195419120198412,0.0,-0.0718383293916875,convex_logN_reduction_floating_point
4.531583637600818e+23,2048,power,0.5,0.6713607648391644,1.6754490814383751,0.5814185814185814,observed_512,direct_and_near,172,False,CYJ_v8_Q1_v2_derived_policy,no_joint_A_B_or_bridge_interval,conditional_v8_fixed_policy_feasible,1.155412377874907e+19,11.965825,299.893,2.093384524595647,2.1602893513304946,2.0195419120198412,-0.06737146220598264,0.9348478761773423,2.1530802940349996e+22,1.46983614739456e+21,2.1090466290038188e+20,2.3211543750644943e+22,0.051221704390595695,N_max;D_max,2.0195419120198412,0.0,-0.0718383293916875,convex_logN_reduction_floating_point
4.869675251658631e+23,2048,power,0.5,0.6713607648391644,1.6754490814383751,0.5814185814185814,observed_512,direct_and_near,172,False,CYJ_v8_Q1_v2_derived_policy,no_joint_A_B_or_bridge_interval,conditional_v8_fixed_policy_feasible,1.155412377874907e+19,11.965825,299.893,2.093384524595647,2.1602893513304946,2.0195419120198412,-0.06737146220598264,0.9348478761773423,2.1530802940349996e+22,1.46983614739456e+21,2.1090466290038188e+20,2.3211543750644943e+22,0.04766548599465436,N_max;D_max,2.0195419120198412,0.0,-0.0718383293916875,convex_logN_reduction_floating_point
5.232991146814947e+23,2048,power,0.5,0.6713607648391644,1.6754490814383751,0.5814185814185814,observed_512,direct_and_near,172,False,CYJ_v8_Q1_v2_derived_policy,no_joint_A_B_or_bridge_interval,conditional_v8_fixed_policy_feasible,1.155412377874907e+19,11.965825,299.893,2.093384524595647,2.1602893513304946,2.0195419120198412,-0.06737146220598264,0.9348478761773423,2.1530802940349996e+22,1.46983614739456e+21,2.1090466290038188e+20,2.3211543750644943e+22,0.04435616858395149,N_max;D_max,2.0195419120198412,0.0,-0.0718383293916875,convex_logN_reduction_floating_point
5.623413251903491e+23,2048,power,0.5,0.6713607648391644,1.6754490814383751,0.5814185814185814,observed_512,direct_and_near,172,False,CYJ_v8_Q1_v2_derived_policy,no_joint_A_B_or_bridge_interval,conditional_v8_fixed_policy_feasible,1.155412377874907e+19,11.965825,299.893,2.093384524595647,2.1602893513304946,2.0195419120198412,-0.06737146220598264,0.9348478761773423,2.1530802940349996e+22,1.46983614739456e+21,2.1090466290038188e+20,2.3211543750644943e+22,0.04127661032698954,N_max;D_max,2.0195419120198412,0.0,-0.0718383293916875,convex_logN_reduction_floating_point
6.042963902381328e+23,2048,power,0.5,0.6713607648391644,1.6754490814383751,0.5814185814185814,observed_512,direct_and_near,172,False,CYJ_v8_Q1_v2_derived_policy,no_joint_A_B_or_bridge_interval,conditional_v8_fixed_policy_feasible,1.155412377874907e+19,11.965825,299.893,2.093384524595647,2.1602893513304946,2.0195419120198412,-0.06737146220598264,0.9348478761773423,2.1530802940349996e+22,1.46983614739456e+21,2.1090466290038188e+20,2.3211543750644943e+22,0.03841085951464654,N_max;D_max,2.0195419120198412,0.0,-0.0718383293916875,convex_logN_reduction_floating_point
6.493816315762113e+23,2048,power,0.5,0.6713607648391644,1.6754490814383751,0.5814185814185814,observed_512,direct_and_near,172,False,CYJ_v8_Q1_v2_derived_policy,no_joint_A_B_or_bridge_interval,conditional_v8_fixed_policy_feasible,1.155412377874907e+19,11.965825,299.893,2.093384524595647,2.1602893513304946,2.0195419120198412,-0.06737146220598264,0.9348478761773423,2.1530802940349996e+22,1.46983614739456e+21,2.1090466290038188e+20,2.3211543750644943e+22,0.035744071932408576,N_max;D_max,2.0195419120198412,0.0,-0.0718383293916875,convex_logN_reduction_floating_point
6.978305848598663e+23,2048,power,0.5,0.6713607648391644,1.6754490814383751,0.5814185814185814,observed_512,direct_and_near,172,False,CYJ_v8_Q1_v2_derived_policy,no_joint_A_B_or_bridge_interval,conditional_v8_fixed_policy_feasible,1.155412377874907e+19,11.965825,299.893,2.093384524595647,2.1602893513304946,2.0195419120198412,-0.06737146220598264,0.9348478761773423,2.1530802940349996e+22,1.46983614739456e+21,2.1090466290038188e+20,2.3211543750644943e+22,0.03326243396927942,N_max;D_max,2.0195419120198412,0.0,-0.0718383293916875,convex_logN_reduction_floating_point
7.498942093324558e+23,2048,power,0.5,0.6713607648391644,1.6754490814383751,0.5814185814185814,observed_512,direct_and_near,172,False,CYJ_v8_Q1_v2_derived_policy,no_joint_A_B_or_bridge_interval,conditional_v8_fixed_policy_feasible,1.155412377874907e+19,11.965825,299.893,2.093384524595647,2.1602893513304946,2.0195419120198412,-0.06737146220598264,0.9348478761773423,2.1530802940349996e+22,1.46983614739456e+21,2.1090466290038188e+20,2.3211543750644943e+22,0.030953091065081696,N_max;D_max,2.0195419120198412,0.0,-0.0718383293916875,convex_logN_reduction_floating_point
8.058421877614818e+23,2048,power,0.5,0.6713607648391644,1.6754490814383751,0.5814185814185814,observed_512,direct_and_near,172,False,CYJ_v8_Q1_v2_derived_policy,no_joint_A_B_or_bridge_interval,conditional_v8_fixed_policy_feasible,1.155412377874907e+19,11.965825,299.893,2.093384524595647,2.1602893513304946,2.0195419120198412,-0.06737146220598264,0.9348478761773423,2.1530802940349996e+22,1.46983614739456e+21,2.1090466290038188e+20,2.3211543750644943e+22,0.028804081125515905,N_max;D_max,2.0195419120198412,0.0,-0.0718383293916875,convex_logN_reduction_floating_point
8.659643233600654e+23,2048,power,0.5,0.6713607648391644,1.6754490814383751,0.5814185814185814,observed_512,direct_and_near,172,False,CYJ_v8_Q1_v2_derived_policy,no_joint_A_B_or_bridge_interval,conditional_v8_fixed_policy_feasible,1.155412377874907e+19,11.965825,299.893,2.093384524595647,2.1602893513304946,2.0195419120198412,-0.06737146220598264,0.9348478761773423,2.1530802940349996e+22,1.46983614739456e+21,2.1090466290038188e+20,2.3211543750644943e+22,0.026804272560075955,N_max;D_max,2.0195419120198412,0.0,-0.0718383293916875,convex_logN_reduction_floating_point
9.30572040929699e+23,2048,power,0.5,0.6713607648391644,1.6754490814383751,0.5814185814185814,observed_512,direct_and_near,172,False,CYJ_v8_Q1_v2_derived_policy,no_joint_A_B_or_bridge_interval,conditional_v8_fixed_policy_feasible,1.155412377874907e+19,11.965825,299.893,2.093384524595647,2.1602893513304946,2.0195419120198412,-0.06737146220598264,0.9348478761773423,2.1530802940349996e+22,1.46983614739456e+21,2.1090466290038188e+20,2.3211543750644943e+22,0.02494330662186581,N_max;D_max,2.0195419120198412,0.0,-0.0718383293916875,convex_logN_reduction_floating_point
1e+24,2048,power,0.5,0.6713607648391644,1.6754490814383751,0.5814185814185814,observed_512,direct_and_near,172,False,CYJ_v8_Q1_v2_derived_policy,no_joint_A_B_or_bridge_interval,conditional_v8_fixed_policy_feasible,1.155412377874907e+19,11.965825,299.893,2.093384524595647,2.1602893513304946,2.0195419120198412,-0.06737146220598264,0.9348478761773423,2.1530802940349996e+22,1.46983614739456e+21,2.1090466290038188e+20,2.3211543750644943e+22,0.023211543750644943,N_max;D_max,2.0195419120198412,0.0,-0.0718383293916875,convex_logN_reduction_floating_point
1e+19,2048,logarithmic,0.5,0.6713607648391644,1.6754490814383751,0.5814185814185814,observed_512,direct_and_near,172,False,CYJ_v8_Q1_v2_derived_policy,no_joint_A_B_or_bridge_interval,conditional_v8_fixed_policy_feasible,9.545990571739754e+18,0.07762527240795436,10.0,3.184914432238847,3.369725796134156,3.1501810038160194,-0.06737146220598264,0.9348478761773423,4.657516344477262e+18,3.1795311578298106e+17,5.024530539739757e+18,1e+19,1.0,D_min;budget,3.1501810038160194,0.0,-0.21392224748276972,convex_logN_reduction_floating_point
1.0746078283213175e+19,2048,logarithmic,0.5,0.6713607648391644,1.6754490814383751,0.5814185814185814,observed_512,direct_and_near,172,False,CYJ_v8_Q1_v2_derived_policy,no_joint_A_B_or_bridge_interval,conditional_v8_fixed_policy_feasible,9.545990571739754e+18,0.08926528556342701,10.000000000000002,3.1457590820263372,3.3277642122724984,3.1109533062619117,-0.06737146220598264,0.9348478761773423,5.355917133805621e+18,3.656306096677971e+17,5.024530539739758e+18,1.0746078283213177e+19,1.0000000000000002,D_min;budget,3.1109533062619117,0.0,-0.19408156387897496,convex_logN_reduction_floating_point
1.1547819846894582e+19,2048,logarithmic,0.5,0.6713607648391644,1.6754490814383751,0.5814185814185814,observed_512,direct_and_near,172,False,CYJ_v8_Q1_v2_derived_policy,no_joint_A_B_or_bridge_interval,conditional_v8_fixed_policy_feasible,9.545990571739754e+18,0.10177373482206103,10.0,3.1106624594277834,3.290033687854406,3.075681005642601,-0.06737146220598264,0.9348478761773423,6.106424089323662e+18,4.16865217831162e+17,5.024530539739757e+18,1.154781984689458e+19,0.9999999999999998,D_min;budget,3.075681005642601,0.0,-0.1760740444423135,convex_logN_reduction_floating_point
1.2409377607517196e+19,2048,logarithmic,0.5,0.6713607648391644,1.6754490814383751,0.5814185814185814,observed_512,direct_and_near,172,False,CYJ_v8_Q1_v2_derived_policy,no_joint_A_B_or_bridge_interval,conditional_v8_fixed_policy_feasible,9.545990571739754e+18,0.11521541231554916,10.000000000000002,3.0788724742371723,3.2557521600789414,3.0436329922095933,-0.06737146220598264,0.9348478761773423,6.912924738932951e+18,4.719223288444895e+17,5.024530539739758e+18,1.2409377607517196e+19,1.0,D_min;budget,3.0436329922095933,0.0,-0.1596125208296318,convex_logN_reduction_floating_point
1.3335214321633241e+19,2048,logarithmic,0.5,0.6713607648391644,1.6754490814383751,0.5814185814185814,observed_512,direct_and_near,172,False,CYJ_v8_Q1_v2_derived_policy,no_joint_A_B_or_bridge_interval,conditional_v8_fixed_policy_feasible,9.545990571739754e+18,0.12965994417582197,10.0,3.0498255516949238,3.224332993969171,3.014260851500611,-0.06737146220598264,0.9348478761773423,7.779596650549319e+18,5.310871313441668e+17,5.024530539739757e+18,1.3335214321633241e+19,1.0,D_min;budget,3.014260851500611,0.0,-0.14447610200514743,convex_logN_reduction_floating_point
1.4330125702369628e+19,2048,logarithmic,0.5,0.6713607648391644,1.6754490814383751,0.5814185814185814,observed_512,direct_and_near,172,False,CYJ_v8_Q1_v2_derived_policy,no_joint_A_B_or_bridge_interval,conditional_v8_fixed_policy_feasible,9.545990571739754e+18,0.14518215118930777,10.0,3.023089349440808,3.1953257295423914,2.9871434719575216,-0.06737146220598264,0.9348478761773423,8.710929071358466e+18,5.946660912714047e+17,5.024530539739757e+18,1.4330125702369628e+19,1.0,D_min;budget,2.9871434719575216,0.0,-0.13049054715288033,convex_logN_reduction_floating_point
1.539926526059492e+19,2048,logarithmic,0.5,0.6713607648391644,1.6754490814383751,0.5814185814185814,observed_512,direct_and_near,172,False,CYJ_v8_Q1_v2_derived_policy,no_joint_A_B_or_bridge_interval,conditional_v8_fixed_policy_feasible,9.545990571739754e+18,0.16186243635882366,10.0,2.998325521525261,3.1683775315172915,2.9619510062669505,-0.06737146220598264,0.9348478761773423,9.71174618152942e+18,6.629885393257418e+17,5.024530539739757e+18,1.5399265260594917e+19,0.9999999999999999,D_min;budget,2.9619510062669505,0.0,-0.1175154648280472,convex_logN_reduction_floating_point
1.6548170999431815e+19,2048,logarithmic,0.5,0.6713607648391644,1.6754490814383751,0.5814185814185814,observed_512,direct_and_near,172,False,CYJ_v8_Q1_v2_derived_policy,no_joint_A_B_or_bridge_interval,conditional_v8_fixed_policy_feasible,9.545990571739754e+18,0.1797872013806175,10.0,2.9752647039771833,3.143207270546635,2.938420641255703,-0.06737146220598264,0.9348478761773423,1.078723208283705e+19,7.364083768550093e+17,5.024530539739757e+18,1.6548170999431815e+19,1.0,D_min;budget,2.938420641255703,0.0,-0.10543567705965284,convex_logN_reduction_floating_point
1.7782794100389229e+19,2048,logarithmic,0.5,0.6713607648391644,1.6754490814383751,0.5814185814185814,observed_512,direct_and_near,172,False,CYJ_v8_Q1_v2_derived_policy,no_joint_A_B_or_bridge_interval,conditional_v8_fixed_policy_feasible,9.545990571739754e+18,0.1990492941938572,10.0,2.9536892301229516,3.119587599666753,2.916339842097637,-0.06737146220598264,0.9348478761773423,1.1942957651631432e+19,8.15305909018039e+17,5.024530539739757e+18,1.7782794100389229e+19,1.0,D_min;budget,2.916339842097637,0.0,-0.09415522057555256,convex_logN_reduction_floating_point
1.9109529749704405e+19,2048,logarithmic,0.5,0.6713607648391644,1.6754490814383751,0.5814185814185814,observed_512,direct_and_near,172,False,CYJ_v8_Q1_v2_derived_policy,no_joint_A_B_or_bridge_interval,conditional_v8_fixed_policy_feasible,9.545990571739754e+18,0.2197484899208164,10.000000000000002,2.933420891694825,3.097332253637975,2.8955344791290423,-0.06737146220598264,0.9348478761773423,1.3184909395248986e+19,9.00089814715664e+17,5.024530539739758e+18,1.9109529749704405e+19,1.0,D_min;budget,2.8955344791290423,0.0,-0.08359307200891594,convex_logN_reduction_floating_point
2.053525026457146e+19,2048,logarithmic,0.5,0.6713607648391644,1.6754490814383751,0.5814185814185814,observed_512,direct_and_near,172,False,CYJ_v8_Q1_v2_derived_policy,no_joint_A_B_or_bridge_interval,conditional_v8_fixed_policy_feasible,9.545990571739754e+18,0.2419920076889619,10.000000000000002,2.914312085459104,3.076286855061311,2.8758602329663425,-0.06737146220598264,0.9348478761773423,1.4519520461337715e+19,9.911992634939882e+17,5.024530539739758e+18,2.053525026457146e+19,1.0,D_min;budget,2.8758602329663425,0.0,-0.07368003202941112,convex_logN_reduction_floating_point
2.2067340690845897e+19,2048,logarithmic,0.5,0.6713607648391644,1.6754490814383751,0.5814185814185814,observed_512,direct_and_near,172,False,CYJ_v8_Q1_v2_derived_policy,no_joint_A_B_or_bridge_interval,conditional_v8_fixed_policy_feasible,9.545990571739754e+18,0.2658950660120154,10.0,2.8962392868429285,3.0563221324277476,2.857196254413886,-0.06737146220598264,0.9348478761773423,1.5953703960720925e+19,1.089106190385215e+18,5.024530539739757e+18,2.2067340690845897e+19,1.0,D_min;budget,2.857196254413886,0.0,-0.06435640796906061,convex_logN_reduction_floating_point
2.3713737056616554e+19,2048,logarithmic,0.5,0.6713607648391644,1.6754490814383751,0.5814185814185814,observed_512,direct_and_near,172,False,CYJ_v8_Q1_v2_derived_policy,no_joint_A_B_or_bridge_interval,conditional_v8_fixed_policy_feasible,9.545990571739754e+18,0.2915814796067898,10.0,2.8790981575094725,3.037328832819917,2.8394404086139056,-0.06737146220598264,0.9348478761773423,1.7494888776407388e+19,1.194317740469411e+18,5.024530539739757e+18,2.3713737056616554e+19,1.0,D_min;budget,2.8394404086139056,0.0,-0.05557025880555583,convex_logN_reduction_floating_point
2.5482967479793463e+19,2048,logarithmic,0.5,0.6713607648391644,1.6754490814383751,0.5814185814185814,observed_512,direct_and_near,172,False,CYJ_v8_Q1_v2_derived_policy,no_joint_A_B_or_bridge_interval,conditional_v8_fixed_policy_feasible,9.545990571739754e+18,0.31918430073723336,10.0,2.862799822290166,3.0192138481445285,2.8225056536631334,-0.06737146220598264,0.9348478761773423,1.9151058044234002e+19,1.307378895819708e+18,5.024530539739757e+18,2.5482967479793467e+19,1.0000000000000002,D_min;budget,2.8225056536631334,0.0,-0.04727604407393429,convex_logN_reduction_floating_point
2.7384196342643614e+19,2048,logarithmic,0.5,0.6713607648391644,1.6754490814383751,0.5814185814185814,observed_512,direct_and_near,172,False,CYJ_v8_Q1_v2_derived_policy,no_joint_A_B_or_bridge_interval,conditional_v8_fixed_policy_feasible,9.545990571739754e+18,0.34884650840776116,10.0,2.8472679974005946,3.0018972253164162,2.8063172455897085,-0.06737146220598264,0.9348478761773423,2.093079050446567e+19,1.4288752984381898e+18,5.024530539739757e+18,2.7384196342643614e+19,1.0,D_min;budget,2.8063172455897085,0.0,-0.039433568124470464,convex_logN_reduction_floating_point
2.942727176209282e+19,2048,logarithmic,0.5,0.6713607648391644,1.6754490814383751,0.5814185814185814,observed_512,direct_and_near,172,False,CYJ_v8_Q1_v2_derived_policy,no_joint_A_B_or_bridge_interval,conditional_v8_fixed_policy_feasible,9.545990571739754e+18,0.3807217489758029,10.0,2.832436748013365,2.9853098303132657,2.7908105545996986,-0.06737146220598264,0.9348478761773423,2.2843304938548175e+19,1.5594362838048886e+18,5.024530539739757e+18,2.942727176209282e+19,1.0,D_min;budget,2.7908105545996986,0.0,-0.032007143863773235,convex_logN_reduction_floating_point
3.162277660168379e+19,2048,logarithmic,0.5,0.6713607648391644,1.6754490814383751,0.5814185814185814,observed_512,direct_and_near,172,False,CYJ_v8_Q1_v2_derived_policy,no_joint_A_B_or_bridge_interval,conditional_v8_fixed_policy_feasible,9.545990571739754e+18,0.4149751320198458,10.0,2.8182487176704023,2.9693915027094913,2.775929339847015,-0.06737146220598264,0.9348478761773423,2.489850792119075e+19,1.6997381407532882e+18,5.024530539739757e+18,3.1622776601683796e+19,1.0000000000000002,D_min;budget,2.775929339847015,0.0,-0.024964922042803483,convex_logN_reduction_floating_point
3.3982083289425592e+19,2048,logarithmic,0.5,0.6713607648391644,1.6754490814383751,0.5814185814185814,observed_512,direct_and_near,172,False,CYJ_v8_Q1_v2_derived_policy,no_joint_A_B_or_bridge_interval,conditional_v8_fixed_policy_feasible,9.545990571739754e+18,0.451784085585463,10.0,2.804653715979737,2.954089582839812,2.7616243725554095,-0.06737146220598264,0.9348478761773423,2.710704513512778e+19,1.8505076145580567e+18,5.024530539739757e+18,3.3982083289425592e+19,1.0,D_min;budget,2.7616243725554095,0.0,-0.018278347128733524,convex_logN_reduction_floating_point
3.651741272548377e+19,2048,logarithmic,0.5,0.6713607648391644,1.6754490814383751,0.5814185814185814,observed_512,direct_and_near,172,False,CYJ_v8_Q1_v2_derived_policy,no_joint_A_B_or_bridge_interval,conditional_v8_fixed_policy_feasible,9.545990571739754e+18,0.49133927523939114,10.0,2.791607581563613,2.939357725376861,2.7478523268940225,-0.06737146220598264,0.9348478761773423,2.948035651436347e+19,2.0125256713805463e+18,5.024530539739757e+18,3.6517412725483774e+19,1.0000000000000002,D_min;budget,2.7478523268940225,0.0,-0.011921711199247065,convex_logN_reduction_floating_point
3.924189758484536e+19,2048,logarithmic,0.5,0.6713607648391644,1.6754490814383751,0.5814185814185814,observed_512,direct_and_near,172,False,CYJ_v8_Q1_v2_derived_policy,no_joint_A_B_or_bridge_interval,conditional_v8_fixed_policy_feasible,9.545990571739754e+18,0.5338455916922367,10.0,2.779071258747152,2.92515493542423,2.7345748788710122,-0.06737146220598264,0.9348478761773423,3.20307355015342e+19,2.1866315435714012e+18,5.024530539739757e+18,3.924189758484536e+19,1.0,D_min;budget,2.7345748788710122,0.0,-0.005871784638186328,convex_logN_reduction_floating_point
4.216965034285823e+19,2048,logarithmic,0.5,0.6713607648391644,1.6754490814383751,0.5814185814185814,observed_512,direct_and_near,172,False,CYJ_v8_Q1_v2_derived_policy,no_joint_A_B_or_bridge_interval,conditional_v8_fixed_policy_feasible,9.545990571739754e+18,0.5795232121055678,10.0,2.7670100418714596,2.911444779196725,2.7217579684396696,-0.06737146220598264,0.9348478761773423,3.4771392726334063e+19,2.3737270767844055e+18,5.024530539739757e+18,4.2169650342858236e+19,1.0000000000000002,D_min;budget,2.7217579684396696,0.0,-0.00010750766681827395,convex_logN_reduction_floating_point
4.531583637600818e+19,2048,logarithmic,0.5,0.6713607648391644,1.6754490814383751,0.5814185814185814,observed_512,direct_and_near,172,False,CYJ_v8_Q1_v2_derived_policy,no_joint_A_B_or_bridge_interval,conditional_v8_fixed_policy_feasible,9.545990571739754e+18,0.5976886648081156,10.457343874347638,2.7544637533270704,2.8980587132968334,2.7092440331627863,-0.06737146220598264,0.9348478761773423,3.7501415386189e+19,2.5600966236971684e+18,5.254324366122018e+18,4.531583637600818e+19,1.0,budget,2.7092440331627863,0.0,-2.7755575615628914e-17,convex_logN_reduction_floating_point
4.869675251658631e+19,2048,logarithmic,0.5,0.6713607648391644,1.6754490814383751,0.5814185814185814,observed_512,direct_and_near,172,False,CYJ_v8_Q1_v2_derived_policy,no_joint_A_B_or_bridge_interval,conditional_v8_fixed_policy_feasible,9.545990571739754e+18,0.6158822006407731,10.943061909722774,2.742068127735468,2.8848376038539074,2.6968843070793587,-0.06737146220598264,0.9348478761773423,4.04378223042497e+19,2.760555335970113e+18,5.498374876366494e+18,4.869675251658631e+19,1.0,budget,2.6968843070793587,0.0,-2.7755575615628914e-17,convex_logN_reduction_floating_point
5.2329911468149465e+19,2048,logarithmic,0.5,0.6713607648391644,1.6754490814383751,0.5814185814185814,observed_512,direct_and_near,172,False,CYJ_v8_Q1_v2_derived_policy,no_joint_A_B_or_bridge_interval,conditional_v8_fixed_policy_feasible,9.545990571739754e+18,0.6347004618290131,11.449170329218232,2.7298359539098076,2.8717786337311004,2.684676156594989,-0.06737146220598264,0.9348478761773423,4.3600762173083075e+19,2.976478697682471e+18,5.752670597383929e+18,5.232991146814947e+19,1.0000000000000002,budget,2.68467615659499,-8.303117093232103e-16,0.0,convex_logN_reduction_floating_point
5.6234132519034905e+19,2048,logarithmic,0.5,0.6713607648391644,1.6754490814383751,0.5814185814185814,observed_512,direct_and_near,172,False,CYJ_v8_Q1_v2_derived_policy,no_joint_A_B_or_bridge_interval,conditional_v8_fixed_policy_feasible,9.545990571739754e+18,0.654166218248978,11.97643870323763,2.7177645178869856,2.85887909768363,2.6726170527173383,-0.06737146220598264,0.9348478761773423,4.7007489687525925e+19,3.2090446293351035e+18,6.017598202173868e+18,5.62341325190349e+19,0.9999999999999999,budget,2.6726170527173383,0.0,-2.7755575615628914e-17,convex_logN_reduction_floating_point
6.042963902381328e+19,2048,logarithmic,0.5,0.6713607648391644,1.6754490814383751,0.5814185814185814,observed_512,direct_and_near,172,False,CYJ_v8_Q1_v2_derived_policy,no_joint_A_B_or_bridge_interval,conditional_v8_fixed_policy_feasible,9.545990571739754e+18,0.6743030891752784,12.525663429064968,2.7058511628154953,2.8461363478015826,2.6607045200534474,-0.06737146220598264,0.9348478761773423,5.067656126512991e+19,3.4595199156995354e+18,6.293557842983834e+18,6.042963902381328e+19,1.0,budget,2.6607045200534474,0.0,-2.7755575615628914e-17,convex_logN_reduction_floating_point
6.493816315762113e+19,2048,logarithmic,0.5,0.6713607648391644,1.6754490814383751,0.5814185814185814,observed_512,direct_and_near,172,False,CYJ_v8_Q1_v2_derived_policy,no_joint_A_B_or_bridge_interval,conditional_v8_fixed_policy_feasible,9.545990571739754e+18,0.6951355755971368,13.097668662487827,2.6940932877130264,2.8335477922518866,2.6489361356336736,-0.06737146220598264,0.9348478761773423,5.462793266807434e+19,3.7292668701405414e+18,6.580963619406246e+18,6.493816315762113e+19,1.0,budget,2.6489361356336736,0.0,-2.7755575615628914e-17,convex_logN_reduction_floating_point
6.978305848598663e+19,2048,logarithmic,0.5,0.6713607648391644,1.6754490814383751,0.5814185814185814,observed_512,direct_and_near,172,False,CYJ_v8_Q1_v2_derived_policy,no_joint_A_B_or_bridge_interval,conditional_v8_fixed_policy_feasible,9.545990571739754e+18,0.7166890938189765,13.693307282393745,2.6824883462447513,2.8211108940407525,2.637309527754761,-0.06737146220598264,0.9348478761773423,5.888306392562139e+19,4.01975049732242e+18,6.880244063042818e+18,6.978305848598662e+19,0.9999999999999999,budget,2.637309527754761,0.0,-8.326672684688674e-17,convex_logN_reduction_floating_point
7.498942093324558e+19,2048,logarithmic,0.5,0.6713607648391644,1.6754490814383751,0.5814185814185814,observed_512,direct_and_near,172,False,CYJ_v8_Q1_v2_derived_policy,no_joint_A_B_or_bridge_interval,conditional_v8_fixed_policy_feasible,9.545990571739754e+18,0.7389900103996169,14.313461889284973,2.6710338455221168,2.808823169796447,2.625822374841919,-0.06737146220598264,0.9348478761773423,6.346503210250333e+19,4.3325461915308943e+18,7.191842639211347e+18,7.498942093324557e+19,0.9999999999999998,budget,2.625822374841919,0.0,-5.551115123125783e-17,convex_logN_reduction_floating_point
8.058421877614818e+19,2048,logarithmic,0.5,0.6713607648391644,1.6754490814383751,0.5814185814185814,observed_512,direct_and_near,172,False,CYJ_v8_Q1_v2_derived_policy,no_joint_A_B_or_bridge_interval,conditional_v8_fixed_policy_feasible,9.545990571739754e+18,0.7620656784865767,14.959045838670466,2.6597273449219587,2.7966821885722557,2.6144724043297747,-0.06737146220598264,0.9348478761773423,6.839865249934927e+19,4.669348010622243e+18,7.516218266176668e+18,8.058421877614818e+19,1.0,budget,2.614472404329775,-4.1515585466160513e-16,2.7755575615628914e-17,convex_logN_reduction_floating_point
8.659643233600653e+19,2048,logarithmic,0.5,0.6713607648391644,1.6754490814383751,0.5814185814185814,observed_512,direct_and_near,172,False,CYJ_v8_Q1_v2_derived_policy,no_joint_A_B_or_bridge_interval,conditional_v8_fixed_policy_feasible,9.545990571739754e+18,0.7859444756044527,15.631004310307588,2.648566454925785,2.784685570669537,2.6032573915621073,-0.06737146220598264,0.9348478761773423,7.371060891501382e+19,5.031977568598277e+18,7.853845852394425e+18,8.659643233600653e+19,1.0,budget,2.603257391562108,-4.1515585466160513e-16,-2.7755575615628914e-17,convex_logN_reduction_floating_point
9.30572040929699e+19,2048,logarithmic,0.5,0.6713607648391644,1.6754490814383751,0.5814185814185814,observed_512,direct_and_near,172,False,CYJ_v8_Q1_v2_derived_policy,no_joint_A_B_or_bridge_interval,conditional_v8_fixed_policy_feasible,9.545990571739754e+18,0.8106558429588971,16.330315414280744,2.637548835979058,2.7728309864807335,2.592175158710239,-0.06737146220598264,0.9348478761773423,7.942959364769056e+19,5.422393593015676e+18,8.205216852263649e+18,9.30572040929699e+19,1.0,budget,2.592175158710239,0.0,-2.7755575615628914e-17,convex_logN_reduction_floating_point
1e+20,2048,logarithmic,0.5,0.6713607648391644,1.6754490814383751,0.5814185814185814,observed_512,direct_and_near,172,False,CYJ_v8_Q1_v2_derived_policy,no_joint_A_B_or_bridge_interval,conditional_v8_fixed_policy_feasible,9.545990571739754e+18,0.8362303263203807,17.057991334919635,2.626672197370344,2.7611161553522514,2.581223573710001,-0.06737146220598264,0.9348478761773423,8.558645796222044e+19,5.842702196887583e+18,8.570839840891985e+18,1e+20,1.0,budget,2.581223573710001,0.0,-2.7755575615628914e-17,convex_logN_reduction_floating_point
1.0746078283213175e+20,2048,logarithmic,0.5,0.6713607648391644,1.6754490814383751,0.5814185814185814,observed_512,direct_and_near,172,False,CYJ_v8_Q1_v2_derived_policy,no_joint_A_B_or_bridge_interval,conditional_v8_fixed_policy_feasible,9.545990571739754e+18,0.8626996185547459,17.81507951357552,2.615934296130172,2.749538844467105,2.570400549217177,-0.06737146220598264,0.9348478761773423,9.22143738053044e+19,6.295167918442115e+18,8.951241108385229e+18,1.0746078283213175e+20,1.0,budget,2.570400549217177,0.0,-2.7755575615628914e-17,convex_logN_reduction_floating_point
1.1547819846894582e+20,2048,logarithmic,0.5,0.6713607648391644,1.6754490814383751,0.5814185814185814,observed_512,direct_and_near,172,False,CYJ_v8_Q1_v2_derived_policy,no_joint_A_B_or_bridge_interval,conditional_v8_fixed_policy_feasible,9.545990571739754e+18,0.8900966038704585,18.602663871290957,2.605332935949476,2.7380968677472226,2.5597040415813246,-0.06737146220598264,0.9348478761773423,9.934900760867855e+19,6.78222558608579e+18,9.346965274181482e+18,1.154781984689458e+20,0.9999999999999999,budget,2.5597040415813246,0.0,-2.7755575615628914e-17,convex_logN_reduction_floating_point
1.2409377607517195e+20,2048,logarithmic,0.5,0.6713607648391644,1.6754490814383751,0.5814185814185814,observed_512,direct_and_near,172,False,CYJ_v8_Q1_v2_derived_policy,no_joint_A_B_or_bridge_interval,conditional_v8_fixed_policy_feasible,9.545990571739754e+18,0.9184554038555196,19.421866072416126,2.5948659661174847,2.7267880847753347,2.5491320498379046,-0.06737146220598264,0.9348478761773423,1.070287070830126e+20,7.306493070200326e+18,9.758575921959027e+18,1.2409377607517195e+20,1.0,budget,2.5491320498379046,0.0,-5.551115123125783e-17,convex_logN_reduction_floating_point
1.333521432163324e+20,2048,logarithmic,0.5,0.6713607648391644,1.6754490814383751,0.5814185814185814,observed_512,direct_and_near,172,False,CYJ_v8_Q1_v2_derived_policy,no_joint_A_B_or_bridge_interval,conditional_v8_fixed_policy_feasible,9.545990571739754e+18,0.9478114253802011,20.273846830243,2.5845312804789318,2.715610399736344,2.5386826147186246,-0.06737146220598264,0.9348478761773423,1.1529470197267494e+20,7.870784988001275e+18,1.01866562556562e+19,1.333521432163324e+20,1.0,budget,2.5386826147186246,0.0,-2.7755575615628914e-17,convex_logN_reduction_floating_point
1.4330125702369627e+20,2048,logarithmic,0.5,0.6713607648391644,1.6754490814383751,0.5814185814185814,observed_512,direct_and_near,172,False,CYJ_v8_Q1_v2_derived_policy,no_joint_A_B_or_bridge_interval,conditional_v8_fixed_policy_feasible,9.545990571739754e+18,0.9782014104450962,21.159807255748095,2.5743268164104585,2.7045617603780894,2.528353817679911,-0.06737146220598264,0.9348478761773423,1.2419131981391502e+20,8.478127432629931e+18,1.063180977715132e+19,1.4330125702369624e+20,0.9999999999999998,budget,2.528353817679911,0.0,-2.7755575615628914e-17,convex_logN_reduction_floating_point
1.539926526059492e+20,2048,logarithmic,0.5,0.6713607648391644,1.6754490814383751,0.5814185814185814,observed_512,direct_and_near,172,False,CYJ_v8_Q1_v2_derived_policy,no_joint_A_B_or_bridge_interval,conditional_v8_fixed_policy_feasible,9.545990571739754e+18,1.0096634880574704,22.080990250554404,2.5642505538160827,2.6936401569914183,2.5181437799494306,-0.06737146220598264,0.9348478761773423,1.3376621781682654e+20,9.131773802962025e+18,1.1094660986160642e+19,1.539926526059492e+20,1.0,budget,2.5181437799494306,0.0,-5.551115123125783e-17,convex_logN_reduction_floating_point
1.6548170999431814e+20,2048,logarithmic,0.5,0.6713607648391644,1.6754490814383751,0.5814185814185814,observed_512,direct_and_near,172,False,CYJ_v8_Q1_v2_derived_policy,no_joint_A_B_or_bridge_interval,conditional_v8_fixed_policy_feasible,9.545990571739754e+18,1.0422372282225503,23.03868194524374,2.554300514141614,2.682843621409465,2.508050661590568,-0.06737146220598264,0.9348478761773423,1.4407063207507049e+20,9.835221816324813e+18,1.1575856102922813e+19,1.6548170999431814e+20,1.0,budget,2.508050661590568,0.0,-2.7755575615628914e-17,convex_logN_reduction_floating_point
1.778279410038923e+20,2048,logarithmic,0.5,0.6713607648391644,1.6754490814383751,0.5814185814185814,observed_512,direct_and_near,172,False,CYJ_v8_Q1_v2_derived_policy,no_joint_A_B_or_bridge_interval,conditional_v8_fixed_policy_feasible,9.545990571739754e+18,1.075963698140211,24.034213184172497,2.544474759407886,2.67217022602605,2.4980726605847816,-0.06737146220598264,0.9348478761773423,1.5515964539719474e+20,1.0592231792448494e+19,1.2076063814249062e+19,1.778279410038923e+20,1.0,budget,2.4980726605847816,0.0,-2.7755575615628914e-17,convex_logN_reduction_floating_point
1.9109529749704406e+20,2048,logarithmic,0.5,0.6713607648391644,1.6754490814383751,0.5814185814185814,observed_512,direct_and_near,172,False,CYJ_v8_Q1_v2_derived_policy,no_joint_A_B_or_bridge_interval,conditional_v8_fixed_policy_feasible,9.545990571739754e+18,1.1108855207015111,25.068961057965723,2.534771391262676,2.661618082833095,2.4882080119317282,-0.06737146220598264,0.9348478761773423,1.6709247514994495e+20,1.1406846303569574e+19,1.2595976043529546e+19,1.9109529749704406e+20,1.0,budget,2.4882080119317282,0.0,-8.326672684688674e-17,convex_logN_reduction_floating_point
2.053525026457146e+20,2048,logarithmic,0.5,0.6713607648391644,1.6754490814383751,0.5814185814185814,observed_512,direct_and_near,172,False,CYJ_v8_Q1_v2_derived_policy,no_joint_A_B_or_bridge_interval,conditional_v8_fixed_policy_feasible,9.545990571739754e+18,1.1470469353837294,26.144350484887404,2.5251885500511935,2.6511853424769543,2.4784549867670806,-0.06737146220598264,0.9348478761773423,1.799327826077293e+20,1.2283411292687653e+19,1.3136308745297668e+19,2.053525026457146e+20,1.0,budget,2.4784549867670806,0.0,-2.7755575615628914e-17,convex_logN_reduction_floating_point
2.20673406908459e+20,2048,logarithmic,0.5,0.6713607648391644,1.6754490814383751,0.5814185814185814,observed_512,direct_and_near,172,False,CYJ_v8_Q1_v2_derived_policy,no_joint_A_B_or_bridge_interval,conditional_v8_fixed_policy_feasible,9.545990571739754e+18,1.1844938616469158,27.261855842308297,2.515724413904995,2.640870193333554,2.4688118914979205,-0.06737146220598264,0.9348478761773423,1.9374900541390373e+20,1.322659876958916e+19,1.3697802724966074e+19,2.2067340690845896e+20,0.9999999999999999,budget,2.4688118914979205,0.0,-2.7755575615628914e-17,convex_logN_reduction_floating_point
2.3713737056616553e+20,2048,logarithmic,0.5,0.6713607648391644,1.6754490814383751,0.5814185814185814,observed_512,direct_and_near,172,False,CYJ_v8_Q1_v2_derived_policy,no_joint_A_B_or_bridge_interval,conditional_v8_fixed_policy_feasible,9.545990571739754e+18,1.223273964939577,28.423002649516594,2.506377197849197,2.630670860602222,2.4592770669556088,-0.06737146220598264,0.9348478761773423,2.086147148793736e+20,1.4241431202431904e+19,1.4281224484360014e+19,2.3713737056616553e+20,1.0,budget,2.4592770669556088,0.0,-5.551115123125783e-17,convex_logN_reduction_floating_point
2.5482967479793464e+20,2048,logarithmic,0.5,0.6713607648391644,1.6754490814383751,0.5814185814185814,observed_512,direct_and_near,172,False,CYJ_v8_Q1_v2_derived_policy,no_joint_A_B_or_bridge_interval,conditional_v8_fixed_policy_feasible,9.545990571739754e+18,1.2634367254259193,29.629369303140955,2.4971451529278497,2.6205856054180994,2.449848887566025,-0.06737146220598264,0.9348478761773423,2.2460899997277395e+20,1.5333307731474702e+19,1.488736709368594e+19,2.548296747979346e+20,0.9999999999999999,budget,2.449848887566025,0.0,-2.7755575615628914e-17,convex_logN_reduction_floating_point
2.7384196342643612e+20,2048,logarithmic,0.5,0.6713607648391644,1.6754490814383751,0.5814185814185814,observed_512,direct_and_near,172,False,CYJ_v8_Q1_v2_derived_policy,no_joint_A_B_or_bridge_interval,conditional_v8_fixed_policy_feasible,9.545990571739754e+18,1.305033509552089,30.882588866480912,2.4880265653473197,2.6106127239829915,2.440525760537046,-0.06737146220598264,0.9348478761773423,2.4181687999486715e+20,1.650803234098293e+19,1.5517051090586034e+19,2.7384196342643612e+20,1.0,budget,2.440525760537046,0.0,-5.551115123125783e-17,convex_logN_reduction_floating_point
2.942727176209282e+20,2048,logarithmic,0.5,0.6713607648391644,1.6754490814383751,0.5814185814185814,observed_512,direct_and_near,172,False,CYJ_v8_Q1_v2_derived_policy,no_joint_A_B_or_bridge_interval,conditional_v8_fixed_policy_feasible,9.545990571739754e+18,1.3481176445741414,32.18435091406415,2.4790197556375446,2.600750546714541,2.4313061250631502,-0.06737146220598264,0.9348478761773423,2.6032974807849465e+20,1.7771844135491901e+19,1.6171125406941647e+19,2.942727176209282e+20,1.0,budget,2.4313061250631502,0.0,-2.7755575615628914e-17,convex_logN_reduction_floating_point
3.1622776601683794e+20,2048,logarithmic,0.5,0.6713607648391644,1.6754490814383751,0.5814185814185814,observed_512,direct_and_near,172,False,CYJ_v8_Q1_v2_derived_policy,no_joint_A_B_or_bridge_interval,conditional_v8_fixed_policy_feasible,9.545990571739754e+18,1.3927444961759905,33.53640343277591,2.470123077831003,2.5909974374135745,2.4221884515470165,-0.06737146220598264,0.9348478761773423,2.8024584781521748e+20,1.913144987751885e+19,1.6850468324101579e+19,3.1622776601683794e+20,1.0,budget,2.4221884515470165,0.0,-2.7755575615628914e-17,convex_logN_reduction_floating_point
3.3982083289425596e+20,2048,logarithmic,0.5,0.6713607648391644,1.6754490814383751,0.5814185814185814,observed_512,direct_and_near,172,False,CYJ_v8_Q1_v2_derived_policy,no_joint_A_B_or_bridge_interval,conditional_v8_fixed_policy_feasible,9.545990571739754e+18,1.4389715493113755,34.940554780931414,2.4613349186592326,2.5813517924494676,2.4131712408379604,-0.06737146220598264,0.9348478761773423,3.016707854814952e+20,2.059405895553674e+19,1.7555988457223985e+19,3.3982083289425596e+20,1.0,budget,2.4131712408379604,0.0,-5.551115123125783e-17,convex_logN_reduction_floating_point
3.651741272548377e+20,2048,logarithmic,0.5,0.6713607648391644,1.6754490814383751,0.5814185814185814,observed_512,direct_and_near,172,False,CYJ_v8_Q1_v2_derived_policy,no_joint_A_B_or_bridge_interval,conditional_v8_fixed_policy_feasible,9.545990571739754e+18,1.4868584924099404,36.398675706687676,2.452653696766751,2.5718120399633917,2.404253023487095,-0.06737146220598264,0.9348478761773423,3.2471808052178374e+20,2.216742096362044e+19,1.828862576943358e+19,3.651741272548378e+20,1.0000000000000002,budget,2.404253023487095,0.0,-2.7755575615628914e-17,convex_logN_reduction_floating_point
3.924189758484536e+20,2048,logarithmic,0.5,0.6713607648391644,1.6754490814383751,0.5814185814185814,observed_512,direct_and_near,172,False,CYJ_v8_Q1_v2_derived_policy,no_joint_A_B_or_bridge_interval,conditional_v8_fixed_policy_feasible,9.545990571739754e+18,1.536467305093899,37.91270142721676,2.444077861942189,2.5623766390892566,2.395432359019028,-0.06737146220598264,0.9348478761773423,3.4950975714423217e+20,2.3859866087712915e+19,1.9049352616508568e+19,3.9241897584845364e+20,1.0000000000000002,budget,2.395432359019028,0.0,-1.3877787807814457e-17,convex_logN_reduction_floating_point
4.216965034285823e+20,2048,logarithmic,0.5,0.6713607648391644,1.6754490814383751,0.5814185814185814,observed_512,direct_and_near,172,False,CYJ_v8_Q1_v2_derived_policy,no_joint_A_B_or_bridge_interval,conditional_v8_fixed_policy_feasible,9.545990571739754e+18,1.587862349558414,39.484633770087854,2.435605894366474,2.553044079192191,2.3867078352199584,-0.06737146220598264,0.9348478761773423,3.761769800977512e+20,2.568034850800648e+19,1.9839174822824616e+19,4.2169650342858234e+20,1.0000000000000002,budget,2.3867078352199584,-4.1515585466160513e-16,0.0,convex_logN_reduction_floating_point
4.5315836376008176e+20,2048,logarithmic,0.5,0.6713607648391644,1.6754490814383751,0.5814185814185814,observed_512,direct_and_near,172,False,CYJ_v8_Q1_v2_derived_policy,no_joint_A_B_or_bridge_interval,conditional_v8_fixed_policy_feasible,9.545990571739754e+18,1.6411104657757911,41.11654337833097,2.427236303877878,2.5438128791243777,2.378078067441995,-0.06737146220598264,0.9348478761773423,4.048607379282195e+20,2.7638493042566455e+19,2.065913278929584e+19,4.5315836376008176e+20,1.0,budget,2.378078067441995,0.0,-1.3877787807814457e-17,convex_logN_reduction_floating_point
4.8696752516586314e+20,2048,logarithmic,0.5,0.6713607648391644,1.6754490814383751,0.5814185814185814,observed_512,direct_and_near,172,False,CYJ_v8_Q1_v2_derived_policy,no_joint_A_B_or_bridge_interval,conditional_v8_fixed_policy_feasible,9.545990571739754e+18,1.6962810706909484,42.810571980679555,2.418967629253739,2.534681586498052,2.36954169792352,-0.06737146220598264,0.9348478761773423,4.357125772576742e+20,2.974464527412389e+19,2.1510302634065154e+19,4.8696752516586314e+20,1.0,budget,2.36954169792352,0.0,-2.7755575615628914e-17,convex_logN_reduction_floating_point
5.232991146814947e+20,2048,logarithmic,0.5,0.6713607648391644,1.6754490814383751,0.5814185814185814,observed_512,direct_and_near,172,False,CYJ_v8_Q1_v2_derived_policy,no_joint_A_B_or_bridge_interval,conditional_v8_fixed_policy_feasible,9.545990571739754e+18,1.7534462615832653,44.5689347285141,2.4107984375086646,2.5256487769754705,2.361097395125421,-0.06737146220598264,0.9348478761773423,4.688953918947697e+20,3.2009925420016275e+19,2.2393797366708695e+19,5.232991146814947e+20,1.0,budget,2.361097395125421,0.0,-1.3877787807814457e-17,convex_logN_reduction_floating_point
5.6234132519034906e+20,2048,logarithmic,0.5,0.6713607648391644,1.6754490814383751,0.5814185814185814,observed_512,direct_and_near,172,False,CYJ_v8_Q1_v2_derived_policy,no_joint_A_B_or_bridge_interval,conditional_v8_fixed_policy_feasible,9.545990571739754e+18,1.8126809237780104,46.39392260105208,2.402727323209018,2.516713053575652,2.3527438530829925,-0.06737146220598264,0.9348478761773423,5.0458427086896366e+20,3.444628622465458e+19,2.3310768096730874e+19,5.6234132519034906e+20,1.0,budget,2.3527438530829925,0.0,-1.3877787807814457e-17,convex_logN_reduction_floating_point
6.042963902381328e+20,2048,logarithmic,0.5,0.6713607648391644,1.6754490814383751,0.5814185814185814,observed_512,direct_and_near,172,False,CYJ_v8_Q1_v2_derived_policy,no_joint_A_B_or_bridge_interval,conditional_v8_fixed_policy_feasible,9.545990571739754e+18,1.8740628428989492,48.28790488035323,2.3947529078034795,2.5078730459976684,2.3444797907733226,-0.06737146220598264,0.9348478761773423,5.429674097862529e+20,3.706657517474153e+19,2.4262405277138326e+19,6.042963902381328e+20,1.0,budget,2.3444797907733226,0.0,-1.3877787807814457e-17,convex_logN_reduction_floating_point
6.493816315762113e+20,2048,logarithmic,0.5,0.6713607648391644,1.6754490814383751,0.5814185814185814,observed_512,direct_and_near,172,False,CYJ_v8_Q1_v2_derived_policy,no_joint_A_B_or_bridge_interval,conditional_v8_fixed_policy_feasible,9.545990571739754e+18,1.9376728218626522,50.253331697730744,2.3868738389694744,2.499127409960279,2.3363039514979493,-0.06737146220598264,0.9348478761773423,5.842470902324508e+20,3.988460135986864e+19,2.524993998389201e+19,6.493816315762113e+20,1.0,budget,2.3363039514979493,0.0,-2.7755575615628914e-17,convex_logN_reduction_floating_point
6.978305848598663e+20,2048,logarithmic,0.5,0.6713607648391644,1.6754490814383751,0.5814185814185814,observed_512,direct_and_near,172,False,CYJ_v8_Q1_v2_derived_policy,no_joint_A_B_or_bridge_interval,conditional_v8_fixed_policy_feasible,9.545990571739754e+18,2.0035948028242667,52.292736653180775,2.379088789975245,2.4904748265576835,2.3282151022805855,-0.06737146220598264,0.9348478761773423,6.286407323026263e+20,4.291520732519262e+19,2.627464523204754e+19,6.978305848598663e+20,1.0,budget,2.3282151022805855,0.0,-1.3877787807814457e-17,convex_logN_reduction_floating_point
7.498942093324558e+20,2048,logarithmic,0.5,0.6713607648391644,1.6754490814383751,0.5814185814185814,observed_512,direct_and_near,172,False,CYJ_v8_Q1_v2_derived_policy,no_joint_A_B_or_bridge_interval,conditional_v8_fixed_policy_feasible,9.545990571739754e+18,2.0719159942942995,54.40873950946285,2.371396459057351,2.4819140016311514,2.3202120332796907,-0.06737146220598264,0.9348478761773423,6.763820257142896e+20,4.617434628876216e+19,2.733783732940412e+19,7.498942093324559e+20,1.0000000000000002,budget,2.3202120332796907,0.0,-1.3877787807814457e-17,convex_logN_reduction_floating_point
8.058421877614818e+20,2048,logarithmic,0.5,0.6713607648391644,1.6754490814383751,0.5814185814185814,observed_512,direct_and_near,172,False,CYJ_v8_Q1_v2_derived_policy,no_joint_A_B_or_bridge_interval,conditional_v8_fixed_policy_feasible,9.545990571739754e+18,2.142727003656189,56.60404896248208,2.3637955688133676,2.473443665156309,2.312293557215677,-0.06737146220598264,0.9348478761773423,7.277221453691246e+20,4.9679165123865575e+19,2.844087726849157e+19,8.058421877614818e+20,1.0,budget,2.312293557215677,0.0,-1.3877787807814457e-17,convex_logN_reduction_floating_point
8.659643233600653e+20,2048,logarithmic,0.5,0.6713607648391644,1.6754490814383751,0.5814185814185814,observed_512,direct_and_near,172,False,CYJ_v8_Q1_v2_derived_policy,no_joint_A_B_or_bridge_interval,conditional_v8_fixed_policy_feasible,9.545990571739754e+18,2.2161219753251733,58.88146548964262,2.356284865609551,2.4650625706458307,2.3044585088125147,-0.06737146220598264,0.9348478761773423,7.82931057665687e+20,5.3448093536644235e+19,2.958517215773419e+19,8.659643233600653e+20,1.0,budget,2.3044585088125147,0.0,-1.3877787807814457e-17,convex_logN_reduction_floating_point
9.30572040929699e+20,2048,logarithmic,0.5,0.6713607648391644,1.6754490814383751,0.5814185814185814,observed_512,direct_and_near,172,False,CYJ_v8_Q1_v2_derived_policy,no_joint_A_B_or_bridge_interval,conditional_v8_fixed_policy_feasible,9.545990571739754e+18,2.2921987348002206,61.243884277857816,2.3488631190032354,2.456769494567282,2.2967057442535066,-0.06737146220598264,0.9348478761773423,8.422989243357409e+20,5.750093990131991e+19,3.0772176692638413e+19,9.30572040929699e+20,1.0,budget,2.2967057442535066,0.0,-1.3877787807814457e-17,convex_logN_reduction_floating_point
1e+21,2048,logarithmic,0.5,0.6713607648391644,1.6754490814383751,0.5814185814185814,observed_512,direct_and_near,172,False,CYJ_v8_Q1_v2_derived_policy,no_joint_A_B_or_bridge_interval,conditional_v8_fixed_policy_feasible,9.545990571739754e+18,2.3710589388726575,63.69429823291611,2.341529121179721,2.4485632357758864,2.2890341406510086,-0.06737146220598264,0.9348478761773423,9.0613761108226e+20,6.185899424988228e+19,3.2003394667857904e+19,1e+21,1.0,budget,2.2890341406510086,0.0,-1.3877787807814457e-17,convex_logN_reduction_floating_point
1.0746078283213176e+21,2048,logarithmic,0.5,0.6713607648391644,1.6754490814383751,0.5814185814185814,observed_512,direct_and_near,172,False,CYJ_v8_Q1_v2_derived_policy,no_joint_A_B_or_bridge_interval,conditional_v8_fixed_policy_feasible,9.545990571739754e+18,2.452808232267483,66.23580107191624,2.334281686403409,2.440442614961926,2.281442595529836,-0.06737146220598264,0.9348478761773423,9.747823088401652e+20,6.654513895015528e+19,3.3280380530997047e+19,1.0746078283213177e+21,1.0000000000000002,budget,2.281442595529836,0.0,-1.3877787807814457e-17,convex_logN_reduction_floating_point
1.1547819846894581e+21,2048,logarithmic,0.5,0.6713607648391644,1.6754490814383751,0.5814185814185814,observed_512,direct_and_near,172,False,CYJ_v8_Q1_v2_derived_policy,no_joint_A_B_or_bridge_interval,conditional_v8_fixed_policy_feasible,9.545990571739754e+18,2.537556411006441,68.87159050049449,2.327119650482941,2.432406474112546,2.2739300263241313,-0.06737146220598264,0.9348478761773423,1.0485932760644405e+21,7.1583967645999145e+19,3.460474097901851e+19,1.1547819846894581e+21,1.0,budget,2.2739300263241313,0.0,-1.3877787807814457e-17,convex_logN_reduction_floating_point
1.2409377607517195e+21,2048,logarithmic,0.5,0.6713607648391644,1.6754490814383751,0.5814185814185814,observed_512,direct_and_near,172,False,CYJ_v8_Q1_v2_derived_policy,no_joint_A_B_or_bridge_interval,conditional_v8_fixed_policy_feasible,9.545990571739754e+18,2.6254175927955687,71.60497147657684,2.3200418702500847,2.4244536759876825,2.2664953698874353,-0.06737146220598264,0.9348478761773423,1.1279577110773784e+21,7.70019130762157e+19,3.597813659812545e+19,1.2409377607517195e+21,1.0,budget,2.2664953698874353,0.0,-4.163336342344337e-17,convex_logN_reduction_floating_point
1.333521432163324e+21,2048,logarithmic,0.5,0.6713607648391644,1.6754490814383751,0.5814185814185814,observed_512,direct_and_near,172,False,CYJ_v8_Q1_v2_derived_policy,no_joint_A_B_or_bridge_interval,conditional_v8_fixed_policy_feasible,9.545990571739754e+18,2.7165103947543248,74.43935956239488,2.313047223052122,2.4165831036098506,2.259137582015719,-0.06737146220598264,0.9348478761773423,1.2132917641806026e+21,8.282738443472914e+19,3.740228354799218e+19,1.333521432163324e+21,1.0,budget,2.259137582015719,0.0,-1.3877787807814457e-17,convex_logN_reduction_floating_point
1.4330125702369627e+21,2048,logarithmic,0.5,0.6713607648391644,1.6754490814383751,0.5814185814185814,observed_512,direct_and_near,172,False,CYJ_v8_Q1_v2_derived_policy,no_joint_A_B_or_bridge_interval,conditional_v8_fixed_policy_feasible,9.545990571739754e+18,2.810958118818476,77.3782843665086,2.3061346062574835,2.4087936597675292,2.2518556369831226,-0.06737146220598264,0.9348478761773423,1.3050426999616923e+21,8.909091498405154e+19,3.8878955291218985e+19,1.433012570236963e+21,1.0000000000000002,budget,2.2518556369831226,0.0,-2.7755575615628914e-17,convex_logN_reduction_floating_point
1.539926526059492e+21,2048,logarithmic,0.5,0.6713607648391644,1.6754490814383751,0.5814185814185814,observed_512,direct_and_near,172,False,CYJ_v8_Q1_v2_derived_policy,no_joint_A_B_or_bridge_interval,conditional_v8_fixed_policy_feasible,9.545990571739754e+18,2.9088889451647453,80.42539307758148,2.2993029367743643,2.4010842665318655,2.2446485270901464,-0.06737146220598264,0.9348478761773423,1.403691221003436e+21,9.582532068716788e+19,4.040998436888826e+19,1.539926526059492e+21,1.0,budget,2.2446485270901464,0.0,-1.3877787807814457e-17,convex_logN_reduction_floating_point
1.6548170999431815e+21,2048,logarithmic,0.5,0.6713607648391644,1.6754490814383751,0.5814185814185814,observed_512,direct_and_near,172,False,CYJ_v8_Q1_v2_derived_policy,no_joint_A_B_or_bridge_interval,conditional_v8_fixed_policy_feasible,9.545990571739754e+18,3.010436134021915,83.58445409165134,2.2925511505820793,2.393453864786426,2.237515262224042,-0.06737146220598264,0.9348478761773423,1.5097539650400184e+21,1.0306587068006526e+20,4.199726422309778e+19,1.6548170999431815e+21,1.0,budget,2.237515262224042,0.0,-2.7755575615628914e-17,convex_logN_reduction_floating_point
1.7782794100389228e+21,2048,logarithmic,0.5,0.6713607648391644,1.6754490814383751,0.5814185814185814,observed_512,direct_and_near,172,False,CYJ_v8_Q1_v2_derived_policy,no_joint_A_B_or_bridge_interval,conditional_v8_fixed_policy_feasible,9.545990571739754e+18,3.1157382362504595,86.8593607346379,2.2858782022748834,2.385901413769732,2.2304548694311523,-0.06737146220598264,0.9348478761773423,1.6237861885030986e+21,1.108504704684782e+20,4.364275106734604e+19,1.778279410038923e+21,1.0000000000000002,budget,2.2304548694311523,0.0,-2.7755575615628914e-17,convex_logN_reduction_floating_point
1.9109529749704406e+21,2048,logarithmic,0.5,0.6713607648391644,1.6754490814383751,0.5814185814185814,observed_512,direct_and_near,172,False,CYJ_v8_Q1_v2_derived_policy,no_joint_A_B_or_bridge_interval,conditional_v8_fixed_policy_feasible,9.545990571739754e+18,3.2249393130912556,90.25413508181956,2.279283064618011,2.378425890630289,2.2234663925009297,-0.06737146220598264,0.9348478761773423,1.7463846503664514e+21,1.1921985879834975e+20,4.5348465805639975e+19,1.910952974970441e+21,1.0000000000000002,budget,2.2234663925009297,0.0,-1.3877787807814457e-17,convex_logN_reduction_floating_point
2.053525026457146e+21,2048,logarithmic,0.5,0.6713607648391644,1.6754490814383751,0.5814185814185814,observed_512,direct_and_near,172,False,CYJ_v8_Q1_v2_derived_policy,no_joint_A_B_or_bridge_interval,conditional_v8_fixed_policy_feasible,9.545990571739754e+18,3.3381891655030875,93.77293187600351,2.272764728115661,2.3710262899938477,2.216548891561392,-0.06737146220598264,0.9348478761773423,1.878190711235604e+21,1.2821781922035058e+20,4.7116496001191535e+19,2.0535250264571464e+21,1.0000000000000002,budget,2.216548891561392,0.0,-1.3877787807814457e-17,convex_logN_reduction_floating_point
2.20673406908459e+21,2048,logarithmic,0.5,0.6713607648391644,1.6754490814383751,0.5814185814185814,observed_512,direct_and_near,172,False,CYJ_v8_Q1_v2_derived_policy,no_joint_A_B_or_bridge_interval,conditional_v8_fixed_policy_feasible,9.545990571739754e+18,3.455643573529056,97.42004254609768,2.266322200590682,2.363701623542616,2.2097014426857506,-0.06737146220598264,0.9348478761773423,2.0198936637440978e+21,1.3789140744493043e+20,4.894899789556142e+19,2.20673406908459e+21,1.0,budget,2.2097014426857506,0.0,-2.7755575615628914e-17,convex_logN_reduction_floating_point
2.3713737056616553e+21,2048,logarithmic,0.5,0.6713607648391644,1.6754490814383751,0.5814185814185814,observed_512,direct_and_near,172,False,CYJ_v8_Q1_v2_derived_policy,no_joint_A_B_or_bridge_interval,conditional_v8_fixed_policy_feasible,9.545990571739754e+18,3.5774645461531622,101.19989932777801,2.2599545067756885,2.356450919606155,2.202923137509959,-0.06737146220598264,0.9348478761773423,2.1722343115163702e+21,1.4829119566618424e+20,5.084819847910095e+19,2.3713737056616553e+21,1.0,budget,2.2029231375099596,-4.1515585466160513e-16,0.0,convex_logN_reduction_floating_point
2.5482967479793463e+21,2048,logarithmic,0.5,0.6713607648391644,1.6754490814383751,0.5814185814185814,observed_512,direct_and_near,172,False,CYJ_v8_Q1_v2_derived_policy,no_joint_A_B_or_bridge_interval,conditional_v8_fixed_policy_feasible,9.545990571739754e+18,3.7038205821308305,105.1170794879218,2.253660687915353,2.3492732227636757,2.1962130828609228,-0.06737146220598264,0.9348478761773423,2.3360088152450838e+21,1.5947153512073105e+20,5.281639761353146e+19,2.548296747979347e+21,1.0000000000000002,budget,2.1962130828609228,0.0,-1.3877787807814457e-17,convex_logN_reduction_floating_point
2.7384196342643614e+21,2048,logarithmic,0.5,0.6713607648391644,1.6754490814383751,0.5814185814185814,observed_512,direct_and_near,172,False,CYJ_v8_Q1_v2_derived_policy,no_joint_A_B_or_bridge_interval,conditional_v8_fixed_policy_feasible,9.545990571739754e+18,3.834886942300615,109.17630965445362,2.2474398013796164,2.342167593457475,2.1895704003951173,-0.06737146220598264,0.9348478761773423,2.5120728258145965e+21,1.7149083824227644e+20,5.485597020748866e+19,2.738419634264362e+21,1.0000000000000002,budget,2.1895704003951173,0.0,-2.7755575615628914e-17,convex_logN_reduction_floating_point
2.9427271762092816e+21,2048,logarithmic,0.5,0.6713607648391644,1.6754490814383751,0.5814185814185814,observed_512,direct_and_near,172,False,CYJ_v8_Q1_v2_derived_policy,no_joint_A_B_or_bridge_interval,conditional_v8_fixed_policy_feasible,9.545990571739754e+18,3.97084593390905,113.38247025322059,2.2412909202875597,2.3351331076172364,2.182994226247371,-0.06737146220598264,0.9348478761773423,2.701345925889389e+21,1.8441188187404894e+20,5.696936844584414e+19,2.9427271762092816e+21,1.0,budget,2.182994226247371,0.0,-2.7755575615628914e-17,convex_logN_reduction_floating_point
3.1622776601683794e+21,2048,logarithmic,0.5,0.6713607648391644,1.6754490814383751,0.5814185814185814,observed_512,direct_and_near,172,False,CYJ_v8_Q1_v2_derived_policy,no_joint_A_B_or_bridge_interval,conditional_v8_fixed_policy_feasible,9.545990571739754e+18,4.1118872075066575,117.74060005348029,2.235213133141686,2.3281688562949254,2.176483710689543,-0.06737146220598264,0.9348478761773423,2.9048164029843794e+21,1.9830213311040032e+20,5.9159124073599615e+19,3.1622776601683794e+21,1.0,budget,2.176483710689543,0.0,-2.7755575615628914e-17,convex_logN_reduction_floating_point
3.3982083289425594e+21,2048,logarithmic,0.5,0.6713607648391644,1.6754490814383751,0.5814185814185814,observed_512,direct_and_near,172,False,CYJ_v8_Q1_v2_derived_policy,no_joint_A_B_or_bridge_interval,conditional_v8_fixed_policy_feasible,9.545990571739754e+18,4.258208067000391,122.25590082354593,2.229205543472354,2.321273945310021,2.1700380177988734,-0.06737146220598264,0.9348478761773423,3.123546378751338e+21,2.1323409945609132e+20,6.142785073513014e+19,3.3982083289425594e+21,1.0,budget,2.1700380177988734,0.0,-2.7755575615628914e-17,convex_logN_reduction_floating_point
3.651741272548377e+21,2048,logarithmic,0.5,0.6713607648391644,1.6754490814383751,0.5814185814185814,observed_512,direct_and_near,172,False,CYJ_v8_Q1_v2_derived_policy,no_joint_A_B_or_bridge_interval,conditional_v8_fixed_policy_feasible,9.545990571739754e+18,4.410013793476637,126.93374209808924,2.2232672694921174,2.3144474949048113,2.163656325135733,-0.06737146220598264,0.9348478761773423,3.3586773210610774e+21,2.2928570511776956e+20,6.377824636952995e+19,3.651741272548377e+21,1.0,budget,2.163656325135733,0.0,-1.3877787807814457e-17,convex_logN_reduction_floating_point
3.924189758484536e+21,2048,logarithmic,0.5,0.6713607648391644,1.6754490814383751,0.5814185814185814,observed_512,direct_and_near,172,False,CYJ_v8_Q1_v2_derived_policy,no_joint_A_B_or_bridge_interval,conditional_v8_fixed_policy_feasible,9.545990571739754e+18,4.567517983439051,131.7796660585537,2.2173974437597197,2.307688639409496,2.1573378234305483,-0.06737146220598264,0.9348478761773423,3.61143596744422e+21,2.465406953775254e+20,6.621309566279097e+19,3.9241897584845364e+21,1.0000000000000002,budget,2.1573378234305483,0.0,-2.7755575615628914e-17,convex_logN_reduction_floating_point
4.2169650342858226e+21,2048,logarithmic,0.5,0.6713607648391644,1.6754490814383751,0.5814185814185814,observed_512,direct_and_near,172,False,CYJ_v8_Q1_v2_derived_policy,no_joint_A_B_or_bridge_interval,conditional_v8_fixed_policy_feasible,9.545990571739754e+18,4.730942902137353,136.79939252807577,2.211595212853501,2.300996526916846,2.1510817162796547,-0.06737146220598264,0.9348478761773423,3.88314069058441e+21,2.6508907114389576e+20,6.873527255751634e+19,4.2169650342858226e+21,1.0,budget,2.1510817162796547,0.0,-1.3877787807814457e-17,convex_logN_reduction_floating_point
4.5315836376008176e+21,2048,logarithmic,0.5,0.6713607648391644,1.6754490814383751,0.5814185814185814,observed_512,direct_and_near,172,False,CYJ_v8_Q1_v2_derived_policy,no_joint_A_B_or_bridge_interval,conditional_v8_fixed_policy_feasible,9.545990571739754e+18,4.900519852696667,141.99882408225238,2.2058597370539728,2.2943703189661515,2.144887219849838,-0.06737146220598264,0.9348478761773423,4.175208338847956e+21,2.8502755593202047e+20,7.134774282084104e+19,4.5315836376008176e+21,1.0,budget,2.1448872198498385,-4.1515585466160513e-16,0.0,convex_logN_reduction_floating_point
4.869675251658631e+21,2048,logarithmic,0.5,0.6713607648391644,1.6754490814383751,0.5814185814185814,observed_512,direct_and_near,172,False,CYJ_v8_Q1_v2_derived_policy,no_joint_A_B_or_bridge_interval,conditional_v8_fixed_policy_feasible,9.545990571739754e+18,5.076489561792135,147.38405127702663,2.20019019003532,2.2878091902362194,2.138753562591335,-0.06737146220598264,0.9348478761773423,4.489161587294775e+21,3.064600976926566e+20,7.405356667119906e+19,4.86967525165863e+21,0.9999999999999998,budget,2.138753562591335,0.0,-1.3877787807814457e-17,convex_logN_reduction_floating_point
5.232991146814947e+21,2048,logarithmic,0.5,0.6713607648391644,1.6754490814383751,0.5814185814185814,observed_512,direct_and_near,172,False,CYJ_v8_Q1_v2_derived_policy,no_joint_A_B_or_bridge_interval,conditional_v8_fixed_policy_feasible,9.545990571739754e+18,5.259102582650736,152.96135799488934,2.194585758565596,2.2813123282471666,2.1326799849590516,-0.06737146220598264,0.9348478761773423,4.826636837260118e+21,3.2949840809029075e+20,7.685590146453874e+19,5.232991146814947e+21,1.0,budget,2.132679984959052,-4.1515585466160513e-16,-5.551115123125783e-17,convex_logN_reduction_floating_point
5.623413251903491e+21,2048,logarithmic,0.5,0.6713607648391644,1.6754490814383751,0.5814185814185814,observed_512,direct_and_near,172,False,CYJ_v8_Q1_v2_derived_policy,no_joint_A_B_or_bridge_interval,conditional_v8_fixed_policy_feasible,9.545990571739754e+18,5.448619716200926,158.73722691052097,2.1890456422153806,2.274878933070775,2.1266657391417927,-0.06737146220598264,0.9348478761773423,5.189392705438348e+21,3.542625420245913e+20,7.975800444055123e+19,5.623413251903491e+21,1.0,budget,2.1266657391417927,0.0,-4.163336342344337e-17,convex_logN_reduction_floating_point
6.042963902381328e+21,2048,logarithmic,0.5,0.6713607648391644,1.6754490814383751,0.5814185814185814,observed_512,direct_and_near,172,False,CYJ_v8_Q1_v2_derived_policy,no_joint_A_B_or_bridge_interval,conditional_v8_fixed_policy_feasible,9.545990571739754e+18,5.645312451232096,164.7183450769048,2.18356905307466,2.268508217049153,2.12071008879925,-0.06737146220598264,0.9348478761773423,5.579319146453973e+21,3.808815203979246e+20,8.276323552942999e+19,6.042963902381329e+21,1.0000000000000002,budget,2.12071008879925,0.0,-1.3877787807814457e-17,convex_logN_reduction_floating_point
6.493816315762113e+21,2048,logarithmic,0.5,0.6713607648391644,1.6754490814383751,0.5814185814185814,observed_512,direct_and_near,172,False,CYJ_v8_Q1_v2_derived_policy,no_joint_A_B_or_bridge_interval,conditional_v8_fixed_policy_feasible,9.545990571739754e+18,5.8494634244687465,170.91160963285495,2.1781552154777217,2.2621994045214873,2.114812308806561,-0.06737146220598264,0.9348478761773423,5.998447256186791e+21,4.09493999355685e+20,8.587506021963592e+19,6.493816315762112e+21,0.9999999999999999,budget,2.114812308806561,0.0,-1.3877787807814457e-17,convex_logN_reduction_floating_point
6.978305848598664e+21,2048,logarithmic,0.5,0.6713607648391644,1.6754490814383751,0.5814185814185814,observed_512,direct_and_near,172,False,CYJ_v8_Q1_v2_derived_policy,no_joint_A_B_or_bridge_interval,conditional_v8_fixed_policy_feasible,9.545990571739754e+18,6.061366901509875,177.32413363280068,2.1728033657358217,2.255951731558637,2.1089716850061895,-0.06737146220598264,0.9348478761773423,6.448959806644632e+21,4.402489894669402e+20,8.909705248709008e+19,6.978305848598663e+21,0.9999999999999999,budget,2.1089716850061895,0.0,-1.3877787807814457e-17,convex_logN_reduction_floating_point
7.498942093324559e+21,2048,logarithmic,0.5,0.6713607648391644,1.6754490814383751,0.5814185814185814,observed_512,direct_and_near,172,False,CYJ_v8_Q1_v2_derived_policy,no_joint_A_B_or_bridge_interval,conditional_v8_fixed_policy_feasible,9.545990571739754e+18,6.2813292796319375,183.96325199955805,2.167512751877424,2.249764445705357,2.1031875139669487,-0.06737146220598264,0.9348478761773423,6.933202566966795e+21,4.733066285715999e+20,9.243289778616204e+19,7.498942093324558e+21,0.9999999999999999,budget,2.1031875139669487,0.0,-1.3877787807814457e-17,convex_logN_reduction_floating_point
8.058421877614818e+21,2048,logarithmic,0.5,0.6713607648391644,1.6754490814383751,0.5814185814185814,observed_512,direct_and_near,172,False,CYJ_v8_Q1_v2_derived_policy,no_joint_A_B_or_bridge_interval,conditional_v8_fixed_policy_feasible,9.545990571739754e+18,6.509669613504053,190.83652760070777,2.1622826333957876,2.243636805729922,2.0974591027499336,-0.06737146220598264,0.9348478761773423,7.45369646921373e+21,5.0883901229832385e+20,9.588639610276453e+19,8.058421877614817e+21,0.9999999999999999,budget,2.0974591027499336,0.0,-1.3877787807814457e-17,convex_logN_reduction_floating_point
8.659643233600654e+21,2048,logarithmic,0.5,0.6713607648391644,1.6754490814383751,0.5814185814185814,observed_512,direct_and_near,172,False,CYJ_v8_Q1_v2_derived_policy,no_joint_A_B_or_bridge_interval,conditional_v8_fixed_policy_feasible,9.545990571739754e+18,6.746720164917369,197.951757449067,2.157112281003694,2.237568081380933,2.091785768681176,-0.06737146220598264,0.9348478761773423,8.013150681974715e+21,5.470310865561405e+20,9.94614650697994e+19,8.659643233600654e+21,1.0,budget,2.091785768681176,0.0,-2.7755575615628914e-17,convex_logN_reduction_floating_point
9.30572040929699e+21,2048,logarithmic,0.5,0.6713607648391644,1.6754490814383751,0.5814185814185814,observed_512,direct_and_near,172,False,CYJ_v8_Q1_v2_derived_policy,no_joint_A_B_or_bridge_interval,conditional_v8_fixed_policy_feasible,9.545990571739754e+18,6.992826977686212,205.31697902761567,2.152000976395109,2.231557553151096,2.086166839130809,-0.06737146220598264,0.9348478761773423,8.614476659528071e+21,5.8808160662378296e+20,1.0316214314513621e+20,9.305720409296989e+21,0.9999999999999999,budget,2.086166839130809,0.0,-2.7755575615628914e-17,convex_logN_reduction_floating_point
1e+22,2048,logarithmic,0.5,0.6713607648391644,1.6754490814383751,0.5814185814185814,observed_512,direct_and_near,172,False,CYJ_v8_Q1_v2_derived_policy,no_joint_A_B_or_bridge_interval,conditional_v8_fixed_policy_feasible,9.545990571739754e+18,7.2483504789377635,212.94047673908793,2.146948012013584,2.225604512047767,2.0806016512985654,-0.06737146220598264,0.9348478761773423,9.260803239342023e+21,6.322041678057488e+20,1.0699259285222906e+20,1e+22,1.0,budget,2.0806016512985654,0.0,-1.3877787807814457e-17,convex_logN_reduction_floating_point
1.0746078283213176e+22,2048,logarithmic,0.5,0.6713607648391644,1.6754490814383751,0.5814185814185814,observed_512,direct_and_near,172,False,CYJ_v8_Q1_v2_derived_policy,no_joint_A_B_or_bridge_interval,conditional_v8_fixed_policy_feasible,9.545990571739754e+18,7.513666108068839,220.83078848029257,2.141952690827185,2.2197082593700497,2.0750895520053962,-0.06737146220598264,0.9348478761773423,9.955492866134957e+21,6.79628312994813e+20,1.1095710408340405e+20,1.0746078283213176e+22,1.0,budget,2.0750895520053962,0.0,-2.7755575615628914e-17,convex_logN_reduction_floating_point
1.154781984689458e+22,2048,logarithmic,0.5,0.6713607648391644,1.6754490814383751,0.5814185814185814,observed_512,direct_and_near,172,False,CYJ_v8_Q1_v2_derived_policy,no_joint_A_B_or_bridge_interval,conditional_v8_fixed_policy_feasible,9.545990571739754e+18,7.789164974713946,228.99671234105813,2.1370143261097723,2.2138681064922605,2.069629897491044,-0.06737146220598264,0.9348478761773423,1.0702159026549688e+22,7.306007228791254e+20,1.1506009746576466e+20,1.154781984689458e+22,1.0,budget,2.069629897491044,0.0,-2.7755575615628914e-17,convex_logN_reduction_floating_point
1.2409377607517196e+22,2048,logarithmic,0.5,0.6713607648391644,1.6754490814383751,0.5814185814185814,observed_512,direct_and_near,172,False,CYJ_v8_Q1_v2_derived_policy,no_joint_A_B_or_bridge_interval,conditional_v8_fixed_policy_feasible,9.545990571739754e+18,8.075254547137472,237.44731342753124,2.1321322412284323,2.208083374653559,2.0642220532173785,-0.06737146220598264,0.9348478761773423,1.150468498476749e+22,7.853864949601273e+20,1.1930612778957888e+20,1.2409377607517196e+22,1.0,budget,2.0642220532173785,0.0,-1.3877787807814457e-17,convex_logN_reduction_floating_point
1.3335214321633241e+22,2048,logarithmic,0.5,0.6713607648391644,1.6754490814383751,0.5814185814185814,observed_512,direct_and_near,172,False,CYJ_v8_Q1_v2_derived_policy,no_joint_A_B_or_bridge_interval,conditional_v8_fixed_policy_feasible,9.545990571739754e+18,8.37235937253571,246.19193080936577,2.127305769436881,2.202353394753551,2.0588653936773174,-0.06737146220598264,0.9348478761773423,1.236724391612674e+22,8.442705180075854e+20,1.2369988749891555e+20,1.3335214321633241e+22,1.0,budget,2.058865393677318,-4.1515585466160513e-16,0.0,convex_logN_reduction_floating_point
1.4330125702369628e+22,2048,logarithmic,0.5,0.6713607648391644,1.6754490814383751,0.5814185814185814,observed_512,direct_and_near,172,False,CYJ_v8_Q1_v2_derived_policy,no_joint_A_B_or_bridge_interval,conditional_v8_fixed_policy_feasible,9.545990571739754e+18,8.680921830810743,255.24018459015429,2.1225342536746576,2.1966775071536913,2.053559302209167,-0.06737146220598264,0.9348478761773423,1.3294320543053004e+22,9.075589490724184e+20,1.2824621024420431e+20,1.4330125702369628e+22,1.0,budget,2.053559302209167,0.0,-4.163336342344337e-17,convex_logN_reduction_floating_point
1.539926526059492e+22,2048,logarithmic,0.5,0.6713607648391644,1.6754490814383751,0.5814185814185814,observed_512,direct_and_near,172,False,CYJ_v8_Q1_v2_derived_policy,no_joint_A_B_or_bridge_interval,conditional_v8_fixed_policy_feasible,9.545990571739754e+18,9.001402923459205,264.6019831002357,2.1178170463719335,2.191055061484288,2.0483031708162027,-0.06737146220598264,0.9348478761773423,1.4290734385389388e+22,9.75580800709249e+20,1.3295007449628374e+20,1.539926526059492e+22,1.0,budget,2.0483031708162027,0.0,-4.163336342344337e-17,convex_logN_reduction_floating_point
1.6548170999431814e+22,2048,logarithmic,0.5,0.6713607648391644,1.6754490814383751,0.5814185814185814,observed_512,direct_and_near,172,False,CYJ_v8_Q1_v2_derived_policy,no_joint_A_B_or_bridge_interval,conditional_v8_fixed_policy_feasible,9.545990571739754e+18,9.334283099303585,274.2875302108097,2.1131535092597673,2.1854854164569577,2.0430963999913416,-0.06737146220598264,0.9348478761773423,1.5361664745578894e+22,1.0486896466315191e+21,1.3781660722140044e+20,1.6548170999431814e+22,1.0,budget,2.0430963999913416,0.0,-1.3877787807814457e-17,convex_logN_reduction_floating_point
1.7782794100389228e+22,2048,logarithmic,0.5,0.6713607648391644,1.6754490814383751,0.5814185814185814,observed_512,direct_and_near,172,False,CYJ_v8_Q1_v2_derived_policy,no_joint_A_B_or_bridge_interval,conditional_v8_fixed_policy_feasible,9.545990571739754e+18,9.680063118884027,284.3073327680413,2.1085430131856344,2.1799679396823346,2.037938398546727,-0.06737146220598264,0.9348478761773423,1.651267755813723e+22,1.1272654546355014e+21,1.4285108761649773e+20,1.7782794100389228e+22,1.0,budget,2.0379383985467276,-4.1515585466160513e-16,0.0,convex_logN_reduction_floating_point
1.9109529749704407e+22,2048,logarithmic,0.5,0.6713607648391644,1.6754490814383751,0.5814185814185814,observed_512,direct_and_near,172,False,CYJ_v8_Q1_v2_derived_policy,no_joint_A_B_or_bridge_interval,conditional_v8_fixed_policy_feasible,9.545990571739754e+18,10.039264959422663,294.6722081456109,2.1039849379340754,2.1745020074928862,2.032828583448092,-0.06737146220598264,0.9348478761773423,1.7749754242511598e+22,1.211716556288792e+21,1.4805895090401722e+20,1.9109529749704407e+22,1.0,budget,2.032828583448092,0.0,-2.7755575615628914e-17,convex_logN_reduction_floating_point
2.053525026457146e+22,2048,logarithmic,0.5,0.6713607648391644,1.6754490814383751,0.5814185814185814,observed_512,direct_and_near,172,False,CYJ_v8_Q1_v2_derived_policy,no_joint_A_B_or_bridge_interval,conditional_v8_fixed_policy_feasible,9.545990571739754e+18,10.604843360419972,299.893,2.099763487286346,2.1690934240662103,2.027772380718536,-0.06737146220598264,0.9348478761773423,1.908190973931856e+22,1.3026583715374802e+21,1.5068215371541748e+20,2.0535250264571456e+22,0.9999999999999998,D_max;budget,2.027772380718536,0.0,-0.07400708373810534,convex_logN_reduction_floating_point
2.20673406908459e+22,2048,logarithmic,0.5,0.6713607648391644,1.6754490814383751,0.5814185814185814,observed_512,direct_and_near,172,False,CYJ_v8_Q1_v2_derived_policy,no_joint_A_B_or_bridge_interval,conditional_v8_fixed_policy_feasible,9.545990571739754e+18,11.401896253386916,299.893,2.0959035436905804,2.1637779615221393,2.022803231848311,-0.06737146220598264,0.9348478761773423,2.051609323870177e+22,1.4005652984287076e+21,1.5068215371541748e+20,2.20673406908459e+22,1.0,D_max;budget,2.022803231848311,0.0,-0.07269475917122083,convex_logN_reduction_floating_point
2.371373705661655e+22,2048,logarithmic,0.5,0.6713607648391644,1.6754490814383751,0.5814185814185814,observed_512,direct_and_near,172,False,CYJ_v8_Q1_v2_derived_policy,no_joint_A_B_or_bridge_interval,conditional_v8_fixed_policy_feasible,9.545990571739754e+18,11.965825,299.893,2.093384524595647,2.1602893513304946,2.0195419120198412,-0.06737146220598264,0.9348478761773423,2.1530802940349996e+22,1.46983614739456e+21,1.5068215371541748e+20,2.315132124145998e+22,0.9762831217275537,N_max;D_max,2.0195419120198412,0.0,-0.0718383293916875,convex_logN_reduction_floating_point
2.5482967479793465e+22,2048,logarithmic,0.5,0.6713607648391644,1.6754490814383751,0.5814185814185814,observed_512,direct_and_near,172,False,CYJ_v8_Q1_v2_derived_policy,no_joint_A_B_or_bridge_interval,conditional_v8_fixed_policy_feasible,9.545990571739754e+18,11.965825,299.893,2.093384524595647,2.1602893513304946,2.0195419120198412,-0.06737146220598264,0.9348478761773423,2.1530802940349996e+22,1.46983614739456e+21,1.5068215371541748e+20,2.315132124145998e+22,0.9085017771112274,N_max;D_max,2.0195419120198412,0.0,-0.0718383293916875,convex_logN_reduction_floating_point
2.7384196342643614e+22,2048,logarithmic,0.5,0.6713607648391644,1.6754490814383751,0.5814185814185814,observed_512,direct_and_near,172,False,CYJ_v8_Q1_v2_derived_policy,no_joint_A_B_or_bridge_interval,conditional_v8_fixed_policy_feasible,9.545990571739754e+18,11.965825,299.893,2.093384524595647,2.1602893513304946,2.0195419120198412,-0.06737146220598264,0.9348478761773423,2.1530802940349996e+22,1.46983614739456e+21,1.5068215371541748e+20,2.315132124145998e+22,0.8454263529146533,N_max;D_max,2.0195419120198412,0.0,-0.0718383293916875,convex_logN_reduction_floating_point
2.942727176209282e+22,2048,logarithmic,0.5,0.6713607648391644,1.6754490814383751,0.5814185814185814,observed_512,direct_and_near,172,False,CYJ_v8_Q1_v2_derived_policy,no_joint_A_B_or_bridge_interval,conditional_v8_fixed_policy_feasible,9.545990571739754e+18,11.965825,299.893,2.093384524595647,2.1602893513304946,2.0195419120198412,-0.06737146220598264,0.9348478761773423,2.1530802940349996e+22,1.46983614739456e+21,1.5068215371541748e+20,2.315132124145998e+22,0.7867301266875409,N_max;D_max,2.0195419120198412,0.0,-0.0718383293916875,convex_logN_reduction_floating_point
3.1622776601683792e+22,2048,logarithmic,0.5,0.6713607648391644,1.6754490814383751,0.5814185814185814,observed_512,direct_and_near,172,False,CYJ_v8_Q1_v2_derived_policy,no_joint_A_B_or_bridge_interval,conditional_v8_fixed_policy_feasible,9.545990571739754e+18,11.965825,299.893,2.093384524595647,2.1602893513304946,2.0195419120198412,-0.06737146220598264,0.9348478761773423,2.1530802940349996e+22,1.46983614739456e+21,1.5068215371541748e+20,2.315132124145998e+22,0.7321090596525056,N_max;D_max,2.0195419120198412,0.0,-0.0718383293916875,convex_logN_reduction_floating_point
3.3982083289425593e+22,2048,logarithmic,0.5,0.6713607648391644,1.6754490814383751,0.5814185814185814,observed_512,direct_and_near,172,False,CYJ_v8_Q1_v2_derived_policy,no_joint_A_B_or_bridge_interval,conditional_v8_fixed_policy_feasible,9.545990571739754e+18,11.965825,299.893,2.093384524595647,2.1602893513304946,2.0195419120198412,-0.06737146220598264,0.9348478761773423,2.1530802940349996e+22,1.46983614739456e+21,1.5068215371541748e+20,2.315132124145998e+22,0.6812802218239549,N_max;D_max,2.0195419120198412,0.0,-0.0718383293916875,convex_logN_reduction_floating_point
3.651741272548377e+22,2048,logarithmic,0.5,0.6713607648391644,1.6754490814383751,0.5814185814185814,observed_512,direct_and_near,172,False,CYJ_v8_Q1_v2_derived_policy,no_joint_A_B_or_bridge_interval,conditional_v8_fixed_policy_feasible,9.545990571739754e+18,11.965825,299.893,2.093384524595647,2.1602893513304946,2.0195419120198412,-0.06737146220598264,0.9348478761773423,2.1530802940349996e+22,1.46983614739456e+21,1.5068215371541748e+20,2.315132124145998e+22,0.6339803264677557,N_max;D_max,2.0195419120198412,0.0,-0.0718383293916875,convex_logN_reduction_floating_point
3.924189758484536e+22,2048,logarithmic,0.5,0.6713607648391644,1.6754490814383751,0.5814185814185814,observed_512,direct_and_near,172,False,CYJ_v8_Q1_v2_derived_policy,no_joint_A_B_or_bridge_interval,conditional_v8_fixed_policy_feasible,9.545990571739754e+18,11.965825,299.893,2.093384524595647,2.1602893513304946,2.0195419120198412,-0.06737146220598264,0.9348478761773423,2.1530802940349996e+22,1.46983614739456e+21,1.5068215371541748e+20,2.315132124145998e+22,0.5899643663103763,N_max;D_max,2.0195419120198412,0.0,-0.0718383293916875,convex_logN_reduction_floating_point
4.2169650342858225e+22,2048,logarithmic,0.5,0.6713607648391644,1.6754490814383751,0.5814185814185814,observed_512,direct_and_near,172,False,CYJ_v8_Q1_v2_derived_policy,no_joint_A_B_or_bridge_interval,conditional_v8_fixed_policy_feasible,9.545990571739754e+18,11.965825,299.893,2.093384524595647,2.1602893513304946,2.0195419120198412,-0.06737146220598264,0.9348478761773423,2.1530802940349996e+22,1.46983614739456e+21,1.5068215371541748e+20,2.315132124145998e+22,0.5490043444332434,N_max;D_max,2.0195419120198412,0.0,-0.0718383293916875,convex_logN_reduction_floating_point
4.531583637600818e+22,2048,logarithmic,0.5,0.6713607648391644,1.6754490814383751,0.5814185814185814,observed_512,direct_and_near,172,False,CYJ_v8_Q1_v2_derived_policy,no_joint_A_B_or_bridge_interval,conditional_v8_fixed_policy_feasible,9.545990571739754e+18,11.965825,299.893,2.093384524595647,2.1602893513304946,2.0195419120198412,-0.06737146220598264,0.9348478761773423,2.1530802940349996e+22,1.46983614739456e+21,1.5068215371541748e+20,2.315132124145998e+22,0.5108880932785147,N_max;D_max,2.0195419120198412,0.0,-0.0718383293916875,convex_logN_reduction_floating_point
4.869675251658631e+22,2048,logarithmic,0.5,0.6713607648391644,1.6754490814383751,0.5814185814185814,observed_512,direct_and_near,172,False,CYJ_v8_Q1_v2_derived_policy,no_joint_A_B_or_bridge_interval,conditional_v8_fixed_policy_feasible,9.545990571739754e+18,11.965825,299.893,2.093384524595647,2.1602893513304946,2.0195419120198412,-0.06737146220598264,0.9348478761773423,2.1530802940349996e+22,1.46983614739456e+21,1.5068215371541748e+20,2.315132124145998e+22,0.4754181756488699,N_max;D_max,2.0195419120198412,0.0,-0.0718383293916875,convex_logN_reduction_floating_point
5.2329911468149466e+22,2048,logarithmic,0.5,0.6713607648391644,1.6754490814383751,0.5814185814185814,observed_512,direct_and_near,172,False,CYJ_v8_Q1_v2_derived_policy,no_joint_A_B_or_bridge_interval,conditional_v8_fixed_policy_feasible,9.545990571739754e+18,11.965825,299.893,2.093384524595647,2.1602893513304946,2.0195419120198412,-0.06737146220598264,0.9348478761773423,2.1530802940349996e+22,1.46983614739456e+21,1.5068215371541748e+20,2.315132124145998e+22,0.442410862008643,N_max;D_max,2.0195419120198412,0.0,-0.0718383293916875,convex_logN_reduction_floating_point
5.623413251903491e+22,2048,logarithmic,0.5,0.6713607648391644,1.6754490814383751,0.5814185814185814,observed_512,direct_and_near,172,False,CYJ_v8_Q1_v2_derived_policy,no_joint_A_B_or_bridge_interval,conditional_v8_fixed_policy_feasible,9.545990571739754e+18,11.965825,299.893,2.093384524595647,2.1602893513304946,2.0195419120198412,-0.06737146220598264,0.9348478761773423,2.1530802940349996e+22,1.46983614739456e+21,1.5068215371541748e+20,2.315132124145998e+22,0.4116951787888503,N_max;D_max,2.0195419120198412,0.0,-0.0718383293916875,convex_logN_reduction_floating_point
6.042963902381329e+22,2048,logarithmic,0.5,0.6713607648391644,1.6754490814383751,0.5814185814185814,observed_512,direct_and_near,172,False,CYJ_v8_Q1_v2_derived_policy,no_joint_A_B_or_bridge_interval,conditional_v8_fixed_policy_feasible,9.545990571739754e+18,11.965825,299.893,2.093384524595647,2.1602893513304946,2.0195419120198412,-0.06737146220598264,0.9348478761773423,2.1530802940349996e+22,1.46983614739456e+21,1.5068215371541748e+20,2.315132124145998e+22,0.3831120227664577,N_max;D_max,2.0195419120198412,0.0,-0.0718383293916875,convex_logN_reduction_floating_point
6.493816315762113e+22,2048,logarithmic,0.5,0.6713607648391644,1.6754490814383751,0.5814185814185814,observed_512,direct_and_near,172,False,CYJ_v8_Q1_v2_derived_policy,no_joint_A_B_or_bridge_interval,conditional_v8_fixed_policy_feasible,9.545990571739754e+18,11.965825,299.893,2.093384524595647,2.1602893513304946,2.0195419120198412,-0.06737146220598264,0.9348478761773423,2.1530802940349996e+22,1.46983614739456e+21,1.5068215371541748e+20,2.315132124145998e+22,0.35651333693048787,N_max;D_max,2.0195419120198412,0.0,-0.0718383293916875,convex_logN_reduction_floating_point
6.978305848598663e+22,2048,logarithmic,0.5,0.6713607648391644,1.6754490814383751,0.5814185814185814,observed_512,direct_and_near,172,False,CYJ_v8_Q1_v2_derived_policy,no_joint_A_B_or_bridge_interval,conditional_v8_fixed_policy_feasible,9.545990571739754e+18,11.965825,299.893,2.093384524595647,2.1602893513304946,2.0195419120198412,-0.06737146220598264,0.9348478761773423,2.1530802940349996e+22,1.46983614739456e+21,1.5068215371541748e+20,2.315132124145998e+22,0.3317613435660616,N_max;D_max,2.0195419120198412,0.0,-0.0718383293916875,convex_logN_reduction_floating_point
7.498942093324558e+22,2048,logarithmic,0.5,0.6713607648391644,1.6754490814383751,0.5814185814185814,observed_512,direct_and_near,172,False,CYJ_v8_Q1_v2_derived_policy,no_joint_A_B_or_bridge_interval,conditional_v8_fixed_policy_feasible,9.545990571739754e+18,11.965825,299.893,2.093384524595647,2.1602893513304946,2.0195419120198412,-0.06737146220598264,0.9348478761773423,2.1530802940349996e+22,1.46983614739456e+21,1.5068215371541748e+20,2.315132124145998e+22,0.30872783058384895,N_max;D_max,2.0195419120198412,0.0,-0.0718383293916875,convex_logN_reduction_floating_point
8.058421877614818e+22,2048,logarithmic,0.5,0.6713607648391644,1.6754490814383751,0.5814185814185814,observed_512,direct_and_near,172,False,CYJ_v8_Q1_v2_derived_policy,no_joint_A_B_or_bridge_interval,conditional_v8_fixed_policy_feasible,9.545990571739754e+18,11.965825,299.893,2.093384524595647,2.1602893513304946,2.0195419120198412,-0.06737146220598264,0.9348478761773423,2.1530802940349996e+22,1.46983614739456e+21,1.5068215371541748e+20,2.315132124145998e+22,0.28729348739821065,N_max;D_max,2.0195419120198412,0.0,-0.0718383293916875,convex_logN_reduction_floating_point
8.659643233600654e+22,2048,logarithmic,0.5,0.6713607648391644,1.6754490814383751,0.5814185814185814,observed_512,direct_and_near,172,False,CYJ_v8_Q1_v2_derived_policy,no_joint_A_B_or_bridge_interval,conditional_v8_fixed_policy_feasible,9.545990571739754e+18,11.965825,299.893,2.093384524595647,2.1602893513304946,2.0195419120198412,-0.06737146220598264,0.9348478761773423,2.1530802940349996e+22,1.46983614739456e+21,1.5068215371541748e+20,2.315132124145998e+22,0.26734728691396364,N_max;D_max,2.0195419120198412,0.0,-0.0718383293916875,convex_logN_reduction_floating_point
9.30572040929699e+22,2048,logarithmic,0.5,0.6713607648391644,1.6754490814383751,0.5814185814185814,observed_512,direct_and_near,172,False,CYJ_v8_Q1_v2_derived_policy,no_joint_A_B_or_bridge_interval,conditional_v8_fixed_policy_feasible,9.545990571739754e+18,11.965825,299.893,2.093384524595647,2.1602893513304946,2.0195419120198412,-0.06737146220598264,0.9348478761773423,2.1530802940349996e+22,1.46983614739456e+21,1.5068215371541748e+20,2.315132124145998e+22,0.24878591042054496,N_max;D_max,2.0195419120198412,0.0,-0.0718383293916875,convex_logN_reduction_floating_point
1.0000000000000001e+23,2048,logarithmic,0.5,0.6713607648391644,1.6754490814383751,0.5814185814185814,observed_512,direct_and_near,172,False,CYJ_v8_Q1_v2_derived_policy,no_joint_A_B_or_bridge_interval,conditional_v8_fixed_policy_feasible,9.545990571739754e+18,11.965825,299.893,2.093384524595647,2.1602893513304946,2.0195419120198412,-0.06737146220598264,0.9348478761773423,2.1530802940349996e+22,1.46983614739456e+21,1.5068215371541748e+20,2.315132124145998e+22,0.23151321241459977,N_max;D_max,2.0195419120198412,0.0,-0.0718383293916875,convex_logN_reduction_floating_point
1.0746078283213175e+23,2048,logarithmic,0.5,0.6713607648391644,1.6754490814383751,0.5814185814185814,observed_512,direct_and_near,172,False,CYJ_v8_Q1_v2_derived_policy,no_joint_A_B_or_bridge_interval,conditional_v8_fixed_policy_feasible,9.545990571739754e+18,11.965825,299.893,2.093384524595647,2.1602893513304946,2.0195419120198412,-0.06737146220598264,0.9348478761773423,2.1530802940349996e+22,1.46983614739456e+21,1.5068215371541748e+20,2.315132124145998e+22,0.21543972257884506,N_max;D_max,2.0195419120198412,0.0,-0.0718383293916875,convex_logN_reduction_floating_point
1.1547819846894582e+23,2048,logarithmic,0.5,0.6713607648391644,1.6754490814383751,0.5814185814185814,observed_512,direct_and_near,172,False,CYJ_v8_Q1_v2_derived_policy,no_joint_A_B_or_bridge_interval,conditional_v8_fixed_policy_feasible,9.545990571739754e+18,11.965825,299.893,2.093384524595647,2.1602893513304946,2.0195419120198412,-0.06737146220598264,0.9348478761773423,2.1530802940349996e+22,1.46983614739456e+21,1.5068215371541748e+20,2.315132124145998e+22,0.200482182337524,N_max;D_max,2.0195419120198412,0.0,-0.0718383293916875,convex_logN_reduction_floating_point
1.2409377607517195e+23,2048,logarithmic,0.5,0.6713607648391644,1.6754490814383751,0.5814185814185814,observed_512,direct_and_near,172,False,CYJ_v8_Q1_v2_derived_policy,no_joint_A_B_or_bridge_interval,conditional_v8_fixed_policy_feasible,9.545990571739754e+18,11.965825,299.893,2.093384524595647,2.1602893513304946,2.0195419120198412,-0.06737146220598264,0.9348478761773423,2.1530802940349996e+22,1.46983614739456e+21,1.5068215371541748e+20,2.315132124145998e+22,0.18656311358786976,N_max;D_max,2.0195419120198412,0.0,-0.0718383293916875,convex_logN_reduction_floating_point
1.3335214321633241e+23,2048,logarithmic,0.5,0.6713607648391644,1.6754490814383751,0.5814185814185814,observed_512,direct_and_near,172,False,CYJ_v8_Q1_v2_derived_policy,no_joint_A_B_or_bridge_interval,conditional_v8_fixed_policy_feasible,9.545990571739754e+18,11.965825,299.893,2.093384524595647,2.1602893513304946,2.0195419120198412,-0.06737146220598264,0.9348478761773423,2.1530802940349996e+22,1.46983614739456e+21,1.5068215371541748e+20,2.315132124145998e+22,0.1736104173736632,N_max;D_max,2.0195419120198412,0.0,-0.0718383293916875,convex_logN_reduction_floating_point
1.4330125702369627e+23,2048,logarithmic,0.5,0.6713607648391644,1.6754490814383751,0.5814185814185814,observed_512,direct_and_near,172,False,CYJ_v8_Q1_v2_derived_policy,no_joint_A_B_or_bridge_interval,conditional_v8_fixed_policy_feasible,9.545990571739754e+18,11.965825,299.893,2.093384524595647,2.1602893513304946,2.0195419120198412,-0.06737146220598264,0.9348478761773423,2.1530802940349996e+22,1.46983614739456e+21,1.5068215371541748e+20,2.315132124145998e+22,0.16155700042206664,N_max;D_max,2.0195419120198412,0.0,-0.0718383293916875,convex_logN_reduction_floating_point
1.539926526059492e+23,2048,logarithmic,0.5,0.6713607648391644,1.6754490814383751,0.5814185814185814,observed_512,direct_and_near,172,False,CYJ_v8_Q1_v2_derived_policy,no_joint_A_B_or_bridge_interval,conditional_v8_fixed_policy_feasible,9.545990571739754e+18,11.965825,299.893,2.093384524595647,2.1602893513304946,2.0195419120198412,-0.06737146220598264,0.9348478761773423,2.1530802940349996e+22,1.46983614739456e+21,1.5068215371541748e+20,2.315132124145998e+22,0.15034042760924277,N_max;D_max,2.0195419120198412,0.0,-0.0718383293916875,convex_logN_reduction_floating_point
1.6548170999431815e+23,2048,logarithmic,0.5,0.6713607648391644,1.6754490814383751,0.5814185814185814,observed_512,direct_and_near,172,False,CYJ_v8_Q1_v2_derived_policy,no_joint_A_B_or_bridge_interval,conditional_v8_fixed_policy_feasible,9.545990571739754e+18,11.965825,299.893,2.093384524595647,2.1602893513304946,2.0195419120198412,-0.06737146220598264,0.9348478761773423,2.1530802940349996e+22,1.46983614739456e+21,1.5068215371541748e+20,2.315132124145998e+22,0.1399025985545767,N_max;D_max,2.0195419120198412,0.0,-0.0718383293916875,convex_logN_reduction_floating_point
1.7782794100389228e+23,2048,logarithmic,0.5,0.6713607648391644,1.6754490814383751,0.5814185814185814,observed_512,direct_and_near,172,False,CYJ_v8_Q1_v2_derived_policy,no_joint_A_B_or_bridge_interval,conditional_v8_fixed_policy_feasible,9.545990571739754e+18,11.965825,299.893,2.093384524595647,2.1602893513304946,2.0195419120198412,-0.06737146220598264,0.9348478761773423,2.1530802940349996e+22,1.46983614739456e+21,1.5068215371541748e+20,2.315132124145998e+22,0.13018944666830082,N_max;D_max,2.0195419120198412,0.0,-0.0718383293916875,convex_logN_reduction_floating_point
1.9109529749704405e+23,2048,logarithmic,0.5,0.6713607648391644,1.6754490814383751,0.5814185814185814,observed_512,direct_and_near,172,False,CYJ_v8_Q1_v2_derived_policy,no_joint_A_B_or_bridge_interval,conditional_v8_fixed_policy_feasible,9.545990571739754e+18,11.965825,299.893,2.093384524595647,2.1602893513304946,2.0195419120198412,-0.06737146220598264,0.9348478761773423,2.1530802940349996e+22,1.46983614739456e+21,1.5068215371541748e+20,2.315132124145998e+22,0.12115065909362889,N_max;D_max,2.0195419120198412,0.0,-0.0718383293916875,convex_logN_reduction_floating_point
2.053525026457146e+23,2048,logarithmic,0.5,0.6713607648391644,1.6754490814383751,0.5814185814185814,observed_512,direct_and_near,172,False,CYJ_v8_Q1_v2_derived_policy,no_joint_A_B_or_bridge_interval,conditional_v8_fixed_policy_feasible,9.545990571739754e+18,11.965825,299.893,2.093384524595647,2.1602893513304946,2.0195419120198412,-0.06737146220598264,0.9348478761773423,2.1530802940349996e+22,1.46983614739456e+21,1.5068215371541748e+20,2.315132124145998e+22,0.11273941609273644,N_max;D_max,2.0195419120198412,0.0,-0.0718383293916875,convex_logN_reduction_floating_point
2.2067340690845896e+23,2048,logarithmic,0.5,0.6713607648391644,1.6754490814383751,0.5814185814185814,observed_512,direct_and_near,172,False,CYJ_v8_Q1_v2_derived_policy,no_joint_A_B_or_bridge_interval,conditional_v8_fixed_policy_feasible,9.545990571739754e+18,11.965825,299.893,2.093384524595647,2.1602893513304946,2.0195419120198412,-0.06737146220598264,0.9348478761773423,2.1530802940349996e+22,1.46983614739456e+21,1.5068215371541748e+20,2.315132124145998e+22,0.1049121485266403,N_max;D_max,2.0195419120198412,0.0,-0.0718383293916875,convex_logN_reduction_floating_point
2.371373705661655e+23,2048,logarithmic,0.5,0.6713607648391644,1.6754490814383751,0.5814185814185814,observed_512,direct_and_near,172,False,CYJ_v8_Q1_v2_derived_policy,no_joint_A_B_or_bridge_interval,conditional_v8_fixed_policy_feasible,9.545990571739754e+18,11.965825,299.893,2.093384524595647,2.1602893513304946,2.0195419120198412,-0.06737146220598264,0.9348478761773423,2.1530802940349996e+22,1.46983614739456e+21,1.5068215371541748e+20,2.315132124145998e+22,0.09762831217275537,N_max;D_max,2.0195419120198412,0.0,-0.0718383293916875,convex_logN_reduction_floating_point
2.5482967479793466e+23,2048,logarithmic,0.5,0.6713607648391644,1.6754490814383751,0.5814185814185814,observed_512,direct_and_near,172,False,CYJ_v8_Q1_v2_derived_policy,no_joint_A_B_or_bridge_interval,conditional_v8_fixed_policy_feasible,9.545990571739754e+18,11.965825,299.893,2.093384524595647,2.1602893513304946,2.0195419120198412,-0.06737146220598264,0.9348478761773423,2.1530802940349996e+22,1.46983614739456e+21,1.5068215371541748e+20,2.315132124145998e+22,0.09085017771112273,N_max;D_max,2.0195419120198412,0.0,-0.0718383293916875,convex_logN_reduction_floating_point
2.738419634264361e+23,2048,logarithmic,0.5,0.6713607648391644,1.6754490814383751,0.5814185814185814,observed_512,direct_and_near,172,False,CYJ_v8_Q1_v2_derived_policy,no_joint_A_B_or_bridge_interval,conditional_v8_fixed_policy_feasible,9.545990571739754e+18,11.965825,299.893,2.093384524595647,2.1602893513304946,2.0195419120198412,-0.06737146220598264,0.9348478761773423,2.1530802940349996e+22,1.46983614739456e+21,1.5068215371541748e+20,2.315132124145998e+22,0.08454263529146534,N_max;D_max,2.0195419120198412,0.0,-0.0718383293916875,convex_logN_reduction_floating_point
2.942727176209282e+23,2048,logarithmic,0.5,0.6713607648391644,1.6754490814383751,0.5814185814185814,observed_512,direct_and_near,172,False,CYJ_v8_Q1_v2_derived_policy,no_joint_A_B_or_bridge_interval,conditional_v8_fixed_policy_feasible,9.545990571739754e+18,11.965825,299.893,2.093384524595647,2.1602893513304946,2.0195419120198412,-0.06737146220598264,0.9348478761773423,2.1530802940349996e+22,1.46983614739456e+21,1.5068215371541748e+20,2.315132124145998e+22,0.0786730126687541,N_max;D_max,2.0195419120198412,0.0,-0.0718383293916875,convex_logN_reduction_floating_point
3.162277660168379e+23,2048,logarithmic,0.5,0.6713607648391644,1.6754490814383751,0.5814185814185814,observed_512,direct_and_near,172,False,CYJ_v8_Q1_v2_derived_policy,no_joint_A_B_or_bridge_interval,conditional_v8_fixed_policy_feasible,9.545990571739754e+18,11.965825,299.893,2.093384524595647,2.1602893513304946,2.0195419120198412,-0.06737146220598264,0.9348478761773423,2.1530802940349996e+22,1.46983614739456e+21,1.5068215371541748e+20,2.315132124145998e+22,0.07321090596525057,N_max;D_max,2.0195419120198412,0.0,-0.0718383293916875,convex_logN_reduction_floating_point
3.3982083289425596e+23,2048,logarithmic,0.5,0.6713607648391644,1.6754490814383751,0.5814185814185814,observed_512,direct_and_near,172,False,CYJ_v8_Q1_v2_derived_policy,no_joint_A_B_or_bridge_interval,conditional_v8_fixed_policy_feasible,9.545990571739754e+18,11.965825,299.893,2.093384524595647,2.1602893513304946,2.0195419120198412,-0.06737146220598264,0.9348478761773423,2.1530802940349996e+22,1.46983614739456e+21,1.5068215371541748e+20,2.315132124145998e+22,0.06812802218239548,N_max;D_max,2.0195419120198412,0.0,-0.0718383293916875,convex_logN_reduction_floating_point
3.651741272548377e+23,2048,logarithmic,0.5,0.6713607648391644,1.6754490814383751,0.5814185814185814,observed_512,direct_and_near,172,False,CYJ_v8_Q1_v2_derived_policy,no_joint_A_B_or_bridge_interval,conditional_v8_fixed_policy_feasible,9.545990571739754e+18,11.965825,299.893,2.093384524595647,2.1602893513304946,2.0195419120198412,-0.06737146220598264,0.9348478761773423,2.1530802940349996e+22,1.46983614739456e+21,1.5068215371541748e+20,2.315132124145998e+22,0.06339803264677557,N_max;D_max,2.0195419120198412,0.0,-0.0718383293916875,convex_logN_reduction_floating_point
3.924189758484536e+23,2048,logarithmic,0.5,0.6713607648391644,1.6754490814383751,0.5814185814185814,observed_512,direct_and_near,172,False,CYJ_v8_Q1_v2_derived_policy,no_joint_A_B_or_bridge_interval,conditional_v8_fixed_policy_feasible,9.545990571739754e+18,11.965825,299.893,2.093384524595647,2.1602893513304946,2.0195419120198412,-0.06737146220598264,0.9348478761773423,2.1530802940349996e+22,1.46983614739456e+21,1.5068215371541748e+20,2.315132124145998e+22,0.05899643663103763,N_max;D_max,2.0195419120198412,0.0,-0.0718383293916875,convex_logN_reduction_floating_point
4.2169650342858225e+23,2048,logarithmic,0.5,0.6713607648391644,1.6754490814383751,0.5814185814185814,observed_512,direct_and_near,172,False,CYJ_v8_Q1_v2_derived_policy,no_joint_A_B_or_bridge_interval,conditional_v8_fixed_policy_feasible,9.545990571739754e+18,11.965825,299.893,2.093384524595647,2.1602893513304946,2.0195419120198412,-0.06737146220598264,0.9348478761773423,2.1530802940349996e+22,1.46983614739456e+21,1.5068215371541748e+20,2.315132124145998e+22,0.05490043444332434,N_max;D_max,2.0195419120198412,0.0,-0.0718383293916875,convex_logN_reduction_floating_point
4.531583637600818e+23,2048,logarithmic,0.5,0.6713607648391644,1.6754490814383751,0.5814185814185814,observed_512,direct_and_near,172,False,CYJ_v8_Q1_v2_derived_policy,no_joint_A_B_or_bridge_interval,conditional_v8_fixed_policy_feasible,9.545990571739754e+18,11.965825,299.893,2.093384524595647,2.1602893513304946,2.0195419120198412,-0.06737146220598264,0.9348478761773423,2.1530802940349996e+22,1.46983614739456e+21,1.5068215371541748e+20,2.315132124145998e+22,0.051088809327851474,N_max;D_max,2.0195419120198412,0.0,-0.0718383293916875,convex_logN_reduction_floating_point
4.869675251658631e+23,2048,logarithmic,0.5,0.6713607648391644,1.6754490814383751,0.5814185814185814,observed_512,direct_and_near,172,False,CYJ_v8_Q1_v2_derived_policy,no_joint_A_B_or_bridge_interval,conditional_v8_fixed_policy_feasible,9.545990571739754e+18,11.965825,299.893,2.093384524595647,2.1602893513304946,2.0195419120198412,-0.06737146220598264,0.9348478761773423,2.1530802940349996e+22,1.46983614739456e+21,1.5068215371541748e+20,2.315132124145998e+22,0.04754181756488699,N_max;D_max,2.0195419120198412,0.0,-0.0718383293916875,convex_logN_reduction_floating_point
5.232991146814947e+23,2048,logarithmic,0.5,0.6713607648391644,1.6754490814383751,0.5814185814185814,observed_512,direct_and_near,172,False,CYJ_v8_Q1_v2_derived_policy,no_joint_A_B_or_bridge_interval,conditional_v8_fixed_policy_feasible,9.545990571739754e+18,11.965825,299.893,2.093384524595647,2.1602893513304946,2.0195419120198412,-0.06737146220598264,0.9348478761773423,2.1530802940349996e+22,1.46983614739456e+21,1.5068215371541748e+20,2.315132124145998e+22,0.044241086200864296,N_max;D_max,2.0195419120198412,0.0,-0.0718383293916875,convex_logN_reduction_floating_point
5.623413251903491e+23,2048,logarithmic,0.5,0.6713607648391644,1.6754490814383751,0.5814185814185814,observed_512,direct_and_near,172,False,CYJ_v8_Q1_v2_derived_policy,no_joint_A_B_or_bridge_interval,conditional_v8_fixed_policy_feasible,9.545990571739754e+18,11.965825,299.893,2.093384524595647,2.1602893513304946,2.0195419120198412,-0.06737146220598264,0.9348478761773423,2.1530802940349996e+22,1.46983614739456e+21,1.5068215371541748e+20,2.315132124145998e+22,0.04116951787888503,N_max;D_max,2.0195419120198412,0.0,-0.0718383293916875,convex_logN_reduction_floating_point
6.042963902381328e+23,2048,logarithmic,0.5,0.6713607648391644,1.6754490814383751,0.5814185814185814,observed_512,direct_and_near,172,False,CYJ_v8_Q1_v2_derived_policy,no_joint_A_B_or_bridge_interval,conditional_v8_fixed_policy_feasible,9.545990571739754e+18,11.965825,299.893,2.093384524595647,2.1602893513304946,2.0195419120198412,-0.06737146220598264,0.9348478761773423,2.1530802940349996e+22,1.46983614739456e+21,1.5068215371541748e+20,2.315132124145998e+22,0.03831120227664578,N_max;D_max,2.0195419120198412,0.0,-0.0718383293916875,convex_logN_reduction_floating_point
6.493816315762113e+23,2048,logarithmic,0.5,0.6713607648391644,1.6754490814383751,0.5814185814185814,observed_512,direct_and_near,172,False,CYJ_v8_Q1_v2_derived_policy,no_joint_A_B_or_bridge_interval,conditional_v8_fixed_policy_feasible,9.545990571739754e+18,11.965825,299.893,2.093384524595647,2.1602893513304946,2.0195419120198412,-0.06737146220598264,0.9348478761773423,2.1530802940349996e+22,1.46983614739456e+21,1.5068215371541748e+20,2.315132124145998e+22,0.03565133369304879,N_max;D_max,2.0195419120198412,0.0,-0.0718383293916875,convex_logN_reduction_floating_point
6.978305848598663e+23,2048,logarithmic,0.5,0.6713607648391644,1.6754490814383751,0.5814185814185814,observed_512,direct_and_near,172,False,CYJ_v8_Q1_v2_derived_policy,no_joint_A_B_or_bridge_interval,conditional_v8_fixed_policy_feasible,9.545990571739754e+18,11.965825,299.893,2.093384524595647,2.1602893513304946,2.0195419120198412,-0.06737146220598264,0.9348478761773423,2.1530802940349996e+22,1.46983614739456e+21,1.5068215371541748e+20,2.315132124145998e+22,0.03317613435660616,N_max;D_max,2.0195419120198412,0.0,-0.0718383293916875,convex_logN_reduction_floating_point
7.498942093324558e+23,2048,logarithmic,0.5,0.6713607648391644,1.6754490814383751,0.5814185814185814,observed_512,direct_and_near,172,False,CYJ_v8_Q1_v2_derived_policy,no_joint_A_B_or_bridge_interval,conditional_v8_fixed_policy_feasible,9.545990571739754e+18,11.965825,299.893,2.093384524595647,2.1602893513304946,2.0195419120198412,-0.06737146220598264,0.9348478761773423,2.1530802940349996e+22,1.46983614739456e+21,1.5068215371541748e+20,2.315132124145998e+22,0.030872783058384895,N_max;D_max,2.0195419120198412,0.0,-0.0718383293916875,convex_logN_reduction_floating_point
8.058421877614818e+23,2048,logarithmic,0.5,0.6713607648391644,1.6754490814383751,0.5814185814185814,observed_512,direct_and_near,172,False,CYJ_v8_Q1_v2_derived_policy,no_joint_A_B_or_bridge_interval,conditional_v8_fixed_policy_feasible,9.545990571739754e+18,11.965825,299.893,2.093384524595647,2.1602893513304946,2.0195419120198412,-0.06737146220598264,0.9348478761773423,2.1530802940349996e+22,1.46983614739456e+21,1.5068215371541748e+20,2.315132124145998e+22,0.028729348739821064,N_max;D_max,2.0195419120198412,0.0,-0.0718383293916875,convex_logN_reduction_floating_point
8.659643233600654e+23,2048,logarithmic,0.5,0.6713607648391644,1.6754490814383751,0.5814185814185814,observed_512,direct_and_near,172,False,CYJ_v8_Q1_v2_derived_policy,no_joint_A_B_or_bridge_interval,conditional_v8_fixed_policy_feasible,9.545990571739754e+18,11.965825,299.893,2.093384524595647,2.1602893513304946,2.0195419120198412,-0.06737146220598264,0.9348478761773423,2.1530802940349996e+22,1.46983614739456e+21,1.5068215371541748e+20,2.315132124145998e+22,0.026734728691396363,N_max;D_max,2.0195419120198412,0.0,-0.0718383293916875,convex_logN_reduction_floating_point
9.30572040929699e+23,2048,logarithmic,0.5,0.6713607648391644,1.6754490814383751,0.5814185814185814,observed_512,direct_and_near,172,False,CYJ_v8_Q1_v2_derived_policy,no_joint_A_B_or_bridge_interval,conditional_v8_fixed_policy_feasible,9.545990571739754e+18,11.965825,299.893,2.093384524595647,2.1602893513304946,2.0195419120198412,-0.06737146220598264,0.9348478761773423,2.1530802940349996e+22,1.46983614739456e+21,1.5068215371541748e+20,2.315132124145998e+22,0.024878591042054494,N_max;D_max,2.0195419120198412,0.0,-0.0718383293916875,convex_logN_reduction_floating_point
1e+24,2048,logarithmic,0.5,0.6713607648391644,1.6754490814383751,0.5814185814185814,observed_512,direct_and_near,172,False,CYJ_v8_Q1_v2_derived_policy,no_joint_A_B_or_bridge_interval,conditional_v8_fixed_policy_feasible,9.545990571739754e+18,11.965825,299.893,2.093384524595647,2.1602893513304946,2.0195419120198412,-0.06737146220598264,0.9348478761773423,2.1530802940349996e+22,1.46983614739456e+21,1.5068215371541748e+20,2.315132124145998e+22,0.02315132124145998,N_max;D_max,2.0195419120198412,0.0,-0.0718383293916875,convex_logN_reduction_floating_point
1e+19,8192,exponential,0.5,0.6713607648391644,1.6754490814383751,0.5814185814185814,observed_512,direct_and_near,172,False,CYJ_v8_Q1_v2_derived_policy,no_joint_A_B_or_bridge_interval,conditional_v8_fixed_policy_feasible,8.995500841659087e+18,0.08369264880525912,10.0,3.1635929720460445,3.3468927959227988,3.1288356220616755,-0.06737146220598264,0.9348478761773423,5.021558928315547e+18,1.3712203580253655e+18,3.607220713659088e+18,1e+19,1.0,D_min;budget,3.1288356220616755,0.0,-0.18014895719101423,convex_logN_reduction_floating_point
1.0746078283213175e+19,8192,exponential,0.5,0.6713607648391644,1.6754490814383751,0.5814185814185814,observed_512,direct_and_near,172,False,CYJ_v8_Q1_v2_derived_policy,no_joint_A_B_or_bridge_interval,conditional_v8_fixed_policy_feasible,8.995500841659087e+18,0.09346011690346259,10.000000000000002,3.133290593302759,3.3143733893616205,3.098434923903411,-0.06737146220598264,0.9348478761773423,5.607607014207756e+18,1.5312505553463314e+18,3.607220713659089e+18,1.0746078283213177e+19,1.0000000000000002,D_min;budget,3.098434923903411,0.0,-0.1651596831936294,convex_logN_reduction_floating_point
1.1547819846894582e+19,8192,exponential,0.5,0.6713607648391644,1.6754490814383751,0.5814185814185814,observed_512,direct_and_near,172,False,CYJ_v8_Q1_v2_derived_policy,no_joint_A_B_or_bridge_interval,conditional_v8_fixed_policy_feasible,8.995500841659087e+18,0.10395631458467079,10.0,3.1051293699358773,3.2840744261735475,3.070110002516665,-0.06737146220598264,0.9348478761773423,6.237378875080247e+18,1.7032202581552463e+18,3.607220713659088e+18,1.1547819846894584e+19,1.0000000000000002,D_min;budget,3.070110002516665,0.0,-0.15122377319606986,convex_logN_reduction_floating_point
1.2409377607517196e+19,8192,exponential,0.5,0.6713607648391644,1.6754490814383751,0.5814185814185814,observed_512,direct_and_near,172,False,CYJ_v8_Q1_v2_derived_policy,no_joint_A_B_or_bridge_interval,conditional_v8_fixed_policy_feasible,8.995500841659087e+18,0.1152356107805052,10.0,3.0788284942912916,3.255704659375316,3.043588586277692,-0.06737146220598264,0.9348478761773423,6.914136646830311e+18,1.888020247027797e+18,3.607220713659088e+18,1.2409377607517196e+19,1.0,D_min;budget,3.043588586277692,0.0,-0.13822316466554407,convex_logN_reduction_floating_point
1.3335214321633241e+19,8192,exponential,0.5,0.6713607648391644,1.6754490814383751,0.5814185814185814,observed_512,direct_and_near,172,False,CYJ_v8_Q1_v2_derived_policy,no_joint_A_B_or_bridge_interval,conditional_v8_fixed_policy_feasible,8.995500841659087e+18,0.12735643077050368,10.0,3.054159202402953,3.22902667410195,3.0186487284041954,-0.06737146220598264,0.9348478761773423,7.641385846230221e+18,2.0866077617439322e+18,3.607220713659088e+18,1.333521432163324e+19,0.9999999999999999,D_min;budget,3.0186487284041954,0.0,-0.12605905768274883,convex_logN_reduction_floating_point
1.4330125702369628e+19,8192,exponential,0.5,0.6713607648391644,1.6754490814383751,0.5814185814185814,observed_512,direct_and_near,172,False,CYJ_v8_Q1_v2_derived_policy,no_joint_A_B_or_bridge_interval,conditional_v8_fixed_policy_feasible,8.995500841659087e+18,0.14038155881742959,10.0,3.0309328511863733,3.203844581669028,2.995107302775577,-0.06737146220598264,0.9348478761773423,8.422893529045775e+18,2.3000114596647665e+18,3.607220713659088e+18,1.4330125702369628e+19,1.0,D_min;budget,2.995107302775577,0.0,-0.11464775246241884,convex_logN_reduction_floating_point
1.539926526059492e+19,8192,exponential,0.5,0.6713607648391644,1.6754490814383751,0.5814185814185814,observed_512,direct_and_near,172,False,CYJ_v8_Q1_v2_derived_policy,no_joint_A_B_or_bridge_interval,conditional_v8_fixed_policy_feasible,8.995500841659087e+18,0.15437846338154365,10.0,3.0089921922244627,3.1799950077198567,2.9728115792214593,-0.06737146220598264,0.9348478761773423,9.26270780289262e+18,2.5293367440432113e+18,3.607220713659088e+18,1.5399265260594917e+19,0.9999999999999999,D_min;budget,2.9728115792214593,0.0,-0.1039175812293189,convex_logN_reduction_floating_point
1.6548170999431815e+19,8192,exponential,0.5,0.6713607648391644,1.6754490814383751,0.5814185814185814,observed_512,direct_and_near,172,False,CYJ_v8_Q1_v2_derived_policy,no_joint_A_B_or_bridge_interval,conditional_v8_fixed_policy_feasible,8.995500841659087e+18,0.1694196465984071,10.0,2.988204871947777,3.157340375914249,2.9516329447924075,-0.06737146220598264,0.9348478761773423,1.0165178795904426e+19,2.7757714898683023e+18,3.607220713659088e+18,1.6548170999431815e+19,1.0,D_min;budget,2.9516329447924075,0.0,-0.09380660407160213,convex_logN_reduction_floating_point
1.7782794100389229e+19,8192,exponential,0.5,0.6713607648391644,1.6754490814383751,0.5814185814185814,observed_512,direct_and_near,172,False,CYJ_v8_Q1_v2_derived_policy,no_joint_A_B_or_bridge_interval,conditional_v8_fixed_policy_feasible,8.995500841659087e+18,0.1855830198304637,10.0,2.9684585136424606,3.135763823418892,2.931462150516894,-0.06737146220598264,0.9348478761773423,1.1134981189827824e+19,3.0405921969023176e+18,3.607220713659088e+18,1.7782794100389229e+19,1.0,D_min;budget,2.931462150516894,0.0,-0.08426084913977411,convex_logN_reduction_floating_point
1.9109529749704405e+19,8192,exponential,0.5,0.6713607648391644,1.6754490814383751,0.5814185814185814,observed_512,direct_and_near,172,False,CYJ_v8_Q1_v2_derived_policy,no_joint_A_B_or_bridge_interval,conditional_v8_fixed_policy_feasible,8.995500841659087e+18,0.202952307237711,10.0,2.9496569435284674,3.1151652971981507,2.9122056620270507,-0.06737146220598264,0.9348478761773423,1.217713843426266e+19,3.3251706017826565e+18,3.607220713659088e+18,1.9109529749704405e+19,1.0,D_min;budget,2.9122056620270507,0.0,-0.0752329479055544,convex_logN_reduction_floating_point
2.053525026457146e+19,8192,exponential,0.5,0.6713607648391644,1.6754490814383751,0.5814185814185814,observed_512,direct_and_near,172,False,CYJ_v8_Q1_v2_derived_policy,no_joint_A_B_or_bridge_interval,conditional_v8_fixed_policy_feasible,8.995500841659087e+18,0.2216174794579018,10.000000000000002,2.931717257678239,3.0954585185540067,2.8937828218652757,-0.06737146220598264,0.9348478761773423,1.3297048767474113e+19,3.630980783438264e+18,3.607220713659089e+18,2.053525026457146e+19,1.0,D_min;budget,2.8937828218652757,0.0,-0.0666810619639179,convex_logN_reduction_floating_point
2.2067340690845897e+19,8192,exponential,0.5,0.6713607648391644,1.6754490814383751,0.5814185814185814,observed_512,direct_and_near,172,False,CYJ_v8_Q1_v2_derived_policy,no_joint_A_B_or_bridge_interval,conditional_v8_fixed_policy_feasible,8.995500841659087e+18,0.2416752196426844,10.000000000000002,2.914567515957845,3.076568595424103,2.8761236173461318,-0.06737146220598264,0.9348478761773423,1.4500513178561067e+19,3.9596067986257423e+18,3.607220713659089e+18,2.2067340690845897e+19,1.0,D_min;budget,2.8761236173461318,0.0,-0.05856802828967658,convex_logN_reduction_floating_point
2.3713737056616554e+19,8192,exponential,0.5,0.6713607648391644,1.6754490814383751,0.5814185814185814,observed_512,direct_and_near,172,False,CYJ_v8_Q1_v2_derived_policy,no_joint_A_B_or_bridge_interval,conditional_v8_fixed_policy_feasible,8.995500841659087e+18,0.263229424263687,10.0,2.8981449097652225,3.0584301243614473,2.859166906196104,-0.06737146220598264,0.9348478761773423,1.579376545582122e+19,4.312750887136248e+18,3.607220713659088e+18,2.371373705661656e+19,1.0000000000000002,D_min;budget,2.859166906196104,0.0,-0.05086067048790771,convex_logN_reduction_floating_point
2.5482967479793463e+19,8192,exponential,0.5,0.6713607648391644,1.6754490814383751,0.5814185814185814,observed_512,direct_and_near,172,False,CYJ_v8_Q1_v2_derived_policy,no_joint_A_B_or_bridge_interval,conditional_v8_fixed_policy_feasible,8.995500841659087e+18,0.2863917412826557,10.0,2.8823942921339456,3.040985667187865,2.842858992456314,-0.06737146220598264,0.9348478761773423,1.7183504476959343e+19,4.692242289175031e+18,3.607220713659088e+18,2.5482967479793463e+19,1.0,D_min;budget,2.842858992456314,0.0,-0.04352923781224757,convex_logN_reduction_floating_point
2.7384196342643614e+19,8192,exponential,0.5,0.6713607648391644,1.6754490814383751,0.5814185814185814,observed_512,direct_and_near,172,False,CYJ_v8_Q1_v2_derived_policy,no_joint_A_B_or_bridge_interval,conditional_v8_fixed_policy_feasible,8.995500841659087e+18,0.31128214847329966,10.000000000000002,2.867266988066318,3.024184517514427,2.8271524733667626,-0.06737146220598264,0.9348478761773423,1.867692890839798e+19,5.100046720586542e+18,3.607220713659089e+18,2.7384196342643614e+19,1.0,D_min;budget,2.8271524733667626,0.0,-0.03654694370872613,convex_logN_reduction_floating_point
2.942727176209282e+19,8192,exponential,0.5,0.6713607648391644,1.6754490814383751,0.5814185814185814,observed_512,direct_and_near,172,False,CYJ_v8_Q1_v2_derived_policy,no_joint_A_B_or_bridge_interval,conditional_v8_fixed_policy_feasible,8.995500841659087e+18,0.3380295748904709,10.0,2.852719823799444,3.0079816938146604,2.81200529804296,-0.06737146220598264,0.9348478761773423,2.0281774493428253e+19,5.538276555005476e+18,3.607220713659088e+18,2.942727176209282e+19,1.0,D_min;budget,2.81200529804296,0.0,-0.029889582750100674,convex_logN_reduction_floating_point
3.162277660168379e+19,8192,exponential,0.5,0.6713607648391644,1.6754490814383751,0.5814185814185814,observed_512,direct_and_near,172,False,CYJ_v8_Q1_v2_derived_policy,no_joint_A_B_or_bridge_interval,conditional_v8_fixed_policy_feasible,8.995500841659087e+18,0.3667725687058115,10.0,2.8387143287354077,2.9923371112404076,2.7973799932497387,-0.06737146220598264,0.9348478761773423,2.200635412234869e+19,6.009201765676016e+18,3.607220713659088e+18,3.162277660168379e+19,1.0,D_min;budget,2.7973799932497387,0.0,-0.023535209955250852,convex_logN_reduction_floating_point
3.3982083289425592e+19,8192,exponential,0.5,0.6713607648391644,1.6754490814383751,0.5814185814185814,observed_512,direct_and_near,172,False,CYJ_v8_Q1_v2_derived_policy,no_joint_A_B_or_bridge_interval,conditional_v8_fixed_policy_feasible,8.995500841659087e+18,0.39766001486916763,10.0,2.825216074739434,2.9772148956950653,2.7832430221640796,-0.06737146220598264,0.9348478761773423,2.3859600892150055e+19,6.515261683616442e+18,3.607220713659088e+18,3.3982083289425592e+19,1.0,D_min;budget,2.7832430221640796,0.0,-0.01746387023785359,convex_logN_reduction_floating_point
3.651741272548377e+19,8192,exponential,0.5,0.6713607648391644,1.6754490814383751,0.5814185814185814,observed_512,direct_and_near,172,False,CYJ_v8_Q1_v2_derived_policy,no_joint_A_B_or_bridge_interval,conditional_v8_fixed_policy_feasible,8.995500841659087e+18,0.4308519063131635,10.0,2.8121941256155,2.9625828120476214,2.7695642498422175,-0.06737146220598264,0.9348478761773423,2.585111437878981e+19,7.059077633034871e+18,3.607220713659088e+18,3.651741272548377e+19,1.0,D_min;budget,2.7695642498422175,0.0,-0.011657368502077409,convex_logN_reduction_floating_point
3.924189758484536e+19,8192,exponential,0.5,0.6713607648391644,1.6754490814383751,0.5814185814185814,observed_512,direct_and_near,172,False,CYJ_v8_Q1_v2_derived_policy,no_joint_A_B_or_bridge_interval,conditional_v8_fixed_policy_feasible,8.995500841659087e+18,0.46652017269567275,10.0,2.7996205756212422,2.9484117846219107,2.756316494950041,-0.06737146220598264,0.9348478761773423,2.7991210361740366e+19,7.643466509445902e+18,3.607220713659088e+18,3.924189758484536e+19,1.0,D_min;budget,2.756316494950041,0.0,-0.006099072977276271,convex_logN_reduction_floating_point
4.216965034285823e+19,8192,exponential,0.5,0.6713607648391644,1.6754490814383751,0.5814185814185814,observed_512,direct_and_near,172,False,CYJ_v8_Q1_v2_derived_policy,no_joint_A_B_or_bridge_interval,conditional_v8_fixed_policy_feasible,8.995500841659087e+18,0.5048495709729673,10.0,2.787470160448872,2.934675492811741,2.7434751517247515,-0.06737146220598264,0.9348478761773423,3.029097425837804e+19,8.271455370821097e+18,3.607220713659088e+18,4.216965034285823e+19,1.0,D_min;budget,2.7434751517247515,0.0,-0.0007737459510203382,convex_logN_reduction_floating_point
4.531583637600818e+19,8192,exponential,0.5,0.6713607648391644,1.6754490814383751,0.5814185814185814,observed_512,direct_and_near,172,False,CYJ_v8_Q1_v2_derived_policy,no_joint_A_B_or_bridge_interval,conditional_v8_fixed_policy_feasible,8.995500841659087e+18,0.5244349642255925,10.377911456360478,2.77500403581526,2.9212625378124,2.7309360792303554,-0.06737146220598264,0.9348478761773423,3.2655237740116648e+19,8.917056918901186e+18,3.743541716990347e+18,4.531583637600818e+19,1.0,budget,2.7309360792303554,0.0,-8.326672684688674e-17,convex_logN_reduction_floating_point
4.869675251658631e+19,8192,exponential,0.5,0.6713607648391644,1.6754490814383751,0.5814185814185814,observed_512,direct_and_near,172,False,CYJ_v8_Q1_v2_derived_policy,no_joint_A_B_or_bridge_interval,conditional_v8_fixed_policy_feasible,8.995500841659087e+18,0.5409744776950459,10.838597792627843,2.762589085285305,2.908010386194884,2.7185473334359402,-0.06737146220598264,0.9348478761773423,3.5180428678881145e+19,9.60660239124648e+18,3.9097214464586824e+18,4.869675251658631e+19,1.0,budget,2.7185473334359402,0.0,-2.7755575615628914e-17,convex_logN_reduction_floating_point
5.2329911468149465e+19,8192,exponential,0.5,0.6713607648391644,1.6754490814383751,0.5814185814185814,observed_512,direct_and_near,172,False,CYJ_v8_Q1_v2_derived_policy,no_joint_A_B_or_bridge_interval,conditional_v8_fixed_policy_feasible,8.995500841659087e+18,0.5580886131461493,11.317937469705164,2.750330832610601,2.8949138054674233,2.7063040227576884,-0.06737146220598264,0.9348478761773423,3.789847215685556e+19,1.0348809463632026e+19,4.0826298476618793e+18,5.2329911468149465e+19,1.0,budget,2.7063040227576884,0.0,-2.7755575615628914e-17,convex_logN_reduction_floating_point
5.6234132519034905e+19,8192,exponential,0.5,0.6713607648391644,1.6754490814383751,0.5814185814185814,observed_512,direct_and_near,172,False,CYJ_v8_Q1_v2_derived_policy,no_joint_A_B_or_bridge_interval,conditional_v8_fixed_policy_feasible,8.995500841659087e+18,0.5757982294399843,11.816625938599332,2.7382268349918872,2.881970363690831,2.6942038737024165,-0.06737146220598264,0.9348478761773423,4.082395376040052e+19,1.1147660973506703e+19,4.2625177851276774e+18,5.62341325190349e+19,0.9999999999999999,budget,2.6942038737024165,0.0,-8.326672684688674e-17,convex_logN_reduction_floating_point
6.042963902381328e+19,8192,exponential,0.5,0.6713607648391644,1.6754490814383751,0.5814185814185814,observed_512,direct_and_near,172,False,CYJ_v8_Q1_v2_derived_policy,no_joint_A_B_or_bridge_interval,conditional_v8_fixed_policy_feasible,8.995500841659087e+18,0.5941249581648125,12.33538342209921,2.7262746999562957,2.8691776792727284,2.682244659843546,-0.06737146220598264,0.9348478761773423,4.397255495760968e+19,1.2007439007091284e+19,4.449645059112319e+18,6.042963902381329e+19,1.0000000000000002,budget,2.682244659843546,0.0,-5.551115123125783e-17,convex_logN_reduction_floating_point
6.493816315762113e+19,8192,exponential,0.5,0.6713607648391644,1.6754490814383751,0.5814185814185814,observed_512,direct_and_near,172,False,CYJ_v8_Q1_v2_derived_policy,no_joint_A_B_or_bridge_interval,conditional_v8_fixed_policy_feasible,8.995500841659087e+18,0.6130912330283408,12.874955793152473,2.7144720841897265,2.8565334197851233,2.6704242007157233,-0.06737146220598264,0.9348478761773423,4.736113513445538e+19,1.293274730071528e+19,4.644280722450468e+18,6.493816315762113e+19,1.0,budget,2.6704242007157233,0.0,-2.7755575615628914e-17,convex_logN_reduction_floating_point
6.978305848598663e+19,8192,exponential,0.5,0.6713607648391644,1.6754490814383751,0.5814185814185814,observed_512,direct_and_near,172,False,CYJ_v8_Q1_v2_derived_policy,no_joint_A_B_or_bridge_interval,conditional_v8_fixed_policy_feasible,8.995500841659087e+18,0.6327203204194313,13.436115483008045,2.702816692391567,2.8440353008046246,2.6587403607305924,-0.06737146220598264,0.9348478761773423,5.100781976160799e+19,1.3928535316236421e+19,4.84670340814222e+18,6.978305848598663e+19,1.0,budget,2.6587403607305924,0.0,-2.7755575615628914e-17,convex_logN_reduction_floating_point
7.498942093324558e+19,8192,exponential,0.5,0.6713607648391644,1.6754490814383751,0.5814185814185814,observed_512,direct_and_near,172,False,CYJ_v8_Q1_v2_derived_policy,no_joint_A_B_or_bridge_interval,conditional_v8_fixed_policy_feasible,8.995500841659087e+18,0.653036351187892,14.019662419964094,2.6913062761516056,2.8316810847751714,2.647191048113622,-0.06737146220598264,0.9348478761773423,5.4932095149716185e+19,1.5000124115549166e+19,5.057201667980238e+18,7.498942093324558e+19,1.0,budget,2.6471910481136223,-4.1515585466160513e-16,2.7755575615628914e-17,convex_logN_reduction_floating_point
8.058421877614818e+19,8192,exponential,0.5,0.6713607648391644,1.6754490814383751,0.5814185814185814,observed_512,direct_and_near,172,False,CYJ_v8_Q1_v2_derived_policy,no_joint_A_B_or_bridge_interval,conditional_v8_fixed_policy_feasible,8.995500841659087e+18,0.6740643536930847,14.626424999582127,2.679938632848982,2.8194685798931487,2.6357742138618576,-0.06737146220598264,0.9348478761773423,5.915491028510222e+19,1.615323416851858e+19,5.276074322527376e+18,8.058421877614818e+19,1.0,budget,2.6357742138618576,0.0,-2.7755575615628914e-17,convex_logN_reduction_floating_point
8.659643233600653e+19,8192,exponential,0.5,0.6713607648391644,1.6754490814383751,0.5814185814185814,observed_512,direct_and_near,172,False,CYJ_v8_Q1_v2_derived_policy,no_joint_A_B_or_bridge_interval,conditional_v8_fixed_policy_feasible,8.995500841659087e+18,0.695830288174258,15.25726108724896,2.6687116045730215,2.807395639014751,2.6244878507224727,-0.06737146220598264,0.9348478761773423,6.369878627454201e+19,1.7394015238701607e+19,5.503630822762923e+18,8.659643233600655e+19,1.0000000000000002,budget,2.6244878507224727,0.0,-2.7755575615628914e-17,convex_logN_reduction_floating_point
9.30572040929699e+19,8192,exponential,0.5,0.6713607648391644,1.6754490814383751,0.5814185814185814,observed_512,direct_and_near,172,False,CYJ_v8_Q1_v2_derived_policy,no_joint_A_B_or_bridge_interval,conditional_v8_fixed_policy_feasible,8.995500841659087e+18,0.7183610824977893,15.913059053990402,2.657623077065795,2.7954601585854655,2.613329992191999,-0.06737146220598264,0.9348478761773423,6.858793396725475e+19,1.8729078501991694e+19,5.740191623723447e+18,9.30572040929699e+19,1.0,budget,2.613329992191999,0.0,-2.7755575615628914e-17,convex_logN_reduction_floating_point
1e+20,8192,exponential,0.5,0.6713607648391644,1.6754490814383751,0.5814185814185814,observed_512,direct_and_near,172,False,CYJ_v8_Q1_v2_derived_policy,no_joint_A_B_or_bridge_interval,conditional_v8_fixed_policy_feasible,8.995500841659087e+18,0.7416846693389103,16.594738846462985,2.6466709786862315,2.7836600775915152,2.602298711536084,-0.06737146220598264,0.9348478761773423,7.38483803646268e+19,2.016553106490076e+19,5.98608857047244e+18,1e+20,1.0,budget,2.6022987115360845,-4.1515585466160513e-16,0.0,convex_logN_reduction_floating_point
1.0746078283213175e+20,8192,exponential,0.5,0.6713607648391644,1.6754490814383751,0.5814185814185814,observed_512,direct_and_near,172,False,CYJ_v8_Q1_v2_derived_policy,no_joint_A_B_or_bridge_interval,conditional_v8_fixed_policy_feasible,8.995500841659087e+18,0.7658300248579657,17.303253092073234,2.6358532793956204,2.7719933765331164,2.591392120829644,-0.06737146220598264,0.9348478761773423,7.95081044737567e+19,2.1711013061633827e+19,6.241665296741223e+18,1.0746078283213175e+20,1.0,budget,2.591392120829645,-8.303117093232103e-16,2.7755575615628914e-17,convex_logN_reduction_floating_point
1.1547819846894582e+20,8192,exponential,0.5,0.6713607648391644,1.6754490814383751,0.5814185814185814,observed_512,direct_and_near,172,False,CYJ_v8_Q1_v2_derived_policy,no_joint_A_B_or_bridge_interval,conditional_v8_fixed_policy_feasible,8.995500841659087e+18,0.7908272089338761,18.039588240197677,2.6251679897643236,2.7604580764193836,2.5806083700172526,-0.06737146220598264,0.9348478761773423,8.559718330987143e+19,2.337373752248222e+19,6.507277636592196e+18,1.1547819846894582e+20,1.0,budget,2.580608370017253,-4.1515585466160513e-16,-2.7755575615628914e-17,convex_logN_reduction_floating_point
1.2409377607517195e+20,8192,exponential,0.5,0.6713607648391644,1.6754490814383751,0.5814185814185814,observed_512,direct_and_near,172,False,CYJ_v8_Q1_v2_derived_policy,no_joint_A_B_or_bridge_interval,conditional_v8_fixed_policy_feasible,8.995500841659087e+18,0.8167074070201921,18.80476574050084,2.6146131599995126,2.749052237784715,2.5699456459936107,-0.06737146220598264,0.9348478761773423,9.21479488052795e+19,2.516253322042832e+19,6.783294049464141e+18,1.2409377607517195e+20,1.0,budget,2.5699456459936107,0.0,-2.7755575615628914e-17,convex_logN_reduction_floating_point
1.333521432163324e+20,8192,exponential,0.5,0.6713607648391644,1.6754490814383751,0.5814185814185814,observed_512,direct_and_near,172,False,CYJ_v8_Q1_v2_derived_policy,no_joint_A_B_or_bridge_interval,conditional_v8_fixed_policy_feasible,8.995500841659087e+18,0.8435029736919759,19.599843259373483,2.6041868789937457,2.7377739597264723,2.5594021717039253,-0.06737146220598264,0.9348478761773423,9.919515643906897e+19,2.70868907182951e+19,7.070096058968348e+18,1.3335214321633242e+20,1.0000000000000002,budget,2.5594021717039253,0.0,-2.7755575615628914e-17,convex_logN_reduction_floating_point
1.4330125702369627e+20,8192,exponential,0.5,0.6713607648391644,1.6754490814383751,0.5814185814185814,observed_512,direct_and_near,172,False,CYJ_v8_Q1_v2_derived_policy,no_joint_A_B_or_bridge_interval,conditional_v8_fixed_policy_feasible,8.995500841659087e+18,0.8712474779547401,20.425915935538004,2.593887273394187,2.7266213789637774,2.5489762052640237,-0.06737146220598264,0.9348478761773423,1.0677616646251813e+20,2.9157011855364952e+19,7.368078705813194e+18,1.4330125702369629e+20,1.0000000000000002,budget,2.5489762052640237,0.0,-2.7755575615628914e-17,convex_logN_reduction_floating_point
1.539926526059492e+20,8192,exponential,0.5,0.6713607648391644,1.6754490814383751,0.5814185814185814,observed_512,direct_and_near,172,False,CYJ_v8_Q1_v2_derived_policy,no_joint_A_B_or_bridge_interval,conditional_v8_fixed_policy_feasible,8.995500841659087e+18,0.8999757503897843,21.284117675893913,2.583712506692261,2.715592668917214,2.5386660391000184,-0.06737146220598264,0.9348478761773423,1.1493113866048256e+20,3.138386293022244e+19,7.677651015244205e+18,1.539926526059492e+20,1.0,budget,2.5386660391000184,0.0,-2.7755575615628914e-17,convex_logN_reduction_floating_point
1.6548170999431814e+20,8192,exponential,0.5,0.6713607648391644,1.6754490814383751,0.5814185814185814,observed_512,direct_and_near,172,False,CYJ_v8_Q1_v2_derived_policy,no_joint_A_B_or_bridge_interval,conditional_v8_fixed_policy_feasible,8.995500841659087e+18,0.9297239322135473,22.175622492701724,2.573660778333537,2.704686038809241,2.528469999107328,-0.06737146220598264,0.9348478761773423,1.23703241659187e+20,3.377923185573533e+19,7.999236479395803e+18,1.6548170999431814e+20,1.0,budget,2.528469999107328,0.0,-2.7755575615628914e-17,convex_logN_reduction_floating_point
1.778279410038923e+20,8192,exponential,0.5,0.6713607648391644,1.6754490814383751,0.5814185814185814,observed_512,direct_and_near,172,False,CYJ_v8_Q1_v2_derived_policy,no_joint_A_B_or_bridge_interval,conditional_v8_fixed_policy_feasible,8.995500841659087e+18,0.9605295263320097,23.10164588323019,2.563730322847624,2.6938997327850926,2.5183864438288537,-0.06737146220598264,0.9348478761773423,1.331388778662535e+20,3.635578958267829e+19,8.333273554960514e+18,1.778279410038923e+20,1.0,budget,2.5183864438288537,0.0,-2.7755575615628914e-17,convex_logN_reduction_floating_point
1.9109529749704406e+20,8192,exponential,0.5,0.6713607648391644,1.6754490814383751,0.5814185814185814,observed_512,direct_and_near,172,False,CYJ_v8_Q1_v2_derived_policy,no_joint_A_B_or_bridge_interval,conditional_v8_fixed_policy_feasible,8.995500841659087e+18,0.9924314504747549,24.06344625301803,2.553919408997849,2.6832320290539493,2.5084137636521056,-0.06737146220598264,0.9348478761773423,1.4328792520982394e+20,3.912715611062925e+19,8.68021617659088e+18,1.9109529749704406e+20,1.0,budget,2.5084137636521056,0.0,-2.7755575615628914e-17,convex_logN_reduction_floating_point
2.053525026457146e+20,8192,exponential,0.5,0.6713607648391644,1.6754490814383751,0.5814185814185814,observed_512,direct_and_near,172,False,CYJ_v8_Q1_v2_derived_policy,no_joint_A_B_or_bridge_interval,conditional_v8_fixed_policy_feasible,8.995500841659087e+18,1.02547009249706,25.06232638392814,2.5442263389504887,2.6726812390501324,2.498550380025044,-0.06737146220598264,0.9348478761773423,1.5420399693070978e+20,4.2107971428545815e+19,9.040534286459026e+18,2.0535250264571458e+20,0.9999999999999999,budget,2.498550380025044,0.0,-2.7755575615628914e-17,convex_logN_reduction_floating_point
2.20673406908459e+20,8192,exponential,0.5,0.6713607648391644,1.6754490814383751,0.5814185814185814,observed_512,direct_and_near,172,False,CYJ_v8_Q1_v2_derived_policy,no_joint_A_B_or_bridge_interval,conditional_v8_fixed_policy_feasible,8.995500841659087e+18,1.0596873679423089,26.099634948198787,2.534649447463317,2.662245706614098,2.4887947446904373,-0.06737146220598264,0.9348478761773423,1.6594472077507124e+20,4.531397175297945e+19,9.41471438040833e+18,2.20673406908459e+20,1.0,budget,2.4887947446904373,0.0,-2.7755575615628914e-17,convex_logN_reduction_floating_point
2.3713737056616553e+20,8192,exponential,0.5,0.6713607648391644,1.6754490814383751,0.5814185814185814,observed_512,direct_and_near,172,False,CYJ_v8_Q1_v2_derived_policy,no_joint_A_B_or_bridge_interval,conditional_v8_fixed_policy_feasible,8.995500841659087e+18,1.0951267799611126,27.17676806972395,2.5251871010932194,2.6519238071929654,2.4791453389384754,-0.06737146220598264,0.9348478761773423,1.7857203903568062e+20,4.876207145934319e+19,9.803260071141714e+18,2.3713737056616553e+20,1.0,budget,2.4791453389384754,0.0,-5.551115123125783e-17,convex_logN_reduction_floating_point
2.5482967479793464e+20,8192,exponential,0.5,0.6713607648391644,1.6754490814383751,0.5814185814185814,observed_512,direct_and_near,172,False,CYJ_v8_Q1_v2_derived_policy,no_joint_A_B_or_bridge_interval,conditional_v8_fixed_policy_feasible,8.995500841659087e+18,1.1318334816878572,28.295170933821254,2.5158376974226204,2.6417139470603277,2.4696006728774114,-0.06737146220598264,0.9348478761773423,1.9215253099787983e+20,5.2470451131154375e+19,1.0206692668900458e+19,2.5482967479793464e+20,1.0,budget,2.4696006728774114,0.0,-2.7755575615628914e-17,convex_logN_reduction_floating_point
2.7384196342643612e+20,8192,exponential,0.5,0.6713607648391644,1.6754490814383751,0.5814185814185814,observed_512,direct_and_near,172,False,CYJ_v8_Q1_v2_derived_policy,no_joint_A_B_or_bridge_interval,conditional_v8_fixed_policy_feasible,8.995500841659087e+18,1.1698543411798805,29.456339446773526,2.506599664304472,2.6316145625550798,2.460159284721982,-0.06737146220598264,0.9348478761773423,2.06757759462457e+20,5.64586521838816e+19,1.0625551780097475e+19,2.738419634264361e+20,0.9999999999999999,budget,2.460159284721982,0.0,-5.551115123125783e-17,convex_logN_reduction_floating_point
2.942727176209282e+20,8192,exponential,0.5,0.6713607648391644,1.6754490814383751,0.5814185814185814,observed_512,direct_and_near,172,False,CYJ_v8_Q1_v2_derived_policy,no_joint_A_B_or_bridge_interval,conditional_v8_fixed_policy_feasible,8.995500841659087e+18,1.2092380090292185,30.661821946456815,2.4974714591255283,2.621624119338984,2.450819740099345,-0.06737146220598264,0.9348478761773423,2.22464643142451e+20,6.074767855409863e+19,1.1060395924378583e+19,2.942727176209282e+20,1.0,budget,2.450819740099345,0.0,-2.7755575615628914e-17,convex_logN_reduction_floating_point
3.1622776601683794e+20,8192,exponential,0.5,0.6713607648391644,1.6754490814383751,0.5814185814185814,observed_512,direct_and_near,172,False,CYJ_v8_Q1_v2_derived_policy,no_joint_A_B_or_bridge_interval,conditional_v8_fixed_policy_feasible,8.995500841659087e+18,1.2500349887617934,31.913220965394757,2.4884515680876453,2.6117411116727056,2.44158063137228,-0.06737146220598264,0.9348478761773423,2.393558568649792e+20,6.536010598126365e+19,1.1511803170595144e+19,3.1622776601683794e+20,1.0,budget,2.44158063137228,0.0,-5.551115123125783e-17,convex_logN_reduction_floating_point
3.3982083289425596e+20,8192,exponential,0.5,0.6713607648391644,1.6754490814383751,0.5814185814185814,observed_512,direct_and_near,172,False,CYJ_v8_Q1_v2_derived_policy,no_joint_A_B_or_bridge_interval,conditional_v8_fixed_policy_feasible,8.995500841659087e+18,1.292297710144122,33.2121950476057,2.4795385055068193,2.601964061710012,2.432440576979376,-0.06737146220598264,0.9348478761773423,2.5752026165328475e+20,7.032019944879029e+19,1.1980371792180904e+19,3.3982083289425596e+20,1.0,budget,2.432440576979376,0.0,-5.551115123125783e-17,convex_logN_reduction_floating_point
3.651741272548377e+20,8192,exponential,0.5,0.6713607648391644,1.6754490814383751,0.5814185814185814,observed_512,direct_and_near,172,False,CYJ_v8_Q1_v2_derived_policy,no_joint_A_B_or_bridge_interval,conditional_v8_fixed_policy_feasible,8.995500841659087e+18,1.336080605523014,34.56046062063605,2.470730813129691,2.5922915188098647,2.423398220791939,-0.06737146220598264,0.9348478761773423,2.770533669190422e+20,7.565403939335979e+19,1.2466720942435758e+19,3.651741272548377e+20,1.0,budget,2.423398220791939,0.0,-2.7755575615628914e-17,convex_logN_reduction_floating_point
3.924189758484536e+20,8192,exponential,0.5,0.6713607648391644,1.6754490814383751,0.5814185814185814,observed_512,direct_and_near,172,False,CYJ_v8_Q1_v2_derived_policy,no_joint_A_B_or_bridge_interval,conditional_v8_fixed_policy_feasible,8.995500841659087e+18,1.3814401893294563,35.95979392419904,2.462027059467225,2.5827220588660933,2.4144522314873402,-0.06737146220598264,0.9348478761773423,2.980578271613625e+20,8.138965733686274e+19,1.29714913502283e+19,3.924189758484536e+20,1.0,budget,2.4144522314873402,0.0,-2.7755575615628914e-17,convex_logN_reduction_floating_point
4.216965034285823e+20,8192,exponential,0.5,0.6713607648391644,1.6754490814383751,0.5814185814185814,observed_512,direct_and_near,172,False,CYJ_v8_Q1_v2_derived_policy,no_joint_A_B_or_bridge_interval,conditional_v8_fixed_policy_feasible,8.995500841659087e+18,1.4284351408838298,37.412032996864106,2.4534258391452743,2.5732542836543484,2.405601301938516,-0.06737146220598264,0.9348478761773423,3.206439757477564e+20,8.755718164418734e+19,1.3495346036638548e+19,4.2169650342858234e+20,1.0000000000000002,budget,2.405601301938516,0.0,-2.7755575615628914e-17,convex_logN_reduction_floating_point
4.5315836376008176e+20,8192,exponential,0.5,0.6713607648391644,1.6754490814383751,0.5814185814185814,observed_512,direct_and_near,172,False,CYJ_v8_Q1_v2_derived_policy,no_joint_A_B_or_bridge_interval,conditional_v8_fixed_policy_feasible,8.995500841659087e+18,1.4771263906458216,38.91907972226837,2.4449257722717346,2.5638868201960303,2.3968441486193384,-0.06737146220598264,0.9348478761773423,3.449303985444676e+20,9.418899416254261e+19,1.4038971053071585e+19,4.531583637600818e+20,1.0000000000000002,budget,2.3968441486193384,0.0,-2.7755575615628914e-17,convex_logN_reduction_floating_point
4.8696752516586314e+20,8192,exponential,0.5,0.6713607648391644,1.6754490814383751,0.5814185814185814,observed_512,direct_and_near,172,False,CYJ_v8_Q1_v2_derived_policy,no_joint_A_B_or_bridge_interval,conditional_v8_fixed_policy_feasible,8.995500841659087e+18,1.5275772100590028,40.48290193634551,2.4365255038199995,2.554618320138888,2.3881795110255695,-0.06737146220598264,0.9348478761773423,3.710445503700893e+20,1.0131989855439238e+20,1.4603076241381513e+19,4.869675251658632e+20,1.0000000000000002,budget,2.38817951102557,-4.1515585466160513e-16,-2.7755575615628914e-17,convex_logN_reduction_floating_point
5.232991146814947e+20,8192,exponential,0.5,0.6713607648391644,1.6754490814383751,0.5814185814185814,observed_512,direct_and_near,172,False,CYJ_v8_Q1_v2_derived_policy,no_joint_A_B_or_bridge_interval,conditional_v8_fixed_policy_feasible,8.995500841659087e+18,1.5798533051468433,42.10553559709284,2.4282237030283995,2.5454474591539595,2.3796061511110915,-0.06737146220598264,0.9348478761773423,3.9912341746827107e+20,1.0898730119666924e+20,1.5188396016554336e+19,5.232991146814947e+20,1.0,budget,2.3796061511110915,0.0,-1.3877787807814457e-17,convex_logN_reduction_floating_point
5.6234132519034906e+20,8192,exponential,0.5,0.6713607648391644,1.6754490814383751,0.5814185814185814,observed_512,direct_and_near,172,False,CYJ_v8_Q1_v2_derived_policy,no_joint_A_B_or_bridge_interval,conditional_v8_fixed_policy_feasible,8.995500841659087e+18,1.6340229140241775,43.78908701842075,2.4200190628153364,2.536372936348547,2.371122852739129,-0.06737146220598264,0.9348478761773423,4.29314229433789e+20,1.172314055840533e+20,1.5795690172506761e+19,5.6234132519034906e+20,1.0,budget,2.371122852739129,0.0,-1.3877787807814457e-17,convex_logN_reduction_floating_point
6.042963902381328e+20,8192,exponential,0.5,0.6713607648391644,1.6754490814383751,0.5814185814185814,observed_512,direct_and_near,172,False,CYJ_v8_Q1_v2_derived_policy,no_joint_A_B_or_bridge_interval,conditional_v8_fixed_policy_feasible,8.995500841659087e+18,1.6901569084956496,45.535735169651964,2.4119102992098025,2.527393473694908,2.3627284211481605,-0.06737146220598264,0.9348478761773423,4.617752242824935e+20,1.260954212440729e+20,1.642574471156632e+19,6.042963902381328e+20,1.0,budget,2.3627284211481605,0.0,-1.3877787807814457e-17,convex_logN_reduction_floating_point
6.493816315762113e+20,8192,exponential,0.5,0.6713607648391644,1.6754490814383751,0.5814185814185814,observed_512,direct_and_near,172,False,CYJ_v8_Q1_v2_derived_policy,no_joint_A_B_or_bridge_interval,conditional_v8_fixed_policy_feasible,8.995500841659087e+18,1.7483288999205795,47.34773404226062,2.4038961507969816,2.518507815474338,2.3544216824322226,-0.06737146220598264,0.9348478761773423,4.966764706310261e+20,1.3562578824697884e+20,1.7079372698206405e+19,6.493816315762112e+20,0.9999999999999998,budget,2.3544216824322226,0.0,-1.3877787807814457e-17,convex_logN_reduction_floating_point
6.978305848598663e+20,8192,exponential,0.5,0.6713607648391644,1.6754490814383751,0.5814185814185814,observed_512,direct_and_near,172,False,CYJ_v8_Q1_v2_derived_policy,no_joint_A_B_or_bridge_interval,conditional_v8_fixed_policy_feasible,8.995500841659087e+18,1.8086153495320068,49.22741508546207,2.39597537817861,2.5097147277363168,2.346201483035293,-0.06737146220598264,0.9348478761773423,5.3420075124810095e+20,1.4587241847414812e+20,1.7757415137617265e+19,6.978305848598663e+20,1.0,budget,2.346201483035293,0.0,-2.7755575615628914e-17,convex_logN_reduction_floating_point
7.498942093324558e+20,8192,exponential,0.5,0.6713607648391644,1.6754490814383751,0.5814185814185814,observed_512,direct_and_near,172,False,CYJ_v8_Q1_v2_derived_policy,no_joint_A_B_or_bridge_interval,conditional_v8_fixed_policy_feasible,8.995500841659087e+18,1.8710956834063213,51.177189712286015,2.3881467634478137,2.501012997772411,2.338066689259467,-0.06737146220598264,0.9348478761773423,5.7454451255714854e+20,1.5688895489560537e+20,1.846074187970189e+19,7.498942093324558e+20,1.0,budget,2.338066689259467,0.0,-2.7755575615628914e-17,convex_logN_reduction_floating_point
8.058421877614818e+20,8192,exponential,0.5,0.6713607648391644,1.6754490814383751,0.5814185814185814,observed_512,direct_and_near,172,False,CYJ_v8_Q1_v2_derived_policy,no_joint_A_B_or_bridge_interval,conditional_v8_fixed_policy_feasible,8.995500841659087e+18,1.9358524122890615,53.199551877783605,2.3804091096780895,2.492401433604594,2.3300161867866183,-0.06737146220598264,0.9348478761773423,6.179188850118268e+20,1.6873305020056283e+20,1.9190252549092225e+19,8.05842187761482e+20,1.0000000000000002,budget,2.3300161867866183,0.0,-4.163336342344337e-17,convex_logN_reduction_floating_point
8.659643233600653e+20,8192,exponential,0.5,0.6713607648391644,1.6754490814383751,0.5814185814185814,observed_512,direct_and_near,172,False,CYJ_v8_Q1_v2_derived_policy,no_joint_A_B_or_bridge_interval,conditional_v8_fixed_policy_feasible,8.995500841659087e+18,2.002971256491991,55.29708073103864,2.372761240426133,2.483878863487666,2.3220488802132353,-0.06737146220598264,0.9348478761773423,6.64550779633125e+20,1.8146666622515203e+20,1.994687750178814e+19,8.659643233600653e+20,1.0,budget,2.3220488802132353,0.0,-4.163336342344337e-17,convex_logN_reduction_floating_point
9.30572040929699e+20,8192,exponential,0.5,0.6713607648391644,1.6754490814383751,0.5814185814185814,observed_512,direct_and_near,172,False,CYJ_v8_Q1_v2_derived_policy,no_joint_A_B_or_bridge_interval,conditional_v8_fixed_policy_feasible,8.995500841659087e+18,2.072541276086607,57.47244334266996,2.3652019992482054,2.4754441354254553,2.3141636925981444,-0.06737146220598264,0.9348478761773423,7.146840663913946e+20,1.9515639572927683e+20,2.0731578809027744e+19,9.305720409296992e+20,1.0000000000000002,budget,2.3141636925981444,0.0,-2.7755575615628914e-17,convex_logN_reduction_floating_point
1e+21,8192,exponential,0.5,0.6713607648391644,1.6754490814383751,0.5814185814185814,observed_512,direct_and_near,172,False,CYJ_v8_Q1_v2_derived_policy,no_joint_A_B_or_bridge_interval,conditional_v8_fixed_policy_feasible,8.995500841659087e+18,2.144655006629798,59.72839750952669,2.357730249229728,2.467096116700475,2.3063595650228077,-0.06737146220598264,0.9348478761773423,7.685808405406869e+20,2.0987380819031025e+20,2.1545351269002854e+19,1.0000000000000001e+21,1.0000000000000002,budget,2.3063595650228077,0.0,-1.3877787807814457e-17,convex_logN_reduction_floating_point
1.0746078283213176e+21,8192,exponential,0.5,0.6713607648391644,1.6754490814383751,0.5814185814185814,observed_512,direct_and_near,172,False,CYJ_v8_Q1_v2_derived_policy,no_joint_A_B_or_bridge_interval,conditional_v8_fixed_policy_feasible,8.995500841659087e+18,2.219408600668338,62.06779463829467,2.3503448725278,2.4588336934167145,2.298635456163906,-0.06737146220598264,0.9348478761773423,8.26522783468484e+20,2.2569582140579404e+20,2.23892234470395e+19,1.0746078283213174e+21,0.9999999999999999,budget,2.298635456163906,0.0,-4.163336342344337e-17,convex_logN_reduction_floating_point
1.1547819846894581e+21,8192,exponential,0.5,0.6713607648391644,1.6754490814383751,0.5814185814185814,observed_512,direct_and_near,172,False,CYJ_v8_Q1_v2_derived_policy,no_joint_A_B_or_bridge_interval,conditional_v8_fixed_policy_feasible,8.995500841659087e+18,2.2969019752806017,64.49358270974213,2.3430447699263364,2.4506557700552545,2.290990341877904,-0.06737146220598264,0.9348478761773423,8.888126251135773e+20,2.4270510083101416e+20,2.3264258744866742e+19,1.1547819846894582e+21,1.0000000000000002,budget,2.290990341877904,0.0,-1.3877787807814457e-17,convex_logN_reduction_floating_point
1.2409377607517195e+21,8192,exponential,0.5,0.6713607648391644,1.6754490814383751,0.5814185814185814,observed_512,direct_and_near,172,False,CYJ_v8_Q1_v2_derived_policy,no_joint_A_B_or_bridge_interval,conditional_v8_fixed_policy_feasible,8.995500841659087e+18,2.3772389659259505,67.00880932534635,2.3358288604035216,2.4425612690423804,2.2834232147973035,-0.06737146220598264,0.9348478761773423,9.557757155310932e+20,2.609904887210239e+20,2.417155649960216e+19,1.2409377607517195e+21,1.0,budget,2.2834232147973035,0.0,-1.3877787807814457e-17,convex_logN_reduction_floating_point
1.333521432163324e+21,8192,exponential,0.5,0.6713607648391644,1.6754490814383751,0.5814185814185814,observed_512,direct_and_near,172,False,CYJ_v8_Q1_v2_derived_policy,no_joint_A_B_or_bridge_interval,conditional_v8_fixed_policy_feasible,8.995500841659087e+18,2.4605274868850695,69.61662483805088,2.3286960807112846,2.434549130329895,2.2759330839382983,-0.06737146220598264,0.9348478761773423,1.0277617137491403e+21,2.8064746530109856e+20,2.5112253113085088e+19,1.333521432163324e+21,1.0,budget,2.2759330839382983,0.0,-1.3877787807814457e-17,convex_logN_reduction_floating_point
1.4330125702369627e+21,8192,exponential,0.5,0.6713607648391644,1.6754490814383751,0.5814185814185814,observed_512,direct_and_near,172,False,CYJ_v8_Q1_v2_derived_policy,no_joint_A_B_or_bridge_interval,conditional_v8_fixed_policy_feasible,8.995500841659087e+18,2.546879698587942,72.32028556890944,2.3216453849664864,2.4266183109873007,2.2685189743195275,-0.06737146220598264,0.9348478761773423,1.1051464026692278e+21,3.017786443555438e+20,2.6087523212191056e+19,1.4330125702369625e+21,0.9999999999999998,budget,2.2685189743195275,0.0,-4.163336342344337e-17,convex_logN_reduction_floating_point
1.539926526059492e+21,8192,exponential,0.5,0.6713607648391644,1.6754490814383751,0.5814185814185814,observed_512,direct_and_near,172,False,CYJ_v8_Q1_v2_derived_policy,no_joint_A_B_or_bridge_interval,conditional_v8_fixed_policy_feasible,8.995500841659087e+18,2.6364121821401567,75.12315711138035,2.3146757442535413,2.4187677848055666,2.261179926591659,-0.06737146220598264,0.9348478761773423,1.1883336394156325e+21,3.244943058030954e+20,2.7098580840763724e+19,1.5399265260594916e+21,0.9999999999999998,budget,2.261179926591659,0.0,-1.3877787807814457e-17,convex_logN_reduction_floating_point
1.6548170999431815e+21,8192,exponential,0.5,0.6713607648391644,1.6754490814383751,0.5814185814185814,observed_512,direct_and_near,172,False,CYJ_v8_Q1_v2_derived_policy,no_joint_A_B_or_bridge_interval,conditional_v8_fixed_policy_feasible,8.995500841659087e+18,2.729246121373096,78.02871772503524,2.3077861462381652,2.4109965419121613,2.2539149966775005,-0.06737146220598264,0.9348478761773423,1.2777574512406113e+21,3.489129680187696e+20,2.8146680683800515e+19,1.6548170999431813e+21,0.9999999999999999,budget,2.2539149966775005,0.0,-1.3877787807814457e-17,convex_logN_reduction_floating_point
1.7782794100389228e+21,8192,exponential,0.5,0.6713607648391644,1.6754490814383751,0.5814185814185814,observed_512,direct_and_near,172,False,CYJ_v8_Q1_v2_derived_policy,no_joint_A_B_or_bridge_interval,conditional_v8_fixed_policy_feasible,8.995500841659087e+18,2.82550749275902,81.04056182044782,2.3009755947919777,2.4033035883970606,2.2467232554223777,-0.06737146220598264,0.9348478761773423,1.3738842878464552e+21,3.751620028679387e+20,2.9233119324528923e+19,1.7782794100389228e+21,1.0,budget,2.2467232554223777,0.0,-1.3877787807814457e-17,convex_logN_reduction_floating_point
1.9109529749704406e+21,8192,exponential,0.5,0.6713607648391644,1.6754490814383751,0.5814185814185814,observed_512,direct_and_near,172,False,CYJ_v8_Q1_v2_derived_policy,no_joint_A_B_or_bridge_interval,conditional_v8_fixed_policy_feasible,8.995500841659087e+18,2.9253272635483536,84.16240353702698,2.2942431096276596,2.3956879459494305,2.2396037882544846,-0.06737146220598264,0.9348478761773423,1.4772154417957403e+21,4.033782966396902e+20,3.035923653500986e+19,1.9109529749704404e+21,0.9999999999999999,budget,2.2396037882544846,0.0,-1.3877787807814457e-17,convex_logN_reduction_floating_point
2.053525026457146e+21,8192,exponential,0.5,0.6713607648391644,1.6754490814383751,0.5814185814185814,observed_512,direct_and_near,172,False,CYJ_v8_Q1_v2_derived_policy,no_joint_A_B_or_bridge_interval,conditional_v8_fixed_policy_feasible,8.995500841659087e+18,3.0288415985036083,87.3980804155523,2.2875877259444,2.388148651504699,2.232555694854952,-0.06737146220598264,0.9348478761773423,1.58828964955193e+21,4.3370896030431366e+20,3.152641660090229e+19,2.053525026457146e+21,1.0,budget,2.232555694854952,0.0,-4.163336342344337e-17,convex_logN_reduction_floating_point
2.20673406908459e+21,8192,exponential,0.5,0.6713607648391644,1.6754490814383751,0.5814185814185814,observed_512,direct_and_near,172,False,CYJ_v8_Q1_v2_derived_policy,no_joint_A_B_or_bridge_interval,conditional_v8_fixed_policy_feasible,8.995500841659087e+18,3.136192075622335,90.75155716716358,2.2810084940833444,2.3806847569017258,2.225578088837351,-0.06737146220598264,0.9348478761773423,1.7076858866282746e+21,4.663120927752942e+20,3.2736089681020932e+19,2.2067340690845897e+21,0.9999999999999999,budget,2.225578088837351,0.0,-1.3877787807814457e-17,convex_logN_reduction_floating_point
2.3713737056616553e+21,8192,exponential,0.5,0.6713607648391644,1.6754490814383751,0.5814185814185814,observed_512,direct_and_near,172,False,CYJ_v8_Q1_v2_derived_policy,no_joint_A_B_or_bridge_interval,conditional_v8_fixed_policy_feasible,8.995500841659087e+18,3.2475259112603916,94.22692954054466,2.27450447919278,2.373295328549794,2.218670097436383,-0.06737146220598264,0.9348478761773423,1.836026371328556e+21,5.013576011307844e+20,3.398973320231481e+19,2.3713737056616553e+21,1.0,budget,2.218670097436383,0.0,-2.7755575615628914e-17,convex_logN_reduction_floating_point
2.5482967479793463e+21,8192,exponential,0.5,0.6713607648391644,1.6754490814383751,0.5814185814185814,observed_512,direct_and_near,172,False,CYJ_v8_Q1_v2_derived_policy,no_joint_A_B_or_bridge_interval,conditional_v8_fixed_policy_feasible,8.995500841659087e+18,3.3629961950866276,97.82842828902835,2.268074760902789,2.3659794471051407,2.2118308612054833,-0.06737146220598264,0.9348478761773423,1.973979792643844e+21,5.390280820446124e+20,3.5288873290889576e+19,2.5482967479793463e+21,1.0,budget,2.2118308612054833,0.0,-1.3877787807814457e-17,convex_logN_reduction_floating_point
2.7384196342643614e+21,8192,exponential,0.5,0.6713607648391644,1.6754490814383751,0.5814185814185814,observed_512,direct_and_near,172,False,CYJ_v8_Q1_v2_derived_policy,no_joint_A_B_or_bridge_interval,conditional_v8_fixed_policy_feasible,8.995500841659087e+18,3.482762135320956,101.56042323933175,2.261718433009104,2.358736207156758,2.205059533723095,-0.06737146220598264,0.9348478761773423,2.1222647790306908e+21,5.7951976899398055e+20,3.6635086239690134e+19,2.7384196342643614e+21,1.0,budget,2.2050595337230954,-4.1515585466160513e-16,0.0,convex_logN_reduction_floating_point
2.9427271762092816e+21,8192,exponential,0.5,0.6713607648391644,1.6754490814383751,0.5814185814185814,observed_512,direct_and_near,172,False,CYJ_v8_Q1_v2_derived_policy,no_joint_A_B_or_bridge_interval,conditional_v8_fixed_policy_feasible,8.995500841659087e+18,3.6069893147296725,105.42742746360953,2.2554346031659116,2.3515647169212013,2.198355281307358,-0.06737146220598264,0.9348478761773423,2.2816536260440634e+21,6.230435501517655e+20,3.803000001345233e+19,2.9427271762092816e+21,1.0,budget,2.1983552813073586,-4.1515585466160513e-16,-1.3877787807814457e-17,convex_logN_reduction_floating_point
3.1622776601683794e+21,8192,exponential,0.5,0.6713607648391644,1.6754490814383751,0.5814185814185814,observed_512,direct_and_near,172,False,CYJ_v8_Q1_v2_derived_policy,no_joint_A_B_or_bridge_interval,conditional_v8_fixed_policy_feasible,8.995500841659087e+18,3.735849957874894,109.43410155648996,2.24922239258735,2.3444640979461364,2.191717282738974,-0.06737146220598264,0.9348478761773423,2.4529763021393394e+21,6.698260622375155e+20,3.947529579152428e+19,3.1622776601683794e+21,1.0,budget,2.191717282738974,0.0,-1.3877787807814457e-17,convex_logN_reduction_floating_point
3.3982083289425594e+21,8192,exponential,0.5,0.6713607648391644,1.6754490814383751,0.5814185814185814,observed_512,direct_and_near,172,False,CYJ_v8_Q1_v2_derived_policy,no_joint_A_B_or_bridge_interval,conditional_v8_fixed_policy_feasible,8.995500841659087e+18,3.8695232101392203,113.58525801872628,2.2430809357574466,2.3374334848223737,2.1851447289920003,-0.06737146220598264,0.9348478761773423,2.6371247533986797e+21,7.201108659947328e+20,4.0972709549146145e+19,3.3982083289425594e+21,1.0,budget,2.1851447289920003,0.0,-2.7755575615628914e-17,convex_logN_reduction_floating_point
3.651741272548377e+21,8192,exponential,0.5,0.6713607648391644,1.6754490814383751,0.5814185814185814,observed_512,direct_and_near,172,False,CYJ_v8_Q1_v2_derived_policy,no_joint_A_B_or_bridge_interval,conditional_v8_fixed_policy_feasible,8.995500841659087e+18,4.00819542907213,117.8858657490664,2.237009380148265,2.33047202490414,2.178636822972346,-0.06737146220598264,0.9348478761773423,2.8350575294857116e+21,7.741597093848984e+20,4.252403367776667e+19,3.651741272548377e+21,1.0,budget,2.1786368229723463,-4.1515585466160513e-16,0.0,convex_logN_reduction_floating_point
3.924189758484536e+21,8192,exponential,0.5,0.6713607648391644,1.6754490814383751,0.5814185814185814,observed_512,direct_and_near,172,False,CYJ_v8_Q1_v2_derived_policy,no_joint_A_B_or_bridge_interval,conditional_v8_fixed_policy_feasible,8.995500841659087e+18,4.152060488631358,122.34105464590382,2.2310068859460044,2.323578878037338,2.1721927792637374,-0.06737146220598264,0.9348478761773423,3.0478047547964827e+21,8.322538850430929e+20,4.4131118644960264e+19,3.924189758484536e+21,1.0,budget,2.1721927792637374,0.0,-2.7755575615628914e-17,convex_logN_reduction_floating_point
4.2169650342858226e+21,8192,exponential,0.5,0.6713607648391644,1.6754490814383751,0.5814185814185814,observed_512,direct_and_near,172,False,CYJ_v8_Q1_v2_derived_policy,no_joint_A_B_or_bridge_interval,conditional_v8_fixed_policy_feasible,8.995500841659087e+18,4.301320096920731,126.9561203202297,2.225072625784838,2.3167532162955573,2.165811823880929,-0.06737146220598264,0.9348478761773423,3.276473470562942e+21,8.946956890283873e+20,4.57958746944928e+19,4.216965034285822e+21,0.9999999999999999,budget,2.165811823880929,0.0,-1.3877787807814457e-17,convex_logN_reduction_floating_point
4.5315836376008176e+21,8192,exponential,0.5,0.6713607648391644,1.6754490814383751,0.5814185814185814,observed_512,direct_and_near,172,False,CYJ_v8_Q1_v2_derived_policy,no_joint_A_B_or_bridge_interval,conditional_v8_fixed_policy_feasible,8.995500841659087e+18,4.456184128055303,131.73652892136224,2.2192057844882482,2.3099942237236046,2.1594931940299404,-0.06737146220598264,0.9348478761773423,3.5222533755868367e+21,9.618099884269121e+20,4.752027358706874e+19,4.5315836376008176e+21,1.0,budget,2.1594931940299404,0.0,-4.163336342344337e-17,convex_logN_reduction_floating_point
4.869675251658631e+21,8192,exponential,0.5,0.6713607648391644,1.6754490814383751,0.5814185814185814,observed_512,direct_and_near,172,False,CYJ_v8_Q1_v2_derived_policy,no_joint_A_B_or_bridge_interval,conditional_v8_fixed_policy_feasible,8.995500841659087e+18,4.616870968816014,136.68792207687116,2.213405558817637,2.3033010960883162,2.153236137875107,-0.06737146220598264,0.9348478761773423,3.786422995346952e+21,1.0339459059294076e+21,4.93063503822709e+19,4.86967525165863e+21,0.9999999999999998,budget,2.153236137875107,0.0,-1.3877787807814457e-17,convex_logN_reduction_floating_point
5.232991146814947e+21,8192,exponential,0.5,0.6713607648391644,1.6754490814383751,0.5814185814185814,observed_512,direct_and_near,172,False,CYJ_v8_Q1_v2_derived_policy,no_joint_A_B_or_bridge_interval,conditional_v8_fixed_policy_feasible,8.995500841659087e+18,4.783607880788571,141.81612194806212,2.2076711572280034,2.296673040636439,2.147039914312734,-0.06737146220598264,0.9348478761773423,4.070356311441738e+21,1.1114786301110239e+21,5.115620526218529e+19,5.232991146814947e+21,1.0,budget,2.147039914312734,0.0,-1.3877787807814457e-17,convex_logN_reduction_floating_point
5.623413251903491e+21,8192,exponential,0.5,0.6713607648391644,1.6754490814383751,0.5814185814185814,observed_512,direct_and_near,172,False,CYJ_v8_Q1_v2_derived_policy,no_joint_A_B_or_bridge_interval,conditional_v8_fixed_policy_feasible,8.995500841659087e+18,4.956631378715848,147.1271364023177,2.202001799630464,2.2901092758593578,2.140903792751152,-0.06737146220598264,0.9348478761773423,4.375529885714007e+21,1.194811360792305e+21,5.307200539717864e+19,5.623413251903491e+21,1.0,budget,2.140903792751152,0.0,-1.3877787807814457e-17,convex_logN_reduction_floating_point
6.042963902381328e+21,8192,exponential,0.5,0.6713607648391644,1.6754490814383751,0.5814185814185814,observed_512,direct_and_near,172,False,CYJ_v8_Q1_v2_derived_policy,no_joint_A_B_or_bridge_interval,conditional_v8_fixed_policy_feasible,8.995500841659087e+18,5.136187625829234,152.62716430352427,2.196396717161414,2.283609031264456,2.134827052896975,-0.06737146220598264,0.9348478761773423,4.7035305159670004e+21,1.2843773995600556e+21,5.505598685427217e+19,6.042963902381328e+21,1.0,budget,2.134827052896975,0.0,-1.3877787807814457e-17,convex_logN_reduction_floating_point
6.493816315762113e+21,8192,exponential,0.5,0.6713607648391644,1.6754490814383751,0.5814185814185814,observed_512,direct_and_near,172,False,CYJ_v8_Q1_v2_derived_policy,no_joint_A_B_or_bridge_interval,conditional_v8_fixed_policy_feasible,8.995500841659087e+18,5.322532846962506,158.3226009217356,2.1908551519581256,2.277171547152905,2.1288089845473657,-0.06737146220598264,0.9348478761773423,5.056063462934846e+21,1.3806423962787418e+21,5.711045654852661e+19,6.493816315762113e+21,1.0,budget,2.1288089845473657,0.0,-1.3877787807814457e-17,convex_logN_reduction_floating_point
6.978305848598664e+21,8192,exponential,0.5,0.6713607648391644,1.6754490814383751,0.5814185814185814,observed_512,direct_and_near,172,False,CYJ_v8_Q1_v2_derived_policy,no_joint_A_B_or_bridge_interval,conditional_v8_fixed_policy_feasible,8.995500841659087e+18,5.515933760291946,164.2200434631407,2.18537635694059,2.2707960744036795,2.122848887388126,-0.06737146220598264,0.9348478761773423,5.434961291129692e+21,1.4841067632311479e+21,5.923779423782369e+19,6.978305848598664e+21,1.0,budget,2.122848887388126,0.0,-1.3877787807814457e-17,convex_logN_reduction_floating_point
7.498942093324559e+21,8192,exponential,0.5,0.6713607648391644,1.6754490814383751,0.5814185814185814,observed_512,direct_and_near,172,False,CYJ_v8_Q1_v2_derived_policy,no_joint_A_B_or_bridge_interval,conditional_v8_fixed_policy_feasible,8.995500841659087e+18,5.716668028588532,170.3262967213163,2.1799595955994016,2.2644818742636046,2.116946070797418,-0.06737146220598264,0.9348478761773423,5.842193369367796e+21,1.5953082693953659e+21,6.144045456139762e+19,7.498942093324559e+21,1.0,budget,2.116946070797418,0.0,-2.7755575615628914e-17,convex_logN_reduction_floating_point
8.058421877614818e+21,8192,exponential,0.5,0.6713607648391644,1.6754490814383751,0.5814185814185814,observed_512,direct_and_near,172,False,CYJ_v8_Q1_v2_derived_policy,no_joint_A_B_or_bridge_interval,conditional_v8_fixed_policy_feasible,8.995500841659087e+18,5.925024730912704,176.64837885063966,2.1746041417895072,2.258228218143243,2.1110998536549546,-0.06737146220598264,0.9348478761773423,6.27987608019406e+21,1.7148248282983246e+21,6.372096912243253e+19,8.058421877614818e+21,1.0,budget,2.1110998536549546,0.0,-2.7755575615628914e-17,convex_logN_reduction_floating_point
8.659643233600654e+21,8192,exponential,0.5,0.6713607648391644,1.6754490814383751,0.5814185814185814,observed_512,direct_and_near,172,False,CYJ_v8_Q1_v2_derived_policy,no_joint_A_B_or_bridge_interval,conditional_v8_fixed_policy_feasible,8.995500841659087e+18,6.1413048557287135,183.1935272626422,2.169309279529635,2.252034387418437,2.105309564156468,-0.06737146220598264,0.9348478761773423,6.75028379109681e+21,1.8432774938888356e+21,6.608194861500738e+19,8.659643233600653e+21,0.9999999999999999,budget,2.105309564156468,0.0,-1.3877787807814457e-17,convex_logN_reduction_floating_point
9.30572040929699e+21,8192,exponential,0.5,0.6713607648391644,1.6754490814383751,0.5814185814185814,observed_512,direct_and_near,172,False,CYJ_v8_Q1_v2_derived_policy,no_joint_A_B_or_bridge_interval,conditional_v8_fixed_policy_feasible,8.995500841659087e+18,6.365821816465107,189.96920464596036,2.16407430280722,2.2458996732373238,2.0995745396332994,-0.06737146220598264,0.9348478761773423,7.255860644350673e+21,1.9813336799506905e+21,6.852608499562505e+19,9.30572040929699e+21,1.0,budget,2.0995745396332994,0.0,-1.3877787807814457e-17,convex_logN_reduction_floating_point
1e+22,8192,exponential,0.5,0.6713607648391644,1.6754490814383751,0.5814185814185814,observed_512,direct_and_near,172,False,CYJ_v8_Q1_v2_derived_policy,no_joint_A_B_or_bridge_interval,conditional_v8_fixed_policy_feasible,8.995500841659087e+18,6.598901990599592,196.9831051104279,2.1588985153886635,2.2398233763326556,2.0938941263769473,-0.06737146220598264,0.9348478761773423,7.799233226566149e+21,2.1297106197343298e+21,7.105615369952209e+19,1.0000000000000002e+22,1.0000000000000002,budget,2.0938941263769473,0.0,-2.7755575615628914e-17,convex_logN_reduction_floating_point
1.0746078283213176e+22,8192,exponential,0.5,0.6713607648391644,1.6754490814383751,0.5814185814185814,observed_512,direct_and_near,172,False,CYJ_v8_Q1_v2_derived_policy,no_joint_A_B_or_bridge_interval,conditional_v8_fixed_policy_feasible,8.995500841659087e+18,6.840885283401352,204.24316045571592,2.153781230634751,2.233804806839243,2.0882676794684047,-0.06737146220598264,0.9348478761773423,8.383224183581329e+21,2.2891790837299416e+21,7.367501590190552e+19,1.0746078283213176e+22,1.0,budget,2.0882676794684047,0.0,-1.3877787807814457e-17,convex_logN_reduction_floating_point
1.154781984689458e+22,8192,exponential,0.5,0.6713607648391644,1.6754490814383751,0.5814185814185814,observed_512,direct_and_near,172,False,CYJ_v8_Q1_v2_derived_policy,no_joint_A_B_or_bridge_interval,conditional_v8_fixed_policy_feasible,8.995500841659087e+18,7.092125717521212,211.75754656479558,2.1487217713210702,2.2278432841163713,2.0826945626121454,-0.06737146220598264,0.9348478761773423,9.010866851228293e+21,2.4605673748420724e+21,7.638562082421595e+19,1.154781984689458e+22,1.0,budget,2.082694562612146,-4.1515585466160513e-16,-1.3877787807814457e-17,convex_logN_reduction_floating_point
1.2409377607517196e+22,8192,exponential,0.5,0.6713607648391644,1.6754490814383751,0.5814185814185814,observed_512,direct_and_near,172,False,CYJ_v8_Q1_v2_derived_policy,no_joint_A_B_or_bridge_interval,conditional_v8_fixed_policy_feasible,8.995500841659087e+18,7.352992049681049,219.53468992233994,2.143719469463272,2.2219381365750164,2.0771741479745955,-0.06737146220598264,0.9348478761773423,9.68542097776896e+21,2.644765621662777e+21,7.919100808545896e+19,1.2409377607517196e+22,1.0,budget,2.0771741479745955,0.0,-1.3877787807814457e-17,convex_logN_reduction_floating_point
1.3335214321633241e+22,8192,exponential,0.5,0.6713607648391644,1.6754490814383751,0.5814185814185814,observed_512,direct_and_near,172,False,CYJ_v8_Q1_v2_derived_policy,no_joint_A_B_or_bridge_interval,conditional_v8_fixed_policy_feasible,8.995500841659087e+18,7.623868415777354,227.58327425803415,2.138773666147014,2.2160887015097144,2.071705816026961,-0.06737146220598264,0.9348478761773423,1.041038961945013e+22,2.8427303920845157e+21,8.20943100985938e+19,1.3335214321633241e+22,1.0,budget,2.071705816026961,0.0,-2.7755575615628914e-17,convex_logN_reduction_floating_point
1.4330125702369628e+22,8192,exponential,0.5,0.6713607648391644,1.6754490814383751,0.5814185814185814,observed_512,direct_and_near,172,False,CYJ_v8_Q1_v2_derived_policy,no_joint_A_B_or_bridge_interval,conditional_v8_fixed_policy_feasible,8.995500841659087e+18,7.90515500578154,235.9122473145838,2.133883711362443,2.210294324934929,2.0662889553922508,-0.06737146220598264,0.9348478761773423,1.118953729670433e+22,3.055489651153395e+21,8.509875451190323e+19,1.4330125702369628e+22,1.0,budget,2.0662889553922508,0.0,-1.3877787807814457e-17,convex_logN_reduction_floating_point
1.539926526059492e+22,8192,exponential,0.5,0.6713607648391644,1.6754490814383751,0.5814185814185814,observed_512,direct_and_near,172,False,CYJ_v8_Q1_v2_derived_policy,no_joint_A_B_or_bridge_interval,conditional_v8_fixed_policy_feasible,8.995500841659087e+18,8.197268769890258,244.53082774004253,2.1290489638430787,2.2045543614257763,2.060922962696384,-0.06737146220598264,0.9348478761773423,1.2026909505053188e+22,3.2841480888465244e+21,8.820766669520837e+19,1.5399265260594923e+22,1.0000000000000002,budget,2.0609229626963845,-4.1515585466160513e-16,-4.163336342344337e-17,convex_logN_reduction_floating_point
1.6548170999431814e+22,8192,exponential,0.5,0.6713607648391644,1.6754490814383751,0.5814185814185814,observed_512,direct_and_near,172,False,CYJ_v8_Q1_v2_derived_policy,no_joint_A_B_or_bridge_interval,conditional_v8_fixed_policy_feasible,8.995500841659087e+18,8.500644157454065,253.4485121038796,2.1242687909089386,2.1988681739629583,2.0556072424232226,-0.06737146220598264,0.9348478761773423,1.2926853681787622e+22,3.529892845373473e+21,9.142447227071906e+19,1.6548170999431814e+22,1.0,budget,2.0556072424232226,0.0,-1.3877787807814457e-17,convex_logN_reduction_floating_point
1.7782794100389228e+22,8192,exponential,0.5,0.6713607648391644,1.6754490814383751,0.5814185814185814,observed_512,direct_and_near,172,False,CYJ_v8_Q1_v2_derived_policy,no_joint_A_B_or_bridge_interval,conditional_v8_fixed_policy_feasible,8.995500841659087e+18,8.815733890291376,262.6750820360179,2.1195425683137907,2.193235133781776,2.0503412067734224,-0.06737146220598264,0.9348478761773423,1.3894041737039943e+22,3.7939996636610403e+21,9.47526996882424e+19,1.7782794100389228e+22,1.0,budget,2.0503412067734224,0.0,-2.7755575615628914e-17,convex_logN_reduction_floating_point
1.9109529749704407e+22,8192,exponential,0.5,0.6713607648391644,1.6754490814383751,0.5814185814185814,observed_512,direct_and_near,172,False,CYJ_v8_Q1_v2_derived_policy,no_joint_A_B_or_bridge_interval,conditional_v8_fixed_policy_feasible,8.995500841659087e+18,9.143009772078042,272.2206114878477,2.1148696800963855,2.187654620225083,2.045124275526969,-0.06737146220598264,0.9348478761773423,1.493349426596671e+22,4.077839500893309e+21,9.819598284439074e+19,1.9109529749704407e+22,1.0,budget,2.045124275526969,0.0,-2.7755575615628914e-17,convex_logN_reduction_floating_point
2.053525026457146e+22,8192,exponential,0.5,0.6713607648391644,1.6754490814383751,0.5814185814185814,observed_512,direct_and_near,172,False,CYJ_v8_Q1_v2_derived_policy,no_joint_A_B_or_bridge_interval,conditional_v8_fixed_policy_feasible,8.995500841659087e+18,9.482963535590192,282.0954741140115,2.1102495184355514,2.1821260206000583,2.03995587590928,-0.06737146220598264,0.9348478761773423,1.6050606567469187e+22,4.3828856333569197e+21,1.0175806374535433e+20,2.0535250264571465e+22,1.0000000000000002,budget,2.03995587590928,0.0,-1.3877787807814457e-17,convex_logN_reduction_floating_point
2.20673406908459e+22,8192,exponential,0.5,0.6713607648391644,1.6754490814383751,0.5814185814185814,observed_512,direct_and_near,172,False,CYJ_v8_Q1_v2_derived_policy,no_joint_A_B_or_bridge_interval,conditional_v8_fixed_policy_feasible,8.995500841659087e+18,9.836107729670957,292.31035077350106,2.105681483509019,2.176648730038668,2.034835442460758,-0.06737146220598264,0.9348478761773423,1.7251176604236375e+22,4.7107212913968126e+21,1.0544279521271269e+20,2.20673406908459e+22,1.0,budget,2.034835442460758,0.0,-1.3877787807814457e-17,convex_logN_reduction_floating_point
2.371373705661655e+22,8192,exponential,0.5,0.6713607648391644,1.6754490814383751,0.5814185814185814,observed_512,direct_and_near,172,False,CYJ_v8_Q1_v2_derived_policy,no_joint_A_B_or_bridge_interval,conditional_v8_fixed_policy_feasible,8.995500841659087e+18,10.304942288299523,299.893,2.101317936391857,2.1712240484727787,2.0297641904199484,-0.06737146220598264,0.9348478761773423,1.854228034599005e+22,5.06327868647835e+21,1.0817802414813648e+20,2.371373705661654e+22,0.9999999999999994,D_max;budget,2.0297641904199484,0.0,-0.07453557377909228,convex_logN_reduction_floating_point
2.5482967479793465e+22,8192,exponential,0.5,0.6713607648391644,1.6754490814383751,0.5814185814185814,observed_512,direct_and_near,172,False,CYJ_v8_Q1_v2_derived_policy,no_joint_A_B_or_bridge_interval,conditional_v8_fixed_policy_feasible,8.995500841659087e+18,11.077294994730446,299.893,2.0974305193257594,2.1658850281516764,2.024773018611898,-0.06737146220598264,0.9348478761773423,1.993201936712818e+22,5.442770088517137e+21,1.0817802414813648e+20,2.5482967479793457e+22,0.9999999999999997,D_max;budget,2.024773018611898,0.0,-0.07321390863269948,convex_logN_reduction_floating_point
2.7384196342643614e+22,8192,exponential,0.5,0.6713607648391644,1.6754490814383751,0.5814185814185814,observed_512,direct_and_near,172,False,CYJ_v8_Q1_v2_derived_policy,no_joint_A_B_or_bridge_interval,conditional_v8_fixed_policy_feasible,8.995500841659087e+18,11.90727125928627,299.893,2.093638609790761,2.160641960786259,2.019871548220683,-0.06737146220598264,0.9348478761773423,2.1425443798566824e+22,5.850574519928647e+21,1.0817802414813648e+20,2.7384196342643606e+22,0.9999999999999997,D_max;budget,2.019871548220683,0.0,-0.07192471465493226,convex_logN_reduction_floating_point
2.942727176209282e+22,8192,exponential,0.5,0.6713607648391644,1.6754490814383751,0.5814185814185814,observed_512,direct_and_near,172,False,CYJ_v8_Q1_v2_derived_policy,no_joint_A_B_or_bridge_interval,conditional_v8_fixed_policy_feasible,8.995500841659087e+18,11.965825,299.893,2.093384524595647,2.1602893513304946,2.0195419120198412,-0.06737146220598264,0.9348478761773423,2.1530802940349996e+22,5.87934458957824e+21,1.0817802414813648e+20,2.7518325554076375e+22,0.9351300309641521,N_max;D_max,2.0195419120198412,0.0,-0.0718383293916875,convex_logN_reduction_floating_point
3.1622776601683792e+22,8192,exponential,0.5,0.6713607648391644,1.6754490814383751,0.5814185814185814,observed_512,direct_and_near,172,False,CYJ_v8_Q1_v2_derived_policy,no_joint_A_B_or_bridge_interval,conditional_v8_fixed_policy_feasible,8.995500841659087e+18,11.965825,299.893,2.093384524595647,2.1602893513304946,2.0195419120198412,-0.06737146220598264,0.9348478761773423,2.1530802940349996e+22,5.87934458957824e+21,1.0817802414813648e+20,2.7518325554076375e+22,0.8702058614489636,N_max;D_max,2.0195419120198412,0.0,-0.0718383293916875,convex_logN_reduction_floating_point
3.3982083289425593e+22,8192,exponential,0.5,0.6713607648391644,1.6754490814383751,0.5814185814185814,observed_512,direct_and_near,172,False,CYJ_v8_Q1_v2_derived_policy,no_joint_A_B_or_bridge_interval,conditional_v8_fixed_policy_feasible,8.995500841659087e+18,11.965825,299.893,2.093384524595647,2.1602893513304946,2.0195419120198412,-0.06737146220598264,0.9348478761773423,2.1530802940349996e+22,5.87934458957824e+21,1.0817802414813648e+20,2.7518325554076375e+22,0.809789244517549,N_max;D_max,2.0195419120198412,0.0,-0.0718383293916875,convex_logN_reduction_floating_point
3.651741272548377e+22,8192,exponential,0.5,0.6713607648391644,1.6754490814383751,0.5814185814185814,observed_512,direct_and_near,172,False,CYJ_v8_Q1_v2_derived_policy,no_joint_A_B_or_bridge_interval,conditional_v8_fixed_policy_feasible,8.995500841659087e+18,11.965825,299.893,2.093384524595647,2.1602893513304946,2.0195419120198412,-0.06737146220598264,0.9348478761773423,2.1530802940349996e+22,5.87934458957824e+21,1.0817802414813648e+20,2.7518325554076375e+22,0.7535672299936146,N_max;D_max,2.0195419120198412,0.0,-0.0718383293916875,convex_logN_reduction_floating_point
3.924189758484536e+22,8192,exponential,0.5,0.6713607648391644,1.6754490814383751,0.5814185814185814,observed_512,direct_and_near,172,False,CYJ_v8_Q1_v2_derived_policy,no_joint_A_B_or_bridge_interval,conditional_v8_fixed_policy_feasible,8.995500841659087e+18,11.965825,299.893,2.093384524595647,2.1602893513304946,2.0195419120198412,-0.06737146220598264,0.9348478761773423,2.1530802940349996e+22,5.87934458957824e+21,1.0817802414813648e+20,2.7518325554076375e+22,0.7012485951928977,N_max;D_max,2.0195419120198412,0.0,-0.0718383293916875,convex_logN_reduction_floating_point
4.2169650342858225e+22,8192,exponential,0.5,0.6713607648391644,1.6754490814383751,0.5814185814185814,observed_512,direct_and_near,172,False,CYJ_v8_Q1_v2_derived_policy,no_joint_A_B_or_bridge_interval,conditional_v8_fixed_policy_feasible,8.995500841659087e+18,11.965825,299.893,2.093384524595647,2.1602893513304946,2.0195419120198412,-0.06737146220598264,0.9348478761773423,2.1530802940349996e+22,5.87934458957824e+21,1.0817802414813648e+20,2.7518325554076375e+22,0.6525623364277392,N_max;D_max,2.0195419120198412,0.0,-0.0718383293916875,convex_logN_reduction_floating_point
4.531583637600818e+22,8192,exponential,0.5,0.6713607648391644,1.6754490814383751,0.5814185814185814,observed_512,direct_and_near,172,False,CYJ_v8_Q1_v2_derived_policy,no_joint_A_B_or_bridge_interval,conditional_v8_fixed_policy_feasible,8.995500841659087e+18,11.965825,299.893,2.093384524595647,2.1602893513304946,2.0195419120198412,-0.06737146220598264,0.9348478761773423,2.1530802940349996e+22,5.87934458957824e+21,1.0817802414813648e+20,2.7518325554076375e+22,0.607256265243414,N_max;D_max,2.0195419120198412,0.0,-0.0718383293916875,convex_logN_reduction_floating_point
4.869675251658631e+22,8192,exponential,0.5,0.6713607648391644,1.6754490814383751,0.5814185814185814,observed_512,direct_and_near,172,False,CYJ_v8_Q1_v2_derived_policy,no_joint_A_B_or_bridge_interval,conditional_v8_fixed_policy_feasible,8.995500841659087e+18,11.965825,299.893,2.093384524595647,2.1602893513304946,2.0195419120198412,-0.06737146220598264,0.9348478761773423,2.1530802940349996e+22,5.87934458957824e+21,1.0817802414813648e+20,2.7518325554076375e+22,0.5650957021149104,N_max;D_max,2.0195419120198412,0.0,-0.0718383293916875,convex_logN_reduction_floating_point
5.2329911468149466e+22,8192,exponential,0.5,0.6713607648391644,1.6754490814383751,0.5814185814185814,observed_512,direct_and_near,172,False,CYJ_v8_Q1_v2_derived_policy,no_joint_A_B_or_bridge_interval,conditional_v8_fixed_policy_feasible,8.995500841659087e+18,11.965825,299.893,2.093384524595647,2.1602893513304946,2.0195419120198412,-0.06737146220598264,0.9348478761773423,2.1530802940349996e+22,5.87934458957824e+21,1.0817802414813648e+20,2.7518325554076375e+22,0.5258622608376735,N_max;D_max,2.0195419120198412,0.0,-0.0718383293916875,convex_logN_reduction_floating_point
5.623413251903491e+22,8192,exponential,0.5,0.6713607648391644,1.6754490814383751,0.5814185814185814,observed_512,direct_and_near,172,False,CYJ_v8_Q1_v2_derived_policy,no_joint_A_B_or_bridge_interval,conditional_v8_fixed_policy_feasible,8.995500841659087e+18,11.965825,299.893,2.093384524595647,2.1602893513304946,2.0195419120198412,-0.06737146220598264,0.9348478761773423,2.1530802940349996e+22,5.87934458957824e+21,1.0817802414813648e+20,2.7518325554076375e+22,0.4893527173156195,N_max;D_max,2.0195419120198412,0.0,-0.0718383293916875,convex_logN_reduction_floating_point
6.042963902381329e+22,8192,exponential,0.5,0.6713607648391644,1.6754490814383751,0.5814185814185814,observed_512,direct_and_near,172,False,CYJ_v8_Q1_v2_derived_policy,no_joint_A_B_or_bridge_interval,conditional_v8_fixed_policy_feasible,8.995500841659087e+18,11.965825,299.893,2.093384524595647,2.1602893513304946,2.0195419120198412,-0.06737146220598264,0.9348478761773423,2.1530802940349996e+22,5.87934458957824e+21,1.0817802414813648e+20,2.7518325554076375e+22,0.45537795688689003,N_max;D_max,2.0195419120198412,0.0,-0.0718383293916875,convex_logN_reduction_floating_point
6.493816315762113e+22,8192,exponential,0.5,0.6713607648391644,1.6754490814383751,0.5814185814185814,observed_512,direct_and_near,172,False,CYJ_v8_Q1_v2_derived_policy,no_joint_A_B_or_bridge_interval,conditional_v8_fixed_policy_feasible,8.995500841659087e+18,11.965825,299.893,2.093384524595647,2.1602893513304946,2.0195419120198412,-0.06737146220598264,0.9348478761773423,2.1530802940349996e+22,5.87934458957824e+21,1.0817802414813648e+20,2.7518325554076375e+22,0.4237619947346298,N_max;D_max,2.0195419120198412,0.0,-0.0718383293916875,convex_logN_reduction_floating_point
6.978305848598663e+22,8192,exponential,0.5,0.6713607648391644,1.6754490814383751,0.5814185814185814,observed_512,direct_and_near,172,False,CYJ_v8_Q1_v2_derived_policy,no_joint_A_B_or_bridge_interval,conditional_v8_fixed_policy_feasible,8.995500841659087e+18,11.965825,299.893,2.093384524595647,2.1602893513304946,2.0195419120198412,-0.06737146220598264,0.9348478761773423,2.1530802940349996e+22,5.87934458957824e+21,1.0817802414813648e+20,2.7518325554076375e+22,0.3943410643086448,N_max;D_max,2.0195419120198412,0.0,-0.0718383293916875,convex_logN_reduction_floating_point
7.498942093324558e+22,8192,exponential,0.5,0.6713607648391644,1.6754490814383751,0.5814185814185814,observed_512,direct_and_near,172,False,CYJ_v8_Q1_v2_derived_policy,no_joint_A_B_or_bridge_interval,conditional_v8_fixed_policy_feasible,8.995500841659087e+18,11.965825,299.893,2.093384524595647,2.1602893513304946,2.0195419120198412,-0.06737146220598264,0.9348478761773423,2.1530802940349996e+22,5.87934458957824e+21,1.0817802414813648e+20,2.7518325554076375e+22,0.36696276903608527,N_max;D_max,2.0195419120198412,0.0,-0.0718383293916875,convex_logN_reduction_floating_point
8.058421877614818e+22,8192,exponential,0.5,0.6713607648391644,1.6754490814383751,0.5814185814185814,observed_512,direct_and_near,172,False,CYJ_v8_Q1_v2_derived_policy,no_joint_A_B_or_bridge_interval,conditional_v8_fixed_policy_feasible,8.995500841659087e+18,11.965825,299.893,2.093384524595647,2.1602893513304946,2.0195419120198412,-0.06737146220598264,0.9348478761773423,2.1530802940349996e+22,5.87934458957824e+21,1.0817802414813648e+20,2.7518325554076375e+22,0.3414852929271236,N_max;D_max,2.0195419120198412,0.0,-0.0718383293916875,convex_logN_reduction_floating_point
8.659643233600654e+22,8192,exponential,0.5,0.6713607648391644,1.6754490814383751,0.5814185814185814,observed_512,direct_and_near,172,False,CYJ_v8_Q1_v2_derived_policy,no_joint_A_B_or_bridge_interval,conditional_v8_fixed_policy_feasible,8.995500841659087e+18,11.965825,299.893,2.093384524595647,2.1602893513304946,2.0195419120198412,-0.06737146220598264,0.9348478761773423,2.1530802940349996e+22,5.87934458957824e+21,1.0817802414813648e+20,2.7518325554076375e+22,0.3177766659866695,N_max;D_max,2.0195419120198412,0.0,-0.0718383293916875,convex_logN_reduction_floating_point
9.30572040929699e+22,8192,exponential,0.5,0.6713607648391644,1.6754490814383751,0.5814185814185814,observed_512,direct_and_near,172,False,CYJ_v8_Q1_v2_derived_policy,no_joint_A_B_or_bridge_interval,conditional_v8_fixed_policy_feasible,8.995500841659087e+18,11.965825,299.893,2.093384524595647,2.1602893513304946,2.0195419120198412,-0.06737146220598264,0.9348478761773423,2.1530802940349996e+22,5.87934458957824e+21,1.0817802414813648e+20,2.7518325554076375e+22,0.2957140806270503,N_max;D_max,2.0195419120198412,0.0,-0.0718383293916875,convex_logN_reduction_floating_point
1.0000000000000001e+23,8192,exponential,0.5,0.6713607648391644,1.6754490814383751,0.5814185814185814,observed_512,direct_and_near,172,False,CYJ_v8_Q1_v2_derived_policy,no_joint_A_B_or_bridge_interval,conditional_v8_fixed_policy_feasible,8.995500841659087e+18,11.965825,299.893,2.093384524595647,2.1602893513304946,2.0195419120198412,-0.06737146220598264,0.9348478761773423,2.1530802940349996e+22,5.87934458957824e+21,1.0817802414813648e+20,2.7518325554076375e+22,0.2751832555407637,N_max;D_max,2.0195419120198412,0.0,-0.0718383293916875,convex_logN_reduction_floating_point
1.0746078283213175e+23,8192,exponential,0.5,0.6713607648391644,1.6754490814383751,0.5814185814185814,observed_512,direct_and_near,172,False,CYJ_v8_Q1_v2_derived_policy,no_joint_A_B_or_bridge_interval,conditional_v8_fixed_policy_feasible,8.995500841659087e+18,11.965825,299.893,2.093384524595647,2.1602893513304946,2.0195419120198412,-0.06737146220598264,0.9348478761773423,2.1530802940349996e+22,5.87934458957824e+21,1.0817802414813648e+20,2.7518325554076375e+22,0.25607784373824743,N_max;D_max,2.0195419120198412,0.0,-0.0718383293916875,convex_logN_reduction_floating_point
1.1547819846894582e+23,8192,exponential,0.5,0.6713607648391644,1.6754490814383751,0.5814185814185814,observed_512,direct_and_near,172,False,CYJ_v8_Q1_v2_derived_policy,no_joint_A_B_or_bridge_interval,conditional_v8_fixed_policy_feasible,8.995500841659087e+18,11.965825,299.893,2.093384524595647,2.1602893513304946,2.0195419120198412,-0.06737146220598264,0.9348478761773423,2.1530802940349996e+22,5.87934458957824e+21,1.0817802414813648e+20,2.7518325554076375e+22,0.23829888168437743,N_max;D_max,2.0195419120198412,0.0,-0.0718383293916875,convex_logN_reduction_floating_point
1.2409377607517195e+23,8192,exponential,0.5,0.6713607648391644,1.6754490814383751,0.5814185814185814,observed_512,direct_and_near,172,False,CYJ_v8_Q1_v2_derived_policy,no_joint_A_B_or_bridge_interval,conditional_v8_fixed_policy_feasible,8.995500841659087e+18,11.965825,299.893,2.093384524595647,2.1602893513304946,2.0195419120198412,-0.06737146220598264,0.9348478761773423,2.1530802940349996e+22,5.87934458957824e+21,1.0817802414813648e+20,2.7518325554076375e+22,0.221754276680296,N_max;D_max,2.0195419120198412,0.0,-0.0718383293916875,convex_logN_reduction_floating_point
1.3335214321633241e+23,8192,exponential,0.5,0.6713607648391644,1.6754490814383751,0.5814185814185814,observed_512,direct_and_near,172,False,CYJ_v8_Q1_v2_derived_policy,no_joint_A_B_or_bridge_interval,conditional_v8_fixed_policy_feasible,8.995500841659087e+18,11.965825,299.893,2.093384524595647,2.1602893513304946,2.0195419120198412,-0.06737146220598264,0.9348478761773423,2.1530802940349996e+22,5.87934458957824e+21,1.0817802414813648e+20,2.7518325554076375e+22,0.20635832983527216,N_max;D_max,2.0195419120198412,0.0,-0.0718383293916875,convex_logN_reduction_floating_point
1.4330125702369627e+23,8192,exponential,0.5,0.6713607648391644,1.6754490814383751,0.5814185814185814,observed_512,direct_and_near,172,False,CYJ_v8_Q1_v2_derived_policy,no_joint_A_B_or_bridge_interval,conditional_v8_fixed_policy_feasible,8.995500841659087e+18,11.965825,299.893,2.093384524595647,2.1602893513304946,2.0195419120198412,-0.06737146220598264,0.9348478761773423,2.1530802940349996e+22,5.87934458957824e+21,1.0817802414813648e+20,2.7518325554076375e+22,0.19203129215765322,N_max;D_max,2.0195419120198412,0.0,-0.0718383293916875,convex_logN_reduction_floating_point
1.539926526059492e+23,8192,exponential,0.5,0.6713607648391644,1.6754490814383751,0.5814185814185814,observed_512,direct_and_near,172,False,CYJ_v8_Q1_v2_derived_policy,no_joint_A_B_or_bridge_interval,conditional_v8_fixed_policy_feasible,8.995500841659087e+18,11.965825,299.893,2.093384524595647,2.1602893513304946,2.0195419120198412,-0.06737146220598264,0.9348478761773423,2.1530802940349996e+22,5.87934458957824e+21,1.0817802414813648e+20,2.7518325554076375e+22,0.17869895146551465,N_max;D_max,2.0195419120198412,0.0,-0.0718383293916875,convex_logN_reduction_floating_point
1.6548170999431815e+23,8192,exponential,0.5,0.6713607648391644,1.6754490814383751,0.5814185814185814,observed_512,direct_and_near,172,False,CYJ_v8_Q1_v2_derived_policy,no_joint_A_B_or_bridge_interval,conditional_v8_fixed_policy_feasible,8.995500841659087e+18,11.965825,299.893,2.093384524595647,2.1602893513304946,2.0195419120198412,-0.06737146220598264,0.9348478761773423,2.1530802940349996e+22,5.87934458957824e+21,1.0817802414813648e+20,2.7518325554076375e+22,0.1662922479772612,N_max;D_max,2.0195419120198412,0.0,-0.0718383293916875,convex_logN_reduction_floating_point
1.7782794100389228e+23,8192,exponential,0.5,0.6713607648391644,1.6754490814383751,0.5814185814185814,observed_512,direct_and_near,172,False,CYJ_v8_Q1_v2_derived_policy,no_joint_A_B_or_bridge_interval,conditional_v8_fixed_policy_feasible,8.995500841659087e+18,11.965825,299.893,2.093384524595647,2.1602893513304946,2.0195419120198412,-0.06737146220598264,0.9348478761773423,2.1530802940349996e+22,5.87934458957824e+21,1.0817802414813648e+20,2.7518325554076375e+22,0.15474691659098758,N_max;D_max,2.0195419120198412,0.0,-0.0718383293916875,convex_logN_reduction_floating_point
1.9109529749704405e+23,8192,exponential,0.5,0.6713607648391644,1.6754490814383751,0.5814185814185814,observed_512,direct_and_near,172,False,CYJ_v8_Q1_v2_derived_policy,no_joint_A_B_or_bridge_interval,conditional_v8_fixed_policy_feasible,8.995500841659087e+18,11.965825,299.893,2.093384524595647,2.1602893513304946,2.0195419120198412,-0.06737146220598264,0.9348478761773423,2.1530802940349996e+22,5.87934458957824e+21,1.0817802414813648e+20,2.7518325554076375e+22,0.1440031539996532,N_max;D_max,2.0195419120198412,0.0,-0.0718383293916875,convex_logN_reduction_floating_point
2.053525026457146e+23,8192,exponential,0.5,0.6713607648391644,1.6754490814383751,0.5814185814185814,observed_512,direct_and_near,172,False,CYJ_v8_Q1_v2_derived_policy,no_joint_A_B_or_bridge_interval,conditional_v8_fixed_policy_feasible,8.995500841659087e+18,11.965825,299.893,2.093384524595647,2.1602893513304946,2.0195419120198412,-0.06737146220598264,0.9348478761773423,2.1530802940349996e+22,5.87934458957824e+21,1.0817802414813648e+20,2.7518325554076375e+22,0.13400530891777102,N_max;D_max,2.0195419120198412,0.0,-0.0718383293916875,convex_logN_reduction_floating_point
2.2067340690845896e+23,8192,exponential,0.5,0.6713607648391644,1.6754490814383751,0.5814185814185814,observed_512,direct_and_near,172,False,CYJ_v8_Q1_v2_derived_policy,no_joint_A_B_or_bridge_interval,conditional_v8_fixed_policy_feasible,8.995500841659087e+18,11.965825,299.893,2.093384524595647,2.1602893513304946,2.0195419120198412,-0.06737146220598264,0.9348478761773423,2.1530802940349996e+22,5.87934458957824e+21,1.0817802414813648e+20,2.7518325554076375e+22,0.12470159381502498,N_max;D_max,2.0195419120198412,0.0,-0.0718383293916875,convex_logN_reduction_floating_point
2.371373705661655e+23,8192,exponential,0.5,0.6713607648391644,1.6754490814383751,0.5814185814185814,observed_512,direct_and_near,172,False,CYJ_v8_Q1_v2_derived_policy,no_joint_A_B_or_bridge_interval,conditional_v8_fixed_policy_feasible,8.995500841659087e+18,11.965825,299.893,2.093384524595647,2.1602893513304946,2.0195419120198412,-0.06737146220598264,0.9348478761773423,2.1530802940349996e+22,5.87934458957824e+21,1.0817802414813648e+20,2.7518325554076375e+22,0.11604381666363411,N_max;D_max,2.0195419120198412,0.0,-0.0718383293916875,convex_logN_reduction_floating_point
2.5482967479793466e+23,8192,exponential,0.5,0.6713607648391644,1.6754490814383751,0.5814185814185814,observed_512,direct_and_near,172,False,CYJ_v8_Q1_v2_derived_policy,no_joint_A_B_or_bridge_interval,conditional_v8_fixed_policy_feasible,8.995500841659087e+18,11.965825,299.893,2.093384524595647,2.1602893513304946,2.0195419120198412,-0.06737146220598264,0.9348478761773423,2.1530802940349996e+22,5.87934458957824e+21,1.0817802414813648e+20,2.7518325554076375e+22,0.1079871313099498,N_max;D_max,2.0195419120198412,0.0,-0.0718383293916875,convex_logN_reduction_floating_point
2.738419634264361e+23,8192,exponential,0.5,0.6713607648391644,1.6754490814383751,0.5814185814185814,observed_512,direct_and_near,172,False,CYJ_v8_Q1_v2_derived_policy,no_joint_A_B_or_bridge_interval,conditional_v8_fixed_policy_feasible,8.995500841659087e+18,11.965825,299.893,2.093384524595647,2.1602893513304946,2.0195419120198412,-0.06737146220598264,0.9348478761773423,2.1530802940349996e+22,5.87934458957824e+21,1.0817802414813648e+20,2.7518325554076375e+22,0.10048980517724339,N_max;D_max,2.0195419120198412,0.0,-0.0718383293916875,convex_logN_reduction_floating_point
2.942727176209282e+23,8192,exponential,0.5,0.6713607648391644,1.6754490814383751,0.5814185814185814,observed_512,direct_and_near,172,False,CYJ_v8_Q1_v2_derived_policy,no_joint_A_B_or_bridge_interval,conditional_v8_fixed_policy_feasible,8.995500841659087e+18,11.965825,299.893,2.093384524595647,2.1602893513304946,2.0195419120198412,-0.06737146220598264,0.9348478761773423,2.1530802940349996e+22,5.87934458957824e+21,1.0817802414813648e+20,2.7518325554076375e+22,0.0935130030964152,N_max;D_max,2.0195419120198412,0.0,-0.0718383293916875,convex_logN_reduction_floating_point
3.162277660168379e+23,8192,exponential,0.5,0.6713607648391644,1.6754490814383751,0.5814185814185814,observed_512,direct_and_near,172,False,CYJ_v8_Q1_v2_derived_policy,no_joint_A_B_or_bridge_interval,conditional_v8_fixed_policy_feasible,8.995500841659087e+18,11.965825,299.893,2.093384524595647,2.1602893513304946,2.0195419120198412,-0.06737146220598264,0.9348478761773423,2.1530802940349996e+22,5.87934458957824e+21,1.0817802414813648e+20,2.7518325554076375e+22,0.08702058614489636,N_max;D_max,2.0195419120198412,0.0,-0.0718383293916875,convex_logN_reduction_floating_point
3.3982083289425596e+23,8192,exponential,0.5,0.6713607648391644,1.6754490814383751,0.5814185814185814,observed_512,direct_and_near,172,False,CYJ_v8_Q1_v2_derived_policy,no_joint_A_B_or_bridge_interval,conditional_v8_fixed_policy_feasible,8.995500841659087e+18,11.965825,299.893,2.093384524595647,2.1602893513304946,2.0195419120198412,-0.06737146220598264,0.9348478761773423,2.1530802940349996e+22,5.87934458957824e+21,1.0817802414813648e+20,2.7518325554076375e+22,0.08097892445175489,N_max;D_max,2.0195419120198412,0.0,-0.0718383293916875,convex_logN_reduction_floating_point
3.651741272548377e+23,8192,exponential,0.5,0.6713607648391644,1.6754490814383751,0.5814185814185814,observed_512,direct_and_near,172,False,CYJ_v8_Q1_v2_derived_policy,no_joint_A_B_or_bridge_interval,conditional_v8_fixed_policy_feasible,8.995500841659087e+18,11.965825,299.893,2.093384524595647,2.1602893513304946,2.0195419120198412,-0.06737146220598264,0.9348478761773423,2.1530802940349996e+22,5.87934458957824e+21,1.0817802414813648e+20,2.7518325554076375e+22,0.07535672299936146,N_max;D_max,2.0195419120198412,0.0,-0.0718383293916875,convex_logN_reduction_floating_point
3.924189758484536e+23,8192,exponential,0.5,0.6713607648391644,1.6754490814383751,0.5814185814185814,observed_512,direct_and_near,172,False,CYJ_v8_Q1_v2_derived_policy,no_joint_A_B_or_bridge_interval,conditional_v8_fixed_policy_feasible,8.995500841659087e+18,11.965825,299.893,2.093384524595647,2.1602893513304946,2.0195419120198412,-0.06737146220598264,0.9348478761773423,2.1530802940349996e+22,5.87934458957824e+21,1.0817802414813648e+20,2.7518325554076375e+22,0.07012485951928978,N_max;D_max,2.0195419120198412,0.0,-0.0718383293916875,convex_logN_reduction_floating_point
4.2169650342858225e+23,8192,exponential,0.5,0.6713607648391644,1.6754490814383751,0.5814185814185814,observed_512,direct_and_near,172,False,CYJ_v8_Q1_v2_derived_policy,no_joint_A_B_or_bridge_interval,conditional_v8_fixed_policy_feasible,8.995500841659087e+18,11.965825,299.893,2.093384524595647,2.1602893513304946,2.0195419120198412,-0.06737146220598264,0.9348478761773423,2.1530802940349996e+22,5.87934458957824e+21,1.0817802414813648e+20,2.7518325554076375e+22,0.06525623364277391,N_max;D_max,2.0195419120198412,0.0,-0.0718383293916875,convex_logN_reduction_floating_point
4.531583637600818e+23,8192,exponential,0.5,0.6713607648391644,1.6754490814383751,0.5814185814185814,observed_512,direct_and_near,172,False,CYJ_v8_Q1_v2_derived_policy,no_joint_A_B_or_bridge_interval,conditional_v8_fixed_policy_feasible,8.995500841659087e+18,11.965825,299.893,2.093384524595647,2.1602893513304946,2.0195419120198412,-0.06737146220598264,0.9348478761773423,2.1530802940349996e+22,5.87934458957824e+21,1.0817802414813648e+20,2.7518325554076375e+22,0.06072562652434141,N_max;D_max,2.0195419120198412,0.0,-0.0718383293916875,convex_logN_reduction_floating_point
4.869675251658631e+23,8192,exponential,0.5,0.6713607648391644,1.6754490814383751,0.5814185814185814,observed_512,direct_and_near,172,False,CYJ_v8_Q1_v2_derived_policy,no_joint_A_B_or_bridge_interval,conditional_v8_fixed_policy_feasible,8.995500841659087e+18,11.965825,299.893,2.093384524595647,2.1602893513304946,2.0195419120198412,-0.06737146220598264,0.9348478761773423,2.1530802940349996e+22,5.87934458957824e+21,1.0817802414813648e+20,2.7518325554076375e+22,0.05650957021149105,N_max;D_max,2.0195419120198412,0.0,-0.0718383293916875,convex_logN_reduction_floating_point
5.232991146814947e+23,8192,exponential,0.5,0.6713607648391644,1.6754490814383751,0.5814185814185814,observed_512,direct_and_near,172,False,CYJ_v8_Q1_v2_derived_policy,no_joint_A_B_or_bridge_interval,conditional_v8_fixed_policy_feasible,8.995500841659087e+18,11.965825,299.893,2.093384524595647,2.1602893513304946,2.0195419120198412,-0.06737146220598264,0.9348478761773423,2.1530802940349996e+22,5.87934458957824e+21,1.0817802414813648e+20,2.7518325554076375e+22,0.05258622608376735,N_max;D_max,2.0195419120198412,0.0,-0.0718383293916875,convex_logN_reduction_floating_point
5.623413251903491e+23,8192,exponential,0.5,0.6713607648391644,1.6754490814383751,0.5814185814185814,observed_512,direct_and_near,172,False,CYJ_v8_Q1_v2_derived_policy,no_joint_A_B_or_bridge_interval,conditional_v8_fixed_policy_feasible,8.995500841659087e+18,11.965825,299.893,2.093384524595647,2.1602893513304946,2.0195419120198412,-0.06737146220598264,0.9348478761773423,2.1530802940349996e+22,5.87934458957824e+21,1.0817802414813648e+20,2.7518325554076375e+22,0.04893527173156195,N_max;D_max,2.0195419120198412,0.0,-0.0718383293916875,convex_logN_reduction_floating_point
6.042963902381328e+23,8192,exponential,0.5,0.6713607648391644,1.6754490814383751,0.5814185814185814,observed_512,direct_and_near,172,False,CYJ_v8_Q1_v2_derived_policy,no_joint_A_B_or_bridge_interval,conditional_v8_fixed_policy_feasible,8.995500841659087e+18,11.965825,299.893,2.093384524595647,2.1602893513304946,2.0195419120198412,-0.06737146220598264,0.9348478761773423,2.1530802940349996e+22,5.87934458957824e+21,1.0817802414813648e+20,2.7518325554076375e+22,0.04553779568868901,N_max;D_max,2.0195419120198412,0.0,-0.0718383293916875,convex_logN_reduction_floating_point
6.493816315762113e+23,8192,exponential,0.5,0.6713607648391644,1.6754490814383751,0.5814185814185814,observed_512,direct_and_near,172,False,CYJ_v8_Q1_v2_derived_policy,no_joint_A_B_or_bridge_interval,conditional_v8_fixed_policy_feasible,8.995500841659087e+18,11.965825,299.893,2.093384524595647,2.1602893513304946,2.0195419120198412,-0.06737146220598264,0.9348478761773423,2.1530802940349996e+22,5.87934458957824e+21,1.0817802414813648e+20,2.7518325554076375e+22,0.04237619947346298,N_max;D_max,2.0195419120198412,0.0,-0.0718383293916875,convex_logN_reduction_floating_point
6.978305848598663e+23,8192,exponential,0.5,0.6713607648391644,1.6754490814383751,0.5814185814185814,observed_512,direct_and_near,172,False,CYJ_v8_Q1_v2_derived_policy,no_joint_A_B_or_bridge_interval,conditional_v8_fixed_policy_feasible,8.995500841659087e+18,11.965825,299.893,2.093384524595647,2.1602893513304946,2.0195419120198412,-0.06737146220598264,0.9348478761773423,2.1530802940349996e+22,5.87934458957824e+21,1.0817802414813648e+20,2.7518325554076375e+22,0.03943410643086448,N_max;D_max,2.0195419120198412,0.0,-0.0718383293916875,convex_logN_reduction_floating_point
7.498942093324558e+23,8192,exponential,0.5,0.6713607648391644,1.6754490814383751,0.5814185814185814,observed_512,direct_and_near,172,False,CYJ_v8_Q1_v2_derived_policy,no_joint_A_B_or_bridge_interval,conditional_v8_fixed_policy_feasible,8.995500841659087e+18,11.965825,299.893,2.093384524595647,2.1602893513304946,2.0195419120198412,-0.06737146220598264,0.9348478761773423,2.1530802940349996e+22,5.87934458957824e+21,1.0817802414813648e+20,2.7518325554076375e+22,0.03669627690360852,N_max;D_max,2.0195419120198412,0.0,-0.0718383293916875,convex_logN_reduction_floating_point
8.058421877614818e+23,8192,exponential,0.5,0.6713607648391644,1.6754490814383751,0.5814185814185814,observed_512,direct_and_near,172,False,CYJ_v8_Q1_v2_derived_policy,no_joint_A_B_or_bridge_interval,conditional_v8_fixed_policy_feasible,8.995500841659087e+18,11.965825,299.893,2.093384524595647,2.1602893513304946,2.0195419120198412,-0.06737146220598264,0.9348478761773423,2.1530802940349996e+22,5.87934458957824e+21,1.0817802414813648e+20,2.7518325554076375e+22,0.03414852929271236,N_max;D_max,2.0195419120198412,0.0,-0.0718383293916875,convex_logN_reduction_floating_point
8.659643233600654e+23,8192,exponential,0.5,0.6713607648391644,1.6754490814383751,0.5814185814185814,observed_512,direct_and_near,172,False,CYJ_v8_Q1_v2_derived_policy,no_joint_A_B_or_bridge_interval,conditional_v8_fixed_policy_feasible,8.995500841659087e+18,11.965825,299.893,2.093384524595647,2.1602893513304946,2.0195419120198412,-0.06737146220598264,0.9348478761773423,2.1530802940349996e+22,5.87934458957824e+21,1.0817802414813648e+20,2.7518325554076375e+22,0.031777666598666945,N_max;D_max,2.0195419120198412,0.0,-0.0718383293916875,convex_logN_reduction_floating_point
9.30572040929699e+23,8192,exponential,0.5,0.6713607648391644,1.6754490814383751,0.5814185814185814,observed_512,direct_and_near,172,False,CYJ_v8_Q1_v2_derived_policy,no_joint_A_B_or_bridge_interval,conditional_v8_fixed_policy_feasible,8.995500841659087e+18,11.965825,299.893,2.093384524595647,2.1602893513304946,2.0195419120198412,-0.06737146220598264,0.9348478761773423,2.1530802940349996e+22,5.87934458957824e+21,1.0817802414813648e+20,2.7518325554076375e+22,0.02957140806270503,N_max;D_max,2.0195419120198412,0.0,-0.0718383293916875,convex_logN_reduction_floating_point
1e+24,8192,exponential,0.5,0.6713607648391644,1.6754490814383751,0.5814185814185814,observed_512,direct_and_near,172,False,CYJ_v8_Q1_v2_derived_policy,no_joint_A_B_or_bridge_interval,conditional_v8_fixed_policy_feasible,8.995500841659087e+18,11.965825,299.893,2.093384524595647,2.1602893513304946,2.0195419120198412,-0.06737146220598264,0.9348478761773423,2.1530802940349996e+22,5.87934458957824e+21,1.0817802414813648e+20,2.7518325554076375e+22,0.027518325554076375,N_max;D_max,2.0195419120198412,0.0,-0.0718383293916875,convex_logN_reduction_floating_point
1e+19,8192,power,0.5,0.6713607648391644,1.6754490814383751,0.5814185814185814,observed_512,direct_and_near,172,False,CYJ_v8_Q1_v2_derived_policy,no_joint_A_B_or_bridge_interval,infeasible_within_v8_support,1.242094387474907e+19,,,,,,,,,,,,,,,,,
1.0746078283213175e+19,8192,power,0.5,0.6713607648391644,1.6754490814383751,0.5814185814185814,observed_512,direct_and_near,172,False,CYJ_v8_Q1_v2_derived_policy,no_joint_A_B_or_bridge_interval,infeasible_within_v8_support,1.242094387474907e+19,,,,,,,,,,,,,,,,,
1.1547819846894582e+19,8192,power,0.5,0.6713607648391644,1.6754490814383751,0.5814185814185814,observed_512,direct_and_near,172,False,CYJ_v8_Q1_v2_derived_policy,no_joint_A_B_or_bridge_interval,infeasible_within_v8_support,1.242094387474907e+19,,,,,,,,,,,,,,,,,
1.2409377607517196e+19,8192,power,0.5,0.6713607648391644,1.6754490814383751,0.5814185814185814,observed_512,direct_and_near,172,False,CYJ_v8_Q1_v2_derived_policy,no_joint_A_B_or_bridge_interval,infeasible_within_v8_support,1.242094387474907e+19,,,,,,,,,,,,,,,,,
1.3335214321633241e+19,8192,power,0.5,0.6713607648391644,1.6754490814383751,0.5814185814185814,observed_512,direct_and_near,172,False,CYJ_v8_Q1_v2_derived_policy,no_joint_A_B_or_bridge_interval,conditional_v8_fixed_policy_feasible,1.242094387474907e+19,0.08251139734609567,10.0,3.167578480386684,3.351163803200664,3.132828364144526,-0.06737146220598264,0.9348478761773423,4.95068384076574e+18,1.3518667341184312e+18,7.03266374674907e+18,1.3335214321633241e+19,1.0,D_min;budget,3.132828364144526,0.0,-0.21269237610764186,convex_logN_reduction_floating_point
1.4330125702369628e+19,8192,power,0.5,0.6713607648391644,1.6754490814383751,0.5814185814185814,observed_512,direct_and_near,172,False,CYJ_v8_Q1_v2_derived_policy,no_joint_A_B_or_bridge_interval,conditional_v8_fixed_policy_feasible,1.242094387474907e+19,0.09553652539302154,10.0,3.1273929003288563,3.3080343570903636,3.0925088930476066,-0.06737146220598264,0.9348478761773423,5.732191523581293e+18,1.565270432039265e+18,7.03266374674907e+18,1.4330125702369628e+19,1.0,D_min;budget,3.0925088930476066,0.0,-0.1921776104553457,convex_logN_reduction_floating_point
1.539926526059492e+19,8192,power,0.5,0.6713607648391644,1.6754490814383751,0.5814185814185814,observed_512,direct_and_near,172,False,CYJ_v8_Q1_v2_derived_policy,no_joint_A_B_or_bridge_interval,conditional_v8_fixed_policy_feasible,1.242094387474907e+19,0.10953342995713564,10.0,3.0916710583726417,3.269566504872053,3.056547303100215,-0.06737146220598264,0.9348478761773423,6.572005797428138e+18,1.7945957164177103e+18,7.03266374674907e+18,1.5399265260594917e+19,0.9999999999999999,D_min;budget,3.056547303100215,0.0,-0.17365618871971222,convex_logN_reduction_floating_point
1.6548170999431815e+19,8192,power,0.5,0.6713607648391644,1.6754490814383751,0.5814185814185814,observed_512,direct_and_near,172,False,CYJ_v8_Q1_v2_derived_policy,no_joint_A_B_or_bridge_interval,conditional_v8_fixed_policy_feasible,1.242094387474907e+19,0.12457461317399908,10.0,3.0595348542001126,3.2348458947417376,3.024088814460308,-0.06737146220598264,0.9348478761773423,7.474476790439945e+18,2.041030462242801e+18,7.03266374674907e+18,1.6548170999431815e+19,1.0,D_min;budget,3.024088814460308,0.0,-0.1567965400706591,convex_logN_reduction_floating_point
1.7782794100389229e+19,8192,power,0.5,0.6713607648391644,1.6754490814383751,0.5814185814185814,observed_512,direct_and_near,172,False,CYJ_v8_Q1_v2_derived_policy,no_joint_A_B_or_bridge_interval,conditional_v8_fixed_policy_feasible,1.242094387474907e+19,0.1407379864060557,10.0,3.030338215948856,3.2031990160509736,2.9945037971286053,-0.06737146220598264,0.9348478761773423,8.444279184363342e+18,2.3058511692768164e+18,7.03266374674907e+18,1.7782794100389229e+19,1.0,D_min;budget,2.9945037971286053,0.0,-0.1413482731434811,convex_logN_reduction_floating_point
1.9109529749704405e+19,8192,power,0.5,0.6713607648391644,1.6754490814383751,0.5814185814185814,observed_512,direct_and_near,172,False,CYJ_v8_Q1_v2_derived_policy,no_joint_A_B_or_bridge_interval,conditional_v8_fixed_policy_feasible,1.242094387474907e+19,0.15810727381330297,10.000000000000002,3.003593062209655,3.1741165228424646,2.967316090118689,-0.06737146220598264,0.9348478761773423,9.48643642879818e+18,2.5904295741571564e+18,7.032663746749071e+18,1.910952974970441e+19,1.0000000000000002,D_min;budget,2.967316090118689,0.0,-0.12711684498684633,convex_logN_reduction_floating_point
2.053525026457146e+19,8192,power,0.5,0.6713607648391644,1.6754490814383751,0.5814185814185814,observed_512,direct_and_near,172,False,CYJ_v8_Q1_v2_derived_policy,no_joint_A_B_or_bridge_interval,conditional_v8_fixed_policy_feasible,1.242094387474907e+19,0.17677244603349382,10.0,2.9789223833027285,3.1472045959857193,2.9421575324528204,-0.06737146220598264,0.9348478761773423,1.0606346762009629e+19,2.8962397558127626e+18,7.03266374674907e+18,2.053525026457146e+19,1.0,D_min;budget,2.9421575324528204,0.0,-0.11394746122390391,convex_logN_reduction_floating_point
2.2067340690845897e+19,8192,power,0.5,0.6713607648391644,1.6754490814383751,0.5814185814185814,observed_512,direct_and_near,172,False,CYJ_v8_Q1_v2_derived_policy,no_joint_A_B_or_bridge_interval,conditional_v8_fixed_policy_feasible,1.242094387474907e+19,0.1968301862182764,10.0,2.956029394067785,3.122152936660885,2.9187380419382807,-0.06737146220598264,0.9348478761773423,1.1809811173096583e+19,3.2248657710002406e+18,7.03266374674907e+18,2.2067340690845893e+19,0.9999999999999998,D_min;budget,2.9187380419382807,0.0,-0.10171445058007109,convex_logN_reduction_floating_point
2.3713737056616554e+19,8192,power,0.5,0.6713607648391644,1.6754490814383751,0.5814185814185814,observed_512,direct_and_near,172,False,CYJ_v8_Q1_v2_derived_policy,no_joint_A_B_or_bridge_interval,conditional_v8_fixed_policy_feasible,1.242094387474907e+19,0.21838439083927896,10.0,2.934676609493518,3.098713037042216,2.896825301561958,-0.06737146220598264,0.9348478761773423,1.3103063450356738e+19,3.578009859510746e+18,7.03266374674907e+18,2.3713737056616554e+19,1.0,D_min;budget,2.896825301561958,0.0,-0.09031402260367138,convex_logN_reduction_floating_point
2.5482967479793463e+19,8192,power,0.5,0.6713607648391644,1.6754490814383751,0.5814185814185814,observed_512,direct_and_near,172,False,CYJ_v8_Q1_v2_derived_policy,no_joint_A_B_or_bridge_interval,conditional_v8_fixed_policy_feasible,1.242094387474907e+19,0.24154670785824772,10.0,2.9146712647071453,3.0766830271615966,2.876230593612895,-0.06737146220598264,0.9348478761773423,1.4492802471494863e+19,3.957501261549531e+18,7.03266374674907e+18,2.548296747979346e+19,0.9999999999999999,D_min;budget,2.876230593612895,0.0,-0.07965919128401872,convex_logN_reduction_floating_point
2.7384196342643614e+19,8192,power,0.5,0.6713607648391644,1.6754490814383751,0.5814185814185814,observed_512,direct_and_near,172,False,CYJ_v8_Q1_v2_derived_policy,no_joint_A_B_or_bridge_interval,conditional_v8_fixed_policy_feasible,1.242094387474907e+19,0.26643711504889167,10.000000000000002,2.8958549155301174,3.055896858372883,2.8567986878669025,-0.06737146220598264,0.9348478761773423,1.5986226902933504e+19,4.365305692961042e+18,7.032663746749071e+18,2.7384196342643618e+19,1.0000000000000002,D_min;budget,2.8567986878669025,0.0,-0.06967612829013195,convex_logN_reduction_floating_point
2.942727176209282e+19,8192,power,0.5,0.6713607648391644,1.6754490814383751,0.5814185814185814,observed_512,direct_and_near,172,False,CYJ_v8_Q1_v2_derived_policy,no_joint_A_B_or_bridge_interval,conditional_v8_fixed_policy_feasible,1.242094387474907e+19,0.29318454146606293,10.0,2.87809586720402,3.036216422652685,2.8384004743316305,-0.06737146220598264,0.9348478761773423,1.7591072487963775e+19,4.803535527379975e+18,7.03266374674907e+18,2.942727176209282e+19,1.0,D_min;budget,2.8384004743316305,0.0,-0.06030148545966757,convex_logN_reduction_floating_point
3.162277660168379e+19,8192,power,0.5,0.6713607648391644,1.6754490814383751,0.5814185814185814,observed_512,direct_and_near,172,False,CYJ_v8_Q1_v2_derived_policy,no_joint_A_B_or_bridge_interval,conditional_v8_fixed_policy_feasible,1.242094387474907e+19,0.32192753528140344,10.0,2.861283561203121,3.01752570592193,2.8209274974916516,-0.06737146220598264,0.9348478761773423,1.9315652116884206e+19,5.274460738050514e+18,7.03266374674907e+18,3.1622776601683796e+19,1.0000000000000002,D_min;budget,2.8209274974916516,0.0,-0.051480390186807834,convex_logN_reduction_floating_point
3.3982083289425592e+19,8192,power,0.5,0.6713607648391644,1.6754490814383751,0.5814185814185814,observed_512,direct_and_near,172,False,CYJ_v8_Q1_v2_derived_policy,no_joint_A_B_or_bridge_interval,conditional_v8_fixed_policy_feasible,1.242094387474907e+19,0.35281498144475965,10.0,2.845324345872499,2.999726379797106,2.8042878352664724,-0.06737146220598264,0.9348478761773423,2.1168898886685577e+19,5.780520655990942e+18,7.03266374674907e+18,3.3982083289425592e+19,1.0,D_min;budget,2.8042878352664724,0.0,-0.043164917970354655,convex_logN_reduction_floating_point
3.651741272548377e+19,8192,power,0.5,0.6713607648391644,1.6754490814383751,0.5814185814185814,observed_512,direct_and_near,172,False,CYJ_v8_Q1_v2_derived_policy,no_joint_A_B_or_bridge_interval,conditional_v8_fixed_policy_feasible,1.242094387474907e+19,0.3860068728887555,10.0,2.8301382431692894,2.9827344293974978,2.788402946523288,-0.06737146220598264,0.9348478761773423,2.3160412373325332e+19,6.324336605409371e+18,7.03266374674907e+18,3.6517412725483766e+19,0.9999999999999999,D_min;budget,2.788402946523288,0.0,-0.035312909838287276,convex_logN_reduction_floating_point
3.924189758484536e+19,8192,power,0.5,0.6713607648391644,1.6754490814383751,0.5814185814185814,observed_512,direct_and_near,172,False,CYJ_v8_Q1_v2_derived_policy,no_joint_A_B_or_bridge_interval,conditional_v8_fixed_policy_feasible,1.242094387474907e+19,0.42167513927126477,10.0,2.815656444351988,2.966477539792981,2.7732052278032557,-0.06737146220598264,0.9348478761773423,2.530050835627589e+19,6.908725481820402e+18,7.03266374674907e+18,3.924189758484536e+19,1.0,D_min;budget,2.7732052278032557,0.0,-0.027887043388395677,convex_logN_reduction_floating_point
4.216965034285823e+19,8192,power,0.5,0.6713607648391644,1.6754490814383751,0.5814185814185814,observed_512,direct_and_near,172,False,CYJ_v8_Q1_v2_derived_policy,no_joint_A_B_or_bridge_interval,conditional_v8_fixed_policy_feasible,1.242094387474907e+19,0.46000453754855936,10.0,2.801819347135496,2.950893046298265,2.758636097158421,-0.06737146220598264,0.9348478761773423,2.760027225291356e+19,7.536714343195597e+18,7.03266374674907e+18,4.216965034285823e+19,1.0,D_min;budget,2.758636097158421,0.0,-0.0208540933021433,convex_logN_reduction_floating_point
4.531583637600818e+19,8192,power,0.5,0.6713607648391644,1.6754490814383751,0.5814185814185814,observed_512,direct_and_near,172,False,CYJ_v8_Q1_v2_derived_policy,no_joint_A_B_or_bridge_interval,conditional_v8_fixed_policy_feasible,1.242094387474907e+19,0.5011936089921857,10.0,2.7885750005412335,2.9359263095493677,2.744644475095409,-0.06737146220598264,0.9348478761773423,3.007161653953114e+19,8.21155608972797e+18,7.03266374674907e+18,4.531583637600818e+19,1.0,D_min;budget,2.744644475095409,0.0,-0.014184335477958554,convex_logN_reduction_floating_point
4.869675251658631e+19,8192,power,0.5,0.6713607648391644,1.6754490814383751,0.5814185814185814,observed_512,direct_and_near,172,False,CYJ_v8_Q1_v2_derived_policy,no_joint_A_B_or_bridge_interval,conditional_v8_fixed_policy_feasible,1.242094387474907e+19,0.5454557076067925,10.0,2.7758778605437096,2.9215294145758937,2.7311855684059085,-0.06737146220598264,0.9348478761773423,3.272734245640755e+19,8.936746313429688e+18,7.03266374674907e+18,4.869675251658631e+19,1.0,D_min;budget,2.7311855684059085,0.0,-0.00785106149207715,convex_logN_reduction_floating_point
5.2329911468149465e+19,8192,power,0.5,0.6713607648391644,1.6754490814383751,0.5814185814185814,observed_512,direct_and_near,172,False,CYJ_v8_Q1_v2_derived_policy,no_joint_A_B_or_bridge_interval,conditional_v8_fixed_policy_feasible,1.242094387474907e+19,0.5930201052759791,10.0,2.763687785348549,2.9076601198109557,2.718219887650829,-0.06737146220598264,0.9348478761773423,3.558120631655875e+19,9.716041404841642e+18,7.03266374674907e+18,5.2329911468149465e+19,1.0,D_min;budget,2.718219887650829,0.0,-0.0018301788682463238,convex_logN_reduction_floating_point
5.6234132519034905e+19,8192,power,0.5,0.6713607648391644,1.6754490814383751,0.5814185814185814,observed_512,direct_and_near,172,False,CYJ_v8_Q1_v2_derived_policy,no_joint_A_B_or_bridge_interval,conditional_v8_fixed_policy_feasible,1.242094387474907e+19,0.6211138247629588,10.322768948241984,2.751323506908314,2.894210005999749,2.7056460773200786,-0.06737146220598264,0.9348478761773423,3.8469687021521306e+19,1.0504789202676752e+19,7.259656294836844e+18,5.6234132519034905e+19,1.0,budget,2.7056460773200786,0.0,-2.7755575615628914e-17,convex_logN_reduction_floating_point
6.042963902381328e+19,8192,power,0.5,0.6713607648391644,1.6754490814383751,0.5814185814185814,observed_512,direct_and_near,172,False,CYJ_v8_Q1_v2_derived_policy,no_joint_A_B_or_bridge_interval,conditional_v8_fixed_policy_feasible,1.242094387474907e+19,0.639761127870184,10.81027672345847,2.7388780130665795,2.880943508505007,2.6932439203128067,-0.06737146220598264,0.9348478761773423,4.1495968975131525e+19,1.1331165928142582e+19,7.602504120539171e+18,6.042963902381328e+19,1.0,budget,2.6932439203128067,0.0,-2.7755575615628914e-17,convex_logN_reduction_floating_point
6.493816315762113e+19,8192,power,0.5,0.6713607648391644,1.6754490814383751,0.5814185814185814,observed_512,direct_and_near,172,False,CYJ_v8_Q1_v2_derived_policy,no_joint_A_B_or_bridge_interval,conditional_v8_fixed_policy_feasible,1.242094387474907e+19,0.6590450982107839,11.318560461378084,2.7265992349450925,2.867842361256167,2.6809963406317423,-0.06737146220598264,0.9348478761773423,4.475665074524169e+19,1.222154943016733e+19,7.959962982212108e+18,6.493816315762113e+19,1.0,budget,2.6809963406317423,0.0,-2.7755575615628914e-17,convex_logN_reduction_floating_point
6.978305848598663e+19,8192,power,0.5,0.6713607648391644,1.6754490814383751,0.5814185814185814,observed_512,direct_and_near,172,False,CYJ_v8_Q1_v2_derived_policy,no_joint_A_B_or_bridge_interval,conditional_v8_fixed_policy_feasible,1.242094387474907e+19,0.6789889571586222,11.848410659081289,2.7144843514717216,2.8549037505969537,2.668900707936291,-0.06737146220598264,0.9348478761773423,4.826963998438025e+19,1.3180829691734766e+19,8.332588809871623e+18,6.978305848598663e+19,1.0,budget,2.668900707936291,0.0,-2.7755575615628914e-17,convex_logN_reduction_floating_point
7.498942093324558e+19,8192,power,0.5,0.6713607648391644,1.6754490814383751,0.5814185814185814,observed_512,direct_and_near,172,False,CYJ_v8_Q1_v2_derived_policy,no_joint_A_B_or_bridge_interval,conditional_v8_fixed_policy_feasible,1.242094387474907e+19,0.6996167947538686,12.40064519186237,2.702530601045246,2.842124922629651,2.6569544477510227,-0.06737146220598264,0.9348478761773423,5.205419785206434e+19,1.421426629347037e+19,8.720956787710865e+18,7.498942093324558e+19,1.0,budget,2.6569544477510236,-8.303117093232103e-16,2.7755575615628914e-17,convex_logN_reduction_floating_point
8.058421877614818e+19,8192,power,0.5,0.6713607648391644,1.6754490814383751,0.5814185814185814,observed_512,direct_and_near,172,False,CYJ_v8_Q1_v2_derived_policy,no_joint_A_B_or_bridge_interval,conditional_v8_fixed_policy_feasible,1.242094387474907e+19,0.7209536027619595,12.976110250096545,2.6907352802708324,2.829503181936331,2.6451550402702115,-0.06737146220598264,0.9348478761773423,5.613104060786097e+19,1.5327516155319902e+19,9.125662012967298e+18,8.058421877614818e+19,1.0,budget,2.6451550402702115,0.0,-2.7755575615628914e-17,convex_logN_reduction_floating_point
8.659643233600653e+19,8192,power,0.5,0.6713607648391644,1.6754490814383751,0.5814185814185814,observed_512,direct_and_near,172,False,CYJ_v8_Q1_v2_derived_policy,no_joint_A_B_or_bridge_interval,conditional_v8_fixed_policy_feasible,1.242094387474907e+19,0.7430253090434138,13.575681309790344,2.679095742716023,2.8170358903201764,2.6335000191811657,-0.06737146220598264,0.9348478761773423,6.05224488040912e+19,1.652666335343717e+19,9.547320178478148e+18,8.659643233600653e+19,1.0,budget,2.6335000191811657,0.0,-2.7755575615628914e-17,convex_logN_reduction_floating_point
9.30572040929699e+19,8192,power,0.5,0.6713607648391644,1.6754490814383751,0.5814185814185814,observed_512,direct_and_near,172,False,CYJ_v8_Q1_v2_derived_policy,no_joint_A_B_or_bridge_interval,conditional_v8_fixed_policy_feasible,1.242094387474907e+19,0.7658588132899382,14.20026413782714,2.6676093976870114,2.804720465566711,2.6219869705061667,-0.06737146220598264,0.9348478761773423,6.525238464599976e+19,1.7818251167334339e+19,9.986568279635788e+18,9.30572040929699e+19,1.0,budget,2.6219869705061667,0.0,-2.7755575615628914e-17,convex_logN_reduction_floating_point
1e+20,8192,power,0.5,0.6713607648391644,1.6754490814383751,0.5814185814185814,observed_512,direct_and_near,172,False,CYJ_v8_Q1_v2_derived_policy,no_joint_A_B_or_bridge_interval,conditional_v8_fixed_policy_feasible,1.242094387474907e+19,0.7894820241846896,14.850795832930238,2.656273709024973,2.792554380224764,2.6106135314628554,-0.06737146220598264,0.9348478761773423,7.0346618129611915e+19,1.9209316523926024e+19,1.0444065346462065e+19,1e+20,1.0,budget,2.6106135314628554,0.0,-5.551115123125783e-17,convex_logN_reduction_floating_point
1.0746078283213175e+20,8192,power,0.5,0.6713607648391644,1.6754490814383751,0.5814185814185814,observed_512,direct_and_near,172,False,CYJ_v8_Q1_v2_derived_policy,no_joint_A_B_or_bridge_interval,conditional_v8_fixed_policy_feasible,1.242094387474907e+19,0.8139238980470955,15.528245903377044,2.6450861939222543,2.7805351604070006,2.5993773893429104,-0.06737146220598264,0.9348478761773423,7.583286261306291e+19,2.070742701754038e+19,1.0920493201528451e+19,1.0746078283213175e+20,1.0,budget,2.5993773893429104,0.0,-2.7755575615628914e-17,convex_logN_reduction_floating_point
1.1547819846894582e+20,8192,power,0.5,0.6713607648391644,1.6754490814383751,0.5814185814185814,observed_512,direct_and_near,172,False,CYJ_v8_Q1_v2_derived_policy,no_joint_A_B_or_bridge_interval,conditional_v8_fixed_policy_feasible,1.242094387474907e+19,0.8392144790252679,16.233617382509333,2.6340444217582175,2.7686603846098756,2.588276280408886,-0.06737146220598264,0.9348478761773423,8.174092052614862e+19,2.232072069834032e+19,1.1416557244456892e+19,1.1547819846894584e+20,1.0000000000000002,budget,2.588276280408886,0.0,-2.7755575615628914e-17,convex_logN_reduction_floating_point
1.2409377607517195e+20,8192,power,0.5,0.6713607648391644,1.6754490814383751,0.5814185814185814,observed_512,direct_and_near,172,False,CYJ_v8_Q1_v2_derived_policy,no_joint_A_B_or_bridge_interval,conditional_v8_fixed_policy_feasible,1.242094387474907e+19,0.8653849409018252,16.967947983096163,2.6231460129545674,2.756927682552876,2.5773079888090784,-0.06737146220598264,0.9348478761773423,8.81028399754615e+19,2.405794883596602e+19,1.1932987263744438e+19,1.2409377607517195e+20,1.0,budget,2.5773079888090784,0.0,-2.7755575615628914e-17,convex_logN_reduction_floating_point
1.333521432163324e+20,8192,power,0.5,0.6713607648391644,1.6754490814383751,0.5814185814185814,observed_512,direct_and_near,172,False,CYJ_v8_Q1_v2_derived_policy,no_joint_A_B_or_bridge_interval,conditional_v8_fixed_policy_feasible,1.242094387474907e+19,0.8924676305818017,17.73231129161871,2.612388637849983,2.7453347340369216,2.566470345510305,-0.06737146220598264,0.9348478761773423,9.495308305901927e+19,2.592852188064953e+19,1.247053827666361e+19,1.333521432163324e+20,1.0,budget,2.566470345510305,0.0,-2.7755575615628914e-17,convex_logN_reduction_floating_point
1.4330125702369627e+20,8192,power,0.5,0.6713607648391644,1.6754490814383751,0.5814185814185814,observed_512,direct_and_near,172,False,CYJ_v8_Q1_v2_derived_policy,no_joint_A_B_or_bridge_interval,conditional_v8_fixed_policy_feasible,1.242094387474907e+19,0.9204961133343504,18.527818003558913,2.601770015593903,2.7338792678218193,2.5557612272484955,-0.06737146220598264,0.9348478761773423,1.0232870676505312e+20,2.7942558860643836e+19,1.302999139799935e+19,1.4330125702369627e+20,1.0,budget,2.5557612272484955,0.0,-2.7755575615628914e-17,convex_logN_reduction_floating_point
1.539926526059492e+20,8192,power,0.5,0.6713607648391644,1.6754490814383751,0.5814185814185814,observed_512,direct_and_near,172,False,CYJ_v8_Q1_v2_derived_policy,no_joint_A_B_or_bridge_interval,conditional_v8_fixed_policy_feasible,1.242094387474907e+19,0.9495052198630766,19.355617200787766,2.5912879130593027,2.7225590605226553,2.545178555496985,-0.06737146220598264,0.9348478761773423,1.102695573949172e+20,3.0110940472638726e+19,1.3612154738393283e+19,1.539926526059492e+20,1.0,budget,2.545178555496985,0.0,-2.7755575615628914e-17,convex_logN_reduction_floating_point
1.6548170999431814e+20,8192,power,0.5,0.6713607648391644,1.6754490814383751,0.5814185814185814,observed_512,direct_and_near,172,False,CYJ_v8_Q1_v2_derived_policy,no_joint_A_B_or_bridge_interval,conditional_v8_fixed_policy_feasible,1.242094387474907e+19,0.9795310952831465,20.21689767216305,2.5809401437743267,2.7113719355250323,2.5347202954524266,-0.06737146220598264,0.9348478761773423,1.18818479520247e+20,3.244536614099545e+19,1.4217864333075675e+19,1.6548170999431814e+20,1.0,budget,2.5347202954524266,0.0,-2.7755575615628914e-17,convex_logN_reduction_floating_point
1.778279410038923e+20,8192,power,0.5,0.6713607648391644,1.6754490814383751,0.5814185814185814,observed_512,direct_and_near,172,False,CYJ_v8_Q1_v2_derived_policy,no_joint_A_B_or_bridge_interval,conditional_v8_fixed_policy_feasible,1.242094387474907e+19,1.0106112500867317,21.112889278461772,2.5707245668726424,2.7003157619190574,2.524384455038233,-0.06737146220598264,0.9348478761773423,1.2802154055989405e+20,3.4958415342221734e+19,1.4847985101776523e+19,1.778279410038923e+20,1.0,budget,2.524384455038233,0.0,-2.7755575615628914e-17,convex_logN_reduction_floating_point
1.9109529749704406e+20,8192,power,0.5,0.6713607648391644,1.6754490814383751,0.5814185814185814,observed_512,direct_and_near,172,False,CYJ_v8_Q1_v2_derived_policy,no_joint_A_B_or_bridge_interval,conditional_v8_fixed_policy_feasible,1.242094387474907e+19,1.0427846131819556,22.04486436278807,2.560639086062373,2.689388453451984,2.5141690839254545,-0.06737146220598264,0.9348478761773423,1.379282721431918e+20,3.766361351323424e+19,1.5503411840618019e+19,1.9109529749704406e+20,1.0,budget,2.5141690839254545,0.0,-5.551115123125783e-17,convex_logN_reduction_floating_point
2.053525026457146e+20,8192,power,0.5,0.6713607648391644,1.6754490814383751,0.5814185814185814,observed_512,direct_and_near,172,False,CYJ_v8_Q1_v2_derived_policy,no_joint_A_B_or_bridge_interval,conditional_v8_fixed_policy_feasible,1.242094387474907e+19,1.0760915870942633,23.01413920761428,2.5506816486134936,2.6785879674994377,2.5040722725710336,-0.06737146220598264,0.9348478761773423,1.4859192951317977e+20,4.0575502885732295e+19,1.6185070246802532e+19,2.053525026457146e+20,1.0,budget,2.5040722725710336,0.0,-2.7755575615628914e-17,convex_logN_reduction_floating_point
2.20673406908459e+20,8192,power,0.5,0.6713607648391644,1.6754490814383751,0.5814185814185814,observed_512,direct_and_near,172,False,CYJ_v8_Q1_v2_derived_policy,no_joint_A_B_or_bridge_interval,conditional_v8_fixed_policy_feasible,1.242094387474907e+19,1.110574105423061,24.02207553963018,2.540850244363562,2.667912304055119,2.4940921512733283,-0.06737146220598264,0.9348478761773423,1.6006977031697986e+20,4.370971861455664e+19,1.6893917976922477e+19,2.2067340690845902e+20,1.0000000000000002,budget,2.4940921512733283,0.0,-2.7755575615628914e-17,convex_logN_reduction_floating_point
2.3713737056616553e+20,8192,power,0.5,0.6713607648391644,1.6754490814383751,0.5814185814185814,observed_512,direct_and_near,172,False,CYJ_v8_Q1_v2_derived_policy,no_joint_A_B_or_bridge_interval,conditional_v8_fixed_policy_feasible,1.242094387474907e+19,1.1462756926505835,25.070082083593693,2.5311429047416647,2.657359504738924,2.4842268892448574,-0.06737146220598264,0.9348478761773423,1.7242335423107006e+20,4.70830705953642e+19,1.7630945739731276e+19,2.3713737056616553e+20,1.0,budget,2.4842268892448574,0.0,-5.551115123125783e-17,convex_logN_reduction_floating_point
2.5482967479793464e+20,8192,power,0.5,0.6713607648391644,1.6754490814383751,0.5814185814185814,observed_512,direct_and_near,172,False,CYJ_v8_Q1_v2_derived_policy,no_joint_A_B_or_bridge_interval,conditional_v8_fixed_policy_feasible,1.242094387474907e+19,1.1832415264042628,26.159616166395377,2.521557701810457,2.6469276518233786,2.4744746937021653,-0.06737146220598264,0.9348478761773423,1.857188649772518e+20,5.071363139645488e+19,1.8397178424227965e+19,2.548296747979346e+20,0.9999999999999999,budget,2.4744746937021653,0.0,-2.7755575615628914e-17,convex_logN_reduction_floating_point
2.7384196342643612e+20,8192,power,0.5,0.6713607648391644,1.6754490814383751,0.5814185814185814,observed_512,direct_and_near,172,False,CYJ_v8_Q1_v2_derived_policy,no_joint_A_B_or_bridge_interval,conditional_v8_fixed_policy_feasible,1.242094387474907e+19,1.2215185022783446,27.292185372569012,2.512092747326183,2.6366148672783125,2.464833808972736,-0.06737146220598264,0.9348478761773423,2.0002745640122067e+20,5.462083076129332e+19,1.9193676263922135e+19,2.738419634264361e+20,0.9999999999999999,budget,2.4648338089727364,-4.1515585466160513e-16,0.0,convex_logN_reduction_floating_point
2.942727176209282e+20,8192,power,0.5,0.6713607648391644,1.6754490814383751,0.5814185814185814,observed_512,direct_and_near,172,False,CYJ_v8_Q1_v2_derived_policy,no_joint_A_B_or_bridge_interval,conditional_v8_fixed_policy_feasible,1.242094387474907e+19,1.261155301325239,28.469349252500894,2.502746191816557,2.626419311833688,2.45530251561888,-0.06737146220598264,0.9348478761773423,2.154256244104274e+20,5.882555717234071e+19,2.0021536038160077e+19,2.9427271762092815e+20,0.9999999999999999,budget,2.45530251561888,0.0,-2.7755575615628914e-17,convex_logN_reduction_floating_point
3.1622776601683794e+20,8192,power,0.5,0.6713607648391644,1.6754490814383751,0.5814185814185814,observed_512,direct_and_near,172,False,CYJ_v8_Q1_v2_derived_policy,no_joint_A_B_or_bridge_interval,conditional_v8_fixed_policy_feasible,1.242094387474907e+19,1.3022024603320244,29.692721084611627,2.493516223676376,2.6163391840604797,2.4458791295785,-0.06737146220598264,0.9348478761773423,2.31995606702003e+20,6.3350267003426955e+19,2.0881892311407993e+19,3.1622776601683794e+20,1.0,budget,2.4458791295785,0.0,-2.7755575615628914e-17,convex_logN_reduction_floating_point
3.3982083289425596e+20,8192,power,0.5,0.6713607648391644,1.6754490814383751,0.5814185814185814,observed_512,direct_and_near,172,False,CYJ_v8_Q1_v2_derived_policy,no_joint_A_B_or_bridge_interval,conditional_v8_fixed_policy_feasible,1.242094387474907e+19,1.344712445002663,30.963969692806472,2.484401068280761,2.6063727194695243,2.436562001322649,-0.06737146220598264,0.9348478761773423,2.498258123556129e+20,6.821910182723936e+19,2.17759187114037e+19,3.3982083289425596e+20,1.0,budget,2.436562001322649,0.0,-2.7755575615628914e-17,convex_logN_reduction_floating_point
3.651741272548377e+20,8192,power,0.5,0.6713607648391644,1.6754490814383751,0.5814185814185814,observed_512,direct_and_near,172,False,CYJ_v8_Q1_v2_derived_policy,no_joint_A_B_or_bridge_interval,conditional_v8_fixed_policy_feasible,1.242094387474907e+19,1.3887397261719487,32.284821320511845,2.475398987115886,2.5965181896282385,2.4273495150297966,-0.06737146220598264,0.9348478761773423,2.690112835209475e+20,7.345801448678673e+19,2.270482924710351e+19,3.651741272548377e+20,1.0,budget,2.4273495150297966,0.0,-2.7755575615628914e-17,convex_logN_reduction_floating_point
3.924189758484536e+20,8192,power,0.5,0.6713607648391644,1.6754490814383751,0.5814185814185814,observed_512,direct_and_near,172,False,CYJ_v8_Q1_v2_derived_policy,no_joint_A_B_or_bridge_interval,conditional_v8_fixed_policy_feasible,1.242094387474907e+19,1.4343408591828084,33.65706156263965,2.4665082769270814,2.5867739012950968,2.418240087776699,-0.06737146220598264,0.9348478761773423,2.8965419159595136e+20,7.909490458513446e+19,2.3669879667367743e+19,3.924189758484536e+20,1.0,budget,2.4182400877766996,-4.1515585466160513e-16,-2.7755575615628914e-17,convex_logN_reduction_floating_point
4.216965034285823e+20,8192,power,0.5,0.6713607648391644,1.6754490814383751,0.5814185814185814,observed_512,direct_and_near,172,False,CYJ_v8_Q1_v2_derived_policy,no_joint_A_B_or_bridge_interval,conditional_v8_fixed_policy_feasible,1.242094387474907e+19,1.4815745665646065,35.082537356842664,2.457727268884171,2.5771381955717607,2.4092321687457687,-0.06737146220598264,0.9348478761773423,3.118643704707047e+20,8.515976409653377e+19,2.4672368861343736e+19,4.216965034285822e+20,0.9999999999999999,budget,2.4092321687457687,0.0,-2.7755575615628914e-17,convex_logN_reduction_floating_point
4.5315836376008176e+20,8192,power,0.5,0.6713607648391644,1.6754490814383751,0.5814185814185814,observed_512,direct_and_near,172,False,CYJ_v8_Q1_v2_derived_policy,no_joint_A_B_or_bridge_interval,conditional_v8_fixed_policy_feasible,1.242094387474907e+19,1.530501824156239,36.56315903544954,2.44905432776392,2.567609447072748,2.400324238448839,-0.06737146220598264,0.9348478761773423,3.357598896040211e+20,9.168483385453804e+19,2.5713640301522665e+19,4.5315836376008176e+20,1.0,budget,2.400324238448839,0.0,-8.326672684688674e-17,convex_logN_reduction_floating_point
4.8696752516586314e+20,8192,power,0.5,0.6713607648391644,1.6754490814383751,0.5814185814185814,observed_512,direct_and_near,172,False,CYJ_v8_Q1_v2_derived_policy,no_joint_A_B_or_bridge_interval,conditional_v8_fixed_policy_feasible,1.242094387474907e+19,1.5811859508243973,38.10090243949004,2.4404878511494443,2.5581860631125135,2.39151480796721,-0.06737146220598264,0.9348478761773423,3.6146766990631594e+20,9.870477172908468e+19,2.6795083530462482e+19,4.8696752516586314e+20,1.0,budget,2.39151480796721,0.0,-2.7755575615628914e-17,convex_logN_reduction_floating_point
5.232991146814947e+20,8192,power,0.5,0.6713607648391644,1.6754490814383751,0.5814185814185814,observed_512,direct_and_near,172,False,CYJ_v8_Q1_v2_derived_policy,no_joint_A_B_or_bridge_interval,conditional_v8_fixed_policy_feasible,1.242094387474907e+19,1.6336927019341683,39.697811096246475,2.4320262686464518,2.5488664829098138,2.3828024182078518,-0.06737146220598264,0.9348478761773423,3.891241456241947e+20,1.0625683336511342e+20,2.7918135692186554e+19,5.232991146814946e+20,0.9999999999999999,budget,2.3828024182078518,0.0,-2.7755575615628914e-17,convex_logN_reduction_floating_point
5.6234132519034906e+20,8192,power,0.5,0.6713607648391644,1.6754490814383751,0.5814185814185814,observed_512,direct_and_near,172,False,CYJ_v8_Q1_v2_derived_policy,no_joint_A_B_or_bridge_interval,conditional_v8_fixed_policy_feasible,1.242094387474907e+19,1.6880903667363585,41.35599846178929,2.4236680411161524,2.539649176809221,2.3741856391756357,-0.06737146220598264,0.9348478761773423,4.188759756606609e+20,1.1438106642040449e+20,2.9084283109283586e+19,5.6234132519034906e+20,1.0,budget,2.3741856391756357,0.0,-1.3877787807814457e-17,convex_logN_reduction_floating_point
6.042963902381328e+20,8192,power,0.5,0.6713607648391644,1.6754490814383751,0.5814185814185814,observed_512,direct_and_near,172,False,CYJ_v8_Q1_v2_derived_policy,no_joint_A_B_or_bridge_interval,conditional_v8_fixed_policy_feasible,1.242094387474907e+19,1.7444498698433932,43.07765022998018,2.4154116599246964,2.530532645519636,2.3656630692614633,-0.06737146220598264,0.9348478761773423,4.5088080802108886e+20,1.23120519310292e+20,3.0295062906751836e+19,6.042963902381328e+20,1.0,budget,2.3656630692614633,0.0,-1.3877787807814457e-17,convex_logN_reduction_floating_point
6.493816315762113e+20,8192,power,0.5,0.6713607648391644,1.6754490814383751,0.5814185814185814,observed_512,direct_and_near,172,False,CYJ_v8_Q1_v2_derived_policy,no_joint_A_B_or_bridge_interval,conditional_v8_fixed_policy_feasible,1.242094387474907e+19,1.8028448769735714,44.86502670944801,2.407255646208976,2.5215154193696536,2.3572333345461414,-0.06737146220598264,0.9348478761773423,4.8530810135046475e+20,1.3252146554210025e+20,3.1552064683646374e+19,6.493816315762113e+20,1.0,budget,2.3572333345461414,0.0,-2.7755575615628914e-17,convex_logN_reduction_floating_point
6.978305848598663e+20,8192,power,0.5,0.6713607648391644,1.6754490814383751,0.5814185814185814,observed_512,direct_and_near,172,False,CYJ_v8_Q1_v2_derived_policy,no_joint_A_B_or_bridge_interval,conditional_v8_fixed_policy_feasible,1.242094387474907e+19,1.863351905151684,46.720465270066576,2.3991985501586273,2.512596057579622,2.348895088119873,-0.06737146220598264,0.9348478761773423,5.223400078233098e+20,1.426336448029518e+20,3.285693223360462e+19,6.978305848598663e+20,1.0,budget,2.348895088119873,0.0,-2.7755575615628914e-17,convex_logN_reduction_floating_point
7.498942093324558e+20,8192,power,0.5,0.6713607648391644,1.6754490814383751,0.5814185814185814,observed_512,direct_and_near,172,False,CYJ_v8_Q1_v2_derived_policy,no_joint_A_B_or_bridge_interval,conditional_v8_fixed_policy_feasible,1.242094387474907e+19,1.926050437562715,48.64638286048518,2.3912389503140616,2.503773147550215,2.340647009417178,-0.06737146220598264,0.9348478761773423,5.621723219656851e+20,1.5351052205142973e+20,3.4211365315340947e+19,7.498942093324558e+20,1.0,budget,2.340647009417178,0.0,-1.3877787807814457e-17,convex_logN_reduction_floating_point
8.058421877614818e+20,8192,power,0.5,0.6713607648391644,1.6754490814383751,0.5814185814185814,observed_512,direct_and_near,172,False,CYJ_v8_Q1_v2_derived_policy,no_joint_A_B_or_bridge_interval,conditional_v8_fixed_policy_feasible,1.242094387474907e+19,1.9910230432643958,50.645278598284904,2.3833754528803546,2.495045304167368,2.332487803567115,-0.06737146220598264,0.9348478761773423,6.050155003303824e+20,1.6520956595688305e+20,3.561712147421648e+19,8.058421877614818e+20,1.0,budget,2.332487803567115,0.0,-1.3877787807814457e-17,convex_logN_reduction_floating_point
8.659643233600653e+20,8192,power,0.5,0.6713607648391644,1.6754490814383751,0.5814185814185814,observed_512,direct_and_near,172,False,CYJ_v8_Q1_v2_derived_policy,no_joint_A_B_or_bridge_interval,conditional_v8_fixed_policy_feasible,1.242094387474907e+19,2.058355501973966,52.719736434354125,2.3756066910568037,2.4864111691233655,2.324416200758601,-0.06737146220598264,0.9348478761773423,6.510957573136211e+20,1.7779254813043946e+20,3.7076017916004835e+19,8.659643233600653e+20,1.0,budget,2.324416200758601,0.0,-1.3877787807814457e-17,convex_logN_reduction_floating_point
9.30572040929699e+20,8192,power,0.5,0.6713607648391644,1.6754490814383751,0.5814185814185814,observed_512,direct_and_near,172,False,CYJ_v8_Q1_v2_derived_policy,no_joint_A_B_or_bridge_interval,conditional_v8_fixed_policy_feasible,1.242094387474907e+19,2.12813693415447,54.87242789309728,2.3679313243819755,2.477869410253914,2.3164309556206755,-0.06737146220598264,0.9348478761773423,7.006562427961695e+20,1.913258646995407e+20,3.858993343398877e+19,9.30572040929699e+20,1.0,budget,2.3164309556206755,0.0,-1.3877787807814457e-17,convex_logN_reduction_floating_point
1e+21,8192,power,0.5,0.6713607648391644,1.6754490814383751,0.5814185814185814,observed_512,direct_and_near,172,False,CYJ_v8_Q1_v2_derived_policy,no_joint_A_B_or_bridge_interval,conditional_v8_fixed_policy_feasible,1.242094387474907e+19,2.2004599366364523,57.10611489010868,2.360348038094047,2.4694187208909923,2.3085308466175136,-0.06737146220598264,0.9348478761773423,7.53958307715855e+20,2.0588088189360947e+20,4.0160810390535455e+19,9.999999999999999e+20,0.9999999999999999,budget,2.308530846617514,-4.1515585466160513e-16,0.0,convex_logN_reduction_floating_point
1.0746078283213176e+21,8192,power,0.5,0.6713607648391644,1.6754490814383751,0.5814185814185814,observed_512,direct_and_near,172,False,CYJ_v8_Q1_v2_derived_policy,no_joint_A_B_or_bridge_interval,conditional_v8_fixed_policy_feasible,1.242094387474907e+19,2.275420724021921,59.42365262896185,2.35285554250624,2.4610578192312773,2.3007146754580012,-0.06737146220598264,0.9348478761773423,8.11282864134117e+20,2.2153430743288955e+20,4.1790656754311004e+19,1.0746078283213176e+21,1.0,budget,2.3007146754580017,-4.1515585466160513e-16,2.7755575615628914e-17,convex_logN_reduction_floating_point
1.1547819846894581e+21,8192,power,0.5,0.6713607648391644,1.6754490814383751,0.5814185814185814,observed_512,direct_and_near,172,False,CYJ_v8_Q1_v2_derived_policy,no_joint_A_B_or_bridge_interval,conditional_v8_fixed_policy_feasible,1.242094387474907e+19,2.353119276129016,61.82799257878016,2.3454525723971478,2.4527854477199367,2.2929812665196745,-0.06737146220598264,0.9348478761773423,8.729318468489361e+20,2.3836858964621613e+20,4.348154819430578e+19,1.1547819846894581e+21,1.0,budget,2.2929812665196745,0.0,-1.3877787807814457e-17,convex_logN_reduction_floating_point
1.2409377607517195e+21,8192,power,0.5,0.6713607648391644,1.6754490814383751,0.5814185814185814,observed_512,direct_and_near,172,False,CYJ_v8_Q1_v2_derived_policy,no_joint_A_B_or_bridge_interval,conditional_v8_fixed_policy_feasible,1.242094387474907e+19,2.4336594917479974,64.3221855342691,2.338137886415749,2.4446003724495693,2.2853294662868198,-0.06737146220598264,0.9348478761773423,9.392297841326982e+20,2.5647234638716882e+20,4.523563023185217e+19,1.2409377607517193e+21,0.9999999999999998,budget,2.2853294662868198,0.0,-1.3877787807814457e-17,convex_logN_reduction_floating_point
1.333521432163324e+21,8192,power,0.5,0.6713607648391644,1.6754490814383751,0.5814185814185814,observed_512,direct_and_near,172,False,CYJ_v8_Q1_v2_derived_policy,no_joint_A_B_or_bridge_interval,conditional_v8_fixed_policy_feasible,1.242094387474907e+19,2.5171493489918473,66.9093847599042,2.3309102665008914,2.436501382574079,2.277758142802536,-0.06737146220598264,0.9348478761773423,1.0105254857390273e+21,2.7594082597247038e+20,4.70551204518263e+19,1.333521432163324e+21,1.0,budget,2.277758142802536,0.0,-4.163336342344337e-17,convex_logN_reduction_floating_point
1.4330125702369627e+21,8192,power,0.5,0.6713607648391644,1.6754490814383751,0.5814185814185814,observed_512,direct_and_near,172,False,CYJ_v8_Q1_v2_derived_policy,no_joint_A_B_or_bridge_interval,conditional_v8_fixed_policy_feasible,1.242094387474907e+19,2.603701072538255,69.59284921997796,2.3237685173150266,2.42848728973724,2.270266185134529,-0.06737146220598264,0.9348478761773423,1.0871938569302982e+21,2.968764025324334e+20,4.8942310774231335e+19,1.4330125702369627e+21,1.0,budget,2.270266185134529,0.0,-2.7755575615628914e-17,convex_logN_reduction_floating_point
1.539926526059492e+21,8192,power,0.5,0.6713607648391644,1.6754490814383751,0.5814185814185814,observed_512,direct_and_near,172,False,CYJ_v8_Q1_v2_derived_policy,no_joint_A_B_or_bridge_interval,conditional_v8_fixed_policy_feasible,1.242094387474907e+19,2.6934313080737198,72.37594689621966,2.316711465691983,2.4205569275157393,2.262852502854442,-0.06737146220598264,0.9348478761773423,1.169637847930554e+21,3.1938910834156995e+20,5.089956978736799e+19,1.5399265260594921e+21,1.0000000000000002,budget,2.262852502854442,0.0,-4.163336342344337e-17,convex_logN_reduction_floating_point
1.6548170999431815e+21,8192,power,0.5,0.6713607648391644,1.6754490814383751,0.5814185814185814,observed_512,direct_and_near,172,False,CYJ_v8_Q1_v2_derived_policy,no_joint_A_B_or_bridge_interval,conditional_v8_fixed_policy_feasible,1.242094387474907e+19,2.786461304265335,75.26215819470681,2.3097379600985386,2.41270915087644,2.2555160255304787,-0.06737146220598264,0.9348478761773423,1.2582905489102801e+21,3.435972058891005e+20,5.292934514380081e+19,1.6548170999431815e+21,1.0,budget,2.2555160255304787,0.0,-4.163336342344337e-17,convex_logN_reduction_floating_point
1.7782794100389228e+21,8192,power,0.5,0.6713607648391644,1.6754490814383751,0.5814185814185814,observed_512,direct_and_near,172,False,CYJ_v8_Q1_v2_derived_policy,no_joint_A_B_or_bridge_interval,conditional_v8_fixed_policy_feasible,1.242094387474907e+19,2.88291710260125,78.25507944379265,2.3028468701095766,2.404942835647636,2.248255702233108,-0.06737146220598264,0.9348478761773423,1.3536174413635762e+21,3.6962780265501386e+20,5.50341660203329e+19,1.7782794100389228e+21,1.0,budget,2.248255702233108,0.0,-2.7755575615628914e-17,convex_logN_reduction_floating_point
1.9109529749704406e+21,8192,power,0.5,0.6713607648391644,1.6754490814383751,0.5814185814185814,observed_512,direct_and_near,172,False,CYJ_v8_Q1_v2_derived_policy,no_joint_A_B_or_bridge_interval,conditional_v8_fixed_policy_feasible,1.242094387474907e+19,2.9829297354571374,81.35842648477464,2.2960370858965824,2.3972568780040544,2.2410705010536165,-0.06737146220598264,0.9348478761773423,1.4561188175486266e+21,3.976175117786117e+20,5.72166456432024e+19,1.9109529749704406e+21,1.0,budget,2.2410705010536165,0.0,-4.163336342344337e-17,convex_logN_reduction_floating_point
2.053525026457146e+21,8192,power,0.5,0.6713607648391644,1.6754490814383751,0.5814185814185814,observed_512,direct_and_near,172,False,CYJ_v8_Q1_v2_derived_policy,no_joint_A_B_or_bridge_interval,conditional_v8_fixed_policy_feasible,1.242094387474907e+19,3.0866354327630527,84.57603835702781,2.289307517729254,2.389650193965341,2.233959408635273,-0.06737146220598264,0.9348478761773423,1.5663323805331746e+21,4.2771316204425884e+20,5.9479483879712825e+19,2.0535250264571464e+21,1.0000000000000002,budget,2.233959408635273,0.0,-1.3877787807814457e-17,convex_logN_reduction_floating_point
2.20673406908459e+21,8192,power,0.5,0.6713607648391644,1.6754490814383751,0.5814185814185814,observed_512,direct_and_near,172,False,CYJ_v8_Q1_v2_derived_policy,no_joint_A_B_or_bridge_interval,conditional_v8_fixed_policy_feasible,1.242094387474907e+19,3.1941758376630514,87.91188107932311,2.2826570954899816,2.3821217189077997,2.2269214297168767,-0.06737146220598264,0.9348478761773423,1.6848360383224886e+21,4.600725608645942e+20,6.182546989750711e+19,2.20673406908459e+21,1.0,budget,2.2269214297168767,0.0,-2.7755575615628914e-17,convex_logN_reduction_floating_point
2.3713737056616553e+21,8192,power,0.5,0.6713607648391644,1.6754490814383751,0.5814185814185814,observed_512,direct_and_near,172,False,CYJ_v8_Q1_v2_derived_policy,no_joint_A_B_or_bridge_interval,conditional_v8_fixed_policy_feasible,1.242094387474907e+19,3.3056982315787877,91.37005152904277,2.27608476820096,2.374670407089108,2.2199555866884375,-0.06737146220598264,0.9348478761773423,1.8122509065529165e+21,4.9486531421604964e+20,6.425748489268935e+19,2.3713737056616553e+21,1.0,budget,2.2199555866884375,0.0,-2.7755575615628914e-17,convex_logN_reduction_floating_point
2.5482967479793463e+21,8192,power,0.5,0.6713607648391644,1.6754490814383751,0.5814185814185814,observed_512,direct_and_near,172,False,CYJ_v8_Q1_v2_derived_policy,no_joint_A_B_or_bridge_interval,conditional_v8_fixed_policy_feasible,1.242094387474907e+19,3.4213557691081578,94.95478142099455,2.269589503563692,2.3672952311857705,2.2130609191587682,-0.06737146220598264,0.9348478761773423,1.949244535314743e+21,5.3227370777661243e+20,6.677850488799105e+19,2.548296747979347e+21,1.0000000000000002,budget,2.2130609191587682,0.0,-1.3877787807814457e-17,convex_logN_reduction_floating_point
2.7384196342643614e+21,8192,power,0.5,0.6713607648391644,1.6754490814383751,0.5814185814185814,observed_512,direct_and_near,172,False,CYJ_v8_Q1_v2_derived_policy,no_joint_A_B_or_bridge_interval,conditional_v8_fixed_policy_feasible,1.242094387474907e+19,3.541307723210853,98.67044138751247,2.263170287510637,2.3599951818430456,2.206236483534732,-0.06737146220598264,0.9348478761773423,2.09653437682933e+21,5.7249365383286247e+20,6.939160360216879e+19,2.7384196342643614e+21,1.0,budget,2.206236483534732,0.0,-1.3877787807814457e-17,convex_logN_reduction_floating_point
2.9427271762092816e+21,8192,power,0.5,0.6713607648391644,1.6754490814383751,0.5814185814185814,observed_512,direct_and_near,172,False,CYJ_v8_Q1_v2_derived_policy,no_joint_A_B_or_bridge_interval,conditional_v8_fixed_policy_feasible,1.242094387474907e+19,3.665719741154663,102.52154516151187,2.256826123768764,2.352769267237077,2.1994813526119033,-0.06737146220598264,0.9348478761773423,2.2548915119534003e+21,6.157357088640751e+20,7.20999553918062e+19,2.9427271762092816e+21,1.0,budget,2.1994813526119033,0.0,-1.3877787807814457e-17,convex_logN_reduction_floating_point
3.1622776601683794e+21,8192,power,0.5,0.6713607648391644,1.6754490814383751,0.5814185814185814,observed_512,direct_and_near,172,False,CYJ_v8_Q1_v2_derived_policy,no_joint_A_B_or_bridge_interval,conditional_v8_fixed_policy_feasible,1.242094387474907e+19,3.7947641117192368,106.51275386414864,2.25055603343476,2.34561651264899,2.1927946151764126,-0.06737146220598264,0.9348478761773423,2.425144654824334e+21,6.622261670773648e+20,7.490683826668051e+19,3.1622776601683794e+21,1.0,budget,2.1927946151764126,0.0,-1.3877787807814457e-17,convex_logN_reduction_floating_point
3.3982083289425594e+21,8192,power,0.5,0.6713607648391644,1.6754490814383751,0.5814185814185814,observed_512,direct_and_near,172,False,CYJ_v8_Q1_v2_derived_policy,no_joint_A_B_or_bridge_interval,conditional_v8_fixed_policy_feasible,1.242094387474907e+19,3.9286200441784116,110.64888039869973,2.2443590545616496,2.338535960050672,2.186175375617713,-0.06737146220598264,0.9348478761773423,2.608184456401389e+21,7.122082355613393e+20,7.781563697983093e+19,3.3982083289425594e+21,1.0,budget,2.186175375617713,0.0,-2.7755575615628914e-17,convex_logN_reduction_floating_point
3.651741272548377e+21,8192,power,0.5,0.6713607648391644,1.6754490814383751,0.5814185814185814,observed_512,direct_and_near,172,False,CYJ_v8_Q1_v2_derived_policy,no_joint_A_B_or_bridge_interval,conditional_v8_fixed_policy_feasible,1.242094387474907e+19,4.06747395960742,114.93489395225893,2.2382342417565835,2.331526667701989,2.1796227535520405,-0.06737146220598264,0.9348478761773423,2.804968129206321e+21,7.659432971486061e+20,8.082984619345004e+19,3.6517412725483776e+21,1.0000000000000002,budget,2.179622753552041,-4.1515585466160513e-16,-1.3877787807814457e-17,convex_logN_reduction_floating_point
3.924189758484536e+21,8192,power,0.5,0.6713607648391644,1.6754490814383751,0.5814185814185814,observed_512,direct_and_near,172,False,CYJ_v8_Q1_v2_derived_policy,no_joint_A_B_or_bridge_interval,conditional_v8_fixed_policy_feasible,1.242094387474907e+19,4.211519795088223,119.37592460679961,2.2321806657895427,2.324587709759173,2.173135883456315,-0.06737146220598264,0.9348478761773423,3.0165244172309753e+21,8.237122675318717e+20,8.395307372168898e+19,3.924189758484536e+21,1.0,budget,2.173135883456315,0.0,-2.7755575615628914e-17,convex_logN_reduction_floating_point
4.2169650342858226e+21,8192,power,0.5,0.6713607648391644,1.6754490814383751,0.5814185814185814,observed_512,direct_and_near,172,False,CYJ_v8_Q1_v2_derived_policy,no_joint_A_B_or_bridge_interval,conditional_v8_fixed_policy_feasible,1.242094387474907e+19,4.360959321414252,123.97726806111984,2.226197413212719,2.3177181758941185,2.1667139143122407,-0.06737146220598264,0.9348478761773423,3.243958936767684e+21,8.858170536666956e+20,8.71890438514429e+19,4.2169650342858226e+21,1.0,budget,2.1667139143122407,0.0,-1.3877787807814457e-17,convex_logN_reduction_floating_point
4.5315836376008176e+21,8192,power,0.5,0.6713607648391644,1.6754490814383751,0.5814185814185814,observed_512,direct_and_near,172,False,CYJ_v8_Q1_v2_derived_policy,no_joint_A_B_or_bridge_interval,conditional_v8_fixed_policy_feasible,1.242094387474907e+19,4.516002474925363,128.74439046513962,2.22028358599033,2.310917170924342,2.1603560092603735,-0.06737146220598264,0.9348478761773423,3.488459915839967e+21,9.525821210187003e+20,9.05416007421494e+19,4.531583637600817e+21,0.9999999999999999,budget,2.1603560092603735,0.0,-1.3877787807814457e-17,convex_logN_reduction_floating_point
4.869675251658631e+21,8192,power,0.5,0.6713607648391644,1.6754490814383751,0.5814185814185814,observed_512,direct_and_near,172,False,CYJ_v8_Q1_v2_derived_policy,no_joint_A_B_or_bridge_interval,conditional_v8_fixed_policy_feasible,1.242094387474907e+19,4.676867704135095,133.6829333679657,2.2144383011386166,2.304183814453329,2.154061345263902,-0.06737146220598264,0.9348478761773423,3.7513043619760953e+21,1.0243561777769391e+21,9.401471190559639e+19,4.869675251658631e+21,1.0,budget,2.154061345263902,0.0,-2.7755575615628914e-17,convex_logN_reduction_floating_point
5.232991146814947e+21,8192,power,0.5,0.6713607648391644,1.6754490814383751,0.5814185814185814,observed_512,direct_and_near,172,False,CYJ_v8_Q1_v2_derived_policy,no_joint_A_B_or_bridge_interval,conditional_v8_fixed_policy_feasible,1.242094387474907e+19,4.843782331844777,138.7987187810884,2.20866069037579,2.2975172405210245,2.147829112781908,-0.06737146220598264,0.9348478761773423,4.033864690287167e+21,1.1015139847610824e+21,9.761247176669797e+19,5.232991146814947e+21,1.0,budget,2.147829112781908,0.0,-1.3877787807814457e-17,convex_logN_reduction_floating_point
5.623413251903491e+21,8192,power,0.5,0.6713607648391644,1.6754490814383751,0.5814185814185814,observed_512,direct_and_near,172,False,CYJ_v8_Q1_v2_derived_policy,no_joint_A_B_or_bridge_interval,conditional_v8_fixed_policy_feasible,1.242094387474907e+19,5.016982933473741,144.09775435800677,2.2029498997816868,2.2909165972642214,2.1416585154518812,-0.06737146220598264,0.9348478761773423,4.3376158461960677e+21,1.184458300401273e+21,1.013391053061507e+20,5.623413251903491e+21,1.0,budget,2.1416585154518812,0.0,-2.7755575615628914e-17,convex_logN_reduction_floating_point
6.042963902381328e+21,8192,power,0.5,0.6713607648391644,1.6754490814383751,0.5814185814185814,observed_512,direct_and_near,172,False,CYJ_v8_Q1_v2_derived_policy,no_joint_A_B_or_bridge_interval,conditional_v8_fixed_policy_feasible,1.242094387474907e+19,5.196715732370926,149.58623869151228,2.197305089466887,2.2843810465865735,2.1355487697812325,-0.06737146220598264,0.9348478761773423,4.6641429597262457e+21,1.273621970869247e+21,1.0519897178583515e+20,6.042963902381328e+21,1.0,budget,2.1355487697812325,0.0,-1.3877787807814457e-17,convex_logN_reduction_floating_point
6.493816315762113e+21,8192,power,0.5,0.6713607648391644,1.6754490814383751,0.5814185814185814,observed_512,direct_and_near,172,False,CYJ_v8_Q1_v2_derived_policy,no_joint_A_B_or_bridge_interval,conditional_v8_fixed_policy_feasible,1.242094387474907e+19,5.383237012911309,155.27056672978745,2.1917254332510714,2.2779097638380073,2.1294991048475924,-0.06737146220598264,0.9348478761773423,5.015149571013042e+21,1.3694701761912947e+21,1.0919656855777585e+20,6.493816315762113e+21,1.0,budget,2.1294991048475924,0.0,-2.7755575615628914e-17,convex_logN_reduction_floating_point
6.978305848598664e+21,8192,power,0.5,0.6713607648391644,1.6754490814383751,0.5814185814185814,observed_512,direct_and_near,172,False,CYJ_v8_Q1_v2_derived_policy,no_joint_A_B_or_bridge_interval,conditional_v8_fixed_policy_feasible,1.242094387474907e+19,5.576813552220812,161.15733531238908,2.186210118350374,2.2715019375032734,2.1235087620076536,-0.06737146220598264,0.9348478761773423,5.39246646965955e+21,1.472502843981701e+21,1.1333653495741224e+20,6.978305848598664e+21,1.0,budget,2.1235087620076536,0.0,-1.3877787807814457e-17,convex_logN_reduction_floating_point
7.498942093324559e+21,8192,power,0.5,0.6713607648391644,1.6754490814383751,0.5814185814185814,observed_512,direct_and_near,172,False,CYJ_v8_Q1_v2_derived_policy,no_joint_A_B_or_bridge_interval,conditional_v8_fixed_policy_feasible,1.242094387474907e+19,5.777723071415401,167.25334882710217,2.180758345073503,2.2651567688994008,2.117576994614336,-0.06737146220598264,0.9348478761773423,5.798061193739017e+21,1.5832572433036678e+21,1.1762365628187376e+20,7.498942093324559e+21,1.0,budget,2.117576994614336,0.0,-1.3877787807814457e-17,convex_logN_reduction_floating_point
8.058421877614818e+21,8192,power,0.5,0.6713607648391644,1.6754490814383751,0.5814185814185814,observed_512,direct_and_near,172,False,CYJ_v8_Q1_v2_derived_policy,no_joint_A_B_or_bridge_interval,conditional_v8_fixed_policy_feasible,1.242094387474907e+19,5.986254707284723,173.5656249885483,2.1753693265264067,2.2588734718818144,2.1117030677420536,-0.06737146220598264,0.9348478761773423,6.234048237663073e+21,1.702310772097863e+21,1.2206286785388082e+20,8.058421877614818e+21,1.0,budget,2.1117030677420536,0.0,-1.3877787807814457e-17,convex_logN_reduction_floating_point
8.659643233600654e+21,8192,power,0.5,0.6713607648391644,1.6754490814383751,0.5814185814185814,observed_512,direct_and_near,172,False,CYJ_v8_Q1_v2_derived_policy,no_joint_A_B_or_bridge_interval,conditional_v8_fixed_policy_feasible,1.242094387474907e+19,6.202709505397249,180.10140073933283,2.1700422883252504,2.252651272558877,2.105886257919854,-0.06737146220598264,0.9348478761773423,6.702700021807314e+21,1.830283952621517e+21,1.2665925917182322e+20,8.659643233600655e+21,1.0000000000000002,budget,2.105886257919854,0.0,-1.3877787807814457e-17,convex_logN_reduction_floating_point
9.30572040929699e+21,8192,power,0.5,0.6713607648391644,1.6754490814383751,0.5814185814185814,observed_512,direct_and_near,172,False,CYJ_v8_Q1_v2_derived_policy,no_joint_A_B_or_bridge_interval,conditional_v8_fixed_policy_feasible,1.242094387474907e+19,6.427400935653308,186.86813827439846,2.1647764683174913,2.2464894090146275,2.1001258528722175,-0.06737146220598264,0.9348478761773423,7.206458680731962e+21,1.9678436504185413e+21,1.3141807814648544e+20,9.30572040929699e+21,1.0,budget,2.1001258528722175,0.0,-1.3877787807814457e-17,convex_logN_reduction_floating_point
1e+22,8192,power,0.5,0.6713607648391644,1.6754490814383751,0.5814185814185814,observed_512,direct_and_near,172,False,CYJ_v8_Q1_v2_derived_policy,no_joint_A_B_or_bridge_interval,conditional_v8_fixed_policy_feasible,1.242094387474907e+19,6.660655431364221,193.8735311891349,2.1595711163108247,2.240387131039481,2.094421151267308,-0.06737146220598264,0.9348478761773423,7.747948731076033e+21,2.115706533499162e+21,1.363447354248054e+20,1e+22,1.0,budget,2.094421151267308,0.0,-1.3877787807814457e-17,convex_logN_reduction_floating_point
1.0746078283213176e+22,8192,power,0.5,0.6713607648391644,1.6754490814383751,0.5814185814185814,observed_512,direct_and_near,172,False,CYJ_v8_Q1_v2_derived_policy,no_joint_A_B_or_bridge_interval,conditional_v8_fixed_policy_feasible,1.242094387474907e+19,6.902812952990376,201.12551075166348,2.154425493809795,2.234343699868677,2.088771462472458,-0.06737146220598264,0.9348478761773423,8.329990684760327e+21,2.2746427896518866e+21,1.4144480880096141e+20,1.0746078283213176e+22,1.0,budget,2.088771462472458,0.0,-2.7755575615628914e-17,convex_logN_reduction_floating_point
1.154781984689458e+22,8192,power,0.5,0.6713607648391644,1.6754490814383751,0.5814185814185814,observed_512,direct_and_near,172,False,CYJ_v8_Q1_v2_derived_policy,no_joint_A_B_or_bridge_interval,conditional_v8_fixed_policy_feasible,1.242094387474907e+19,7.154227577728757,208.63225229957575,2.149338873759853,2.2283583879282403,2.0831761063166816,-0.06737146220598264,0.9348478761773423,8.955615678031732e+21,2.4454801211478654e+21,1.4672404771498317e+20,1.154781984689458e+22,1.0,budget,2.0831761063166816,0.0,-1.3877787807814457e-17,convex_logN_reduction_floating_point
1.2409377607517196e+22,8192,power,0.5,0.6713607648391644,1.6754490814383751,0.5814185814185814,observed_512,direct_and_near,172,False,CYJ_v8_Q1_v2_derived_policy,no_joint_A_B_or_bridge_interval,conditional_v8_fixed_policy_feasible,1.242094387474907e+19,7.415268116200977,216.40218176125887,2.144310540298657,2.222430478588252,2.0776344128600215,-0.06737146220598264,0.9348478761773423,9.628081192143547e+21,2.6291080375346654e+21,1.5218837783898083e+20,1.2409377607517196e+22,1.0,budget,2.077634412860022,-4.1515585466160513e-16,0.0,convex_logN_reduction_floating_point
1.3335214321633241e+22,8192,power,0.5,0.6713607648391644,1.6754490814383751,0.5814185814185814,observed_512,direct_and_near,172,False,CYJ_v8_Q1_v2_derived_policy,no_joint_A_B_or_bridge_interval,conditional_v8_fixed_policy_feasible,1.242094387474907e+19,7.686318757556844,224.44398230178066,2.139339788514406,2.2165592659232076,2.0721457221695196,-0.06737146220598264,0.9348478761773423,1.0350887947121598e+22,2.826482468760671e+21,1.5784390575097227e+20,1.3335214321633243e+22,1.0000000000000002,budget,2.07214572216952,-4.1515585466160513e-16,-1.3877787807814457e-17,convex_logN_reduction_floating_point
1.4330125702369628e+22,8192,power,0.5,0.6713607648391644,1.6754490814383751,0.5814185814185814,observed_512,direct_and_near,172,False,CYJ_v8_Q1_v2_derived_policy,no_joint_A_B_or_bridge_interval,conditional_v8_fixed_policy_feasible,1.242094387474907e+19,7.967779744375799,232.76660109314014,2.134425924211017,2.210744054479266,2.0667093841016286,-0.06737146220598264,0.9348478761773423,1.1127798056142743e+22,3.0386307225307117e+21,1.6369692369617292e+20,1.4330125702369628e+22,1.0,budget,2.0667093841016286,0.0,-1.3877787807814457e-17,convex_logN_reduction_floating_point
1.539926526059492e+22,8192,power,0.5,0.6713607648391644,1.6754490814383751,0.5814185814185814,observed_512,direct_and_near,172,False,CYJ_v8_Q1_v2_derived_policy,no_joint_A_B_or_bridge_interval,conditional_v8_fixed_policy_feasible,1.242094387474907e+19,8.260068078819558,241.3792562085098,2.129568263679935,2.2049841590481676,2.0613247580908625,-0.06737146220598264,0.9348478761773423,1.1962854534582714e+22,3.26665681157672e+21,1.6975391443548422e+20,1.539926526059492e+22,1.0,budget,2.0613247580908625,0.0,-1.3877787807814457e-17,convex_logN_reduction_floating_point
1.6548170999431814e+22,8192,power,0.5,0.6713607648391644,1.6754490814383751,0.5814185814185814,observed_512,direct_and_near,172,False,CYJ_v8_Q1_v2_derived_policy,no_joint_A_B_or_bridge_interval,conditional_v8_fixed_policy_feasible,1.242094387474907e+19,8.563618261564036,250.29144363990648,2.1247661334784,2.199278904447645,2.055991212944513,-0.06737146220598264,0.9348478761773423,1.2860402264807574e+22,3.511747178443455e+21,1.7602155618078582e+20,1.6548170999431814e+22,1.0,budget,2.055991212944513,0.0,-1.3877787807814457e-17,convex_logN_reduction_floating_point
1.7782794100389228e+22,8192,power,0.5,0.6713607648391644,1.6754490814383751,0.5814185814185814,observed_512,direct_and_near,172,False,CYJ_v8_Q1_v2_derived_policy,no_joint_A_B_or_bridge_interval,conditional_v8_fixed_policy_feasible,1.242094387474907e+19,8.878883065117567,259.5129444385271,2.120018870213966,2.1936276253081126,2.050708126643236,-0.06737146220598264,0.9348478761773423,1.3825110525324204e+22,3.775176847448529e+21,1.8250672761649352e+20,1.7782794100389228e+22,1.0,budget,2.050708126643236,0.0,-2.7755575615628914e-17,convex_logN_reduction_floating_point
1.9109529749704407e+22,8192,power,0.5,0.6713607648391644,1.6754490814383751,0.5814185814185814,observed_512,direct_and_near,172,False,CYJ_v8_Q1_v2_derived_policy,no_joint_A_B_or_bridge_interval,conditional_v8_fixed_policy_feasible,1.242094387474907e+19,9.206334343215609,269.053831976768,2.1153258203351015,2.1880296658654554,2.045474886147341,-0.06737146220598264,0.9348478761773423,1.4861997201008886e+22,4.0583160356888264e+21,1.892165130066932e+20,1.9109529749704407e+22,1.0,budget,2.045474886147341,0.0,-1.3877787807814457e-17,convex_logN_reduction_floating_point
2.053525026457146e+22,8192,power,0.5,0.6713607648391644,1.6754490814383751,0.5814185814185814,observed_512,direct_and_near,172,False,CYJ_v8_Q1_v2_derived_policy,no_joint_A_B_or_bridge_interval,conditional_v8_fixed_policy_feasible,1.242094387474907e+19,9.546463878069494,278.92447933073396,2.1106863399276796,2.1824843797597233,2.0402908872086014,-0.06737146220598264,0.9348478761773423,1.5976454799841158e+22,4.362637257343292e+21,1.9615820738701132e+20,2.053525026457146e+22,1.0,budget,2.0402908872086014,0.0,-1.3877787807814457e-17,convex_logN_reduction_floating_point
2.20673406908459e+22,8192,power,0.5,0.6713607648391644,1.6754490814383751,0.5814185814185814,observed_512,direct_and_near,172,False,CYJ_v8_Q1_v2_derived_policy,no_joint_A_B_or_bridge_interval,conditional_v8_fixed_policy_feasible,1.242094387474907e+19,9.899784267339747,289.13556678178793,2.1060997945171973,2.1769911298395623,2.0351555341874277,-0.06737146220598264,0.9348478761773423,1.717427841092823e+22,4.6897229580774686e+21,2.0333932184020248e+20,2.20673406908459e+22,1.0,budget,2.0351555341874277,0.0,-1.3877787807814457e-17,convex_logN_reduction_floating_point
2.371373705661655e+22,8192,power,0.5,0.6713607648391644,1.6754490814383751,0.5814185814185814,observed_512,direct_and_near,172,False,CYJ_v8_Q1_v2_derived_policy,no_joint_A_B_or_bridge_interval,conditional_v8_fixed_policy_feasible,1.242094387474907e+19,10.26682985280157,299.69808943545587,2.1015655588765285,2.1715492879721863,2.0300682398752183,-0.06737146220598264,0.9348478761773423,1.8461695748661196e+22,5.041273719101084e+21,2.107675888542691e+20,2.371373705661655e+22,1.0,budget,2.0300682398752183,0.0,-2.7755575615628914e-17,convex_logN_reduction_floating_point
2.5482967479793465e+22,8192,power,0.5,0.6713607648391644,1.6754490814383751,0.5814185814185814,observed_512,direct_and_near,172,False,CYJ_v8_Q1_v2_derived_policy,no_joint_A_B_or_bridge_interval,conditional_v8_fixed_policy_feasible,1.242094387474907e+19,11.032449961306046,299.89299999999986,2.097646191279173,2.1661821757172683,2.025050806382503,-0.06737146220598264,0.9348478761773423,1.9851327097475716e+22,5.420735719417369e+21,2.1090466290038178e+20,2.5482967479793465e+22,1.0,D_max;budget,2.0250508063825032,-4.1515585466160513e-16,0.0013503263706659413,convex_logN_reduction_floating_point
2.7384196342643614e+22,8192,power,0.5,0.6713607648391644,1.6754490814383751,0.5814185814185814,observed_512,direct_and_near,172,False,CYJ_v8_Q1_v2_derived_policy,no_joint_A_B_or_bridge_interval,conditional_v8_fixed_policy_feasible,1.242094387474907e+19,11.862426225861864,299.893,2.0938343429965602,2.160913479755573,2.0201253771524876,-0.06737146220598264,0.9348478761773423,2.134475152891435e+22,5.828540150828877e+21,2.1090466290038188e+20,2.738419634264361e+22,0.9999999999999999,D_max;budget,2.0201253771524876,0.0,-0.07199126109224475,convex_logN_reduction_floating_point
2.942727176209282e+22,8192,power,0.5,0.6713607648391644,1.6754490814383751,0.5814185814185814,observed_512,direct_and_near,172,False,CYJ_v8_Q1_v2_derived_policy,no_joint_A_B_or_bridge_interval,conditional_v8_fixed_policy_feasible,1.242094387474907e+19,11.965825,299.893,2.093384524595647,2.1602893513304946,2.0195419120198412,-0.06737146220598264,0.9348478761773423,2.1530802940349996e+22,5.87934458957824e+21,2.1090466290038188e+20,2.762105219282862e+22,0.9386208961582736,N_max;D_max,2.0195419120198412,0.0,-0.0718383293916875,convex_logN_reduction_floating_point
3.1622776601683792e+22,8192,power,0.5,0.6713607648391644,1.6754490814383751,0.5814185814185814,observed_512,direct_and_near,172,False,CYJ_v8_Q1_v2_derived_policy,no_joint_A_B_or_bridge_interval,conditional_v8_fixed_policy_feasible,1.242094387474907e+19,11.965825,299.893,2.093384524595647,2.1602893513304946,2.0195419120198412,-0.06737146220598264,0.9348478761773423,2.1530802940349996e+22,5.87934458957824e+21,2.1090466290038188e+20,2.762105219282862e+22,0.8734543629972678,N_max;D_max,2.0195419120198412,0.0,-0.0718383293916875,convex_logN_reduction_floating_point
3.3982083289425593e+22,8192,power,0.5,0.6713607648391644,1.6754490814383751,0.5814185814185814,observed_512,direct_and_near,172,False,CYJ_v8_Q1_v2_derived_policy,no_joint_A_B_or_bridge_interval,conditional_v8_fixed_policy_feasible,1.242094387474907e+19,11.965825,299.893,2.093384524595647,2.1602893513304946,2.0195419120198412,-0.06737146220598264,0.9348478761773423,2.1530802940349996e+22,5.87934458957824e+21,2.1090466290038188e+20,2.762105219282862e+22,0.8128122092333177,N_max;D_max,2.0195419120198412,0.0,-0.0718383293916875,convex_logN_reduction_floating_point
3.651741272548377e+22,8192,power,0.5,0.6713607648391644,1.6754490814383751,0.5814185814185814,observed_512,direct_and_near,172,False,CYJ_v8_Q1_v2_derived_policy,no_joint_A_B_or_bridge_interval,conditional_v8_fixed_policy_feasible,1.242094387474907e+19,11.965825,299.893,2.093384524595647,2.1602893513304946,2.0195419120198412,-0.06737146220598264,0.9348478761773423,2.1530802940349996e+22,5.87934458957824e+21,2.1090466290038188e+20,2.762105219282862e+22,0.7563803164388259,N_max;D_max,2.0195419120198412,0.0,-0.0718383293916875,convex_logN_reduction_floating_point
3.924189758484536e+22,8192,power,0.5,0.6713607648391644,1.6754490814383751,0.5814185814185814,observed_512,direct_and_near,172,False,CYJ_v8_Q1_v2_derived_policy,no_joint_A_B_or_bridge_interval,conditional_v8_fixed_policy_feasible,1.242094387474907e+19,11.965825,299.893,2.093384524595647,2.1602893513304946,2.0195419120198412,-0.06737146220598264,0.9348478761773423,2.1530802940349996e+22,5.87934458957824e+21,2.1090466290038188e+20,2.762105219282862e+22,0.7038663747875297,N_max;D_max,2.0195419120198412,0.0,-0.0718383293916875,convex_logN_reduction_floating_point
4.2169650342858225e+22,8192,power,0.5,0.6713607648391644,1.6754490814383751,0.5814185814185814,observed_512,direct_and_near,172,False,CYJ_v8_Q1_v2_derived_policy,no_joint_A_B_or_bridge_interval,conditional_v8_fixed_policy_feasible,1.242094387474907e+19,11.965825,299.893,2.093384524595647,2.1602893513304946,2.0195419120198412,-0.06737146220598264,0.9348478761773423,2.1530802940349996e+22,5.87934458957824e+21,2.1090466290038188e+20,2.762105219282862e+22,0.6549983689278199,N_max;D_max,2.0195419120198412,0.0,-0.0718383293916875,convex_logN_reduction_floating_point
4.531583637600818e+22,8192,power,0.5,0.6713607648391644,1.6754490814383751,0.5814185814185814,observed_512,direct_and_near,172,False,CYJ_v8_Q1_v2_derived_policy,no_joint_A_B_or_bridge_interval,conditional_v8_fixed_policy_feasible,1.242094387474907e+19,11.965825,299.893,2.093384524595647,2.1602893513304946,2.0195419120198412,-0.06737146220598264,0.9348478761773423,2.1530802940349996e+22,5.87934458957824e+21,2.1090466290038188e+20,2.762105219282862e+22,0.6095231689787853,N_max;D_max,2.0195419120198412,0.0,-0.0718383293916875,convex_logN_reduction_floating_point
4.869675251658631e+22,8192,power,0.5,0.6713607648391644,1.6754490814383751,0.5814185814185814,observed_512,direct_and_near,172,False,CYJ_v8_Q1_v2_derived_policy,no_joint_A_B_or_bridge_interval,conditional_v8_fixed_policy_feasible,1.242094387474907e+19,11.965825,299.893,2.093384524595647,2.1602893513304946,2.0195419120198412,-0.06737146220598264,0.9348478761773423,2.1530802940349996e+22,5.87934458957824e+21,2.1090466290038188e+20,2.762105219282862e+22,0.567205219350526,N_max;D_max,2.0195419120198412,0.0,-0.0718383293916875,convex_logN_reduction_floating_point
5.2329911468149466e+22,8192,power,0.5,0.6713607648391644,1.6754490814383751,0.5814185814185814,observed_512,direct_and_near,172,False,CYJ_v8_Q1_v2_derived_policy,no_joint_A_B_or_bridge_interval,conditional_v8_fixed_policy_feasible,1.242094387474907e+19,11.965825,299.893,2.093384524595647,2.1602893513304946,2.0195419120198412,-0.06737146220598264,0.9348478761773423,2.1530802940349996e+22,5.87934458957824e+21,2.1090466290038188e+20,2.762105219282862e+22,0.5278253185969967,N_max;D_max,2.0195419120198412,0.0,-0.0718383293916875,convex_logN_reduction_floating_point
5.623413251903491e+22,8192,power,0.5,0.6713607648391644,1.6754490814383751,0.5814185814185814,observed_512,direct_and_near,172,False,CYJ_v8_Q1_v2_derived_policy,no_joint_A_B_or_bridge_interval,conditional_v8_fixed_policy_feasible,1.242094387474907e+19,11.965825,299.893,2.093384524595647,2.1602893513304946,2.0195419120198412,-0.06737146220598264,0.9348478761773423,2.1530802940349996e+22,5.87934458957824e+21,2.1090466290038188e+20,2.762105219282862e+22,0.4911794839811758,N_max;D_max,2.0195419120198412,0.0,-0.0718383293916875,convex_logN_reduction_floating_point
6.042963902381329e+22,8192,power,0.5,0.6713607648391644,1.6754490814383751,0.5814185814185814,observed_512,direct_and_near,172,False,CYJ_v8_Q1_v2_derived_policy,no_joint_A_B_or_bridge_interval,conditional_v8_fixed_policy_feasible,1.242094387474907e+19,11.965825,299.893,2.093384524595647,2.1602893513304946,2.0195419120198412,-0.06737146220598264,0.9348478761773423,2.1530802940349996e+22,5.87934458957824e+21,2.1090466290038188e+20,2.762105219282862e+22,0.4570778948711591,N_max;D_max,2.0195419120198412,0.0,-0.0718383293916875,convex_logN_reduction_floating_point
6.493816315762113e+22,8192,power,0.5,0.6713607648391644,1.6754490814383751,0.5814185814185814,observed_512,direct_and_near,172,False,CYJ_v8_Q1_v2_derived_policy,no_joint_A_B_or_bridge_interval,conditional_v8_fixed_policy_feasible,1.242094387474907e+19,11.965825,299.893,2.093384524595647,2.1602893513304946,2.0195419120198412,-0.06737146220598264,0.9348478761773423,2.1530802940349996e+22,5.87934458957824e+21,2.1090466290038188e+20,2.762105219282862e+22,0.4253439094941049,N_max;D_max,2.0195419120198412,0.0,-0.0718383293916875,convex_logN_reduction_floating_point
6.978305848598663e+22,8192,power,0.5,0.6713607648391644,1.6754490814383751,0.5814185814185814,observed_512,direct_and_near,172,False,CYJ_v8_Q1_v2_derived_policy,no_joint_A_B_or_bridge_interval,conditional_v8_fixed_policy_feasible,1.242094387474907e+19,11.965825,299.893,2.093384524595647,2.1602893513304946,2.0195419120198412,-0.06737146220598264,0.9348478761773423,2.1530802940349996e+22,5.87934458957824e+21,2.1090466290038188e+20,2.762105219282862e+22,0.3958131499549464,N_max;D_max,2.0195419120198412,0.0,-0.0718383293916875,convex_logN_reduction_floating_point
7.498942093324558e+22,8192,power,0.5,0.6713607648391644,1.6754490814383751,0.5814185814185814,observed_512,direct_and_near,172,False,CYJ_v8_Q1_v2_derived_policy,no_joint_A_B_or_bridge_interval,conditional_v8_fixed_policy_feasible,1.242094387474907e+19,11.965825,299.893,2.093384524595647,2.1602893513304946,2.0195419120198412,-0.06737146220598264,0.9348478761773423,2.1530802940349996e+22,5.87934458957824e+21,2.1090466290038188e+20,2.762105219282862e+22,0.36833265078038746,N_max;D_max,2.0195419120198412,0.0,-0.0718383293916875,convex_logN_reduction_floating_point
8.058421877614818e+22,8192,power,0.5,0.6713607648391644,1.6754490814383751,0.5814185814185814,observed_512,direct_and_near,172,False,CYJ_v8_Q1_v2_derived_policy,no_joint_A_B_or_bridge_interval,conditional_v8_fixed_policy_feasible,1.242094387474907e+19,11.965825,299.893,2.093384524595647,2.1602893513304946,2.0195419120198412,-0.06737146220598264,0.9348478761773423,2.1530802940349996e+22,5.87934458957824e+21,2.1090466290038188e+20,2.762105219282862e+22,0.3427600665777512,N_max;D_max,2.0195419120198412,0.0,-0.0718383293916875,convex_logN_reduction_floating_point
8.659643233600654e+22,8192,power,0.5,0.6713607648391644,1.6754490814383751,0.5814185814185814,observed_512,direct_and_near,172,False,CYJ_v8_Q1_v2_derived_policy,no_joint_A_B_or_bridge_interval,conditional_v8_fixed_policy_feasible,1.242094387474907e+19,11.965825,299.893,2.093384524595647,2.1602893513304946,2.0195419120198412,-0.06737146220598264,0.9348478761773423,2.1530802940349996e+22,5.87934458957824e+21,2.1090466290038188e+20,2.762105219282862e+22,0.31896293470445747,N_max;D_max,2.0195419120198412,0.0,-0.0718383293916875,convex_logN_reduction_floating_point
9.30572040929699e+22,8192,power,0.5,0.6713607648391644,1.6754490814383751,0.5814185814185814,observed_512,direct_and_near,172,False,CYJ_v8_Q1_v2_derived_policy,no_joint_A_B_or_bridge_interval,conditional_v8_fixed_policy_feasible,1.242094387474907e+19,11.965825,299.893,2.093384524595647,2.1602893513304946,2.0195419120198412,-0.06737146220598264,0.9348478761773423,2.1530802940349996e+22,5.87934458957824e+21,2.1090466290038188e+20,2.762105219282862e+22,0.2968179891288533,N_max;D_max,2.0195419120198412,0.0,-0.0718383293916875,convex_logN_reduction_floating_point
1.0000000000000001e+23,8192,power,0.5,0.6713607648391644,1.6754490814383751,0.5814185814185814,observed_512,direct_and_near,172,False,CYJ_v8_Q1_v2_derived_policy,no_joint_A_B_or_bridge_interval,conditional_v8_fixed_policy_feasible,1.242094387474907e+19,11.965825,299.893,2.093384524595647,2.1602893513304946,2.0195419120198412,-0.06737146220598264,0.9348478761773423,2.1530802940349996e+22,5.87934458957824e+21,2.1090466290038188e+20,2.762105219282862e+22,0.2762105219282862,N_max;D_max,2.0195419120198412,0.0,-0.0718383293916875,convex_logN_reduction_floating_point
1.0746078283213175e+23,8192,power,0.5,0.6713607648391644,1.6754490814383751,0.5814185814185814,observed_512,direct_and_near,172,False,CYJ_v8_Q1_v2_derived_policy,no_joint_A_B_or_bridge_interval,conditional_v8_fixed_policy_feasible,1.242094387474907e+19,11.965825,299.893,2.093384524595647,2.1602893513304946,2.0195419120198412,-0.06737146220598264,0.9348478761773423,2.1530802940349996e+22,5.87934458957824e+21,2.1090466290038188e+20,2.762105219282862e+22,0.2570337891170627,N_max;D_max,2.0195419120198412,0.0,-0.0718383293916875,convex_logN_reduction_floating_point
1.1547819846894582e+23,8192,power,0.5,0.6713607648391644,1.6754490814383751,0.5814185814185814,observed_512,direct_and_near,172,False,CYJ_v8_Q1_v2_derived_policy,no_joint_A_B_or_bridge_interval,conditional_v8_fixed_policy_feasible,1.242094387474907e+19,11.965825,299.893,2.093384524595647,2.1602893513304946,2.0195419120198412,-0.06737146220598264,0.9348478761773423,2.1530802940349996e+22,5.87934458957824e+21,2.1090466290038188e+20,2.762105219282862e+22,0.23918845772655886,N_max;D_max,2.0195419120198412,0.0,-0.0718383293916875,convex_logN_reduction_floating_point
1.2409377607517195e+23,8192,power,0.5,0.6713607648391644,1.6754490814383751,0.5814185814185814,observed_512,direct_and_near,172,False,CYJ_v8_Q1_v2_derived_policy,no_joint_A_B_or_bridge_interval,conditional_v8_fixed_policy_feasible,1.242094387474907e+19,11.965825,299.893,2.093384524595647,2.1602893513304946,2.0195419120198412,-0.06737146220598264,0.9348478761773423,2.1530802940349996e+22,5.87934458957824e+21,2.1090466290038188e+20,2.762105219282862e+22,0.22258209127343093,N_max;D_max,2.0195419120198412,0.0,-0.0718383293916875,convex_logN_reduction_floating_point
1.3335214321633241e+23,8192,power,0.5,0.6713607648391644,1.6754490814383751,0.5814185814185814,observed_512,direct_and_near,172,False,CYJ_v8_Q1_v2_derived_policy,no_joint_A_B_or_bridge_interval,conditional_v8_fixed_policy_feasible,1.242094387474907e+19,11.965825,299.893,2.093384524595647,2.1602893513304946,2.0195419120198412,-0.06737146220598264,0.9348478761773423,2.1530802940349996e+22,5.87934458957824e+21,2.1090466290038188e+20,2.762105219282862e+22,0.20712867095071713,N_max;D_max,2.0195419120198412,0.0,-0.0718383293916875,convex_logN_reduction_floating_point
1.4330125702369627e+23,8192,power,0.5,0.6713607648391644,1.6754490814383751,0.5814185814185814,observed_512,direct_and_near,172,False,CYJ_v8_Q1_v2_derived_policy,no_joint_A_B_or_bridge_interval,conditional_v8_fixed_policy_feasible,1.242094387474907e+19,11.965825,299.893,2.093384524595647,2.1602893513304946,2.0195419120198412,-0.06737146220598264,0.9348478761773423,2.1530802940349996e+22,5.87934458957824e+21,2.1090466290038188e+20,2.762105219282862e+22,0.1927481500616649,N_max;D_max,2.0195419120198412,0.0,-0.0718383293916875,convex_logN_reduction_floating_point
1.539926526059492e+23,8192,power,0.5,0.6713607648391644,1.6754490814383751,0.5814185814185814,observed_512,direct_and_near,172,False,CYJ_v8_Q1_v2_derived_policy,no_joint_A_B_or_bridge_interval,conditional_v8_fixed_policy_feasible,1.242094387474907e+19,11.965825,299.893,2.093384524595647,2.1602893513304946,2.0195419120198412,-0.06737146220598264,0.9348478761773423,2.1530802940349996e+22,5.87934458957824e+21,2.1090466290038188e+20,2.762105219282862e+22,0.1793660393883074,N_max;D_max,2.0195419120198412,0.0,-0.0718383293916875,convex_logN_reduction_floating_point
1.6548170999431815e+23,8192,power,0.5,0.6713607648391644,1.6754490814383751,0.5814185814185814,observed_512,direct_and_near,172,False,CYJ_v8_Q1_v2_derived_policy,no_joint_A_B_or_bridge_interval,conditional_v8_fixed_policy_feasible,1.242094387474907e+19,11.965825,299.893,2.093384524595647,2.1602893513304946,2.0195419120198412,-0.06737146220598264,0.9348478761773423,2.1530802940349996e+22,5.87934458957824e+21,2.1090466290038188e+20,2.762105219282862e+22,0.166913021347054,N_max;D_max,2.0195419120198412,0.0,-0.0718383293916875,convex_logN_reduction_floating_point
1.7782794100389228e+23,8192,power,0.5,0.6713607648391644,1.6754490814383751,0.5814185814185814,observed_512,direct_and_near,172,False,CYJ_v8_Q1_v2_derived_policy,no_joint_A_B_or_bridge_interval,conditional_v8_fixed_policy_feasible,1.242094387474907e+19,11.965825,299.893,2.093384524595647,2.1602893513304946,2.0195419120198412,-0.06737146220598264,0.9348478761773423,2.1530802940349996e+22,5.87934458957824e+21,2.1090466290038188e+20,2.762105219282862e+22,0.15532459093267045,N_max;D_max,2.0195419120198412,0.0,-0.0718383293916875,convex_logN_reduction_floating_point
1.9109529749704405e+23,8192,power,0.5,0.6713607648391644,1.6754490814383751,0.5814185814185814,observed_512,direct_and_near,172,False,CYJ_v8_Q1_v2_derived_policy,no_joint_A_B_or_bridge_interval,conditional_v8_fixed_policy_feasible,1.242094387474907e+19,11.965825,299.893,2.093384524595647,2.1602893513304946,2.0195419120198412,-0.06737146220598264,0.9348478761773423,2.1530802940349996e+22,5.87934458957824e+21,2.1090466290038188e+20,2.762105219282862e+22,0.14454072159078574,N_max;D_max,2.0195419120198412,0.0,-0.0718383293916875,convex_logN_reduction_floating_point
2.053525026457146e+23,8192,power,0.5,0.6713607648391644,1.6754490814383751,0.5814185814185814,observed_512,direct_and_near,172,False,CYJ_v8_Q1_v2_derived_policy,no_joint_A_B_or_bridge_interval,conditional_v8_fixed_policy_feasible,1.242094387474907e+19,11.965825,299.893,2.093384524595647,2.1602893513304946,2.0195419120198412,-0.06737146220598264,0.9348478761773423,2.1530802940349996e+22,5.87934458957824e+21,2.1090466290038188e+20,2.762105219282862e+22,0.13450555428818892,N_max;D_max,2.0195419120198412,0.0,-0.0718383293916875,convex_logN_reduction_floating_point
2.2067340690845896e+23,8192,power,0.5,0.6713607648391644,1.6754490814383751,0.5814185814185814,observed_512,direct_and_near,172,False,CYJ_v8_Q1_v2_derived_policy,no_joint_A_B_or_bridge_interval,conditional_v8_fixed_policy_feasible,1.242094387474907e+19,11.965825,299.893,2.093384524595647,2.1602893513304946,2.0195419120198412,-0.06737146220598264,0.9348478761773423,2.1530802940349996e+22,5.87934458957824e+21,2.1090466290038188e+20,2.762105219282862e+22,0.12516710817034038,N_max;D_max,2.0195419120198412,0.0,-0.0718383293916875,convex_logN_reduction_floating_point
2.371373705661655e+23,8192,power,0.5,0.6713607648391644,1.6754490814383751,0.5814185814185814,observed_512,direct_and_near,172,False,CYJ_v8_Q1_v2_derived_policy,no_joint_A_B_or_bridge_interval,conditional_v8_fixed_policy_feasible,1.242094387474907e+19,11.965825,299.893,2.093384524595647,2.1602893513304946,2.0195419120198412,-0.06737146220598264,0.9348478761773423,2.1530802940349996e+22,5.87934458957824e+21,2.1090466290038188e+20,2.762105219282862e+22,0.11647701130734205,N_max;D_max,2.0195419120198412,0.0,-0.0718383293916875,convex_logN_reduction_floating_point
2.5482967479793466e+23,8192,power,0.5,0.6713607648391644,1.6754490814383751,0.5814185814185814,observed_512,direct_and_near,172,False,CYJ_v8_Q1_v2_derived_policy,no_joint_A_B_or_bridge_interval,conditional_v8_fixed_policy_feasible,1.242094387474907e+19,11.965825,299.893,2.093384524595647,2.1602893513304946,2.0195419120198412,-0.06737146220598264,0.9348478761773423,2.1530802940349996e+22,5.87934458957824e+21,2.1090466290038188e+20,2.762105219282862e+22,0.1083902501336649,N_max;D_max,2.0195419120198412,0.0,-0.0718383293916875,convex_logN_reduction_floating_point
2.738419634264361e+23,8192,power,0.5,0.6713607648391644,1.6754490814383751,0.5814185814185814,observed_512,direct_and_near,172,False,CYJ_v8_Q1_v2_derived_policy,no_joint_A_B_or_bridge_interval,conditional_v8_fixed_policy_feasible,1.242094387474907e+19,11.965825,299.893,2.093384524595647,2.1602893513304946,2.0195419120198412,-0.06737146220598264,0.9348478761773423,2.1530802940349996e+22,5.87934458957824e+21,2.1090466290038188e+20,2.762105219282862e+22,0.10086493628376514,N_max;D_max,2.0195419120198412,0.0,-0.0718383293916875,convex_logN_reduction_floating_point
2.942727176209282e+23,8192,power,0.5,0.6713607648391644,1.6754490814383751,0.5814185814185814,observed_512,direct_and_near,172,False,CYJ_v8_Q1_v2_derived_policy,no_joint_A_B_or_bridge_interval,conditional_v8_fixed_policy_feasible,1.242094387474907e+19,11.965825,299.893,2.093384524595647,2.1602893513304946,2.0195419120198412,-0.06737146220598264,0.9348478761773423,2.1530802940349996e+22,5.87934458957824e+21,2.1090466290038188e+20,2.762105219282862e+22,0.09386208961582736,N_max;D_max,2.0195419120198412,0.0,-0.0718383293916875,convex_logN_reduction_floating_point
3.162277660168379e+23,8192,power,0.5,0.6713607648391644,1.6754490814383751,0.5814185814185814,observed_512,direct_and_near,172,False,CYJ_v8_Q1_v2_derived_policy,no_joint_A_B_or_bridge_interval,conditional_v8_fixed_policy_feasible,1.242094387474907e+19,11.965825,299.893,2.093384524595647,2.1602893513304946,2.0195419120198412,-0.06737146220598264,0.9348478761773423,2.1530802940349996e+22,5.87934458957824e+21,2.1090466290038188e+20,2.762105219282862e+22,0.08734543629972677,N_max;D_max,2.0195419120198412,0.0,-0.0718383293916875,convex_logN_reduction_floating_point
3.3982083289425596e+23,8192,power,0.5,0.6713607648391644,1.6754490814383751,0.5814185814185814,observed_512,direct_and_near,172,False,CYJ_v8_Q1_v2_derived_policy,no_joint_A_B_or_bridge_interval,conditional_v8_fixed_policy_feasible,1.242094387474907e+19,11.965825,299.893,2.093384524595647,2.1602893513304946,2.0195419120198412,-0.06737146220598264,0.9348478761773423,2.1530802940349996e+22,5.87934458957824e+21,2.1090466290038188e+20,2.762105219282862e+22,0.08128122092333176,N_max;D_max,2.0195419120198412,0.0,-0.0718383293916875,convex_logN_reduction_floating_point
3.651741272548377e+23,8192,power,0.5,0.6713607648391644,1.6754490814383751,0.5814185814185814,observed_512,direct_and_near,172,False,CYJ_v8_Q1_v2_derived_policy,no_joint_A_B_or_bridge_interval,conditional_v8_fixed_policy_feasible,1.242094387474907e+19,11.965825,299.893,2.093384524595647,2.1602893513304946,2.0195419120198412,-0.06737146220598264,0.9348478761773423,2.1530802940349996e+22,5.87934458957824e+21,2.1090466290038188e+20,2.762105219282862e+22,0.0756380316438826,N_max;D_max,2.0195419120198412,0.0,-0.0718383293916875,convex_logN_reduction_floating_point
3.924189758484536e+23,8192,power,0.5,0.6713607648391644,1.6754490814383751,0.5814185814185814,observed_512,direct_and_near,172,False,CYJ_v8_Q1_v2_derived_policy,no_joint_A_B_or_bridge_interval,conditional_v8_fixed_policy_feasible,1.242094387474907e+19,11.965825,299.893,2.093384524595647,2.1602893513304946,2.0195419120198412,-0.06737146220598264,0.9348478761773423,2.1530802940349996e+22,5.87934458957824e+21,2.1090466290038188e+20,2.762105219282862e+22,0.07038663747875298,N_max;D_max,2.0195419120198412,0.0,-0.0718383293916875,convex_logN_reduction_floating_point
4.2169650342858225e+23,8192,power,0.5,0.6713607648391644,1.6754490814383751,0.5814185814185814,observed_512,direct_and_near,172,False,CYJ_v8_Q1_v2_derived_policy,no_joint_A_B_or_bridge_interval,conditional_v8_fixed_policy_feasible,1.242094387474907e+19,11.965825,299.893,2.093384524595647,2.1602893513304946,2.0195419120198412,-0.06737146220598264,0.9348478761773423,2.1530802940349996e+22,5.87934458957824e+21,2.1090466290038188e+20,2.762105219282862e+22,0.06549983689278199,N_max;D_max,2.0195419120198412,0.0,-0.0718383293916875,convex_logN_reduction_floating_point
4.531583637600818e+23,8192,power,0.5,0.6713607648391644,1.6754490814383751,0.5814185814185814,observed_512,direct_and_near,172,False,CYJ_v8_Q1_v2_derived_policy,no_joint_A_B_or_bridge_interval,conditional_v8_fixed_policy_feasible,1.242094387474907e+19,11.965825,299.893,2.093384524595647,2.1602893513304946,2.0195419120198412,-0.06737146220598264,0.9348478761773423,2.1530802940349996e+22,5.87934458957824e+21,2.1090466290038188e+20,2.762105219282862e+22,0.060952316897878535,N_max;D_max,2.0195419120198412,0.0,-0.0718383293916875,convex_logN_reduction_floating_point
4.869675251658631e+23,8192,power,0.5,0.6713607648391644,1.6754490814383751,0.5814185814185814,observed_512,direct_and_near,172,False,CYJ_v8_Q1_v2_derived_policy,no_joint_A_B_or_bridge_interval,conditional_v8_fixed_policy_feasible,1.242094387474907e+19,11.965825,299.893,2.093384524595647,2.1602893513304946,2.0195419120198412,-0.06737146220598264,0.9348478761773423,2.1530802940349996e+22,5.87934458957824e+21,2.1090466290038188e+20,2.762105219282862e+22,0.05672052193505261,N_max;D_max,2.0195419120198412,0.0,-0.0718383293916875,convex_logN_reduction_floating_point
5.232991146814947e+23,8192,power,0.5,0.6713607648391644,1.6754490814383751,0.5814185814185814,observed_512,direct_and_near,172,False,CYJ_v8_Q1_v2_derived_policy,no_joint_A_B_or_bridge_interval,conditional_v8_fixed_policy_feasible,1.242094387474907e+19,11.965825,299.893,2.093384524595647,2.1602893513304946,2.0195419120198412,-0.06737146220598264,0.9348478761773423,2.1530802940349996e+22,5.87934458957824e+21,2.1090466290038188e+20,2.762105219282862e+22,0.052782531859699666,N_max;D_max,2.0195419120198412,0.0,-0.0718383293916875,convex_logN_reduction_floating_point
5.623413251903491e+23,8192,power,0.5,0.6713607648391644,1.6754490814383751,0.5814185814185814,observed_512,direct_and_near,172,False,CYJ_v8_Q1_v2_derived_policy,no_joint_A_B_or_bridge_interval,conditional_v8_fixed_policy_feasible,1.242094387474907e+19,11.965825,299.893,2.093384524595647,2.1602893513304946,2.0195419120198412,-0.06737146220598264,0.9348478761773423,2.1530802940349996e+22,5.87934458957824e+21,2.1090466290038188e+20,2.762105219282862e+22,0.049117948398117575,N_max;D_max,2.0195419120198412,0.0,-0.0718383293916875,convex_logN_reduction_floating_point
6.042963902381328e+23,8192,power,0.5,0.6713607648391644,1.6754490814383751,0.5814185814185814,observed_512,direct_and_near,172,False,CYJ_v8_Q1_v2_derived_policy,no_joint_A_B_or_bridge_interval,conditional_v8_fixed_policy_feasible,1.242094387474907e+19,11.965825,299.893,2.093384524595647,2.1602893513304946,2.0195419120198412,-0.06737146220598264,0.9348478761773423,2.1530802940349996e+22,5.87934458957824e+21,2.1090466290038188e+20,2.762105219282862e+22,0.045707789487115916,N_max;D_max,2.0195419120198412,0.0,-0.0718383293916875,convex_logN_reduction_floating_point
6.493816315762113e+23,8192,power,0.5,0.6713607648391644,1.6754490814383751,0.5814185814185814,observed_512,direct_and_near,172,False,CYJ_v8_Q1_v2_derived_policy,no_joint_A_B_or_bridge_interval,conditional_v8_fixed_policy_feasible,1.242094387474907e+19,11.965825,299.893,2.093384524595647,2.1602893513304946,2.0195419120198412,-0.06737146220598264,0.9348478761773423,2.1530802940349996e+22,5.87934458957824e+21,2.1090466290038188e+20,2.762105219282862e+22,0.04253439094941049,N_max;D_max,2.0195419120198412,0.0,-0.0718383293916875,convex_logN_reduction_floating_point
6.978305848598663e+23,8192,power,0.5,0.6713607648391644,1.6754490814383751,0.5814185814185814,observed_512,direct_and_near,172,False,CYJ_v8_Q1_v2_derived_policy,no_joint_A_B_or_bridge_interval,conditional_v8_fixed_policy_feasible,1.242094387474907e+19,11.965825,299.893,2.093384524595647,2.1602893513304946,2.0195419120198412,-0.06737146220598264,0.9348478761773423,2.1530802940349996e+22,5.87934458957824e+21,2.1090466290038188e+20,2.762105219282862e+22,0.03958131499549464,N_max;D_max,2.0195419120198412,0.0,-0.0718383293916875,convex_logN_reduction_floating_point
7.498942093324558e+23,8192,power,0.5,0.6713607648391644,1.6754490814383751,0.5814185814185814,observed_512,direct_and_near,172,False,CYJ_v8_Q1_v2_derived_policy,no_joint_A_B_or_bridge_interval,conditional_v8_fixed_policy_feasible,1.242094387474907e+19,11.965825,299.893,2.093384524595647,2.1602893513304946,2.0195419120198412,-0.06737146220598264,0.9348478761773423,2.1530802940349996e+22,5.87934458957824e+21,2.1090466290038188e+20,2.762105219282862e+22,0.036833265078038746,N_max;D_max,2.0195419120198412,0.0,-0.0718383293916875,convex_logN_reduction_floating_point
8.058421877614818e+23,8192,power,0.5,0.6713607648391644,1.6754490814383751,0.5814185814185814,observed_512,direct_and_near,172,False,CYJ_v8_Q1_v2_derived_policy,no_joint_A_B_or_bridge_interval,conditional_v8_fixed_policy_feasible,1.242094387474907e+19,11.965825,299.893,2.093384524595647,2.1602893513304946,2.0195419120198412,-0.06737146220598264,0.9348478761773423,2.1530802940349996e+22,5.87934458957824e+21,2.1090466290038188e+20,2.762105219282862e+22,0.034276006657775124,N_max;D_max,2.0195419120198412,0.0,-0.0718383293916875,convex_logN_reduction_floating_point
8.659643233600654e+23,8192,power,0.5,0.6713607648391644,1.6754490814383751,0.5814185814185814,observed_512,direct_and_near,172,False,CYJ_v8_Q1_v2_derived_policy,no_joint_A_B_or_bridge_interval,conditional_v8_fixed_policy_feasible,1.242094387474907e+19,11.965825,299.893,2.093384524595647,2.1602893513304946,2.0195419120198412,-0.06737146220598264,0.9348478761773423,2.1530802940349996e+22,5.87934458957824e+21,2.1090466290038188e+20,2.762105219282862e+22,0.031896293470445744,N_max;D_max,2.0195419120198412,0.0,-0.0718383293916875,convex_logN_reduction_floating_point
9.30572040929699e+23,8192,power,0.5,0.6713607648391644,1.6754490814383751,0.5814185814185814,observed_512,direct_and_near,172,False,CYJ_v8_Q1_v2_derived_policy,no_joint_A_B_or_bridge_interval,conditional_v8_fixed_policy_feasible,1.242094387474907e+19,11.965825,299.893,2.093384524595647,2.1602893513304946,2.0195419120198412,-0.06737146220598264,0.9348478761773423,2.1530802940349996e+22,5.87934458957824e+21,2.1090466290038188e+20,2.762105219282862e+22,0.02968179891288533,N_max;D_max,2.0195419120198412,0.0,-0.0718383293916875,convex_logN_reduction_floating_point
1e+24,8192,power,0.5,0.6713607648391644,1.6754490814383751,0.5814185814185814,observed_512,direct_and_near,172,False,CYJ_v8_Q1_v2_derived_policy,no_joint_A_B_or_bridge_interval,conditional_v8_fixed_policy_feasible,1.242094387474907e+19,11.965825,299.893,2.093384524595647,2.1602893513304946,2.0195419120198412,-0.06737146220598264,0.9348478761773423,2.1530802940349996e+22,5.87934458957824e+21,2.1090466290038188e+20,2.762105219282862e+22,0.02762105219282862,N_max;D_max,2.0195419120198412,0.0,-0.0718383293916875,convex_logN_reduction_floating_point
1e+19,8192,logarithmic,0.5,0.6713607648391644,1.6754490814383751,0.5814185814185814,observed_512,direct_and_near,172,False,CYJ_v8_Q1_v2_derived_policy,no_joint_A_B_or_bridge_interval,infeasible_within_v8_support,1.0412810667739754e+19,,,,,,,,,,,,,,,,,
1.0746078283213175e+19,8192,logarithmic,0.5,0.6713607648391644,1.6754490814383751,0.5814185814185814,observed_512,direct_and_near,172,False,CYJ_v8_Q1_v2_derived_policy,no_joint_A_B_or_bridge_interval,conditional_v8_fixed_policy_feasible,1.0412810667739754e+19,0.0749050552926453,10.0,3.195212779709409,3.3807406001123765,3.160478169921569,-0.06737146220598264,0.9348478761773423,4.4943033175587174e+18,1.2272444259147005e+18,5.024530539739757e+18,1.0746078283213175e+19,1.0,D_min;budget,3.160478169921569,0.0,-0.21089510034203832,convex_logN_reduction_floating_point
1.1547819846894582e+19,8192,logarithmic,0.5,0.6713607648391644,1.6754490814383751,0.5814185814185814,observed_512,direct_and_near,172,False,CYJ_v8_Q1_v2_derived_policy,no_joint_A_B_or_bridge_interval,conditional_v8_fixed_policy_feasible,1.0412810667739754e+19,0.08540125297385348,10.0,3.1579596713879394,3.3408535899713683,3.123189883204183,-0.06737146220598264,0.9348478761773423,5.124075178431209e+18,1.3992141287236152e+18,5.024530539739757e+18,1.154781984689458e+19,0.9999999999999998,D_min;budget,3.123189883204183,0.0,-0.1921544071886877,convex_logN_reduction_floating_point
1.2409377607517196e+19,8192,logarithmic,0.5,0.6713607648391644,1.6754490814383751,0.5814185814185814,observed_512,direct_and_near,172,False,CYJ_v8_Q1_v2_derived_policy,no_joint_A_B_or_bridge_interval,conditional_v8_fixed_policy_feasible,1.0412810667739754e+19,0.0966805491696879,10.0,3.1242163743365428,3.304618750335118,3.089315820326608,-0.06737146220598264,0.9348478761773423,5.800832950181274e+18,1.5840141175961664e+18,5.024530539739757e+18,1.2409377607517196e+19,1.0,D_min;budget,3.089315820326608,0.0,-0.17502878601134003,convex_logN_reduction_floating_point
1.3335214321633241e+19,8192,logarithmic,0.5,0.6713607648391644,1.6754490814383751,0.5814185814185814,observed_512,direct_and_near,172,False,CYJ_v8_Q1_v2_derived_policy,no_joint_A_B_or_bridge_interval,conditional_v8_fixed_policy_feasible,1.0412810667739754e+19,0.10880136915968637,10.000000000000002,3.093384685366097,3.2714148177971505,3.0582751945127535,-0.06737146220598264,0.9348478761773423,6.528082149581184e+18,1.7826016323123018e+18,5.024530539739758e+18,1.3335214321633243e+19,1.0000000000000002,D_min;budget,3.0582751945127535,0.0,-0.15928557261285134,convex_logN_reduction_floating_point
1.4330125702369628e+19,8192,logarithmic,0.5,0.6713607648391644,1.6754490814383751,0.5814185814185814,observed_512,direct_and_near,172,False,CYJ_v8_Q1_v2_derived_policy,no_joint_A_B_or_bridge_interval,conditional_v8_fixed_policy_feasible,1.0412810667739754e+19,0.12182649720661226,10.0,3.065005697163445,3.2407647674218345,3.0296220600146606,-0.06737146220598264,0.9348478761773423,7.309589832396737e+18,1.9960053302331354e+18,5.024530539739757e+18,1.4330125702369628e+19,1.0,D_min;budget,3.0296220600146606,0.0,-0.1447414944804093,convex_logN_reduction_floating_point
1.539926526059492e+19,8192,logarithmic,0.5,0.6713607648391644,1.6754490814383751,0.5814185814185814,observed_512,direct_and_near,172,False,CYJ_v8_Q1_v2_derived_policy,no_joint_A_B_or_bridge_interval,conditional_v8_fixed_policy_feasible,1.0412810667739754e+19,0.13582340177072635,10.0,3.0387202743652377,3.2122949745140748,3.003007134579633,-0.06737146220598264,0.9348478761773423,8.149404106243582e+18,2.2253306146115804e+18,5.024530539739757e+18,1.5399265260594917e+19,0.9999999999999999,D_min;budget,3.003007134579633,0.0,-0.1312490920715336,convex_logN_reduction_floating_point
1.6548170999431815e+19,8192,logarithmic,0.5,0.6713607648391644,1.6754490814383751,0.5814185814185814,observed_512,direct_and_near,172,False,CYJ_v8_Q1_v2_derived_policy,no_joint_A_B_or_bridge_interval,conditional_v8_fixed_policy_feasible,1.0412810667739754e+19,0.15086458498758978,10.000000000000002,3.0142425021326584,3.185707758858917,2.9781521324909397,-0.06737146220598264,0.9348478761773423,9.051875099255388e+18,2.4717653604366715e+18,5.024530539739758e+18,1.6548170999431815e+19,1.0,D_min;budget,2.9781521324909397,0.0,-0.11868756036142131,convex_logN_reduction_floating_point
1.7782794100389229e+19,8192,logarithmic,0.5,0.6713607648391644,1.6754490814383751,0.5814185814185814,observed_512,direct_and_near,172,False,CYJ_v8_Q1_v2_derived_policy,no_joint_A_B_or_bridge_interval,conditional_v8_fixed_policy_feasible,1.0412810667739754e+19,0.16702795821964642,10.0,2.9913413394261403,3.1607623991267477,2.954832015924841,-0.06737146220598264,0.9348478761773423,1.0021677493178786e+19,2.736586067470687e+18,5.024530539739757e+18,1.7782794100389229e+19,1.0,D_min;budget,2.954832015924841,0.0,-0.10695638898842771,convex_logN_reduction_floating_point
1.9109529749704405e+19,8192,logarithmic,0.5,0.6713607648391644,1.6754490814383751,0.5814185814185814,observed_512,direct_and_near,172,False,CYJ_v8_Q1_v2_derived_policy,no_joint_A_B_or_bridge_interval,conditional_v8_fixed_policy_feasible,1.0412810667739754e+19,0.18439724562689366,10.000000000000002,2.9698276281042335,3.13726168020419,2.9328624187514474,-0.06737146220598264,0.9348478761773423,1.1063834737613621e+19,3.0211644723510267e+18,5.024530539739758e+18,1.9109529749704405e+19,1.0,D_min;budget,2.9328624187514474,0.0,-0.09597083178824703,convex_logN_reduction_floating_point
2.053525026457146e+19,8192,logarithmic,0.5,0.6713607648391644,1.6754490814383751,0.5814185814185814,observed_512,direct_and_near,172,False,CYJ_v8_Q1_v2_derived_policy,no_joint_A_B_or_bridge_interval,conditional_v8_fixed_policy_feasible,1.0412810667739754e+19,0.2030624178470845,10.000000000000002,2.9495446955629516,3.1150421553219654,2.9120905431056303,-0.06737146220598264,0.9348478761773423,1.2183745070825073e+19,3.326974654006633e+18,5.024530539739758e+18,2.053525026457146e+19,1.0,D_min;budget,2.9120905431056303,0.0,-0.08565860597682917,convex_logN_reduction_floating_point
2.2067340690845897e+19,8192,logarithmic,0.5,0.6713607648391644,1.6754490814383751,0.5814185814185814,observed_512,direct_and_near,172,False,CYJ_v8_Q1_v2_derived_policy,no_joint_A_B_or_bridge_interval,conditional_v8_fixed_policy_feasible,1.0412810667739754e+19,0.22312015803186716,10.0,2.930361427354454,3.0939669630960793,2.8923884444132315,-0.06737146220598264,0.9348478761773423,1.3387209481912031e+19,3.6556006691941115e+18,5.024530539739757e+18,2.2067340690845897e+19,1.0,D_min;budget,2.8923884444132315,0.0,-0.07595743843931971,convex_logN_reduction_floating_point
2.3713737056616554e+19,8192,logarithmic,0.5,0.6713607648391644,1.6754490814383751,0.5814185814185814,observed_512,direct_and_near,172,False,CYJ_v8_Q1_v2_derived_policy,no_joint_A_B_or_bridge_interval,conditional_v8_fixed_policy_feasible,1.0412810667739754e+19,0.2446743626528697,10.0,2.912167074150853,3.0739204396181043,2.873647994515107,-0.06737146220598264,0.9348478761773423,1.4680461759172182e+19,4.0087447577046175e+18,5.024530539739757e+18,2.3713737056616554e+19,1.0,D_min;budget,2.873647994515107,0.0,-0.06681320850988454,convex_logN_reduction_floating_point
2.5482967479793463e+19,8192,logarithmic,0.5,0.6713607648391644,1.6754490814383751,0.5814185814185814,observed_512,direct_and_near,172,False,CYJ_v8_Q1_v2_derived_policy,no_joint_A_B_or_bridge_interval,conditional_v8_fixed_policy_feasible,1.0412810667739754e+19,0.26783667967183844,10.0,2.894867299915327,3.0548040159264955,2.855777046426901,-0.06737146220598264,0.9348478761773423,1.6070200780310305e+19,4.388236159743401e+18,5.024530539739757e+18,2.548296747979346e+19,0.9999999999999999,D_min;budget,2.855777046426901,0.0,-0.058178519107943055,convex_logN_reduction_floating_point
2.7384196342643614e+19,8192,logarithmic,0.5,0.6713607648391644,1.6754490814383751,0.5814185814185814,observed_512,direct_and_near,172,False,CYJ_v8_Q1_v2_derived_policy,no_joint_A_B_or_bridge_interval,conditional_v8_fixed_policy_feasible,1.0412810667739754e+19,0.29272708686248244,10.0,2.8783811336633884,3.0365330517360163,2.838696474357719,-0.06737146220598264,0.9348478761773423,1.7563625211748946e+19,4.796040591154912e+18,5.024530539739757e+18,2.7384196342643614e+19,1.0,D_min;budget,2.838696474357719,0.0,-0.050011581004057476,convex_logN_reduction_floating_point
2.942727176209282e+19,8192,logarithmic,0.5,0.6713607648391644,1.6754490814383751,0.5814185814185814,observed_512,direct_and_near,172,False,CYJ_v8_Q1_v2_derived_policy,no_joint_A_B_or_bridge_interval,conditional_v8_fixed_policy_feasible,1.0412810667739754e+19,0.31947451327965365,10.0,2.8626385892514947,3.0190343617082016,2.8223378611493306,-0.06737146220598264,0.9348478761773423,1.9168470796779217e+19,5.234270425573845e+18,5.024530539739757e+18,2.942727176209282e+19,1.0,D_min;budget,2.8223378611493306,0.0,-0.04227532971639078,convex_logN_reduction_floating_point
3.162277660168379e+19,8192,logarithmic,0.5,0.6713607648391644,1.6754490814383751,0.5814185814185814,observed_512,direct_and_near,172,False,CYJ_v8_Q1_v2_derived_policy,no_joint_A_B_or_bridge_interval,conditional_v8_fixed_policy_feasible,1.0412810667739754e+19,0.3482175070949942,10.0,2.8475787859969084,3.002244261192804,2.806641671341707,-0.06737146220598264,0.9348478761773423,2.089305042569965e+19,5.705195636244386e+18,5.024530539739757e+18,3.1622776601683796e+19,1.0000000000000002,D_min;budget,2.806641671341707,0.0,-0.034936717810881146,convex_logN_reduction_floating_point
3.3982083289425592e+19,8192,logarithmic,0.5,0.6713607648391644,1.6754490814383751,0.5814185814185814,observed_512,direct_and_near,172,False,CYJ_v8_Q1_v2_derived_policy,no_joint_A_B_or_bridge_interval,conditional_v8_fixed_policy_feasible,1.0412810667739754e+19,0.3791049532583504,10.0,2.833148449596568,2.98610700661345,2.7915557931708648,-0.06737146220598264,0.9348478761773423,2.2746297195501027e+19,6.211255554184813e+18,5.024530539739757e+18,3.3982083289425592e+19,1.0,D_min;budget,2.7915557931708648,0.0,-0.0279661412698754,convex_logN_reduction_floating_point
3.651741272548377e+19,8192,logarithmic,0.5,0.6713607648391644,1.6754490814383751,0.5814185814185814,observed_512,direct_and_near,172,False,CYJ_v8_Q1_v2_derived_policy,no_joint_A_B_or_bridge_interval,conditional_v8_fixed_policy_feasible,1.0412810667739754e+19,0.41229684470234623,10.0,2.8193007052098946,2.970573539179949,2.7770343641309867,-0.06737146220598264,0.9348478761773423,2.4737810682140774e+19,6.755071503603241e+18,5.024530539739757e+18,3.6517412725483774e+19,1.0000000000000002,D_min;budget,2.7770343641309867,0.0,-0.021336969633243996,convex_logN_reduction_floating_point
3.924189758484536e+19,8192,logarithmic,0.5,0.6713607648391644,1.6754490814383751,0.5814185814185814,observed_512,direct_and_near,172,False,CYJ_v8_Q1_v2_derived_policy,no_joint_A_B_or_bridge_interval,conditional_v8_fixed_policy_feasible,1.0412810667739754e+19,0.4479651110848555,10.0,2.805994097415281,2.955600464249165,2.763036816832099,-0.06737146220598264,0.9348478761773423,2.6877906665091326e+19,7.339460380014273e+18,5.024530539739757e+18,3.924189758484536e+19,1.0,D_min;budget,2.763036816832099,0.0,-0.015025157405915757,convex_logN_reduction_floating_point
4.216965034285823e+19,8192,logarithmic,0.5,0.6713607648391644,1.6754490814383751,0.5814185814185814,observed_512,direct_and_near,172,False,CYJ_v8_Q1_v2_derived_policy,no_joint_A_B_or_bridge_interval,conditional_v8_fixed_policy_feasible,1.0412810667739754e+19,0.48629450936215013,10.0,2.793191788090582,2.9411492155726537,2.749527097698752,-0.06737146220598264,0.9348478761773423,2.9177670561729008e+19,7.967449241389468e+18,5.024530539739757e+18,4.2169650342858236e+19,1.0000000000000002,D_min;budget,2.749527097698752,0.0,-0.009008919802731524,convex_logN_reduction_floating_point
4.531583637600818e+19,8192,logarithmic,0.5,0.6713607648391644,1.6754490814383751,0.5814185814185814,observed_512,direct_and_near,172,False,CYJ_v8_Q1_v2_derived_policy,no_joint_A_B_or_bridge_interval,conditional_v8_fixed_policy_feasible,1.0412810667739754e+19,0.5274835808057764,10.0,2.780860895110755,2.9271853659344402,2.736473022521208,-0.06737146220598264,0.9348478761773423,3.1649014848346583e+19,8.64229098792184e+18,5.024530539739757e+18,4.531583637600819e+19,1.0000000000000002,D_min;budget,2.736473022521208,0.0,-0.0032684599478217113,convex_logN_reduction_floating_point
4.869675251658631e+19,8192,logarithmic,0.5,0.6713607648391644,1.6754490814383751,0.5814185814185814,observed_512,direct_and_near,172,False,CYJ_v8_Q1_v2_derived_policy,no_joint_A_B_or_bridge_interval,conditional_v8_fixed_policy_feasible,1.0412810667739754e+19,0.5601320203220206,10.185547823060231,2.7686274370374626,2.913655328863944,2.723824496101254,-0.06737146220598264,0.9348478761773423,3.4231508881303716e+19,9.347484025188e+18,5.117759610094593e+18,4.869675251658631e+19,1.0,budget,2.723824496101254,0.0,-2.7755575615628914e-17,convex_logN_reduction_floating_point
5.2329911468149465e+19,8192,logarithmic,0.5,0.6713607648391644,1.6754490814383751,0.5814185814185814,observed_512,direct_and_near,172,False,CYJ_v8_Q1_v2_derived_policy,no_joint_A_B_or_bridge_interval,conditional_v8_fixed_policy_feasible,1.0412810667739754e+19,0.5773722605882067,10.65206680808649,2.7561390718939323,2.9003379059291383,2.7113747315544954,-0.06737146220598264,0.9348478761773423,3.6901247357529e+19,1.0076500611762584e+19,5.352163498857875e+18,5.232991146814946e+19,0.9999999999999999,budget,2.711374731554496,-4.1515585466160513e-16,-2.7755575615628914e-17,convex_logN_reduction_floating_point
5.6234132519034905e+19,8192,logarithmic,0.5,0.6713607648391644,1.6754490814383751,0.5814185814185814,observed_512,direct_and_near,172,False,CYJ_v8_Q1_v2_derived_policy,no_joint_A_B_or_bridge_interval,conditional_v8_fixed_policy_feasible,1.0412810667739754e+19,0.5952066924648043,11.137942305728746,2.743813121933125,2.887181641085059,2.6990756253065813,-0.06737146220598264,0.9348478761773423,3.977626680393974e+19,1.086157258859581e+19,5.596293126499353e+18,5.6234132519034905e+19,1.0,budget,2.6990756253065813,0.0,-2.7755575615628914e-17,convex_logN_reduction_floating_point
6.042963902381328e+19,8192,logarithmic,0.5,0.6713607648391644,1.6754490814383751,0.5814185814185814,observed_512,direct_and_near,172,False,CYJ_v8_Q1_v2_derived_policy,no_joint_A_B_or_bridge_interval,conditional_v8_fixed_policy_feasible,1.0412810667739754e+19,0.6136569359685194,11.643901562614044,2.731646938730484,2.8741838955756647,2.6869247105220304,-0.06737146220598264,0.9348478761773423,4.287216573379674e+19,1.1706959389708763e+19,5.850513900307773e+18,6.042963902381328e+19,1.0,budget,2.6869247105220304,0.0,-2.7755575615628914e-17,convex_logN_reduction_floating_point
6.493816315762113e+19,8192,logarithmic,0.5,0.6713607648391644,1.6754490814383751,0.5814185814185814,observed_512,direct_and_near,172,False,CYJ_v8_Q1_v2_derived_policy,no_joint_A_B_or_bridge_interval,conditional_v8_fixed_policy_feasible,1.0412810667739754e+19,0.6327454150039334,12.170697373493097,2.7196379293853723,2.8613420863306436,2.6749195724230477,-0.06737146220598264,0.9348478761773423,4.6205717762869035e+19,1.2617241330447438e+19,6.115204064304651e+18,6.493816315762112e+19,0.9999999999999999,budget,2.6749195724230477,0.0,-2.7755575615628914e-17,convex_logN_reduction_floating_point
6.978305848598663e+19,8192,logarithmic,0.5,0.6713607648391644,1.6754490814383751,0.5814185814185814,observed_512,direct_and_near,172,False,CYJ_v8_Q1_v2_derived_policy,no_joint_A_B_or_bridge_interval,conditional_v8_fixed_policy_feasible,1.0412810667739754e+19,0.6524953879099499,12.719108978192041,2.707783555288065,2.848653684716304,2.6630578471217974,-0.06737146220598264,0.9348478761773423,4.979495967956605e+19,1.3597343656500169e+19,6.390755149920404e+18,6.978305848598662e+19,0.9999999999999999,budget,2.6630578471217974,0.0,-2.7755575615628914e-17,convex_logN_reduction_floating_point
7.498942093324558e+19,8192,logarithmic,0.5,0.6713607648391644,1.6754490814383751,0.5814185814185814,observed_512,direct_and_near,172,False,CYJ_v8_Q1_v2_derived_policy,no_joint_A_B_or_bridge_interval,conditional_v8_fixed_policy_feasible,1.0412810667739754e+19,0.6729309792202136,13.289942989897733,2.696081330907984,2.836116215307667,2.6513372204724943,-0.06737146220598264,0.9348478761773423,5.365928609983617e+19,1.4652562390995263e+19,6.677572442414146e+18,7.498942093324558e+19,1.0,budget,2.6513372204724943,0.0,-2.7755575615628914e-17,convex_logN_reduction_floating_point
8.058421877614818e+19,8192,logarithmic,0.5,0.6713607648391644,1.6754490814383751,0.5814185814185814,observed_512,direct_and_near,172,False,CYJ_v8_Q1_v2_derived_policy,no_joint_A_B_or_bridge_interval,conditional_v8_fixed_policy_feasible,1.0412810667739754e+19,0.6940772126884365,13.884034355659752,2.6845288226030215,2.823727254681645,2.6397554269432133,-0.06737146220598264,0.9348478761773423,5.7819551198680875e+19,1.5788592113986458e+19,6.976075463480842e+18,8.058421877614818e+19,1.0,budget,2.6397554269432133,0.0,-2.7755575615628914e-17,convex_logN_reduction_floating_point
8.659643233600653e+19,8192,logarithmic,0.5,0.6713607648391644,1.6754490814383751,0.5814185814185814,observed_512,direct_and_near,172,False,CYJ_v8_Q1_v2_derived_policy,no_joint_A_B_or_bridge_interval,conditional_v8_fixed_policy_feasible,1.0412810667739754e+19,0.7159600456317371,14.502247350008544,2.6731236474497972,2.8114844302312054,2.628310248507308,-0.06737146220598264,0.9348478761773423,6.229817804684913e+19,1.70115558186596e+19,7.286698470497789e+18,8.659643233600651e+19,0.9999999999999998,budget,2.628310248507308,0.0,-2.7755575615628914e-17,convex_logN_reduction_floating_point
9.30572040929699e+19,8192,logarithmic,0.5,0.6713607648391644,1.6754490814383751,0.5814185814185814,observed_512,direct_and_near,172,False,CYJ_v8_Q1_v2_derived_policy,no_joint_A_B_or_bridge_interval,conditional_v8_fixed_policy_feasible,1.0412810667739754e+19,0.7386064046474011,15.145476602605683,2.6618634720947094,2.7993854190004015,2.616999513554345,-0.06737146220598264,0.9348478761773423,6.711927612073152e+19,1.8328036999367752e+19,7.609890972870619e+18,9.30572040929699e+19,1.0,budget,2.616999513554345,0.0,-2.7755575615628914e-17,convex_logN_reduction_floating_point
1e+20,8192,logarithmic,0.5,0.6713607648391644,1.6754490814383751,0.5814185814185814,observed_512,direct_and_near,172,False,CYJ_v8_Q1_v2_derived_policy,no_joint_A_B_or_bridge_interval,conditional_v8_fixed_policy_feasible,1.0412810667739754e+19,0.7620442227608601,15.81464816085965,2.6507460116256323,2.7874279465401837,2.605821095820461,-0.06737146220598264,0.9348478761773423,7.230876759587255e+19,1.9745114138179596e+19,7.946118265947849e+18,9.999999999999998e+19,0.9999999999999999,budget,2.605821095820461,0.0,-5.551115123125783e-17,convex_logN_reduction_floating_point
1.0746078283213175e+20,8192,logarithmic,0.5,0.6713607648391644,1.6754490814383751,0.5814185814185814,observed_512,direct_and_near,172,False,CYJ_v8_Q1_v2_derived_policy,no_joint_A_B_or_bridge_interval,conditional_v8_fixed_policy_feasible,1.0412810667739754e+19,0.7863024780651778,16.510720588458895,2.6397690284641335,2.775609785784883,2.594772913338046,-0.06737146220598264,0.9348478761773423,7.789452308008188e+19,2.127039776906769e+19,8.295861982982169e+18,1.0746078283213174e+20,0.9999999999999999,budget,2.594772913338046,0.0,-5.551115123125783e-17,convex_logN_reduction_floating_point
1.1547819846894582e+20,8192,logarithmic,0.5,0.6713607648391644,1.6754490814383751,0.5814185814185814,observed_512,direct_and_near,172,False,CYJ_v8_Q1_v2_derived_policy,no_joint_A_B_or_bridge_interval,conditional_v8_fixed_policy_feasible,1.0412810667739754e+19,0.8114112339149527,17.234686100792768,2.6289303312780707,2.763928755949277,2.5838529274046653,-0.06737146220598264,0.9348478761773423,8.390650749108686e+19,2.291207031223279e+19,8.659620665626157e+18,1.1547819846894582e+20,1.0,budget,2.5838529274046653,0.0,-2.7755575615628914e-17,convex_logN_reduction_floating_point
1.2409377607517195e+20,8192,logarithmic,0.5,0.6713607648391644,1.6754490814383751,0.5814185814185814,observed_512,direct_and_near,172,False,CYJ_v8_Q1_v2_derived_policy,no_joint_A_B_or_bridge_interval,conditional_v8_fixed_policy_feasible,1.0412810667739754e+19,0.8374016807402666,17.987571738250782,2.618227773914435,2.7523827214461316,2.5730591415711297,-0.06737146220598264,0.9348478761773423,9.037693683628392e+19,2.4678928885427933e+19,9.03791035346008e+18,1.2409377607517195e+20,1.0,budget,2.5730591415711297,0.0,-5.551115123125783e-17,convex_logN_reduction_floating_point
1.333521432163324e+20,8192,logarithmic,0.5,0.6713607648391644,1.6754490814383751,0.5814185814185814,observed_512,direct_and_near,172,False,CYJ_v8_Q1_v2_derived_policy,no_joint_A_B_or_bridge_interval,conditional_v8_fixed_policy_feasible,1.0412810667739754e+19,0.8643061795491723,18.77044057841104,2.60765925435231,2.7409695908241236,2.562389600648611,-0.06737146220598264,0.9348478761773423,9.734044670868722e+19,2.6580431314585522e+19,9.431265193059666e+18,1.3335214321633239e+20,0.9999999999999999,budget,2.562389600648611,0.0,-2.7755575615628914e-17,convex_logN_reduction_floating_point
1.4330125702369627e+20,8192,logarithmic,0.5,0.6713607648391644,1.6754490814383751,0.5814185814185814,observed_512,direct_and_near,172,False,CYJ_v8_Q1_v2_derived_policy,no_joint_A_B_or_bridge_interval,conditional_v8_fixed_policy_feasible,1.0412810667739754e+19,0.8921583071901849,19.58439298815012,2.597222713675818,2.7296873157260415,2.55184238973472,-0.06737146220598264,0.9348478761773423,1.0483427337393203e+20,2.8626745582641705e+19,9.840238067122545e+18,1.4330125702369627e+20,1.0,budget,2.55184238973472,0.0,-2.7755575615628914e-17,convex_logN_reduction_floating_point
1.539926526059492e+20,8192,logarithmic,0.5,0.6713607648391644,1.6754490814383751,0.5814185814185814,observed_512,direct_and_near,172,False,CYJ_v8_Q1_v2_derived_policy,no_joint_A_B_or_bridge_interval,conditional_v8_fixed_policy_feasible,1.0412810667739754e+19,0.9209929034493776,20.43056791672838,2.586916135066908,2.7185338898671545,2.5414156332584383,-0.06737146220598264,0.9348478761773423,1.1289844838848424e+20,3.082880297328209e+19,1.02654012441829e+19,1.539926526059492e+20,1.0,budget,2.5414156332584383,0.0,-5.551115123125783e-17,convex_logN_reduction_floating_point
1.6548170999431814e+20,8192,logarithmic,0.5,0.6713607648391644,1.6754490814383751,0.5814185814185814,observed_512,direct_and_near,172,False,CYJ_v8_Q1_v2_derived_policy,no_joint_A_B_or_bridge_interval,conditional_v8_fixed_policy_feasible,1.0412810667739754e+19,0.9508461200599354,21.310144230927566,2.576737542817864,2.707507348033645,2.5311074940438014,-0.06737146220598264,0.9348478761773423,1.2157600775937055e+20,3.3198355185492124e+19,1.0707347049455454e+19,1.6548170999431814e+20,1.0,budget,2.5311074940438014,0.0,-2.7755575615628914e-17,convex_logN_reduction_floating_point
1.778279410038923e+20,8192,logarithmic,0.5,0.6713607648391644,1.6754490814383751,0.5814185814185814,observed_512,direct_and_near,172,False,CYJ_v8_Q1_v2_derived_policy,no_joint_A_B_or_bridge_interval,conditional_v8_fixed_policy_feasible,1.0412810667739754e+19,0.9817554717054416,22.22434209334088,2.566685001363382,2.6966057651009843,2.520916172392232,-0.06737146220598264,0.9348478761773423,1.3091321673114586e+20,3.5748035715384893e+19,1.1166688557361504e+19,1.7782794100389226e+20,0.9999999999999998,budget,2.5209161723922326,-4.1515585466160513e-16,0.0,convex_logN_reduction_floating_point
1.9109529749704406e+20,8192,logarithmic,0.5,0.6713607648391644,1.6754490814383751,0.5814185814185814,observed_512,direct_and_near,172,False,CYJ_v8_Q1_v2_derived_policy,no_joint_A_B_or_bridge_interval,conditional_v8_fixed_policy_feasible,1.0412810667739754e+19,1.0137598891017545,23.174424384939215,2.5567566143320777,2.6858272550721307,2.5108399051834023,-0.06737146220598264,0.9348478761773423,1.4095981136683785e+20,3.849142582390452e+19,1.1644060306301682e+19,1.9109529749704406e+20,1.0,budget,2.5108399051834027,-4.1515585466160513e-16,0.0,convex_logN_reduction_floating_point
2.053525026457146e+20,8192,logarithmic,0.5,0.6713607648391644,1.6754490814383751,0.5814185814185814,observed_512,direct_and_near,172,False,CYJ_v8_Q1_v2_derived_policy,no_joint_A_B_or_bridge_interval,conditional_v8_fixed_policy_feasible,1.0412810667739754e+19,1.0468997742460564,24.161698173062437,2.546950523617279,2.6751699701354257,2.500876964994507,-0.06737146220598264,0.9348478761773423,1.5176925817668252e+20,4.144312543277944e+19,1.214011903625265e+19,2.053525026457146e+20,1.0,budget,2.500876964994507,0.0,-2.7755575615628914e-17,convex_logN_reduction_floating_point
2.20673406908459e+20,8192,logarithmic,0.5,0.6713607648391644,1.6754490814383751,0.5814185814185814,observed_512,direct_and_near,172,False,CYJ_v8_Q1_v2_derived_policy,no_joint_A_B_or_bridge_interval,conditional_v8_fixed_policy_feasible,1.0412810667739754e+19,1.081217057925603,25.187516226008714,2.5372649084669527,2.6646320997420476,2.4910256592378253,-0.06737146220598264,0.9348478761773423,1.633990331420312e+20,4.4618829316650656e+19,1.2655544449777144e+19,2.2067340690845896e+20,0.9999999999999999,budget,2.4910256592378253,0.0,-2.7755575615628914e-17,convex_logN_reduction_floating_point
2.3713737056616553e+20,8192,logarithmic,0.5,0.6713607648391644,1.6754490814383751,0.5814185814185814,observed_512,direct_and_near,172,False,CYJ_v8_Q1_v2_derived_policy,no_joint_A_B_or_bridge_interval,conditional_v8_fixed_policy_feasible,1.0412810667739754e+19,1.1167552595827648,26.25327857542127,2.5276979845925993,2.6542118697028867,2.4812843293164364,-0.06737146220598264,0.9348478761773423,1.7591092158235928e+20,4.803540898675625e+19,1.3191039997049962e+19,2.371373705661655e+20,0.9999999999999999,budget,2.4812843293164364,0.0,-2.7755575615628914e-17,convex_logN_reduction_floating_point
2.5482967479793464e+20,8192,logarithmic,0.5,0.6713607648391644,1.6754490814383751,0.5814185814185814,observed_512,direct_and_near,172,False,CYJ_v8_Q1_v2_derived_policy,no_joint_A_B_or_bridge_interval,conditional_v8_fixed_policy_feasible,1.0412810667739754e+19,1.153559549637291,27.36043412769681,2.518248003296973,2.6439075413046895,2.471651349797948,-0.06737146220598264,0.9348478761773423,1.893713404213602e+20,5.171100069105942e+19,1.374733368551505e+19,2.5482967479793467e+20,1.0000000000000002,budget,2.471651349797948,0.0,-2.7755575615628914e-17,convex_logN_reduction_floating_point
2.7384196342643612e+20,8192,logarithmic,0.5,0.6713607648391644,1.6754490814383751,0.5814185814185814,observed_512,direct_and_near,172,False,CYJ_v8_Q1_v2_derived_policy,no_joint_A_B_or_bridge_interval,conditional_v8_fixed_policy_feasible,1.0412810667739754e+19,1.1916768143711898,28.510482325666768,2.5089132506204375,2.633717410445312,2.4621251276060896,-0.06737146220598264,0.9348478761773423,2.038516845242201e+20,5.5665099987413705e+19,1.4325178914802323e+19,2.7384196342643615e+20,1.0000000000000002,budget,2.4621251276060896,0.0,-2.7755575615628914e-17,convex_logN_reduction_floating_point
2.942727176209282e+20,8192,logarithmic,0.5,0.6713607648391644,1.6754490814383751,0.5814185814185814,observed_512,direct_and_near,172,False,CYJ_v8_Q1_v2_derived_policy,no_joint_A_B_or_bridge_interval,conditional_v8_fixed_policy_feasible,1.0412810667739754e+19,1.2311557234863442,29.704974861828664,2.4996920465057926,2.6236398067879168,2.4527041012300166,-0.06737146220598264,0.9348478761773423,2.1942869890295002e+20,5.991866338043222e+19,1.4925355337545988e+19,2.942727176209282e+20,1.0,budget,2.4527041012300166,0.0,-2.7755575615628914e-17,convex_logN_reduction_floating_point
3.1622776601683794e+20,8192,logarithmic,0.5,0.6713607648391644,1.6754490814383751,0.5814185814185814,observed_512,direct_and_near,172,False,CYJ_v8_Q1_v2_derived_policy,no_joint_A_B_or_bridge_interval,conditional_v8_fixed_policy_feasible,1.0412810667739754e+19,1.2720468004499252,30.945517444431182,2.4905827439814003,2.613673092933947,2.443386739951166,-0.06737146220598264,0.9348478761773423,2.361848787207362e+20,6.449421754934237e+19,1.5548669746759387e+19,3.16227766016838e+20,1.0000000000000002,budget,2.4433867399511664,-4.1515585466160513e-16,0.0,convex_logN_reduction_floating_point
3.3982083289425596e+20,8192,logarithmic,0.5,0.6713607648391644,1.6754490814383751,0.5814185814185814,observed_512,direct_and_near,172,False,CYJ_v8_Q1_v2_derived_policy,no_joint_A_B_or_bridge_interval,conditional_v8_fixed_policy_feasible,1.0412810667739754e+19,1.3144024957478235,32.23377161774373,2.48158372836241,2.603815663614685,2.4341715430874853,-0.06737146220598264,0.9348478761773423,2.5420889917036626e+20,6.941597673345469e+19,1.6195956990434994e+19,3.39820832894256e+20,1.0000000000000002,budget,2.4341715430874853,0.0,-2.7755575615628914e-17,convex_logN_reduction_floating_point
3.651741272548377e+20,8192,logarithmic,0.5,0.6713607648391644,1.6754490814383751,0.5814185814185814,observed_512,direct_and_near,172,False,CYJ_v8_Q1_v2_derived_policy,no_joint_A_B_or_bridge_interval,conditional_v8_fixed_policy_feasible,1.0412810667739754e+19,1.3582772631717333,33.57145663786777,2.472693416469891,2.594065944901205,2.4250570392548623,-0.06737146220598264,0.9348478761773423,2.7359607745662933e+20,7.47099688841569e+19,1.6868080914051557e+19,3.651741272548378e+20,1.0000000000000002,budget,2.425057039254863,-8.303117093232103e-16,-2.7755575615628914e-17,convex_logN_reduction_floating_point
3.924189758484536e+20,8192,logarithmic,0.5,0.6713607648391644,1.6754490814383751,0.5814185814185814,observed_512,direct_and_near,172,False,CYJ_v8_Q1_v2_derived_policy,no_joint_A_B_or_bridge_interval,conditional_v8_fixed_policy_feasible,1.0412810667739754e+19,1.403727639271227,34.96035140547359,2.4639102558676895,2.5844223934325337,2.416041785645568,-0.06737146220598264,0.9348478761773423,2.9444886927898778e+20,8.040417123778226e+19,1.7565935331683578e+19,3.9241897584845364e+20,1.0000000000000002,budget,2.416041785645568,0.0,-2.7755575615628914e-17,convex_logN_reduction_floating_point
4.216965034285823e+20,8192,logarithmic,0.5,0.6713607648391644,1.6754490814383751,0.5814185814185814,observed_512,direct_and_near,172,False,CYJ_v8_Q1_v2_derived_policy,no_joint_A_B_or_bridge_interval,conditional_v8_fixed_policy_feasible,1.0412810667739754e+19,1.4508123261080779,36.402296456873124,2.455232724116774,2.5748834956617914,2.407124367323517,-0.06737146220598264,0.9348478761773423,3.1687740238963166e+20,8.652865601252875e+19,1.8290445026421936e+19,4.2169650342858234e+20,1.0000000000000002,budget,2.407124367323517,0.0,-2.7755575615628914e-17,convex_logN_reduction_floating_point
4.5315836376008176e+20,8192,logarithmic,0.5,0.6713607648391644,1.6754490814383751,0.5814185814185814,observed_512,direct_and_near,172,False,CYJ_v8_Q1_v2_derived_policy,no_joint_A_B_or_bridge_interval,conditional_v8_fixed_policy_feasible,1.0412810667739754e+19,1.4995922774563315,37.899196014865616,2.446659328046894,2.5654477671201206,2.39830339653615,-0.06737146220598264,0.9348478761773423,3.410000499941775e+20,9.311574698507674e+19,1.9042566780827558e+19,4.5315836376008176e+20,1.0,budget,2.39830339653615,0.0,-1.3877787807814457e-17,convex_logN_reduction_floating_point
4.8696752516586314e+20,8192,logarithmic,0.5,0.6713607648391644,1.6754490814383751,0.5814185814185814,observed_512,direct_and_near,172,False,CYJ_v8_Q1_v2_derived_policy,no_joint_A_B_or_bridge_interval,conditional_v8_fixed_policy_feasible,1.0412810667739754e+19,1.5501307885981812,39.45302010081861,2.4381886030452993,2.5561137516981587,2.389577512042722,-0.06737146220598264,0.9348478761773423,3.669440469687711e+20,1.002001877589391e+20,1.982329043815296e+19,4.8696752516586314e+20,1.0,budget,2.389577512042722,0.0,-1.3877787807814457e-17,convex_logN_reduction_floating_point
5.232991146814947e+20,8192,logarithmic,0.5,0.6713607648391644,1.6754490814383751,0.5814185814185814,observed_512,direct_and_near,172,False,CYJ_v8_Q1_v2_derived_policy,no_joint_A_B_or_bridge_interval,conditional_v8_fixed_policy_feasible,1.0412810667739754e+19,1.6024935898725328,41.065806709472554,2.429819112362318,2.546880020944841,2.3809453784587897,-0.06737146220598264,0.9348478761773423,3.948461520892453e+20,1.0781932259716992e+20,2.0633639995079467e+19,5.232991146814947e+20,1.0,budget,2.3809453784587897,0.0,-1.3877787807814457e-17,convex_logN_reduction_floating_point
5.6234132519034906e+20,8192,logarithmic,0.5,0.6713607648391644,1.6754490814383751,0.5814185814185814,observed_512,direct_and_near,172,False,CYJ_v8_Q1_v2_derived_policy,no_joint_A_B_or_bridge_interval,conditional_v8_fixed_policy_feasible,1.0412810667739754e+19,1.656748944140328,42.73966404798261,2.421549446433552,2.5377451733832848,2.3724056856166653,-0.06737146220598264,0.9348478761773423,4.248533597064451e+20,1.160132907571733e+20,2.1474674726730592e+19,5.6234132519034906e+20,1.0,budget,2.3724056856166653,0.0,-2.7755575615628914e-17,convex_logN_reduction_floating_point
6.042963902381328e+20,8192,logarithmic,0.5,0.6713607648391644,1.6754490814383751,0.5814185814185814,observed_512,direct_and_near,172,False,CYJ_v8_Q1_v2_derived_policy,no_joint_A_B_or_bridge_interval,conditional_v8_fixed_policy_feasible,1.0412810667739754e+19,1.7129677483382635,44.47677284073466,2.4133782222184648,2.5287078338435234,2.3639571479416257,-0.06737146220598264,0.9348478761773423,4.571236645580741e+20,1.2482523533532476e+20,2.234749034473391e+19,6.042963902381328e+20,1.0,budget,2.3639571479416257,0.0,-1.3877787807814457e-17,convex_logN_reduction_floating_point
6.493816315762113e+20,8192,logarithmic,0.5,0.6713607648391644,1.6754490814383751,0.5814185814185814,observed_512,direct_and_near,172,False,CYJ_v8_Q1_v2_derived_policy,no_joint_A_B_or_bridge_interval,conditional_v8_fixed_policy_feasible,1.0412810667739754e+19,1.771223639300368,46.27938870149812,2.4053040825551033,2.519766652811825,2.3555985038436256,-0.06737146220598264,0.9348478761773423,4.91826883682783e+20,1.3430152770431196e+20,2.3253220189116436e+19,6.493816315762113e+20,1.0,budget,2.3555985038436256,0.0,-4.163336342344337e-17,convex_logN_reduction_floating_point
6.978305848598663e+20,8192,logarithmic,0.5,0.6713607648391644,1.6754490814383751,0.5814185814185814,observed_512,direct_and_near,172,False,CYJ_v8_Q1_v2_derived_policy,no_joint_A_B_or_bridge_interval,conditional_v8_fixed_policy_feasible,1.0412810667739754e+19,1.8315931040352784,48.14984457449869,2.3973256955307285,2.5109203057963536,2.347328515124284,-0.06737146220598264,0.9348478761773423,5.2914553969813357e+20,1.4449200870690367e+20,2.419303645482913e+19,6.978305848598663e+20,1.0,budget,2.347328515124284,0.0,-1.3877787807814457e-17,convex_logN_reduction_floating_point
7.498942093324558e+20,8192,logarithmic,0.5,0.6713607648391644,1.6754490814383751,0.5814185814185814,observed_512,direct_and_near,172,False,CYJ_v8_Q1_v2_derived_policy,no_joint_A_B_or_bridge_interval,conditional_v8_fixed_policy_feasible,1.0412810667739754e+19,1.8941555946556474,50.09055324601872,2.3894417538680903,2.5021674927089013,2.339145966398902,-0.06737146220598264,0.9348478761773423,5.692758100220578e+20,1.554502478566899e+20,2.516815145370815e+19,7.498942093324559e+20,1.0000000000000002,budget,2.339145966398902,0.0,-1.3877787807814457e-17,convex_logN_reduction_floating_point
8.058421877614818e+20,8192,logarithmic,0.5,0.6713607648391644,1.6754490814383751,0.5814185814185814,observed_512,direct_and_near,172,False,CYJ_v8_Q1_v2_derived_policy,no_joint_A_B_or_bridge_interval,conditional_v8_fixed_policy_feasible,1.0412810667739754e+19,1.9589936481653039,52.10400992815174,2.3816509743270955,2.4935069372624326,2.331049664533255,-0.06737146220598264,0.9348478761773423,6.124285469591471e+20,1.6723382188964443e+20,2.6179818912690192e+19,8.058421877614818e+20,1.0,budget,2.331049664533255,0.0,-5.551115123125783e-17,convex_logN_reduction_floating_point
8.659643233600653e+20,8192,logarithmic,0.5,0.6713607648391644,1.6754490814383751,0.5814185814185814,observed_512,direct_and_near,172,False,CYJ_v8_Q1_v2_derived_policy,no_joint_A_B_or_bridge_interval,conditional_v8_fixed_policy_feasible,1.0412810667739754e+19,2.0261930113192994,54.19279491635892,2.3739520971216153,2.4849373863841664,2.323038438094914,-0.06737146220598264,0.9348478761773423,6.58830373940319e+20,1.7990461411063644e+20,2.7229335309109883e+19,8.659643233600653e+20,1.0,budget,2.323038438094914,0.0,-2.7755575615628914e-17,convex_logN_reduction_floating_point
9.30572040929699e+20,8192,logarithmic,0.5,0.6713607648391644,1.6754490814383751,0.5814185814185814,observed_512,direct_and_near,172,False,CYJ_v8_Q1_v2_derived_policy,no_joint_A_B_or_bridge_interval,conditional_v8_fixed_policy_feasible,1.0412810667739754e+19,2.095842770782011,56.359576322493695,2.36634388535116,2.476457609643914,2.315111136818831,-0.06737146220598264,0.9348478761773423,7.087248635990123e+20,1.9352913608677032e+20,2.8318041243916325e+19,9.30572040929699e+20,1.0,budget,2.3151111368188313,-4.1515585466160513e-16,-2.7755575615628914e-17,convex_logN_reduction_floating_point
1e+21,8192,logarithmic,0.5,0.6713607648391644,1.6754490814383751,0.5814185814185814,observed_512,direct_and_near,172,False,CYJ_v8_Q1_v2_derived_policy,no_joint_A_B_or_bridge_interval,conditional_v8_fixed_policy_feasible,1.0412810667739754e+19,2.1680354888190165,58.60711288497726,2.358825124447171,2.468066398697412,2.307266631086937,-0.06737146220598264,0.9348478761773423,7.623738037911177e+20,2.081788733552279e+20,2.9447322853654364e+19,1.0000000000000001e+21,1.0000000000000002,budget,2.3072666310869376,-4.1515585466160513e-16,0.0,convex_logN_reduction_floating_point
1.0746078283213176e+21,8192,logarithmic,0.5,0.6713607648391644,1.6754490814383751,0.5814185814185814,observed_512,direct_and_near,172,False,CYJ_v8_Q1_v2_derived_policy,no_joint_A_B_or_bridge_interval,conditional_v8_fixed_policy_feasible,1.0412810667739754e+19,2.2428673447694605,60.93825685782478,2.3513946216336445,2.459762566744348,2.299503811421482,-0.06737146220598264,0.9348478761773423,8.200585581215331e+20,2.2393065693771996e+20,3.0618613262064628e+19,1.0746078283213177e+21,1.0000000000000002,budget,2.299503811421482,0.0,-1.3877787807814457e-17,convex_logN_reduction_floating_point
1.1547819846894581e+21,8192,logarithmic,0.5,0.6713607648391644,1.6754490814383751,0.5814185814185814,observed_512,direct_and_near,172,False,CYJ_v8_Q1_v2_derived_policy,no_joint_A_B_or_bridge_interval,conditional_v8_fixed_policy_feasible,1.0412810667739754e+19,2.32043828255725,63.35595698023493,2.3440512054018297,2.451544948000808,2.291821587991848,-0.06737146220598264,0.9348478761773423,8.82081528029924e+20,2.4086706258737126e+20,3.183339407216286e+19,1.1547819846894582e+21,1.0000000000000002,budget,2.291821587991848,0.0,-1.3877787807814457e-17,convex_logN_reduction_floating_point
1.2409377607517195e+21,8192,logarithmic,0.5,0.6713607648391644,1.6754490814383751,0.5814185814185814,observed_512,direct_and_near,172,False,CYJ_v8_Q1_v2_derived_policy,no_joint_A_B_or_bridge_interval,conditional_v8_fixed_policy_feasible,1.0412810667739754e+19,2.4008521645115466,65.86326152846941,2.3367937249987283,2.4434123971858566,2.284218890134587,-0.06737146220598264,0.9348478761773423,9.487677240144952e+20,2.5907683983755815e+20,3.3093196899666117e+19,1.2409377607517193e+21,0.9999999999999998,budget,2.284218890134587,0.0,-1.3877787807814457e-17,convex_logN_reduction_floating_point
1.333521432163324e+21,8192,logarithmic,0.5,0.6713607648391644,1.6754490814383751,0.5814185814185814,observed_512,direct_and_near,172,False,CYJ_v8_Q1_v2_derived_policy,no_joint_A_B_or_bridge_interval,conditional_v8_fixed_policy_feasible,1.0412810667739754e+19,2.4842169317798244,68.46332145175815,2.3296210499291132,2.435363789021957,2.2766946658863816,-0.06737146220598264,0.9348478761773423,1.0204664541380548e+21,2.786553730766315e+20,3.4399604948637884e+19,1.333521432163324e+21,1.0,budget,2.2766946658863816,0.0,-1.3877787807814457e-17,convex_logN_reduction_floating_point
1.4330125702369627e+21,8192,logarithmic,0.5,0.6713607648391644,1.6754490814383751,0.5814185814185814,observed_512,direct_and_near,172,False,CYJ_v8_Q1_v2_derived_policy,no_joint_A_B_or_bridge_interval,conditional_v8_fixed_policy_feasible,1.0412810667739754e+19,2.5706447716301204,71.15939359397558,2.3225320694708014,2.4273980177489474,2.269247881529694,-0.06737146220598264,0.9348478761773423,1.0975531385683391e+21,2.997051770383945e+20,3.5754254630229193e+19,1.4330125702369627e+21,1.0,budget,2.269247881529695,-8.303117093232103e-16,-2.7755575615628914e-17,convex_logN_reduction_floating_point
1.539926526059492e+21,8192,logarithmic,0.5,0.6713607648391644,1.6754490814383751,0.5814185814185814,observed_512,direct_and_near,172,False,CYJ_v8_Q1_v2_derived_policy,no_joint_A_B_or_bridge_interval,conditional_v8_fixed_policy_feasible,1.0412810667739754e+19,2.6602522919531943,73.95484400283988,2.3155256922029035,2.419513996651282,2.2618775211508044,-0.06737146220598264,0.9348478761773423,1.1804312595575743e+21,3.223364292765216e+20,3.7158837225395855e+19,1.539926526059492e+21,1.0,budget,2.2618775211508044,0.0,-1.3877787807814457e-17,convex_logN_reduction_floating_point
1.6548170999431815e+21,8192,logarithmic,0.5,0.6713607648391644,1.6754490814383751,0.5814185814185814,observed_512,direct_and_near,172,False,CYJ_v8_Q1_v2_derived_policy,no_joint_A_B_or_bridge_interval,conditional_v8_fixed_policy_feasible,1.0412810667739754e+19,2.753160703290095,76.85315132839011,2.3086008455467626,2.41171065759824,2.254582586209976,-0.06737146220598264,0.9348478761773423,1.2695344569679838e+21,3.4666754238272406e+20,3.861510059247372e+19,1.6548170999431815e+21,1.0,budget,2.254582586209976,0.0,-5.551115123125783e-17,convex_logN_reduction_floating_point
1.7782794100389228e+21,8192,logarithmic,0.5,0.6713607648391644,1.6754490814383751,0.5814185814185814,observed_512,direct_and_near,172,False,CYJ_v8_Q1_v2_derived_policy,no_joint_A_B_or_bridge_interval,conditional_v8_fixed_policy_feasible,1.0412810667739754e+19,2.8494960087260974,79.85791031249948,2.3017564753193325,2.4039869505968254,2.247362095123488,-0.06737146220598264,0.9348478761773423,1.3653287802040437e+21,3.728257789143842e+20,4.012485092049521e+19,1.778279410038923e+21,1.0000000000000002,budget,2.247362095123488,0.0,-1.3877787807814457e-17,convex_logN_reduction_floating_point
1.9109529749704406e+21,8192,logarithmic,0.5,0.6713607648391644,1.6754490814383751,0.5814185814185814,observed_512,direct_and_near,172,False,CYJ_v8_Q1_v2_derived_policy,no_joint_A_B_or_bridge_interval,conditional_v8_fixed_policy_feasible,1.0412810667739754e+19,2.949389202008309,82.97283537118105,2.294991545298689,2.396341843357054,2.2402150828572394,-0.06737146220598264,0.9348478761773423,1.4683151082226466e+21,4.0094791221866404e+20,4.168995452912983e+19,1.9109529749704406e+21,1.0,budget,2.2402150828572394,0.0,-1.3877787807814457e-17,convex_logN_reduction_floating_point
2.053525026457146e+21,8192,logarithmic,0.5,0.6713607648391644,1.6754490814383751,0.5814185814185814,observed_512,direct_and_near,172,False,CYJ_v8_Q1_v2_derived_policy,no_joint_A_B_or_bridge_interval,conditional_v8_fixed_policy_feasible,1.0412810667739754e+19,3.0529764742613343,86.20176427143844,2.2883050368014253,2.38877432086935,2.233140600531685,-0.06737146220598264,0.9348478761773423,1.5790317501631368e+21,4.311809365778805e+20,4.331233971612898e+19,2.053525026457146e+21,1.0,budget,2.233140600531685,0.0,-1.3877787807814457e-17,convex_logN_reduction_floating_point
2.20673406908459e+21,8192,logarithmic,0.5,0.6713607648391644,1.6754490814383751,0.5814185814185814,observed_512,direct_and_near,172,False,CYJ_v8_Q1_v2_derived_policy,no_joint_A_B_or_bridge_interval,conditional_v8_fixed_policy_feasible,1.0412810667739754e+19,3.16039942969334,89.54866190440852,2.2816959482716426,2.381283384993756,2.2261377150378054,-0.06737146220598264,0.9348478761773423,1.6980572400749663e+21,4.636828303564708e+20,4.4993998653153075e+19,2.2067340690845902e+21,1.0000000000000002,budget,2.2261377150378054,0.0,-1.3877787807814457e-17,convex_logN_reduction_floating_point
2.3713737056616553e+21,8192,logarithmic,0.5,0.6713607648391644,1.6754490814383751,0.5814185814185814,observed_512,direct_and_near,172,False,CYJ_v8_Q1_v2_derived_policy,no_joint_A_B_or_bridge_interval,conditional_v8_fixed_policy_feasible,1.0412810667739754e+19,3.271805310703759,93.0176241565323,2.2751632948812706,2.373868054060676,2.219205508663863,-0.06737146220598264,0.9348478761773423,1.826013340226332e+21,4.9862337610447035e+20,4.673698933085311e+19,2.3713737056616553e+21,1.0,budget,2.219205508663863,0.0,-1.3877787807814457e-17,convex_logN_reduction_floating_point
2.5482967479793463e+21,8192,logarithmic,0.5,0.6713607648391644,1.6754490814383751,0.5814185814185814,observed_512,direct_and_near,172,False,CYJ_v8_Q1_v2_derived_policy,no_joint_A_B_or_bridge_interval,conditional_v8_fixed_policy_feasible,1.0412810667739754e+19,3.3873472328237053,96.6128818804781,2.2687061081414432,2.366527362482866,2.2123430787326748,-0.06737146220598264,0.9348478761773423,1.963568268557766e+21,5.3618504186750724e+20,4.85434375540732e+19,2.5482967479793463e+21,1.0,budget,2.2123430787326748,0.0,-2.7755575615628914e-17,convex_logN_reduction_floating_point
2.7384196342643614e+21,8192,logarithmic,0.5,0.6713607648391644,1.6754490814383751,0.5814185814185814,observed_512,direct_and_near,172,False,CYJ_v8_Q1_v2_derived_policy,no_joint_A_B_or_bridge_interval,conditional_v8_fixed_policy_feasible,1.0412810667739754e+19,3.507184429941034,100.33880496752276,2.2623234355246713,2.3592603603783937,2.2055495372491327,-0.06737146220598264,0.9348478761773423,2.1114401670059152e+21,5.7656392827041527e+20,5.0415538988030935e+19,2.7384196342643614e+21,1.0,budget,2.205549537249133,-4.1515585466160513e-16,-2.7755575615628914e-17,convex_logN_reduction_floating_point
2.9427271762092816e+21,8192,logarithmic,0.5,0.6713607648391644,1.6754490814383751,0.5814185814185814,observed_512,direct_and_near,172,False,CYJ_v8_Q1_v2_derived_policy,no_joint_A_B_or_bridge_interval,conditional_v8_fixed_policy_feasible,1.0412810667739754e+19,3.6314825102838015,104.19990652307993,2.25601434009753,2.3520661132042817,2.1988240105577193,-0.06737146220598264,0.9348478761773423,2.2704008286706304e+21,6.199707862823269e+20,5.23555612563243e+19,2.9427271762092816e+21,1.0,budget,2.1988240105577193,0.0,-2.7755575615628914e-17,convex_logN_reduction_floating_point
3.1622776601683794e+21,8192,logarithmic,0.5,0.6713607648391644,1.6754490814383751,0.5814185814185814,observed_512,direct_and_near,172,False,CYJ_v8_Q1_v2_derived_policy,no_joint_A_B_or_bridge_interval,conditional_v8_fixed_policy_feasible,1.0412810667739754e+19,3.7604137236590374,108.20084714703609,2.2497779001636116,2.3449437014005623,2.1921656390097515,-0.06737146220598264,0.9348478761773423,2.44127970313949e+21,6.6663211093729e+20,5.436584609159962e+19,3.1622776601683794e+21,1.0,budget,2.1921656390097515,0.0,-1.3877787807814457e-17,convex_logN_reduction_floating_point
3.3982083289425594e+21,8192,logarithmic,0.5,0.6713607648391644,1.6754490814383751,0.5814185814185814,observed_512,direct_and_near,172,False,CYJ_v8_Q1_v2_derived_policy,no_joint_A_B_or_bridge_interval,conditional_v8_fixed_policy_feasible,1.0412810667739754e+19,3.894157240467806,112.34643932052981,2.243613208916476,2.3378922200444765,2.1855735766401105,-0.06737146220598264,0.9348478761773423,2.6249682007249094e+21,7.167913166779486e+20,5.6448811539702145e+19,3.3982083289425594e+21,1.0,budget,2.185573576640111,-4.1515585466160513e-16,-2.7755575615628914e-17,convex_logN_reduction_floating_point
3.651741272548377e+21,8192,logarithmic,0.5,0.6713607648391644,1.6754490814383751,0.5814185814185814,observed_512,direct_and_near,172,False,CYJ_v8_Q1_v2_derived_policy,no_joint_A_B_or_bridge_interval,conditional_v8_fixed_policy_feasible,1.0412810667739754e+19,4.032899443043067,116.64165190077578,2.2375193741023462,2.330910778514539,2.1790469908531924,-0.06737146220598264,0.9348478761773423,2.8224243179175716e+21,7.707100004126915e+20,5.860695421811418e+19,3.651741272548377e+21,1.0,budget,2.1790469908531924,0.0,-1.3877787807814457e-17,convex_logN_reduction_floating_point
3.924189758484536e+21,8192,logarithmic,0.5,0.6713607648391644,1.6754490814383751,0.5814185814185814,observed_512,direct_and_near,172,False,CYJ_v8_Q1_v2_derived_policy,no_joint_A_B_or_bridge_interval,conditional_v8_fixed_policy_feasible,1.0412810667739754e+19,4.176834229883518,121.09161472549893,2.2314955176922857,2.3239985001642074,2.172585062117838,-0.06737146220598264,0.9348478761773423,3.034677608023986e+21,8.28669298831083e+20,6.0842851629466984e+19,3.9241897584845364e+21,1.0000000000000002,budget,2.172585062117838,0.0,-1.3877787807814457e-17,convex_logN_reduction_floating_point
4.2169650342858226e+21,8192,logarithmic,0.5,0.6713607648391644,1.6754490814383751,0.5814185814185814,observed_512,direct_and_near,172,False,CYJ_v8_Q1_v2_derived_policy,no_joint_A_B_or_bridge_interval,conditional_v8_fixed_policy_feasible,1.0412810667739754e+19,4.326163333384834,125.70162332849955,2.2255407755636165,2.317154522004897,2.166186983671003,-0.06737146220598264,0.9348478761773423,3.2628345227442384e+21,8.909713470106934e+20,6.315916453089095e+19,4.216965034285823e+21,1.0000000000000002,budget,2.166186983671003,0.0,-1.3877787807814457e-17,convex_logN_reduction_floating_point
4.5315836376008176e+21,8192,logarithmic,0.5,0.6713607648391644,1.6754490814383751,0.5814185814185814,observed_512,direct_and_near,172,False,CYJ_v8_Q1_v2_derived_policy,no_joint_A_B_or_bridge_interval,conditional_v8_fixed_policy_feasible,1.0412810667739754e+19,4.481096651699152,130.47714376782704,2.219654297190327,2.3103779943980776,2.1598519612299105,-0.06737146220598264,0.9348478761773423,3.508084152367672e+21,9.57940845873199e+20,6.555863935994619e+19,4.531583637600817e+21,0.9999999999999999,budget,2.1598519612299105,0.0,-1.3877787807814457e-17,convex_logN_reduction_floating_point
4.869675251658631e+21,8192,logarithmic,0.5,0.6713607648391644,1.6754490814383751,0.5814185814185814,observed_512,direct_and_near,172,False,CYJ_v8_Q1_v2_derived_policy,no_joint_A_B_or_bridge_interval,conditional_v8_fixed_policy_feasible,1.0412810667739754e+19,4.641852595384887,135.42381756798449,2.2138352453422208,2.303668080756204,2.1535792127124718,-0.06737146220598264,0.9348478761773423,3.7717043943292697e+21,1.0299267466115126e+21,6.804411071784835e+19,4.869675251658631e+21,1.0,budget,2.1535792127124718,0.0,-1.3877787807814457e-17,convex_logN_reduction_floating_point
5.232991146814947e+21,8192,logarithmic,0.5,0.6713607648391644,1.6754490814383751,0.5814185814185814,observed_512,direct_and_near,172,False,CYJ_v8_Q1_v2_derived_policy,no_joint_A_B_or_bridge_interval,conditional_v8_fixed_policy_feasible,1.0412810667739754e+19,4.808658449541624,140.54746677752885,2.2080827957925764,2.2970239572522275,2.147367967965719,-0.06737146220598264,0.9348478761773423,4.055068582088609e+21,1.1073040608156628e+21,7.061850391067526e+19,5.232991146814946e+21,0.9999999999999998,budget,2.147367967965719,0.0,-1.3877787807814457e-17,convex_logN_reduction_floating_point
5.623413251903491e+21,8192,logarithmic,0.5,0.6713607648391644,1.6754490814383751,0.5814185814185814,observed_512,direct_and_near,172,False,CYJ_v8_Q1_v2_derived_policy,no_joint_A_B_or_bridge_interval,conditional_v8_fixed_policy_feasible,1.0412810667739754e+19,4.981750752159277,145.85409914336904,2.202396137034074,2.2904448125374475,2.141217468502044,-0.06737146220598264,0.9348478761773423,4.3596526086779547e+21,1.190475805676327e+21,7.3284837549208805e+19,5.62341325190349e+21,0.9999999999999998,budget,2.141217468502044,0.0,-1.3877787807814457e-17,convex_logN_reduction_floating_point
6.042963902381328e+21,8192,logarithmic,0.5,0.6713607648391644,1.6754490814383751,0.5814185814185814,observed_512,direct_and_near,172,False,CYJ_v8_Q1_v2_derived_policy,no_joint_A_B_or_bridge_interval,conditional_v8_fixed_policy_feasible,1.0412810667739754e+19,5.161375689446927,151.34991340299277,2.1967744700027625,2.283929847467459,2.1351269672429956,-0.06737146220598264,0.9348478761773423,4.687042581828627e+21,1.2798750943446704e+21,7.604622620803047e+19,6.042963902381328e+21,1.0,budget,2.1351269672429956,0.0,-1.3877787807814457e-17,convex_logN_reduction_floating_point
6.493816315762113e+21,8192,logarithmic,0.5,0.6713607648391644,1.6754490814383751,0.5814185814185814,observed_512,direct_and_near,172,False,CYJ_v8_Q1_v2_derived_policy,no_joint_A_B_or_bridge_interval,conditional_v8_fixed_policy_feasible,1.0412810667739754e+19,5.3477895089448735,157.041304695777,2.191217007809837,2.2774782748359628,2.1290957282704372,-0.06737146220598264,0.9348478761773423,5.038943050338549e+21,1.3759673822791131e+21,7.89058831444508e+19,6.493816315762113e+21,1.0,budget,2.1290957282704372,0.0,-1.3877787807814457e-17,convex_logN_reduction_floating_point
6.978305848598664e+21,8192,logarithmic,0.5,0.6713607648391644,1.6754490814383751,0.5814185814185814,observed_512,direct_and_near,172,False,CYJ_v8_Q1_v2_derived_policy,no_joint_A_B_or_bridge_interval,conditional_v8_fixed_policy_feasible,1.0412810667739754e+19,5.54125895126353,162.93487009445457,2.1857229754810064,2.2710893191162094,2.123123026584835,-0.06737146220598264,0.9348478761773423,5.417185844303141e+21,1.479252881217711e+21,8.18671230778117e+19,6.978305848598663e+21,0.9999999999999999,budget,2.123123026584835,0.0,-1.3877787807814457e-17,convex_logN_reduction_floating_point
7.498942093324559e+21,8192,logarithmic,0.5,0.6713607648391644,1.6754490814383751,0.5814185814185814,observed_512,direct_and_near,172,False,CYJ_v8_Q1_v2_derived_policy,no_joint_A_B_or_bridge_interval,conditional_v8_fixed_policy_feasible,1.0412810667739754e+19,5.7420617013350626,169.03741425771787,2.1802916097032274,2.2647622162098466,2.1172081478704663,-0.06737146220598264,0.9348478761773423,5.823739575011707e+21,1.5902691532831968e+21,8.49333650296544e+19,7.498942093324559e+21,1.0,budget,2.1172081478704663,0.0,-1.3877787807814457e-17,convex_logN_reduction_floating_point
8.058421877614818e+21,8192,logarithmic,0.5,0.6713607648391644,1.6754490814383751,0.5814185814185814,observed_512,direct_and_near,172,False,CYJ_v8_Q1_v2_derived_policy,no_joint_A_B_or_bridge_interval,conditional_v8_fixed_policy_feasible,1.0412810667739754e+19,5.950486860108075,175.3559552048442,2.174922158578602,2.2584962132029562,2.1113503882673537,-0.06737146220598264,0.9348478761773423,6.260719843728754e+21,1.709593898660865e+21,8.810813522519764e+19,8.058421877614817e+21,0.9999999999999999,budget,2.1113503882673537,0.0,-1.3877787807814457e-17,convex_logN_reduction_floating_point
8.659643233600654e+21,8192,logarithmic,0.5,0.6713607648391644,1.6754490814383751,0.5814185814185814,observed_512,direct_and_near,172,False,CYJ_v8_Q1_v2_derived_policy,no_joint_A_B_or_bridge_interval,conditional_v8_fixed_policy_feasible,1.0412810667739754e+19,6.166835437662478,181.89773021312175,2.1696138813852133,2.2522905681290553,2.1055490541497073,-0.06737146220598264,0.9348478761773423,6.730400212251889e+21,1.8378479512922486e+21,9.139507005651732e+19,8.659643233600653e+21,0.9999999999999999,budget,2.1055490541497073,0.0,-2.7755575615628914e-17,convex_logN_reduction_floating_point
9.30572040929699e+21,8192,logarithmic,0.5,0.6713607648391644,1.6754490814383751,0.5814185814185814,observed_512,direct_and_near,172,False,CYJ_v8_Q1_v2_derived_policy,no_joint_A_B_or_bridge_interval,conditional_v8_fixed_policy_feasible,1.0412810667739754e+19,6.391420868770906,188.6702018387419,2.1643660483447102,2.246144549738863,2.099803461910689,-0.06737146220598264,0.9348478761773423,7.235223992084123e+21,1.9756984981051047e+21,9.479791910776226e+19,9.30572040929699e+21,1.0,budget,2.099803461910689,0.0,-1.3877787807814457e-17,convex_logN_reduction_floating_point
1e+22,8192,logarithmic,0.5,0.6713607648391644,1.6754490814383751,0.5814185814185814,observed_512,direct_and_near,172,False,CYJ_v8_Q1_v2_derived_policy,no_joint_A_B_or_bridge_interval,conditional_v8_fixed_policy_feasible,1.0412810667739754e+19,6.624569551985024,195.68106406170244,2.1591779403964284,2.240057437276611,2.0941129377533003,-0.06737146220598264,0.9348478761773423,7.777816913299109e+21,2.1238625384582102e+21,9.832054824267956e+19,1e+22,1.0,budget,2.0941129377533003,0.0,-2.7755575615628914e-17,convex_logN_reduction_floating_point
1.0746078283213176e+22,8192,logarithmic,0.5,0.6713607648391644,1.6754490814383751,0.5814185814185814,observed_512,direct_and_near,172,False,CYJ_v8_Q1_v2_derived_policy,no_joint_A_B_or_bridge_interval,conditional_v8_fixed_policy_feasible,1.0412810667739754e+19,6.866621413379614,202.93824855513571,2.154048848977862,2.234028520262718,2.088476817487213,-0.06737146220598264,0.9348478761773423,8.361000738734697e+21,2.2831106017238214e+21,1.019669427546577e+20,1.0746078283213176e+22,1.0,budget,2.088476817487213,0.0,-4.163336342344337e-17,convex_logN_reduction_floating_point
1.154781984689458e+22,8192,logarithmic,0.5,0.6713607648391644,1.6754490814383751,0.5814185814185814,observed_512,direct_and_near,172,False,CYJ_v8_Q1_v2_derived_policy,no_joint_A_B_or_bridge_interval,conditional_v8_fixed_policy_feasible,1.0412810667739754e+19,7.117930496145007,210.44993107933556,2.1489780758112857,2.2280570982826045,2.082894446331345,-0.06737146220598264,0.9348478761773423,8.987807894047304e+21,2.454270742267851e+21,1.0574121057942485e+20,1.154781984689458e+22,1.0,budget,2.082894446331345,0.0,-2.7755575615628914e-17,convex_logN_reduction_floating_point
1.2409377607517196e+22,8192,logarithmic,0.5,0.6713607648391644,1.6754490814383751,0.5814185814185814,observed_512,direct_and_near,172,False,CYJ_v8_Q1_v2_derived_policy,no_joint_A_B_or_bridge_interval,conditional_v8_fixed_policy_feasible,1.0412810667739754e+19,7.378865577278987,218.22453800061112,2.1439649326963486,2.2221424807814865,2.0773651787220233,-0.06737146220598264,0.9348478761773423,9.661497189421917e+21,2.638232832524811e+21,1.0964758557046697e+20,1.2409377607517194e+22,0.9999999999999998,budget,2.0773651787220233,0.0,-1.3877787807814457e-17,convex_logN_reduction_floating_point
1.3335214321633241e+22,8192,logarithmic,0.5,0.6713607648391644,1.6754490814383751,0.5814185814185814,observed_512,direct_and_near,172,False,CYJ_v8_Q1_v2_derived_policy,no_joint_A_B_or_bridge_interval,conditional_v8_fixed_policy_feasible,1.0412810667739754e+19,7.649810812693233,226.2707529349339,2.1390087413084538,2.216283986864942,2.071888378126544,-0.06737146220598264,0.9348478761773423,1.038557071438738e+22,2.835953176408714e+21,1.1369043083714847e+20,1.3335214321633241e+22,1.0,budget,2.071888378126544,0.0,-2.7755575615628914e-17,convex_logN_reduction_floating_point
1.4330125702369628e+22,8192,logarithmic,0.5,0.6713607648391644,1.6754490814383751,0.5814185814185814,observed_512,direct_and_near,172,False,CYJ_v8_Q1_v2_derived_policy,no_joint_A_B_or_bridge_interval,conditional_v8_fixed_policy_feasible,1.0412810667739754e+19,7.931166412116782,234.59752351617664,2.1341088330027453,2.21048094510507,2.0664634168619593,-0.06737146220598264,0.9348478761773423,1.1163791993263662e+22,3.0484594669605303e+21,1.1787424214543453e+20,1.4330125702369626e+22,0.9999999999999999,budget,2.0664634168619593,0.0,-1.3877787807814457e-17,convex_logN_reduction_floating_point
1.539926526059492e+22,8192,logarithmic,0.5,0.6713607648391644,1.6754490814383751,0.5814185814185814,observed_512,direct_and_near,172,False,CYJ_v8_Q1_v2_derived_policy,no_joint_A_B_or_bridge_interval,conditional_v8_fixed_policy_feasible,1.0412810667739754e+19,8.22334934524977,243.21406828856624,2.129264548623536,2.204732693352082,2.0610896759189457,-0.06737146220598264,0.9348478761773423,1.2000205495297884e+22,3.276856113916009e+21,1.2220365138102518e+20,1.539926526059492e+22,1.0,budget,2.0610896759189457,0.0,-1.3877787807814457e-17,convex_logN_reduction_floating_point
1.6548170999431814e+22,8192,logarithmic,0.5,0.6713607648391644,1.6754490814383751,0.5814185814185814,observed_512,direct_and_near,172,False,CYJ_v8_Q1_v2_derived_policy,no_joint_A_B_or_bridge_interval,conditional_v8_fixed_policy_feasible,1.0412810667739754e+19,8.526794080695714,252.12988372277937,2.1244752383189978,2.199038578551131,2.0557665447905666,-0.06737146220598264,0.9348478761773423,1.2899157600563362e+22,3.5223299687938355e+21,1.2668343007461387e+20,1.6548170999431812e+22,0.9999999999999999,budget,2.0557665447905666,0.0,-1.3877787807814457e-17,convex_logN_reduction_floating_point
1.7782794100389228e+22,8192,logarithmic,0.5,0.6713607648391644,1.6754490814383751,0.5814185814185814,observed_512,direct_and_near,172,False,CYJ_v8_Q1_v2_derived_policy,no_joint_A_B_or_bridge_interval,conditional_v8_fixed_policy_feasible,1.0412810667739754e+19,8.841953359279332,261.35475135491004,2.119740261360962,2.1933979565642305,2.0504934213057933,-0.06737146220598264,0.9348478761773423,1.3865319130236969e+22,3.7861564771633746e+21,1.313184929888836e+20,1.7782794100389225e+22,0.9999999999999999,budget,2.0504934213057933,0.0,-1.3877787807814457e-17,convex_logN_reduction_floating_point
1.9109529749704407e+22,8192,logarithmic,0.5,0.6713607648391644,1.6754490814383751,0.5814185814185814,observed_512,direct_and_near,172,False,CYJ_v8_Q1_v2_derived_policy,no_joint_A_B_or_bridge_interval,conditional_v8_fixed_policy_feasible,1.0412810667739754e+19,9.169299003440134,270.8987450473238,2.115058985969662,2.1878101919970954,2.045269711467628,-0.06737146220598264,0.9348478761773423,1.4903709557973655e+22,4.0697062899640057e+21,1.3611390176674528e+20,1.9109529749704407e+22,1.0,budget,2.0452697114676286,-4.1515585466160513e-16,-2.7755575615628914e-17,convex_logN_reduction_floating_point
2.053525026457146e+22,8192,logarithmic,0.5,0.6713607648391644,1.6754490814383751,0.5814185814185814,observed_512,direct_and_near,172,False,CYJ_v8_Q1_v2_derived_policy,no_joint_A_B_or_bridge_interval,conditional_v8_fixed_policy_feasible,1.0412810667739754e+19,9.509322764479535,280.77223837019176,2.1104307891432663,2.182274658030739,2.0400948292956724,-0.06737146220598264,0.9348478761773423,1.6019723027805232e+22,4.3744523681260157e+21,1.4107486864021193e+20,2.053525026457146e+22,1.0,budget,2.0400948292956724,0.0,-2.7755575615628914e-17,convex_logN_reduction_floating_point
2.20673406908459e+22,8192,logarithmic,0.5,0.6713607648391644,1.6754490814383751,0.5814185814185814,observed_512,direct_and_near,172,False,CYJ_v8_Q1_v2_derived_policy,no_joint_A_B_or_bridge_interval,conditional_v8_fixed_policy_feasible,1.0412810667739754e+19,9.862537209531789,290.9859121022578,2.105855056492052,2.1767907362576855,2.0349681966730104,-0.06737146220598264,0.9348478761773423,1.7219156313348386e+22,4.7019776172983326e+21,1.462067601991823e+20,2.20673406908459e+22,1.0,budget,2.0349681966730104,0.0,-1.3877787807814457e-17,convex_logN_reduction_floating_point
2.371373705661655e+22,8192,logarithmic,0.5,0.6713607648391644,1.6754490814383751,0.5814185814185814,observed_512,direct_and_near,172,False,CYJ_v8_Q1_v2_derived_policy,no_joint_A_B_or_bridge_interval,conditional_v8_fixed_policy_feasible,1.0412810667739754e+19,10.286387226688708,299.893,2.1014160988990507,2.171358408144127,2.029889796273352,-0.06737146220598264,0.9348478761773423,1.850889314744014e+22,5.054161755460988e+21,1.5068215371541748e+20,2.3713737056616547e+22,0.9999999999999998,D_max;budget,2.029889796273352,0.0,-0.07456894760089591,convex_logN_reduction_floating_point
2.5482967479793465e+22,8192,logarithmic,0.5,0.6713607648391644,1.6754490814383751,0.5814185814185814,observed_512,direct_and_near,172,False,CYJ_v8_Q1_v2_derived_policy,no_joint_A_B_or_bridge_interval,conditional_v8_fixed_policy_feasible,1.0412810667739754e+19,11.05873993311963,299.893,2.097519613515358,2.166007793579592,2.024887785611453,-0.06737146220598264,0.9348478761773423,1.989863216857827e+22,5.433653157499773e+21,1.5068215371541748e+20,2.548296747979346e+22,0.9999999999999999,D_max;budget,2.024887785611453,0.0,-0.0732441993586845,convex_logN_reduction_floating_point
2.7384196342643614e+22,8192,logarithmic,0.5,0.6713607648391644,1.6754490814383751,0.5814185814185814,observed_512,direct_and_near,172,False,CYJ_v8_Q1_v2_derived_policy,no_joint_A_B_or_bridge_interval,conditional_v8_fixed_policy_feasible,1.0412810667739754e+19,11.888716197675455,299.893,2.093719476280597,2.16075414968645,2.0199764277757573,-0.06737146220598264,0.9348478761773423,2.139205660001691e+22,5.841457588911284e+21,1.5068215371541748e+20,2.738419634264361e+22,0.9999999999999999,D_max;budget,2.0199764277757573,0.0,-0.0719522080829103,convex_logN_reduction_floating_point
2.942727176209282e+22,8192,logarithmic,0.5,0.6713607648391644,1.6754490814383751,0.5814185814185814,observed_512,direct_and_near,172,False,CYJ_v8_Q1_v2_derived_policy,no_joint_A_B_or_bridge_interval,conditional_v8_fixed_policy_feasible,1.0412810667739754e+19,11.965825,299.893,2.093384524595647,2.1602893513304946,2.0195419120198412,-0.06737146220598264,0.9348478761773423,2.1530802940349996e+22,5.87934458957824e+21,1.5068215371541748e+20,2.7560829683643657e+22,0.936574409835252,N_max;D_max,2.0195419120198412,0.0,-0.0718383293916875,convex_logN_reduction_floating_point
3.1622776601683792e+22,8192,logarithmic,0.5,0.6713607648391644,1.6754490814383751,0.5814185814185814,observed_512,direct_and_near,172,False,CYJ_v8_Q1_v2_derived_policy,no_joint_A_B_or_bridge_interval,conditional_v8_fixed_policy_feasible,1.0412810667739754e+19,11.965825,299.893,2.093384524595647,2.1602893513304946,2.0195419120198412,-0.06737146220598264,0.9348478761773423,2.1530802940349996e+22,5.87934458957824e+21,1.5068215371541748e+20,2.7560829683643657e+22,0.8715499600429188,N_max;D_max,2.0195419120198412,0.0,-0.0718383293916875,convex_logN_reduction_floating_point
3.3982083289425593e+22,8192,logarithmic,0.5,0.6713607648391644,1.6754490814383751,0.5814185814185814,observed_512,direct_and_near,172,False,CYJ_v8_Q1_v2_derived_policy,no_joint_A_B_or_bridge_interval,conditional_v8_fixed_policy_feasible,1.0412810667739754e+19,11.965825,299.893,2.093384524595647,2.1602893513304946,2.0195419120198412,-0.06737146220598264,0.9348478761773423,2.1530802940349996e+22,5.87934458957824e+21,1.5068215371541748e+20,2.7560829683643657e+22,0.8110400250893365,N_max;D_max,2.0195419120198412,0.0,-0.0718383293916875,convex_logN_reduction_floating_point
3.651741272548377e+22,8192,logarithmic,0.5,0.6713607648391644,1.6754490814383751,0.5814185814185814,observed_512,direct_and_near,172,False,CYJ_v8_Q1_v2_derived_policy,no_joint_A_B_or_bridge_interval,conditional_v8_fixed_policy_feasible,1.0412810667739754e+19,11.965825,299.893,2.093384524595647,2.1602893513304946,2.0195419120198412,-0.06737146220598264,0.9348478761773423,2.1530802940349996e+22,5.87934458957824e+21,1.5068215371541748e+20,2.7560829683643657e+22,0.7547311714230582,N_max;D_max,2.0195419120198412,0.0,-0.0718383293916875,convex_logN_reduction_floating_point
3.924189758484536e+22,8192,logarithmic,0.5,0.6713607648391644,1.6754490814383751,0.5814185814185814,observed_512,direct_and_near,172,False,CYJ_v8_Q1_v2_derived_policy,no_joint_A_B_or_bridge_interval,conditional_v8_fixed_policy_feasible,1.0412810667739754e+19,11.965825,299.893,2.093384524595647,2.1602893513304946,2.0195419120198412,-0.06737146220598264,0.9348478761773423,2.1530802940349996e+22,5.87934458957824e+21,1.5068215371541748e+20,2.7560829683643657e+22,0.7023317265444177,N_max;D_max,2.0195419120198412,0.0,-0.0718383293916875,convex_logN_reduction_floating_point
4.2169650342858225e+22,8192,logarithmic,0.5,0.6713607648391644,1.6754490814383751,0.5814185814185814,observed_512,direct_and_near,172,False,CYJ_v8_Q1_v2_derived_policy,no_joint_A_B_or_bridge_interval,conditional_v8_fixed_policy_feasible,1.0412810667739754e+19,11.965825,299.893,2.093384524595647,2.1602893513304946,2.0195419120198412,-0.06737146220598264,0.9348478761773423,2.1530802940349996e+22,5.87934458957824e+21,1.5068215371541748e+20,2.7560829683643657e+22,0.653570268180118,N_max;D_max,2.0195419120198412,0.0,-0.0718383293916875,convex_logN_reduction_floating_point
4.531583637600818e+22,8192,logarithmic,0.5,0.6713607648391644,1.6754490814383751,0.5814185814185814,observed_512,direct_and_near,172,False,CYJ_v8_Q1_v2_derived_policy,no_joint_A_B_or_bridge_interval,conditional_v8_fixed_policy_feasible,1.0412810667739754e+19,11.965825,299.893,2.093384524595647,2.1602893513304946,2.0195419120198412,-0.06737146220598264,0.9348478761773423,2.1530802940349996e+22,5.87934458957824e+21,1.5068215371541748e+20,2.7560829683643657e+22,0.6081942183513431,N_max;D_max,2.0195419120198412,0.0,-0.0718383293916875,convex_logN_reduction_floating_point
4.869675251658631e+22,8192,logarithmic,0.5,0.6713607648391644,1.6754490814383751,0.5814185814185814,observed_512,direct_and_near,172,False,CYJ_v8_Q1_v2_derived_policy,no_joint_A_B_or_bridge_interval,conditional_v8_fixed_policy_feasible,1.0412810667739754e+19,11.965825,299.893,2.093384524595647,2.1602893513304946,2.0195419120198412,-0.06737146220598264,0.9348478761773423,2.1530802940349996e+22,5.87934458957824e+21,1.5068215371541748e+20,2.7560829683643657e+22,0.5659685350528524,N_max;D_max,2.0195419120198412,0.0,-0.0718383293916875,convex_logN_reduction_floating_point
5.2329911468149466e+22,8192,logarithmic,0.5,0.6713607648391644,1.6754490814383751,0.5814185814185814,observed_512,direct_and_near,172,False,CYJ_v8_Q1_v2_derived_policy,no_joint_A_B_or_bridge_interval,conditional_v8_fixed_policy_feasible,1.0412810667739754e+19,11.965825,299.893,2.093384524595647,2.1602893513304946,2.0195419120198412,-0.06737146220598264,0.9348478761773423,2.1530802940349996e+22,5.87934458957824e+21,1.5068215371541748e+20,2.7560829683643657e+22,0.5266744947661247,N_max;D_max,2.0195419120198412,0.0,-0.0718383293916875,convex_logN_reduction_floating_point
5.623413251903491e+22,8192,logarithmic,0.5,0.6713607648391644,1.6754490814383751,0.5814185814185814,observed_512,direct_and_near,172,False,CYJ_v8_Q1_v2_derived_policy,no_joint_A_B_or_bridge_interval,conditional_v8_fixed_policy_feasible,1.0412810667739754e+19,11.965825,299.893,2.093384524595647,2.1602893513304946,2.0195419120198412,-0.06737146220598264,0.9348478761773423,2.1530802940349996e+22,5.87934458957824e+21,1.5068215371541748e+20,2.7560829683643657e+22,0.49010855950013077,N_max;D_max,2.0195419120198412,0.0,-0.0718383293916875,convex_logN_reduction_floating_point
6.042963902381329e+22,8192,logarithmic,0.5,0.6713607648391644,1.6754490814383751,0.5814185814185814,observed_512,direct_and_near,172,False,CYJ_v8_Q1_v2_derived_policy,no_joint_A_B_or_bridge_interval,conditional_v8_fixed_policy_feasible,1.0412810667739754e+19,11.965825,299.893,2.093384524595647,2.1602893513304946,2.0195419120198412,-0.06737146220598264,0.9348478761773423,2.1530802940349996e+22,5.87934458957824e+21,1.5068215371541748e+20,2.7560829683643657e+22,0.45608132249115146,N_max;D_max,2.0195419120198412,0.0,-0.0718383293916875,convex_logN_reduction_floating_point
6.493816315762113e+22,8192,logarithmic,0.5,0.6713607648391644,1.6754490814383751,0.5814185814185814,observed_512,direct_and_near,172,False,CYJ_v8_Q1_v2_derived_policy,no_joint_A_B_or_bridge_interval,conditional_v8_fixed_policy_feasible,1.0412810667739754e+19,11.965825,299.893,2.093384524595647,2.1602893513304946,2.0195419120198412,-0.06737146220598264,0.9348478761773423,2.1530802940349996e+22,5.87934458957824e+21,1.5068215371541748e+20,2.7560829683643657e+22,0.42441652710050704,N_max;D_max,2.0195419120198412,0.0,-0.0718383293916875,convex_logN_reduction_floating_point
6.978305848598663e+22,8192,logarithmic,0.5,0.6713607648391644,1.6754490814383751,0.5814185814185814,observed_512,direct_and_near,172,False,CYJ_v8_Q1_v2_derived_policy,no_joint_A_B_or_bridge_interval,conditional_v8_fixed_policy_feasible,1.0412810667739754e+19,11.965825,299.893,2.093384524595647,2.1602893513304946,2.0195419120198412,-0.06737146220598264,0.9348478761773423,2.1530802940349996e+22,5.87934458957824e+21,1.5068215371541748e+20,2.7560829683643657e+22,0.39495015382821375,N_max;D_max,2.0195419120198412,0.0,-0.0718383293916875,convex_logN_reduction_floating_point
7.498942093324558e+22,8192,logarithmic,0.5,0.6713607648391644,1.6754490814383751,0.5814185814185814,observed_512,direct_and_near,172,False,CYJ_v8_Q1_v2_derived_policy,no_joint_A_B_or_bridge_interval,conditional_v8_fixed_policy_feasible,1.0412810667739754e+19,11.965825,299.893,2.093384524595647,2.1602893513304946,2.0195419120198412,-0.06737146220598264,0.9348478761773423,2.1530802940349996e+22,5.87934458957824e+21,1.5068215371541748e+20,2.7560829683643657e+22,0.36752957071341946,N_max;D_max,2.0195419120198412,0.0,-0.0718383293916875,convex_logN_reduction_floating_point
8.058421877614818e+22,8192,logarithmic,0.5,0.6713607648391644,1.6754490814383751,0.5814185814185814,observed_512,direct_and_near,172,False,CYJ_v8_Q1_v2_derived_policy,no_joint_A_B_or_bridge_interval,conditional_v8_fixed_policy_feasible,1.0412810667739754e+19,11.965825,299.893,2.093384524595647,2.1602893513304946,2.0195419120198412,-0.06737146220598264,0.9348478761773423,2.1530802940349996e+22,5.87934458957824e+21,1.5068215371541748e+20,2.7560829683643657e+22,0.34201274272080284,N_max;D_max,2.0195419120198412,0.0,-0.0718383293916875,convex_logN_reduction_floating_point
8.659643233600654e+22,8192,logarithmic,0.5,0.6713607648391644,1.6754490814383751,0.5814185814185814,observed_512,direct_and_near,172,False,CYJ_v8_Q1_v2_derived_policy,no_joint_A_B_or_bridge_interval,conditional_v8_fixed_policy_feasible,1.0412810667739754e+19,11.965825,299.893,2.093384524595647,2.1602893513304946,2.0195419120198412,-0.06737146220598264,0.9348478761773423,2.1530802940349996e+22,5.87934458957824e+21,1.5068215371541748e+20,2.7560829683643657e+22,0.3182674960176615,N_max;D_max,2.0195419120198412,0.0,-0.0718383293916875,convex_logN_reduction_floating_point
9.30572040929699e+22,8192,logarithmic,0.5,0.6713607648391644,1.6754490814383751,0.5814185814185814,observed_512,direct_and_near,172,False,CYJ_v8_Q1_v2_derived_policy,no_joint_A_B_or_bridge_interval,conditional_v8_fixed_policy_feasible,1.0412810667739754e+19,11.965825,299.893,2.093384524595647,2.1602893513304946,2.0195419120198412,-0.06737146220598264,0.9348478761773423,2.1530802940349996e+22,5.87934458957824e+21,1.5068215371541748e+20,2.7560829683643657e+22,0.2961708333307402,N_max;D_max,2.0195419120198412,0.0,-0.0718383293916875,convex_logN_reduction_floating_point
1.0000000000000001e+23,8192,logarithmic,0.5,0.6713607648391644,1.6754490814383751,0.5814185814185814,observed_512,direct_and_near,172,False,CYJ_v8_Q1_v2_derived_policy,no_joint_A_B_or_bridge_interval,conditional_v8_fixed_policy_feasible,1.0412810667739754e+19,11.965825,299.893,2.093384524595647,2.1602893513304946,2.0195419120198412,-0.06737146220598264,0.9348478761773423,2.1530802940349996e+22,5.87934458957824e+21,1.5068215371541748e+20,2.7560829683643657e+22,0.27560829683643656,N_max;D_max,2.0195419120198412,0.0,-0.0718383293916875,convex_logN_reduction_floating_point
1.0746078283213175e+23,8192,logarithmic,0.5,0.6713607648391644,1.6754490814383751,0.5814185814185814,observed_512,direct_and_near,172,False,CYJ_v8_Q1_v2_derived_policy,no_joint_A_B_or_bridge_interval,conditional_v8_fixed_policy_feasible,1.0412810667739754e+19,11.965825,299.893,2.093384524595647,2.1602893513304946,2.0195419120198412,-0.06737146220598264,0.9348478761773423,2.1530802940349996e+22,5.87934458957824e+21,1.5068215371541748e+20,2.7560829683643657e+22,0.2564733752842411,N_max;D_max,2.0195419120198412,0.0,-0.0718383293916875,convex_logN_reduction_floating_point
1.1547819846894582e+23,8192,logarithmic,0.5,0.6713607648391644,1.6754490814383751,0.5814185814185814,observed_512,direct_and_near,172,False,CYJ_v8_Q1_v2_derived_policy,no_joint_A_B_or_bridge_interval,conditional_v8_fixed_policy_feasible,1.0412810667739754e+19,11.965825,299.893,2.093384524595647,2.1602893513304946,2.0195419120198412,-0.06737146220598264,0.9348478761773423,2.1530802940349996e+22,5.87934458957824e+21,1.5068215371541748e+20,2.7560829683643657e+22,0.23866695228238483,N_max;D_max,2.0195419120198412,0.0,-0.0718383293916875,convex_logN_reduction_floating_point
1.2409377607517195e+23,8192,logarithmic,0.5,0.6713607648391644,1.6754490814383751,0.5814185814185814,observed_512,direct_and_near,172,False,CYJ_v8_Q1_v2_derived_policy,no_joint_A_B_or_bridge_interval,conditional_v8_fixed_policy_feasible,1.0412810667739754e+19,11.965825,299.893,2.093384524595647,2.1602893513304946,2.0195419120198412,-0.06737146220598264,0.9348478761773423,2.1530802940349996e+22,5.87934458957824e+21,1.5068215371541748e+20,2.7560829683643657e+22,0.22209679288788994,N_max;D_max,2.0195419120198412,0.0,-0.0718383293916875,convex_logN_reduction_floating_point
1.3335214321633241e+23,8192,logarithmic,0.5,0.6713607648391644,1.6754490814383751,0.5814185814185814,observed_512,direct_and_near,172,False,CYJ_v8_Q1_v2_derived_policy,no_joint_A_B_or_bridge_interval,conditional_v8_fixed_policy_feasible,1.0412810667739754e+19,11.965825,299.893,2.093384524595647,2.1602893513304946,2.0195419120198412,-0.06737146220598264,0.9348478761773423,2.1530802940349996e+22,5.87934458957824e+21,1.5068215371541748e+20,2.7560829683643657e+22,0.20667706584162437,N_max;D_max,2.0195419120198412,0.0,-0.0718383293916875,convex_logN_reduction_floating_point
1.4330125702369627e+23,8192,logarithmic,0.5,0.6713607648391644,1.6754490814383751,0.5814185814185814,observed_512,direct_and_near,172,False,CYJ_v8_Q1_v2_derived_policy,no_joint_A_B_or_bridge_interval,conditional_v8_fixed_policy_feasible,1.0412810667739754e+19,11.965825,299.893,2.093384524595647,2.1602893513304946,2.0195419120198412,-0.06737146220598264,0.9348478761773423,2.1530802940349996e+22,5.87934458957824e+21,1.5068215371541748e+20,2.7560829683643657e+22,0.1923278989736022,N_max;D_max,2.0195419120198412,0.0,-0.0718383293916875,convex_logN_reduction_floating_point
1.539926526059492e+23,8192,logarithmic,0.5,0.6713607648391644,1.6754490814383751,0.5814185814185814,observed_512,direct_and_near,172,False,CYJ_v8_Q1_v2_derived_policy,no_joint_A_B_or_bridge_interval,conditional_v8_fixed_policy_feasible,1.0412810667739754e+19,11.965825,299.893,2.093384524595647,2.1602893513304946,2.0195419120198412,-0.06737146220598264,0.9348478761773423,2.1530802940349996e+22,5.87934458957824e+21,1.5068215371541748e+20,2.7560829683643657e+22,0.17897496547558592,N_max;D_max,2.0195419120198412,0.0,-0.0718383293916875,convex_logN_reduction_floating_point
1.6548170999431815e+23,8192,logarithmic,0.5,0.6713607648391644,1.6754490814383751,0.5814185814185814,observed_512,direct_and_near,172,False,CYJ_v8_Q1_v2_derived_policy,no_joint_A_B_or_bridge_interval,conditional_v8_fixed_policy_feasible,1.0412810667739754e+19,11.965825,299.893,2.093384524595647,2.1602893513304946,2.0195419120198412,-0.06737146220598264,0.9348478761773423,2.1530802940349996e+22,5.87934458957824e+21,1.5068215371541748e+20,2.7560829683643657e+22,0.1665490988979384,N_max;D_max,2.0195419120198412,0.0,-0.0718383293916875,convex_logN_reduction_floating_point
1.7782794100389228e+23,8192,logarithmic,0.5,0.6713607648391644,1.6754490814383751,0.5814185814185814,observed_512,direct_and_near,172,False,CYJ_v8_Q1_v2_derived_policy,no_joint_A_B_or_bridge_interval,conditional_v8_fixed_policy_feasible,1.0412810667739754e+19,11.965825,299.893,2.093384524595647,2.1602893513304946,2.0195419120198412,-0.06737146220598264,0.9348478761773423,2.1530802940349996e+22,5.87934458957824e+21,1.5068215371541748e+20,2.7560829683643657e+22,0.15498593487645684,N_max;D_max,2.0195419120198412,0.0,-0.0718383293916875,convex_logN_reduction_floating_point
1.9109529749704405e+23,8192,logarithmic,0.5,0.6713607648391644,1.6754490814383751,0.5814185814185814,observed_512,direct_and_near,172,False,CYJ_v8_Q1_v2_derived_policy,no_joint_A_B_or_bridge_interval,conditional_v8_fixed_policy_feasible,1.0412810667739754e+19,11.965825,299.893,2.093384524595647,2.1602893513304946,2.0195419120198412,-0.06737146220598264,0.9348478761773423,2.1530802940349996e+22,5.87934458957824e+21,1.5068215371541748e+20,2.7560829683643657e+22,0.14422557773338185,N_max;D_max,2.0195419120198412,0.0,-0.0718383293916875,convex_logN_reduction_floating_point
2.053525026457146e+23,8192,logarithmic,0.5,0.6713607648391644,1.6754490814383751,0.5814185814185814,observed_512,direct_and_near,172,False,CYJ_v8_Q1_v2_derived_policy,no_joint_A_B_or_bridge_interval,conditional_v8_fixed_policy_feasible,1.0412810667739754e+19,11.965825,299.893,2.093384524595647,2.1602893513304946,2.0195419120198412,-0.06737146220598264,0.9348478761773423,2.1530802940349996e+22,5.87934458957824e+21,1.5068215371541748e+20,2.7560829683643657e+22,0.1342122902256181,N_max;D_max,2.0195419120198412,0.0,-0.0718383293916875,convex_logN_reduction_floating_point
2.2067340690845896e+23,8192,logarithmic,0.5,0.6713607648391644,1.6754490814383751,0.5814185814185814,observed_512,direct_and_near,172,False,CYJ_v8_Q1_v2_derived_policy,no_joint_A_B_or_bridge_interval,conditional_v8_fixed_policy_feasible,1.0412810667739754e+19,11.965825,299.893,2.093384524595647,2.1602893513304946,2.0195419120198412,-0.06737146220598264,0.9348478761773423,2.1530802940349996e+22,5.87934458957824e+21,1.5068215371541748e+20,2.7560829683643657e+22,0.12489420483310253,N_max;D_max,2.0195419120198412,0.0,-0.0718383293916875,convex_logN_reduction_floating_point
2.371373705661655e+23,8192,logarithmic,0.5,0.6713607648391644,1.6754490814383751,0.5814185814185814,observed_512,direct_and_near,172,False,CYJ_v8_Q1_v2_derived_policy,no_joint_A_B_or_bridge_interval,conditional_v8_fixed_policy_feasible,1.0412810667739754e+19,11.965825,299.893,2.093384524595647,2.1602893513304946,2.0195419120198412,-0.06737146220598264,0.9348478761773423,2.1530802940349996e+22,5.87934458957824e+21,1.5068215371541748e+20,2.7560829683643657e+22,0.11622305509183209,N_max;D_max,2.0195419120198412,0.0,-0.0718383293916875,convex_logN_reduction_floating_point
2.5482967479793466e+23,8192,logarithmic,0.5,0.6713607648391644,1.6754490814383751,0.5814185814185814,observed_512,direct_and_near,172,False,CYJ_v8_Q1_v2_derived_policy,no_joint_A_B_or_bridge_interval,conditional_v8_fixed_policy_feasible,1.0412810667739754e+19,11.965825,299.893,2.093384524595647,2.1602893513304946,2.0195419120198412,-0.06737146220598264,0.9348478761773423,2.1530802940349996e+22,5.87934458957824e+21,1.5068215371541748e+20,2.7560829683643657e+22,0.10815392557989102,N_max;D_max,2.0195419120198412,0.0,-0.0718383293916875,convex_logN_reduction_floating_point
2.738419634264361e+23,8192,logarithmic,0.5,0.6713607648391644,1.6754490814383751,0.5814185814185814,observed_512,direct_and_near,172,False,CYJ_v8_Q1_v2_derived_policy,no_joint_A_B_or_bridge_interval,conditional_v8_fixed_policy_feasible,1.0412810667739754e+19,11.965825,299.893,2.093384524595647,2.1602893513304946,2.0195419120198412,-0.06737146220598264,0.9348478761773423,2.1530802940349996e+22,5.87934458957824e+21,1.5068215371541748e+20,2.7560829683643657e+22,0.10064501926143797,N_max;D_max,2.0195419120198412,0.0,-0.0718383293916875,convex_logN_reduction_floating_point
2.942727176209282e+23,8192,logarithmic,0.5,0.6713607648391644,1.6754490814383751,0.5814185814185814,observed_512,direct_and_near,172,False,CYJ_v8_Q1_v2_derived_policy,no_joint_A_B_or_bridge_interval,conditional_v8_fixed_policy_feasible,1.0412810667739754e+19,11.965825,299.893,2.093384524595647,2.1602893513304946,2.0195419120198412,-0.06737146220598264,0.9348478761773423,2.1530802940349996e+22,5.87934458957824e+21,1.5068215371541748e+20,2.7560829683643657e+22,0.0936574409835252,N_max;D_max,2.0195419120198412,0.0,-0.0718383293916875,convex_logN_reduction_floating_point
3.162277660168379e+23,8192,logarithmic,0.5,0.6713607648391644,1.6754490814383751,0.5814185814185814,observed_512,direct_and_near,172,False,CYJ_v8_Q1_v2_derived_policy,no_joint_A_B_or_bridge_interval,conditional_v8_fixed_policy_feasible,1.0412810667739754e+19,11.965825,299.893,2.093384524595647,2.1602893513304946,2.0195419120198412,-0.06737146220598264,0.9348478761773423,2.1530802940349996e+22,5.87934458957824e+21,1.5068215371541748e+20,2.7560829683643657e+22,0.08715499600429188,N_max;D_max,2.0195419120198412,0.0,-0.0718383293916875,convex_logN_reduction_floating_point
3.3982083289425596e+23,8192,logarithmic,0.5,0.6713607648391644,1.6754490814383751,0.5814185814185814,observed_512,direct_and_near,172,False,CYJ_v8_Q1_v2_derived_policy,no_joint_A_B_or_bridge_interval,conditional_v8_fixed_policy_feasible,1.0412810667739754e+19,11.965825,299.893,2.093384524595647,2.1602893513304946,2.0195419120198412,-0.06737146220598264,0.9348478761773423,2.1530802940349996e+22,5.87934458957824e+21,1.5068215371541748e+20,2.7560829683643657e+22,0.08110400250893365,N_max;D_max,2.0195419120198412,0.0,-0.0718383293916875,convex_logN_reduction_floating_point
3.651741272548377e+23,8192,logarithmic,0.5,0.6713607648391644,1.6754490814383751,0.5814185814185814,observed_512,direct_and_near,172,False,CYJ_v8_Q1_v2_derived_policy,no_joint_A_B_or_bridge_interval,conditional_v8_fixed_policy_feasible,1.0412810667739754e+19,11.965825,299.893,2.093384524595647,2.1602893513304946,2.0195419120198412,-0.06737146220598264,0.9348478761773423,2.1530802940349996e+22,5.87934458957824e+21,1.5068215371541748e+20,2.7560829683643657e+22,0.07547311714230583,N_max;D_max,2.0195419120198412,0.0,-0.0718383293916875,convex_logN_reduction_floating_point
3.924189758484536e+23,8192,logarithmic,0.5,0.6713607648391644,1.6754490814383751,0.5814185814185814,observed_512,direct_and_near,172,False,CYJ_v8_Q1_v2_derived_policy,no_joint_A_B_or_bridge_interval,conditional_v8_fixed_policy_feasible,1.0412810667739754e+19,11.965825,299.893,2.093384524595647,2.1602893513304946,2.0195419120198412,-0.06737146220598264,0.9348478761773423,2.1530802940349996e+22,5.87934458957824e+21,1.5068215371541748e+20,2.7560829683643657e+22,0.07023317265444178,N_max;D_max,2.0195419120198412,0.0,-0.0718383293916875,convex_logN_reduction_floating_point
4.2169650342858225e+23,8192,logarithmic,0.5,0.6713607648391644,1.6754490814383751,0.5814185814185814,observed_512,direct_and_near,172,False,CYJ_v8_Q1_v2_derived_policy,no_joint_A_B_or_bridge_interval,conditional_v8_fixed_policy_feasible,1.0412810667739754e+19,11.965825,299.893,2.093384524595647,2.1602893513304946,2.0195419120198412,-0.06737146220598264,0.9348478761773423,2.1530802940349996e+22,5.87934458957824e+21,1.5068215371541748e+20,2.7560829683643657e+22,0.06535702681801181,N_max;D_max,2.0195419120198412,0.0,-0.0718383293916875,convex_logN_reduction_floating_point
4.531583637600818e+23,8192,logarithmic,0.5,0.6713607648391644,1.6754490814383751,0.5814185814185814,observed_512,direct_and_near,172,False,CYJ_v8_Q1_v2_derived_policy,no_joint_A_B_or_bridge_interval,conditional_v8_fixed_policy_feasible,1.0412810667739754e+19,11.965825,299.893,2.093384524595647,2.1602893513304946,2.0195419120198412,-0.06737146220598264,0.9348478761773423,2.1530802940349996e+22,5.87934458957824e+21,1.5068215371541748e+20,2.7560829683643657e+22,0.060819421835134314,N_max;D_max,2.0195419120198412,0.0,-0.0718383293916875,convex_logN_reduction_floating_point
4.869675251658631e+23,8192,logarithmic,0.5,0.6713607648391644,1.6754490814383751,0.5814185814185814,observed_512,direct_and_near,172,False,CYJ_v8_Q1_v2_derived_policy,no_joint_A_B_or_bridge_interval,conditional_v8_fixed_policy_feasible,1.0412810667739754e+19,11.965825,299.893,2.093384524595647,2.1602893513304946,2.0195419120198412,-0.06737146220598264,0.9348478761773423,2.1530802940349996e+22,5.87934458957824e+21,1.5068215371541748e+20,2.7560829683643657e+22,0.05659685350528524,N_max;D_max,2.0195419120198412,0.0,-0.0718383293916875,convex_logN_reduction_floating_point
5.232991146814947e+23,8192,logarithmic,0.5,0.6713607648391644,1.6754490814383751,0.5814185814185814,observed_512,direct_and_near,172,False,CYJ_v8_Q1_v2_derived_policy,no_joint_A_B_or_bridge_interval,conditional_v8_fixed_policy_feasible,1.0412810667739754e+19,11.965825,299.893,2.093384524595647,2.1602893513304946,2.0195419120198412,-0.06737146220598264,0.9348478761773423,2.1530802940349996e+22,5.87934458957824e+21,1.5068215371541748e+20,2.7560829683643657e+22,0.05266744947661247,N_max;D_max,2.0195419120198412,0.0,-0.0718383293916875,convex_logN_reduction_floating_point
5.623413251903491e+23,8192,logarithmic,0.5,0.6713607648391644,1.6754490814383751,0.5814185814185814,observed_512,direct_and_near,172,False,CYJ_v8_Q1_v2_derived_policy,no_joint_A_B_or_bridge_interval,conditional_v8_fixed_policy_feasible,1.0412810667739754e+19,11.965825,299.893,2.093384524595647,2.1602893513304946,2.0195419120198412,-0.06737146220598264,0.9348478761773423,2.1530802940349996e+22,5.87934458957824e+21,1.5068215371541748e+20,2.7560829683643657e+22,0.049010855950013074,N_max;D_max,2.0195419120198412,0.0,-0.0718383293916875,convex_logN_reduction_floating_point
6.042963902381328e+23,8192,logarithmic,0.5,0.6713607648391644,1.6754490814383751,0.5814185814185814,observed_512,direct_and_near,172,False,CYJ_v8_Q1_v2_derived_policy,no_joint_A_B_or_bridge_interval,conditional_v8_fixed_policy_feasible,1.0412810667739754e+19,11.965825,299.893,2.093384524595647,2.1602893513304946,2.0195419120198412,-0.06737146220598264,0.9348478761773423,2.1530802940349996e+22,5.87934458957824e+21,1.5068215371541748e+20,2.7560829683643657e+22,0.04560813224911515,N_max;D_max,2.0195419120198412,0.0,-0.0718383293916875,convex_logN_reduction_floating_point
6.493816315762113e+23,8192,logarithmic,0.5,0.6713607648391644,1.6754490814383751,0.5814185814185814,observed_512,direct_and_near,172,False,CYJ_v8_Q1_v2_derived_policy,no_joint_A_B_or_bridge_interval,conditional_v8_fixed_policy_feasible,1.0412810667739754e+19,11.965825,299.893,2.093384524595647,2.1602893513304946,2.0195419120198412,-0.06737146220598264,0.9348478761773423,2.1530802940349996e+22,5.87934458957824e+21,1.5068215371541748e+20,2.7560829683643657e+22,0.0424416527100507,N_max;D_max,2.0195419120198412,0.0,-0.0718383293916875,convex_logN_reduction_floating_point
6.978305848598663e+23,8192,logarithmic,0.5,0.6713607648391644,1.6754490814383751,0.5814185814185814,observed_512,direct_and_near,172,False,CYJ_v8_Q1_v2_derived_policy,no_joint_A_B_or_bridge_interval,conditional_v8_fixed_policy_feasible,1.0412810667739754e+19,11.965825,299.893,2.093384524595647,2.1602893513304946,2.0195419120198412,-0.06737146220598264,0.9348478761773423,2.1530802940349996e+22,5.87934458957824e+21,1.5068215371541748e+20,2.7560829683643657e+22,0.03949501538282137,N_max;D_max,2.0195419120198412,0.0,-0.0718383293916875,convex_logN_reduction_floating_point
7.498942093324558e+23,8192,logarithmic,0.5,0.6713607648391644,1.6754490814383751,0.5814185814185814,observed_512,direct_and_near,172,False,CYJ_v8_Q1_v2_derived_policy,no_joint_A_B_or_bridge_interval,conditional_v8_fixed_policy_feasible,1.0412810667739754e+19,11.965825,299.893,2.093384524595647,2.1602893513304946,2.0195419120198412,-0.06737146220598264,0.9348478761773423,2.1530802940349996e+22,5.87934458957824e+21,1.5068215371541748e+20,2.7560829683643657e+22,0.03675295707134194,N_max;D_max,2.0195419120198412,0.0,-0.0718383293916875,convex_logN_reduction_floating_point
8.058421877614818e+23,8192,logarithmic,0.5,0.6713607648391644,1.6754490814383751,0.5814185814185814,observed_512,direct_and_near,172,False,CYJ_v8_Q1_v2_derived_policy,no_joint_A_B_or_bridge_interval,conditional_v8_fixed_policy_feasible,1.0412810667739754e+19,11.965825,299.893,2.093384524595647,2.1602893513304946,2.0195419120198412,-0.06737146220598264,0.9348478761773423,2.1530802940349996e+22,5.87934458957824e+21,1.5068215371541748e+20,2.7560829683643657e+22,0.03420127427208028,N_max;D_max,2.0195419120198412,0.0,-0.0718383293916875,convex_logN_reduction_floating_point
8.659643233600654e+23,8192,logarithmic,0.5,0.6713607648391644,1.6754490814383751,0.5814185814185814,observed_512,direct_and_near,172,False,CYJ_v8_Q1_v2_derived_policy,no_joint_A_B_or_bridge_interval,conditional_v8_fixed_policy_feasible,1.0412810667739754e+19,11.965825,299.893,2.093384524595647,2.1602893513304946,2.0195419120198412,-0.06737146220598264,0.9348478761773423,2.1530802940349996e+22,5.87934458957824e+21,1.5068215371541748e+20,2.7560829683643657e+22,0.03182674960176615,N_max;D_max,2.0195419120198412,0.0,-0.0718383293916875,convex_logN_reduction_floating_point
9.30572040929699e+23,8192,logarithmic,0.5,0.6713607648391644,1.6754490814383751,0.5814185814185814,observed_512,direct_and_near,172,False,CYJ_v8_Q1_v2_derived_policy,no_joint_A_B_or_bridge_interval,conditional_v8_fixed_policy_feasible,1.0412810667739754e+19,11.965825,299.893,2.093384524595647,2.1602893513304946,2.0195419120198412,-0.06737146220598264,0.9348478761773423,2.1530802940349996e+22,5.87934458957824e+21,1.5068215371541748e+20,2.7560829683643657e+22,0.02961708333307401,N_max;D_max,2.0195419120198412,0.0,-0.0718383293916875,convex_logN_reduction_floating_point
1e+24,8192,logarithmic,0.5,0.6713607648391644,1.6754490814383751,0.5814185814185814,observed_512,direct_and_near,172,False,CYJ_v8_Q1_v2_derived_policy,no_joint_A_B_or_bridge_interval,conditional_v8_fixed_policy_feasible,1.0412810667739754e+19,11.965825,299.893,2.093384524595647,2.1602893513304946,2.0195419120198412,-0.06737146220598264,0.9348478761773423,2.1530802940349996e+22,5.87934458957824e+21,1.5068215371541748e+20,2.7560829683643657e+22,0.027560829683643658,N_max;D_max,2.0195419120198412,0.0,-0.0718383293916875,convex_logN_reduction_floating_point
1e+19,131072,exponential,0.5,0.6713607648391644,1.6754490814383751,0.5814185814185814,observed_512,direct_and_near,172,False,CYJ_v8_Q1_v2_derived_policy,no_joint_A_B_or_bridge_interval,infeasible_within_v8_support,2.6331902761659085e+19,,,,,,,,,,,,,,,,,
1.0746078283213175e+19,131072,exponential,0.5,0.6713607648391644,1.6754490814383751,0.5814185814185814,observed_512,direct_and_near,172,False,CYJ_v8_Q1_v2_derived_policy,no_joint_A_B_or_bridge_interval,infeasible_within_v8_support,2.6331902761659085e+19,,,,,,,,,,,,,,,,,
1.1547819846894582e+19,131072,exponential,0.5,0.6713607648391644,1.6754490814383751,0.5814185814185814,observed_512,direct_and_near,172,False,CYJ_v8_Q1_v2_derived_policy,no_joint_A_B_or_bridge_interval,infeasible_within_v8_support,2.6331902761659085e+19,,,,,,,,,,,,,,,,,
1.2409377607517196e+19,131072,exponential,0.5,0.6713607648391644,1.6754490814383751,0.5814185814185814,observed_512,direct_and_near,172,False,CYJ_v8_Q1_v2_derived_policy,no_joint_A_B_or_bridge_interval,infeasible_within_v8_support,2.6331902761659085e+19,,,,,,,,,,,,,,,,,
1.3335214321633241e+19,131072,exponential,0.5,0.6713607648391644,1.6754490814383751,0.5814185814185814,observed_512,direct_and_near,172,False,CYJ_v8_Q1_v2_derived_policy,no_joint_A_B_or_bridge_interval,infeasible_within_v8_support,2.6331902761659085e+19,,,,,,,,,,,,,,,,,
1.4330125702369628e+19,131072,exponential,0.5,0.6713607648391644,1.6754490814383751,0.5814185814185814,observed_512,direct_and_near,172,False,CYJ_v8_Q1_v2_derived_policy,no_joint_A_B_or_bridge_interval,infeasible_within_v8_support,2.6331902761659085e+19,,,,,,,,,,,,,,,,,
1.539926526059492e+19,131072,exponential,0.5,0.6713607648391644,1.6754490814383751,0.5814185814185814,observed_512,direct_and_near,172,False,CYJ_v8_Q1_v2_derived_policy,no_joint_A_B_or_bridge_interval,infeasible_within_v8_support,2.6331902761659085e+19,,,,,,,,,,,,,,,,,
1.6548170999431815e+19,131072,exponential,0.5,0.6713607648391644,1.6754490814383751,0.5814185814185814,observed_512,direct_and_near,172,False,CYJ_v8_Q1_v2_derived_policy,no_joint_A_B_or_bridge_interval,infeasible_within_v8_support,2.6331902761659085e+19,,,,,,,,,,,,,,,,,
1.7782794100389229e+19,131072,exponential,0.5,0.6713607648391644,1.6754490814383751,0.5814185814185814,observed_512,direct_and_near,172,False,CYJ_v8_Q1_v2_derived_policy,no_joint_A_B_or_bridge_interval,infeasible_within_v8_support,2.6331902761659085e+19,,,,,,,,,,,,,,,,,
1.9109529749704405e+19,131072,exponential,0.5,0.6713607648391644,1.6754490814383751,0.5814185814185814,observed_512,direct_and_near,172,False,CYJ_v8_Q1_v2_derived_policy,no_joint_A_B_or_bridge_interval,infeasible_within_v8_support,2.6331902761659085e+19,,,,,,,,,,,,,,,,,
2.053525026457146e+19,131072,exponential,0.5,0.6713607648391644,1.6754490814383751,0.5814185814185814,observed_512,direct_and_near,172,False,CYJ_v8_Q1_v2_derived_policy,no_joint_A_B_or_bridge_interval,infeasible_within_v8_support,2.6331902761659085e+19,,,,,,,,,,,,,,,,,
2.2067340690845897e+19,131072,exponential,0.5,0.6713607648391644,1.6754490814383751,0.5814185814185814,observed_512,direct_and_near,172,False,CYJ_v8_Q1_v2_derived_policy,no_joint_A_B_or_bridge_interval,infeasible_within_v8_support,2.6331902761659085e+19,,,,,,,,,,,,,,,,,
2.3713737056616554e+19,131072,exponential,0.5,0.6713607648391644,1.6754490814383751,0.5814185814185814,observed_512,direct_and_near,172,False,CYJ_v8_Q1_v2_derived_policy,no_joint_A_B_or_bridge_interval,infeasible_within_v8_support,2.6331902761659085e+19,,,,,,,,,,,,,,,,,
2.5482967479793463e+19,131072,exponential,0.5,0.6713607648391644,1.6754490814383751,0.5814185814185814,observed_512,direct_and_near,172,False,CYJ_v8_Q1_v2_derived_policy,no_joint_A_B_or_bridge_interval,infeasible_within_v8_support,2.6331902761659085e+19,,,,,,,,,,,,,,,,,
2.7384196342643614e+19,131072,exponential,0.5,0.6713607648391644,1.6754490814383751,0.5814185814185814,observed_512,direct_and_near,172,False,CYJ_v8_Q1_v2_derived_policy,no_joint_A_B_or_bridge_interval,conditional_v8_fixed_policy_feasible,2.6331902761659085e+19,0.07380853167833182,10.0,3.199506852363559,3.3853308636097506,3.1647693680031836,-0.06737146220598264,0.9348478761773423,4.428511900699909e+18,1.9348463728284615e+19,3.607220713659088e+18,2.7384196342643614e+19,1.0,D_min;budget,3.1647693680031836,0.0,-0.14950365543216576,convex_logN_reduction_floating_point
2.942727176209282e+19,131072,exponential,0.5,0.6713607648391644,1.6754490814383751,0.5814185814185814,observed_512,direct_and_near,172,False,CYJ_v8_Q1_v2_derived_policy,no_joint_A_B_or_bridge_interval,conditional_v8_fixed_policy_feasible,2.6331902761659085e+19,0.08015065017021497,10.0,3.1757775246493867,3.3599458764626857,3.141038266681961,-0.06737146220598264,0.9348478761773423,4.809039010212899e+18,2.1011012038220833e+19,3.607220713659088e+18,2.942727176209282e+19,1.0,D_min;budget,3.141038266681961,0.0,-0.13972449272434959,convex_logN_reduction_floating_point
3.162277660168379e+19,131072,exponential,0.5,0.6713607648391644,1.6754490814383751,0.5814185814185814,observed_512,direct_and_near,172,False,CYJ_v8_Q1_v2_derived_policy,no_joint_A_B_or_bridge_interval,conditional_v8_fixed_policy_feasible,2.6331902761659085e+19,0.08696594034973397,10.000000000000002,3.1529317674917157,3.3354610317947984,3.118148661645654,-0.06737146220598264,0.9348478761773423,5.217956420984039e+18,2.2797599467040666e+19,3.607220713659089e+18,3.162277660168379e+19,1.0,D_min;budget,3.118148661645654,0.0,-0.1303645596576085,convex_logN_reduction_floating_point
3.3982083289425592e+19,131072,exponential,0.5,0.6713607648391644,1.6754490814383751,0.5814185814185814,observed_512,direct_and_near,172,False,CYJ_v8_Q1_v2_derived_policy,no_joint_A_B_or_bridge_interval,conditional_v8_fixed_policy_feasible,2.6331902761659085e+19,0.09428970452892652,10.0,3.130913421732811,3.3118187244865247,3.0960467008705823,-0.06737146220598264,0.9348478761773423,5.657382271735591e+18,2.4717480304030917e+19,3.607220713659088e+18,3.3982083289425592e+19,1.0,D_min;budget,3.0960467008705823,0.0,-0.1213965129145258,convex_logN_reduction_floating_point
3.651741272548377e+19,131072,exponential,0.5,0.6713607648391644,1.6754490814383751,0.5814185814185814,observed_512,direct_and_near,172,False,CYJ_v8_Q1_v2_derived_policy,no_joint_A_B_or_bridge_interval,conditional_v8_fixed_policy_feasible,2.6331902761659085e+19,0.10215987884866605,10.000000000000002,3.109672024263838,3.2889671924940416,3.074683994720011,-0.06737146220598264,0.9348478761773423,6.129592730919964e+18,2.678059928090472e+19,3.607220713659089e+18,3.651741272548377e+19,1.0,D_min;budget,3.074683994720011,0.0,-0.1127955185335032,convex_logN_reduction_floating_point
3.924189758484536e+19,131072,exponential,0.5,0.6713607648391644,1.6754490814383751,0.5814185814185814,observed_512,direct_and_near,172,False,CYJ_v8_Q1_v2_derived_policy,no_joint_A_B_or_bridge_interval,conditional_v8_fixed_policy_feasible,2.6331902761659085e+19,0.11061722978291157,10.000000000000002,3.0891620552505854,3.2668597460493363,3.054016895363474,-0.06737146220598264,0.9348478761773423,6.637033786974695e+18,2.8997643084211573e+19,3.607220713659089e+18,3.924189758484536e+19,1.0,D_min;budget,3.054016895363474,0.0,-0.10453895620937853,convex_logN_reduction_floating_point
4.216965034285823e+19,131072,exponential,0.5,0.6713607648391644,1.6754490814383751,0.5814185814185814,observed_512,direct_and_near,172,False,CYJ_v8_Q1_v2_derived_policy,no_joint_A_B_or_bridge_interval,conditional_v8_fixed_policy_feasible,2.6331902761659085e+19,0.11970556530371243,10.0,3.0693423035657172,3.2454541177266694,3.034005889187787,-0.06737146220598264,0.9348478761773423,7.182333918222746e+18,3.138009571097639e+19,3.607220713659088e+18,4.216965034285823e+19,1.0,D_min;budget,3.034005889187787,0.0,-0.09660616654348808,convex_logN_reduction_floating_point
4.531583637600818e+19,131072,exponential,0.5,0.6713607648391644,1.6754490814383751,0.5814185814185814,observed_512,direct_and_near,172,False,CYJ_v8_Q1_v2_derived_policy,no_joint_A_B_or_bridge_interval,conditional_v8_fixed_policy_feasible,2.6331902761659085e+19,0.12947196180077572,10.0,3.0501753290621214,3.2247119115503597,3.0146150817966317,-0.06737146220598264,0.9348478761773423,7.768317708046543e+18,3.394029795430255e+19,3.607220713659088e+18,4.531583637600818e+19,1.0,D_min;budget,3.0146150817966317,0.0,-0.08897823378755301,convex_logN_reduction_floating_point
4.869675251658631e+19,131072,exponential,0.5,0.6713607648391644,1.6754490814383751,0.5814185814185814,observed_512,direct_and_near,172,False,CYJ_v8_Q1_v2_derived_policy,no_joint_A_B_or_bridge_interval,conditional_v8_fixed_policy_feasible,2.6331902761659085e+19,0.1399670079310098,10.0,3.0316270046757645,3.2045981337629432,2.995811759350162,-0.06737146220598264,0.9348478761773423,8.398020475860588e+18,3.6691511327066636e+19,3.607220713659088e+18,4.869675251658631e+19,1.0,D_min;budget,2.995811759350162,0.0,-0.08163779811931646,convex_logN_reduction_floating_point
5.2329911468149465e+19,131072,exponential,0.5,0.6713607648391644,1.6754490814383751,0.5814185814185814,observed_512,direct_and_near,172,False,CYJ_v8_Q1_v2_derived_policy,no_joint_A_B_or_bridge_interval,conditional_v8_fixed_policy_feasible,2.6331902761659085e+19,0.1512450666611527,10.0,3.013666124717855,3.1850807913147148,2.97756601321381,-0.06737146220598264,0.9348478761773423,9.074703999669162e+18,3.964798675482121e+19,3.607220713659088e+18,5.2329911468149465e+19,1.0,D_min;budget,2.97756601321381,0.0,-0.07456889264647037,convex_logN_reduction_floating_point
5.6234132519034905e+19,131072,exponential,0.5,0.6713607648391644,1.6754490814383751,0.5814185814185814,observed_512,direct_and_near,172,False,CYJ_v8_Q1_v2_derived_policy,no_joint_A_B_or_bridge_interval,conditional_v8_fixed_policy_feasible,2.6331902761659085e+19,0.16336455686083184,10.0,2.9962640683470307,3.1661305468221417,2.9598504173968867,-0.06737146220598264,0.9348478761773423,9.80187341164991e+18,4.28250383937259e+19,3.607220713659088e+18,5.6234132519034905e+19,1.0,D_min;budget,2.9598504173968867,0.0,-0.06775680124140512,convex_logN_reduction_floating_point
6.042963902381328e+19,131072,exponential,0.5,0.6713607648391644,1.6754490814383751,0.5814185814185814,observed_512,direct_and_near,172,False,CYJ_v8_Q1_v2_derived_policy,no_joint_A_B_or_bridge_interval,conditional_v8_fixed_policy_feasible,2.6331902761659085e+19,0.17638825590467058,10.0,2.9793945092803296,3.1477204208547396,2.9426397502361037,-0.06737146220598264,0.9348478761773423,1.0583295354280235e+19,4.623912295587397e+19,3.607220713659088e+18,6.042963902381329e+19,1.0000000000000002,D_min;budget,2.9426397502361037,0.0,-0.061187934023146595,convex_logN_reduction_floating_point
6.493816315762113e+19,131072,exponential,0.5,0.6713607648391644,1.6754490814383751,0.5814185814185814,observed_512,direct_and_near,172,False,CYJ_v8_Q1_v2_derived_policy,no_joint_A_B_or_bridge_interval,conditional_v8_fixed_policy_feasible,2.6331902761659085e+19,0.19038362485088048,10.0,2.963033164438514,3.129825534081969,2.925910753342145,-0.06737146220598264,0.9348478761773423,1.1423017491052829e+19,4.990792495290921e+19,3.607220713659088e+18,6.493816315762113e+19,1.0,D_min;budget,2.925910753342145,0.0,-0.054849717869314835,convex_logN_reduction_floating_point
6.978305848598663e+19,131072,exponential,0.5,0.6713607648391644,1.6754490814383751,0.5814185814185814,observed_512,direct_and_near,172,False,CYJ_v8_Q1_v2_derived_policy,no_joint_A_B_or_bridge_interval,conditional_v8_fixed_policy_feasible,2.6331902761659085e+19,0.20542315788072274,10.0,2.947157575525241,3.112422883143874,2.909641922072811,-0.06737146220598264,0.9348478761773423,1.2325389472843364e+19,5.3850448299484185e+19,3.607220713659088e+18,6.978305848598664e+19,1.0000000000000002,D_min;budget,2.909641922072811,0.0,-0.04873049979354094,convex_logN_reduction_floating_point
7.498942093324558e+19,131072,exponential,0.5,0.6713607648391644,1.6754490814383751,0.5814185814185814,observed_512,direct_and_near,172,False,CYJ_v8_Q1_v2_derived_policy,no_joint_A_B_or_bridge_interval,conditional_v8_fixed_policy_feasible,2.6331902761659085e+19,0.22158475780888826,10.0,2.93174691858472,3.095491145177143,2.8938133227946214,-0.06737146220598264,0.9348478761773423,1.3295085468533293e+19,5.80871147510532e+19,3.607220713659088e+18,7.498942093324558e+19,1.0,D_min;budget,2.8938133227946214,0.0,-0.04281946138775988,convex_logN_reduction_floating_point
8.058421877614818e+19,131072,exponential,0.5,0.6713607648391644,1.6754490814383751,0.5814185814185814,observed_512,direct_and_near,172,False,CYJ_v8_Q1_v2_derived_policy,no_joint_A_B_or_bridge_interval,conditional_v8_fixed_policy_feasible,2.6331902761659085e+19,0.23895213960989214,10.0,2.9167818374251464,3.07901050678944,2.8784064329998302,-0.06737146220598264,0.9348478761773423,1.4337128376593529e+19,6.263986968589557e+19,3.607220713659088e+18,8.058421877614818e+19,1.0,D_min;budget,2.8784064329998302,0.0,-0.03710654282331807,convex_logN_reduction_floating_point
8.659643233600653e+19,131072,exponential,0.5,0.6713607648391644,1.6754490814383751,0.5814185814185814,observed_512,direct_and_near,172,False,CYJ_v8_Q1_v2_derived_policy,no_joint_A_B_or_bridge_interval,conditional_v8_fixed_policy_feasible,2.6331902761659085e+19,0.2576152640506961,10.0,2.9022442974783114,3.062962513973096,2.8634040009985617,-0.06737146220598264,0.9348478761773423,1.5456915843041767e+19,6.7532295779305685e+19,3.607220713659088e+18,8.659643233600653e+19,1.0,D_min;budget,2.8634040009985617,0.0,-0.03158237514457693,convex_logN_reduction_floating_point
9.30572040929699e+19,131072,exponential,0.5,0.6713607648391644,1.6754490814383751,0.5814185814185814,observed_512,direct_and_near,172,False,CYJ_v8_Q1_v2_derived_policy,no_joint_A_B_or_bridge_interval,conditional_v8_fixed_policy_feasible,2.6331902761659085e+19,0.277670803675719,10.0,2.888117457222543,3.047329940018426,2.8487899224378537,-0.06737146220598264,0.9348478761773423,1.666024822054314e+19,7.278973515876768e+19,3.607220713659088e+18,9.305720409296991e+19,1.0000000000000002,D_min;budget,2.8487899224378537,0.0,-0.02623821978494062,convex_logN_reduction_floating_point
1e+20,131072,exponential,0.5,0.6713607648391644,1.6754490814383751,0.5814185814185814,observed_512,direct_and_near,172,False,CYJ_v8_Q1_v2_derived_policy,no_joint_A_B_or_bridge_interval,conditional_v8_fixed_policy_feasible,2.6331902761659085e+19,0.2992226435579769,10.0,2.874385554752176,3.0320966689532023,2.8345491313352955,-0.06737146220598264,0.9348478761773423,1.7953358613478615e+19,7.84394206728623e+19,3.607220713659088e+18,1e+20,1.0,D_min;budget,2.8345491313352955,0.0,-0.02106591439676317,convex_logN_reduction_floating_point
1.0746078283213175e+20,131072,exponential,0.5,0.6713607648391644,1.6754490814383751,0.5814185814185814,observed_512,direct_and_near,172,False,CYJ_v8_Q1_v2_derived_policy,no_joint_A_B_or_bridge_interval,conditional_v8_fixed_policy_feasible,2.6331902761659085e+19,0.32238241941017887,10.0,2.8610338074520496,3.017247592418602,2.8206675036737296,-0.06737146220598264,0.9348478761773423,1.934294516461073e+19,8.451061695386193e+19,3.607220713659088e+18,1.0746078283213175e+20,1.0,D_min;budget,2.8206675036737296,0.0,-0.01605782422022578,convex_logN_reduction_floating_point
1.1547819846894582e+20,131072,exponential,0.5,0.6713607648391644,1.6754490814383751,0.5814185814185814,observed_512,direct_and_near,172,False,CYJ_v8_Q1_v2_derived_policy,no_joint_A_B_or_bridge_interval,conditional_v8_fixed_policy_feasible,2.6331902761659085e+19,0.3472700958431221,10.000000000000002,2.8480483230458975,3.0027685182093684,2.807131771900213,-0.06737146220598264,0.9348478761773423,2.083620575058733e+19,9.10347720046994e+19,3.607220713659089e+18,1.1547819846894582e+20,1.0,D_min;budget,2.807131771900213,0.0,-0.011206798327395046,convex_logN_reduction_floating_point
1.2409377607517195e+20,131072,exponential,0.5,0.6713607648391644,1.6754490814383751,0.5814185814185814,observed_512,direct_and_near,172,False,CYJ_v8_Q1_v2_derived_policy,no_joint_A_B_or_bridge_interval,conditional_v8_fixed_policy_feasible,2.6331902761659085e+19,0.37401458776669094,10.0,2.8354160205451557,2.988646088969471,2.7939294489188304,-0.06737146220598264,0.9348478761773423,2.2440875266001457e+19,9.804568009551143e+19,3.607220713659088e+18,1.2409377607517197e+20,1.0000000000000002,D_min;budget,2.7939294489188304,0.0,-0.006506130170509633,convex_logN_reduction_floating_point
1.333521432163324e+20,131072,exponential,0.5,0.6713607648391644,1.6754490814383751,0.5814185814185814,observed_512,direct_and_near,172,False,CYJ_v8_Q1_v2_derived_policy,no_joint_A_B_or_bridge_interval,conditional_v8_fixed_policy_feasible,2.6331902761659085e+19,0.40275442815223417,10.0,2.8231245598396564,2.9748677097544376,2.7810487603724905,-0.06737146220598264,0.9348478761773423,2.4165265689134047e+19,1.0557965681353926e+20,3.607220713659088e+18,1.3335214321633242e+20,1.0000000000000002,D_min;budget,2.7810487603724905,0.0,-0.001949521941469634,convex_logN_reduction_floating_point
1.4330125702369627e+20,131072,exponential,0.5,0.6713607648391644,1.6754490814383751,0.5814185814185814,observed_512,direct_and_near,172,False,CYJ_v8_Q1_v2_derived_policy,no_joint_A_B_or_bridge_interval,conditional_v8_fixed_policy_feasible,2.6331902761659085e+19,0.42379152267667813,10.226372655227589,2.810782641182513,2.961393121885516,2.768452070520864,-0.06737146220598264,0.9348478761773423,2.6003100234108264e+19,1.136092784628346e+20,3.6888783267533844e+18,1.4330125702369626e+20,0.9999999999999999,budget,2.768452070520864,0.0,-2.7755575615628914e-17,convex_logN_reduction_floating_point
1.539926526059492e+20,131072,exponential,0.5,0.6713607648391644,1.6754490814383751,0.5814185814185814,observed_512,direct_and_near,172,False,CYJ_v8_Q1_v2_derived_policy,no_joint_A_B_or_bridge_interval,conditional_v8_fixed_policy_feasible,2.6331902761659085e+19,0.43803628586045074,10.640878935208306,2.7983299171966034,2.948081034125371,2.756007293550806,-0.06737146220598264,0.9348478761773423,2.7966546522416124e+19,1.2218770619287087e+20,3.8383998906622065e+18,1.539926526059492e+20,1.0,budget,2.756007293550806,0.0,-5.551115123125783e-17,convex_logN_reduction_floating_point
1.6548170999431814e+20,131072,exponential,0.5,0.6713607648391644,1.6754490814383751,0.5814185814185814,observed_512,direct_and_near,172,False,CYJ_v8_Q1_v2_derived_policy,no_joint_A_B_or_bridge_interval,conditional_v8_fixed_policy_feasible,2.6331902761659085e+19,0.4527818049727096,11.0713684594931,2.7860209820424195,2.9349121246846464,2.743696366528573,-0.06737146220598264,0.9348478761773423,3.007748516764328e+19,1.3141053786311133e+20,3.9936869635635415e+18,1.6548170999431814e+20,1.0,budget,2.743696366528573,0.0,-2.7755575615628914e-17,convex_logN_reduction_floating_point
1.778279410038923e+20,131072,exponential,0.5,0.6713607648391644,1.6754490814383751,0.5814185814185814,observed_512,direct_and_near,172,False,CYJ_v8_Q1_v2_derived_policy,no_joint_A_B_or_bridge_interval,conditional_v8_fixed_policy_feasible,2.6331902761659085e+19,0.4680460998195178,11.518438133969655,2.7738539879892734,2.921884551838594,2.731517567721695,-0.06737146220598264,0.9348478761773423,3.2346960267701408e+19,1.413260258736053e+20,4.154954862585607e+18,1.778279410038923e+20,1.0,budget,2.731517567721695,0.0,-2.7755575615628914e-17,convex_logN_reduction_floating_point
1.9109529749704406e+20,131072,exponential,0.5,0.6713607648391644,1.6754490814383751,0.5814185814185814,observed_512,direct_and_near,172,False,CYJ_v8_Q1_v2_derived_policy,no_joint_A_B_or_bridge_interval,conditional_v8_fixed_policy_feasible,2.6331902761659085e+19,0.4838478540640849,11.982706661489473,2.7618271181657583,2.9089965044972557,2.719469204036572,-0.06737146220598264,0.9348478761773423,3.478684142424658e+19,1.5198602930529495e+20,4.3224267675025567e+18,1.9109529749704406e+20,1.0,budget,2.719469204036572,0.0,-2.7755575615628914e-17,convex_logN_reduction_floating_point
2.053525026457146e+20,131072,exponential,0.5,0.6713607648391644,1.6754490814383751,0.5814185814185814,observed_512,direct_and_near,172,False,CYJ_v8_Q1_v2_derived_policy,no_joint_A_B_or_bridge_interval,conditional_v8_fixed_policy_feasible,2.6331902761659085e+19,0.5002064404678137,12.464815311808493,2.749938585839959,2.896246201486306,2.707549610346168,-0.06737146220598264,0.9348478761773423,3.740988538925057e+19,1.63446283257995e+20,4.496333998469056e+18,2.053525026457146e+20,1.0,budget,2.707549610346168,0.0,-5.551115123125783e-17,convex_logN_reduction_floating_point
2.20673406908459e+20,131072,exponential,0.5,0.6713607648391644,1.6754490814383751,0.5814185814185814,observed_512,direct_and_near,172,False,CYJ_v8_Q1_v2_derived_policy,no_joint_A_B_or_bridge_interval,conditional_v8_fixed_policy_feasible,2.6331902761659085e+19,0.5171419471267595,12.96542871724648,2.7381866337196143,2.8836318908480227,2.695757148836528,-0.06737146220598264,0.9348478761773423,4.022980231302029e+19,1.7576668829240653e+20,4.676916303032188e+18,2.20673406908459e+20,1.0,budget,2.695757148836528,0.0,-2.7755575615628914e-17,convex_logN_reduction_floating_point
2.3713737056616553e+20,131072,exponential,0.5,0.6713607648391644,1.6754490814383751,0.5814185814185814,observed_512,direct_and_near,172,False,CYJ_v8_Q1_v2_derived_policy,no_joint_A_B_or_bridge_interval,conditional_v8_fixed_policy_feasible,2.6331902761659085e+19,0.5346752047443566,13.485235694858211,2.726569533271729,2.871151849161881,2.6840902083716336,-0.06737146220598264,0.9348478761773423,4.326132693704532e+19,1.8901162147641347e+20,4.864422152706744e+18,2.3713737056616556e+20,1.0000000000000002,budget,2.6840902083716336,0.0,-2.7755575615628914e-17,convex_logN_reduction_floating_point
2.5482967479793464e+20,131072,exponential,0.5,0.6713607648391644,1.6754490814383751,0.5814185814185814,observed_512,direct_and_near,172,False,CYJ_v8_Q1_v2_derived_policy,no_joint_A_B_or_bridge_interval,conditional_v8_fixed_policy_feasible,2.6331902761659085e+19,0.5528278149830211,14.02495009593029,2.7150855840611707,2.858804380884292,2.6725472038761624,-0.06737146220598264,0.9348478761773423,4.652029510067433e+19,2.0325027064785286e+20,5.059109049407476e+18,2.5482967479793464e+20,1.0,budget,2.6725472038761624,0.0,-5.551115123125783e-17,convex_logN_reduction_floating_point
2.7384196342643612e+20,131072,exponential,0.5,0.6713607648391644,1.6754490814383751,0.5814185814185814,observed_512,direct_and_near,172,False,CYJ_v8_Q1_v2_derived_policy,no_joint_A_B_or_bridge_interval,conditional_v8_fixed_policy_feasible,2.6331902761659085e+19,0.5716221799390824,14.585311683638583,2.7037331131077513,2.8465878177069683,2.661126575735655,-0.06737146220598264,0.9348478761773423,5.002372595815473e+19,2.1855699362624186e+20,5.261243842039501e+18,2.7384196342643612e+20,1.0,budget,2.661126575735655,0.0,-2.7755575615628914e-17,convex_logN_reduction_floating_point
2.942727176209282e+20,131072,exponential,0.5,0.6713607648391644,1.6754490814383751,0.5814185814185814,observed_512,direct_and_near,172,False,CYJ_v8_Q1_v2_derived_policy,no_joint_A_B_or_bridge_interval,conditional_v8_fixed_policy_feasible,2.6331902761659085e+19,0.5910815327873955,15.167087039723269,2.6925104742613355,2.8345005179334573,2.6498267892136695,-0.06737146220598264,0.9348478761773423,5.378991033215682e+19,2.350117042352153e+20,5.471103053556007e+18,2.942727176209282e+20,1.0,budget,2.6498267892136695,0.0,-2.7755575615628914e-17,convex_logN_reduction_floating_point
3.1622776601683794e+20,131072,exponential,0.5,0.6713607648391644,1.6754490814383751,0.5814185814185814,observed_512,direct_and_near,172,False,CYJ_v8_Q1_v2_derived_policy,no_joint_A_B_or_bridge_interval,conditional_v8_fixed_policy_feasible,2.6331902761659085e+19,0.6112299696440204,15.771070501059743,2.6814160475945035,2.822540865873346,2.6386463338854544,-0.06737146220598264,0.9348478761773423,5.783850566169871e+19,2.5270028713633917e+20,5.688973218800051e+18,3.1622776601683794e+20,1.0,budget,2.638646333885455,-4.1515585466160513e-16,-5.551115123125783e-17,convex_logN_reduction_floating_point
3.3982083289425596e+20,131072,exponential,0.5,0.6713607648391644,1.6754490814383751,0.5814185814185814,observed_512,direct_and_near,172,False,CYJ_v8_Q1_v2_derived_policy,no_joint_A_B_or_bridge_interval,conditional_v8_fixed_policy_feasible,2.6331902761659085e+19,0.6320924826974187,16.398085127026597,2.6704482388123,2.8107072712536723,2.627583723087709,-0.06737146220598264,0.9348478761773423,6.2190638036555145e+19,2.717150436242452e+20,5.915151233455536e+18,3.3982083289425596e+20,1.0,budget,2.627583723087709,0.0,-5.551115123125783e-17,convex_logN_reduction_floating_point
3.651741272548377e+20,131072,exponential,0.5,0.6713607648391644,1.6754490814383751,0.5814185814185814,observed_512,direct_and_near,172,False,CYJ_v8_Q1_v2_derived_policy,no_joint_A_B_or_bridge_interval,conditional_v8_fixed_policy_feasible,2.6331902761659085e+19,0.6536949946608325,17.048983698593943,2.6596054786786247,2.798998168647074,2.6166374933839878,-0.06737146220598264,0.9348478761773423,6.686901184694993e+19,2.921551706934474e+20,6.14994471444042e+18,3.651741272548377e+20,1.0,budget,2.6166374933839878,0.0,-2.7755575615628914e-17,convex_logN_reduction_floating_point
3.924189758484536e+20,131072,exponential,0.5,0.6713607648391644,1.6754490814383751,0.5814185814185814,observed_512,direct_and_near,172,False,CYJ_v8_Q1_v2_derived_policy,no_joint_A_B_or_bridge_interval,conditional_v8_fixed_policy_feasible,2.6331902761659085e+19,0.6760643946007902,17.724649750078427,2.6488862224588106,2.787412016916225,2.605806204045335,-0.06737146220598264,0.9348478761773423,7.1898027616786915e+19,3.141272758595831e+20,6.393672372083528e+18,3.924189758484536e+20,1.0,budget,2.605806204045335,0.0,-2.7755575615628914e-17,convex_logN_reduction_floating_point
4.216965034285823e+20,131072,exponential,0.5,0.6713607648391644,1.6754490814383751,0.5814185814185814,observed_512,direct_and_near,172,False,CYJ_v8_Q1_v2_derived_policy,no_joint_A_B_or_bridge_interval,conditional_v8_fixed_policy_feasible,2.6331902761659085e+19,0.6992285751990848,18.425998634534366,2.638288949377948,2.775947298674094,2.595088436545707,-0.06737146220598264,0.9348478761773423,7.730390863107449e+19,3.3774593040307316e+20,6.646664394434644e+18,4.216965034285823e+20,1.0,budget,2.595088436545707,0.0,-2.7755575615628914e-17,convex_logN_reduction_floating_point
4.5315836376008176e+20,131072,exponential,0.5,0.6713607648391644,1.6754490814383751,0.5814185814185814,observed_512,direct_and_near,172,False,CYJ_v8_Q1_v2_derived_policy,no_joint_A_B_or_bridge_interval,conditional_v8_fixed_policy_feasible,2.6331902761659085e+19,0.7232164715080657,19.15397862377406,2.627812162094518,2.764602519759592,2.5844827940717834,-0.06737146220598264,0.9348478761773423,8.311483701376075e+19,3.631342639022549e+20,6.909262844066118e+18,4.5315836376008176e+20,1.0,budget,2.5844827940717834,0.0,-5.551115123125783e-17,convex_logN_reduction_floating_point
4.8696752516586314e+20,131072,exponential,0.5,0.6713607648391644,1.6754490814383751,0.5814185814185814,observed_512,direct_and_near,172,False,CYJ_v8_Q1_v2_derived_policy,no_joint_A_B_or_bridge_interval,conditional_v8_fixed_policy_feasible,2.6331902761659085e+19,0.7480581012617226,19.90957204403365,2.617454386188921,2.7533762087281795,2.5739879010467615,-0.06737146220598264,0.9348478761773423,8.93610999611597e+19,3.904246031369708e+20,7.181822067732609e+18,4.8696752516586314e+20,1.0,budget,2.5739879010467615,0.0,-2.7755575615628914e-17,convex_logN_reduction_floating_point
5.232991146814947e+20,131072,exponential,0.5,0.6713607648391644,1.6754490814383751,0.5814185814185814,observed_512,direct_and_near,172,False,CYJ_v8_Q1_v2_derived_policy,no_joint_A_B_or_bridge_interval,conditional_v8_fixed_policy_feasible,2.6331902761659085e+19,0.7737846068077567,20.693796448325426,2.60721416966646,2.7422669163569844,2.5636024026677164,-0.06737146220598264,0.9348478761773423,9.607524688876346e+19,4.197591586734668e+20,7.464709119264434e+18,5.232991146814947e+20,1.0,budget,2.563602402667717,-4.1515585466160513e-16,-2.7755575615628914e-17,convex_logN_reduction_floating_point
5.6234132519034906e+20,131072,exponential,0.5,0.6713607648391644,1.6754490814383751,0.5814185814185814,observed_512,direct_and_near,172,False,CYJ_v8_Q1_v2_derived_policy,no_joint_A_B_or_bridge_interval,conditional_v8_fixed_policy_feasible,2.6331902761659085e+19,0.8004282987287255,21.507705826541077,2.5970900824743937,2.731273215164039,2.5533249644561633,-0.06737146220598264,0.9348478761773423,1.0329225830577703e+20,4.512907626884935e+20,7.758304196078523e+18,5.6234132519034906e+20,1.0,budget,2.5533249644561633,0.0,-2.7755575615628914e-17,convex_logN_reduction_floating_point
6.042963902381328e+20,131072,exponential,0.5,0.6713607648391644,1.6754490814383751,0.5814185814185814,observed_512,direct_and_near,172,False,CYJ_v8_Q1_v2_derived_policy,no_joint_A_B_or_bridge_interval,conditional_v8_fixed_policy_feasible,2.6331902761659085e+19,0.8280227012233199,22.352391854395382,2.587080716032634,2.7203936989412045,2.5431542718214093,-0.06737146220598264,0.9348478761773423,1.1104972729247157e+20,4.851836618559611e+20,8.063001089699969e+18,6.042963902381328e+20,1.0,budget,2.5431542718214097,-4.1515585466160513e-16,-2.7755575615628914e-17,convex_logN_reduction_floating_point
6.493816315762113e+20,131072,exponential,0.5,0.6713607648391644,1.6754490814383751,0.5814185814185814,observed_512,direct_and_near,172,False,CYJ_v8_Q1_v2_derived_policy,no_joint_A_B_or_bridge_interval,conditional_v8_fixed_policy_feasible,2.6331902761659085e+19,0.8566025993220016,23.22898518232384,2.577184682777707,2.709626982300393,2.5330890296363435,-0.06737146220598264,0.9348478761773423,1.1938805452074516e+20,5.216143694047703e+20,8.379207650695858e+18,6.493816315762113e+20,1.0,budget,2.5330890296363435,0.0,-2.7755575615628914e-17,convex_logN_reduction_floating_point
6.978305848598663e+20,131072,exponential,0.5,0.6713607648391644,1.6754490814383751,0.5814185814185814,observed_512,direct_and_near,172,False,CYJ_v8_Q1_v2_derived_policy,no_joint_A_B_or_bridge_interval,conditional_v8_fixed_policy_feasible,2.6331902761659085e+19,0.8862040880144679,24.13865676547332,2.5674006157195843,2.698971700232687,2.523127961825278,-0.06737146220598264,0.9348478761773423,1.283506578284433e+20,5.6077258076299074e+20,8.707346268432245e+18,6.978305848598663e+20,1.0,budget,2.523127961825278,0.0,-2.7755575615628914e-17,convex_logN_reduction_floating_point
7.498942093324558e+20,131072,exponential,0.5,0.6713607648391644,1.6754490814383751,0.5814185814185814,observed_512,direct_and_near,172,False,CYJ_v8_Q1_v2_derived_policy,no_joint_A_B_or_bridge_interval,conditional_v8_fixed_policy_feasible,2.6331902761659085e+19,0.9168646233698997,25.082619235948815,2.5577271680110103,2.6884265076799796,2.5132698109634983,-0.06737146220598264,0.9348478761773423,1.3798419743339287e+20,6.02862157532989e+20,9.047854366073846e+18,7.498942093324558e+20,1.0,budget,2.5132698109634983,0.0,-2.7755575615628914e-17,convex_logN_reduction_floating_point
8.058421877614818e+20,131072,exponential,0.5,0.6713607648391644,1.6754490814383751,0.5814185814185814,observed_512,direct_and_near,172,False,CYJ_v8_Q1_v2_derived_policy,no_joint_A_B_or_bridge_interval,conditional_v8_fixed_policy_feasible,2.6331902761659085e+19,0.9486230757344812,26.06212831850556,2.548163012528954,2.6779900791187488,2.503513337888155,-0.06737146220598264,0.9348478761773423,1.4833881795412482e+20,6.481021848961016e+20,9.401184911255435e+18,8.058421877614818e+20,1.0,budget,2.503513337888155,0.0,-2.7755575615628914e-17,convex_logN_reduction_floating_point
8.659643233600653e+20,131072,exponential,0.5,0.6713607648391644,1.6754490814383751,0.5814185814185814,observed_512,direct_and_near,172,False,CYJ_v8_Q1_v2_derived_policy,no_joint_A_B_or_bridge_interval,conditional_v8_fixed_policy_feasible,2.6331902761659085e+19,0.981519785094504,27.078484290899855,2.5387068414678278,2.667661108155614,2.493857321320171,-0.06737146220598264,0.9348478761773423,1.5946840849133355e+20,6.967281079258692e+20,9.767806942862619e+18,8.659643233600653e+20,1.0,budget,2.493857321320171,0.0,-2.7755575615628914e-17,convex_logN_reduction_floating_point
9.30572040929699e+20,131072,exponential,0.5,0.6713607648391644,1.6754490814383751,0.5814185814185814,observed_512,direct_and_near,172,False,CYJ_v8_Q1_v2_derived_policy,no_joint_A_B_or_bridge_interval,conditional_v8_fixed_policy_feasible,2.6331902761659085e+19,1.0155966186972631,28.13303349013796,2.5293573659441098,2.6574383071343,2.4843005574968124,-0.06737146220598264,0.9348478761773423,1.7143088211768587e+20,7.48992952697644e+20,1.0148206114369049e+19,9.305720409296989e+20,0.9999999999999999,budget,2.4843005574968124,0.0,-2.7755575615628914e-17,convex_logN_reduction_floating_point
1e+21,131072,exponential,0.5,0.6713607648391644,1.6754490814383751,0.5814185814185814,observed_512,direct_and_near,172,False,CYJ_v8_Q1_v2_derived_policy,no_joint_A_B_or_bridge_interval,conditional_v8_fixed_policy_feasible,2.6331902761659085e+19,1.050897031026082,29.227169865887735,2.5201133156120394,2.64732040675367,2.4748418598146062,-0.06737146220598264,0.9348478761773423,1.8428847622413835e+20,8.051686385216754e+20,1.0542885254186295e+19,9.999999999999999e+20,0.9999999999999999,budget,2.4748418598146062,0.0,-2.7755575615628914e-17,convex_logN_reduction_floating_point
1.0746078283213176e+21,131072,exponential,0.5,0.6713607648391644,1.6754490814383751,0.5814185814185814,observed_512,direct_and_near,172,False,CYJ_v8_Q1_v2_derived_policy,no_joint_A_B_or_bridge_interval,conditional_v8_fixed_policy_feasible,2.6331902761659085e+19,1.0874661262301426,30.362336582342316,2.510973438290043,2.6373061556964874,2.4654800584822927,-0.06737146220598264,0.9348478761773423,1.9810807527897327e+20,8.655473880988528e+20,1.0952364943491428e+19,1.0746078283213176e+21,1.0,budget,2.4654800584822927,0.0,-5.551115123125783e-17,convex_logN_reduction_floating_point
1.1547819846894581e+21,131072,exponential,0.5,0.6713607648391644,1.6754490814383751,0.5814185814185814,observed_512,direct_and_near,172,False,CYJ_v8_Q1_v2_derived_policy,no_joint_A_B_or_bridge_interval,conditional_v8_fixed_policy_feasible,2.6331902761659085e+19,1.1253507231142952,31.540027669851057,2.50193649959756,2.627394320268567,2.456214000183482,-0.06737146220598264,0.9348478761773423,2.129615576718706e+20,9.304432429055807e+20,1.137718411200675e+19,1.1547819846894581e+21,1.0,budget,2.4562140001834822,-4.1515585466160513e-16,0.0,convex_logN_reduction_floating_point
1.2409377607517195e+21,131072,exponential,0.5,0.6713607648391644,1.6754490814383751,0.5814185814185814,observed_512,direct_and_near,172,False,CYJ_v8_Q1_v2_derived_policy,no_joint_A_B_or_bridge_interval,conditional_v8_fixed_policy_feasible,2.6331902761659085e+19,1.164599422798742,32.76178972765839,2.4930012826019556,2.6175836840480002,2.4470425477487363,-0.06737146220598264,0.9348478761773423,2.289261684401083e+20,1.0001936916593958e+21,1.1817900652215288e+19,1.2409377607517195e+21,1.0,budget,2.4470425477487363,0.0,-2.7755575615628914e-17,convex_logN_reduction_floating_point
1.333521432163324e+21,131072,exponential,0.5,0.6713607648391644,1.6754490814383751,0.5814185814185814,observed_512,direct_and_near,172,False,CYJ_v8_Q1_v2_derived_policy,no_joint_A_B_or_bridge_interval,conditional_v8_fixed_policy_feasible,2.6331902761659085e+19,1.205262679163495,34.0292236791151,2.4841665874752055,2.6078730475441327,2.4379645798367657,-0.06737146220598264,0.9348478761773423,2.4608491980806465e+20,1.075161420302755e+21,1.227509205250423e+19,1.333521432163324e+21,1.0,budget,2.4379645798367657,0.0,-2.7755575615628914e-17,convex_logN_reduction_floating_point
1.4330125702369627e+21,131072,exponential,0.5,0.6713607648391644,1.6754490814383751,0.5814185814185814,observed_512,direct_and_near,172,False,CYJ_v8_Q1_v2_derived_policy,no_joint_A_B_or_bridge_interval,conditional_v8_fixed_policy_feasible,2.6331902761659085e+19,1.2473928721976388,35.34398658075307,2.4754312311600524,2.5982612278659962,2.42897899062446,-0.06737146220598264,0.9348478761773423,2.6452702161528223e+20,1.1557361925719425e+21,1.2749356049738131e+19,1.433012570236963e+21,1.0000000000000002,budget,2.42897899062446,0.0,-2.7755575615628914e-17,convex_logN_reduction_floating_point
1.539926526059492e+21,131072,exponential,0.5,0.6713607648391644,1.6754490814383751,0.5814185814185814,observed_512,direct_and_near,172,False,CYJ_v8_Q1_v2_derived_policy,no_joint_A_B_or_bridge_interval,conditional_v8_fixed_policy_feasible,2.6331902761659085e+19,1.2910443843789068,36.707793486638195,2.4667940470453376,2.58874705839989,2.4200846895054795,-0.06737146220598264,0.9348478761773423,2.843483438631891e+20,1.2423368708945307e+21,1.3241311301772145e+19,1.5399265260594921e+21,1.0000000000000002,budget,2.4200846895054795,0.0,-2.7755575615628914e-17,convex_logN_reduction_floating_point
1.6548170999431815e+21,131072,exponential,0.5,0.6713607648391644,1.6754490814383751,0.5814185814185814,observed_512,direct_and_near,172,False,CYJ_v8_Q1_v2_derived_policy,no_joint_A_B_or_bridge_interval,conditional_v8_fixed_policy_feasible,2.6331902761659085e+19,1.3362736802147677,38.12241936944091,2.458253884650226,2.579329388495828,2.4112806007971277,-0.06737146220598264,0.9348478761773423,3.056519137769613e+20,1.3354135880857957e+21,1.3751598080424569e+19,1.6548170999431818e+21,1.0000000000000002,budget,2.4112806007971277,0.0,-2.7755575615628914e-17,convex_logN_reduction_floating_point
1.7782794100389228e+21,131072,exponential,0.5,0.6713607648391644,1.6754490814383751,0.5814185814185814,observed_512,direct_and_near,172,False,CYJ_v8_Q1_v2_derived_policy,no_joint_A_B_or_bridge_interval,conditional_v8_fixed_policy_feasible,2.6331902761659085e+19,1.3831393890821726,39.58970109968819,2.4498096093170356,2.570007083162562,2.4025656634552477,-0.06737146220598264,0.9348478761773423,3.2854844995781126e+20,1.4354500810956745e+21,1.4280878985436721e+19,1.7782794100389225e+21,0.9999999999999999,budget,2.4025656634552477,0.0,-2.7755575615628914e-17,convex_logN_reduction_floating_point
1.9109529749704406e+21,131072,exponential,0.5,0.6713607648391644,1.6754490814383751,0.5814185814185814,observed_512,direct_and_near,172,False,CYJ_v8_Q1_v2_derived_policy,no_joint_A_B_or_bridge_interval,conditional_v8_fixed_policy_feasible,2.6331902761659085e+19,1.4317023915093858,41.111539484684464,2.4414601019124142,2.5607790227709204,2.393938830796885,-0.06737146220598264,0.9348478761773423,3.5315693639313175e+20,1.542966198897352e+21,1.4829839679956726e+19,1.9109529749704406e+21,1.0,budget,2.393938830796885,0.0,-2.7755575615628914e-17,convex_logN_reduction_floating_point
2.053525026457146e+21,131072,exponential,0.5,0.6713607648391644,1.6754490814383751,0.5814185814185814,observed_512,direct_and_near,172,False,CYJ_v8_Q1_v2_derived_policy,no_joint_A_B_or_bridge_interval,conditional_v8_fixed_policy_feasible,2.6331902761659085e+19,1.482025909049864,42.689901368612105,2.4332042585365934,2.5516441027651875,2.3853990702304757,-0.06737146220598264,0.9348478761773423,3.7960523929839836e+20,1.6585205975106556e+21,1.5399189648092103e+19,2.053525026457146e+21,1.0,budget,2.3853990702304757,0.0,-2.7755575615628914e-17,convex_logN_reduction_floating_point
2.20673406908459e+21,131072,exponential,0.5,0.6713607648391644,1.6754490814383751,0.5814185814185814,observed_512,direct_and_near,172,False,CYJ_v8_Q1_v2_derived_policy,no_joint_A_B_or_bridge_interval,conditional_v8_fixed_policy_feasible,2.6331902761659085e+19,1.5341755979050262,44.326821795345445,2.4250409902404604,2.5426012333822676,2.376945362993304,-0.06737146220598264,0.9348478761773423,4.0803076998662187e+20,1.7827136361228835e+21,1.5989662975084521e+19,2.2067340690845897e+21,0.9999999999999999,budget,2.376945362993304,0.0,-1.3877787807814457e-17,convex_logN_reduction_floating_point
2.3713737056616553e+21,131072,exponential,0.5,0.6713607648391644,1.6754490814383751,0.5814185814185814,observed_512,direct_and_near,172,False,CYJ_v8_Q1_v2_derived_policy,no_joint_A_B_or_bridge_interval,conditional_v8_fixed_policy_feasible,2.6331902761659085e+19,1.5882196464599363,46.02440623553433,2.4169692227502098,2.5336493393783877,2.368576703896012,-0.06737146220598264,0.9348478761773423,4.385811971995729e+20,1.916190489311414e+21,1.6602019150667993e+19,2.3713737056616553e+21,1.0,budget,2.368576703896012,0.0,-2.7755575615628914e-17,convex_logN_reduction_floating_point
2.5482967479793463e+21,131072,exponential,0.5,0.6713607648391644,1.6754490814383751,0.5814185814185814,observed_512,direct_and_near,172,False,CYJ_v8_Q1_v2_derived_policy,no_joint_A_B_or_bridge_interval,conditional_v8_fixed_policy_feasible,2.6331902761659085e+19,1.6442288769034987,47.78483287953472,2.4089878961993265,2.524787359763094,2.3602921010739277,-0.06737146220598264,0.9348478761773423,4.714152125912325e+20,2.0596444914919342e+21,1.7237043896179548e+19,2.5482967479793463e+21,1.0,budget,2.3602921010739277,0.0,-2.7755575615628914e-17,convex_logN_reduction_floating_point
2.7384196342643614e+21,131072,exponential,0.5,0.6713607648391644,1.6754490814383751,0.5814185814185814,observed_512,direct_and_near,172,False,CYJ_v8_Q1_v2_derived_policy,no_joint_A_B_or_bridge_interval,conditional_v8_fixed_policy_feasible,2.6331902761659085e+19,1.702276851112642,49.61035499778531,2.4010959648676726,2.5160142475403084,2.3520905757449913,-0.06737146220598264,0.9348478761773423,5.0670335332926174e+20,2.2138207309191e+21,1.7895550015999183e+19,2.7384196342643614e+21,1.0,budget,2.3520905757449913,0.0,-1.3877787807814457e-17,convex_logN_reduction_floating_point
2.9427271762092816e+21,131072,exponential,0.5,0.6713607648391644,1.6754490814383751,0.5814185814185814,observed_512,direct_and_near,172,False,CYJ_v8_Q1_v2_derived_policy,no_joint_A_B_or_bridge_interval,conditional_v8_fixed_policy_feasible,2.6331902761659085e+19,1.7624399809882947,51.503303370248716,2.3932923969274453,2.507328969456217,2.3439711619740686,-0.06737146220598264,0.9348478761773423,5.446288860761732e+20,2.3795199118592054e+21,1.8578378273902907e+19,2.9427271762092816e+21,1.0,budget,2.3439711619740686,0.0,-5.551115123125783e-17,convex_logN_reduction_floating_point
3.1622776601683794e+21,131072,exponential,0.5,0.6713607648391644,1.6754490814383751,0.5814185814185814,observed_512,direct_and_near,172,False,CYJ_v8_Q1_v2_derived_policy,no_joint_A_B_or_bridge_interval,conditional_v8_fixed_policy_feasible,2.6331902761659085e+19,1.8247976434396362,53.466088786555375,2.385576174195794,2.4987305057537683,2.3359329064434466,-0.06737146220598264,0.9348478761773423,5.853887569298436e+20,2.5576025049436153e+21,1.9286398294919844e+19,3.1622776601683794e+21,1.0,budget,2.3359329064434466,0.0,-1.3877787807814457e-17,convex_logN_reduction_floating_point
3.3982083289425594e+21,131072,exponential,0.5,0.6713607648391644,1.6754490814383751,0.5814185814185814,observed_512,direct_and_near,172,False,CYJ_v8_Q1_v2_derived_policy,no_joint_A_B_or_bridge_interval,conditional_v8_fixed_policy_feasible,2.6331902761659085e+19,1.8894323002222249,55.50120461850683,2.3779462918938785,2.490217849933576,2.3279748682293113,-0.06737146220598264,0.9348478761773423,6.291946122446984e+20,2.7489932072045705e+21,2.002050949329093e+19,3.3982083289425594e+21,1.0,budget,2.3279748682293113,0.0,-2.7755575615628914e-17,convex_logN_reduction_floating_point
3.651741272548377e+21,131072,exponential,0.5,0.6713607648391644,1.6754490814383751,0.5814185814185814,observed_512,direct_and_near,172,False,CYJ_v8_Q1_v2_derived_policy,no_joint_A_B_or_bridge_interval,conditional_v8_fixed_policy_feasible,2.6331902761659085e+19,1.956429622845198,57.611229466611505,2.3704017584121626,2.4817900085210014,2.3200961185840066,-0.06737146220598264,0.9348478761773423,6.762738956220654e+20,2.954685734899179e+21,2.0781642027132785e+19,3.6517412725483776e+21,1.0000000000000002,budget,2.3200961185840066,0.0,-1.3877787807814457e-17,convex_logN_reduction_floating_point
3.924189758484536e+21,131072,exponential,0.5,0.6713607648391644,1.6754490814383751,0.5814185814185814,observed_512,direct_and_near,172,False,CYJ_v8_Q1_v2_derived_policy,no_joint_A_B_or_bridge_interval,conditional_v8_fixed_policy_feasible,2.6331902761659085e+19,2.0258786227727414,59.798829882343306,2.362941595081751,2.473446000839242,2.3122957407239064,-0.06737146220598264,0.9348478761773423,7.268710267527787e+20,3.1757479739513404e+21,2.1570757780416483e+19,3.9241897584845353e+21,0.9999999999999999,budget,2.3122957407239064,0.0,-1.3877787807814457e-17,convex_logN_reduction_floating_point
4.2169650342858226e+21,131072,exponential,0.5,0.6713607648391644,1.6754490814383751,0.5814185814185814,observed_512,direct_and_near,172,False,CYJ_v8_Q1_v2_derived_policy,no_joint_A_B_or_bridge_interval,conditional_v8_fixed_policy_feasible,2.6331902761659085e+19,2.097871787155592,62.06676316782676,2.3555648359515637,2.4651848587882053,2.3045728296226953,-0.06737146220598264,0.9348478761773423,7.812486682191095e+20,3.413327514693837e+21,2.2388851372875764e+19,4.2169650342858226e+21,1.0,budget,2.3045728296226953,0.0,-1.3877787807814457e-17,convex_logN_reduction_floating_point
4.5315836376008176e+21,131072,exponential,0.5,0.6713607648391644,1.6754490814383751,0.5814185814185814,observed_512,direct_and_near,172,False,CYJ_v8_Q1_v2_derived_policy,no_joint_A_B_or_bridge_interval,conditional_v8_fixed_policy_feasible,2.6331902761659085e+19,2.172505220339337,64.41788025466741,2.348270527571173,2.4570056266289977,2.2969264918098986,-0.06737146220598264,0.9348478761773423,8.396890868187555e+20,3.6686575995835976e+21,2.3236951198464705e+19,4.531583637600817e+21,0.9999999999999999,budget,2.2969264918098986,0.0,-1.3877787807814457e-17,convex_logN_reduction_floating_point
4.869675251658631e+21,131072,exponential,0.5,0.6713607648391644,1.6754490814383751,0.5814185814185814,observed_512,direct_and_near,172,False,CYJ_v8_Q1_v2_derived_policy,no_joint_A_B_or_bridge_interval,conditional_v8_fixed_policy_feasible,2.6331902761659085e+19,2.2498787914079306,66.85512866365643,2.3410577287791132,2.448907360773844,2.2893558451744886,-0.06737146220598264,0.9348478761773423,9.024956164632542e+20,3.943063514702388e+21,2.411612049298849e+19,4.869675251658632e+21,1.0000000000000002,budget,2.2893558451744886,0.0,-1.3877787807814457e-17,convex_logN_reduction_floating_point
5.232991146814947e+21,131072,exponential,0.5,0.6713607648391644,1.6754490814383751,0.5814185814185814,observed_512,direct_and_near,172,False,CYJ_v8_Q1_v2_derived_policy,no_joint_A_B_or_bridge_interval,conditional_v8_fixed_policy_feasible,2.6331902761659085e+19,2.33009628803294,69.38155554708995,2.333925510496498,2.4408891295812563,2.2818600187733993,-0.06737146220598264,0.9348478761773423,9.699942302293531e+20,4.237969458154059e+21,2.5027458431535145e+19,5.232991146814947e+21,1.0,budget,2.2818600187733993,0.0,-1.3877787807814457e-17,convex_logN_reduction_floating_point
5.623413251903491e+21,131072,exponential,0.5,0.6713607648391644,1.6754490814383751,0.5814185814185814,observed_512,direct_and_near,172,False,CYJ_v8_Q1_v2_derived_policy,no_joint_A_B_or_bridge_interval,conditional_v8_fixed_policy_feasible,2.6331902761659085e+19,2.4132655769118627,72.00031081545137,2.326872955525761,2.4329500131562884,2.274438152644793,-0.06737146220598264,0.9348478761773423,1.0425352297073021e+21,4.55490592093985e+21,2.5972101256338866e+19,5.623413251903491e+21,1.0,budget,2.274438152644793,0.0,-4.163336342344337e-17,convex_logN_reduction_floating_point
6.042963902381328e+21,131072,exponential,0.5,0.6713607648391644,1.6754490814383751,0.5814185814185814,observed_512,direct_and_near,172,False,CYJ_v8_Q1_v2_derived_policy,no_joint_A_B_or_bridge_interval,conditional_v8_fixed_policy_feasible,2.6331902761659085e+19,2.499498771092216,74.71465035021217,2.3198991583543718,2.425089103155712,2.267089397625933,-0.06737146220598264,0.9348478761773423,1.1204950603976395e+21,4.89551761854798e+21,2.6951223435708158e+19,6.042963902381328e+21,1.0,budget,2.267089397625933,0.0,-1.3877787807814457e-17,convex_logN_reduction_floating_point
6.493816315762113e+21,131072,exponential,0.5,0.6713607648391644,1.6754490814383751,0.5814185814185814,observed_512,direct_and_near,172,False,CYJ_v8_Q1_v2_derived_policy,no_joint_A_B_or_bridge_interval,conditional_v8_fixed_policy_feasible,2.6331902761659085e+19,2.588912404492199,77.52793930451028,2.3130032249633583,2.417305502597949,2.2598129151754955,-0.06737146220598264,0.9348478761773423,1.20427826256099e+21,5.261572014346469e+21,2.7966038854653403e+19,6.493816315762112e+21,0.9999999999999999,budget,2.2598129151754955,0.0,-5.551115123125783e-17,convex_logN_reduction_floating_point
6.978305848598664e+21,131072,exponential,0.5,0.6713607648391644,1.6754490814383751,0.5814185814185814,observed_512,direct_and_near,172,False,CYJ_v8_Q1_v2_derived_policy,no_joint_A_B_or_bridge_interval,conditional_v8_fixed_policy_feasible,2.6331902761659085e+19,2.6816276139434776,80.44365549346881,2.3061842726404875,2.409598325677621,2.252607877200204,-0.06737146220598264,0.9348478761773423,1.2943195676270513e+21,5.654968478933762e+21,2.9017802037849637e+19,6.978305848598663e+21,0.9999999999999999,budget,2.2526078772002043,-4.1515585466160513e-16,-1.3877787807814457e-17,convex_logN_reduction_floating_point
7.498942093324559e+21,131072,exponential,0.5,0.6713607648391644,1.6754490814383751,0.5814185814185814,observed_512,direct_and_near,172,False,CYJ_v8_Q1_v2_derived_policy,no_joint_A_B_or_bridge_interval,conditional_v8_fixed_policy_feasible,2.6331902761659085e+19,2.777770329097161,83.46539287591688,2.2994414297979526,2.4019666975845495,2.245473465885621,-0.06737146220598264,0.9348478761773423,1.3910861510229568e+21,6.077748132896032e+21,3.0107809405570105e+19,7.49894209332456e+21,1.0000000000000002,budget,2.245473465885621,0.0,-1.3877787807814457e-17,convex_logN_reduction_floating_point
8.058421877614818e+21,131072,exponential,0.5,0.6713607648391644,1.6754490814383751,0.5814185814185814,observed_512,direct_and_near,172,False,CYJ_v8_Q1_v2_derived_policy,no_joint_A_B_or_bridge_interval,conditional_v8_fixed_policy_feasible,2.6331902761659085e+19,2.8774714705503297,86.59686512927267,2.292773835794427,2.3944097543270795,2.2384088735309824,-0.06737146220598264,0.9348478761773423,1.4950800530914607e+21,6.532104423960133e+21,3.1237400563225477e+19,8.058421877614817e+21,0.9999999999999999,budget,2.2384088735309824,0.0,-1.3877787807814457e-17,convex_logN_reduction_floating_point
8.659643233600654e+21,131072,exponential,0.5,0.6713607648391644,1.6754490814383751,0.5814185814185814,observed_512,direct_and_near,172,False,CYJ_v8_Q1_v2_derived_policy,no_joint_A_B_or_bridge_interval,conditional_v8_fixed_policy_feasible,2.6331902761659085e+19,2.9808671565675806,89.8419093193433,2.286180640761344,2.3869266425595814,2.231413302387939,-0.06737146220598264,0.9348478761773423,1.6068407806401197e+21,7.020394493335392e+21,3.240795962514166e+19,8.659643233600654e+21,1.0,budget,2.231413302387939,0.0,-1.3877787807814457e-17,convex_logN_reduction_floating_point
9.30572040929699e+21,131072,exponential,0.5,0.6713607648391644,1.6754490814383751,0.5814185814185814,observed_512,direct_and_near,172,False,CYJ_v8_Q1_v2_derived_policy,no_joint_A_B_or_bridge_interval,conditional_v8_fixed_policy_feasible,2.6331902761659085e+19,3.0880989187900267,93.20448966678775,2.2796610054332724,2.379516519413999,2.224485964503079,-0.06737146220598264,0.9348478761773423,1.7269481025983008e+21,7.545151390125483e+21,3.362091657320612e+19,9.30572040929699e+21,1.0,budget,2.224485964503079,0.0,-2.7755575615628914e-17,convex_logN_reduction_floating_point
1e+22,131072,exponential,0.5,0.6713607648391644,1.6754490814383751,0.5814185814185814,observed_512,direct_and_near,172,False,CYJ_v8_Q1_v2_derived_policy,no_joint_A_B_or_bridge_interval,conditional_v8_fixed_policy_feasible,2.6331902761659085e+19,3.199313927343033,96.68870141198036,2.2732141009822535,2.3721785523353134,2.2176260815641102,-0.06737146220598264,0.9348478761773423,1.8560250542643644e+21,8.109097197084626e+21,3.4877748651009425e+19,1e+22,1.0,budget,2.2176260815641102,0.0,-2.7755575615628914e-17,convex_logN_reduction_floating_point
1.0746078283213176e+22,131072,exponential,0.5,0.6713607648391644,1.6754490814383751,0.5814185814185814,observed_512,direct_and_near,172,False,CYJ_v8_Q1_v2_derived_policy,no_joint_A_B_or_bridge_interval,conditional_v8_fixed_policy_feasible,2.6331902761659085e+19,3.314665225773888,100.29877477999442,2.2668391088559763,2.364911918920801,2.210832884749594,-0.06737146220598264,0.9348478761773423,1.9947411657058468e+21,8.715157135713225e+21,3.617998179410236e+19,1.0746078283213176e+22,1.0,budget,2.210832884749594,0.0,-4.163336342344337e-17,convex_logN_reduction_floating_point
1.154781984689458e+22,131072,exponential,0.5,0.6713607648391644,1.6754490814383751,0.5814185814185814,observed_512,direct_and_near,172,False,CYJ_v8_Q1_v2_derived_policy,no_joint_A_B_or_bridge_interval,conditional_v8_fixed_policy_feasible,2.6331902761659085e+19,3.4343119762713346,104.03907904741209,2.260535220619679,2.357715806762967,2.204105614582109,-0.06737146220598264,0.9348478761773423,2.1438159310366046e+21,9.366474723760994e+21,3.752919209698401e+19,1.154781984689458e+22,1.0,budget,2.2041056145821094,-4.1515585466160513e-16,0.0,convex_logN_reduction_floating_point
1.2409377607517196e+22,131072,exponential,0.5,0.6713607648391644,1.6754490814383751,0.5814185814185814,observed_512,direct_and_near,172,False,CYJ_v8_Q1_v2_derived_policy,no_joint_A_B_or_bridge_interval,conditional_v8_fixed_policy_feasible,2.6331902761659085e+19,3.5584197156408837,107.91412671264284,2.254301637801644,2.350589413296033,2.197443520784742,-0.06737146220598264,0.9348478761773423,2.304022536542621e+21,1.0066428063657146e+22,3.8927007317427675e+19,1.2409377607517194e+22,0.9999999999999998,budget,2.197443520784742,0.0,-2.7755575615628914e-17,convex_logN_reduction_floating_point
1.3335214321633241e+22,131072,exponential,0.5,0.6713607648391644,1.6754490814383751,0.5814185814185814,observed_512,direct_and_near,172,False,CYJ_v8_Q1_v2_derived_policy,no_joint_A_B_or_bridge_interval,conditional_v8_fixed_policy_feasible,2.6331902761659085e+19,3.68716062253281,111.92857777140824,2.248137571742189,2.3435319456458714,2.190845862140798,-0.06737146220598264,0.9348478761773423,2.476191866969026e+21,1.0818647346245473e+22,4.03751084187426e+19,1.3335214321633241e+22,1.0,budget,2.190845862140798,0.0,-1.3877787807814457e-17,convex_logN_reduction_floating_point
1.4330125702369628e+22,131072,exponential,0.5,0.6713607648391644,1.6754490814383751,0.5814185814185814,observed_512,direct_and_near,172,False,CYJ_v8_Q1_v2_derived_policy,no_joint_A_B_or_bridge_interval,conditional_v8_fixed_policy_feasible,2.6331902761659085e+19,3.820713796443903,116.08724409902345,2.2420422434460376,2.3365426204832747,2.184311906356631,-0.06737146220598264,0.9348478761773423,2.6612168107217393e+21,1.162703366049733e+22,4.187523115055961e+19,1.4330125702369628e+22,1.0,budget,2.184311906356631,0.0,-4.163336342344337e-17,convex_logN_reduction_floating_point
1.539926526059492e+22,131072,exponential,0.5,0.6713607648391644,1.6754490814383751,0.5814185814185814,observed_512,direct_and_near,172,False,CYJ_v8_Q1_v2_derived_policy,no_joint_A_B_or_bridge_interval,conditional_v8_fixed_policy_feasible,2.6331902761659085e+19,3.959265549039532,120.39509394107046,2.2360148834379694,2.329620663880466,2.1778409299275037,-0.06737146220598264,0.9348478761773423,2.86005688628555e+21,1.2495779206640653e+22,4.342916766871611e+19,1.539926526059492e+22,1.0,budget,2.1778409299275037,0.0,-1.3877787807814457e-17,convex_logN_reduction_floating_point
1.6548170999431814e+22,131072,exponential,0.5,0.6713607648391644,1.6754490814383751,0.5814185814185814,observed_512,direct_and_near,172,False,CYJ_v8_Q1_v2_derived_policy,no_joint_A_B_or_bridge_interval,conditional_v8_fixed_policy_feasible,2.6331902761659085e+19,4.103009708369294,124.85725651402166,2.230054731621643,2.322765311170734,2.1714322180063643,-0.06737146220598264,0.9348478761773423,3.0737432138243165e+21,1.3429389017412694e+22,4.50387681948025e+19,1.6548170999431814e+22,1.0,budget,2.1714322180063643,0.0,-1.3877787807814457e-17,convex_logN_reduction_floating_point
1.7782794100389228e+22,131072,exponential,0.5,0.6713607648391644,1.6754490814383751,0.5814185814185814,observed_512,direct_and_near,172,False,CYJ_v8_Q1_v2_derived_policy,no_joint_A_B_or_bridge_interval,conditional_v8_fixed_policy_feasible,2.6331902761659085e+19,4.2521479365776385,129.4790267173295,2.224161037141499,2.3159758068111094,2.1650850642754724,-0.06737146220598264,0.9348478761773423,3.3033838577170414e+21,1.443270429995627e+22,4.670594271591694e+19,1.7782794100389228e+22,1.0,budget,2.1650850642754724,0.0,-4.163336342344337e-17,convex_logN_reduction_floating_point
1.9109529749704407e+22,131072,exponential,0.5,0.6713607648391644,1.6754490814383751,0.5814185814185814,observed_512,direct_and_near,172,False,CYJ_v8_Q1_v2_derived_policy,no_joint_A_B_or_bridge_interval,conditional_v8_fixed_policy_feasible,2.6331902761659085e+19,4.406890061740448,134.2658699584505,2.2183330582476466,2.3092514042479806,2.15879877082077,-0.06737146220598264,0.9348478761773423,3.5501695677049854e+21,1.5510927519274263e+22,4.843266272515801e+19,1.9109529749704403e+22,0.9999999999999998,budget,2.15879877082077,0.0,-1.3877787807814457e-17,convex_logN_reduction_floating_point
2.053525026457146e+22,131072,exponential,0.5,0.6713607648391644,1.6754490814383751,0.5814185814185814,observed_512,direct_and_near,172,False,CYJ_v8_Q1_v2_derived_policy,no_joint_A_B_or_bridge_interval,conditional_v8_fixed_policy_feasible,2.6331902761659085e+19,4.567454424489639,139.2234270922193,2.212570062163647,2.302591365785566,2.1525726480089222,-0.06737146220598264,0.9348478761773423,3.8153799483898064e+21,1.666964935317829e+22,5.022096300336593e+19,2.0535250264571465e+22,1.0000000000000002,budget,2.1525726480089222,0.0,-1.3877787807814457e-17,convex_logN_reduction_floating_point
2.20673406908459e+22,131072,exponential,0.5,0.6713607648391644,1.6754490814383751,0.5814185814185814,observed_512,direct_and_near,172,False,CYJ_v8_Q1_v2_derived_policy,no_joint_A_B_or_bridge_interval,conditional_v8_fixed_policy_feasible,2.6331902761659085e+19,4.734068240120591,144.35751947593002,2.2068713249570946,2.2959949624571476,2.1464060143669412,-0.06737146220598264,0.9348478761773423,4.10039008904154e+21,1.7914877658361756e+22,5.2072943442602e+19,2.2067340690845895e+22,0.9999999999999998,budget,2.1464060143669412,0.0,-2.7755575615628914e-17,convex_logN_reduction_floating_point
2.371373705661655e+22,131072,exponential,0.5,0.6713607648391644,1.6754490814383751,0.5814185814185814,observed_512,direct_and_near,172,False,CYJ_v8_Q1_v2_derived_policy,no_joint_A_B_or_bridge_interval,conditional_v8_fixed_policy_feasible,2.6331902761659085e+19,4.9069679769116235,149.67415414141803,2.2012361314129274,2.2894614738989896,2.140298196464318,-0.06737146220598264,0.9348478761773423,4.406677688059635e+21,1.9253068597645082e+22,5.399077091183263e+19,2.371373705661655e+22,1.0,budget,2.140298196464318,0.0,-1.3877787807814457e-17,convex_logN_reduction_floating_point
2.5482967479793465e+22,131072,exponential,0.5,0.6713607648391644,1.6754490814383751,0.5814185814185814,observed_512,direct_and_near,172,False,CYJ_v8_Q1_v2_derived_policy,no_joint_A_B_or_bridge_interval,conditional_v8_fixed_policy_feasible,2.6331902761659085e+19,5.086399751420925,155.17952908536626,2.19566377490937,2.282990188226854,2.1342485287975856,-0.06737146220598264,0.9348478761773423,4.735830708992538e+21,2.069116008963567e+22,5.59766811652596e+19,2.5482967479793465e+22,1.0,budget,2.1342485287975856,0.0,-1.3877787807814457e-17,convex_logN_reduction_floating_point
2.7384196342643614e+22,131072,exponential,0.5,0.6713607648391644,1.6754490814383751,0.5814185814185814,observed_512,direct_and_near,172,False,CYJ_v8_Q1_v2_derived_policy,no_joint_A_B_or_bridge_interval,conditional_v8_fixed_policy_feasible,2.6331902761659085e+19,5.272619741564563,160.8800386789801,2.1901535572964423,2.276580401915042,2.1282563536772376,-0.06737146220598264,0.9348478761773423,5.089555607774766e+21,2.2236607754075137e+22,5.803298079370922e+19,2.738419634264361e+22,0.9999999999999999,budget,2.1282563536772376,0.0,-4.163336342344337e-17,convex_logN_reduction_floating_point
2.942727176209282e+22,131072,exponential,0.5,0.6713607648391644,1.6754490814383751,0.5814185814185814,observed_512,direct_and_near,172,False,CYJ_v8_Q1_v2_derived_policy,no_joint_A_B_or_bridge_interval,conditional_v8_fixed_policy_feasible,2.6331902761659085e+19,5.465894618319116,166.78227919809854,2.184704788776947,2.2702314196778817,2.1223210211169405,-0.06737146220598264,0.9348478761773423,5.469686173799298e+21,2.3897423539074054e+22,6.016204921946543e+19,2.942727176209282e+22,1.0,budget,2.1223210211169405,0.0,-1.3877787807814457e-17,convex_logN_reduction_floating_point
3.1622776601683792e+22,131072,exponential,0.5,0.6713607648391644,1.6754490814383751,0.5814185814185814,observed_512,direct_and_near,172,False,CYJ_v8_Q1_v2_derived_policy,no_joint_A_B_or_bridge_interval,conditional_v8_fixed_policy_feasible,2.6331902761659085e+19,5.6665019969349135,172.89305447471057,2.1793167877898694,2.263942554353585,2.1164418887249563,-0.06737146220598264,0.9348478761773423,5.878193030622745e+21,2.568221723032615e+22,6.2366340734896505e+19,3.162277660168379e+22,0.9999999999999999,budget,2.1164418887249563,0.0,-2.7755575615628914e-17,convex_logN_reduction_floating_point
3.3982083289425593e+22,131072,exponential,0.5,0.6713607648391644,1.6754490814383751,0.5814185814185814,observed_512,direct_and_near,172,False,CYJ_v8_Q1_v2_derived_policy,no_joint_A_B_or_bridge_interval,conditional_v8_fixed_policy_feasible,2.6331902761659085e+19,5.874730908590164,179.2193816707549,2.173988880896121,2.2577131267904207,2.1106183215977317,-0.06737146220598264,0.9348478761773423,6.317193845517608e+21,2.7600241057322796e+22,6.4648386585192096e+19,3.3982083289425593e+22,1.0,budget,2.110618321597732,-4.1515585466160513e-16,-2.7755575615628914e-17,convex_logN_reduction_floating_point
3.651741272548377e+22,131072,exponential,0.5,0.6713607648391644,1.6754490814383751,0.5814185814185814,observed_512,direct_and_near,172,False,CYJ_v8_Q1_v2_derived_policy,no_joint_A_B_or_bridge_interval,conditional_v8_fixed_policy_feasible,2.6331902761659085e+19,6.09088229346306,185.76849717497336,2.168720402666547,2.251542465735111,2.104849692215565,-0.06737146220598264,0.9348478761773423,6.788964300757727e+21,2.9661437627630556e+22,6.7010797095488365e+19,3.6517412725483765e+22,0.9999999999999999,budget,2.104849692215565,0.0,-1.3877787807814457e-17,convex_logN_reduction_floating_point
3.924189758484536e+22,131072,exponential,0.5,0.6713607648391644,1.6754490814383751,0.5814185814185814,observed_512,direct_and_near,172,False,CYJ_v8_Q1_v2_derived_policy,no_joint_A_B_or_bridge_interval,conditional_v8_fixed_policy_feasible,2.6331902761659085e+19,6.315269516248288,192.5478626234751,2.1635106955721444,2.2454299077234072,2.099135380340313,-0.06737146220598264,0.9348478761773423,7.295949883468773e+21,3.187649143753397e+22,6.945626384261839e+19,3.924189758484536e+22,1.0,budget,2.099135380340313,0.0,-4.163336342344337e-17,convex_logN_reduction_floating_point
4.2169650342858225e+22,131072,exponential,0.5,0.6713607648391644,1.6754490814383751,0.5814185814185814,observed_512,direct_and_near,172,False,CYJ_v8_Q1_v2_derived_policy,no_joint_A_B_or_bridge_interval,conditional_v8_fixed_policy_feasible,2.6331902761659085e+19,6.548218905196207,199.56517104454693,2.1583591098764177,2.239374796972773,2.093474772915064,-0.06737146220598264,0.9348478761773423,7.840778555115701e+21,3.425688422587084e+22,7.198756187168086e+19,4.2169650342858225e+22,1.0,budget,2.0934747729150645,-4.1515585466160513e-16,-2.7755575615628914e-17,convex_logN_reduction_floating_point
4.531583637600818e+22,131072,exponential,0.5,0.6713607648391644,1.6754490814383751,0.5814185814185814,observed_512,direct_and_near,172,False,CYJ_v8_Q1_v2_derived_policy,no_joint_A_B_or_bridge_interval,conditional_v8_fixed_policy_feasible,2.6331902761659085e+19,6.790070315807563,206.82835312811767,2.1532650035298198,2.2333764852771147,2.087867263965728,-0.06737146220598264,0.9348478761773423,8.426274366255577e+21,3.6814954457795037e+22,7.460755195757425e+19,4.531583637600818e+22,1.0,budget,2.087867263965728,0.0,-1.3877787807814457e-17,convex_logN_reduction_floating_point
4.869675251658631e+22,131072,exponential,0.5,0.6713607648391644,1.6754490814383751,0.5814185814185814,observed_512,direct_and_near,172,False,CYJ_v8_Q1_v2_derived_policy,no_joint_A_B_or_bridge_interval,conditional_v8_fixed_policy_feasible,2.6331902761659085e+19,7.041177720374275,214.34558362014153,2.148227742066206,2.2274343319035004,2.0823122545044845,-0.06737146220598264,0.9348478761773423,9.055472087080569e+21,3.956396124659415e+22,7.731918291159207e+19,4.869675251658631e+22,1.0,budget,2.0823122545044845,0.0,-1.3877787807814457e-17,convex_logN_reduction_floating_point
5.2329911468149466e+22,131072,exponential,0.5,0.6713607648391644,1.6754490814383751,0.5814185814185814,observed_512,direct_and_near,172,False,CYJ_v8_Q1_v2_derived_policy,no_joint_A_B_or_bridge_interval,conditional_v8_fixed_policy_feasible,2.6331902761659085e+19,7.301909824617408,222.12528784201928,2.143246698501258,2.221547703490813,2.0768091524350387,-0.06737146220598264,0.9348478761773423,9.731632929537662e+21,4.251815304467869e+22,8.012549393312191e+19,5.2329911468149466e+22,1.0,budget,2.0768091524350387,0.0,-2.7755575615628914e-17,convex_logN_reduction_floating_point
5.623413251903491e+22,131072,exponential,0.5,0.6713607648391644,1.6754490814383751,0.5814185814185814,observed_512,direct_and_near,172,False,CYJ_v8_Q1_v2_derived_policy,no_joint_A_B_or_bridge_interval,conditional_v8_fixed_policy_feasible,2.6331902761659085e+19,7.572650712737337,230.1761483350172,2.1383212532328115,2.215715973950281,2.071357372459632,-0.06737146220598264,0.9348478761773423,1.045826144246582e+22,4.569284145956266e+22,8.302961700643407e+19,5.62341325190349e+22,0.9999999999999999,budget,2.071357372459632,0.0,-1.3877787807814457e-17,convex_logN_reduction_floating_point
6.042963902381329e+22,131072,exponential,0.5,0.6713607648391644,1.6754490814383751,0.5814185814185814,observed_512,direct_and_near,172,False,CYJ_v8_Q1_v2_derived_policy,no_joint_A_B_or_bridge_interval,conditional_v8_fixed_policy_feasible,2.6331902761659085e+19,7.853800522258421,238.50711162947653,2.1334507939430396,2.2099385243678387,2.0659563359877637,-0.06737146220598264,0.9348478761773423,1.1239123667267581e+22,4.9104480577203214e+22,8.603477934248482e+19,6.042963902381329e+22,1.0,budget,2.0659563359877637,0.0,-1.3877787807814457e-17,convex_logN_reduction_floating_point
6.493816315762113e+22,131072,exponential,0.5,0.6713607648391644,1.6754490814383751,0.5814185814185814,observed_512,direct_and_near,172,False,CYJ_v8_Q1_v2_derived_policy,no_joint_A_B_or_bridge_interval,conditional_v8_fixed_policy_feasible,2.6331902761659085e+19,8.145776150121577,247.12739513842422,2.12863471550244,2.2042147429082544,2.060605471046568,-0.06737146220598264,0.9348478761773423,1.2078266648161482e+22,5.277075220359406e+22,8.91443058655938e+19,6.493816315762113e+22,1.0,budget,2.060605471046568,0.0,-1.3877787807814457e-17,convex_logN_reduction_floating_point
6.978305848598663e+22,131072,exponential,0.5,0.6713607648391644,1.6754490814383751,0.5814185814185814,observed_512,direct_and_near,172,False,CYJ_v8_Q1_v2_derived_policy,no_joint_A_B_or_bridge_interval,conditional_v8_fixed_policy_feasible,2.6331902761659085e+19,8.449011991552764,256.0464941750099,2.123872419875572,2.1985440247209906,2.0553042121928047,-0.06737146220598264,0.9348478761773423,1.2980039398078223e+22,5.671065746616362e+22,9.236162174478868e+19,6.978305848598663e+22,1.0,budget,2.0553042121928047,0.0,-1.3877787807814457e-17,convex_logN_reduction_floating_point
7.498942093324558e+22,131072,exponential,0.5,0.6713607648391644,1.6754490814383751,0.5814185814185814,observed_512,direct_and_near,172,False,CYJ_v8_Q1_v2_derived_policy,no_joint_A_B_or_bridge_interval,conditional_v8_fixed_policy_feasible,2.6331902761659085e+19,8.763960713314436,265.2741890929884,2.1191633160285037,2.192925771847744,2.050052000426423,-0.06737146220598264,0.9348478761773423,1.3949115428803774e+22,6.094461524947227e+22,9.569025496953456e+19,7.498942093324557e+22,0.9999999999999999,budget,2.050052000426423,0.0,-1.3877787807814457e-17,convex_logN_reduction_floating_point
8.058421877614818e+22,131072,exponential,0.5,0.6713607648391644,1.6754490814383751,0.5814185814185814,observed_512,direct_and_near,172,False,CYJ_v8_Q1_v2_derived_policy,no_joint_A_B_or_bridge_interval,conditional_v8_fixed_policy_feasible,2.6331902761659085e+19,9.091094063029892,274.82055254926127,2.1145068198379118,2.187359393131614,2.04484828310565,-0.06737146220598264,0.9348478761773423,1.4990516962075102e+22,6.549456797510359e+22,9.913383896949311e+19,8.058421877614817e+22,0.9999999999999998,budget,2.044848283105651,-8.303117093232103e-16,-1.3877787807814457e-17,convex_logN_reduction_floating_point
8.659643233600654e+22,131072,exponential,0.5,0.6713607648391644,1.6754490814383751,0.5814185814185814,observed_512,direct_and_near,172,False,CYJ_v8_Q1_v2_derived_policy,no_joint_A_B_or_bridge_interval,conditional_v8_fixed_policy_feasible,2.6331902761659085e+19,9.43090371635845,284.6959568872553,2.109902354001802,2.1818443041278672,2.039692513863568,-0.06737146220598264,0.9348478761773423,1.610964094704145e+22,7.038409527368722e+22,1.026961152778702e+20,8.659643233600654e+22,1.0,budget,2.039692513863568,0.0,-1.3877787807814457e-17,convex_logN_reduction_floating_point
9.30572040929699e+22,131072,exponential,0.5,0.6713607648391644,1.6754490814383751,0.5814185814185814,observed_512,direct_and_near,172,False,CYJ_v8_Q1_v2_derived_policy,no_joint_A_B_or_bridge_interval,conditional_v8_fixed_policy_feasible,2.6331902761659085e+19,9.783902163891467,294.91108163969136,2.105349347951791,2.1763799270162405,2.034584152526132,-0.06737146220598264,0.9348478761773423,1.7312287018860897e+22,7.563853613787119e+22,1.0638093623783011e+20,9.30572040929699e+22,1.0,budget,2.034584152526132,0.0,-2.7755575615628914e-17,convex_logN_reduction_floating_point
1.0000000000000001e+23,131072,exponential,0.5,0.6713607648391644,1.6754490814383751,0.5814185814185814,observed_512,direct_and_near,172,False,CYJ_v8_Q1_v2_derived_policy,no_joint_A_B_or_bridge_interval,conditional_v8_fixed_policy_feasible,2.6331902761659085e+19,10.339833818717391,299.8929999999999,2.1011339883437175,2.170972210289572,2.029528760029237,-0.06737146220598264,0.9348478761773423,1.8605062700379683e+22,8.12867592754722e+22,1.0817802414813646e+20,1.0000000000000001e+23,1.0,D_max;budget,2.0295287600292373,-4.1515585466160513e-16,0.0007059888489282518,convex_logN_reduction_floating_point
1.0746078283213175e+23,131072,exponential,0.5,0.6713607648391644,1.6754490814383751,0.5814185814185814,observed_512,direct_and_near,172,False,CYJ_v8_Q1_v2_derived_policy,no_joint_A_B_or_bridge_interval,conditional_v8_fixed_policy_feasible,2.6331902761659085e+19,11.112101789366983,299.893,2.0972639288243182,2.1656554268045447,2.0245583762801647,-0.06737146220598264,0.9348478761773423,1.9994649251511794e+22,8.73579555564718e+22,1.0817802414813648e+20,1.0746078283213173e+23,0.9999999999999999,D_max;budget,2.0245583762801647,0.0,-0.07315727029013634,convex_logN_reduction_floating_point
1.1547819846894582e+23,131072,exponential,0.5,0.6713607648391644,1.6754490814383751,0.5814185814185814,observed_512,direct_and_near,172,False,CYJ_v8_Q1_v2_derived_policy,no_joint_A_B_or_bridge_interval,conditional_v8_fixed_policy_feasible,2.6331902761659085e+19,11.941986996188858,299.893,2.0934877645535255,2.160432643510339,2.0196758684098417,-0.06737146220598264,0.9348478761773423,2.1487909837488387e+22,9.388211060730927e+22,1.0817802414813648e+20,1.154781984689458e+23,0.9999999999999999,D_max;budget,2.0196758684098417,0.0,-0.07187342947272415,convex_logN_reduction_floating_point
1.2409377607517195e+23,131072,exponential,0.5,0.6713607648391644,1.6754490814383751,0.5814185814185814,observed_512,direct_and_near,172,False,CYJ_v8_Q1_v2_derived_policy,no_joint_A_B_or_bridge_interval,conditional_v8_fixed_policy_feasible,2.6331902761659085e+19,11.965825,299.893,2.093384524595647,2.1602893513304946,2.0195419120198412,-0.06737146220598264,0.9348478761773423,2.1530802940349996e+22,9.406951343325183e+22,1.0817802414813648e+20,1.1570849439774997e+23,0.9324278626807,N_max;D_max,2.0195419120198412,0.0,-0.0718383293916875,convex_logN_reduction_floating_point
1.3335214321633241e+23,131072,exponential,0.5,0.6713607648391644,1.6754490814383751,0.5814185814185814,observed_512,direct_and_near,172,False,CYJ_v8_Q1_v2_derived_policy,no_joint_A_B_or_bridge_interval,conditional_v8_fixed_policy_feasible,2.6331902761659085e+19,11.965825,299.893,2.093384524595647,2.1602893513304946,2.0195419120198412,-0.06737146220598264,0.9348478761773423,2.1530802940349996e+22,9.406951343325183e+22,1.0817802414813648e+20,1.1570849439774997e+23,0.8676912991944961,N_max;D_max,2.0195419120198412,0.0,-0.0718383293916875,convex_logN_reduction_floating_point
1.4330125702369627e+23,131072,exponential,0.5,0.6713607648391644,1.6754490814383751,0.5814185814185814,observed_512,direct_and_near,172,False,CYJ_v8_Q1_v2_derived_policy,no_joint_A_B_or_bridge_interval,conditional_v8_fixed_policy_feasible,2.6331902761659085e+19,11.965825,299.893,2.093384524595647,2.1602893513304946,2.0195419120198412,-0.06737146220598264,0.9348478761773423,2.1530802940349996e+22,9.406951343325183e+22,1.0817802414813648e+20,1.1570849439774997e+23,0.8074492631883643,N_max;D_max,2.0195419120198412,0.0,-0.0718383293916875,convex_logN_reduction_floating_point
1.539926526059492e+23,131072,exponential,0.5,0.6713607648391644,1.6754490814383751,0.5814185814185814,observed_512,direct_and_near,172,False,CYJ_v8_Q1_v2_derived_policy,no_joint_A_B_or_bridge_interval,conditional_v8_fixed_policy_feasible,2.6331902761659085e+19,11.965825,299.893,2.093384524595647,2.1602893513304946,2.0195419120198412,-0.06737146220598264,0.9348478761773423,2.1530802940349996e+22,9.406951343325183e+22,1.0817802414813648e+20,1.1570849439774997e+23,0.7513897087923778,N_max;D_max,2.0195419120198412,0.0,-0.0718383293916875,convex_logN_reduction_floating_point
1.6548170999431815e+23,131072,exponential,0.5,0.6713607648391644,1.6754490814383751,0.5814185814185814,observed_512,direct_and_near,172,False,CYJ_v8_Q1_v2_derived_policy,no_joint_A_B_or_bridge_interval,conditional_v8_fixed_policy_feasible,2.6331902761659085e+19,11.965825,299.893,2.093384524595647,2.1602893513304946,2.0195419120198412,-0.06737146220598264,0.9348478761773423,2.1530802940349996e+22,9.406951343325183e+22,1.0817802414813648e+20,1.1570849439774997e+23,0.6992222548444952,N_max;D_max,2.0195419120198412,0.0,-0.0718383293916875,convex_logN_reduction_floating_point
1.7782794100389228e+23,131072,exponential,0.5,0.6713607648391644,1.6754490814383751,0.5814185814185814,observed_512,direct_and_near,172,False,CYJ_v8_Q1_v2_derived_policy,no_joint_A_B_or_bridge_interval,conditional_v8_fixed_policy_feasible,2.6331902761659085e+19,11.965825,299.893,2.093384524595647,2.1602893513304946,2.0195419120198412,-0.06737146220598264,0.9348478761773423,2.1530802940349996e+22,9.406951343325183e+22,1.0817802414813648e+20,1.1570849439774997e+23,0.650676680754108,N_max;D_max,2.0195419120198412,0.0,-0.0718383293916875,convex_logN_reduction_floating_point
1.9109529749704405e+23,131072,exponential,0.5,0.6713607648391644,1.6754490814383751,0.5814185814185814,observed_512,direct_and_near,172,False,CYJ_v8_Q1_v2_derived_policy,no_joint_A_B_or_bridge_interval,conditional_v8_fixed_policy_feasible,2.6331902761659085e+19,11.965825,299.893,2.093384524595647,2.1602893513304946,2.0195419120198412,-0.06737146220598264,0.9348478761773423,2.1530802940349996e+22,9.406951343325183e+22,1.0817802414813648e+20,1.1570849439774997e+23,0.6055015267947125,N_max;D_max,2.0195419120198412,0.0,-0.0718383293916875,convex_logN_reduction_floating_point
2.053525026457146e+23,131072,exponential,0.5,0.6713607648391644,1.6754490814383751,0.5814185814185814,observed_512,direct_and_near,172,False,CYJ_v8_Q1_v2_derived_policy,no_joint_A_B_or_bridge_interval,conditional_v8_fixed_policy_feasible,2.6331902761659085e+19,11.965825,299.893,2.093384524595647,2.1602893513304946,2.0195419120198412,-0.06737146220598264,0.9348478761773423,2.1530802940349996e+22,9.406951343325183e+22,1.0817802414813648e+20,1.1570849439774997e+23,0.5634627915754045,N_max;D_max,2.0195419120198412,0.0,-0.0718383293916875,convex_logN_reduction_floating_point
2.2067340690845896e+23,131072,exponential,0.5,0.6713607648391644,1.6754490814383751,0.5814185814185814,observed_512,direct_and_near,172,False,CYJ_v8_Q1_v2_derived_policy,no_joint_A_B_or_bridge_interval,conditional_v8_fixed_policy_feasible,2.6331902761659085e+19,11.965825,299.893,2.093384524595647,2.1602893513304946,2.0195419120198412,-0.06737146220598264,0.9348478761773423,2.1530802940349996e+22,9.406951343325183e+22,1.0817802414813648e+20,1.1570849439774997e+23,0.5243427199442697,N_max;D_max,2.0195419120198412,0.0,-0.0718383293916875,convex_logN_reduction_floating_point
2.371373705661655e+23,131072,exponential,0.5,0.6713607648391644,1.6754490814383751,0.5814185814185814,observed_512,direct_and_near,172,False,CYJ_v8_Q1_v2_derived_policy,no_joint_A_B_or_bridge_interval,conditional_v8_fixed_policy_feasible,2.6331902761659085e+19,11.965825,299.893,2.093384524595647,2.1602893513304946,2.0195419120198412,-0.06737146220598264,0.9348478761773423,2.1530802940349996e+22,9.406951343325183e+22,1.0817802414813648e+20,1.1570849439774997e+23,0.48793867504516863,N_max;D_max,2.0195419120198412,0.0,-0.0718383293916875,convex_logN_reduction_floating_point
2.5482967479793466e+23,131072,exponential,0.5,0.6713607648391644,1.6754490814383751,0.5814185814185814,observed_512,direct_and_near,172,False,CYJ_v8_Q1_v2_derived_policy,no_joint_A_B_or_bridge_interval,conditional_v8_fixed_policy_feasible,2.6331902761659085e+19,11.965825,299.893,2.093384524595647,2.1602893513304946,2.0195419120198412,-0.06737146220598264,0.9348478761773423,2.1530802940349996e+22,9.406951343325183e+22,1.0817802414813648e+20,1.1570849439774997e+23,0.4540620886853157,N_max;D_max,2.0195419120198412,0.0,-0.0718383293916875,convex_logN_reduction_floating_point
2.738419634264361e+23,131072,exponential,0.5,0.6713607648391644,1.6754490814383751,0.5814185814185814,observed_512,direct_and_near,172,False,CYJ_v8_Q1_v2_derived_policy,no_joint_A_B_or_bridge_interval,conditional_v8_fixed_policy_feasible,2.6331902761659085e+19,11.965825,299.893,2.093384524595647,2.1602893513304946,2.0195419120198412,-0.06737146220598264,0.9348478761773423,2.1530802940349996e+22,9.406951343325183e+22,1.0817802414813648e+20,1.1570849439774997e+23,0.42253748457669627,N_max;D_max,2.0195419120198412,0.0,-0.0718383293916875,convex_logN_reduction_floating_point
2.942727176209282e+23,131072,exponential,0.5,0.6713607648391644,1.6754490814383751,0.5814185814185814,observed_512,direct_and_near,172,False,CYJ_v8_Q1_v2_derived_policy,no_joint_A_B_or_bridge_interval,conditional_v8_fixed_policy_feasible,2.6331902761659085e+19,11.965825,299.893,2.093384524595647,2.1602893513304946,2.0195419120198412,-0.06737146220598264,0.9348478761773423,2.1530802940349996e+22,9.406951343325183e+22,1.0817802414813648e+20,1.1570849439774997e+23,0.3932015693918374,N_max;D_max,2.0195419120198412,0.0,-0.0718383293916875,convex_logN_reduction_floating_point
3.162277660168379e+23,131072,exponential,0.5,0.6713607648391644,1.6754490814383751,0.5814185814185814,observed_512,direct_and_near,172,False,CYJ_v8_Q1_v2_derived_policy,no_joint_A_B_or_bridge_interval,conditional_v8_fixed_policy_feasible,2.6331902761659085e+19,11.965825,299.893,2.093384524595647,2.1602893513304946,2.0195419120198412,-0.06737146220598264,0.9348478761773423,2.1530802940349996e+22,9.406951343325183e+22,1.0817802414813648e+20,1.1570849439774997e+23,0.3659023869257228,N_max;D_max,2.0195419120198412,0.0,-0.0718383293916875,convex_logN_reduction_floating_point
3.3982083289425596e+23,131072,exponential,0.5,0.6713607648391644,1.6754490814383751,0.5814185814185814,observed_512,direct_and_near,172,False,CYJ_v8_Q1_v2_derived_policy,no_joint_A_B_or_bridge_interval,conditional_v8_fixed_policy_feasible,2.6331902761659085e+19,11.965825,299.893,2.093384524595647,2.1602893513304946,2.0195419120198412,-0.06737146220598264,0.9348478761773423,2.1530802940349996e+22,9.406951343325183e+22,1.0817802414813648e+20,1.1570849439774997e+23,0.34049853098251825,N_max;D_max,2.0195419120198412,0.0,-0.0718383293916875,convex_logN_reduction_floating_point
3.651741272548377e+23,131072,exponential,0.5,0.6713607648391644,1.6754490814383751,0.5814185814185814,observed_512,direct_and_near,172,False,CYJ_v8_Q1_v2_derived_policy,no_joint_A_B_or_bridge_interval,conditional_v8_fixed_policy_feasible,2.6331902761659085e+19,11.965825,299.893,2.093384524595647,2.1602893513304946,2.0195419120198412,-0.06737146220598264,0.9348478761773423,2.1530802940349996e+22,9.406951343325183e+22,1.0817802414813648e+20,1.1570849439774997e+23,0.31685841290996636,N_max;D_max,2.0195419120198412,0.0,-0.0718383293916875,convex_logN_reduction_floating_point
3.924189758484536e+23,131072,exponential,0.5,0.6713607648391644,1.6754490814383751,0.5814185814185814,observed_512,direct_and_near,172,False,CYJ_v8_Q1_v2_derived_policy,no_joint_A_B_or_bridge_interval,conditional_v8_fixed_policy_feasible,2.6331902761659085e+19,11.965825,299.893,2.093384524595647,2.1602893513304946,2.0195419120198412,-0.06737146220598264,0.9348478761773423,2.1530802940349996e+22,9.406951343325183e+22,1.0817802414813648e+20,1.1570849439774997e+23,0.29485957998737267,N_max;D_max,2.0195419120198412,0.0,-0.0718383293916875,convex_logN_reduction_floating_point
4.2169650342858225e+23,131072,exponential,0.5,0.6713607648391644,1.6754490814383751,0.5814185814185814,observed_512,direct_and_near,172,False,CYJ_v8_Q1_v2_derived_policy,no_joint_A_B_or_bridge_interval,conditional_v8_fixed_policy_feasible,2.6331902761659085e+19,11.965825,299.893,2.093384524595647,2.1602893513304946,2.0195419120198412,-0.06737146220598264,0.9348478761773423,2.1530802940349996e+22,9.406951343325183e+22,1.0817802414813648e+20,1.1570849439774997e+23,0.2743880811365232,N_max;D_max,2.0195419120198412,0.0,-0.0718383293916875,convex_logN_reduction_floating_point
4.531583637600818e+23,131072,exponential,0.5,0.6713607648391644,1.6754490814383751,0.5814185814185814,observed_512,direct_and_near,172,False,CYJ_v8_Q1_v2_derived_policy,no_joint_A_B_or_bridge_interval,conditional_v8_fixed_policy_feasible,2.6331902761659085e+19,11.965825,299.893,2.093384524595647,2.1602893513304946,2.0195419120198412,-0.06737146220598264,0.9348478761773423,2.1530802940349996e+22,9.406951343325183e+22,1.0817802414813648e+20,1.1570849439774997e+23,0.25533787666999824,N_max;D_max,2.0195419120198412,0.0,-0.0718383293916875,convex_logN_reduction_floating_point
4.869675251658631e+23,131072,exponential,0.5,0.6713607648391644,1.6754490814383751,0.5814185814185814,observed_512,direct_and_near,172,False,CYJ_v8_Q1_v2_derived_policy,no_joint_A_B_or_bridge_interval,conditional_v8_fixed_policy_feasible,2.6331902761659085e+19,11.965825,299.893,2.093384524595647,2.1602893513304946,2.0195419120198412,-0.06737146220598264,0.9348478761773423,2.1530802940349996e+22,9.406951343325183e+22,1.0817802414813648e+20,1.1570849439774997e+23,0.23761028901945605,N_max;D_max,2.0195419120198412,0.0,-0.0718383293916875,convex_logN_reduction_floating_point
5.232991146814947e+23,131072,exponential,0.5,0.6713607648391644,1.6754490814383751,0.5814185814185814,observed_512,direct_and_near,172,False,CYJ_v8_Q1_v2_derived_policy,no_joint_A_B_or_bridge_interval,conditional_v8_fixed_policy_feasible,2.6331902761659085e+19,11.965825,299.893,2.093384524595647,2.1602893513304946,2.0195419120198412,-0.06737146220598264,0.9348478761773423,2.1530802940349996e+22,9.406951343325183e+22,1.0817802414813648e+20,1.1570849439774997e+23,0.22111349159873084,N_max;D_max,2.0195419120198412,0.0,-0.0718383293916875,convex_logN_reduction_floating_point
5.623413251903491e+23,131072,exponential,0.5,0.6713607648391644,1.6754490814383751,0.5814185814185814,observed_512,direct_and_near,172,False,CYJ_v8_Q1_v2_derived_policy,no_joint_A_B_or_bridge_interval,conditional_v8_fixed_policy_feasible,2.6331902761659085e+19,11.965825,299.893,2.093384524595647,2.1602893513304946,2.0195419120198412,-0.06737146220598264,0.9348478761773423,2.1530802940349996e+22,9.406951343325183e+22,1.0817802414813648e+20,1.1570849439774997e+23,0.2057620331541228,N_max;D_max,2.0195419120198412,0.0,-0.0718383293916875,convex_logN_reduction_floating_point
6.042963902381328e+23,131072,exponential,0.5,0.6713607648391644,1.6754490814383751,0.5814185814185814,observed_512,direct_and_near,172,False,CYJ_v8_Q1_v2_derived_policy,no_joint_A_B_or_bridge_interval,conditional_v8_fixed_policy_feasible,2.6331902761659085e+19,11.965825,299.893,2.093384524595647,2.1602893513304946,2.0195419120198412,-0.06737146220598264,0.9348478761773423,2.1530802940349996e+22,9.406951343325183e+22,1.0817802414813648e+20,1.1570849439774997e+23,0.19147639513807646,N_max;D_max,2.0195419120198412,0.0,-0.0718383293916875,convex_logN_reduction_floating_point
6.493816315762113e+23,131072,exponential,0.5,0.6713607648391644,1.6754490814383751,0.5814185814185814,observed_512,direct_and_near,172,False,CYJ_v8_Q1_v2_derived_policy,no_joint_A_B_or_bridge_interval,conditional_v8_fixed_policy_feasible,2.6331902761659085e+19,11.965825,299.893,2.093384524595647,2.1602893513304946,2.0195419120198412,-0.06737146220598264,0.9348478761773423,2.1530802940349996e+22,9.406951343325183e+22,1.0817802414813648e+20,1.1570849439774997e+23,0.1781825798135013,N_max;D_max,2.0195419120198412,0.0,-0.0718383293916875,convex_logN_reduction_floating_point
6.978305848598663e+23,131072,exponential,0.5,0.6713607648391644,1.6754490814383751,0.5814185814185814,observed_512,direct_and_near,172,False,CYJ_v8_Q1_v2_derived_policy,no_joint_A_B_or_bridge_interval,conditional_v8_fixed_policy_feasible,2.6331902761659085e+19,11.965825,299.893,2.093384524595647,2.1602893513304946,2.0195419120198412,-0.06737146220598264,0.9348478761773423,2.1530802940349996e+22,9.406951343325183e+22,1.0817802414813648e+20,1.1570849439774997e+23,0.16581172695516888,N_max;D_max,2.0195419120198412,0.0,-0.0718383293916875,convex_logN_reduction_floating_point
7.498942093324558e+23,131072,exponential,0.5,0.6713607648391644,1.6754490814383751,0.5814185814185814,observed_512,direct_and_near,172,False,CYJ_v8_Q1_v2_derived_policy,no_joint_A_B_or_bridge_interval,conditional_v8_fixed_policy_feasible,2.6331902761659085e+19,11.965825,299.893,2.093384524595647,2.1602893513304946,2.0195419120198412,-0.06737146220598264,0.9348478761773423,2.1530802940349996e+22,9.406951343325183e+22,1.0817802414813648e+20,1.1570849439774997e+23,0.1542997571627495,N_max;D_max,2.0195419120198412,0.0,-0.0718383293916875,convex_logN_reduction_floating_point
8.058421877614818e+23,131072,exponential,0.5,0.6713607648391644,1.6754490814383751,0.5814185814185814,observed_512,direct_and_near,172,False,CYJ_v8_Q1_v2_derived_policy,no_joint_A_B_or_bridge_interval,conditional_v8_fixed_policy_feasible,2.6331902761659085e+19,11.965825,299.893,2.093384524595647,2.1602893513304946,2.0195419120198412,-0.06737146220598264,0.9348478761773423,2.1530802940349996e+22,9.406951343325183e+22,1.0817802414813648e+20,1.1570849439774997e+23,0.14358703993789673,N_max;D_max,2.0195419120198412,0.0,-0.0718383293916875,convex_logN_reduction_floating_point
8.659643233600654e+23,131072,exponential,0.5,0.6713607648391644,1.6754490814383751,0.5814185814185814,observed_512,direct_and_near,172,False,CYJ_v8_Q1_v2_derived_policy,no_joint_A_B_or_bridge_interval,conditional_v8_fixed_policy_feasible,2.6331902761659085e+19,11.965825,299.893,2.093384524595647,2.1602893513304946,2.0195419120198412,-0.06737146220598264,0.9348478761773423,2.1530802940349996e+22,9.406951343325183e+22,1.0817802414813648e+20,1.1570849439774997e+23,0.13361808480606274,N_max;D_max,2.0195419120198412,0.0,-0.0718383293916875,convex_logN_reduction_floating_point
9.30572040929699e+23,131072,exponential,0.5,0.6713607648391644,1.6754490814383751,0.5814185814185814,observed_512,direct_and_near,172,False,CYJ_v8_Q1_v2_derived_policy,no_joint_A_B_or_bridge_interval,conditional_v8_fixed_policy_feasible,2.6331902761659085e+19,11.965825,299.893,2.093384524595647,2.1602893513304946,2.0195419120198412,-0.06737146220598264,0.9348478761773423,2.1530802940349996e+22,9.406951343325183e+22,1.0817802414813648e+20,1.1570849439774997e+23,0.12434125388309542,N_max;D_max,2.0195419120198412,0.0,-0.0718383293916875,convex_logN_reduction_floating_point
1e+24,131072,exponential,0.5,0.6713607648391644,1.6754490814383751,0.5814185814185814,observed_512,direct_and_near,172,False,CYJ_v8_Q1_v2_derived_policy,no_joint_A_B_or_bridge_interval,conditional_v8_fixed_policy_feasible,2.6331902761659085e+19,11.965825,299.893,2.093384524595647,2.1602893513304946,2.0195419120198412,-0.06737146220598264,0.9348478761773423,2.1530802940349996e+22,9.406951343325183e+22,1.0817802414813648e+20,1.1570849439774997e+23,0.11570849439774997,N_max;D_max,2.0195419120198412,0.0,-0.0718383293916875,convex_logN_reduction_floating_point
1e+19,131072,power,0.5,0.6713607648391644,1.6754490814383751,0.5814185814185814,observed_512,direct_and_near,172,False,CYJ_v8_Q1_v2_derived_policy,no_joint_A_B_or_bridge_interval,infeasible_within_v8_support,2.9757345794749067e+19,,,,,,,,,,,,,,,,,
1.0746078283213175e+19,131072,power,0.5,0.6713607648391644,1.6754490814383751,0.5814185814185814,observed_512,direct_and_near,172,False,CYJ_v8_Q1_v2_derived_policy,no_joint_A_B_or_bridge_interval,infeasible_within_v8_support,2.9757345794749067e+19,,,,,,,,,,,,,,,,,
1.1547819846894582e+19,131072,power,0.5,0.6713607648391644,1.6754490814383751,0.5814185814185814,observed_512,direct_and_near,172,False,CYJ_v8_Q1_v2_derived_policy,no_joint_A_B_or_bridge_interval,infeasible_within_v8_support,2.9757345794749067e+19,,,,,,,,,,,,,,,,,
1.2409377607517196e+19,131072,power,0.5,0.6713607648391644,1.6754490814383751,0.5814185814185814,observed_512,direct_and_near,172,False,CYJ_v8_Q1_v2_derived_policy,no_joint_A_B_or_bridge_interval,infeasible_within_v8_support,2.9757345794749067e+19,,,,,,,,,,,,,,,,,
1.3335214321633241e+19,131072,power,0.5,0.6713607648391644,1.6754490814383751,0.5814185814185814,observed_512,direct_and_near,172,False,CYJ_v8_Q1_v2_derived_policy,no_joint_A_B_or_bridge_interval,infeasible_within_v8_support,2.9757345794749067e+19,,,,,,,,,,,,,,,,,
1.4330125702369628e+19,131072,power,0.5,0.6713607648391644,1.6754490814383751,0.5814185814185814,observed_512,direct_and_near,172,False,CYJ_v8_Q1_v2_derived_policy,no_joint_A_B_or_bridge_interval,infeasible_within_v8_support,2.9757345794749067e+19,,,,,,,,,,,,,,,,,
1.539926526059492e+19,131072,power,0.5,0.6713607648391644,1.6754490814383751,0.5814185814185814,observed_512,direct_and_near,172,False,CYJ_v8_Q1_v2_derived_policy,no_joint_A_B_or_bridge_interval,infeasible_within_v8_support,2.9757345794749067e+19,,,,,,,,,,,,,,,,,
1.6548170999431815e+19,131072,power,0.5,0.6713607648391644,1.6754490814383751,0.5814185814185814,observed_512,direct_and_near,172,False,CYJ_v8_Q1_v2_derived_policy,no_joint_A_B_or_bridge_interval,infeasible_within_v8_support,2.9757345794749067e+19,,,,,,,,,,,,,,,,,
1.7782794100389229e+19,131072,power,0.5,0.6713607648391644,1.6754490814383751,0.5814185814185814,observed_512,direct_and_near,172,False,CYJ_v8_Q1_v2_derived_policy,no_joint_A_B_or_bridge_interval,infeasible_within_v8_support,2.9757345794749067e+19,,,,,,,,,,,,,,,,,
1.9109529749704405e+19,131072,power,0.5,0.6713607648391644,1.6754490814383751,0.5814185814185814,observed_512,direct_and_near,172,False,CYJ_v8_Q1_v2_derived_policy,no_joint_A_B_or_bridge_interval,infeasible_within_v8_support,2.9757345794749067e+19,,,,,,,,,,,,,,,,,
2.053525026457146e+19,131072,power,0.5,0.6713607648391644,1.6754490814383751,0.5814185814185814,observed_512,direct_and_near,172,False,CYJ_v8_Q1_v2_derived_policy,no_joint_A_B_or_bridge_interval,infeasible_within_v8_support,2.9757345794749067e+19,,,,,,,,,,,,,,,,,
2.2067340690845897e+19,131072,power,0.5,0.6713607648391644,1.6754490814383751,0.5814185814185814,observed_512,direct_and_near,172,False,CYJ_v8_Q1_v2_derived_policy,no_joint_A_B_or_bridge_interval,infeasible_within_v8_support,2.9757345794749067e+19,,,,,,,,,,,,,,,,,
2.3713737056616554e+19,131072,power,0.5,0.6713607648391644,1.6754490814383751,0.5814185814185814,observed_512,direct_and_near,172,False,CYJ_v8_Q1_v2_derived_policy,no_joint_A_B_or_bridge_interval,infeasible_within_v8_support,2.9757345794749067e+19,,,,,,,,,,,,,,,,,
2.5482967479793463e+19,131072,power,0.5,0.6713607648391644,1.6754490814383751,0.5814185814185814,observed_512,direct_and_near,172,False,CYJ_v8_Q1_v2_derived_policy,no_joint_A_B_or_bridge_interval,infeasible_within_v8_support,2.9757345794749067e+19,,,,,,,,,,,,,,,,,
2.7384196342643614e+19,131072,power,0.5,0.6713607648391644,1.6754490814383751,0.5814185814185814,observed_512,direct_and_near,172,False,CYJ_v8_Q1_v2_derived_policy,no_joint_A_B_or_bridge_interval,infeasible_within_v8_support,2.9757345794749067e+19,,,,,,,,,,,,,,,,,
2.942727176209282e+19,131072,power,0.5,0.6713607648391644,1.6754490814383751,0.5814185814185814,observed_512,direct_and_near,172,False,CYJ_v8_Q1_v2_derived_policy,no_joint_A_B_or_bridge_interval,infeasible_within_v8_support,2.9757345794749067e+19,,,,,,,,,,,,,,,,,
3.162277660168379e+19,131072,power,0.5,0.6713607648391644,1.6754490814383751,0.5814185814185814,observed_512,direct_and_near,172,False,CYJ_v8_Q1_v2_derived_policy,no_joint_A_B_or_bridge_interval,conditional_v8_fixed_policy_feasible,2.9757345794749067e+19,0.07633267375749579,10.0,3.189746689194583,3.3748953157114743,3.1550137182137328,-0.06737146220598264,0.9348478761773423,4.5799604254497475e+18,2.001015242948498e+19,7.03266374674907e+18,3.1622776601683796e+19,1.0000000000000002,D_min;budget,3.1550137182137328,0.0,-0.16315306660927692,convex_logN_reduction_floating_point
3.3982083289425592e+19,131072,power,0.5,0.6713607648391644,1.6754490814383751,0.5814185814185814,observed_512,direct_and_near,172,False,CYJ_v8_Q1_v2_derived_policy,no_joint_A_B_or_bridge_interval,conditional_v8_fixed_policy_feasible,2.9757345794749067e+19,0.08365643793668831,10.0,3.163714024429551,3.3470225401522407,3.1289569131790156,-0.06737146220598264,0.9348478761773423,5.019386276201299e+18,2.193003326647522e+19,7.03266374674907e+18,3.3982083289425592e+19,1.0,D_min;budget,3.1289569131790156,0.0,-0.15141276839781523,convex_logN_reduction_floating_point
3.651741272548377e+19,131072,power,0.5,0.6713607648391644,1.6754490814383751,0.5814185814185814,observed_512,direct_and_near,172,False,CYJ_v8_Q1_v2_derived_policy,no_joint_A_B_or_bridge_interval,conditional_v8_fixed_policy_feasible,2.9757345794749067e+19,0.09152661225642786,10.000000000000002,3.138942460629579,3.3204451286558703,3.1041110764873427,-0.06737146220598264,0.9348478761773423,5.491596735385673e+18,2.399315224334903e+19,7.032663746749071e+18,3.651741272548377e+19,1.0,D_min;budget,3.1041110764873427,0.0,-0.14030184319348896,convex_logN_reduction_floating_point
3.924189758484536e+19,131072,power,0.5,0.6713607648391644,1.6754490814383751,0.5814185814185814,observed_512,direct_and_near,172,False,CYJ_v8_Q1_v2_derived_policy,no_joint_A_B_or_bridge_interval,conditional_v8_fixed_policy_feasible,2.9757345794749067e+19,0.09998396319067339,10.0,3.1153197570069215,3.2950473342459974,3.080368002323684,-0.06737146220598264,0.9348478761773423,5.999037791440403e+18,2.621019604665589e+19,7.03266374674907e+18,3.924189758484536e+19,1.0,D_min;budget,3.080368002323684,0.0,-0.1297682023313546,convex_logN_reduction_floating_point
4.216965034285823e+19,131072,power,0.5,0.6713607648391644,1.6754490814383751,0.5814185814185814,observed_512,direct_and_near,172,False,CYJ_v8_Q1_v2_derived_policy,no_joint_A_B_or_bridge_interval,conditional_v8_fixed_policy_feasible,2.9757345794749067e+19,0.10907229871147421,10.000000000000002,3.0927486903413244,3.270728871302176,3.0576339388887552,-0.06737146220598264,0.9348478761773423,6.544337922688455e+18,2.85926486734207e+19,7.032663746749071e+18,4.216965034285823e+19,1.0,D_min;budget,3.0576339388887552,0.0,-0.11976582992321838,convex_logN_reduction_floating_point
4.531583637600818e+19,131072,power,0.5,0.6713607648391644,1.6754490814383751,0.5814185814185814,observed_512,direct_and_near,172,False,CYJ_v8_Q1_v2_derived_policy,no_joint_A_B_or_bridge_interval,conditional_v8_fixed_policy_feasible,2.9757345794749067e+19,0.1188386952085375,10.0,3.071144518220233,3.2474023090264494,3.0358271516867736,-0.06737146220598264,0.9348478761773423,7.13032171251225e+18,3.1152850916746854e+19,7.03266374674907e+18,4.531583637600818e+19,1.0,D_min;budget,3.0358271516867736,0.0,-0.11025385325786682,convex_logN_reduction_floating_point
4.869675251658631e+19,131072,power,0.5,0.6713607648391644,1.6754490814383751,0.5814185814185814,observed_512,direct_and_near,172,False,CYJ_v8_Q1_v2_derived_policy,no_joint_A_B_or_bridge_interval,conditional_v8_fixed_policy_feasible,2.9757345794749067e+19,0.1293337413387716,10.000000000000002,3.0504329492500473,3.224990985080314,3.0148759730934063,-0.06737146220598264,0.9348478761773423,7.760024480326298e+18,3.390406428951095e+19,7.032663746749071e+18,4.8696752516586316e+19,1.0000000000000002,D_min;budget,3.0148759730934063,0.0,-0.10119579022534955,convex_logN_reduction_floating_point
5.2329911468149465e+19,131072,power,0.5,0.6713607648391644,1.6754490814383751,0.5814185814185814,observed_512,direct_and_near,172,False,CYJ_v8_Q1_v2_derived_policy,no_joint_A_B_or_bridge_interval,conditional_v8_fixed_policy_feasible,2.9757345794749067e+19,0.1406118000689145,10.0,3.0305485041541,3.2034273204145896,2.9947172269780538,-0.06737146220598264,0.9348478761773423,8.43670800413487e+18,3.6860539717265523e+19,7.03266374674907e+18,5.2329911468149465e+19,1.0,D_min;budget,2.9947172269780538,0.0,-0.0925589339747083,convex_logN_reduction_floating_point
5.6234132519034905e+19,131072,power,0.5,0.6713607648391644,1.6754490814383751,0.5814185814185814,observed_512,direct_and_near,172,False,CYJ_v8_Q1_v2_derived_policy,no_joint_A_B_or_bridge_interval,conditional_v8_fixed_policy_feasible,2.9757345794749067e+19,0.15273129026859364,10.0,3.011433181415313,3.1826514467710902,2.9752949456266995,-0.06737146220598264,0.9348478761773423,9.163877416115619e+18,4.003759135617021e+19,7.03266374674907e+18,5.62341325190349e+19,0.9999999999999999,D_min;budget,2.9752949456266995,0.0,-0.08431384514896431,convex_logN_reduction_floating_point
6.042963902381328e+19,131072,power,0.5,0.6713607648391644,1.6754490814383751,0.5814185814185814,observed_512,direct_and_near,172,False,CYJ_v8_Q1_v2_derived_policy,no_joint_A_B_or_bridge_interval,conditional_v8_fixed_policy_feasible,2.9757345794749067e+19,0.16575498931243238,10.0,2.9930353624899158,3.1626100802229153,2.9565593166734465,-0.06737146220598264,0.9348478761773423,9.945299358745944e+18,4.345167591831827e+19,7.03266374674907e+18,6.042963902381328e+19,1.0,D_min;budget,2.9565593166734465,0.0,-0.07643392932703344,convex_logN_reduction_floating_point
6.493816315762113e+19,131072,power,0.5,0.6713607648391644,1.6754490814383751,0.5814185814185814,observed_512,direct_and_near,172,False,CYJ_v8_Q1_v2_derived_policy,no_joint_A_B_or_bridge_interval,conditional_v8_fixed_policy_feasible,2.9757345794749067e+19,0.17975035825864227,10.0,2.9753089071686643,3.1432555900528794,2.9384658126434933,-0.06737146220598264,0.9348478761773423,1.0785021495518538e+19,4.712047791535351e+19,7.03266374674907e+18,6.493816315762113e+19,1.0,D_min;budget,2.9384658126434933,0.0,-0.06889508260848773,convex_logN_reduction_floating_point
6.978305848598663e+19,131072,power,0.5,0.6713607648391644,1.6754490814383751,0.5814185814185814,observed_512,direct_and_near,172,False,CYJ_v8_Q1_v2_derived_policy,no_joint_A_B_or_bridge_interval,conditional_v8_fixed_policy_feasible,2.9757345794749067e+19,0.19478989128848453,10.0,2.9582124011127577,3.1245452240053857,2.920974466681493,-0.06737146220598264,0.9348478761773423,1.1687393477309071e+19,5.106300126192849e+19,7.03266374674907e+18,6.978305848598663e+19,1.0,D_min;budget,2.920974466681493,0.0,-0.061675392188283995,convex_logN_reduction_floating_point
7.498942093324558e+19,131072,power,0.5,0.6713607648391644,1.6754490814383751,0.5814185814185814,observed_512,direct_and_near,172,False,CYJ_v8_Q1_v2_derived_policy,no_joint_A_B_or_bridge_interval,conditional_v8_fixed_policy_feasible,2.9757345794749067e+19,0.21095149121665002,10.000000000000002,2.9417085261170026,3.1064404596869504,2.9040492662097126,-0.06737146220598264,0.9348478761773423,1.2657089472999004e+19,5.529966771349751e+19,7.032663746749071e+18,7.498942093324558e+19,1.0,D_min;budget,2.9040492662097126,0.0,-0.05475488168391801,convex_logN_reduction_floating_point
8.058421877614818e+19,131072,power,0.5,0.6713607648391644,1.6754490814383751,0.5814185814185814,observed_512,direct_and_near,172,False,CYJ_v8_Q1_v2_derived_policy,no_joint_A_B_or_bridge_interval,conditional_v8_fixed_policy_feasible,2.9757345794749067e+19,0.22831887301765394,10.0,2.925763530065292,3.088906458466226,2.8876576424076275,-0.06737146220598264,0.9348478761773423,1.3699132381059236e+19,5.985242264833987e+19,7.03266374674907e+18,8.058421877614818e+19,1.0,D_min;budget,2.8876576424076275,0.0,-0.04811529317330984,convex_logN_reduction_floating_point
8.659643233600653e+19,131072,power,0.5,0.6713607648391644,1.6754490814383751,0.5814185814185814,observed_512,direct_and_near,172,False,CYJ_v8_Q1_v2_derived_policy,no_joint_A_B_or_bridge_interval,conditional_v8_fixed_policy_feasible,2.9757345794749067e+19,0.2469819974584579,10.0,2.9103467784130435,3.0719116032190827,2.8717700380738944,-0.06737146220598264,0.9348478761773423,1.4818919847507474e+19,6.474484874174998e+19,7.03266374674907e+18,8.659643233600653e+19,1.0,D_min;budget,2.8717700380738944,0.0,-0.04173989957189908,convex_logN_reduction_floating_point
9.30572040929699e+19,131072,power,0.5,0.6713607648391644,1.6754490814383751,0.5814185814185814,observed_512,direct_and_near,172,False,CYJ_v8_Q1_v2_derived_policy,no_joint_A_B_or_bridge_interval,conditional_v8_fixed_policy_feasible,2.9757345794749067e+19,0.26703753708348077,10.0,2.8954303727622546,3.055427105092137,2.85635954001007,-0.06737146220598264,0.9348478761773423,1.6022252225008847e+19,7.000228812121199e+19,7.03266374674907e+18,9.305720409296991e+19,1.0000000000000002,D_min;budget,2.85635954001007,0.0,-0.03561334225949683,convex_logN_reduction_floating_point
1e+20,131072,power,0.5,0.6713607648391644,1.6754490814383751,0.5814185814185814,observed_512,direct_and_near,172,False,CYJ_v8_Q1_v2_derived_policy,no_joint_A_B_or_bridge_interval,conditional_v8_fixed_policy_feasible,2.9757345794749067e+19,0.2885893769657387,10.0,2.880988824977517,3.0394266674163224,2.8414015648309263,-0.06737146220598264,0.9348478761773423,1.7315362617944322e+19,7.56519736353066e+19,7.03266374674907e+18,1e+20,1.0,D_min;budget,2.8414015648309263,0.0,-0.02972148986014736,convex_logN_reduction_floating_point
1.0746078283213175e+20,131072,power,0.5,0.6713607648391644,1.6754490814383751,0.5814185814185814,observed_512,direct_and_near,172,False,CYJ_v8_Q1_v2_derived_policy,no_joint_A_B_or_bridge_interval,conditional_v8_fixed_policy_feasible,2.9757345794749067e+19,0.31174915281794063,10.0,2.8669987775361188,3.0238861972062256,2.82687358926022,-0.06737146220598264,0.9348478761773423,1.8704949169076437e+19,8.172316991630623e+19,7.03266374674907e+18,1.0746078283213175e+20,1.0,D_min;budget,2.82687358926022,0.0,-0.02405131485320669,convex_logN_reduction_floating_point
1.1547819846894582e+20,131072,power,0.5,0.6713607648391644,1.6754490814383751,0.5814185814185814,observed_512,direct_and_near,172,False,CYJ_v8_Q1_v2_derived_policy,no_joint_A_B_or_bridge_interval,conditional_v8_fixed_policy_feasible,2.9757345794749067e+19,0.33663682925088384,10.000000000000002,2.8534387625664377,3.0087835564889502,2.812754917661006,-0.06737146220598264,0.9348478761773423,2.0198209755053036e+19,8.82473249671437e+19,7.032663746749071e+18,1.1547819846894582e+20,1.0,D_min;budget,2.812754917661006,0.0,-0.01859078530352093,convex_logN_reduction_floating_point
1.2409377607517195e+20,131072,power,0.5,0.6713607648391644,1.6754490814383751,0.5814185814185814,observed_512,direct_and_near,172,False,CYJ_v8_Q1_v2_derived_policy,no_joint_A_B_or_bridge_interval,conditional_v8_fixed_policy_feasible,2.9757345794749067e+19,0.36338132117445265,10.000000000000002,2.840288993420019,2.994098347134879,2.799026480885133,-0.06737146220598264,0.9348478761773423,2.1802879270467162e+19,9.525823305795574e+19,7.032663746749071e+18,1.2409377607517197e+20,1.0000000000000002,D_min;budget,2.799026480885133,0.0,-0.013328769481760067,convex_logN_reduction_floating_point
1.333521432163324e+20,131072,power,0.5,0.6713607648391644,1.6754490814383751,0.5814185814185814,observed_512,direct_and_near,172,False,CYJ_v8_Q1_v2_derived_policy,no_joint_A_B_or_bridge_interval,conditional_v8_fixed_policy_feasible,2.9757345794749067e+19,0.392121161559996,10.0,2.827531183729076,2.979811723999043,2.7856706615888505,-0.06737146220598264,0.9348478761773423,2.352726969359976e+19,1.0279220977598359e+20,7.03266374674907e+18,1.333521432163324e+20,1.0,D_min;budget,2.7856706615888505,0.0,-0.008254951531575294,convex_logN_reduction_floating_point
1.4330125702369627e+20,131072,power,0.5,0.6713607648391644,1.6754490814383751,0.5814185814185814,observed_512,direct_and_near,172,False,CYJ_v8_Q1_v2_derived_policy,no_joint_A_B_or_bridge_interval,conditional_v8_fixed_policy_feasible,2.9757345794749067e+19,0.4230052190230059,10.0,2.8151483897864225,2.9659062320912644,2.7726711420116623,-0.06737146220598264,0.9348478761773423,2.538031314138036e+19,1.1088828013556687e+20,7.03266374674907e+18,1.4330125702369627e+20,1.0,D_min;budget,2.7726711420116623,0.0,-0.0033597566500431497,convex_logN_reduction_floating_point
1.539926526059492e+20,131072,power,0.5,0.6713607648391644,1.6754490814383751,0.5814185814185814,observed_512,direct_and_near,172,False,CYJ_v8_Q1_v2_derived_policy,no_joint_A_B_or_bridge_interval,conditional_v8_fixed_policy_feasible,2.9757345794749067e+19,0.4504652045647851,10.121285469882745,2.8029217237448925,2.9523570343716017,2.7600047032995287,-0.06737146220598264,0.9348478761773423,2.7355721577895907e+19,1.1951897128859907e+20,7.11795973945425e+18,1.539926526059492e+20,1.0,budget,2.7600047032995287,0.0,-2.7755575615628914e-17,convex_logN_reduction_floating_point
1.6548170999431814e+20,131072,power,0.5,0.6713607648391644,1.6754490814383751,0.5814185814185814,observed_512,direct_and_near,172,False,CYJ_v8_Q1_v2_derived_policy,no_joint_A_B_or_bridge_interval,conditional_v8_fixed_policy_feasible,2.9757345794749067e+19,0.4652525965242451,10.546214988136258,2.7904255981139827,2.93900996872467,2.747527227326295,-0.06737146220598264,0.9348478761773423,2.9439923440399827e+19,1.2862498817266953e+20,7.416798381248754e+18,1.6548170999431814e+20,1.0,budget,2.747527227326295,0.0,-5.551115123125783e-17,convex_logN_reduction_floating_point
1.778279410038923e+20,131072,power,0.5,0.6713607648391644,1.6754490814383751,0.5814185814185814,observed_512,direct_and_near,172,False,CYJ_v8_Q1_v2_derived_policy,no_joint_A_B_or_bridge_interval,conditional_v8_fixed_policy_feasible,2.9757345794749067e+19,0.4805581820717324,10.987777084204259,2.7780788114827217,2.9258114127956842,2.735188585347475,-0.06737146220598264,0.9348478761773423,3.1681597083567837e+19,1.3841900976458011e+20,7.727334155744349e+18,1.778279410038923e+20,1.0,budget,2.735188585347475,0.0,-2.7755575615628914e-17,convex_logN_reduction_floating_point
1.9109529749704406e+20,131072,power,0.5,0.6713607648391644,1.6754490814383751,0.5814185814185814,observed_512,direct_and_near,172,False,CYJ_v8_Q1_v2_derived_policy,no_joint_A_B_or_bridge_interval,conditional_v8_fixed_policy_feasible,2.9757345794749067e+19,0.4964006582149161,11.44659123321345,2.765879269708466,2.9127592820227046,2.722986828614766,-0.06737146220598264,0.9348478761773423,3.4092572534905467e+19,1.48952722243171e+20,8.050002718967596e+18,1.9109529749704406e+20,1.0,budget,2.722986828614766,0.0,-2.7755575615628914e-17,convex_logN_reduction_floating_point
2.053525026457146e+20,131072,power,0.5,0.6713607648391644,1.6754490814383751,0.5814185814185814,observed_512,direct_and_near,172,False,CYJ_v8_Q1_v2_derived_policy,no_joint_A_B_or_bridge_interval,conditional_v8_fixed_policy_feasible,2.9757345794749067e+19,0.5127994112119112,11.923299421960937,2.75382491822908,2.899851531234306,2.7109200452040048,-0.06737146220598264,0.9348478761773423,3.6685565539709338e+19,1.6028168154735942e+20,8.385255558645883e+18,2.053525026457146e+20,1.0,budget,2.7109200452040048,0.0,-2.7755575615628914e-17,convex_logN_reduction_floating_point
2.20673406908459e+20,131072,power,0.5,0.6713607648391644,1.6754490814383751,0.5814185814185814,observed_512,direct_and_near,172,False,CYJ_v8_Q1_v2_derived_policy,no_joint_A_B_or_bridge_interval,conditional_v8_fixed_policy_feasible,2.9757345794749067e+19,0.5297745427863634,12.41856694686505,2.741913741099115,2.887086153680055,2.6989863591088117,-0.06737146220598264,0.9348478761773423,3.947424375802366e+19,1.724656025950559e+20,8.733560555379413e+18,2.20673406908459e+20,1.0,budget,2.6989863591088117,0.0,-2.7755575615628914e-17,convex_logN_reduction_floating_point
2.3713737056616553e+20,131072,power,0.5,0.6713607648391644,1.6754490814383751,0.5814185814185814,observed_512,direct_and_near,172,False,CYJ_v8_Q1_v2_derived_policy,no_joint_A_B_or_bridge_interval,conditional_v8_fixed_policy_feasible,2.9757345794749067e+19,0.5473468973796233,12.933083238456572,2.730143760049504,2.874461180084943,2.6871839293566264,-0.06737146220598264,0.9348478761773423,4.247329790472969e+19,1.8556867009895766e+20,9.095402562478159e+18,2.371373705661655e+20,0.9999999999999999,budget,2.6871839293566264,0.0,-2.7755575615628914e-17,convex_logN_reduction_floating_point
2.5482967479793464e+20,131072,power,0.5,0.6713607648391644,1.6754490814383751,0.5814185814185814,observed_512,direct_and_near,172,False,CYJ_v8_Q1_v2_derived_policy,no_joint_A_B_or_bridge_interval,conditional_v8_fixed_policy_feasible,2.9757345794749067e+19,0.5655380904826385,13.467562713214269,2.7185130335704355,2.8619746777274155,2.6755109491468083,-0.06737146220598264,0.9348478761773423,4.569851820171828e+19,1.9965987259118728e+20,9.471284005029153e+18,2.5482967479793467e+20,1.0000000000000002,budget,2.6755109491468088,-4.1515585466160513e-16,-5.551115123125783e-17,convex_logN_reduction_floating_point
2.7384196342643612e+20,131072,power,0.5,0.6713607648391644,1.6754490814383751,0.5814185814185814,observed_512,direct_and_near,172,False,CYJ_v8_Q1_v2_derived_policy,no_joint_A_B_or_bridge_interval,conditional_v8_fixed_policy_feasible,2.9757345794749067e+19,0.5843705380920171,14.02274565357071,2.707019656017009,2.849624749540611,2.663965645010431,-0.06737146220598264,0.9348478761773423,4.916687653862766e+19,2.148133613890335e+20,9.861725498774983e+18,2.7384196342643612e+20,1.0,budget,2.663965645010431,0.0,-5.551115123125783e-17,convex_logN_reduction_floating_point
2.942727176209282e+20,131072,power,0.5,0.6713607648391644,1.6754490814383751,0.5814185814185814,observed_512,direct_and_near,172,False,CYJ_v8_Q1_v2_derived_policy,no_joint_A_B_or_bridge_interval,conditional_v8_fixed_policy_feasible,2.9757345794749067e+19,0.6038674873366326,14.599399116936478,2.6956617567373398,2.8374095332364457,2.6525462759914356,-0.06737146220598264,0.9348478761773423,5.289661476821451e+19,2.3110883636331374e+20,1.0267266489399955e+19,2.942727176209282e+20,1.0,budget,2.6525462759914356,0.0,-2.7755575615628914e-17,convex_logN_reduction_floating_point
3.1622776601683794e+20,131072,power,0.5,0.6713607648391644,1.6754490814383751,0.5814185814185814,observed_512,direct_and_near,172,False,CYJ_v8_Q1_v2_derived_policy,no_joint_A_B_or_bridge_interval,conditional_v8_fixed_policy_feasible,2.9757345794749067e+19,0.6240530483231439,15.198317874613233,2.6844374992227036,2.8253272004521373,2.641251132848757,-0.06737146220598264,0.9348478761773423,5.6907339594219086e+19,2.486319605097828e+20,1.0688465912836086e+19,3.162277660168379e+20,0.9999999999999998,budget,2.6412511328487573,-4.1515585466160513e-16,0.0,convex_logN_reduction_floating_point
3.3982083289425596e+20,131072,power,0.5,0.6713607648391644,1.6754490814383751,0.5814185814185814,observed_512,direct_and_near,172,False,CYJ_v8_Q1_v2_derived_policy,no_joint_A_B_or_bridge_interval,conditional_v8_fixed_policy_feasible,2.9757345794749067e+19,0.6449522272508921,15.820325381489186,2.6733450802793595,2.8133759559187874,2.6300785372790787,-0.06737146220598264,0.9348478761773423,6.122012454375161e+19,2.6747480547328708e+20,1.1125902877217315e+19,3.3982083289425596e+20,1.0,budget,2.6300785372790787,0.0,-2.7755575615628914e-17,convex_logN_reduction_floating_point
3.651741272548377e+20,131072,power,0.5,0.6713607648391644,1.6754490814383751,0.5814185814185814,observed_512,direct_and_near,172,False,CYJ_v8_Q1_v2_derived_policy,no_joint_A_B_or_bridge_interval,conditional_v8_fixed_policy_feasible,2.9757345794749067e+19,0.6665909608488257,16.466274777433515,2.6623827292216546,2.8015540366516123,2.61902684115982,-0.06737146220598264,0.9348478761773423,6.585761955294115e+19,2.8773633033477004e+20,1.158017736712653e+19,3.651741272548377e+20,1.0,budget,2.61902684115982,0.0,-5.551115123125783e-17,convex_logN_reduction_floating_point
3.924189758484536e+20,131072,power,0.5,0.6713607648391644,1.6754490814383751,0.5814185814185814,observed_512,direct_and_near,172,False,CYJ_v8_Q1_v2_derived_policy,no_joint_A_B_or_bridge_interval,conditional_v8_fixed_policy_feasible,2.9757345794749067e+19,0.6889961521894004,17.13704992132962,2.651548707086027,2.7898597111614314,2.608094425811998,-0.06737146220598264,0.9348478761773423,7.0844168734042644e+19,3.095228961436146e+20,1.2051910970796382e+19,3.9241897584845364e+20,1.0000000000000002,budget,2.608094425811998,0.0,-2.7755575615628914e-17,convex_logN_reduction_floating_point
4.216965034285823e+20,131072,power,0.5,0.6713607648391644,1.6754490814383751,0.5814185814185814,observed_512,direct_and_near,172,False,CYJ_v8_Q1_v2_derived_policy,no_joint_A_B_or_bridge_interval,conditional_v8_fixed_policy_feasible,2.9757345794749067e+19,0.7121957079367738,17.83356645871116,2.6408413058655027,2.7782912786869867,2.597279701282562,-0.06737146220598264,0.9348478761773423,7.620593693459579e+19,3.329488188630446e+20,1.2541747630941817e+19,4.216965034285823e+20,1.0,budget,2.597279701282562,0.0,-2.7755575615628914e-17,convex_logN_reduction_floating_point
4.5315836376008176e+20,131072,power,0.5,0.6713607648391644,1.6754490814383751,0.5814185814185814,observed_512,direct_and_near,172,False,CYJ_v8_Q1_v2_derived_policy,no_joint_A_B_or_bridge_interval,conditional_v8_fixed_policy_feasible,2.9757345794749067e+19,0.7362185770891463,18.556772923988323,2.630258847764308,2.7668470684477104,2.586581105645848,-0.06737146220598264,0.9348478761773423,8.197104574479047e+19,3.581369635953726e+20,1.3050354419918742e+19,4.531583637600818e+20,1.0000000000000002,budget,2.586581105645848,0.0,-2.7755575615628914e-17,convex_logN_reduction_floating_point
4.8696752516586314e+20,131072,power,0.5,0.6713607648391644,1.6754490814383751,0.5814185814185814,observed_512,direct_and_near,172,False,CYJ_v8_Q1_v2_derived_policy,no_joint_A_B_or_bridge_interval,conditional_v8_fixed_policy_feasible,2.9757345794749067e+19,0.7610947912776894,19.30765187827644,2.619799684472174,2.755525438916497,2.575997104323726,-0.06737146220598264,0.9348478761773423,8.816971965815457e+19,3.8521938316778786e+20,1.3578422339920632e+19,4.8696752516586314e+20,1.0,budget,2.575997104323726,0.0,-2.7755575615628914e-17,convex_logN_reduction_floating_point
5.232991146814947e+20,131072,power,0.5,0.6713607648391644,1.6754490814383751,0.5814185814185814,observed_512,direct_and_near,172,False,CYJ_v8_Q1_v2_derived_policy,no_joint_A_B_or_bridge_interval,conditional_v8_fixed_policy_feasible,2.9757345794749067e+19,0.7868555066872581,20.08722108386334,2.609462196457962,2.744324777112095,2.5655261894241,-0.06737146220598264,0.9348478761773423,9.483444314329358e+19,4.143380043892592e+20,1.4126667148941928e+19,5.232991146814947e+20,1.0,budget,2.5655261894241006,-4.1515585466160513e-16,0.0,convex_logN_reduction_floating_point
5.6234132519034906e+20,131072,power,0.5,0.6713607648391644,1.6754490814383751,0.5814185814185814,observed_512,direct_and_near,172,False,CYJ_v8_Q1_v2_derived_policy,no_joint_A_B_or_bridge_interval,conditional_v8_fixed_policy_feasible,2.9757345794749067e+19,0.813533047666941,20.8965347163765,2.5992447922821813,2.7332434979106774,2.555166879097327,-0.06737146220598264,0.9348478761773423,1.0200012944095086e+20,4.456453655361437e+20,1.4695830213254437e+19,5.6234132519034906e+20,1.0,budget,2.555166879097327,0.0,-2.7755575615628914e-17,convex_logN_reduction_floating_point
6.042963902381328e+20,131072,power,0.5,0.6713607648391644,1.6754490814383751,0.5814185814185814,observed_512,direct_and_near,172,False,CYJ_v8_Q1_v2_derived_policy,no_joint_A_B_or_bridge_interval,conditional_v8_fixed_policy_feasible,2.9757345794749067e+19,0.8411609521015043,21.736684615736024,2.5891459079280126,2.722280043376194,2.544917716910198,-0.06737146220598264,0.9348478761773423,1.0970430196141582e+20,4.793054088895565e+20,1.5286679387160498e+19,6.042963902381328e+20,1.0,budget,2.544917716910198,0.0,-8.326672684688674e-17,convex_logN_reduction_floating_point
6.493816315762113e+20,131072,power,0.5,0.6713607648391644,1.6754490814383751,0.5814185814185814,observed_512,direct_and_near,172,False,CYJ_v8_Q1_v2_derived_policy,no_joint_A_B_or_bridge_interval,conditional_v8_fixed_policy_feasible,2.9757345794749067e+19,0.8697740186179174,22.608801577004417,2.579164006150438,2.7114328821090785,2.534777271237082,-0.06737146220598264,0.9348478761773423,1.1798728922259744e+20,5.154943324328097e+20,1.5900009920804217e+19,6.493816315762113e+20,1.0,budget,2.534777271237082,0.0,-2.7755575615628914e-17,convex_logN_reduction_floating_point
6.978305848598663e+20,131072,power,0.5,0.6713607648391644,1.6754490814383751,0.5814185814185814,observed_512,direct_and_near,172,False,CYJ_v8_Q1_v2_derived_policy,no_joint_A_B_or_bridge_interval,conditional_v8_fixed_policy_feasible,2.9757345794749067e+19,0.8994083557044219,23.514056682269683,2.569297575843064,2.700700508612904,2.5247441346678414,-0.06737146220598264,0.9348478761773423,1.2689243433924449e+20,5.5440150512378184e+20,1.6536645396840071e+19,6.978305848598663e+20,1.0,budget,2.5247441346678414,0.0,-2.7755575615628914e-17,convex_logN_reduction_floating_point
7.498942093324558e+20,131072,power,0.5,0.6713607648391644,1.6754490814383751,0.5814185814185814,observed_512,direct_and_near,172,False,CYJ_v8_Q1_v2_derived_policy,no_joint_A_B_or_bridge_interval,conditional_v8_fixed_policy_feasible,2.9757345794749067e+19,0.9301014328230667,24.453662674722935,2.5595451314222446,2.690081442678557,2.51481692343213,-0.06737146220598264,0.9348478761773423,1.3646632014919048e+20,5.962304504864899e+20,1.7197438696775487e+19,7.498942093324558e+20,1.0,budget,2.51481692343213,0.0,-2.7755575615628914e-17,convex_logN_reduction_floating_point
8.058421877614818e+20,131072,power,0.5,0.6713607648391644,1.6754490814383751,0.5814185814185814,observed_512,direct_and_near,172,False,CYJ_v8_Q1_v2_derived_policy,no_joint_A_B_or_bridge_interval,conditional_v8_fixed_policy_feasible,2.9757345794749067e+19,0.9618921336001848,25.428875376118075,2.5499052122281114,2.6795742287855444,2.504994276839706,-0.06737146220598264,0.9348478761773423,1.467590111435245e+20,6.411999036201349e+20,1.788327299782257e+19,8.058421877614818e+20,1.0,budget,2.504994276839706,0.0,-2.7755575615628914e-17,convex_logN_reduction_floating_point
8.659643233600653e+20,131072,power,0.5,0.6713607648391644,1.6754490814383751,0.5814185814185814,observed_512,direct_and_near,172,False,CYJ_v8_Q1_v2_derived_policy,no_joint_A_B_or_bridge_interval,conditional_v8_fixed_policy_feasible,2.9757345794749067e+19,0.9948208111830852,26.440995148825834,2.540376381942102,2.6691774355199933,2.495274856736351,-0.06737146220598264,0.9348478761773423,1.5782431345465763e+20,6.895449471042961e+20,1.8595062801111548e+19,8.659643233600653e+20,1.0,budget,2.495274856736351,0.0,-2.7755575615628914e-17,convex_logN_reduction_floating_point
9.30572040929699e+20,131072,power,0.5,0.6713607648391644,1.6754490814383751,0.5814185814185814,observed_512,direct_and_near,172,False,CYJ_v8_Q1_v2_derived_policy,no_joint_A_B_or_bridge_interval,conditional_v8_fixed_policy_feasible,2.9757345794749067e+19,1.0289293458551565,27.49136840372044,2.5309572280206027,2.6588896550089625,2.485657346975035,-0.06737146220598264,0.9348478761773423,1.6972005424981914e+20,7.415182316877431e+20,1.9333754992136757e+19,9.30572040929699e+20,1.0,budget,2.4856573469750356,-4.1515585466160513e-16,-5.551115123125783e-17,convex_logN_reduction_floating_point
1e+21,131072,power,0.5,0.6713607648391644,1.6754490814383751,0.5814185814185814,observed_512,direct_and_near,172,False,CYJ_v8_Q1_v2_derived_policy,no_joint_A_B_or_bridge_interval,conditional_v8_fixed_policy_feasible,2.9757345794749067e+19,1.0642612050056934,28.581389155162785,2.521646361144313,2.648709502370646,2.476140452901944,-0.06737146220598264,0.9348478761773423,1.8250838197806124e+20,7.973912880876147e+20,2.0100329934324036e+19,9.999999999999999e+20,0.9999999999999999,budget,2.476140452901944,0.0,-2.7755575615628914e-17,convex_logN_reduction_floating_point
1.0746078283213176e+21,131072,power,0.5,0.6713607648391644,1.6754490814383751,0.5814185814185814,observed_512,direct_and_near,172,False,CYJ_v8_Q1_v2_derived_policy,no_joint_A_B_or_bridge_interval,conditional_v8_fixed_policy_feasible,2.9757345794749067e+19,1.1008615055550868,29.712500624369532,2.5124424146829374,2.6386356151800747,2.466722900856988,-0.06737146220598264,0.9348478761773423,1.962560890268994e+20,8.57455936697792e+20,2.0895802596626272e+19,1.0746078283213176e+21,1.0,budget,2.466722900856988,0.0,-2.7755575615628914e-17,convex_logN_reduction_floating_point
1.1547819846894581e+21,131072,power,0.5,0.6713607648391644,1.6754490814383751,0.5814185814185814,observed_512,direct_and_near,172,False,CYJ_v8_Q1_v2_derived_policy,no_joint_A_B_or_bridge_interval,conditional_v8_fixed_policy_feasible,2.9757345794749067e+19,1.1387770789405371,30.886196892482698,2.5033440441748303,2.628666652949916,2.457403437688432,-0.06737146220598264,0.9348478761773423,2.1103495846082245e+20,9.220258025125641e+20,2.1721223716071686e+19,1.1547819846894581e+21,1.0,budget,2.457403437688432,0.0,-5.551115123125783e-17,convex_logN_reduction_floating_point
1.2409377607517195e+21,131072,power,0.5,0.6713607648391644,1.6754490814383751,0.5814185814185814,observed_512,direct_and_near,172,False,CYJ_v8_Q1_v2_derived_policy,no_joint_A_B_or_bridge_interval,conditional_v8_fixed_policy_feasible,2.9757345794749067e+19,1.1780565387721647,32.104024604680696,2.4943499268212115,2.6188012966259917,2.4481808302812786,-0.06737146220598264,0.9348478761773423,2.2692213663867932e+20,9.914379431168326e+20,2.257768099620781e+19,1.2409377607517195e+21,1.0,budget,2.4481808302812786,0.0,-5.551115123125783e-17,convex_logN_reduction_floating_point
1.333521432163324e+21,131072,power,0.5,0.6713607648391644,1.6754490814383751,0.5814185814185814,observed_512,direct_and_near,172,False,CYJ_v8_Q1_v2_derived_policy,no_joint_A_B_or_bridge_interval,conditional_v8_fixed_policy_feasible,2.9757345794749067e+19,1.2187503512743765,33.3675847266958,2.48545876099457,2.6090382480971086,2.439053865099036,-0.06737146220598264,0.9348478761773423,2.4400053364102817e+20,1.0660545981798947e+21,2.3466300342401155e+19,1.3335214321633243e+21,1.0000000000000002,budget,2.439053865099036,0.0,-2.7755575615628914e-17,convex_logN_reduction_floating_point
1.4330125702369627e+21,131072,power,0.5,0.6713607648391644,1.6754490814383751,0.5814185814185814,observed_512,direct_and_near,172,False,CYJ_v8_Q1_v2_derived_policy,no_joint_A_B_or_bridge_interval,conditional_v8_fixed_policy_feasible,2.9757345794749067e+19,1.260910908632506,34.67853435512955,2.476669265760894,2.5993762297188354,2.4300213477385206,-0.06737146220598264,0.9348478761773423,2.6235925358261987e+20,1.1462650695193718e+21,2.438824713497117e+19,1.4330125702369627e+21,1.0,budget,2.4300213477385206,0.0,-2.7755575615628914e-17,convex_logN_reduction_floating_point
1.539926526059492e+21,131072,power,0.5,0.6713607648391644,1.6754490814383751,0.5814185814185814,observed_512,direct_and_near,172,False,CYJ_v8_Q1_v2_derived_policy,no_joint_A_B_or_bridge_interval,conditional_v8_fixed_policy_feasible,2.9757345794749067e+19,1.3045926053702237,36.03858858298095,2.4679801804153594,2.589813983850845,2.4210821024973446,-0.06737146220598264,0.9348478761773423,2.8209405704002028e+20,1.232487741478318e+21,2.5344727541153505e+19,1.539926526059492e+21,1.0,budget,2.4210821024973446,0.0,-2.7755575615628914e-17,convex_logN_reduction_floating_point
1.6548170999431815e+21,131072,power,0.5,0.6713607648391644,1.6754490814383751,0.5814185814185814,observed_512,direct_and_near,172,False,CYJ_v8_Q1_v2_derived_policy,no_joint_A_B_or_bridge_interval,conditional_v8_fixed_policy_feasible,2.9757345794749067e+19,1.349851917888856,37.44952242182875,2.4593902640311156,2.5803502724074505,2.412234971953732,-0.06737146220598264,0.9348478761773423,3.0330785799076354e+20,1.325172252085512e+21,2.633698986690615e+19,1.6548170999431815e+21,1.0,budget,2.412234971953732,0.0,-2.7755575615628914e-17,convex_logN_reduction_floating_point
1.7782794100389228e+21,131072,power,0.5,0.6713607648391644,1.6754490814383751,0.5814185814185814,observed_512,direct_and_near,172,False,CYJ_v8_Q1_v2_derived_policy,no_joint_A_B_or_bridge_interval,conditional_v8_fixed_policy_feasible,2.9757345794749067e+19,1.3967474873057775,38.91317278213162,2.45089829502081,2.5709838764209687,2.403478816558333,-0.06737146220598264,0.9348478761773423,3.2611125783922744e+20,1.4248018262501074e+21,2.736632594958797e+19,1.7782794100389228e+21,1.0,budget,2.403478816558333,0.0,-2.7755575615628914e-17,convex_logN_reduction_floating_point
1.9109529749704406e+21,131072,power,0.5,0.6713607648391644,1.6754490814383751,0.5814185814185814,observed_512,direct_and_near,172,False,CYJ_v8_Q1_v2_derived_policy,no_joint_A_B_or_bridge_interval,conditional_v8_fixed_policy_feasible,2.9757345794749067e+19,1.445340205735261,40.43144051313514,2.4425030707105115,2.56171359561756,2.394812514237699,-0.06737146220598264,0.9348478761773423,3.5062311929656626e+20,1.5318957830813178e+21,2.8434072592556716e+19,1.9109529749704406e+21,1.0,budget,2.394812514237699,0.0,-2.7755575615628914e-17,convex_logN_reduction_floating_point
2.053525026457146e+21,131072,power,0.5,0.6713607648391644,1.6754490814383751,0.5814185814185814,observed_512,direct_and_near,172,False,CYJ_v8_Q1_v2_derived_policy,no_joint_A_B_or_bridge_interval,conditional_v8_fixed_policy_feasible,2.9757345794749067e+19,1.4956933061617186,42.00629250389776,2.4342034069256804,2.552538248005182,2.3862349600090784,-0.06737146220598264,0.9348478761773423,3.769711830885064e+20,1.64701223032589e+21,2.95416130427499e+19,2.0535250264571464e+21,1.0000000000000002,budget,2.3862349600090784,0.0,-2.7755575615628914e-17,convex_logN_reduction_floating_point
2.20673406908459e+21,131072,power,0.5,0.6713607648391644,1.6754490814383751,0.5814185814185814,observed_512,direct_and_near,172,False,CYJ_v8_Q1_v2_derived_policy,no_joint_A_B_or_bridge_interval,conditional_v8_fixed_policy_feasible,2.9757345794749067e+19,1.5478724560621715,43.639763846970276,2.425998137588851,2.5434566694733207,2.3777450656062302,-0.06737146220598264,0.9348478761773423,4.052927306866982e+20,1.7707509598855637e+21,3.069037851232786e+19,2.20673406908459e+21,1.0,budget,2.3777450656062302,0.0,-1.3877787807814457e-17,convex_logN_reduction_floating_point
2.3713737056616553e+21,131072,power,0.5,0.6713607648391644,1.6754490814383751,0.5814185814185814,observed_512,direct_and_near,172,False,CYJ_v8_Q1_v2_derived_policy,no_joint_A_B_or_bridge_interval,conditional_v8_fixed_policy_feasible,2.9757345794749067e+19,1.6019458549419425,45.33396006628668,2.417886114328701,2.534467713404155,2.3693417591159194,-0.06737146220598264,0.9348478761773423,4.3573529649774893e+20,1.9037565594184316e+21,3.188184974547444e+19,2.3713737056616553e+21,1.0,budget,2.3693417591159194,0.0,-1.3877787807814457e-17,convex_logN_reduction_floating_point
2.5482967479793463e+21,131072,power,0.5,0.6713607648391644,1.6754490814383751,0.5814185814185814,observed_512,direct_and_near,172,False,CYJ_v8_Q1_v2_derived_policy,no_joint_A_B_or_bridge_interval,conditional_v8_fixed_policy_feasible,2.9757345794749067e+19,1.6579843359551467,47.09105941084504,2.4098662061001734,2.5255702502948223,2.3610239846247936,-0.06737146220598264,0.9348478761773423,4.6845743320028565e+20,2.0467217561475946e+21,3.3117558631465656e+19,2.5482967479793463e+21,1.0,budget,2.3610239846247936,0.0,-1.3877787807814457e-17,convex_logN_reduction_floating_point
2.7384196342643614e+21,131072,power,0.5,0.6713607648391644,1.6754490814383751,0.5814185814185814,observed_512,direct_and_near,172,False,CYJ_v8_Q1_v2_derived_policy,no_joint_A_B_or_bridge_interval,conditional_v8_fixed_policy_feasible,2.9757345794749067e+19,1.7160614717894505,48.913315215778795,2.4019372988153416,2.5167631673904634,2.352790701876336,-0.06737146220598264,0.9348478761773423,5.036295341957441e+20,2.2003910102034853e+21,3.439908986513172e+19,2.738419634264361e+21,0.9999999999999998,budget,2.352790701876336,0.0,-1.3877787807814457e-17,convex_logN_reduction_floating_point
2.9427271762092816e+21,131072,power,0.5,0.6713607648391644,1.6754490814383751,0.5814185814185814,observed_512,direct_and_near,172,False,CYJ_v8_Q1_v2_derived_policy,no_joint_A_B_or_bridge_interval,conditional_v8_fixed_policy_feasible,2.9757345794749067e+19,1.7762536850028607,50.8030583324387,2.3940982949846994,2.5080453683277213,2.3446408859375905,-0.06737146220598264,0.9348478761773423,5.414347174344572e+20,2.365564376118972e+21,3.572808265585199e+19,2.9427271762092816e+21,1.0,budget,2.3446408859375905,0.0,-1.3877787807814457e-17,convex_logN_reduction_floating_point
3.1622776601683794e+21,131072,power,0.5,0.6713607648391644,1.6754490814383751,0.5814185814185814,observed_512,direct_and_near,172,False,CYJ_v8_Q1_v2_derived_policy,no_joint_A_B_or_bridge_interval,conditional_v8_fixed_policy_feasible,2.9757345794749067e+19,1.8386403630090342,52.76269962912488,2.3863481133685776,2.4994157727883914,2.3365735268753784,-0.06737146220598264,0.9348478761773423,5.820697751965849e+20,2.543101652485559e+21,3.710623248623572e+19,3.1622776601683794e+21,1.0,budget,2.3365735268753784,0.0,-1.3877787807814457e-17,convex_logN_reduction_floating_point
3.3982083289425594e+21,131072,power,0.5,0.6713607648391644,1.6754490814383751,0.5814185814185814,observed_512,direct_and_near,172,False,CYJ_v8_Q1_v2_derived_policy,no_joint_A_B_or_bridge_interval,conditional_v8_fixed_policy_feasible,2.9757345794749067e+19,1.9033039779166752,54.79473256412708,2.3786856886383836,2.490873316162913,2.3285876294417127,-0.06737146220598264,0.9348478761773423,6.257461947491007e+20,2.7339268412718045e+21,3.853529292165472e+19,3.3982083289425594e+21,1.0,budget,2.3285876294417127,0.0,-1.3877787807814457e-17,convex_logN_reduction_floating_point
3.651741272548377e+21,131072,power,0.5,0.6713607648391644,1.6754490814383751,0.5814185814185814,observed_512,direct_and_near,172,False,CYJ_v8_Q1_v2_derived_policy,no_joint_A_B_or_bridge_interval,conditional_v8_fixed_policy_feasible,2.9757345794749067e+19,1.970330211438206,56.90173583274807,2.3711099710473733,2.4824169492234014,2.3206822127681344,-0.06737146220598264,0.9348478761773423,6.726912551672366e+20,2.9390329399093347e+21,4.001707747180598e+19,3.651741272548377e+21,1.0,budget,2.3206822127681344,0.0,-1.3877787807814457e-17,convex_logN_reduction_floating_point
3.924189758484536e+21,131072,power,0.5,0.6713607648391644,1.6754490814383751,0.5814185814185814,observed_512,direct_and_near,172,False,CYJ_v8_Q1_v2_derived_policy,no_joint_A_B_or_bridge_interval,conditional_v8_fixed_policy_feasible,2.9757345794749067e+19,2.0398080850928912,59.08637609000165,2.363619926110674,2.47404563780594,2.3128563100687014,-0.06737146220598264,0.9348478761773423,7.23149206003348e+20,3.159487090975694e+21,4.1553461505493565e+19,3.924189758484536e+21,1.0,budget,2.3128563100687014,0.0,-2.7755575615628914e-17,convex_logN_reduction_floating_point
4.2169650342858226e+21,131072,power,0.5,0.6713607648391644,1.6754490814383751,0.5814185814185814,observed_512,direct_and_near,172,False,CYJ_v8_Q1_v2_derived_policy,no_joint_A_B_or_bridge_interval,conditional_v8_fixed_policy_feasible,2.9757345794749067e+19,2.111830095940154,61.351410750691166,2.3562145342942755,2.4657583625018415,2.305108968351368,-0.06737146220598264,0.9348478761773423,7.773825339101755e+20,3.3964361161558175e+21,4.314638421982969e+19,4.2169650342858226e+21,1.0,budget,2.305108968351368,0.0,-2.7755575615628914e-17,convex_logN_reduction_floating_point
4.5315836376008176e+21,131072,power,0.5,0.6713607648391644,1.6754490814383751,0.5814185814185814,observed_512,direct_and_near,172,False,CYJ_v8_Q1_v2_derived_policy,no_joint_A_B_or_bridge_interval,conditional_v8_fixed_policy_feasible,2.9757345794749067e+19,2.1864923580898687,63.699690868587425,2.3488927907127217,2.4575541183576033,2.2974392481374863,-0.06737146220598264,0.9348478761773423,8.356733237811203e+20,3.651112463154634e+21,4.479785066506376e+19,4.5315836376008176e+21,1.0,budget,2.2974392481374863,0.0,-1.3877787807814457e-17,convex_logN_reduction_floating_point
4.869675251658631e+21,131072,power,0.5,0.6713607648391644,1.6754490814383751,0.5814185814185814,observed_512,direct_and_near,172,False,CYJ_v8_Q1_v2_derived_policy,no_joint_A_B_or_bridge_interval,conditional_v8_fixed_policy_feasible,2.9757345794749067e+19,2.263894750247971,66.13416409643847,2.341653704835234,2.4494319145832875,2.289846223189188,-0.06737146220598264,0.9348478761773423,8.983247214597893e+20,3.924840596372584e+21,4.650993382625768e+19,4.869675251658631e+21,1.0,budget,2.2898462231891883,-4.1515585466160513e-16,-4.163336342344337e-17,convex_logN_reduction_floating_point
5.232991146814947e+21,131072,power,0.5,0.6713607648391644,1.6754490814383751,0.5814185814185814,observed_512,direct_and_near,172,False,CYJ_v8_Q1_v2_derived_policy,no_joint_A_B_or_bridge_interval,conditional_v8_fixed_policy_feasible,2.9757345794749067e+19,2.344141069567968,68.65787772855093,2.3344963002000165,2.441390774269072,2.2823289802443996,-0.06737146220598264,0.9348478761773423,9.656625055972329e+20,4.2190438644546834e+21,4.828477676303105e+19,5.232991146814947e+21,1.0,budget,2.2823289802443996,0.0,-2.7755575615628914e-17,convex_logN_reduction_floating_point
5.623413251903491e+21,131072,power,0.5,0.6713607648391644,1.6754490814383751,0.5814185814185814,observed_512,direct_and_near,172,False,CYJ_v8_Q1_v2_derived_policy,no_joint_A_B_or_bridge_interval,conditional_v8_fixed_policy_feasible,2.9757345794749067e+19,2.427339192091589,71.27398182769493,2.327419614136475,2.4334297341096978,2.2748866187592456,-0.06737146220598264,0.9348478761773423,1.0380367768007258e+21,4.535251880294157e+21,5.012459480860821e+19,5.623413251903491e+21,1.0,budget,2.2748866187592456,0.0,-2.7755575615628914e-17,convex_logN_reduction_floating_point
6.042963902381328e+21,131072,power,0.5,0.6713607648391644,1.6754490814383751,0.5814185814185814,observed_512,direct_and_near,172,False,CYJ_v8_Q1_v2_derived_policy,no_joint_A_B_or_bridge_interval,conditional_v8_fixed_policy_feasible,2.9757345794749067e+19,2.5136012400753556,73.9857324380871,2.320422697495132,2.4255478441365894,2.267518250657622,-0.06737146220598264,0.9348478761773423,1.115823772825555e+21,4.875108451726372e+21,5.203167782940118e+19,6.042963902381327e+21,0.9999999999999998,budget,2.267518250657622,0.0,-1.3877787807814457e-17,convex_logN_reduction_floating_point
6.493816315762113e+21,131072,power,0.5,0.6713607648391644,1.6754490814383751,0.5814185814185814,observed_512,direct_and_near,172,False,CYJ_v8_Q1_v2_derived_policy,no_joint_A_B_or_bridge_interval,conditional_v8_fixed_policy_feasible,2.9757345794749067e+19,2.6030437565137743,76.79649488621456,2.3135046143849687,2.4177441674573825,2.2602230000876906,-0.06737146220598264,0.9348478761773423,1.199427819214217e+21,5.240380104001527e+21,5.400839254636815e+19,6.493816315762113e+21,1.0,budget,2.2602230000876906,0.0,-1.3877787807814457e-17,convex_logN_reduction_floating_point
6.978305848598664e+21,131072,power,0.5,0.6713607648391644,1.6754490814383751,0.5814185814185814,observed_512,direct_and_near,172,False,CYJ_v8_Q1_v2_derived_policy,no_joint_A_B_or_bridge_interval,conditional_v8_fixed_policy_feasible,2.9757345794749067e+19,2.6957878871847627,79.70974717126197,2.3066644419179836,2.410017780002644,2.253000003185105,-0.06737146220598264,0.9348478761773423,1.2892834254890874e+21,5.632965238190189e+21,5.6057184919386825e+19,6.978305848598664e+21,1.0,budget,2.253000003185105,0.0,-2.7755575615628914e-17,convex_logN_reduction_floating_point
7.498942093324559e+21,131072,power,0.5,0.6713607648391644,1.6754490814383751,0.5814185814185814,observed_512,direct_and_near,172,False,CYJ_v8_Q1_v2_derived_policy,no_joint_A_B_or_bridge_interval,conditional_v8_fixed_policy_feasible,2.9757345794749067e+19,2.7919595705583156,82.7290834469062,2.299901269960739,2.4023677702795427,2.245848407842728,-0.06737146220598264,0.9348478761773423,1.3858575377586436e+21,6.054903972970031e+21,5.818058259588358e+19,7.49894209332456e+21,1.0000000000000002,budget,2.245848407842728,0.0,-1.3877787807814457e-17,convex_logN_reduction_floating_point
8.058421877614818e+21,131072,power,0.5,0.6713607648391644,1.6754490814383751,0.5814185814185814,observed_512,direct_and_near,172,False,CYJ_v8_Q1_v2_derived_policy,no_joint_A_B_or_bridge_interval,conditional_v8_fixed_policy_feasible,2.9757345794749067e+19,2.891689735925802,85.85821759623887,2.293214200892663,2.3947932391322535,2.2387673734866453,-0.06737146220598264,0.9348478761773423,1.4896519594075682e+21,6.508388720782293e+21,6.038119742495622e+19,8.058421877614818e+21,1.0,budget,2.2387673734866453,0.0,-1.3877787807814457e-17,convex_logN_reduction_floating_point
8.659643233600654e+21,131072,power,0.5,0.6713607648391644,1.6754490814383751,0.5814185814185814,observed_512,direct_and_near,172,False,CYJ_v8_Q1_v2_derived_policy,no_joint_A_B_or_bridge_interval,conditional_v8_fixed_policy_feasible,2.9757345794749067e+19,2.995114510124317,89.10098690157345,2.2866023493709147,2.3872932995088836,2.23175607085828,-0.06737146220598264,0.9348478761773423,1.601205952411796e+21,6.99577555315063e+21,6.266172803822594e+19,8.659643233600653e+21,0.9999999999999999,budget,2.2317560708582804,-4.1515585466160513e-16,2.7755575615628914e-17,convex_logN_reduction_floating_point
9.30572040929699e+21,131072,power,0.5,0.6713607648391644,1.6754490814383751,0.5814185814185814,observed_512,direct_and_near,172,False,CYJ_v8_Q1_v2_derived_policy,no_joint_A_B_or_bridge_interval,conditional_v8_fixed_policy_feasible,2.9757345794749067e+19,3.102375433248521,92.46135581088443,2.2800648421015888,2.3798670762347056,2.2248136818023956,-0.06737146220598264,0.9348478761773423,1.7210990327552294e+21,7.519596414043114e+21,6.5024962498647335e+19,9.305720409296991e+21,1.0000000000000002,budget,2.2248136818023956,0.0,-2.7755575615628914e-17,convex_logN_reduction_floating_point
1e+22,131072,power,0.5,0.6713607648391644,1.6754490814383751,0.5814185814185814,observed_512,direct_and_near,172,False,CYJ_v8_Q1_v2_derived_policy,no_joint_A_B_or_bridge_interval,conditional_v8_fixed_policy_feasible,2.9757345794749067e+19,3.213619683761294,95.94341980261542,2.273600817617065,2.372513705791497,2.2179393990608167,-0.06737146220598264,0.9348478761773423,1.8499539744303483e+21,8.082572244551153e+21,6.747378101849803e+19,1e+22,1.0,budget,2.2179393990608167,0.0,-2.7755575615628914e-17,convex_logN_reduction_floating_point
1.0746078283213176e+22,131072,power,0.5,0.6713607648391644,1.6754490814383751,0.5814185814185814,observed_512,direct_and_near,172,False,CYJ_v8_Q1_v2_derived_policy,no_joint_A_B_or_bridge_interval,conditional_v8_fixed_policy_feasible,2.9757345794749067e+19,3.3290003134342974,99.55140935058009,2.267209426059309,2.3652323361027925,2.2111324260716696,-0.06737146220598264,0.9348478761773423,1.988440037585443e+21,8.687627086879973e+21,7.00111587477601e+19,1.0746078283213176e+22,1.0,budget,2.2111324260716696,0.0,-4.163336342344337e-17,convex_logN_reduction_floating_point
1.154781984689458e+22,131072,power,0.5,0.6713607648391644,1.6754490814383751,0.5814185814185814,observed_512,direct_and_near,172,False,CYJ_v8_Q1_v2_derived_policy,no_joint_A_B_or_bridge_interval,conditional_v8_fixed_policy_feasible,2.9757345794749067e+19,3.4486764925704554,103.28969399065993,2.260889828968936,2.358022126324854,2.204391976773971,-0.06737146220598264,0.9348478761773423,2.1372764375423084e+21,9.337903240718182e+21,7.264016863409194e+19,1.154781984689458e+22,1.0,budget,2.204391976773971,0.0,-2.7755575615628914e-17,convex_logN_reduction_floating_point
1.2409377607517196e+22,131072,power,0.5,0.6713607648391644,1.6754490814383751,0.5814185814185814,observed_512,direct_and_near,172,False,CYJ_v8_Q1_v2_derived_policy,no_joint_A_B_or_bridge_interval,conditional_v8_fixed_policy_feasible,2.9757345794749067e+19,3.572813765982219,107.16278649098412,2.254641199079847,2.350882246643178,2.1977172754173937,-0.06737146220598264,0.9348478761773423,2.2972360726560086e+21,1.0036777550505612e+22,7.53639843555755e+19,1.2409377607517194e+22,0.9999999999999998,budget,2.1977172754173937,0.0,-1.3877787807814457e-17,convex_logN_reduction_floating_point
1.3335214321633241e+22,131072,power,0.5,0.6713607648391644,1.6754490814383751,0.5814185814185814,observed_512,direct_and_near,172,False,CYJ_v8_Q1_v2_derived_policy,no_joint_A_B_or_bridge_interval,conditional_v8_fixed_policy_feasible,2.9757345794749067e+19,3.701584320222508,111.17534712725002,2.2484627201192686,2.343811878074352,2.191107556377036,-0.06737146220598264,0.9348478761773423,2.469149530329139e+21,1.0787878907976696e+22,7.818588332740546e+19,1.3335214321633241e+22,1.0,budget,2.191107556377036,0.0,-1.3877787807814457e-17,convex_logN_reduction_floating_point
1.4330125702369628e+22,131072,power,0.5,0.6713607648391644,1.6754490814383751,0.5814185814185814,observed_512,direct_and_near,172,False,CYJ_v8_Q1_v2_derived_policy,no_joint_A_B_or_bridge_interval,conditional_v8_fixed_policy_feasible,2.9757345794749067e+19,3.8351672625894433,115.33218806481439,2.242353586613016,2.3368102122731056,2.184562063973037,-0.06737146220598264,0.9348478761773423,2.6539093919339103e+21,1.159510706065205e+22,8.110924978366659e+19,1.4330125702369628e+22,1.0,budget,2.1845620639730376,-4.1515585466160513e-16,2.7755575615628914e-17,convex_logN_reduction_floating_point
1.539926526059492e+22,131072,power,0.5,0.6713607648391644,1.6754490814383751,0.5814185814185814,observed_512,direct_and_near,172,False,CYJ_v8_Q1_v2_derived_policy,no_joint_A_B_or_bridge_interval,conditional_v8_fixed_policy_feasible,2.9757345794749067e+19,3.9737489124513483,119.63827784915331,2.2363130036958214,2.329876451344365,2.1780800522948827,-0.06737146220598264,0.9348478761773423,2.8524748589437514e+21,1.2462652823715845e+22,8.413757793532328e+19,1.5399265260594918e+22,0.9999999999999999,budget,2.1780800522948827,0.0,-1.3877787807814457e-17,convex_logN_reduction_floating_point
1.6548170999431814e+22,131072,power,0.5,0.6713607648391644,1.6754490814383751,0.5814185814185814,observed_512,direct_and_near,172,False,CYJ_v8_Q1_v2_derived_policy,no_joint_A_B_or_bridge_interval,conditional_v8_fixed_policy_feasible,2.9757345794749067e+19,4.117523105465377,124.09874600624762,2.2303401869265542,2.3230098076601644,2.1716607850302414,-0.06737146220598264,0.9348478761773423,3.065876724240023e+21,1.3395019799986275e+22,8.727447520551585e+19,1.6548170999431814e+22,1.0,budget,2.1716607850302414,0.0,-2.7755575615628914e-17,convex_logN_reduction_floating_point
1.7782794100389228e+22,131072,power,0.5,0.6713607648391644,1.6754490814383751,0.5814185814185814,observed_512,direct_and_near,172,False,CYJ_v8_Q1_v2_derived_policy,no_joint_A_B_or_bridge_interval,conditional_v8_fixed_policy_feasible,2.9757345794749067e+19,4.266691511291046,128.71888775441388,2.224434362108189,2.3162095036812542,2.1653035352981966,-0.06737146220598264,0.9348478761773423,3.295222714347496e+21,1.43970477204985e+22,9.052366554323293e+19,1.7782794100389228e+22,1.0,budget,2.1653035352981966,0.0,-4.163336342344337e-17,convex_logN_reduction_floating_point
1.9109529749704407e+22,131072,power,0.5,0.6713607648391644,1.6754490814383751,0.5814185814185814,observed_512,direct_and_near,172,False,CYJ_v8_Q1_v2_derived_policy,no_joint_A_B_or_bridge_interval,conditional_v8_fixed_policy_feasible,2.9757345794749067e+19,4.421463965429756,133.50416882904622,2.2185947651123556,2.3094747717832456,2.1590075854867194,-0.06737146220598264,0.9348478761773423,3.54170323027367e+21,1.5473937526614349e+22,9.388899281639006e+19,1.910952974970441e+22,1.0000000000000002,budget,2.1590075854867194,0.0,-2.7755575615628914e-17,convex_logN_reduction_floating_point
2.053525026457146e+22,131072,power,0.5,0.6713607648391644,1.6754490814383751,0.5814185814185814,observed_512,direct_and_near,172,False,CYJ_v8_Q1_v2_derived_policy,no_joint_A_B_or_bridge_interval,conditional_v8_fixed_policy_feasible,2.9757345794749067e+19,4.582058815852276,138.4602304216887,2.2128206417083414,2.302804854087159,2.152772227094255,-0.06737146220598264,0.9348478761773423,3.806597516691817e+21,1.663127832359433e+22,9.737442428531327e+19,2.053525026457146e+22,1.0,budget,2.152772227094255,0.0,-5.551115123125783e-17,convex_logN_reduction_floating_point
2.20673406908459e+22,131072,power,0.5,0.6713607648391644,1.6754490814383751,0.5814185814185814,observed_512,direct_and_near,172,False,CYJ_v8_Q1_v2_derived_policy,no_joint_A_B_or_bridge_interval,conditional_v8_fixed_policy_feasible,2.9757345794749067e+19,4.748703285109085,143.59289423479316,2.2071112473963836,2.2961990022942165,2.1465967605752807,-0.06737146220598264,0.9348478761773423,4.091280291426502e+21,1.7875076345261814e+22,1.0098405415758034e+20,2.20673406908459e+22,1.0,budget,2.1465967605752807,0.0,-1.3877787807814457e-17,convex_logN_reduction_floating_point
2.371373705661655e+22,131072,power,0.5,0.6713607648391644,1.6754490814383751,0.5814185814185814,observed_512,direct_and_near,172,False,CYJ_v8_Q1_v2_derived_policy,no_joint_A_B_or_bridge_interval,conditional_v8_fixed_policy_feasible,2.9757345794749067e+19,4.921633848652637,148.90816765346037,2.2014658472451347,2.2896564775247583,2.140480495189715,-0.06737146220598264,0.9348478761773423,4.3972288695846736e+21,1.921178607980674e+22,1.0472210722513234e+20,2.371373705661655e+22,1.0,budget,2.140480495189715,0.0,-1.3877787807814457e-17,convex_logN_reduction_floating_point
2.5482967479793465e+22,131072,power,0.5,0.6713607648391644,1.6754490814383751,0.5814185814185814,observed_512,direct_and_near,172,False,CYJ_v8_Q1_v2_derived_policy,no_joint_A_B_or_bridge_interval,conditional_v8_fixed_policy_feasible,2.9757345794749067e+19,5.1010966301371825,154.41224903538338,2.1958837157331477,2.283176550161133,2.1344227488560468,-0.06737146220598264,0.9348478761773423,4.726030819237785e+21,2.0648343717971168e+22,1.0859294258451297e+20,2.5482967479793465e+22,1.0,budget,2.1344227488560468,0.0,-1.3877787807814457e-17,convex_logN_reduction_floating_point
2.7384196342643614e+22,131072,power,0.5,0.6713607648391644,1.6754490814383751,0.5814185814185814,observed_512,direct_and_near,172,False,CYJ_v8_Q1_v2_derived_policy,no_joint_A_B_or_bridge_interval,conditional_v8_fixed_policy_feasible,2.9757345794749067e+19,5.2873478144994905,160.1115331201453,2.190364136594271,2.27675849969445,2.1284228480080687,-0.06737146220598264,0.9348478761773423,5.079392188313779e+21,2.2192203096888785e+22,1.1260105744104589e+20,2.7384196342643614e+22,1.0,budget,2.1284228480080687,0.0,-1.3877787807814457e-17,convex_logN_reduction_floating_point
2.942727176209282e+22,131072,power,0.5,0.6713607648391644,1.6754490814383751,0.5814185814185814,observed_512,direct_and_near,172,False,CYJ_v8_Q1_v2_derived_policy,no_joint_A_B_or_bridge_interval,conditional_v8_fixed_policy_feasible,2.9757345794749067e+19,5.4806540796642915,166.01261655893163,2.184906402666815,2.2704016145750505,2.122480127455095,-0.06737146220598264,0.9348478761773423,5.459146345316715e+21,2.385137432577841e+22,1.1675109099769528e+20,2.9427271762092822e+22,1.0000000000000002,budget,2.122480127455095,0.0,-1.3877787807814457e-17,convex_logN_reduction_floating_point
3.1622776601683792e+22,131072,power,0.5,0.6713607648391644,1.6754490814383751,0.5814185814185814,observed_512,direct_and_near,172,False,CYJ_v8_Q1_v2_derived_policy,no_joint_A_B_or_bridge_interval,conditional_v8_fixed_policy_feasible,2.9757345794749067e+19,5.68129304776018,172.12230356563393,2.1795098157463753,2.264105192066601,2.1165939302455556,-0.06737146220598264,0.9348478761773423,5.86726347967142e+21,2.5634465293583075e+22,1.2104782842929719e+20,3.1622776601683796e+22,1.0000000000000002,budget,2.1165939302455556,0.0,-1.3877787807814457e-17,convex_logN_reduction_floating_point
3.3982083289425593e+22,131072,power,0.5,0.6713607648391644,1.6754490814383751,0.5814185814185814,observed_512,direct_and_near,172,False,CYJ_v8_Q1_v2_derived_policy,no_joint_A_B_or_bridge_interval,conditional_v8_fixed_policy_feasible,2.9757345794749067e+19,5.889553756776441,178.4476116902182,2.174173686442198,2.257868538103668,2.1107636075338547,-0.06737146220598264,0.9348478761773423,6.305860810907449e+21,2.755072627357537e+22,1.254962049427753e+20,3.3982083289425593e+22,1.0,budget,2.1107636075338547,0.0,-1.3877787807814457e-17,convex_logN_reduction_floating_point
3.651741272548377e+22,131072,power,0.5,0.6713607648391644,1.6754490814383751,0.5814185814185814,observed_512,direct_and_near,172,False,CYJ_v8_Q1_v2_derived_policy,no_joint_A_B_or_bridge_interval,conditional_v8_fixed_policy_feasible,2.9757345794749067e+19,6.105737153637765,184.99577771513202,2.1688973340369695,2.2516909671526784,2.104988518450387,-0.06737146220598264,0.9348478761773423,6.777213559568369e+21,2.961009785599151e+22,1.3010130992388584e+20,3.6517412725483765e+22,0.9999999999999999,budget,2.1049885184503876,-4.1515585466160513e-16,0.0,convex_logN_reduction_floating_point
3.924189758484536e+22,131072,power,0.5,0.6713607648391644,1.6754490814383751,0.5814185814185814,observed_512,direct_and_near,172,False,CYJ_v8_Q1_v2_derived_policy,no_joint_A_B_or_bridge_interval,conditional_v8_fixed_policy_feasible,2.9757345794749067e+19,6.330156609723361,191.77426367540588,2.163680086349929,2.245571802076156,2.099268029974622,-0.06737146220598264,0.9348478761773423,7.283766736678207e+21,3.18232624569962e+22,1.348683911709524e+20,3.924189758484536e+22,1.0,budget,2.099268029974622,0.0,-1.3877787807814457e-17,convex_logN_reduction_floating_point
4.2169650342858225e+22,131072,power,0.5,0.6713607648391644,1.6754490814383751,0.5814185814185814,observed_512,direct_and_near,172,False,CYJ_v8_Q1_v2_derived_policy,no_joint_A_B_or_bridge_interval,conditional_v8_fixed_policy_feasible,2.9757345794749067e+19,6.563138459908631,198.79076300298706,2.1585212796031876,2.23951037400012,2.0936015168111375,-0.06737146220598264,0.9348478761773423,7.828147812836917e+21,3.420169967080535e+22,1.3980285921596934e+20,4.216965034285823e+22,1.0000000000000002,budget,2.0936015168111375,0.0,-1.3877787807814457e-17,convex_logN_reduction_floating_point
4.531583637600818e+22,131072,power,0.5,0.6713607648391644,1.6754490814383751,0.5814185814185814,observed_512,direct_and_near,172,False,CYJ_v8_Q1_v2_derived_policy,no_joint_A_B_or_bridge_interval,conditional_v8_fixed_policy_feasible,2.9757345794749067e+19,6.805022566262417,206.05320679571076,2.1534202582911695,2.233506022184555,2.0879883612685353,-0.06737146220598264,0.9348478761773423,8.413180332573289e+21,3.6757745751701533e+22,1.4491029173335843e+20,4.531583637600818e+22,1.0,budget,2.0879883612685353,0.0,-1.3877787807814457e-17,convex_logN_reduction_floating_point
4.869675251658631e+22,131072,power,0.5,0.6713607648391644,1.6754490814383751,0.5814185814185814,observed_512,direct_and_near,172,False,CYJ_v8_Q1_v2_derived_policy,no_joint_A_B_or_bridge_interval,conditional_v8_fixed_policy_feasible,2.9757345794749067e+19,7.05616290759021,213.5697702111777,2.14837637505306,2.2275580938968513,2.0824279531411203,-0.06737146220598264,0.9348478761773423,9.04189854448006e+21,3.9504657534069684e+22,1.501964380365679e+20,4.869675251658631e+22,1.0,budget,2.0824279531411203,0.0,-1.3877787807814457e-17,convex_logN_reduction_floating_point
5.2329911468149466e+22,131072,power,0.5,0.6713607648391644,1.6754490814383751,0.5814185814185814,observed_512,direct_and_near,172,False,CYJ_v8_Q1_v2_derived_policy,no_joint_A_B_or_bridge_interval,conditional_v8_fixed_policy_feasible,2.9757345794749067e+19,7.31692819607451,221.34887898565495,2.1433889905481736,2.2216659442881186,2.0769196895932773,-0.06737146220598264,0.9348478761773423,9.717563122917738e+21,4.2456681121569135e+22,1.5566722366259626e+20,5.232991146814947e+22,1.0000000000000002,budget,2.0769196895932773,0.0,-1.3877787807814457e-17,convex_logN_reduction_floating_point
5.623413251903491e+22,131072,power,0.5,0.6713607648391644,1.6754490814383751,0.5814185814185814,observed_512,direct_and_near,172,False,CYJ_v8_Q1_v2_derived_policy,no_joint_A_B_or_bridge_interval,conditional_v8_fixed_policy_feasible,2.9757345794749067e+19,7.587702522327304,229.39921607796174,2.1384574733341553,2.2158289362722874,2.0714629750464475,-0.06737146220598264,0.9348478761773423,1.044367806272794e+22,4.562912570126254e+22,1.613287550444138e+20,5.623413251903491e+22,1.0,budget,2.0714629750464475,0.0,-1.3877787807814457e-17,convex_logN_reduction_floating_point
6.042963902381329e+22,131072,power,0.5,0.6713607648391644,1.6754490814383751,0.5814185814185814,observed_512,direct_and_near,172,False,CYJ_v8_Q1_v2_derived_policy,no_joint_A_B_or_bridge_interval,conditional_v8_fixed_policy_feasible,2.9757345794749067e+19,7.868886030237077,237.7297284381311,2.1335811997479164,2.2100464404079077,2.0660572210686277,-0.06737146220598264,0.9348478761773423,1.1224008834473181e+22,4.903844286506896e+22,1.671873242711346e+20,6.042963902381329e+22,1.0,budget,2.066057221068628,-4.1515585466160513e-16,-1.3877787807814457e-17,convex_logN_reduction_floating_point
6.493816315762113e+22,131072,power,0.5,0.6713607648391644,1.6754490814383751,0.5814185814185814,observed_512,direct_and_near,172,False,CYJ_v8_Q1_v2_derived_policy,no_joint_A_B_or_bridge_interval,conditional_v8_fixed_policy_feasible,2.9757345794749067e+19,8.160895623063583,246.34963390046147,2.128759553789229,2.204317834782561,2.0607018462663147,-0.06737146220598264,0.9348478761773423,1.2062601894249552e+22,5.270231184943591e+22,1.732494139356681e+20,6.4938163157621126e+22,0.9999999999999999,budget,2.0607018462663147,0.0,-1.3877787807814457e-17,convex_logN_reduction_floating_point
6.978305848598663e+22,131072,power,0.5,0.6713607648391644,1.6754490814383751,0.5814185814185814,observed_512,direct_and_near,172,False,CYJ_v8_Q1_v2_derived_policy,no_joint_A_B_or_bridge_interval,conditional_v8_fixed_policy_feasible,2.9757345794749067e+19,8.464165702308508,255.26842820038232,2.1239919270068883,2.198642504899801,2.055396276178811,-0.06737146220598264,0.9348478761773423,1.2963805649135267e+22,5.663973113478192e+22,1.7952170206944467e+20,6.978305848598664e+22,1.0000000000000002,budget,2.055396276178811,0.0,-2.7755575615628914e-17,convex_logN_reduction_floating_point
7.498942093324558e+22,131072,power,0.5,0.6713607648391644,1.6754490814383751,0.5814185814185814,observed_512,direct_and_near,172,False,CYJ_v8_Q1_v2_derived_policy,no_joint_A_B_or_bridge_interval,conditional_v8_fixed_policy_feasible,2.9757345794749067e+19,8.77914894096904,264.49589211435244,2.119277718387374,2.193019843568558,2.050139943174834,-0.06737146220598264,0.9348478761773423,1.3932292986878273e+22,6.087111687920364e+22,1.8601106716366596e+20,7.498942093324557e+22,0.9999999999999999,budget,2.050139943174834,0.0,-4.163336342344337e-17,convex_logN_reduction_floating_point
8.058421877614818e+22,131072,power,0.5,0.6713607648391644,1.6754490814383751,0.5814185814185814,observed_512,direct_and_near,172,False,CYJ_v8_Q1_v2_derived_policy,no_joint_A_B_or_bridge_interval,conditional_v8_fixed_policy_feasible,2.9757345794749067e+19,9.106317092864348,274.0420987218044,2.1146163342459205,2.1874492507949053,2.0449322863513357,-0.06737146220598264,0.9348478761773423,1.497308548652872e+22,6.541840869634307e+22,1.9272459327638634e+20,8.058421877614818e+22,1.0,budget,2.044932286351336,-4.1515585466160513e-16,1.3877787807814457e-17,convex_logN_reduction_floating_point
8.659643233600654e+22,131072,power,0.5,0.6713607648391644,1.6754490814383751,0.5814185814185814,observed_512,direct_and_near,172,False,CYJ_v8_Q1_v2_derived_policy,no_joint_A_B_or_bridge_interval,conditional_v8_fixed_policy_feasible,2.9757345794749067e+19,9.446161839812639,283.9174207879197,2.110007188119938,2.1819301336761434,2.039772751434487,-0.06737146220598264,0.9348478761773423,1.609157943542925e+22,7.030518332535274e+22,1.9966957522457038e+20,8.659643233600656e+22,1.0000000000000002,budget,2.039772751434487,0.0,-1.3877787807814457e-17,convex_logN_reduction_floating_point
9.30572040929699e+22,131072,power,0.5,0.6713607648391644,1.6754490814383751,0.5814185814185814,observed_512,direct_and_near,172,False,CYJ_v8_Q1_v2_derived_policy,no_joint_A_B_or_bridge_interval,conditional_v8_fixed_policy_feasible,2.9757345794749067e+19,9.799195678529276,294.1325382657747,2.1054497006646926,2.176461906297109,2.0346607906827425,-0.06737146220598264,0.9348478761773423,1.729357378733296e+22,7.5556776781776855e+22,2.0685352386009973e+20,9.305720409296991e+22,1.0000000000000002,budget,2.0346607906827425,0.0,-1.3877787807814457e-17,convex_logN_reduction_floating_point
1.0000000000000001e+23,131072,power,0.5,0.6713607648391644,1.6754490814383751,0.5814185814185814,observed_512,direct_and_near,172,False,CYJ_v8_Q1_v2_derived_policy,no_joint_A_B_or_bridge_interval,conditional_v8_fixed_policy_feasible,2.9757345794749067e+19,10.329200552125151,299.893,2.1011899586744276,2.1710488459800703,2.029600402741739,-0.06737146220598264,0.9348478761773423,1.8585929647070806e+22,8.120316569002883e+22,2.1090466290038188e+20,1.0000000000000003e+23,1.0000000000000002,D_max;budget,2.029600402741739,0.0,-0.07449206322034203,convex_logN_reduction_floating_point
1.0746078283213175e+23,131072,power,0.5,0.6713607648391644,1.6754490814383751,0.5814185814185814,observed_512,direct_and_near,172,False,CYJ_v8_Q1_v2_derived_policy,no_joint_A_B_or_bridge_interval,conditional_v8_fixed_policy_feasible,2.9757345794749067e+19,11.101468522774747,299.893,2.097314746963776,2.1657254734165394,2.024623859206621,-0.06737146220598264,0.9348478761773423,1.997551619820292e+22,8.727436197102843e+22,2.1090466290038188e+20,1.0746078283213176e+23,1.0000000000000002,D_max;budget,2.024623859206621,0.0,-0.07317454771691723,convex_logN_reduction_floating_point
1.1547819846894582e+23,131072,power,0.5,0.6713607648391644,1.6754490814383751,0.5814185814185814,observed_512,direct_and_near,172,False,CYJ_v8_Q1_v2_derived_policy,no_joint_A_B_or_bridge_interval,conditional_v8_fixed_policy_feasible,2.9757345794749067e+19,11.931353729596621,299.893,2.093533905249198,2.1604966758378206,2.0197357288951947,-0.06737146220598264,0.9348478761773423,2.1468776784179514e+22,9.37985170218659e+22,2.1090466290038188e+20,1.154781984689458e+23,0.9999999999999999,D_max;budget,2.0197357288951947,0.0,-0.0718891166367881,convex_logN_reduction_floating_point
1.2409377607517195e+23,131072,power,0.5,0.6713607648391644,1.6754490814383751,0.5814185814185814,observed_512,direct_and_near,172,False,CYJ_v8_Q1_v2_derived_policy,no_joint_A_B_or_bridge_interval,conditional_v8_fixed_policy_feasible,2.9757345794749067e+19,11.965825,299.893,2.093384524595647,2.1602893513304946,2.0195419120198412,-0.06737146220598264,0.9348478761773423,2.1530802940349996e+22,9.406951343325183e+22,2.1090466290038188e+20,1.1581122103650222e+23,0.933255677273835,N_max;D_max,2.0195419120198412,0.0,-0.0718383293916875,convex_logN_reduction_floating_point
1.3335214321633241e+23,131072,power,0.5,0.6713607648391644,1.6754490814383751,0.5814185814185814,observed_512,direct_and_near,172,False,CYJ_v8_Q1_v2_derived_policy,no_joint_A_B_or_bridge_interval,conditional_v8_fixed_policy_feasible,2.9757345794749067e+19,11.965825,299.893,2.093384524595647,2.1602893513304946,2.0195419120198412,-0.06737146220598264,0.9348478761773423,2.1530802940349996e+22,9.406951343325183e+22,2.1090466290038188e+20,1.1581122103650222e+23,0.868461640309941,N_max;D_max,2.0195419120198412,0.0,-0.0718383293916875,convex_logN_reduction_floating_point
1.4330125702369627e+23,131072,power,0.5,0.6713607648391644,1.6754490814383751,0.5814185814185814,observed_512,direct_and_near,172,False,CYJ_v8_Q1_v2_derived_policy,no_joint_A_B_or_bridge_interval,conditional_v8_fixed_policy_feasible,2.9757345794749067e+19,11.965825,299.893,2.093384524595647,2.1602893513304946,2.0195419120198412,-0.06737146220598264,0.9348478761773423,2.1530802940349996e+22,9.406951343325183e+22,2.1090466290038188e+20,1.1581122103650222e+23,0.8081661210923761,N_max;D_max,2.0195419120198412,0.0,-0.0718383293916875,convex_logN_reduction_floating_point
1.539926526059492e+23,131072,power,0.5,0.6713607648391644,1.6754490814383751,0.5814185814185814,observed_512,direct_and_near,172,False,CYJ_v8_Q1_v2_derived_policy,no_joint_A_B_or_bridge_interval,conditional_v8_fixed_policy_feasible,2.9757345794749067e+19,11.965825,299.893,2.093384524595647,2.1602893513304946,2.0195419120198412,-0.06737146220598264,0.9348478761773423,2.1530802940349996e+22,9.406951343325183e+22,2.1090466290038188e+20,1.1581122103650222e+23,0.7520567967151706,N_max;D_max,2.0195419120198412,0.0,-0.0718383293916875,convex_logN_reduction_floating_point
1.6548170999431815e+23,131072,power,0.5,0.6713607648391644,1.6754490814383751,0.5814185814185814,observed_512,direct_and_near,172,False,CYJ_v8_Q1_v2_derived_policy,no_joint_A_B_or_bridge_interval,conditional_v8_fixed_policy_feasible,2.9757345794749067e+19,11.965825,299.893,2.093384524595647,2.1602893513304946,2.0195419120198412,-0.06737146220598264,0.9348478761773423,2.1530802940349996e+22,9.406951343325183e+22,2.1090466290038188e+20,1.1581122103650222e+23,0.699843028214288,N_max;D_max,2.0195419120198412,0.0,-0.0718383293916875,convex_logN_reduction_floating_point
1.7782794100389228e+23,131072,power,0.5,0.6713607648391644,1.6754490814383751,0.5814185814185814,observed_512,direct_and_near,172,False,CYJ_v8_Q1_v2_derived_policy,no_joint_A_B_or_bridge_interval,conditional_v8_fixed_policy_feasible,2.9757345794749067e+19,11.965825,299.893,2.093384524595647,2.1602893513304946,2.0195419120198412,-0.06737146220598264,0.9348478761773423,2.1530802940349996e+22,9.406951343325183e+22,2.1090466290038188e+20,1.1581122103650222e+23,0.651254355095791,N_max;D_max,2.0195419120198412,0.0,-0.0718383293916875,convex_logN_reduction_floating_point
1.9109529749704405e+23,131072,power,0.5,0.6713607648391644,1.6754490814383751,0.5814185814185814,observed_512,direct_and_near,172,False,CYJ_v8_Q1_v2_derived_policy,no_joint_A_B_or_bridge_interval,conditional_v8_fixed_policy_feasible,2.9757345794749067e+19,11.965825,299.893,2.093384524595647,2.1602893513304946,2.0195419120198412,-0.06737146220598264,0.9348478761773423,2.1530802940349996e+22,9.406951343325183e+22,2.1090466290038188e+20,1.1581122103650222e+23,0.606039094385845,N_max;D_max,2.0195419120198412,0.0,-0.0718383293916875,convex_logN_reduction_floating_point
2.053525026457146e+23,131072,power,0.5,0.6713607648391644,1.6754490814383751,0.5814185814185814,observed_512,direct_and_near,172,False,CYJ_v8_Q1_v2_derived_policy,no_joint_A_B_or_bridge_interval,conditional_v8_fixed_policy_feasible,2.9757345794749067e+19,11.965825,299.893,2.093384524595647,2.1602893513304946,2.0195419120198412,-0.06737146220598264,0.9348478761773423,2.1530802940349996e+22,9.406951343325183e+22,2.1090466290038188e+20,1.1581122103650222e+23,0.5639630369458224,N_max;D_max,2.0195419120198412,0.0,-0.0718383293916875,convex_logN_reduction_floating_point
2.2067340690845896e+23,131072,power,0.5,0.6713607648391644,1.6754490814383751,0.5814185814185814,observed_512,direct_and_near,172,False,CYJ_v8_Q1_v2_derived_policy,no_joint_A_B_or_bridge_interval,conditional_v8_fixed_policy_feasible,2.9757345794749067e+19,11.965825,299.893,2.093384524595647,2.1602893513304946,2.0195419120198412,-0.06737146220598264,0.9348478761773423,2.1530802940349996e+22,9.406951343325183e+22,2.1090466290038188e+20,1.1581122103650222e+23,0.5248082342995851,N_max;D_max,2.0195419120198412,0.0,-0.0718383293916875,convex_logN_reduction_floating_point
2.371373705661655e+23,131072,power,0.5,0.6713607648391644,1.6754490814383751,0.5814185814185814,observed_512,direct_and_near,172,False,CYJ_v8_Q1_v2_derived_policy,no_joint_A_B_or_bridge_interval,conditional_v8_fixed_policy_feasible,2.9757345794749067e+19,11.965825,299.893,2.093384524595647,2.1602893513304946,2.0195419120198412,-0.06737146220598264,0.9348478761773423,2.1530802940349996e+22,9.406951343325183e+22,2.1090466290038188e+20,1.1581122103650222e+23,0.4883718696888766,N_max;D_max,2.0195419120198412,0.0,-0.0718383293916875,convex_logN_reduction_floating_point
2.5482967479793466e+23,131072,power,0.5,0.6713607648391644,1.6754490814383751,0.5814185814185814,observed_512,direct_and_near,172,False,CYJ_v8_Q1_v2_derived_policy,no_joint_A_B_or_bridge_interval,conditional_v8_fixed_policy_feasible,2.9757345794749067e+19,11.965825,299.893,2.093384524595647,2.1602893513304946,2.0195419120198412,-0.06737146220598264,0.9348478761773423,2.1530802940349996e+22,9.406951343325183e+22,2.1090466290038188e+20,1.1581122103650222e+23,0.45446520750903086,N_max;D_max,2.0195419120198412,0.0,-0.0718383293916875,convex_logN_reduction_floating_point
2.738419634264361e+23,131072,power,0.5,0.6713607648391644,1.6754490814383751,0.5814185814185814,observed_512,direct_and_near,172,False,CYJ_v8_Q1_v2_derived_policy,no_joint_A_B_or_bridge_interval,conditional_v8_fixed_policy_feasible,2.9757345794749067e+19,11.965825,299.893,2.093384524595647,2.1602893513304946,2.0195419120198412,-0.06737146220598264,0.9348478761773423,2.1530802940349996e+22,9.406951343325183e+22,2.1090466290038188e+20,1.1581122103650222e+23,0.42291261568321803,N_max;D_max,2.0195419120198412,0.0,-0.0718383293916875,convex_logN_reduction_floating_point
2.942727176209282e+23,131072,power,0.5,0.6713607648391644,1.6754490814383751,0.5814185814185814,observed_512,direct_and_near,172,False,CYJ_v8_Q1_v2_derived_policy,no_joint_A_B_or_bridge_interval,conditional_v8_fixed_policy_feasible,2.9757345794749067e+19,11.965825,299.893,2.093384524595647,2.1602893513304946,2.0195419120198412,-0.06737146220598264,0.9348478761773423,2.1530802940349996e+22,9.406951343325183e+22,2.1090466290038188e+20,1.1581122103650222e+23,0.3935506559112496,N_max;D_max,2.0195419120198412,0.0,-0.0718383293916875,convex_logN_reduction_floating_point
3.162277660168379e+23,131072,power,0.5,0.6713607648391644,1.6754490814383751,0.5814185814185814,observed_512,direct_and_near,172,False,CYJ_v8_Q1_v2_derived_policy,no_joint_A_B_or_bridge_interval,conditional_v8_fixed_policy_feasible,2.9757345794749067e+19,11.965825,299.893,2.093384524595647,2.1602893513304946,2.0195419120198412,-0.06737146220598264,0.9348478761773423,2.1530802940349996e+22,9.406951343325183e+22,2.1090466290038188e+20,1.1581122103650222e+23,0.3662272370805532,N_max;D_max,2.0195419120198412,0.0,-0.0718383293916875,convex_logN_reduction_floating_point
3.3982083289425596e+23,131072,power,0.5,0.6713607648391644,1.6754490814383751,0.5814185814185814,observed_512,direct_and_near,172,False,CYJ_v8_Q1_v2_derived_policy,no_joint_A_B_or_bridge_interval,conditional_v8_fixed_policy_feasible,2.9757345794749067e+19,11.965825,299.893,2.093384524595647,2.1602893513304946,2.0195419120198412,-0.06737146220598264,0.9348478761773423,2.1530802940349996e+22,9.406951343325183e+22,2.1090466290038188e+20,1.1581122103650222e+23,0.3408008274540951,N_max;D_max,2.0195419120198412,0.0,-0.0718383293916875,convex_logN_reduction_floating_point
3.651741272548377e+23,131072,power,0.5,0.6713607648391644,1.6754490814383751,0.5814185814185814,observed_512,direct_and_near,172,False,CYJ_v8_Q1_v2_derived_policy,no_joint_A_B_or_bridge_interval,conditional_v8_fixed_policy_feasible,2.9757345794749067e+19,11.965825,299.893,2.093384524595647,2.1602893513304946,2.0195419120198412,-0.06737146220598264,0.9348478761773423,2.1530802940349996e+22,9.406951343325183e+22,2.1090466290038188e+20,1.1581122103650222e+23,0.31713972155448755,N_max;D_max,2.0195419120198412,0.0,-0.0718383293916875,convex_logN_reduction_floating_point
3.924189758484536e+23,131072,power,0.5,0.6713607648391644,1.6754490814383751,0.5814185814185814,observed_512,direct_and_near,172,False,CYJ_v8_Q1_v2_derived_policy,no_joint_A_B_or_bridge_interval,conditional_v8_fixed_policy_feasible,2.9757345794749067e+19,11.965825,299.893,2.093384524595647,2.1602893513304946,2.0195419120198412,-0.06737146220598264,0.9348478761773423,2.1530802940349996e+22,9.406951343325183e+22,2.1090466290038188e+20,1.1581122103650222e+23,0.2951213579468359,N_max;D_max,2.0195419120198412,0.0,-0.0718383293916875,convex_logN_reduction_floating_point
4.2169650342858225e+23,131072,power,0.5,0.6713607648391644,1.6754490814383751,0.5814185814185814,observed_512,direct_and_near,172,False,CYJ_v8_Q1_v2_derived_policy,no_joint_A_B_or_bridge_interval,conditional_v8_fixed_policy_feasible,2.9757345794749067e+19,11.965825,299.893,2.093384524595647,2.1602893513304946,2.0195419120198412,-0.06737146220598264,0.9348478761773423,2.1530802940349996e+22,9.406951343325183e+22,2.1090466290038188e+20,1.1581122103650222e+23,0.2746316843865313,N_max;D_max,2.0195419120198412,0.0,-0.0718383293916875,convex_logN_reduction_floating_point
4.531583637600818e+23,131072,power,0.5,0.6713607648391644,1.6754490814383751,0.5814185814185814,observed_512,direct_and_near,172,False,CYJ_v8_Q1_v2_derived_policy,no_joint_A_B_or_bridge_interval,conditional_v8_fixed_policy_feasible,2.9757345794749067e+19,11.965825,299.893,2.093384524595647,2.1602893513304946,2.0195419120198412,-0.06737146220598264,0.9348478761773423,2.1530802940349996e+22,9.406951343325183e+22,2.1090466290038188e+20,1.1581122103650222e+23,0.25556456704353536,N_max;D_max,2.0195419120198412,0.0,-0.0718383293916875,convex_logN_reduction_floating_point
4.869675251658631e+23,131072,power,0.5,0.6713607648391644,1.6754490814383751,0.5814185814185814,observed_512,direct_and_near,172,False,CYJ_v8_Q1_v2_derived_policy,no_joint_A_B_or_bridge_interval,conditional_v8_fixed_policy_feasible,2.9757345794749067e+19,11.965825,299.893,2.093384524595647,2.1602893513304946,2.0195419120198412,-0.06737146220598264,0.9348478761773423,2.1530802940349996e+22,9.406951343325183e+22,2.1090466290038188e+20,1.1581122103650222e+23,0.23782124074301764,N_max;D_max,2.0195419120198412,0.0,-0.0718383293916875,convex_logN_reduction_floating_point
5.232991146814947e+23,131072,power,0.5,0.6713607648391644,1.6754490814383751,0.5814185814185814,observed_512,direct_and_near,172,False,CYJ_v8_Q1_v2_derived_policy,no_joint_A_B_or_bridge_interval,conditional_v8_fixed_policy_feasible,2.9757345794749067e+19,11.965825,299.893,2.093384524595647,2.1602893513304946,2.0195419120198412,-0.06737146220598264,0.9348478761773423,2.1530802940349996e+22,9.406951343325183e+22,2.1090466290038188e+20,1.1581122103650222e+23,0.2213097973746632,N_max;D_max,2.0195419120198412,0.0,-0.0718383293916875,convex_logN_reduction_floating_point
5.623413251903491e+23,131072,power,0.5,0.6713607648391644,1.6754490814383751,0.5814185814185814,observed_512,direct_and_near,172,False,CYJ_v8_Q1_v2_derived_policy,no_joint_A_B_or_bridge_interval,conditional_v8_fixed_policy_feasible,2.9757345794749067e+19,11.965825,299.893,2.093384524595647,2.1602893513304946,2.0195419120198412,-0.06737146220598264,0.9348478761773423,2.1530802940349996e+22,9.406951343325183e+22,2.1090466290038188e+20,1.1581122103650222e+23,0.20594470982067847,N_max;D_max,2.0195419120198412,0.0,-0.0718383293916875,convex_logN_reduction_floating_point
6.042963902381328e+23,131072,power,0.5,0.6713607648391644,1.6754490814383751,0.5814185814185814,observed_512,direct_and_near,172,False,CYJ_v8_Q1_v2_derived_policy,no_joint_A_B_or_bridge_interval,conditional_v8_fixed_policy_feasible,2.9757345794749067e+19,11.965825,299.893,2.093384524595647,2.1602893513304946,2.0195419120198412,-0.06737146220598264,0.9348478761773423,2.1530802940349996e+22,9.406951343325183e+22,2.1090466290038188e+20,1.1581122103650222e+23,0.19164638893650338,N_max;D_max,2.0195419120198412,0.0,-0.0718383293916875,convex_logN_reduction_floating_point
6.493816315762113e+23,131072,power,0.5,0.6713607648391644,1.6754490814383751,0.5814185814185814,observed_512,direct_and_near,172,False,CYJ_v8_Q1_v2_derived_policy,no_joint_A_B_or_bridge_interval,conditional_v8_fixed_policy_feasible,2.9757345794749067e+19,11.965825,299.893,2.093384524595647,2.1602893513304946,2.0195419120198412,-0.06737146220598264,0.9348478761773423,2.1530802940349996e+22,9.406951343325183e+22,2.1090466290038188e+20,1.1581122103650222e+23,0.17834077128944884,N_max;D_max,2.0195419120198412,0.0,-0.0718383293916875,convex_logN_reduction_floating_point
6.978305848598663e+23,131072,power,0.5,0.6713607648391644,1.6754490814383751,0.5814185814185814,observed_512,direct_and_near,172,False,CYJ_v8_Q1_v2_derived_policy,no_joint_A_B_or_bridge_interval,conditional_v8_fixed_policy_feasible,2.9757345794749067e+19,11.965825,299.893,2.093384524595647,2.1602893513304946,2.0195419120198412,-0.06737146220598264,0.9348478761773423,2.1530802940349996e+22,9.406951343325183e+22,2.1090466290038188e+20,1.1581122103650222e+23,0.16595893551979907,N_max;D_max,2.0195419120198412,0.0,-0.0718383293916875,convex_logN_reduction_floating_point
7.498942093324558e+23,131072,power,0.5,0.6713607648391644,1.6754490814383751,0.5814185814185814,observed_512,direct_and_near,172,False,CYJ_v8_Q1_v2_derived_policy,no_joint_A_B_or_bridge_interval,conditional_v8_fixed_policy_feasible,2.9757345794749067e+19,11.965825,299.893,2.093384524595647,2.1602893513304946,2.0195419120198412,-0.06737146220598264,0.9348478761773423,2.1530802940349996e+22,9.406951343325183e+22,2.1090466290038188e+20,1.1581122103650222e+23,0.15443674533717971,N_max;D_max,2.0195419120198412,0.0,-0.0718383293916875,convex_logN_reduction_floating_point
8.058421877614818e+23,131072,power,0.5,0.6713607648391644,1.6754490814383751,0.5814185814185814,observed_512,direct_and_near,172,False,CYJ_v8_Q1_v2_derived_policy,no_joint_A_B_or_bridge_interval,conditional_v8_fixed_policy_feasible,2.9757345794749067e+19,11.965825,299.893,2.093384524595647,2.1602893513304946,2.0195419120198412,-0.06737146220598264,0.9348478761773423,2.1530802940349996e+22,9.406951343325183e+22,2.1090466290038188e+20,1.1581122103650222e+23,0.1437145173029595,N_max;D_max,2.0195419120198412,0.0,-0.0718383293916875,convex_logN_reduction_floating_point
8.659643233600654e+23,131072,power,0.5,0.6713607648391644,1.6754490814383751,0.5814185814185814,observed_512,direct_and_near,172,False,CYJ_v8_Q1_v2_derived_policy,no_joint_A_B_or_bridge_interval,conditional_v8_fixed_policy_feasible,2.9757345794749067e+19,11.965825,299.893,2.093384524595647,2.1602893513304946,2.0195419120198412,-0.06737146220598264,0.9348478761773423,2.1530802940349996e+22,9.406951343325183e+22,2.1090466290038188e+20,1.1581122103650222e+23,0.13373671167784157,N_max;D_max,2.0195419120198412,0.0,-0.0718383293916875,convex_logN_reduction_floating_point
9.30572040929699e+23,131072,power,0.5,0.6713607648391644,1.6754490814383751,0.5814185814185814,observed_512,direct_and_near,172,False,CYJ_v8_Q1_v2_derived_policy,no_joint_A_B_or_bridge_interval,conditional_v8_fixed_policy_feasible,2.9757345794749067e+19,11.965825,299.893,2.093384524595647,2.1602893513304946,2.0195419120198412,-0.06737146220598264,0.9348478761773423,2.1530802940349996e+22,9.406951343325183e+22,2.1090466290038188e+20,1.1581122103650222e+23,0.12445164473327573,N_max;D_max,2.0195419120198412,0.0,-0.0718383293916875,convex_logN_reduction_floating_point
1e+24,131072,power,0.5,0.6713607648391644,1.6754490814383751,0.5814185814185814,observed_512,direct_and_near,172,False,CYJ_v8_Q1_v2_derived_policy,no_joint_A_B_or_bridge_interval,conditional_v8_fixed_policy_feasible,2.9757345794749067e+19,11.965825,299.893,2.093384524595647,2.1602893513304946,2.0195419120198412,-0.06737146220598264,0.9348478761773423,2.1530802940349996e+22,9.406951343325183e+22,2.1090466290038188e+20,1.1581122103650222e+23,0.11581122103650222,N_max;D_max,2.0195419120198412,0.0,-0.0718383293916875,convex_logN_reduction_floating_point
1e+19,131072,logarithmic,0.5,0.6713607648391644,1.6754490814383751,0.5814185814185814,observed_512,direct_and_near,172,False,CYJ_v8_Q1_v2_derived_policy,no_joint_A_B_or_bridge_interval,infeasible_within_v8_support,2.7749212587739754e+19,,,,,,,,,,,,,,,,,
1.0746078283213175e+19,131072,logarithmic,0.5,0.6713607648391644,1.6754490814383751,0.5814185814185814,observed_512,direct_and_near,172,False,CYJ_v8_Q1_v2_derived_policy,no_joint_A_B_or_bridge_interval,infeasible_within_v8_support,2.7749212587739754e+19,,,,,,,,,,,,,,,,,
1.1547819846894582e+19,131072,logarithmic,0.5,0.6713607648391644,1.6754490814383751,0.5814185814185814,observed_512,direct_and_near,172,False,CYJ_v8_Q1_v2_derived_policy,no_joint_A_B_or_bridge_interval,infeasible_within_v8_support,2.7749212587739754e+19,,,,,,,,,,,,,,,,,
1.2409377607517196e+19,131072,logarithmic,0.5,0.6713607648391644,1.6754490814383751,0.5814185814185814,observed_512,direct_and_near,172,False,CYJ_v8_Q1_v2_derived_policy,no_joint_A_B_or_bridge_interval,infeasible_within_v8_support,2.7749212587739754e+19,,,,,,,,,,,,,,,,,
1.3335214321633241e+19,131072,logarithmic,0.5,0.6713607648391644,1.6754490814383751,0.5814185814185814,observed_512,direct_and_near,172,False,CYJ_v8_Q1_v2_derived_policy,no_joint_A_B_or_bridge_interval,infeasible_within_v8_support,2.7749212587739754e+19,,,,,,,,,,,,,,,,,
1.4330125702369628e+19,131072,logarithmic,0.5,0.6713607648391644,1.6754490814383751,0.5814185814185814,observed_512,direct_and_near,172,False,CYJ_v8_Q1_v2_derived_policy,no_joint_A_B_or_bridge_interval,infeasible_within_v8_support,2.7749212587739754e+19,,,,,,,,,,,,,,,,,
1.539926526059492e+19,131072,logarithmic,0.5,0.6713607648391644,1.6754490814383751,0.5814185814185814,observed_512,direct_and_near,172,False,CYJ_v8_Q1_v2_derived_policy,no_joint_A_B_or_bridge_interval,infeasible_within_v8_support,2.7749212587739754e+19,,,,,,,,,,,,,,,,,
1.6548170999431815e+19,131072,logarithmic,0.5,0.6713607648391644,1.6754490814383751,0.5814185814185814,observed_512,direct_and_near,172,False,CYJ_v8_Q1_v2_derived_policy,no_joint_A_B_or_bridge_interval,infeasible_within_v8_support,2.7749212587739754e+19,,,,,,,,,,,,,,,,,
1.7782794100389229e+19,131072,logarithmic,0.5,0.6713607648391644,1.6754490814383751,0.5814185814185814,observed_512,direct_and_near,172,False,CYJ_v8_Q1_v2_derived_policy,no_joint_A_B_or_bridge_interval,infeasible_within_v8_support,2.7749212587739754e+19,,,,,,,,,,,,,,,,,
1.9109529749704405e+19,131072,logarithmic,0.5,0.6713607648391644,1.6754490814383751,0.5814185814185814,observed_512,direct_and_near,172,False,CYJ_v8_Q1_v2_derived_policy,no_joint_A_B_or_bridge_interval,infeasible_within_v8_support,2.7749212587739754e+19,,,,,,,,,,,,,,,,,
2.053525026457146e+19,131072,logarithmic,0.5,0.6713607648391644,1.6754490814383751,0.5814185814185814,observed_512,direct_and_near,172,False,CYJ_v8_Q1_v2_derived_policy,no_joint_A_B_or_bridge_interval,infeasible_within_v8_support,2.7749212587739754e+19,,,,,,,,,,,,,,,,,
2.2067340690845897e+19,131072,logarithmic,0.5,0.6713607648391644,1.6754490814383751,0.5814185814185814,observed_512,direct_and_near,172,False,CYJ_v8_Q1_v2_derived_policy,no_joint_A_B_or_bridge_interval,infeasible_within_v8_support,2.7749212587739754e+19,,,,,,,,,,,,,,,,,
2.3713737056616554e+19,131072,logarithmic,0.5,0.6713607648391644,1.6754490814383751,0.5814185814185814,observed_512,direct_and_near,172,False,CYJ_v8_Q1_v2_derived_policy,no_joint_A_B_or_bridge_interval,infeasible_within_v8_support,2.7749212587739754e+19,,,,,,,,,,,,,,,,,
2.5482967479793463e+19,131072,logarithmic,0.5,0.6713607648391644,1.6754490814383751,0.5814185814185814,observed_512,direct_and_near,172,False,CYJ_v8_Q1_v2_derived_policy,no_joint_A_B_or_bridge_interval,infeasible_within_v8_support,2.7749212587739754e+19,,,,,,,,,,,,,,,,,
2.7384196342643614e+19,131072,logarithmic,0.5,0.6713607648391644,1.6754490814383751,0.5814185814185814,observed_512,direct_and_near,172,False,CYJ_v8_Q1_v2_derived_policy,no_joint_A_B_or_bridge_interval,infeasible_within_v8_support,2.7749212587739754e+19,,,,,,,,,,,,,,,,,
2.942727176209282e+19,131072,logarithmic,0.5,0.6713607648391644,1.6754490814383751,0.5814185814185814,observed_512,direct_and_near,172,False,CYJ_v8_Q1_v2_derived_policy,no_joint_A_B_or_bridge_interval,conditional_v8_fixed_policy_feasible,2.7749212587739754e+19,0.07575103438944404,10.000000000000002,3.1919570103287835,3.3772592645835733,3.1572236507962064,-0.06737146220598264,0.9348478761773423,4.545062063366643e+18,1.9857679158986424e+19,5.024530539739758e+18,2.9427271762092823e+19,1.0000000000000002,D_min;budget,3.1572236507962064,0.0,-0.15423879332280946,convex_logN_reduction_floating_point
3.162277660168379e+19,131072,logarithmic,0.5,0.6713607648391644,1.6754490814383751,0.5814185814185814,observed_512,direct_and_near,172,False,CYJ_v8_Q1_v2_derived_policy,no_joint_A_B_or_bridge_interval,conditional_v8_fixed_policy_feasible,2.7749212587739754e+19,0.08256632456896307,10.0,3.1673914661317744,3.3509634231257523,3.1326410392570665,-0.06737146220598264,0.9348478761773423,4.953979474137784e+18,2.1644266587806253e+19,5.024530539739757e+18,3.1622776601683796e+19,1.0000000000000002,D_min;budget,3.1326410392570665,0.0,-0.14366836803565716,convex_logN_reduction_floating_point
3.3982083289425592e+19,131072,logarithmic,0.5,0.6713607648391644,1.6754490814383751,0.5814185814185814,observed_512,direct_and_near,172,False,CYJ_v8_Q1_v2_derived_policy,no_joint_A_B_or_bridge_interval,conditional_v8_fixed_policy_feasible,2.7749212587739754e+19,0.0898900887481556,10.0,3.1438527079801815,3.3257177467951458,3.1090401723567385,-0.06737146220598264,0.9348478761773423,5.393405324889336e+18,2.3564147424796504e+19,5.024530539739757e+18,3.3982083289425592e+19,1.0,D_min;budget,3.1090401723567385,0.0,-0.1336010608473886,convex_logN_reduction_floating_point
3.651741272548377e+19,131072,logarithmic,0.5,0.6713607648391644,1.6754490814383751,0.5814185814185814,observed_512,direct_and_near,172,False,CYJ_v8_Q1_v2_derived_policy,no_joint_A_B_or_bridge_interval,conditional_v8_fixed_policy_feasible,2.7749212587739754e+19,0.09776026306789513,10.000000000000002,3.1212642736554432,3.30144358942358,3.0863475278919354,-0.06737146220598264,0.9348478761773423,5.865615784073709e+18,2.5627266401670308e+19,5.024530539739758e+18,3.6517412725483774e+19,1.0000000000000002,D_min;budget,3.0863475278919354,0.0,-0.12400018202057272,convex_logN_reduction_floating_point
3.924189758484536e+19,131072,logarithmic,0.5,0.6713607648391644,1.6754490814383751,0.5814185814185814,observed_512,direct_and_near,172,False,CYJ_v8_Q1_v2_derived_policy,no_joint_A_B_or_bridge_interval,conditional_v8_fixed_policy_feasible,2.7749212587739754e+19,0.10621761400214065,10.000000000000002,3.0995585410927475,3.2780713897247145,3.064498076641858,-0.06737146220598264,0.9348478761773423,6.37305684012844e+18,2.784431020497716e+19,5.024530539739758e+18,3.924189758484536e+19,1.0,D_min;budget,3.064498076641858,0.0,-0.11483278978280795,convex_logN_reduction_floating_point
4.216965034285823e+19,131072,logarithmic,0.5,0.6713607648391644,1.6754490814383751,0.5814185814185814,observed_512,direct_and_near,172,False,CYJ_v8_Q1_v2_derived_policy,no_joint_A_B_or_bridge_interval,conditional_v8_fixed_policy_feasible,2.7749212587739754e+19,0.11530594952294153,10.0,3.0786754199640636,3.255539329244218,3.0434340277557665,-0.06737146220598264,0.9348478761773423,6.918356971376492e+18,3.0226762831741985e+19,5.024530539739757e+18,4.2169650342858236e+19,1.0000000000000002,D_min;budget,3.0434340277557665,0.0,-0.10606919393781589,convex_logN_reduction_floating_point
4.531583637600818e+19,131072,logarithmic,0.5,0.6713607648391644,1.6754490814383751,0.5814185814185814,observed_512,direct_and_near,172,False,CYJ_v8_Q1_v2_derived_policy,no_joint_A_B_or_bridge_interval,conditional_v8_fixed_policy_feasible,2.7749212587739754e+19,0.1250723460200048,10.0,3.058561272962025,3.2337922255837928,3.02310379408581,-0.06737146220598264,0.9348478761773423,7.504340761200288e+18,3.278696507506814e+19,5.024530539739757e+18,4.531583637600819e+19,1.0000000000000002,D_min;budget,3.02310379408581,0.0,-0.09768254115022809,convex_logN_reduction_floating_point
4.869675251658631e+19,131072,logarithmic,0.5,0.6713607648391644,1.6754490814383751,0.5814185814185814,observed_512,direct_and_near,172,False,CYJ_v8_Q1_v2_derived_policy,no_joint_A_B_or_bridge_interval,conditional_v8_fixed_policy_feasible,2.7749212587739754e+19,0.13556739215023889,10.0,3.039168020427782,3.2127806134658794,3.0034611331223164,-0.06737146220598264,0.9348478761773423,8.134043529014333e+18,3.5538178447832224e+19,5.024530539739757e+18,4.8696752516586316e+19,1.0000000000000002,D_min;budget,3.0034611331223164,0.0,-0.08964846589492928,convex_logN_reduction_floating_point
5.2329911468149465e+19,131072,logarithmic,0.5,0.6713607648391644,1.6754490814383751,0.5814185814185814,observed_512,direct_and_near,172,False,CYJ_v8_Q1_v2_derived_policy,no_joint_A_B_or_bridge_interval,conditional_v8_fixed_policy_feasible,2.7749212587739754e+19,0.14684545088038173,10.000000000000002,3.0204523924801516,3.192459976955284,2.9844644292378146,-0.06737146220598264,0.9348478761773423,8.810727052822906e+18,3.849465387558679e+19,5.024530539739758e+18,5.232991146814946e+19,0.9999999999999999,D_min;budget,2.9844644292378146,0.0,-0.08194479465376422,convex_logN_reduction_floating_point
5.6234132519034905e+19,131072,logarithmic,0.5,0.6713607648391644,1.6754490814383751,0.5814185814185814,observed_512,direct_and_near,172,False,CYJ_v8_Q1_v2_derived_policy,no_joint_A_B_or_bridge_interval,conditional_v8_fixed_policy_feasible,2.7749212587739754e+19,0.1589649410800609,10.0,3.002375300686162,3.1727901042149735,2.966076090481857,-0.06737146220598264,0.9348478761773423,9.537896464803654e+18,4.167170551449149e+19,5.024530539739757e+18,5.62341325190349e+19,0.9999999999999999,D_min;budget,2.966076090481857,0.0,-0.07455129363847737,convex_logN_reduction_floating_point
6.042963902381328e+19,131072,logarithmic,0.5,0.6713607648391644,1.6754490814383751,0.5814185814185814,observed_512,direct_and_near,172,False,CYJ_v8_Q1_v2_derived_policy,no_joint_A_B_or_bridge_interval,conditional_v8_fixed_policy_feasible,2.7749212587739754e+19,0.17198864012389964,10.0,2.9849013072808366,3.153734542277377,2.9482620388751286,-0.06737146220598264,0.9348478761773423,1.0319318407433978e+19,4.508579007663955e+19,5.024530539739757e+18,6.042963902381328e+19,1.0,D_min;budget,2.9482620388751286,0.0,-0.06744945236265859,convex_logN_reduction_floating_point
6.493816315762113e+19,131072,logarithmic,0.5,0.6713607648391644,1.6754490814383751,0.5814185814185814,observed_512,direct_and_near,172,False,CYJ_v8_Q1_v2_derived_policy,no_joint_A_B_or_bridge_interval,conditional_v8_fixed_policy_feasible,2.7749212587739754e+19,0.18598400907010953,10.0,2.96799817450351,3.1352601339771726,2.9309912775120495,-0.06737146220598264,0.9348478761773423,1.1159040544206572e+19,4.875459207367479e+19,5.024530539739757e+18,6.493816315762112e+19,0.9999999999999999,D_min;budget,2.9309912775120495,0.0,-0.0606222969495005,convex_logN_reduction_floating_point
6.978305848598663e+19,131072,logarithmic,0.5,0.6713607648391644,1.6754490814383751,0.5814185814185814,observed_512,direct_and_near,172,False,CYJ_v8_Q1_v2_derived_policy,no_joint_A_B_or_bridge_interval,conditional_v8_fixed_policy_feasible,2.7749212587739754e+19,0.2010235420999518,10.0,2.9516364801312664,3.1173366227867025,2.9142355211419977,-0.06737146220598264,0.9348478761773423,1.2061412525997107e+19,5.269711542024977e+19,5.024530539739757e+18,6.978305848598663e+19,1.0,D_min;budget,2.9142355211419977,0.0,-0.05405422826958478,convex_logN_reduction_floating_point
7.498942093324558e+19,131072,logarithmic,0.5,0.6713607648391644,1.6754490814383751,0.5814185814185814,observed_512,direct_and_near,172,False,CYJ_v8_Q1_v2_derived_policy,no_joint_A_B_or_bridge_interval,conditional_v8_fixed_policy_feasible,2.7749212587739754e+19,0.2171851420281173,10.0,2.9357892880190737,3.099936314088273,2.897968879510441,-0.06737146220598264,0.9348478761773423,1.3031108521687038e+19,5.6933781871818785e+19,5.024530539739757e+18,7.498942093324558e+19,1.0,D_min;budget,2.897968879510441,0.0,-0.04773088094276898,convex_logN_reduction_floating_point
8.058421877614818e+19,131072,logarithmic,0.5,0.6713607648391644,1.6754490814383751,0.5814185814185814,observed_512,direct_and_near,172,False,CYJ_v8_Q1_v2_derived_policy,no_joint_A_B_or_bridge_interval,conditional_v8_fixed_policy_feasible,2.7749212587739754e+19,0.2345525238291212,10.0,2.9204318645920337,3.083033783604141,2.882167584785327,-0.06737146220598264,0.9348478761773423,1.4073151429747272e+19,6.148653680666115e+19,5.024530539739757e+18,8.058421877614818e+19,1.0,D_min;budget,2.882167584785327,0.0,-0.041638999975599694,convex_logN_reduction_floating_point
8.659643233600653e+19,131072,logarithmic,0.5,0.6713607648391644,1.6754490814383751,0.5814185814185814,observed_512,direct_and_near,172,False,CYJ_v8_Q1_v2_derived_policy,no_joint_A_B_or_bridge_interval,conditional_v8_fixed_policy_feasible,2.7749212587739754e+19,0.25321564826992515,10.0,2.905541433918674,3.066605625428741,2.8668097560055488,-0.06737146220598264,0.9348478761773423,1.519293889619551e+19,6.637896290007126e+19,5.024530539739757e+18,8.659643233600653e+19,1.0,D_min;budget,2.8668097560055488,0.0,-0.03576633238847471,convex_logN_reduction_floating_point
9.30572040929699e+19,131072,logarithmic,0.5,0.6713607648391644,1.6754490814383751,0.5814185814185814,observed_512,direct_and_near,172,False,CYJ_v8_Q1_v2_derived_policy,no_joint_A_B_or_bridge_interval,conditional_v8_fixed_policy_feasible,2.7749212587739754e+19,0.27327118789494803,10.0,2.891096965330157,3.050630233475904,2.851875194767339,-0.06737146220598264,0.9348478761773423,1.639627127369688e+19,7.1636402279533265e+19,5.024530539739757e+18,9.30572040929699e+19,1.0,D_min;budget,2.851875194767339,0.0,-0.030101531650675473,convex_logN_reduction_floating_point
1e+20,131072,logarithmic,0.5,0.6713607648391644,1.6754490814383751,0.5814185814185814,observed_512,direct_and_near,172,False,CYJ_v8_Q1_v2_derived_policy,no_joint_A_B_or_bridge_interval,conditional_v8_fixed_policy_feasible,2.7749212587739754e+19,0.294823027777206,10.0,2.877078988617148,3.0350876112466,2.837345207386047,-0.06737146220598264,0.9348478761773423,1.7689381666632358e+19,7.728608779362789e+19,5.024530539739757e+18,1.0000000000000002e+20,1.0000000000000002,D_min;budget,2.837345207386047,0.0,-0.02463407311314017,convex_logN_reduction_floating_point
1.0746078283213175e+20,131072,logarithmic,0.5,0.6713607648391644,1.6754490814383751,0.5814185814185814,observed_512,direct_and_near,172,False,CYJ_v8_Q1_v2_derived_policy,no_joint_A_B_or_bridge_interval,conditional_v8_fixed_policy_feasible,2.7749212587739754e+19,0.31798280362940795,10.0,2.8634694326932144,3.019959205700888,2.823202449591689,-0.06737146220598264,0.9348478761773423,1.907896821776448e+19,8.335728407462753e+19,5.024530539739757e+18,1.0746078283213175e+20,1.0,D_min;budget,2.823202449591689,0.0,-0.019354178928663673,convex_logN_reduction_floating_point
1.1547819846894582e+20,131072,logarithmic,0.5,0.6713607648391644,1.6754490814383751,0.5814185814185814,observed_512,direct_and_near,172,False,CYJ_v8_Q1_v2_derived_policy,no_joint_A_B_or_bridge_interval,conditional_v8_fixed_policy_feasible,2.7749212587739754e+19,0.3428704800623512,10.0,2.8502514843062423,3.0052277617274545,2.809430790480099,-0.06737146220598264,0.9348478761773423,2.0572228803741073e+19,8.988143912546499e+19,5.024530539739757e+18,1.1547819846894582e+20,1.0,D_min;budget,2.809430790480099,0.0,-0.014252751192497526,convex_logN_reduction_floating_point
1.2409377607517195e+20,131072,logarithmic,0.5,0.6713607648391644,1.6754490814383751,0.5814185814185814,observed_512,direct_and_near,172,False,CYJ_v8_Q1_v2_derived_policy,no_joint_A_B_or_bridge_interval,conditional_v8_fixed_policy_feasible,2.7749212587739754e+19,0.36961497198592,10.0,2.8374094639420133,2.990877194280753,2.7960151929806103,-0.06737146220598264,0.9348478761773423,2.2176898319155204e+19,9.689234721627701e+19,5.024530539739757e+18,1.2409377607517197e+20,1.0000000000000002,D_min;budget,2.7960151929806103,0.0,-0.009321312234900181,convex_logN_reduction_floating_point
1.333521432163324e+20,131072,logarithmic,0.5,0.6713607648391644,1.6754490814383751,0.5814185814185814,observed_512,direct_and_near,172,False,CYJ_v8_Q1_v2_derived_policy,no_joint_A_B_or_bridge_interval,conditional_v8_fixed_policy_feasible,2.7749212587739754e+19,0.39835481237146325,10.0,2.8249287165235866,2.976892475726775,2.782941608541486,-0.06737146220598264,0.9348478761773423,2.3901288742287794e+19,1.0442632393430486e+20,5.024530539739757e+18,1.3335214321633242e+20,1.0000000000000002,D_min;budget,2.782941608541486,0.0,-0.004551951160179368,convex_logN_reduction_floating_point
1.4330125702369627e+20,131072,logarithmic,0.5,0.6713607648391644,1.6754490814383751,0.5814185814185814,observed_512,direct_and_near,172,False,CYJ_v8_Q1_v2_derived_policy,no_joint_A_B_or_bridge_interval,conditional_v8_fixed_policy_feasible,2.7749212587739754e+19,0.4289904999723531,10.005586521763107,2.812786617773371,2.9632595181727264,2.770196867126068,-0.06737146220598264,0.9348478761773423,2.5753809386926756e+19,1.1252011013210879e+20,5.027337504660722e+18,1.4330125702369626e+20,0.9999999999999999,budget,2.770196867126068,0.0,-2.7755575615628914e-17,convex_logN_reduction_floating_point
1.539926526059492e+20,131072,logarithmic,0.5,0.6713607648391644,1.6754490814383751,0.5814185814185814,observed_512,direct_and_near,172,False,CYJ_v8_Q1_v2_derived_policy,no_joint_A_B_or_bridge_interval,conditional_v8_fixed_policy_feasible,2.7749212587739754e+19,0.443251007676375,10.417918465301709,2.8002516735385052,2.949869215406065,2.757678971023283,-0.06737146220598264,0.9348478761773423,2.7706517145811775e+19,1.2105162051119471e+20,5.234514948942717e+18,1.539926526059492e+20,1.0,budget,2.757678971023284,-8.303117093232103e-16,-2.7755575615628914e-17,convex_logN_reduction_floating_point
1.6548170999431814e+20,131072,logarithmic,0.5,0.6713607648391644,1.6754490814383751,0.5814185814185814,observed_512,direct_and_near,172,False,CYJ_v8_Q1_v2_derived_policy,no_joint_A_B_or_bridge_interval,conditional_v8_fixed_policy_feasible,2.7749212587739754e+19,0.4580120550093619,10.84625503268445,2.7878638020304827,2.936625271317492,2.745297898019869,-0.06737146220598264,0.9348478761773423,2.9806293340052627e+19,1.302256826889126e+20,5.449733965352906e+18,1.6548170999431814e+20,1.0,budget,2.745297898019869,0.0,-2.7755575615628914e-17,convex_logN_reduction_floating_point
1.778279410038923e+20,131072,logarithmic,0.5,0.6713607648391644,1.6754490814383751,0.5814185814185814,observed_512,direct_and_near,172,False,CYJ_v8_Q1_v2_derived_policy,no_joint_A_B_or_bridge_interval,conditional_v8_fixed_policy_feasible,2.7749212587739754e+19,0.473291667560424,11.291193320614497,2.7756210302583475,2.9235257208877923,2.7330518111217863,-0.06737146220598264,0.9348478761773423,3.206416629276454e+19,1.4009048014417445e+20,5.673294566953309e+18,1.778279410038923e+20,1.0,budget,2.7330518111217863,0.0,-2.7755575615628914e-17,convex_logN_reduction_floating_point
1.9109529749704406e+20,131072,logarithmic,0.5,0.6713607648391644,1.6754490814383751,0.5814185814185814,observed_512,direct_and_near,172,False,CYJ_v8_Q1_v2_derived_policy,no_joint_A_B_or_bridge_interval,conditional_v8_fixed_policy_feasible,2.7749212587739754e+19,0.4891085347929723,11.753352205567873,2.76352142048739,2.910568634131995,2.7209389060866838,-0.06737146220598264,0.9348478761773423,3.449198925702631e+19,1.506978005298984e+20,5.905507710119341e+18,1.9109529749704406e+20,1.0,budget,2.7209389060866838,0.0,-2.7755575615628914e-17,convex_logN_reduction_floating_point
2.053525026457146e+20,131072,logarithmic,0.5,0.6713607648391644,1.6754490814383751,0.5814185814185814,observed_512,direct_and_near,172,False,CYJ_v8_Q1_v2_derived_policy,no_joint_A_B_or_bridge_interval,conditional_v8_fixed_policy_feasible,2.7749212587739754e+19,0.505482035278723,12.233373114693975,2.7515630693888267,2.89775211524702,2.708957410627078,-0.06737146220598264,0.9348478761773423,3.710250204203713e+19,1.6210330492179638e+20,6.146695681881115e+18,2.053525026457146e+20,1.0,budget,2.708957410627078,0.0,-2.7755575615628914e-17,convex_logN_reduction_floating_point
2.20673406908459e+20,131072,logarithmic,0.5,0.6713607648391644,1.6754490814383751,0.5814185814185814,observed_512,direct_and_near,172,False,CYJ_v8_Q1_v2_derived_policy,no_joint_A_B_or_bridge_interval,conditional_v8_fixed_policy_feasible,2.7749212587739754e+19,0.5224322629274829,12.731920822426673,2.739744107211858,2.88507430178203,2.6971055836347597,-0.06737146220598264,0.9348478761773423,3.990939724004344e+19,1.7436681716823245e+20,6.397192500183134e+18,2.2067340690845902e+20,1.0000000000000002,budget,2.6971055836347597,-4.1515585466160513e-16,-8.326672684688674e-17,convex_logN_reduction_floating_point
2.3713737056616553e+20,131072,logarithmic,0.5,0.6713607648391644,1.6754490814383751,0.5814185814185814,observed_512,direct_and_near,172,False,CYJ_v8_Q1_v2_derived_policy,no_joint_A_B_or_bridge_interval,conditional_v8_fixed_policy_feasible,2.7749212587739754e+19,0.5399800542535652,13.249684273596303,2.7280626969776756,2.872533363831036,2.685381714426001,-0.06737146220598264,0.9348478761773423,4.292739139739485e+19,1.8755263484131125e+20,6.65734432745942e+18,2.3713737056616553e+20,1.0,budget,2.685381714426001,0.0,-2.7755575615628914e-17,convex_logN_reduction_floating_point
2.5482967479793464e+20,131072,logarithmic,0.5,0.6713607648391644,1.6754490814383751,0.5814185814185814,observed_512,direct_and_near,172,False,CYJ_v8_Q1_v2_derived_policy,no_joint_A_B_or_bridge_interval,conditional_v8_fixed_policy_feasible,2.7749212587739754e+19,0.5581470167214391,13.787377433854166,2.7165170336949442,2.8601275032472766,2.6737841220071212,-0.06737146220598264,0.9348478761773423,4.6172301498709156e+19,2.0172986340129355e+20,6.927509897931902e+18,2.5482967479793464e+20,1.0,budget,2.6737841220071212,0.0,-2.7755575615628914e-17,convex_logN_reduction_floating_point
2.7384196342643612e+20,131072,logarithmic,0.5,0.6713607648391644,1.6754490814383751,0.5814185814185814,observed_512,direct_and_near,172,False,CYJ_v8_Q1_v2_derived_policy,no_joint_A_B_or_bridge_interval,conditional_v8_fixed_policy_feasible,2.7749212587739754e+19,0.5769555582150627,14.345740168242159,2.7051053435963297,2.847854952878917,2.6623111543599807,-0.06737146220598264,0.9348478761773423,4.966112716065841e+19,2.1697277530672733e+20,7.208060959050409e+18,2.7384196342643612e+20,1.0,budget,2.6623111543599807,0.0,-2.7755575615628914e-17,convex_logN_reduction_floating_point
2.942727176209282e+20,131072,logarithmic,0.5,0.6713607648391644,1.6754490814383751,0.5814185814185814,observed_512,direct_and_near,172,False,CYJ_v8_Q1_v2_derived_policy,no_joint_A_B_or_bridge_interval,conditional_v8_fixed_policy_feasible,2.7749212587739754e+19,0.596428917677245,14.925539148762658,2.6938258833956117,2.8357139758256054,2.6509611877469745,-0.06737146220598264,0.9348478761773423,5.341213896147517e+19,2.333611959319491e+20,7.49938272750393e+18,2.942727176209282e+20,1.0,budget,2.650961187746975,-4.1515585466160513e-16,2.7755575615628914e-17,convex_logN_reduction_floating_point
3.1622776601683794e+20,131072,logarithmic,0.5,0.6713607648391644,1.6754490814383751,0.5814185814185814,observed_512,direct_and_near,172,False,CYJ_v8_Q1_v2_derived_policy,no_joint_A_B_or_bridge_interval,conditional_v8_fixed_policy_feasible,2.7749212587739754e+19,0.6165911969674127,15.527568791825228,2.6826769395649315,2.8237028647154157,2.6397326260350837,-0.06737146220598264,0.9348478761773423,5.744497336407216e+19,2.509809182925222e+20,7.801874360243582e+18,3.1622776601683794e+20,1.0,budget,2.6397326260350837,0.0,-2.7755575615628914e-17,convex_logN_reduction_floating_point
3.3982083289425596e+20,131072,logarithmic,0.5,0.6713607648391644,1.6754490814383751,0.5814185814185814,observed_512,direct_and_near,172,False,CYJ_v8_Q1_v2_derived_policy,no_joint_A_B_or_bridge_interval,conditional_v8_fixed_policy_feasible,2.7749212587739754e+19,0.6374673939882294,16.1526522264697,2.6716568276317245,2.8118199410017084,2.628623900038547,-0.06737146220598264,0.9348478761773423,6.178073472483487e+19,2.6992414872845186e+20,8.11594944096924e+18,3.3982083289425596e+20,1.0,budget,2.6286239000385474,-4.1515585466160513e-16,-2.7755575615628914e-17,convex_logN_reduction_floating_point
3.651741272548377e+20,131072,logarithmic,0.5,0.6713607648391644,1.6754490814383751,0.5814185814185814,observed_512,direct_and_near,172,False,CYJ_v8_Q1_v2_derived_policy,no_joint_A_B_or_bridge_interval,conditional_v8_fixed_policy_feasible,2.7749212587739754e+19,0.6590834371337188,16.801642294287667,2.6607638914948994,2.800063554279471,2.617633466879744,-0.06737146220598264,0.9348478761773423,6.6442104916862255e+19,2.9028998585543233e+20,8.442036482543154e+18,3.651741272548377e+20,1.0,budget,2.617633466879744,0.0,-2.7755575615628914e-17,convex_logN_reduction_floating_point
3.924189758484536e+20,131072,logarithmic,0.5,0.6713607648391644,1.6754490814383751,0.5814185814185814,observed_512,direct_and_near,172,False,CYJ_v8_Q1_v2_derived_policy,no_joint_A_B_or_bridge_interval,conditional_v8_fixed_policy_feasible,2.7749212587739754e+19,0.6814662211138298,17.475422581987562,2.6499965027598007,2.788432081620646,2.606759809367827,-0.06737146220598264,0.9348478761773423,7.145346113588611e+19,3.1218493526676216e+20,8.78057944580543e+18,3.9241897584845364e+20,1.0000000000000002,budget,2.606759809367827,0.0,-2.7755575615628914e-17,convex_logN_reduction_floating_point
4.216965034285823e+20,131072,logarithmic,0.5,0.6713607648391644,1.6754490814383751,0.5814185814185814,observed_512,direct_and_near,172,False,CYJ_v8_Q1_v2_derived_policy,no_joint_A_B_or_bridge_interval,conditional_v8_fixed_policy_feasible,2.7749212587739754e+19,0.7046436442127827,18.17490848757165,2.6393530600915276,2.7769239269280197,2.5960014353947045,-0.06737146220598264,0.9348478761773423,7.684100249949793e+19,3.357234626538064e+20,9.132038275277907e+18,4.216965034285823e+20,1.0,budget,2.5960014353947045,0.0,-8.326672684688674e-17,convex_logN_reduction_floating_point
4.5315836376008176e+20,131072,logarithmic,0.5,0.6713607648391644,1.6754490814383751,0.5814185814185814,observed_512,direct_and_near,172,False,CYJ_v8_Q1_v2_derived_policy,no_joint_A_B_or_bridge_interval,conditional_v8_fixed_policy_feasible,2.7749212587739754e+19,0.7286446470410196,18.901048321117415,2.6288319885861586,2.765537520307196,2.585356877347936,-0.06737146220598264,0.9348478761773423,8.263288609587513e+19,3.6102858821195157e+20,9.496889452255132e+18,4.5315836376008176e+20,1.0,budget,2.585356877347936,0.0,-5.551115123125783e-17,convex_logN_reduction_floating_point
4.8696752516586314e+20,131072,logarithmic,0.5,0.6713607648391644,1.6754490814383751,0.5814185814185814,observed_512,direct_and_near,172,False,CYJ_v8_Q1_v2_derived_policy,no_joint_A_B_or_bridge_interval,conditional_v8_fixed_policy_feasible,2.7749212587739754e+19,0.7534992528432347,19.654824441178846,2.6184317391594467,2.7542713174562197,2.5748246915401176,-0.06737146220598264,0.9348478761773423,8.885937318715926e+19,3.882325254129112e+20,9.875626565792651e+18,4.8696752516586314e+20,1.0,budget,2.5748246915401176,0.0,-2.7755575615628914e-17,convex_logN_reduction_floating_point
5.232991146814947e+20,131072,logarithmic,0.5,0.6713607648391644,1.6754490814383751,0.5814185814185814,observed_512,direct_and_near,172,False,CYJ_v8_Q1_v2_derived_policy,no_joint_A_B_or_bridge_interval,conditional_v8_fixed_policy_feasible,2.7749212587739754e+19,0.77923860942767,20.43725442784796,2.6081507879525585,2.7431237990723987,2.564403457654355,-0.06737146220598264,0.9348478761773423,9.555298632525442e+19,4.1747736745412493e+20,1.0268760902115365e+19,5.232991146814947e+20,1.0,budget,2.564403457654355,0.0,-2.7755575615628914e-17,convex_logN_reduction_floating_point
5.6234132519034906e+20,131072,logarithmic,0.5,0.6713607648391644,1.6754490814383751,0.5814185814185814,observed_512,direct_and_near,172,False,CYJ_v8_Q1_v2_derived_policy,no_joint_A_B_or_bridge_interval,conditional_v8_fixed_policy_feasible,2.7749212587739754e+19,0.8058950327847416,21.249392293541007,2.5979876357544143,2.73209347027588,2.5540917782053913,-0.06737146220598264,0.9348478761773423,1.0274867819435439e+20,4.4891582494301395e+20,1.0676822052980742e+19,5.6234132519034906e+20,1.0,budget,2.5540917782053913,0.0,-2.7755575615628914e-17,convex_logN_reduction_floating_point
6.042963902381328e+20,131072,logarithmic,0.5,0.6713607648391644,1.6754490814383751,0.5814185814185814,observed_512,direct_and_near,172,False,CYJ_v8_Q1_v2_derived_policy,no_joint_A_B_or_bridge_interval,conditional_v8_fixed_policy_feasible,2.7749212587739754e+19,0.8335020524660623,22.09232973259809,2.587940807440225,2.721178860049556,2.543888278016009,-0.06737146220598264,0.9348478761773423,1.1048401305526513e+20,4.8271201863932366e+20,1.1100358543543976e+19,6.042963902381329e+20,1.0000000000000002,budget,2.543888278016009,0.0,-2.7755575615628914e-17,convex_logN_reduction_floating_point
6.493816315762113e+20,131072,logarithmic,0.5,0.6713607648391644,1.6754490814383751,0.5814185814185814,observed_512,direct_and_near,172,False,CYJ_v8_Q1_v2_derived_policy,no_joint_A_B_or_bridge_interval,conditional_v8_fixed_policy_feasible,2.7749212587739754e+19,0.8620944587980561,22.967197410810087,2.5780088514257837,2.7103785206948543,2.5337916037082713,-0.06737146220598264,0.9348478761773423,1.1879936173188263e+20,5.19042331364044e+20,1.1539938480284715e+19,6.493816315762113e+20,1.0,budget,2.5337916037082713,0.0,-2.7755575615628914e-17,convex_logN_reduction_floating_point
6.978305848598663e+20,131072,logarithmic,0.5,0.6713607648391644,1.6754490814383751,0.5814185814185814,observed_512,direct_and_near,172,False,CYJ_v8_Q1_v2_derived_policy,no_joint_A_B_or_bridge_interval,conditional_v8_fixed_policy_feasible,2.7749212587739754e+19,0.8917083520076448,23.875166296011393,2.5681903391371206,2.699691027303002,2.5238004232092393,-0.06737146220598264,0.9348478761773423,1.2773811115034868e+20,5.5809632348995014e+20,1.1996150219567458e+19,6.978305848598663e+20,1.0,budget,2.5238004232092393,0.0,-2.7755575615628914e-17,convex_logN_reduction_floating_point
7.498942093324558e+20,131072,logarithmic,0.5,0.6713607648391644,1.6754490814383751,0.5814185814185814,observed_512,direct_and_near,172,False,CYJ_v8_Q1_v2_derived_policy,no_joint_A_B_or_bridge_interval,conditional_v8_fixed_policy_feasible,2.7749212587739754e+19,0.9223811933409256,24.81744903090212,2.5584838644950967,2.689114977241336,2.513913425270745,-0.06737146220598264,0.9348478761773423,1.3734688951680659e+20,6.00077716758229e+20,1.2469603057420253e+19,7.498942093324558e+20,1.0,budget,2.513913425270745,0.0,-5.551115123125783e-17,convex_logN_reduction_floating_point
8.058421877614818e+20,131072,logarithmic,0.5,0.6713607648391644,1.6754490814383751,0.5814185814185814,observed_512,direct_and_near,172,False,CYJ_v8_Q1_v2_derived_policy,no_joint_A_B_or_bridge_interval,conditional_v8_fixed_policy_feasible,2.7749212587739754e+19,0.954151858259348,25.79530134928859,2.5488880434145442,2.6786489896542536,2.5041293190028626,-0.06737146220598264,0.9348478761773423,1.4767580830070145e+20,6.452054515196513e+20,1.2960927941129066e+19,8.058421877614818e+20,1.0,budget,2.5041293190028626,0.0,-2.7755575615628914e-17,convex_logN_reduction_floating_point
8.659643233600653e+20,131072,logarithmic,0.5,0.6713607648391644,1.6754490814383751,0.5814185814185814,observed_512,direct_and_near,172,False,CYJ_v8_Q1_v2_derived_policy,no_joint_A_B_or_bridge_interval,conditional_v8_fixed_policy_feasible,2.7749212587739754e+19,0.9870606918016612,26.810023536956262,2.5394015133175527,2.6682917049783925,2.4944468334206698,-0.06737146220598264,0.9348478761773423,1.5877872227764122e+20,6.937148228791663e+20,1.3470778203257844e+19,8.659643233600653e+20,1.0,budget,2.4944468334206698,0.0,-2.7755575615628914e-17,convex_logN_reduction_floating_point
9.30572040929699e+20,131072,logarithmic,0.5,0.6713607648391644,1.6754490814383751,0.5814185814185814,observed_512,direct_and_near,172,False,CYJ_v8_Q1_v2_derived_policy,no_joint_A_B_or_bridge_interval,conditional_v8_fixed_policy_feasible,2.7749212587739754e+19,1.0211495662038503,27.86296193841434,2.530022932660516,2.6580417844716493,2.4848647170039544,-0.06737146220598264,0.9348478761773423,1.707135089793972e+20,7.458587016315849e+20,1.399983031871693e+19,9.30572040929699e+20,1.0,budget,2.4848647170039544,0.0,-2.7755575615628914e-17,convex_logN_reduction_floating_point
1e+21,131072,logarithmic,0.5,0.6713607648391644,1.6754490814383751,0.5814185814185814,observed_512,direct_and_near,172,False,CYJ_v8_Q1_v2_derived_policy,no_joint_A_B_or_bridge_interval,conditional_v8_fixed_policy_feasible,2.7749212587739754e+19,1.0564619408733826,28.955510510777124,2.5207509804745527,2.647897909755634,2.4753817372694784,-0.06737146220598264,0.9348478761773423,1.835423689991714e+20,8.01908846315313e+20,1.4548784685515518e+19,1e+21,1.0,budget,2.4753817372694784,0.0,-8.326672684688674e-17,convex_logN_reduction_floating_point
1.0746078283213176e+21,131072,logarithmic,0.5,0.6713607648391644,1.6754490814383751,0.5814185814185814,observed_512,direct_and_near,172,False,CYJ_v8_Q1_v2_derived_policy,no_joint_A_B_or_bridge_interval,conditional_v8_fixed_policy_feasible,2.7749212587739754e+19,1.0930429248184308,30.089112426071893,2.5115843559189304,2.637858782371191,2.4659966803554583,-0.06737146220598264,0.9348478761773423,1.9733214870830527e+20,8.621573131831662e+20,1.5118366429846122e+19,1.0746078283213177e+21,1.0000000000000002,budget,2.4659966803554583,0.0,-2.7755575615628914e-17,convex_logN_reduction_floating_point
1.1547819846894581e+21,131072,logarithmic,0.5,0.6713607648391644,1.6754490814383751,0.5814185814185814,observed_512,direct_and_near,172,False,CYJ_v8_Q1_v2_derived_policy,no_joint_A_B_or_bridge_interval,conditional_v8_fixed_policy_feasible,2.7749212587739754e+19,1.1309393416372209,31.265261723289267,2.50252177784712,2.627923123346599,2.4567083506178964,-0.06737146220598264,0.9348478761773423,2.12154687056713e+20,9.26917971396583e+20,1.5709326236162339e+19,1.1547819846894581e+21,1.0,budget,2.4567083506178964,0.0,-2.7755575615628914e-17,convex_logN_reduction_floating_point
1.2409377607517195e+21,131072,logarithmic,0.5,0.6713607648391644,1.6754490814383751,0.5814185814185814,observed_512,direct_and_near,172,False,CYJ_v8_Q1_v2_derived_policy,no_joint_A_B_or_bridge_interval,conditional_v8_fixed_policy_feasible,2.7749212587739754e+19,1.1701997971774367,32.48550501151616,2.493561984385121,2.6180896727780825,2.4475155702384237,-0.06737146220598264,0.9348478761773423,2.280871882540969e+20,9.965281312946996e+20,1.6322441202923186e+19,1.2409377607517195e+21,1.0,budget,2.4475155702384237,0.0,-5.551115123125783e-17,convex_logN_reduction_floating_point
1.333521432163324e+21,131072,logarithmic,0.5,0.6713607648391644,1.6754490814383751,0.5814185814185814,observed_512,direct_and_near,172,False,CYJ_v8_Q1_v2_derived_policy,no_joint_A_B_or_bridge_interval,conditional_v8_fixed_policy_feasible,2.7749212587739754e+19,1.2108747499805046,33.751443225517896,2.4847037325217065,2.6083571894222786,2.438417178843319,-0.06737146220598264,0.9348478761773423,2.4521262226308107e+20,1.071350294175552e+21,1.6958515724690719e+19,1.3335214321633237e+21,0.9999999999999998,budget,2.438417178843319,0.0,-2.7755575615628914e-17,convex_logN_reduction_floating_point
1.4330125702369627e+21,131072,logarithmic,0.5,0.6713607648391644,1.6754490814383751,0.5814185814185814,observed_512,direct_and_near,172,False,CYJ_v8_Q1_v2_derived_policy,no_joint_A_B_or_bridge_interval,conditional_v8_fixed_policy_feasible,2.7749212587739754e+19,1.2530165846308423,35.064733435159674,2.4759457977102333,2.5987244503003017,2.4294120331333686,-0.06737146220598264,0.9348478761773423,2.636201551794881e+20,1.1517740326561954e+21,1.7618382401279353e+19,1.4330125702369627e+21,1.0,budget,2.4294120331333686,0.0,-2.7755575615628914e-17,convex_logN_reduction_floating_point
1.539926526059492e+21,131072,logarithmic,0.5,0.6713607648391644,1.6754490814383751,0.5814185814185814,observed_512,direct_and_near,172,False,CYJ_v8_Q1_v2_derived_policy,no_joint_A_B_or_bridge_interval,conditional_v8_fixed_policy_feasible,2.7749212587739754e+19,1.2966796881355334,36.427090710083434,2.467286973481688,2.589190250313061,2.4204990065242464,-0.06737146220598264,0.9348478761773423,2.8340561172981465e+20,1.2382180113550087e+21,1.830290297466846e+19,1.5399265260594916e+21,0.9999999999999998,budget,2.4204990065242464,0.0,-2.7755575615628914e-17,convex_logN_reduction_floating_point
1.6548170999431815e+21,131072,logarithmic,0.5,0.6713607648391644,1.6754490814383751,0.5814185814185814,observed_512,direct_and_near,172,False,CYJ_v8_Q1_v2_derived_policy,no_joint_A_B_or_bridge_interval,conditional_v8_fixed_policy_feasible,2.7749212587739754e+19,1.3419205294656298,37.840290041079996,2.4587260710686287,2.5797534018674915,2.4116769887970984,-0.06737146220598264,0.9348478761773423,3.0467197228235443e+20,1.3311321583664253e+21,1.9012969294401663e+19,1.6548170999431813e+21,0.9999999999999999,budget,2.4116769887970984,0.0,-2.7755575615628914e-17,convex_logN_reduction_floating_point
1.7782794100389228e+21,131072,logarithmic,0.5,0.6713607648391644,1.6754490814383751,0.5814185814185814,observed_512,direct_and_near,172,False,CYJ_v8_Q1_v2_derived_policy,no_joint_A_B_or_bridge_interval,conditional_v8_fixed_policy_feasible,2.7749212587739754e+19,1.3887977423962246,39.306168319620845,2.450261919039704,2.5704127345133734,2.402944885759022,-0.06737146220598264,0.9348478761773423,3.275299069472126e+20,1.4309999987795016e+21,1.9749504312208626e+19,1.7782794100389225e+21,0.9999999999999999,budget,2.402944885759022,0.0,-5.551115123125783e-17,convex_logN_reduction_floating_point
1.9109529749704406e+21,131072,logarithmic,0.5,0.6713607648391644,1.6754490814383751,0.5814185814185814,observed_512,direct_and_near,172,False,CYJ_v8_Q1_v2_derived_policy,no_joint_A_B_or_bridge_interval,conditional_v8_fixed_policy_feasible,2.7749212587739754e+19,1.4373722117887107,40.8266263770375,2.4418933629444277,2.561167094590411,2.39430161891314,-0.06737146220598264,0.9348478761773423,3.5209834953260224e+20,1.5383411623312412e+21,2.0513463106596962e+19,1.9109529749704406e+21,1.0,budget,2.39430161891314,0.0,-5.551115123125783e-17,convex_logN_reduction_floating_point
2.053525026457146e+21,131072,logarithmic,0.5,0.6713607648391644,1.6754490814383751,0.5814185814185814,observed_512,direct_and_near,172,False,CYJ_v8_Q1_v2_derived_policy,no_joint_A_B_or_bridge_interval,conditional_v8_fixed_policy_feasible,2.7749212587739754e+19,1.487707163465175,42.40363108486032,2.4336192649679047,2.5520153448852625,2.3857461251379752,-0.06737146220598264,0.9348478761773423,3.7850511433128765e+20,1.6537140781876844e+21,2.130583393817388e+19,2.0535250264571458e+21,0.9999999999999999,budget,2.3857461251379752,0.0,-2.7755575615628914e-17,convex_logN_reduction_floating_point
2.20673406908459e+21,131072,logarithmic,0.5,0.6713607648391644,1.6754490814383751,0.5814185814185814,observed_512,direct_and_near,172,False,CYJ_v8_Q1_v2_derived_policy,no_joint_A_B_or_bridge_interval,conditional_v8_fixed_policy_feasible,2.7749212587739754e+19,1.5398682578317713,44.03921751785061,2.425438503595204,2.542956364298214,2.3772773563758416,-0.06737146220598264,0.9348478761773423,4.0688755893292224e+20,1.7777188708151995e+21,2.2127639336468247e+19,2.20673406908459e+21,1.0,budget,2.3772773563758416,0.0,-1.3877787807814457e-17,convex_logN_reduction_floating_point
2.3713737056616553e+21,131072,logarithmic,0.5,0.6713607648391644,1.6754490814383751,0.5814185814185814,observed_512,direct_and_near,172,False,CYJ_v8_Q1_v2_derived_policy,no_joint_A_B_or_bridge_interval,conditional_v8_fixed_policy_feasible,2.7749212587739754e+19,1.5939236874150895,45.73549118128294,2.4173499732850834,2.533989047519192,2.368894279329963,-0.06737146220598264,0.9348478761773423,4.373932964964648e+20,1.9110004719461545e+21,2.2979937219035443e+19,2.371373705661655e+21,0.9999999999999998,budget,2.368894279329963,0.0,-1.3877787807814457e-17,convex_logN_reduction_floating_point
2.5482967479793463e+21,131072,logarithmic,0.5,0.6713607648391644,1.6754490814383751,0.5814185814185814,observed_512,direct_and_near,172,False,CYJ_v8_Q1_v2_derived_policy,no_joint_A_B_or_bridge_interval,conditional_v8_fixed_policy_feasible,2.7749212587739754e+19,1.6499442784830982,47.494630304056265,2.409352584152783,2.525112304712836,2.360595875170069,-0.06737146220598264,0.9348478761773423,4.701809611730857e+20,2.0542519647626225e+21,2.3863822043638e+19,2.5482967479793463e+21,1.0,budget,2.360595875170069,0.0,-1.3877787807814457e-17,convex_logN_reduction_floating_point
2.7384196342643614e+21,131072,logarithmic,0.5,0.6713607648391644,1.6754490814383751,0.5814185814185814,observed_512,direct_and_near,172,False,CYJ_v8_Q1_v2_derived_policy,no_joint_A_B_or_bridge_interval,conditional_v8_fixed_policy_feasible,2.7749212587739754e+19,1.7080035969301604,49.31888819923237,2.401445261661606,2.5163250612123362,2.3523811392461735,-0.06737146220598264,0.9348478761773423,5.054210306453119e+20,2.2082181776247441e+21,2.4780425994305372e+19,2.7384196342643614e+21,1.0,budget,2.3523811392461735,0.0,-1.3877787807814457e-17,convex_logN_reduction_floating_point
2.9427271762092816e+21,131072,logarithmic,0.5,0.6713607648391644,1.6754490814383751,0.5814185814185814,observed_512,direct_and_near,172,False,CYJ_v8_Q1_v2_derived_policy,no_joint_A_B_or_bridge_interval,conditional_v8_fixed_policy_feasible,2.7749212587739754e+19,1.7681780586138798,51.21059569362206,2.3936269463230126,2.507626257221769,2.3442490808103087,-0.06737146220598264,0.9348478761773423,5.432967100440538e+20,2.3736995459631405e+21,2.5730920202086932e+19,2.9427271762092816e+21,1.0,budget,2.3442490808103087,0.0,-1.3877787807814457e-17,convex_logN_reduction_floating_point
3.1622776601683794e+21,131072,logarithmic,0.5,0.6713607648391644,1.6754490814383751,0.5814185814185814,observed_512,direct_and_near,172,False,CYJ_v8_Q1_v2_derived_policy,no_joint_A_B_or_bridge_interval,conditional_v8_fixed_policy_feasible,2.7749212587739754e+19,1.830547044340292,53.172163628056985,2.385896593404968,2.499014847526658,2.3361987227459413,-0.06737146220598264,0.9348478761773423,5.840048818231085e+20,2.551556262343949e+21,2.671651600132118e+19,3.162277660168379e+21,0.9999999999999999,budget,2.3361987227459413,0.0,-4.163336342344337e-17,convex_logN_reduction_floating_point
3.3982083289425594e+21,131072,logarithmic,0.5,0.6713607648391644,1.6754490814383751,0.5814185814185814,observed_512,direct_and_near,172,False,CYJ_v8_Q1_v2_derived_policy,no_joint_A_B_or_bridge_interval,conditional_v8_fixed_policy_feasible,2.7749212587739754e+19,1.8951930197029792,55.20608543000439,2.3782531726482823,2.490489801212503,2.32822910130484,-0.06737146220598264,0.9348478761773423,6.27757126512424e+20,2.742712736207881e+21,2.773846622225391e+19,3.3982083289425594e+21,1.0,budget,2.32822910130484,0.0,-1.3877787807814457e-17,convex_logN_reduction_floating_point
3.651741272548377e+21,131072,logarithmic,0.5,0.6713607648391644,1.6754490814383751,0.5814185814185814,observed_512,direct_and_near,172,False,CYJ_v8_Q1_v2_derived_policy,no_joint_A_B_or_bridge_interval,conditional_v8_fixed_policy_feasible,2.7749212587739754e+19,1.9622016599912924,57.31493976019926,2.370695667990696,2.4820501013910246,2.3203392658511564,-0.06737146220598264,0.9348478761773423,6.747808196385834e+20,2.9481623863889473e+21,2.879806652084656e+19,3.6517412725483766e+21,0.9999999999999999,budget,2.320339265851157,-4.1515585466160513e-16,-1.3877787807814457e-17,convex_logN_reduction_floating_point
3.924189758484536e+21,131072,logarithmic,0.5,0.6713607648391644,1.6754490814383751,0.5814185814185814,observed_512,direct_and_near,172,False,CYJ_v8_Q1_v2_derived_policy,no_joint_A_B_or_bridge_interval,conditional_v8_fixed_policy_feasible,2.7749212587739754e+19,2.0316619803928946,59.501393234983546,2.363223077298464,2.4736947449338715,2.3125282786124823,-0.06737146220598264,0.9348478761773423,7.253203104955383e+20,3.1689727912423735e+21,2.989665674662394e+19,3.924189758484536e+21,1.0,budget,2.3125282786124823,0.0,-2.7755575615628914e-17,convex_logN_reduction_floating_point
4.2169650342858226e+21,131072,logarithmic,0.5,0.6713607648391644,1.6754490814383751,0.5814185814185814,observed_512,direct_and_near,172,False,CYJ_v8_Q1_v2_derived_policy,no_joint_A_B_or_bridge_interval,conditional_v8_fixed_policy_feasible,2.7749212587739754e+19,2.1036664717263625,61.76820322605793,2.3558344121052017,2.465422742213562,2.3047952144376675,-0.06737146220598264,0.9348478761773423,7.796381888726291e+20,3.406291223063775e+21,3.1035622349417984e+19,4.216965034285822e+21,0.9999999999999999,budget,2.3047952144376675,0.0,-2.7755575615628914e-17,convex_logN_reduction_floating_point
4.5315836376008176e+21,131072,logarithmic,0.5,0.6713607648391644,1.6754490814383751,0.5814185814185814,observed_512,direct_and_near,172,False,CYJ_v8_Q1_v2_derived_policy,no_joint_A_B_or_bridge_interval,conditional_v8_fixed_policy_feasible,2.7749212587739754e+19,2.178311241950623,64.11822073936446,2.3485286973577715,2.4572331168514236,2.297139160561185,-0.06737146220598264,0.9348478761773423,8.380166463025752e+20,3.661350595472371e+21,3.221639582587118e+19,4.531583637600817e+21,0.9999999999999999,budget,2.297139160561185,0.0,-1.3877787807814457e-17,convex_logN_reduction_floating_point
4.869675251658631e+21,131072,logarithmic,0.5,0.6713607648391644,1.6754490814383751,0.5814185814185814,observed_512,direct_and_near,172,False,CYJ_v8_Q1_v2_derived_policy,no_joint_A_B_or_bridge_interval,conditional_v8_fixed_policy_feasible,2.7749212587739754e+19,2.2556961637096222,66.55439337483023,2.341304971168975,2.4491249054723045,2.289559216373818,-0.06737146220598264,0.9348478761773423,9.007589388817539e+20,3.935475854570308e+21,3.344045820656878e+19,4.869675251658631e+21,1.0,budget,2.289559216373818,0.0,-2.7755575615628914e-17,convex_logN_reduction_floating_point
5.232991146814947e+21,131072,logarithmic,0.5,0.6713607648391644,1.6754490814383751,0.5814185814185814,observed_512,direct_and_near,172,False,CYJ_v8_Q1_v2_derived_policy,no_joint_A_B_or_bridge_interval,conditional_v8_fixed_policy_feasible,2.7749212587739754e+19,2.335925028182763,69.07976836871242,2.3341622845768453,2.44109715746584,2.282054493199488,-0.06737146220598264,0.9348478761773423,9.681909592412598e+20,4.2300908469890135e+21,3.4709340584674402e+19,5.232991146814947e+21,1.0,budget,2.282054493199488,0.0,-2.7755575615628914e-17,convex_logN_reduction_floating_point
5.623413251903491e+21,131072,logarithmic,0.5,0.6713607648391644,1.6754490814383751,0.5814185814185814,observed_512,direct_and_near,172,False,CYJ_v8_Q1_v2_derived_policy,no_joint_A_B_or_bridge_interval,conditional_v8_fixed_policy_feasible,2.7749212587739754e+19,2.4191057055244127,71.69749572029434,2.3270997013103214,2.4331489347540662,2.274624114078002,-0.06737146220598264,0.9348478761773423,1.0406629258126573e+21,4.5467257004038873e+21,3.6024625686947942e+19,5.623413251903492e+21,1.0000000000000002,budget,2.274624114078002,0.0,-1.3877787807814457e-17,convex_logN_reduction_floating_point
6.042963902381328e+21,131072,logarithmic,0.5,0.6713607648391644,1.6754490814383751,0.5814185814185814,observed_512,direct_and_near,172,False,CYJ_v8_Q1_v2_derived_policy,no_joint_A_B_or_bridge_interval,conditional_v8_fixed_policy_feasible,2.7749212587739754e+19,2.5053503121892158,74.4108314046874,2.3201162975611087,2.4252793115651703,2.2672672135535463,-0.06737146220598264,0.9348478761773423,1.1185511981399561e+21,4.887024754753344e+21,3.73879494880278e+19,6.042963902381328e+21,1.0,budget,2.2672672135535463,0.0,-2.7755575615628914e-17,convex_logN_reduction_floating_point
6.493816315762113e+21,131072,logarithmic,0.5,0.6713607648391644,1.6754490814383751,0.5814185814185814,observed_512,direct_and_near,172,False,CYJ_v8_Q1_v2_derived_policy,no_joint_A_B_or_bridge_interval,conditional_v8_fixed_policy_feasible,2.7749212587739754e+19,2.5947753854539863,77.22314067349944,2.3132111617615214,2.4174873742131844,2.2599829374687355,-0.06737146220598264,0.9348478761773423,1.2022602276422817e+21,5.252755085250971e+21,3.880100286886173e+19,6.493816315762114e+21,1.0000000000000002,budget,2.2599829374687355,0.0,-1.3877787807814457e-17,convex_logN_reduction_floating_point
6.978305848598664e+21,131072,logarithmic,0.5,0.6713607648391644,1.6754490814383751,0.5814185814185814,observed_512,direct_and_near,172,False,CYJ_v8_Q1_v2_derived_policy,no_joint_A_B_or_bridge_interval,conditional_v8_fixed_policy_feasible,2.7749212587739754e+19,2.6875020654617248,80.13790144513209,2.3063833943681225,2.4097722208834287,2.2527704427640307,-0.06737146220598264,0.9348478761773423,1.2922246539333639e+21,5.645815661345128e+21,4.026553332017209e+19,6.978305848598664e+21,1.0,budget,2.2527704427640307,0.0,-1.3877787807814457e-17,convex_logN_reduction_floating_point
7.498942093324559e+21,131072,logarithmic,0.5,0.6713607648391644,1.6754490814383751,0.5814185814185814,observed_512,direct_and_near,172,False,CYJ_v8_Q1_v2_derived_policy,no_joint_A_B_or_bridge_interval,conditional_v8_fixed_policy_feasible,2.7749212587739754e+19,2.7836562851288438,83.15870778646972,2.2996321076509694,2.402132961423516,2.2456288972823635,-0.06737146220598264,0.9348478761773423,1.3889115575579962e+21,6.068247189074722e+21,4.178334669184114e+19,7.498942093324559e+21,1.0,budget,2.2456288972823635,0.0,-4.163336342344337e-17,convex_logN_reduction_floating_point
8.058421877614818e+21,131072,logarithmic,0.5,0.6713607648391644,1.6754490814383751,0.5814185814185814,observed_512,direct_and_near,172,False,CYJ_v8_Q1_v2_derived_policy,no_joint_A_B_or_bridge_interval,conditional_v8_fixed_policy_feasible,2.7749212587739754e+19,2.883368968272951,86.28927348771985,2.292956425488291,2.394568717139741,2.23855747957879,-0.06737146220598264,0.9348478761773423,1.4928228808158557e+21,6.522242687809862e+21,4.335630898910045e+19,8.058421877614819e+21,1.0000000000000002,budget,2.23855747957879,0.0,-1.3877787807814457e-17,convex_logN_reduction_floating_point
8.659643233600654e+21,131072,logarithmic,0.5,0.6713607648391644,1.6754490814383751,0.5814185814185814,observed_512,direct_and_near,172,False,CYJ_v8_Q1_v2_derived_policy,no_joint_A_B_or_bridge_interval,conditional_v8_fixed_policy_feasible,2.7749212587739754e+19,2.986776236335633,89.53343573216105,2.286355483166422,2.3870786205986785,2.2315553787350146,-0.06737146220598264,0.9348478761773423,1.6044980292138136e+21,7.010158856170433e+21,4.4986348216407e+19,8.659643233600653e+21,0.9999999999999999,budget,2.2315553787350146,0.0,-1.3877787807814457e-17,convex_logN_reduction_floating_point
9.30572040929699e+21,131072,logarithmic,0.5,0.6713607648391644,1.6754490814383751,0.5814185814185814,observed_512,direct_and_near,172,False,CYJ_v8_Q1_v2_derived_policy,no_joint_A_B_or_bridge_interval,conditional_v8_fixed_policy_feasible,2.7749212587739754e+19,3.094019624092714,92.89515886254385,2.2798284271848206,2.3796618154338223,2.2246217941786277,-0.06737146220598264,0.9348478761773423,1.7245166670235252e+21,7.534528286003582e+21,4.667545626988279e+19,9.30572040929699e+21,1.0,budget,2.2246217941786277,0.0,-2.7755575615628914e-17,convex_logN_reduction_floating_point
1e+22,131072,logarithmic,0.5,0.6713607648391644,1.6754490814383751,0.5814185814185814,observed_512,direct_and_near,172,False,CYJ_v8_Q1_v2_derived_policy,no_joint_A_B_or_bridge_interval,conditional_v8_fixed_policy_feasible,2.7749212587739754e+19,3.2052463047632447,96.37853824588281,2.2733744150660162,2.372317456157099,2.2177559355068994,-0.06737146220598264,0.9348478761773423,1.8535017214265933e+21,8.098072587694214e+21,4.842569087919143e+19,1.0000000000000002e+22,1.0000000000000002,budget,2.2177559355068994,0.0,-1.3877787807814457e-17,convex_logN_reduction_floating_point
1.0746078283213176e+22,131072,logarithmic,0.5,0.6713607648391644,1.6754490814383751,0.5814185814185814,observed_512,direct_and_near,172,False,CYJ_v8_Q1_v2_derived_policy,no_joint_A_B_or_bridge_interval,conditional_v8_fixed_policy_feasible,2.7749212587739754e+19,3.320609324948407,99.9878042383606,2.2669926151703206,2.3650447079751036,2.2109570223149886,-0.06737146220598264,0.9348478761773423,1.9921226108100962e+21,8.703716494803364e+21,5.023917759971631e+19,1.0746078283213178e+22,1.0000000000000002,budget,2.2109570223149886,0.0,-1.3877787807814457e-17,convex_logN_reduction_floating_point
1.154781984689458e+22,131072,logarithmic,0.5,0.6713607648391644,1.6754490814383751,0.5814185814185814,observed_512,direct_and_near,172,False,CYJ_v8_Q1_v2_derived_policy,no_joint_A_B_or_bridge_interval,conditional_v8_fixed_policy_feasible,2.7749212587739754e+19,3.440267849852286,103.72732625204902,2.2606822065151566,2.357842746609901,2.204224284028417,-0.06737146220598264,0.9348478761773423,2.1410987139363795e+21,9.354603021102304e+21,5.211811185589697e+19,1.1547819846894583e+22,1.0000000000000002,budget,2.204224284028417,0.0,-2.7755575615628914e-17,convex_logN_reduction_floating_point
1.2409377607517196e+22,131072,logarithmic,0.5,0.6713607648391644,1.6754490814383751,0.5814185814185814,observed_512,direct_and_near,172,False,CYJ_v8_Q1_v2_derived_policy,no_joint_A_B_or_bridge_interval,conditional_v8_fixed_policy_feasible,2.7749212587739754e+19,3.5643874192584266,107.60161692513027,2.2544423785988523,2.350710758124246,2.1975569597396816,-0.06737146220598264,0.9348478761773423,2.3012030979587936e+21,1.0054109748521834e+22,5.4064761036569534e+19,1.2409377607517198e+22,1.0000000000000002,budget,2.1975569597396816,0.0,-2.7755575615628914e-17,convex_logN_reduction_floating_point
1.3335214321633241e+22,131072,logarithmic,0.5,0.6713607648391644,1.6754490814383751,0.5814185814185814,observed_512,direct_and_near,172,False,CYJ_v8_Q1_v2_derived_policy,no_joint_A_B_or_bridge_interval,conditional_v8_fixed_policy_feasible,2.7749212587739754e+19,3.693140214759028,111.61533639727729,2.248272331228763,2.3436479387510847,2.1909542980488577,-0.06737146220598264,0.9348478761773423,2.473266524595851e+21,1.0805866330394246e+22,5.608146664314462e+19,1.3335214321633241e+22,1.0,budget,2.190954298048858,-4.1515585466160513e-16,-1.3877787807814457e-17,convex_logN_reduction_floating_point
1.4330125702369628e+22,131072,logarithmic,0.5,0.6713607648391644,1.6754490814383751,0.5814185814185814,observed_512,direct_and_near,172,False,CYJ_v8_Q1_v2_derived_policy,no_joint_A_B_or_bridge_interval,conditional_v8_fixed_policy_feasible,2.7749212587739754e+19,3.8267053387579204,115.77329669182222,2.242171274353577,2.336653494727187,2.184415556908075,-0.06737146220598264,0.9348478761773423,2.658181755217205e+21,1.1613773300660982e+22,5.817064649144125e+19,1.4330125702369628e+22,1.0,budget,2.184415556908075,0.0,-1.3877787807814457e-17,convex_logN_reduction_floating_point
1.539926526059492e+22,131072,logarithmic,0.5,0.6713607648391644,1.6754490814383751,0.5814185814185814,observed_512,direct_and_near,172,False,CYJ_v8_Q1_v2_derived_policy,no_joint_A_B_or_bridge_interval,conditional_v8_fixed_policy_feasible,2.7749212587739754e+19,3.965269105793822,120.08046620630965,2.2361384278996774,2.329726642130792,2.1779400034697423,-0.06737146220598264,0.9348478761773423,2.8569081771431926e+21,1.248202228648375e+22,6.0334796967979065e+19,1.5399265260594923e+22,1.0000000000000002,budget,2.1779400034697427,-4.1515585466160513e-16,0.0,convex_logN_reduction_floating_point
1.6548170999431814e+22,131072,logarithmic,0.5,0.6713607648391644,1.6754490814383751,0.5814185814185814,observed_512,direct_and_near,172,False,CYJ_v8_Q1_v2_derived_policy,no_joint_A_B_or_bridge_interval,conditional_v8_fixed_policy_feasible,2.7749212587739754e+19,4.109025346757176,124.5419743129925,2.230173021611429,2.3228666067231285,2.1715269139383864,-0.06737146220598264,0.9348478761773423,3.070476775123604e+21,1.34151177289667e+22,6.257649534151151e+19,1.6548170999431812e+22,0.9999999999999999,budget,2.1715269139383864,0.0,-1.3877787807814457e-17,convex_logN_reduction_floating_point
1.7782794100389228e+22,131072,logarithmic,0.5,0.6713607648391644,1.6754490814383751,0.5814185814185814,observed_512,direct_and_near,172,False,CYJ_v8_Q1_v2_derived_policy,no_joint_A_B_or_bridge_interval,conditional_v8_fixed_policy_feasible,2.7749212587739754e+19,4.258175726601947,129.16311607078734,2.224274294895264,2.316072623793689,2.1651755734260147,-0.06737146220598264,0.9348478761773423,3.299995473749379e+21,1.4417900224509286e+22,6.4898402130562195e+19,1.7782794100389228e+22,1.0,budget,2.1651755734260147,0.0,-1.3877787807814457e-17,convex_logN_reduction_floating_point
1.9109529749704407e+22,131072,logarithmic,0.5,0.6713607648391644,1.6754490814383751,0.5814185814185814,observed_512,direct_and_near,172,False,CYJ_v8_Q1_v2_derived_policy,no_joint_A_B_or_bridge_interval,conditional_v8_fixed_policy_feasible,2.7749212587739754e+19,4.412930076183344,133.94935705015743,2.218441496667451,2.309343938009136,2.1588852758108605,-0.06737146220598264,0.9348478761773423,3.546654878472367e+21,1.5495571607704337e+22,6.730326352770209e+19,1.9109529749704407e+22,1.0,budget,2.1588852758108605,0.0,-1.3877787807814457e-17,convex_logN_reduction_floating_point
2.053525026457146e+22,131072,logarithmic,0.5,0.6713607648391644,1.6754490814383751,0.5814185814185814,observed_512,direct_and_near,172,False,CYJ_v8_Q1_v2_derived_policy,no_joint_A_B_or_bridge_interval,conditional_v8_fixed_policy_feasible,2.7749212587739754e+19,4.573506738883583,138.90633827233827,2.2126738852054246,2.3026798032657294,2.1526553235994275,-0.06737146220598264,0.9348478761773423,3.8117344449730896e+21,1.6653721905717095e+22,6.9793913881278505e+19,2.053525026457146e+22,1.0,budget,2.1526553235994275,0.0,-1.3877787807814457e-17,convex_logN_reduction_floating_point
2.20673406908459e+22,131072,logarithmic,0.5,0.6713607648391644,1.6754490814383751,0.5814185814185814,observed_512,direct_and_near,172,False,CYJ_v8_Q1_v2_derived_policy,no_joint_A_B_or_bridge_interval,conditional_v8_fixed_policy_feasible,2.7749212587739754e+19,4.740132932720416,144.03988126426535,2.2069707280025694,2.2960794825451556,2.14648502779171,-0.06737146220598264,0.9348478761773423,4.096609108835295e+21,1.7898358303775328e+22,7.237327823527897e+19,2.20673406908459e+22,1.0,budget,2.14648502779171,0.0,-1.3877787807814457e-17,convex_logN_reduction_floating_point
2.371373705661655e+22,131072,logarithmic,0.5,0.6713607648391644,1.6754490814383751,0.5814185814185814,observed_512,direct_and_near,172,False,CYJ_v8_Q1_v2_derived_policy,no_joint_A_B_or_bridge_interval,conditional_v8_fixed_policy_feasible,2.7749212587739754e+19,4.913045128667725,149.35599323049485,2.201331301626346,2.2895422477736576,2.1403737077495024,-0.06737146220598264,0.9348478761773423,4.402756409870475e+21,1.9235936271818096e+22,7.504437492797858e+19,2.371373705661655e+22,1.0,budget,2.1403737077495024,0.0,-1.3877787807814457e-17,convex_logN_reduction_floating_point
2.5482967479793465e+22,131072,logarithmic,0.5,0.6713607648391644,1.6754490814383751,0.5814185814185814,observed_512,direct_and_near,172,False,CYJ_v8_Q1_v2_derived_policy,no_joint_A_B_or_bridge_interval,conditional_v8_fixed_policy_feasible,2.7749212587739754e+19,5.092489445953547,154.86087234334346,2.1957548915796554,2.283067379684356,2.13432069106769,-0.06737146220598264,0.9348478761773423,4.731764147997816e+21,2.0673393013545662e+22,7.781031824998692e+19,2.548296747979346e+22,0.9999999999999999,budget,2.13432069106769,0.0,-2.7755575615628914e-17,convex_logN_reduction_floating_point
2.7384196342643614e+22,131072,logarithmic,0.5,0.6713607648391644,1.6754490814383751,0.5814185814185814,observed_512,direct_and_near,172,False,CYJ_v8_Q1_v2_derived_policy,no_joint_A_B_or_bridge_interval,conditional_v8_fixed_policy_feasible,2.7749212587739754e+19,5.27872206513913,160.56091315239104,2.190240792165344,2.2766541676826693,2.1283253134484386,-0.06737146220598264,0.9348478761773423,5.085338610338484e+21,2.221818341114286e+22,8.067432116226916e+19,2.7384196342643614e+22,1.0,budget,2.1283253134484386,0.0,-1.3877787807814457e-17,convex_logN_reduction_floating_point
2.942727176209282e+22,131072,logarithmic,0.5,0.6713607648391644,1.6754490814383751,0.5814185814185814,observed_512,direct_and_near,172,False,CYJ_v8_Q1_v2_derived_policy,no_joint_A_B_or_bridge_interval,conditional_v8_fixed_policy_feasible,2.7749212587739754e+19,5.47200965982262,166.4627121144133,2.1847883063537417,2.2703019097147217,2.122386918578172,-0.06737146220598264,0.9348478761773423,5.46531341214205e+21,2.387831865187609e+22,8.363969807467769e+19,2.9427271762092814e+22,0.9999999999999999,budget,2.1223869185781723,-4.1515585466160513e-16,-2.7755575615628914e-17,convex_logN_reduction_floating_point
3.1622776601683792e+22,131072,logarithmic,0.5,0.6713607648391644,1.6754490814383751,0.5814185814185814,observed_512,direct_and_near,172,False,CYJ_v8_Q1_v2_derived_policy,no_joint_A_B_or_bridge_interval,conditional_v8_fixed_policy_feasible,2.7749212587739754e+19,5.672629847853357,172.57307324471395,2.179396745653154,2.264009912138662,2.11650485800728,-0.06737146220598264,0.9348478761773423,5.873658997342488e+21,2.566240773665582e+22,8.670986768548112e+19,3.162277660168379e+22,0.9999999999999999,budget,2.11650485800728,0.0,-1.3877787807814457e-17,convex_logN_reduction_floating_point
3.3982083289425593e+22,131072,logarithmic,0.5,0.6713607648391644,1.6754490814383751,0.5814185814185814,observed_512,direct_and_near,172,False,CYJ_v8_Q1_v2_derived_policy,no_joint_A_B_or_bridge_interval,conditional_v8_fixed_policy_feasible,2.7749212587739754e+19,5.880871662986967,178.89901389073586,2.1740654299832003,2.25777748959879,2.1106784910324405,-0.06737146220598264,0.9348478761773423,6.312492847958041e+21,2.757970208558521e+22,8.988835588233293e+19,3.3982083289425585e+22,0.9999999999999998,budget,2.1106784910324405,0.0,-1.3877787807814457e-17,convex_logN_reduction_floating_point
3.651741272548377e+22,131072,logarithmic,0.5,0.6713607648391644,1.6754490814383751,0.5814185814185814,observed_512,direct_and_near,172,False,CYJ_v8_Q1_v2_derived_policy,no_joint_A_B_or_bridge_interval,conditional_v8_fixed_policy_feasible,2.7749212587739754e+19,6.097036047958485,185.44777062871918,2.1687936875509255,2.251603964902409,2.1049071845815,-0.06737146220598264,0.9348478761773423,6.784090455221026e+21,2.9640143471557676e+22,9.31787987050653e+19,3.651741272548377e+22,1.0,budget,2.1049071845815,0.0,-1.3877787807814457e-17,convex_logN_reduction_floating_point
3.924189758484536e+22,131072,logarithmic,0.5,0.6713607648391644,1.6754490814383751,0.5814185814185814,observed_512,direct_and_near,172,False,CYJ_v8_Q1_v2_derived_policy,no_joint_A_B_or_bridge_interval,conditional_v8_fixed_policy_feasible,2.7749212587739754e+19,6.321436369999826,192.22680528406568,2.163580854729589,2.2454886688993207,2.0991903131008174,-0.06737146220598264,0.9348478761773423,7.290897109269405e+21,3.1854415530205316e+22,9.658494537063956e+19,3.924189758484536e+22,1.0,budget,2.0991903131008174,0.0,-1.3877787807814457e-17,convex_logN_reduction_floating_point
4.2169650342858225e+22,131072,logarithmic,0.5,0.6713607648391644,1.6754490814383751,0.5814185814185814,observed_512,direct_and_near,172,False,CYJ_v8_Q1_v2_derived_policy,no_joint_A_B_or_bridge_interval,conditional_v8_fixed_policy_feasible,2.7749212587739754e+19,6.5543989598798955,199.24381107594434,2.158426275940055,2.23943094036388,2.0935272584450018,-0.06737146220598264,0.9348478761773423,7.835540568472056e+21,3.423399911302564e+22,1.0011066136052207e+20,4.2169650342858225e+22,1.0,budget,2.0935272584450018,0.0,-1.3877787807814457e-17,convex_logN_reduction_floating_point
4.531583637600818e+22,131072,logarithmic,0.5,0.6713607648391644,1.6754490814383751,0.5814185814185814,observed_512,direct_and_near,172,False,CYJ_v8_Q1_v2_derived_policy,no_joint_A_B_or_bridge_interval,conditional_v8_fixed_policy_feasible,2.7749212587739754e+19,6.79626367560025,206.50671888654534,2.153329303534705,2.233430125879531,2.087917409768974,-0.06737146220598264,0.9348478761773423,8.420844674016122e+21,3.6791231770421367e+22,1.0375993157068998e+20,4.531583637600818e+22,1.0,budget,2.087917409768974,0.0,-1.3877787807814457e-17,convex_logN_reduction_floating_point
4.869675251658631e+22,131072,logarithmic,0.5,0.6713607648391644,1.6754490814383751,0.5814185814185814,observed_512,direct_and_near,172,False,CYJ_v8_Q1_v2_derived_policy,no_joint_A_B_or_bridge_interval,conditional_v8_fixed_policy_feasible,2.7749212587739754e+19,7.04738449193677,214.02370365524868,2.148289297683791,2.2274855797257485,2.082360163422272,-0.06737146220598264,0.9348478761773423,9.049843980281222e+21,3.953937167278068e+22,1.0753686352440084e+20,4.869675251658631e+22,1.0,budget,2.082360163422272,0.0,-1.3877787807814457e-17,convex_logN_reduction_floating_point
5.2329911468149466e+22,131072,logarithmic,0.5,0.6713607648391644,1.6754490814383751,0.5814185814185814,observed_512,direct_and_near,172,False,CYJ_v8_Q1_v2_derived_policy,no_joint_A_B_or_bridge_interval,conditional_v8_fixed_policy_feasible,2.7749212587739754e+19,7.308130117078523,221.80319089782546,2.143305626264163,2.2215966637673157,2.0768549228455444,-0.06737146220598264,0.9348478761773423,9.72579947678709e+21,4.249266630071459e+22,1.1144569064778513e+20,5.2329911468149466e+22,1.0,budget,2.0768549228455444,0.0,-1.3877787807814457e-17,convex_logN_reduction_floating_point
5.623413251903491e+22,131072,logarithmic,0.5,0.6713607648391644,1.6754490814383751,0.5814185814185814,observed_512,direct_and_near,172,False,CYJ_v8_Q1_v2_derived_policy,no_joint_A_B_or_bridge_interval,conditional_v8_fixed_policy_feasible,2.7749212587739754e+19,7.578884637678759,229.85386335063316,2.138377664750295,2.2157627473458636,2.071401098469154,-0.06737146220598264,0.9348478761773423,1.0452215483155358e+22,4.56664262602713e+22,1.1549077560824252e+20,5.62341325190349e+22,0.9999999999999999,budget,2.071401098469154,-4.1515585466160513e-16,-2.7755575615628914e-17,convex_logN_reduction_floating_point
6.042963902381329e+22,131072,logarithmic,0.5,0.6713607648391644,1.6754490814383751,0.5814185814185814,observed_512,direct_and_near,172,False,CYJ_v8_Q1_v2_derived_policy,no_joint_A_B_or_bridge_interval,conditional_v8_fixed_policy_feasible,2.7749212587739754e+19,7.860048193700476,238.1846677395946,2.1335047961075424,2.209983207173607,2.065998107613838,-0.06737146220598264,0.9348478761773423,1.1232857804602492e+22,4.9077104605495265e+22,1.1967661371553599e+20,6.042963902381329e+22,1.0,budget,2.065998107613838,0.0,-1.3877787807814457e-17,convex_logN_reduction_floating_point
6.493816315762113e+22,131072,logarithmic,0.5,0.6713607648391644,1.6754490814383751,0.5814185814185814,observed_512,direct_and_near,172,False,CYJ_v8_Q1_v2_derived_policy,no_joint_A_B_or_bridge_interval,conditional_v8_fixed_policy_feasible,2.7749212587739754e+19,8.15203768450973,246.80482167357724,2.1286864106875623,2.204257427229208,2.060645374393358,-0.06737146220598264,0.9348478761773423,1.2071773242010232e+22,5.274238207922551e+22,1.2400783638539135e+20,6.493816315762113e+22,1.0,budget,2.060645374393358,-4.1515585466160513e-16,0.0,convex_logN_reduction_floating_point
6.978305848598663e+22,131072,logarithmic,0.5,0.6713607648391644,1.6754490814383751,0.5814185814185814,observed_512,direct_and_near,172,False,CYJ_v8_Q1_v2_derived_policy,no_joint_A_B_or_bridge_interval,conditional_v8_fixed_policy_feasible,2.7749212587739754e+19,8.455287507744982,255.72382066159042,2.1239219061258394,2.198584798655714,2.055342329619084,-0.06737146220598264,0.9348478761773423,1.2973310557636583e+22,5.668125871368474e+22,1.2848921466530937e+20,6.978305848598662e+22,0.9999999999999999,budget,2.055342329619084,0.0,-2.7755575615628914e-17,convex_logN_reduction_floating_point
7.498942093324558e+22,131072,logarithmic,0.5,0.6713607648391644,1.6754490814383751,0.5814185814185814,observed_512,direct_and_near,172,False,CYJ_v8_Q1_v2_derived_policy,no_joint_A_B_or_bridge_interval,conditional_v8_fixed_policy_feasible,2.7749212587739754e+19,8.770250332569283,264.9514452530266,2.1192106872412446,2.192964719660491,2.050088410706451,-0.06737146220598264,0.9348478761773423,1.394214300507041e+22,6.091415226535296e+22,1.3312566282220182e+20,7.498942093324558e+22,1.0,budget,2.050088410706451,0.0,-1.3877787807814457e-17,convex_logN_reduction_floating_point
8.058421877614818e+22,131072,logarithmic,0.5,0.6713607648391644,1.6754490814383751,0.5814185814185814,observed_512,direct_and_near,172,False,CYJ_v8_Q1_v2_derived_policy,no_joint_A_B_or_bridge_interval,conditional_v8_fixed_policy_feasible,2.7749212587739754e+19,9.097397908995363,274.4977682999563,2.114552165937581,2.187396595417121,2.044883061583245,-0.06737146220598264,0.9348478761773423,1.4983292540135496e+22,6.546300399402134e+22,1.3792224199135381e+20,8.058421877614818e+22,1.0,budget,2.044883061583245,0.0,-2.7755575615628914e-17,convex_logN_reduction_floating_point
8.659643233600654e+22,131072,logarithmic,0.5,0.6713607648391644,1.6754490814383751,0.5814185814185814,observed_512,direct_and_near,172,False,CYJ_v8_Q1_v2_derived_policy,no_joint_A_B_or_bridge_interval,conditional_v8_fixed_policy_feasible,2.7749212587739754e+19,9.437221915061558,284.373162340256,2.109945761107045,2.1818798379691713,2.0397257325996434,-0.06737146220598264,0.9348478761773423,1.6102155838156932e+22,7.0351392333963515e+22,1.428841638860988e+20,8.659643233600656e+22,1.0000000000000002,budget,2.0397257325996434,0.0,-4.163336342344337e-17,convex_logN_reduction_floating_point
9.30572040929699e+22,131072,logarithmic,0.5,0.6713607648391644,1.6754490814383751,0.5814185814185814,observed_512,direct_and_near,172,False,CYJ_v8_Q1_v2_derived_policy,no_joint_A_B_or_bridge_interval,conditional_v8_fixed_policy_feasible,2.7749212587739754e+19,9.7902348437285,294.58830710012205,2.1053908985355596,2.176413866135819,2.0346158804399894,-0.06737146220598264,0.9348478761773423,1.730453225235964e+22,7.560465504604276e+22,1.4801679456747975e+20,9.30572040929699e+22,1.0,budget,2.0346158804399894,0.0,-4.163336342344337e-17,convex_logN_reduction_floating_point
1.0000000000000001e+23,131072,logarithmic,0.5,0.6713607648391644,1.6754490814383751,0.5814185814185814,observed_512,direct_and_near,172,False,CYJ_v8_Q1_v2_derived_policy,no_joint_A_B_or_bridge_interval,conditional_v8_fixed_policy_feasible,2.7749212587739754e+19,10.335434202936614,299.893,2.1011571372451883,2.1710039071027385,2.0295583917277074,-0.06737146220598264,0.9348478761773423,1.859714621652762e+22,8.125217162975693e+22,1.5068215371541748e+20,9.999999999999996e+22,0.9999999999999994,D_max;budget,2.0295583917277074,0.0,-0.0744809044127475,convex_logN_reduction_floating_point
1.0746078283213175e+23,131072,logarithmic,0.5,0.6713607648391644,1.6754490814383751,0.5814185814185814,observed_512,direct_and_near,172,False,CYJ_v8_Q1_v2_derived_policy,no_joint_A_B_or_bridge_interval,conditional_v8_fixed_policy_feasible,2.7749212587739754e+19,11.107702173586212,299.893,2.0972849474095816,2.1656843991217705,2.0245854609893907,-0.06737146220598264,0.9348478761773423,1.9986732767659736e+22,8.732336791075657e+22,1.5068215371541748e+20,1.0746078283213171e+23,0.9999999999999997,D_max;budget,2.0245854609893907,0.0,-0.0731644163027964,convex_logN_reduction_floating_point
1.1547819846894582e+23,131072,logarithmic,0.5,0.6713607648391644,1.6754490814383751,0.5814185814185814,observed_512,direct_and_near,172,False,CYJ_v8_Q1_v2_derived_policy,no_joint_A_B_or_bridge_interval,conditional_v8_fixed_policy_feasible,2.7749212587739754e+19,11.937587380408086,299.893,2.0935068490284165,2.1604591288861794,2.019700628207196,-0.06737146220598264,0.9348478761773423,2.1479993353636334e+22,9.384752296159402e+22,1.5068215371541748e+20,1.1547819846894578e+23,0.9999999999999997,D_max;budget,2.019700628207196,0.0,-0.07187991791604581,convex_logN_reduction_floating_point
1.2409377607517195e+23,131072,logarithmic,0.5,0.6713607648391644,1.6754490814383751,0.5814185814185814,observed_512,direct_and_near,172,False,CYJ_v8_Q1_v2_derived_policy,no_joint_A_B_or_bridge_interval,conditional_v8_fixed_policy_feasible,2.7749212587739754e+19,11.965825,299.893,2.093384524595647,2.1602893513304946,2.0195419120198412,-0.06737146220598264,0.9348478761773423,2.1530802940349996e+22,9.406951343325183e+22,1.5068215371541748e+20,1.1575099852731725e+23,0.932770378888294,N_max;D_max,2.0195419120198412,0.0,-0.0718383293916875,convex_logN_reduction_floating_point
1.3335214321633241e+23,131072,logarithmic,0.5,0.6713607648391644,1.6754490814383751,0.5814185814185814,observed_512,direct_and_near,172,False,CYJ_v8_Q1_v2_derived_policy,no_joint_A_B_or_bridge_interval,conditional_v8_fixed_policy_feasible,2.7749212587739754e+19,11.965825,299.893,2.093384524595647,2.1602893513304946,2.0195419120198412,-0.06737146220598264,0.9348478761773423,2.1530802940349996e+22,9.406951343325183e+22,1.5068215371541748e+20,1.1575099852731725e+23,0.8680100352008482,N_max;D_max,2.0195419120198412,0.0,-0.0718383293916875,convex_logN_reduction_floating_point
1.4330125702369627e+23,131072,logarithmic,0.5,0.6713607648391644,1.6754490814383751,0.5814185814185814,observed_512,direct_and_near,172,False,CYJ_v8_Q1_v2_derived_policy,no_joint_A_B_or_bridge_interval,conditional_v8_fixed_policy_feasible,2.7749212587739754e+19,11.965825,299.893,2.093384524595647,2.1602893513304946,2.0195419120198412,-0.06737146220598264,0.9348478761773423,2.1530802940349996e+22,9.406951343325183e+22,1.5068215371541748e+20,1.1575099852731725e+23,0.8077458700043133,N_max;D_max,2.0195419120198412,0.0,-0.0718383293916875,convex_logN_reduction_floating_point
1.539926526059492e+23,131072,logarithmic,0.5,0.6713607648391644,1.6754490814383751,0.5814185814185814,observed_512,direct_and_near,172,False,CYJ_v8_Q1_v2_derived_policy,no_joint_A_B_or_bridge_interval,conditional_v8_fixed_policy_feasible,2.7749212587739754e+19,11.965825,299.893,2.093384524595647,2.1602893513304946,2.0195419120198412,-0.06737146220598264,0.9348478761773423,2.1530802940349996e+22,9.406951343325183e+22,1.5068215371541748e+20,1.1575099852731725e+23,0.751665722802449,N_max;D_max,2.0195419120198412,0.0,-0.0718383293916875,convex_logN_reduction_floating_point
1.6548170999431815e+23,131072,logarithmic,0.5,0.6713607648391644,1.6754490814383751,0.5814185814185814,observed_512,direct_and_near,172,False,CYJ_v8_Q1_v2_derived_policy,no_joint_A_B_or_bridge_interval,conditional_v8_fixed_policy_feasible,2.7749212587739754e+19,11.965825,299.893,2.093384524595647,2.1602893513304946,2.0195419120198412,-0.06737146220598264,0.9348478761773423,2.1530802940349996e+22,9.406951343325183e+22,1.5068215371541748e+20,1.1575099852731725e+23,0.6994791057651724,N_max;D_max,2.0195419120198412,0.0,-0.0718383293916875,convex_logN_reduction_floating_point
1.7782794100389228e+23,131072,logarithmic,0.5,0.6713607648391644,1.6754490814383751,0.5814185814185814,observed_512,direct_and_near,172,False,CYJ_v8_Q1_v2_derived_policy,no_joint_A_B_or_bridge_interval,conditional_v8_fixed_policy_feasible,2.7749212587739754e+19,11.965825,299.893,2.093384524595647,2.1602893513304946,2.0195419120198412,-0.06737146220598264,0.9348478761773423,2.1530802940349996e+22,9.406951343325183e+22,1.5068215371541748e+20,1.1575099852731725e+23,0.6509156990395772,N_max;D_max,2.0195419120198412,0.0,-0.0718383293916875,convex_logN_reduction_floating_point
1.9109529749704405e+23,131072,logarithmic,0.5,0.6713607648391644,1.6754490814383751,0.5814185814185814,observed_512,direct_and_near,172,False,CYJ_v8_Q1_v2_derived_policy,no_joint_A_B_or_bridge_interval,conditional_v8_fixed_policy_feasible,2.7749212587739754e+19,11.965825,299.893,2.093384524595647,2.1602893513304946,2.0195419120198412,-0.06737146220598264,0.9348478761773423,2.1530802940349996e+22,9.406951343325183e+22,1.5068215371541748e+20,1.1575099852731725e+23,0.6057239505284411,N_max;D_max,2.0195419120198412,0.0,-0.0718383293916875,convex_logN_reduction_floating_point
2.053525026457146e+23,131072,logarithmic,0.5,0.6713607648391644,1.6754490814383751,0.5814185814185814,observed_512,direct_and_near,172,False,CYJ_v8_Q1_v2_derived_policy,no_joint_A_B_or_bridge_interval,conditional_v8_fixed_policy_feasible,2.7749212587739754e+19,11.965825,299.893,2.093384524595647,2.1602893513304946,2.0195419120198412,-0.06737146220598264,0.9348478761773423,2.1530802940349996e+22,9.406951343325183e+22,1.5068215371541748e+20,1.1575099852731725e+23,0.5636697728832515,N_max;D_max,2.0195419120198412,0.0,-0.0718383293916875,convex_logN_reduction_floating_point
2.2067340690845896e+23,131072,logarithmic,0.5,0.6713607648391644,1.6754490814383751,0.5814185814185814,observed_512,direct_and_near,172,False,CYJ_v8_Q1_v2_derived_policy,no_joint_A_B_or_bridge_interval,conditional_v8_fixed_policy_feasible,2.7749212587739754e+19,11.965825,299.893,2.093384524595647,2.1602893513304946,2.0195419120198412,-0.06737146220598264,0.9348478761773423,2.1530802940349996e+22,9.406951343325183e+22,1.5068215371541748e+20,1.1575099852731725e+23,0.5245353309623473,N_max;D_max,2.0195419120198412,0.0,-0.0718383293916875,convex_logN_reduction_floating_point
2.371373705661655e+23,131072,logarithmic,0.5,0.6713607648391644,1.6754490814383751,0.5814185814185814,observed_512,direct_and_near,172,False,CYJ_v8_Q1_v2_derived_policy,no_joint_A_B_or_bridge_interval,conditional_v8_fixed_policy_feasible,2.7749212587739754e+19,11.965825,299.893,2.093384524595647,2.1602893513304946,2.0195419120198412,-0.06737146220598264,0.9348478761773423,2.1530802940349996e+22,9.406951343325183e+22,1.5068215371541748e+20,1.1575099852731725e+23,0.4881179134733666,N_max;D_max,2.0195419120198412,0.0,-0.0718383293916875,convex_logN_reduction_floating_point
2.5482967479793466e+23,131072,logarithmic,0.5,0.6713607648391644,1.6754490814383751,0.5814185814185814,observed_512,direct_and_near,172,False,CYJ_v8_Q1_v2_derived_policy,no_joint_A_B_or_bridge_interval,conditional_v8_fixed_policy_feasible,2.7749212587739754e+19,11.965825,299.893,2.093384524595647,2.1602893513304946,2.0195419120198412,-0.06737146220598264,0.9348478761773423,2.1530802940349996e+22,9.406951343325183e+22,1.5068215371541748e+20,1.1575099852731725e+23,0.45422888295525693,N_max;D_max,2.0195419120198412,0.0,-0.0718383293916875,convex_logN_reduction_floating_point
2.738419634264361e+23,131072,logarithmic,0.5,0.6713607648391644,1.6754490814383751,0.5814185814185814,observed_512,direct_and_near,172,False,CYJ_v8_Q1_v2_derived_policy,no_joint_A_B_or_bridge_interval,conditional_v8_fixed_policy_feasible,2.7749212587739754e+19,11.965825,299.893,2.093384524595647,2.1602893513304946,2.0195419120198412,-0.06737146220598264,0.9348478761773423,2.1530802940349996e+22,9.406951343325183e+22,1.5068215371541748e+20,1.1575099852731725e+23,0.4226926986608908,N_max;D_max,2.0195419120198412,0.0,-0.0718383293916875,convex_logN_reduction_floating_point
2.942727176209282e+23,131072,logarithmic,0.5,0.6713607648391644,1.6754490814383751,0.5814185814185814,observed_512,direct_and_near,172,False,CYJ_v8_Q1_v2_derived_policy,no_joint_A_B_or_bridge_interval,conditional_v8_fixed_policy_feasible,2.7749212587739754e+19,11.965825,299.893,2.093384524595647,2.1602893513304946,2.0195419120198412,-0.06737146220598264,0.9348478761773423,2.1530802940349996e+22,9.406951343325183e+22,1.5068215371541748e+20,1.1575099852731725e+23,0.3933460072789474,N_max;D_max,2.0195419120198412,0.0,-0.0718383293916875,convex_logN_reduction_floating_point
3.162277660168379e+23,131072,logarithmic,0.5,0.6713607648391644,1.6754490814383751,0.5814185814185814,observed_512,direct_and_near,172,False,CYJ_v8_Q1_v2_derived_policy,no_joint_A_B_or_bridge_interval,conditional_v8_fixed_policy_feasible,2.7749212587739754e+19,11.965825,299.893,2.093384524595647,2.1602893513304946,2.0195419120198412,-0.06737146220598264,0.9348478761773423,2.1530802940349996e+22,9.406951343325183e+22,1.5068215371541748e+20,1.1575099852731725e+23,0.3660367967851183,N_max;D_max,2.0195419120198412,0.0,-0.0718383293916875,convex_logN_reduction_floating_point
3.3982083289425596e+23,131072,logarithmic,0.5,0.6713607648391644,1.6754490814383751,0.5814185814185814,observed_512,direct_and_near,172,False,CYJ_v8_Q1_v2_derived_policy,no_joint_A_B_or_bridge_interval,conditional_v8_fixed_policy_feasible,2.7749212587739754e+19,11.965825,299.893,2.093384524595647,2.1602893513304946,2.0195419120198412,-0.06737146220598264,0.9348478761773423,2.1530802940349996e+22,9.406951343325183e+22,1.5068215371541748e+20,1.1575099852731725e+23,0.340623609039697,N_max;D_max,2.0195419120198412,0.0,-0.0718383293916875,convex_logN_reduction_floating_point
3.651741272548377e+23,131072,logarithmic,0.5,0.6713607648391644,1.6754490814383751,0.5814185814185814,observed_512,direct_and_near,172,False,CYJ_v8_Q1_v2_derived_policy,no_joint_A_B_or_bridge_interval,conditional_v8_fixed_policy_feasible,2.7749212587739754e+19,11.965825,299.893,2.093384524595647,2.1602893513304946,2.0195419120198412,-0.06737146220598264,0.9348478761773423,2.1530802940349996e+22,9.406951343325183e+22,1.5068215371541748e+20,1.1575099852731725e+23,0.31697480705291076,N_max;D_max,2.0195419120198412,0.0,-0.0718383293916875,convex_logN_reduction_floating_point
3.924189758484536e+23,131072,logarithmic,0.5,0.6713607648391644,1.6754490814383751,0.5814185814185814,observed_512,direct_and_near,172,False,CYJ_v8_Q1_v2_derived_policy,no_joint_A_B_or_bridge_interval,conditional_v8_fixed_policy_feasible,2.7749212587739754e+19,11.965825,299.893,2.093384524595647,2.1602893513304946,2.0195419120198412,-0.06737146220598264,0.9348478761773423,2.1530802940349996e+22,9.406951343325183e+22,1.5068215371541748e+20,1.1575099852731725e+23,0.2949678931225247,N_max;D_max,2.0195419120198412,0.0,-0.0718383293916875,convex_logN_reduction_floating_point
4.2169650342858225e+23,131072,logarithmic,0.5,0.6713607648391644,1.6754490814383751,0.5814185814185814,observed_512,direct_and_near,172,False,CYJ_v8_Q1_v2_derived_policy,no_joint_A_B_or_bridge_interval,conditional_v8_fixed_policy_feasible,2.7749212587739754e+19,11.965825,299.893,2.093384524595647,2.1602893513304946,2.0195419120198412,-0.06737146220598264,0.9348478761773423,2.1530802940349996e+22,9.406951343325183e+22,1.5068215371541748e+20,1.1575099852731725e+23,0.2744888743117611,N_max;D_max,2.0195419120198412,0.0,-0.0718383293916875,convex_logN_reduction_floating_point
4.531583637600818e+23,131072,logarithmic,0.5,0.6713607648391644,1.6754490814383751,0.5814185814185814,observed_512,direct_and_near,172,False,CYJ_v8_Q1_v2_derived_policy,no_joint_A_B_or_bridge_interval,conditional_v8_fixed_policy_feasible,2.7749212587739754e+19,11.965825,299.893,2.093384524595647,2.1602893513304946,2.0195419120198412,-0.06737146220598264,0.9348478761773423,2.1530802940349996e+22,9.406951343325183e+22,1.5068215371541748e+20,1.1575099852731725e+23,0.25543167198079114,N_max;D_max,2.0195419120198412,0.0,-0.0718383293916875,convex_logN_reduction_floating_point
4.869675251658631e+23,131072,logarithmic,0.5,0.6713607648391644,1.6754490814383751,0.5814185814185814,observed_512,direct_and_near,172,False,CYJ_v8_Q1_v2_derived_policy,no_joint_A_B_or_bridge_interval,conditional_v8_fixed_policy_feasible,2.7749212587739754e+19,11.965825,299.893,2.093384524595647,2.1602893513304946,2.0195419120198412,-0.06737146220598264,0.9348478761773423,2.1530802940349996e+22,9.406951343325183e+22,1.5068215371541748e+20,1.1575099852731725e+23,0.23769757231325025,N_max;D_max,2.0195419120198412,0.0,-0.0718383293916875,convex_logN_reduction_floating_point
5.232991146814947e+23,131072,logarithmic,0.5,0.6713607648391644,1.6754490814383751,0.5814185814185814,observed_512,direct_and_near,172,False,CYJ_v8_Q1_v2_derived_policy,no_joint_A_B_or_bridge_interval,conditional_v8_fixed_policy_feasible,2.7749212587739754e+19,11.965825,299.893,2.093384524595647,2.1602893513304946,2.0195419120198412,-0.06737146220598264,0.9348478761773423,2.1530802940349996e+22,9.406951343325183e+22,1.5068215371541748e+20,1.1575099852731725e+23,0.22119471499157597,N_max;D_max,2.0195419120198412,0.0,-0.0718383293916875,convex_logN_reduction_floating_point
5.623413251903491e+23,131072,logarithmic,0.5,0.6713607648391644,1.6754490814383751,0.5814185814185814,observed_512,direct_and_near,172,False,CYJ_v8_Q1_v2_derived_policy,no_joint_A_B_or_bridge_interval,conditional_v8_fixed_policy_feasible,2.7749212587739754e+19,11.965825,299.893,2.093384524595647,2.1602893513304946,2.0195419120198412,-0.06737146220598264,0.9348478761773423,2.1530802940349996e+22,9.406951343325183e+22,1.5068215371541748e+20,1.1575099852731725e+23,0.20583761737257394,N_max;D_max,2.0195419120198412,0.0,-0.0718383293916875,convex_logN_reduction_floating_point
6.042963902381328e+23,131072,logarithmic,0.5,0.6713607648391644,1.6754490814383751,0.5814185814185814,observed_512,direct_and_near,172,False,CYJ_v8_Q1_v2_derived_policy,no_joint_A_B_or_bridge_interval,conditional_v8_fixed_policy_feasible,2.7749212587739754e+19,11.965825,299.893,2.093384524595647,2.1602893513304946,2.0195419120198412,-0.06737146220598264,0.9348478761773423,2.1530802940349996e+22,9.406951343325183e+22,1.5068215371541748e+20,1.1575099852731725e+23,0.19154673169850261,N_max;D_max,2.0195419120198412,0.0,-0.0718383293916875,convex_logN_reduction_floating_point
6.493816315762113e+23,131072,logarithmic,0.5,0.6713607648391644,1.6754490814383751,0.5814185814185814,observed_512,direct_and_near,172,False,CYJ_v8_Q1_v2_derived_policy,no_joint_A_B_or_bridge_interval,conditional_v8_fixed_policy_feasible,2.7749212587739754e+19,11.965825,299.893,2.093384524595647,2.1602893513304946,2.0195419120198412,-0.06737146220598264,0.9348478761773423,2.1530802940349996e+22,9.406951343325183e+22,1.5068215371541748e+20,1.1575099852731725e+23,0.17824803305008902,N_max;D_max,2.0195419120198412,0.0,-0.0718383293916875,convex_logN_reduction_floating_point
6.978305848598663e+23,131072,logarithmic,0.5,0.6713607648391644,1.6754490814383751,0.5814185814185814,observed_512,direct_and_near,172,False,CYJ_v8_Q1_v2_derived_policy,no_joint_A_B_or_bridge_interval,conditional_v8_fixed_policy_feasible,2.7749212587739754e+19,11.965825,299.893,2.093384524595647,2.1602893513304946,2.0195419120198412,-0.06737146220598264,0.9348478761773423,2.1530802940349996e+22,9.406951343325183e+22,1.5068215371541748e+20,1.1575099852731725e+23,0.16587263590712578,N_max;D_max,2.0195419120198412,0.0,-0.0718383293916875,convex_logN_reduction_floating_point
7.498942093324558e+23,131072,logarithmic,0.5,0.6713607648391644,1.6754490814383751,0.5814185814185814,observed_512,direct_and_near,172,False,CYJ_v8_Q1_v2_derived_policy,no_joint_A_B_or_bridge_interval,conditional_v8_fixed_policy_feasible,2.7749212587739754e+19,11.965825,299.893,2.093384524595647,2.1602893513304946,2.0195419120198412,-0.06737146220598264,0.9348478761773423,2.1530802940349996e+22,9.406951343325183e+22,1.5068215371541748e+20,1.1575099852731725e+23,0.1543564373304829,N_max;D_max,2.0195419120198412,0.0,-0.0718383293916875,convex_logN_reduction_floating_point
8.058421877614818e+23,131072,logarithmic,0.5,0.6713607648391644,1.6754490814383751,0.5814185814185814,observed_512,direct_and_near,172,False,CYJ_v8_Q1_v2_derived_policy,no_joint_A_B_or_bridge_interval,conditional_v8_fixed_policy_feasible,2.7749212587739754e+19,11.965825,299.893,2.093384524595647,2.1602893513304946,2.0195419120198412,-0.06737146220598264,0.9348478761773423,2.1530802940349996e+22,9.406951343325183e+22,1.5068215371541748e+20,1.1575099852731725e+23,0.14363978491726465,N_max;D_max,2.0195419120198412,0.0,-0.0718383293916875,convex_logN_reduction_floating_point
8.659643233600654e+23,131072,logarithmic,0.5,0.6713607648391644,1.6754490814383751,0.5814185814185814,observed_512,direct_and_near,172,False,CYJ_v8_Q1_v2_derived_policy,no_joint_A_B_or_bridge_interval,conditional_v8_fixed_policy_feasible,2.7749212587739754e+19,11.965825,299.893,2.093384524595647,2.1602893513304946,2.0195419120198412,-0.06737146220598264,0.9348478761773423,2.1530802940349996e+22,9.406951343325183e+22,1.5068215371541748e+20,1.1575099852731725e+23,0.13366716780916196,N_max;D_max,2.0195419120198412,0.0,-0.0718383293916875,convex_logN_reduction_floating_point
9.30572040929699e+23,131072,logarithmic,0.5,0.6713607648391644,1.6754490814383751,0.5814185814185814,observed_512,direct_and_near,172,False,CYJ_v8_Q1_v2_derived_policy,no_joint_A_B_or_bridge_interval,conditional_v8_fixed_policy_feasible,2.7749212587739754e+19,11.965825,299.893,2.093384524595647,2.1602893513304946,2.0195419120198412,-0.06737146220598264,0.9348478761773423,2.1530802940349996e+22,9.406951343325183e+22,1.5068215371541748e+20,1.1575099852731725e+23,0.1243869291534644,N_max;D_max,2.0195419120198412,0.0,-0.0718383293916875,convex_logN_reduction_floating_point
1e+24,131072,logarithmic,0.5,0.6713607648391644,1.6754490814383751,0.5814185814185814,observed_512,direct_and_near,172,False,CYJ_v8_Q1_v2_derived_policy,no_joint_A_B_or_bridge_interval,conditional_v8_fixed_policy_feasible,2.7749212587739754e+19,11.965825,299.893,2.093384524595647,2.1602893513304946,2.0195419120198412,-0.06737146220598264,0.9348478761773423,2.1530802940349996e+22,9.406951343325183e+22,1.5068215371541748e+20,1.1575099852731725e+23,0.11575099852731725,N_max;D_max,2.0195419120198412,0.0,-0.0718383293916875,convex_logN_reduction_floating_point
