N_B,D_B,Q_B,p_variant,weights,bridge_lambda,eta,loss,baseline_loss,factor,minimum_factor_over_B7_N,relative_A_effect,gradient_N,gradient_D,gradient_Q_B,status
0.1,100,0.5,reference,arxiv_only,0,-0.5,3.0592931965585177,3.0592931965585177,1.0,1.0,0.0,-2.947088806161744,-0.0010061005339727154,-0.5071327977702973,conditional_scenario_only
0.1,100,0.5,reference,arxiv_only,0,0,3.0592931965585177,3.0592931965585177,1.0,1.0,0.0,-2.947088806161744,-0.0010061005339727154,-0.5071327977702973,conditional_scenario_only
0.1,100,0.5,reference,arxiv_only,0,0.5,3.0592931965585177,3.0592931965585177,1.0,1.0,0.0,-2.947088806161744,-0.0010061005339727154,-0.5071327977702973,conditional_scenario_only
0.1,100,0.5,reference,arxiv_only,0.25,-0.5,3.0592931965585177,3.0592931965585177,1.0,1.0,0.0,-2.947088806161744,-0.0010061005339727154,-0.5071327977702973,conditional_scenario_only
0.1,100,0.5,reference,arxiv_only,0.25,0,3.0592931965585177,3.0592931965585177,1.0,1.0,0.0,-2.947088806161744,-0.0010061005339727154,-0.5071327977702973,conditional_scenario_only
0.1,100,0.5,reference,arxiv_only,0.25,0.5,3.0592931965585177,3.0592931965585177,1.0,1.0,0.0,-2.947088806161744,-0.0010061005339727154,-0.5071327977702973,conditional_scenario_only
0.1,100,0.5,reference,arxiv_only,0.5,-0.5,3.0592931965585177,3.0592931965585177,1.0,1.0,0.0,-2.947088806161744,-0.0010061005339727154,-0.5071327977702973,conditional_scenario_only
0.1,100,0.5,reference,arxiv_only,0.5,0,3.0592931965585177,3.0592931965585177,1.0,1.0,0.0,-2.947088806161744,-0.0010061005339727154,-0.5071327977702973,conditional_scenario_only
0.1,100,0.5,reference,arxiv_only,0.5,0.5,3.0592931965585177,3.0592931965585177,1.0,1.0,0.0,-2.947088806161744,-0.0010061005339727154,-0.5071327977702973,conditional_scenario_only
0.1,100,0.5,reference,arxiv_only,1,-0.5,3.0592931965585177,3.0592931965585177,1.0,1.0,0.0,-2.947088806161744,-0.0010061005339727154,-0.5071327977702973,conditional_scenario_only
0.1,100,0.5,reference,arxiv_only,1,0,3.0592931965585177,3.0592931965585177,1.0,1.0,0.0,-2.947088806161744,-0.0010061005339727154,-0.5071327977702973,conditional_scenario_only
0.1,100,0.5,reference,arxiv_only,1,0.5,3.0592931965585177,3.0592931965585177,1.0,1.0,0.0,-2.947088806161744,-0.0010061005339727154,-0.5071327977702973,conditional_scenario_only
0.1,100,0.5,reference,pile_cc_only,0,-0.5,3.0592931965585177,3.0592931965585177,1.0,1.0,0.0,-2.947088806161744,-0.0010061005339727154,-0.5071327977702973,conditional_scenario_only
0.1,100,0.5,reference,pile_cc_only,0,0,3.0592931965585177,3.0592931965585177,1.0,1.0,0.0,-2.947088806161744,-0.0010061005339727154,-0.5071327977702973,conditional_scenario_only
0.1,100,0.5,reference,pile_cc_only,0,0.5,3.0592931965585177,3.0592931965585177,1.0,1.0,0.0,-2.947088806161744,-0.0010061005339727154,-0.5071327977702973,conditional_scenario_only
0.1,100,0.5,reference,pile_cc_only,0.25,-0.5,3.0592931965585177,3.0592931965585177,1.0,1.0,0.0,-2.947088806161744,-0.0010061005339727154,-0.5071327977702973,conditional_scenario_only
0.1,100,0.5,reference,pile_cc_only,0.25,0,3.0592931965585177,3.0592931965585177,1.0,1.0,0.0,-2.947088806161744,-0.0010061005339727154,-0.5071327977702973,conditional_scenario_only
0.1,100,0.5,reference,pile_cc_only,0.25,0.5,3.0592931965585177,3.0592931965585177,1.0,1.0,0.0,-2.947088806161744,-0.0010061005339727154,-0.5071327977702973,conditional_scenario_only
0.1,100,0.5,reference,pile_cc_only,0.5,-0.5,3.0592931965585177,3.0592931965585177,1.0,1.0,0.0,-2.947088806161744,-0.0010061005339727154,-0.5071327977702973,conditional_scenario_only
0.1,100,0.5,reference,pile_cc_only,0.5,0,3.0592931965585177,3.0592931965585177,1.0,1.0,0.0,-2.947088806161744,-0.0010061005339727154,-0.5071327977702973,conditional_scenario_only
0.1,100,0.5,reference,pile_cc_only,0.5,0.5,3.0592931965585177,3.0592931965585177,1.0,1.0,0.0,-2.947088806161744,-0.0010061005339727154,-0.5071327977702973,conditional_scenario_only
0.1,100,0.5,reference,pile_cc_only,1,-0.5,3.0592931965585177,3.0592931965585177,1.0,1.0,0.0,-2.947088806161744,-0.0010061005339727154,-0.5071327977702973,conditional_scenario_only
0.1,100,0.5,reference,pile_cc_only,1,0,3.0592931965585177,3.0592931965585177,1.0,1.0,0.0,-2.947088806161744,-0.0010061005339727154,-0.5071327977702973,conditional_scenario_only
0.1,100,0.5,reference,pile_cc_only,1,0.5,3.0592931965585177,3.0592931965585177,1.0,1.0,0.0,-2.947088806161744,-0.0010061005339727154,-0.5071327977702973,conditional_scenario_only
0.1,100,0.5,reference,equal_13,0,-0.5,3.0592931965585177,3.0592931965585177,1.0,1.0,0.0,-2.947088806161744,-0.0010061005339727154,-0.5071327977702973,conditional_scenario_only
0.1,100,0.5,reference,equal_13,0,0,3.0592931965585177,3.0592931965585177,1.0,1.0,0.0,-2.947088806161744,-0.0010061005339727154,-0.5071327977702973,conditional_scenario_only
0.1,100,0.5,reference,equal_13,0,0.5,3.0592931965585177,3.0592931965585177,1.0,1.0,0.0,-2.947088806161744,-0.0010061005339727154,-0.5071327977702973,conditional_scenario_only
0.1,100,0.5,reference,equal_13,0.25,-0.5,3.0592931965585177,3.0592931965585177,1.0,1.0,0.0,-2.947088806161744,-0.0010061005339727154,-0.5071327977702973,conditional_scenario_only
0.1,100,0.5,reference,equal_13,0.25,0,3.0592931965585177,3.0592931965585177,1.0,1.0,0.0,-2.947088806161744,-0.0010061005339727154,-0.5071327977702973,conditional_scenario_only
0.1,100,0.5,reference,equal_13,0.25,0.5,3.0592931965585177,3.0592931965585177,1.0,1.0,0.0,-2.947088806161744,-0.0010061005339727154,-0.5071327977702973,conditional_scenario_only
0.1,100,0.5,reference,equal_13,0.5,-0.5,3.0592931965585177,3.0592931965585177,1.0,1.0,0.0,-2.947088806161744,-0.0010061005339727154,-0.5071327977702973,conditional_scenario_only
0.1,100,0.5,reference,equal_13,0.5,0,3.0592931965585177,3.0592931965585177,1.0,1.0,0.0,-2.947088806161744,-0.0010061005339727154,-0.5071327977702973,conditional_scenario_only
0.1,100,0.5,reference,equal_13,0.5,0.5,3.0592931965585177,3.0592931965585177,1.0,1.0,0.0,-2.947088806161744,-0.0010061005339727154,-0.5071327977702973,conditional_scenario_only
0.1,100,0.5,reference,equal_13,1,-0.5,3.0592931965585177,3.0592931965585177,1.0,1.0,0.0,-2.947088806161744,-0.0010061005339727154,-0.5071327977702973,conditional_scenario_only
0.1,100,0.5,reference,equal_13,1,0,3.0592931965585177,3.0592931965585177,1.0,1.0,0.0,-2.947088806161744,-0.0010061005339727154,-0.5071327977702973,conditional_scenario_only
0.1,100,0.5,reference,equal_13,1,0.5,3.0592931965585177,3.0592931965585177,1.0,1.0,0.0,-2.947088806161744,-0.0010061005339727154,-0.5071327977702973,conditional_scenario_only
0.1,100,0.5,transfer_freelaw_to_arxiv_one_percent,arxiv_only,0,-0.5,3.0592931965585177,3.0592931965585177,1.0,1.0,-0.007510589596971581,-2.947088806161744,-0.0010061005339727154,-0.5071327977702973,conditional_scenario_only
0.1,100,0.5,transfer_freelaw_to_arxiv_one_percent,arxiv_only,0,0,3.0592931965585177,3.0592931965585177,1.0,1.0,-0.007510589596971581,-2.947088806161744,-0.0010061005339727154,-0.5071327977702973,conditional_scenario_only
0.1,100,0.5,transfer_freelaw_to_arxiv_one_percent,arxiv_only,0,0.5,3.0592931965585177,3.0592931965585177,1.0,1.0,-0.007510589596971581,-2.947088806161744,-0.0010061005339727154,-0.5071327977702973,conditional_scenario_only
0.1,100,0.5,transfer_freelaw_to_arxiv_one_percent,arxiv_only,0.25,-0.5,3.057476697651292,3.0592931965585177,0.99940623575757,0.9935037741512531,-0.007510589596971581,-2.954421424745507,-0.0010055031474513528,-0.5068316804488179,conditional_scenario_only
0.1,100,0.5,transfer_freelaw_to_arxiv_one_percent,arxiv_only,0.25,0,3.0535489226444783,3.0592931965585177,0.9981223526007571,0.9981223526007571,-0.007510589596971581,-2.9415552125295163,-0.0010042114319217246,-0.5061805811914931,conditional_scenario_only
0.1,100,0.5,transfer_freelaw_to_arxiv_one_percent,arxiv_only,0.25,0.5,3.0411282074862624,3.0592931965585177,0.9940623575757009,0.9929031599024801,-0.007510589596971581,-2.8387651012768242,-0.0010001266687590892,-0.5041216245555029,conditional_scenario_only
0.1,100,0.5,transfer_freelaw_to_arxiv_one_percent,arxiv_only,0.5,-0.5,3.0556601987440666,3.0592931965585177,0.9988124715151402,0.9870075483025063,-0.007510589596971581,-2.961754043329271,-0.0010049057609299902,-0.5065305631273385,conditional_scenario_only
0.1,100,0.5,transfer_freelaw_to_arxiv_one_percent,arxiv_only,0.5,0,3.0478046487304384,3.0592931965585177,0.9962447052015142,0.9962447052015142,-0.007510589596971581,-2.936021618897289,-0.001002322329870734,-0.5052283646126889,conditional_scenario_only
0.1,100,0.5,transfer_freelaw_to_arxiv_one_percent,arxiv_only,0.5,0.5,3.022963218414007,3.0592931965585177,0.9881247151514019,0.9858063198049603,-0.007510589596971581,-2.7304413963919045,-0.0009941528035454627,-0.5011104513407085,conditional_scenario_only
0.1,100,0.5,transfer_freelaw_to_arxiv_one_percent,arxiv_only,1,-0.5,3.0520272009296154,3.0592931965585177,0.9976249430302804,0.9740150966050126,-0.007510589596971581,-2.9764192804967973,-0.001003710987887265,-0.5059283284843795,conditional_scenario_only
0.1,100,0.5,transfer_freelaw_to_arxiv_one_percent,arxiv_only,1,0,3.036316100902359,3.0592931965585177,0.9924894104030284,0.9924894104030284,-0.007510589596971581,-2.924954431632834,-0.0009985441257687525,-0.5033239314550806,conditional_scenario_only
0.1,100,0.5,transfer_freelaw_to_arxiv_one_percent,arxiv_only,1,0.5,2.986633240269496,3.0592931965585177,0.9762494303028038,0.9716126396099205,-0.007510589596971581,-2.5137939866220655,-0.0009822050731182102,-0.4950881049111197,conditional_scenario_only
0.1,100,0.5,transfer_freelaw_to_arxiv_one_percent,pile_cc_only,0,-0.5,3.0592931965585177,3.0592931965585177,1.0,1.0,0.0004141043887303938,-2.947088806161744,-0.0010061005339727154,-0.5071327977702973,conditional_scenario_only
0.1,100,0.5,transfer_freelaw_to_arxiv_one_percent,pile_cc_only,0,0,3.0592931965585177,3.0592931965585177,1.0,1.0,0.0004141043887303938,-2.947088806161744,-0.0010061005339727154,-0.5071327977702973,conditional_scenario_only
0.1,100,0.5,transfer_freelaw_to_arxiv_one_percent,pile_cc_only,0,0.5,3.0592931965585177,3.0592931965585177,1.0,1.0,0.0004141043887303938,-2.947088806161744,-0.0010061005339727154,-0.5071327977702973,conditional_scenario_only
0.1,100,0.5,transfer_freelaw_to_arxiv_one_percent,pile_cc_only,0.25,-0.5,3.0593933511682048,3.0592931965585177,1.0000327378264364,1.000027390430735,0.0004141043887303938,-2.946684514395136,-0.0010061334715173742,-0.5071494001958109,conditional_scenario_only
0.1,100,0.5,transfer_freelaw_to_arxiv_one_percent,pile_cc_only,0.25,0,3.059609913243295,3.0592931965585177,1.0001035260971827,1.0001035260971827,0.0004141043887303938,-2.947393906763897,-0.001006204691634371,-0.5071852992496038,conditional_scenario_only
0.1,100,0.5,transfer_freelaw_to_arxiv_one_percent,pile_cc_only,0.25,0.5,3.0602947426553904,3.0592931965585177,1.000327378264365,1.0000299228369909,0.0004141043887303938,-2.9530613494643987,-0.001006429909419304,-0.5072988220254339,conditional_scenario_only
0.1,100,0.5,transfer_freelaw_to_arxiv_one_percent,pile_cc_only,0.5,-0.5,3.0594935057778927,3.0592931965585177,1.000065475652873,1.0000547808614701,0.0004141043887303938,-2.9462802226285296,-0.0010061664090620333,-0.5071660026213246,conditional_scenario_only
0.1,100,0.5,transfer_freelaw_to_arxiv_one_percent,pile_cc_only,0.5,0,3.0599266299280714,3.0592931965585177,1.0002070521943651,1.0002070521943651,0.0004141043887303938,-2.9476990073660487,-0.0010063088492960263,-0.5072378007289101,conditional_scenario_only
0.1,100,0.5,transfer_freelaw_to_arxiv_one_percent,pile_cc_only,0.5,0.5,3.061296288752263,3.0592931965585177,1.0006547565287298,1.000059845673982,0.0004141043887303938,-2.959033892767053,-0.0010067592848658927,-0.5074648462805704,conditional_scenario_only
0.1,100,0.5,transfer_freelaw_to_arxiv_one_percent,pile_cc_only,1,-0.5,3.059693814997267,3.0592931965585177,1.000130951305746,1.00010956172294,0.0004141043887303938,-2.9454716390953144,-0.0010062322841513508,-0.5071992074723519,conditional_scenario_only
0.1,100,0.5,transfer_freelaw_to_arxiv_one_percent,pile_cc_only,1,0,3.060560063297626,3.0592931965585177,1.0004141043887305,1.0004141043887305,0.0004141043887303938,-2.948309208570354,-0.0010065171646193377,-0.5073428036875232,conditional_scenario_only
0.1,100,0.5,transfer_freelaw_to_arxiv_one_percent,pile_cc_only,1,0.5,3.063299380946009,3.0592931965585177,1.0013095130574599,1.000119691347964,0.0004141043887303938,-2.9709789793723633,-0.0010074180357590701,-0.5077968947908437,conditional_scenario_only
0.1,100,0.5,transfer_freelaw_to_arxiv_one_percent,equal_13,0,-0.5,3.0592931965585177,3.0592931965585177,1.0,1.0,-0.00017177273191516148,-2.947088806161744,-0.0010061005339727154,-0.5071327977702973,conditional_scenario_only
0.1,100,0.5,transfer_freelaw_to_arxiv_one_percent,equal_13,0,0,3.0592931965585177,3.0592931965585177,1.0,1.0,-0.00017177273191516148,-2.947088806161744,-0.0010061005339727154,-0.5071327977702973,conditional_scenario_only
0.1,100,0.5,transfer_freelaw_to_arxiv_one_percent,equal_13,0,0.5,3.0592931965585177,3.0592931965585177,1.0,1.0,-0.00017177273191516148,-2.947088806161744,-0.0010061005339727154,-0.5071327977702973,conditional_scenario_only
0.1,100,0.5,transfer_freelaw_to_arxiv_one_percent,equal_13,0.25,-0.5,3.05925165188672,3.0592931965585177,0.999986420173181,0.9998514265162848,-0.00017177273191516148,-2.9472565085651254,-0.0010060868713017016,-0.5071259109947294,conditional_scenario_only
0.1,100,0.5,transfer_freelaw_to_arxiv_one_percent,equal_13,0.25,0,3.059161820770992,3.0592931965585177,0.9999570568170212,0.9999570568170212,-0.00017177273191516148,-2.946962248787886,-0.00100605732881339,-0.507111019873768,conditional_scenario_only
0.1,100,0.5,transfer_freelaw_to_arxiv_one_percent,equal_13,0.25,0.5,3.058877749840539,3.0592931965585177,0.9998642017318097,0.9998376900247609,-0.00017177273191516148,-2.944611363015768,-0.0010059639072625766,-0.5070639300146176,conditional_scenario_only
0.1,100,0.5,transfer_freelaw_to_arxiv_one_percent,equal_13,0.5,-0.5,3.059210107214922,3.0592931965585177,0.9999728403463619,0.9997028530325697,-0.00017177273191516148,-2.9474242109685074,-0.0010060732086306877,-0.5071190242191613,conditional_scenario_only
0.1,100,0.5,transfer_freelaw_to_arxiv_one_percent,equal_13,0.5,0,3.0590304449834664,3.0592931965585177,0.9999141136340424,0.9999141136340424,-0.00017177273191516148,-2.9468356914140283,-0.0010060141236540646,-0.5070892419772389,conditional_scenario_only
0.1,100,0.5,transfer_freelaw_to_arxiv_one_percent,equal_13,0.5,0.5,3.058462303122559,3.0592931965585177,0.9997284034636192,0.9996753800495216,-0.00017177273191516148,-2.9421339198697924,-0.0010058272805524376,-0.5069950622589378,conditional_scenario_only
0.1,100,0.5,transfer_freelaw_to_arxiv_one_percent,equal_13,1,-0.5,3.059127017871326,3.0592931965585177,0.9999456806927238,0.9994057060651392,-0.00017177273191516148,-2.94775961577527,-0.0010060458832886598,-0.5071052506680254,conditional_scenario_only
0.1,100,0.5,transfer_freelaw_to_arxiv_one_percent,equal_13,1,0,3.0587676934084156,3.0592931965585177,0.9998282272680848,0.9998282272680848,-0.00017177273191516148,-2.946582576666313,-0.0010059277133354137,-0.5070456861841806,conditional_scenario_only
0.1,100,0.5,transfer_freelaw_to_arxiv_one_percent,equal_13,1,0.5,3.057631409686601,3.0592931965585177,0.9994568069272386,0.9993507600990433,-0.00017177273191516148,-2.937179033577841,-0.0010055540271321599,-0.5068573267475783,conditional_scenario_only
0.1,100,0.5,transfer_arxiv_to_freelaw_one_percent,arxiv_only,0,-0.5,3.0592931965585177,3.0592931965585177,1.0,1.0,0.007510589596971581,-2.947088806161744,-0.0010061005339727154,-0.5071327977702973,conditional_scenario_only
0.1,100,0.5,transfer_arxiv_to_freelaw_one_percent,arxiv_only,0,0,3.0592931965585177,3.0592931965585177,1.0,1.0,0.007510589596971581,-2.947088806161744,-0.0010061005339727154,-0.5071327977702973,conditional_scenario_only
0.1,100,0.5,transfer_arxiv_to_freelaw_one_percent,arxiv_only,0,0.5,3.0592931965585177,3.0592931965585177,1.0,1.0,0.007510589596971581,-2.947088806161744,-0.0010061005339727154,-0.5071327977702973,conditional_scenario_only
0.1,100,0.5,transfer_arxiv_to_freelaw_one_percent,arxiv_only,0.25,-0.5,3.0611096954657433,3.0592931965585177,1.0005937642424299,1.0004967788068264,0.007510589596971581,-2.9397561875779803,-0.001006697920494078,-0.5074339150917767,conditional_scenario_only
0.1,100,0.5,transfer_arxiv_to_freelaw_one_percent,arxiv_only,0.25,0,3.065037470472557,3.0592931965585177,1.0018776473992428,1.0018776473992428,0.007510589596971581,-2.952622399793971,-0.001007989636023706,-0.5080850143491014,conditional_scenario_only
0.1,100,0.5,transfer_arxiv_to_freelaw_one_percent,arxiv_only,0.25,0.5,3.0774581856307734,3.0592931965585177,1.0059376424242992,1.000542708926378,0.007510589596971581,-3.055412511046664,-0.001012074399186342,-0.5101439709850918,conditional_scenario_only
0.1,100,0.5,transfer_arxiv_to_freelaw_one_percent,arxiv_only,0.5,-0.5,3.0629261943729693,3.0592931965585177,1.00118752848486,1.0009935576136528,0.007510589596971581,-2.9324235689942175,-0.001007295307015441,-0.5077350324132562,conditional_scenario_only
0.1,100,0.5,transfer_arxiv_to_freelaw_one_percent,arxiv_only,0.5,0,3.070781744386597,3.0592931965585177,1.0037552947984858,1.0037552947984858,0.007510589596971581,-2.9581559934261987,-0.001009878738074697,-0.5090372309279056,conditional_scenario_only
0.1,100,0.5,transfer_arxiv_to_freelaw_one_percent,arxiv_only,0.5,0.5,3.0956231747030283,3.0592931965585177,1.0118752848485981,1.0010854178527564,0.007510589596971581,-3.1637362159315834,-0.0010180482643999682,-0.5131551441998861,conditional_scenario_only
0.1,100,0.5,transfer_arxiv_to_freelaw_one_percent,arxiv_only,1,-0.5,3.06655919218742,3.0592931965585177,1.0023750569697196,1.0019871152273057,0.007510589596971581,-2.9177583318266906,-0.001008490080058166,-0.5083372670562151,conditional_scenario_only
0.1,100,0.5,transfer_arxiv_to_freelaw_one_percent,arxiv_only,1,0,3.0822702922146763,3.0592931965585177,1.0075105895969716,1.0075105895969716,0.007510589596971581,-2.969223180690654,-0.0010136569421766784,-0.510941664085514,conditional_scenario_only
0.1,100,0.5,transfer_arxiv_to_freelaw_one_percent,arxiv_only,1,0.5,3.1319531528475393,3.0592931965585177,1.0237505696971962,1.0021708357055128,0.007510589596971581,-3.3803836257014224,-0.0010299959948272207,-0.5191774906294748,conditional_scenario_only
0.1,100,0.5,transfer_arxiv_to_freelaw_one_percent,pile_cc_only,0,-0.5,3.0592931965585177,3.0592931965585177,1.0,1.0,-0.0004141043887303938,-2.947088806161744,-0.0010061005339727154,-0.5071327977702973,conditional_scenario_only
0.1,100,0.5,transfer_arxiv_to_freelaw_one_percent,pile_cc_only,0,0,3.0592931965585177,3.0592931965585177,1.0,1.0,-0.0004141043887303938,-2.947088806161744,-0.0010061005339727154,-0.5071327977702973,conditional_scenario_only
0.1,100,0.5,transfer_arxiv_to_freelaw_one_percent,pile_cc_only,0,0.5,3.0592931965585177,3.0592931965585177,1.0,1.0,-0.0004141043887303938,-2.947088806161744,-0.0010061005339727154,-0.5071327977702973,conditional_scenario_only
0.1,100,0.5,transfer_arxiv_to_freelaw_one_percent,pile_cc_only,0.25,-0.5,3.0591930419488302,3.0592931965585177,0.9999672621735635,0.9996418236412179,-0.0004141043887303938,-2.9474930979283513,-0.0010060675964280565,-0.5071161953447836,conditional_scenario_only
0.1,100,0.5,transfer_arxiv_to_freelaw_one_percent,pile_cc_only,0.25,0,3.0589764798737407,3.0592931965585177,0.9998964739028174,0.9998964739028174,-0.0004141043887303938,-2.9467837055595916,-0.0010059963763110599,-0.5070802962909908,conditional_scenario_only
0.1,100,0.5,transfer_arxiv_to_freelaw_one_percent,pile_cc_only,0.25,0.5,3.058291650461645,3.0592931965585177,0.9996726217356351,0.9996087081323568,-0.0004141043887303938,-2.9411162628590892,-0.0010057711585261268,-0.5069667735151607,conditional_scenario_only
0.1,100,0.5,transfer_arxiv_to_freelaw_one_percent,pile_cc_only,0.5,-0.5,3.059092887339143,3.0592931965585177,0.999934524347127,0.9992836472824358,-0.0004141043887303938,-2.9478973896949587,-0.0010060346588833978,-0.50709959291927,conditional_scenario_only
0.1,100,0.5,transfer_arxiv_to_freelaw_one_percent,pile_cc_only,0.5,0,3.0586597631889636,3.0592931965585177,0.9997929478056348,0.9997929478056348,-0.0004141043887303938,-2.9464786049574387,-0.0010058922186494043,-0.5070277948116844,conditional_scenario_only
0.1,100,0.5,transfer_arxiv_to_freelaw_one_percent,pile_cc_only,0.5,0.5,3.057290104364772,3.0592931965585177,0.9993452434712701,0.9992174162647135,-0.0004141043887303938,-2.9351437195564345,-0.0010054417830795382,-0.5068007492600242,conditional_scenario_only
0.1,100,0.5,transfer_arxiv_to_freelaw_one_percent,pile_cc_only,1,-0.5,3.0588925781197682,3.0592931965585177,0.999869048694254,0.9985672945648717,-0.0004141043887303938,-2.9487059732281735,-0.0010059687837940799,-0.5070663880682427,conditional_scenario_only
0.1,100,0.5,transfer_arxiv_to_freelaw_one_percent,pile_cc_only,1,0,3.05802632981941,3.0592931965585177,0.9995858956112696,0.9995858956112696,-0.0004141043887303938,-2.9458684037531344,-0.0010056839033260935,-0.5069227918530715,conditional_scenario_only
0.1,100,0.5,transfer_arxiv_to_freelaw_one_percent,pile_cc_only,1,0.5,3.0552870121710263,3.0592931965585177,0.9986904869425401,0.9984348325294271,-0.0004141043887303938,-2.9231986329511246,-0.0010047830321863608,-0.5064687007497509,conditional_scenario_only
0.1,100,0.5,transfer_arxiv_to_freelaw_one_percent,equal_13,0,-0.5,3.0592931965585177,3.0592931965585177,1.0,1.0,0.00017177273191516148,-2.947088806161744,-0.0010061005339727154,-0.5071327977702973,conditional_scenario_only
0.1,100,0.5,transfer_arxiv_to_freelaw_one_percent,equal_13,0,0,3.0592931965585177,3.0592931965585177,1.0,1.0,0.00017177273191516148,-2.947088806161744,-0.0010061005339727154,-0.5071327977702973,conditional_scenario_only
0.1,100,0.5,transfer_arxiv_to_freelaw_one_percent,equal_13,0,0.5,3.0592931965585177,3.0592931965585177,1.0,1.0,0.00017177273191516148,-2.947088806161744,-0.0010061005339727154,-0.5071327977702973,conditional_scenario_only
0.1,100,0.5,transfer_arxiv_to_freelaw_one_percent,equal_13,0.25,-0.5,3.0593347412303156,3.0592931965585177,1.000013579826819,1.0000113616982667,0.00017177273191516148,-2.9469211037583625,-0.0010061141966437293,-0.5071396845458652,conditional_scenario_only
0.1,100,0.5,transfer_arxiv_to_freelaw_one_percent,equal_13,0.25,0,3.059424572346043,3.0592931965585177,1.0000429431829787,1.0000429431829787,0.00017177273191516148,-2.9472153635356015,-0.0010061437391320409,-0.5071545756668264,conditional_scenario_only
0.1,100,0.5,transfer_arxiv_to_freelaw_one_percent,equal_13,0.25,0.5,3.059708643276497,3.0592931965585177,1.0001357982681904,1.000012412154028,0.00017177273191516148,-2.9495662493077197,-0.0010062371606828545,-0.5072016655259771,conditional_scenario_only
0.1,100,0.5,transfer_arxiv_to_freelaw_one_percent,equal_13,0.5,-0.5,3.0593762859021134,3.0592931965585177,1.000027159653638,1.0000227233965335,0.00017177273191516148,-2.9467534013549805,-0.0010061278593147432,-0.5071465713214333,conditional_scenario_only
0.1,100,0.5,transfer_arxiv_to_freelaw_one_percent,equal_13,0.5,0,3.059555948133569,3.0592931965585177,1.0000858863659576,1.0000858863659576,0.00017177273191516148,-2.9473419209094596,-0.0010061869442913663,-0.5071763535633557,conditional_scenario_only
0.1,100,0.5,transfer_arxiv_to_freelaw_one_percent,equal_13,0.5,0.5,3.060124089994476,3.0592931965585177,1.0002715965363806,1.000024824308056,0.00017177273191516148,-2.952043692453695,-0.0010063737873929931,-0.5072705332816567,conditional_scenario_only
0.1,100,0.5,transfer_arxiv_to_freelaw_one_percent,equal_13,1,-0.5,3.0594593752457095,3.0592931965585177,1.0000543193072762,1.000045446793067,0.00017177273191516148,-2.946417996548218,-0.001006155184656771,-0.5071603448725692,conditional_scenario_only
0.1,100,0.5,transfer_arxiv_to_freelaw_one_percent,equal_13,1,0,3.0598186997086203,3.0592931965585177,1.0001717727319153,1.0001717727319153,0.00017177273191516148,-2.947595035657175,-0.0010062733546100174,-0.5072199093564141,conditional_scenario_only
0.1,100,0.5,transfer_arxiv_to_freelaw_one_percent,equal_13,1,0.5,3.0609549834304346,3.0592931965585177,1.0005431930727615,1.0000496486161121,0.00017177273191516148,-2.9569985787456474,-0.001006647040813271,-0.5074082687930163,conditional_scenario_only
0.1,100,0.5,transfer_github_to_arxiv_one_percent,arxiv_only,0,-0.5,3.0592931965585177,3.0592931965585177,1.0,1.0,-0.006794843397108071,-2.947088806161744,-0.0010061005339727154,-0.5071327977702973,conditional_scenario_only
0.1,100,0.5,transfer_github_to_arxiv_one_percent,arxiv_only,0,0,3.0592931965585177,3.0592931965585177,1.0,1.0,-0.006794843397108071,-2.947088806161744,-0.0010061005339727154,-0.5071327977702973,conditional_scenario_only
0.1,100,0.5,transfer_github_to_arxiv_one_percent,arxiv_only,0,0.5,3.0592931965585177,3.0592931965585177,1.0,1.0,-0.006794843397108071,-2.947088806161744,-0.0010061005339727154,-0.5071327977702973,conditional_scenario_only
0.1,100,0.5,transfer_github_to_arxiv_one_percent,arxiv_only,0.25,-0.5,3.0576498068557183,3.0592931965585177,0.9994628204630246,0.9941228532401399,-0.006794843397108071,-2.953722638875422,-0.0010055600773537252,-0.506860376408806,conditional_scenario_only
0.1,100,0.5,transfer_github_to_arxiv_one_percent,arxiv_only,0.25,0,3.0540963420144047,3.0592931965585177,0.998301289150723,0.998301289150723,-0.006794843397108071,-2.9420825544329343,-0.0010043914600801926,-0.5062713257847007,conditional_scenario_only
0.1,100,0.5,transfer_github_to_arxiv_one_percent,arxiv_only,0.25,0.5,3.0428592995305235,3.0592931965585177,0.9946282046302456,0.9935794764905795,-0.006794843397108071,-2.8490881630185787,-0.0010006959677828133,-0.5044085841553843,conditional_scenario_only
0.1,100,0.5,transfer_github_to_arxiv_one_percent,arxiv_only,0.5,-0.5,3.056006417152919,3.0592931965585177,0.9989256409260491,0.9882457064802799,-0.006794843397108071,-2.9603564715890993,-0.0010050196207347349,-0.5065879550473147,conditional_scenario_only
0.1,100,0.5,transfer_github_to_arxiv_one_percent,arxiv_only,0.5,0,3.048899487470291,3.0592931965585177,0.9966025783014459,0.9966025783014459,-0.006794843397108071,-2.9370763027041242,-0.0010026823861876697,-0.5054098537991041,conditional_scenario_only
0.1,100,0.5,transfer_github_to_arxiv_one_percent,arxiv_only,0.5,0.5,3.0264254025025297,3.0592931965585177,0.9892564092604913,0.9871589529811591,-0.006794843397108071,-2.7510875198754143,-0.0009952914015929114,-0.5016843705404712,conditional_scenario_only
0.1,100,0.5,transfer_github_to_arxiv_one_percent,arxiv_only,1,-0.5,3.05271963774732,3.0592931965585177,0.9978512818520983,0.9764914129605596,-0.006794843397108071,-2.9736241370164542,-0.0010039387074967546,-0.5060431123243321,conditional_scenario_only
0.1,100,0.5,transfer_github_to_arxiv_one_percent,arxiv_only,1,0,3.0385057783820644,3.0592931965585177,0.9932051566028919,0.9932051566028919,-0.006794843397108071,-2.9270637992465045,-0.000999264238402624,-0.5036869098279109,conditional_scenario_only
0.1,100,0.5,transfer_github_to_arxiv_one_percent,arxiv_only,1,0.5,2.993557608446541,3.0592931965585177,0.9785128185209825,0.9743179059623182,-0.006794843397108071,-2.555086233589084,-0.0009844822692131074,-0.496235943310645,conditional_scenario_only
0.1,100,0.5,transfer_github_to_arxiv_one_percent,pile_cc_only,0,-0.5,3.0592931965585177,3.0592931965585177,1.0,1.0,-0.00017642312706944894,-2.947088806161744,-0.0010061005339727154,-0.5071327977702973,conditional_scenario_only
0.1,100,0.5,transfer_github_to_arxiv_one_percent,pile_cc_only,0,0,3.0592931965585177,3.0592931965585177,1.0,1.0,-0.00017642312706944894,-2.947088806161744,-0.0010061005339727154,-0.5071327977702973,conditional_scenario_only
0.1,100,0.5,transfer_github_to_arxiv_one_percent,pile_cc_only,0,0.5,3.0592931965585177,3.0592931965585177,1.0,1.0,-0.00017642312706944894,-2.947088806161744,-0.0010061005339727154,-0.5071327977702973,conditional_scenario_only
0.1,100,0.5,transfer_github_to_arxiv_one_percent,pile_cc_only,0.25,-0.5,3.0592505271497594,3.0592931965585177,0.9999860525271633,0.9998474041932943,-0.00017642312706944894,-2.9472610487644655,-0.0010060865014128468,-0.5071257245493758,conditional_scenario_only
0.1,100,0.5,transfer_github_to_arxiv_one_percent,pile_cc_only,0.25,0,3.059158264040428,3.0592931965585177,0.9999558942182326,0.9999558942182326,-0.00017642312706944894,-2.9469588225060104,-0.001006056159122128,-0.5071104302817917,conditional_scenario_only
0.1,100,0.5,transfer_github_to_arxiv_one_percent,pile_cc_only,0.25,0.5,3.058866502470932,3.0592931965585177,0.9998605252716328,0.9998332958143764,-0.00017642312706944894,-2.9445442913131026,-0.0010059602083740296,-0.5070620655610822,conditional_scenario_only
0.1,100,0.5,transfer_github_to_arxiv_one_percent,pile_cc_only,0.5,-0.5,3.0592078577410007,3.0592931965585177,0.9999721050543265,0.9996948083865886,-0.00017642312706944894,-2.947433291367187,-0.0010060724688529781,-0.5071186513284542,conditional_scenario_only
0.1,100,0.5,transfer_github_to_arxiv_one_percent,pile_cc_only,0.5,0,3.059023331522338,3.0592931965585177,0.9999117884364652,0.9999117884364652,-0.00017642312706944894,-2.946828838850277,-0.0010060117842715405,-0.5070880627932862,conditional_scenario_only
0.1,100,0.5,transfer_github_to_arxiv_one_percent,pile_cc_only,0.5,0.5,3.058439808383347,3.0592931965585177,0.9997210505432657,0.9996665916287528,-0.00017642312706944894,-2.9419997764644616,-0.0010058198827753435,-0.5069913333518671,conditional_scenario_only
0.1,100,0.5,transfer_github_to_arxiv_one_percent,pile_cc_only,1,-0.5,3.059122518923483,3.0592931965585177,0.9999442101086531,0.9993896167731772,-0.00017642312706944894,-2.9477777765726296,-0.001006044403733241,-0.5071045048866112,conditional_scenario_only
0.1,100,0.5,transfer_github_to_arxiv_one_percent,pile_cc_only,1,0,3.0587534664861584,3.0592931965585177,0.9998235768729306,0.9998235768729306,-0.00017642312706944894,-2.9465688715388096,-0.0010059230345703658,-0.5070433278162751,conditional_scenario_only
0.1,100,0.5,transfer_github_to_arxiv_one_percent,pile_cc_only,1,0.5,3.057586420208175,3.0592931965585177,0.9994421010865312,0.9993331832575055,-0.00017642312706944894,-2.9369107467671784,-0.0010055392315779716,-0.5068498689334369,conditional_scenario_only
0.1,100,0.5,transfer_github_to_arxiv_one_percent,equal_13,0,-0.5,3.0592931965585177,3.0592931965585177,1.0,1.0,-0.00011070233614019032,-2.947088806161744,-0.0010061005339727154,-0.5071327977702973,conditional_scenario_only
0.1,100,0.5,transfer_github_to_arxiv_one_percent,equal_13,0,0,3.0592931965585177,3.0592931965585177,1.0,1.0,-0.00011070233614019032,-2.947088806161744,-0.0010061005339727154,-0.5071327977702973,conditional_scenario_only
0.1,100,0.5,transfer_github_to_arxiv_one_percent,equal_13,0,0.5,3.0592931965585177,3.0592931965585177,1.0,1.0,-0.00011070233614019032,-2.947088806161744,-0.0010061005339727154,-0.5071327977702973,conditional_scenario_only
0.1,100,0.5,transfer_github_to_arxiv_one_percent,equal_13,0.25,-0.5,3.059266422272687,3.0592931965585177,0.9999912482118873,0.9999042488784315,-0.00011070233614019032,-2.9471968852941166,-0.001006091728794022,-0.5071283594515062,conditional_scenario_only
0.1,100,0.5,transfer_github_to_arxiv_one_percent,equal_13,0.25,0,3.0592085288325683,3.0592931965585177,0.999972324415965,0.999972324415965,-0.00011070233614019032,-2.94700724375783,-0.0010060726895528397,-0.5071187625739356,conditional_scenario_only
0.1,100,0.5,transfer_github_to_arxiv_one_percent,equal_13,0.25,0.5,3.0590254537002113,3.0592931965585177,0.9999124821188738,0.9998953961246497,-0.00011070233614019032,-2.945492168902406,-0.0010060124821857823,-0.5070884145823868,conditional_scenario_only
0.1,100,0.5,transfer_github_to_arxiv_one_percent,equal_13,0.5,-0.5,3.0592396479868564,3.0592931965585177,0.9999824964237748,0.9998084977568631,-0.00011070233614019032,-2.9473049644264893,-0.001006082923615329,-0.5071239211327152,conditional_scenario_only
0.1,100,0.5,transfer_github_to_arxiv_one_percent,equal_13,0.5,0,3.0591238611066194,3.0592931965585177,0.9999446488319299,0.9999446488319299,-0.00011070233614019032,-2.9469256813539166,-0.001006044845132964,-0.5071047273775741,conditional_scenario_only
0.1,100,0.5,transfer_github_to_arxiv_one_percent,equal_13,0.5,0.5,3.058757710841905,3.0592931965585177,0.9998249642377477,0.9997907922492995,-0.00011070233614019032,-2.9438955316430677,-0.001005924430398849,-0.5070440313944764,conditional_scenario_only
0.1,100,0.5,transfer_github_to_arxiv_one_percent,equal_13,1,-0.5,3.059186099415195,3.0592931965585177,0.9999649928475496,0.9996169955137261,-0.00011070233614019032,-2.9475211226912346,-0.0010060653132579422,-0.5071150444951331,conditional_scenario_only
0.1,100,0.5,transfer_github_to_arxiv_one_percent,equal_13,1,0,3.058954525654721,3.0592931965585177,0.9998892976638598,0.9998892976638598,-0.00011070233614019032,-2.9467625565460893,-0.0010059891562932128,-0.5070766569848508,conditional_scenario_only
0.1,100,0.5,transfer_github_to_arxiv_one_percent,equal_13,1,0.5,3.058222225125292,3.0592931965585177,0.9996499284754954,0.9995815844985988,-0.00011070233614019032,-2.940702257124392,-0.0010057483268249828,-0.5069552650186555,conditional_scenario_only
0.1,100,0.5,transfer_pile_cc_to_arxiv_one_percent,arxiv_only,0,-0.5,3.0592931965585177,3.0592931965585177,1.0,1.0,-0.00682654132338935,-2.947088806161744,-0.0010061005339727154,-0.5071327977702973,conditional_scenario_only
0.1,100,0.5,transfer_pile_cc_to_arxiv_one_percent,arxiv_only,0,0,3.0592931965585177,3.0592931965585177,1.0,1.0,-0.00682654132338935,-2.947088806161744,-0.0010061005339727154,-0.5071327977702973,conditional_scenario_only
0.1,100,0.5,transfer_pile_cc_to_arxiv_one_percent,arxiv_only,0,0.5,3.0592931965585177,3.0592931965585177,1.0,1.0,-0.00682654132338935,-2.947088806161744,-0.0010061005339727154,-0.5071327977702973,conditional_scenario_only
0.1,100,0.5,transfer_pile_cc_to_arxiv_one_percent,arxiv_only,0.25,-0.5,3.0576421404471485,3.0592931965585177,0.9994603145219207,0.9940954363662179,-0.00682654132338935,-2.9537535856872954,-0.0010055575561250425,-0.5068591055638829,conditional_scenario_only
0.1,100,0.5,transfer_pile_cc_to_arxiv_one_percent,arxiv_only,0.25,0,3.05407209870185,3.0592931965585177,0.9982933646691526,0.9982933646691526,-0.00682654132338935,-2.9420592002820034,-0.0010043834872550531,-0.5062673070201911,conditional_scenario_only
0.1,100,0.5,transfer_pile_cc_to_arxiv_one_percent,arxiv_only,0.25,0.5,3.0427826354448246,3.0592931965585177,0.9946031452192073,0.9935495247655736,-0.00682654132338935,-2.848630990280324,-0.0010006707554959867,-0.504395875706154,conditional_scenario_only
0.1,100,0.5,transfer_pile_cc_to_arxiv_one_percent,arxiv_only,0.5,-0.5,3.055991084335779,3.0592931965585177,0.9989206290438415,0.9881908727324358,-0.00682654132338935,-2.9604183652128464,-0.0010050145782773698,-0.5065854133574687,conditional_scenario_only
0.1,100,0.5,transfer_pile_cc_to_arxiv_one_percent,arxiv_only,0.5,0,3.048851000845182,3.0592931965585177,0.9965867293383053,0.9965867293383053,-0.00682654132338935,-2.9370295944022633,-0.001002666440537391,-0.5054018162700847,conditional_scenario_only
0.1,100,0.5,transfer_pile_cc_to_arxiv_one_percent,arxiv_only,0.5,0.5,3.0262720743311315,3.0592931965585177,0.9892062904384148,0.9870990495311471,-0.00682654132338935,-2.750173174398904,-0.0009952409770192581,-0.5016589536420106,conditional_scenario_only
0.1,100,0.5,transfer_pile_cc_to_arxiv_one_percent,arxiv_only,1,-0.5,3.0526889721130406,3.0592931965585177,0.997841258087683,0.9763817454648717,-0.00682654132338935,-2.9737479242639484,-0.001003928622582024,-0.50603802894464,conditional_scenario_only
0.1,100,0.5,transfer_pile_cc_to_arxiv_one_percent,arxiv_only,1,0,3.038408805131847,3.0592931965585177,0.9931734586766107,0.9931734586766107,-0.00682654132338935,-2.9269703826427826,-0.0009992323471020666,-0.5036708347698723,conditional_scenario_only
0.1,100,0.5,transfer_pile_cc_to_arxiv_one_percent,arxiv_only,1,0.5,2.9932509521037454,3.0592931965585177,0.9784125808768296,0.9741980990622943,-0.00682654132338935,-2.553257542636064,-0.0009843814200658008,-0.49618510951372385,conditional_scenario_only
0.1,100,0.5,transfer_pile_cc_to_arxiv_one_percent,pile_cc_only,0,-0.5,3.0592931965585177,3.0592931965585177,1.0,1.0,0.0023007360094061857,-2.947088806161744,-0.0010061005339727154,-0.5071327977702973,conditional_scenario_only
0.1,100,0.5,transfer_pile_cc_to_arxiv_one_percent,pile_cc_only,0,0,3.0592931965585177,3.0592931965585177,1.0,1.0,0.0023007360094061857,-2.947088806161744,-0.0010061005339727154,-0.5071327977702973,conditional_scenario_only
0.1,100,0.5,transfer_pile_cc_to_arxiv_one_percent,pile_cc_only,0,0.5,3.0592931965585177,3.0592931965585177,1.0,1.0,0.0023007360094061857,-2.947088806161744,-0.0010061005339727154,-0.5071327977702973,conditional_scenario_only
0.1,100,0.5,transfer_pile_cc_to_arxiv_one_percent,pile_cc_only,0.25,-0.5,3.0598496488041023,3.0592931965585177,1.0001818891521121,1.0001521793828325,0.0023007360094061857,-2.944842588417972,-0.0010062835327457793,-0.507225039724892,conditional_scenario_only
0.1,100,0.5,transfer_pile_cc_to_arxiv_one_percent,pile_cc_only,0.25,0,3.061052853063681,3.0592931965585177,1.0005751840023516,1.0005751840023516,0.0023007360094061857,-2.9487839244965577,-0.001006679226904614,-0.5074244924426425,conditional_scenario_only
0.1,100,0.5,transfer_pile_cc_to_arxiv_one_percent,pile_cc_only,0.25,0.5,3.064857719014366,3.0592931965585177,1.0018188915211226,1.0001662492609167,0.0023007360094061857,-2.9802718532825074,-0.0010079305217033554,-0.5080552173162448,conditional_scenario_only
0.1,100,0.5,transfer_pile_cc_to_arxiv_one_percent,pile_cc_only,0.5,-0.5,3.0604061010496872,3.0592931965585177,1.0003637783042245,1.000304358765665,0.0023007360094061857,-2.9425963706742007,-0.0010064665315188434,-0.5073172816794868,conditional_scenario_only
0.1,100,0.5,transfer_pile_cc_to_arxiv_one_percent,pile_cc_only,0.5,0,3.0628125095688445,3.0592931965585177,1.0011503680047031,1.0011503680047031,0.0023007360094061857,-2.9504790428313714,-0.0010072579198365124,-0.5077161871149878,conditional_scenario_only
0.1,100,0.5,transfer_pile_cc_to_arxiv_one_percent,pile_cc_only,0.5,0.5,3.0704222414702143,3.0592931965585177,1.0036377830422452,1.0003324985218331,0.0023007360094061857,-3.013454900403271,-0.0010097605094339952,-0.5089776368621924,conditional_scenario_only
0.1,100,0.5,transfer_pile_cc_to_arxiv_one_percent,pile_cc_only,1,-0.5,3.061519005540857,3.0592931965585177,1.000727556608449,1.00060871753133,0.0023007360094061857,-2.938103935186657,-0.0010068325290649713,-0.5075017655886763,conditional_scenario_only
0.1,100,0.5,transfer_pile_cc_to_arxiv_one_percent,pile_cc_only,1,0,3.0663318225791714,3.0592931965585177,1.0023007360094063,1.0023007360094063,0.0023007360094061857,-2.9538692795009984,-0.0010084153057003094,-0.5082995764596784,conditional_scenario_only
0.1,100,0.5,transfer_pile_cc_to_arxiv_one_percent,pile_cc_only,1,0.5,3.0815512863819103,3.0592931965585177,1.00727556608449,1.0006649970436665,0.0023007360094061857,-3.0798209946447974,-0.0010134204848952747,-0.5108224759540875,conditional_scenario_only
0.1,100,0.5,transfer_pile_cc_to_arxiv_one_percent,equal_13,0,-0.5,3.0592931965585177,3.0592931965585177,1.0,1.0,0.00020057159855891798,-2.947088806161744,-0.0010061005339727154,-0.5071327977702973,conditional_scenario_only
0.1,100,0.5,transfer_pile_cc_to_arxiv_one_percent,equal_13,0,0,3.0592931965585177,3.0592931965585177,1.0,1.0,0.00020057159855891798,-2.947088806161744,-0.0010061005339727154,-0.5071327977702973,conditional_scenario_only
0.1,100,0.5,transfer_pile_cc_to_arxiv_one_percent,equal_13,0,0.5,3.0592931965585177,3.0592931965585177,1.0,1.0,0.00020057159855891798,-2.947088806161744,-0.0010061005339727154,-0.5071327977702973,conditional_scenario_only
0.1,100,0.5,transfer_pile_cc_to_arxiv_one_percent,equal_13,0.25,-0.5,3.0593417064770665,3.0592931965585177,1.0000158565771347,1.0000132665642463,0.00020057159855891798,-2.9468929873099774,-0.0010061164872834376,-0.5071408391606227,conditional_scenario_only
0.1,100,0.5,transfer_pile_cc_to_arxiv_one_percent,equal_13,0.25,0,3.0594465983902412,3.0592931965585177,1.0000501428996398,1.0000501428996398,0.00020057159855891798,-2.947236581739981,-0.001006150982770818,-0.5071582268792799,conditional_scenario_only
0.1,100,0.5,transfer_pile_cc_to_arxiv_one_percent,equal_13,0.25,0.5,3.059778295744006,3.0592931965585177,1.0001585657713468,1.0000144931360595,0.00020057159855891798,-2.9499816094989617,-0.0010062600670799372,-0.5072132116735509,conditional_scenario_only
0.1,100,0.5,transfer_pile_cc_to_arxiv_one_percent,equal_13,0.5,-0.5,3.0593902163956153,3.0592931965585177,1.0000317131542693,1.0000265331284925,0.00020057159855891798,-2.946697168458211,-0.0010061324405941598,-0.507148880550948,conditional_scenario_only
0.1,100,0.5,transfer_pile_cc_to_arxiv_one_percent,equal_13,0.5,0,3.059600000221965,3.0592931965585177,1.0001002857992796,1.0001002857992796,0.00020057159855891798,-2.9473843573182177,-0.0010062014315689205,-0.5071836559882625,conditional_scenario_only
0.1,100,0.5,transfer_pile_cc_to_arxiv_one_percent,equal_13,0.5,0.5,3.060263394929494,3.0592931965585177,1.0003171315426935,1.000028986272119,0.00020057159855891798,-2.9528744128361795,-0.001006419600187159,-0.5072936255768047,conditional_scenario_only
0.1,100,0.5,transfer_pile_cc_to_arxiv_one_percent,equal_13,1,-0.5,3.059487236232713,3.0592931965585177,1.0000634263085386,1.0000530662569849,0.00020057159855891798,-2.9463055307546777,-0.001006164347215604,-0.5071649633315988,conditional_scenario_only
0.1,100,0.5,transfer_pile_cc_to_arxiv_one_percent,equal_13,1,0,3.059906803885412,3.0592931965585177,1.000200571598559,1.000200571598559,0.00020057159855891798,-2.947679908474691,-0.0010063023291651252,-0.5072345142062278,conditional_scenario_only
0.1,100,0.5,transfer_pile_cc_to_arxiv_one_percent,equal_13,1,0.5,3.0612335933004706,3.0592931965585177,1.000634263085387,1.000057972544238,0.00020057159855891798,-2.958660019510615,-0.0010067386664016026,-0.5074544533833121,conditional_scenario_only
1,100,0.5,reference,arxiv_only,0,-0.5,2.5673967252758954,2.5673967252758954,1.0,1.0,0.0,-0.1510620579457051,-0.0010061005339727154,-0.3701472576630735,conditional_scenario_only
1,100,0.5,reference,arxiv_only,0,0,2.5673967252758954,2.5673967252758954,1.0,1.0,0.0,-0.1510620579457051,-0.0010061005339727154,-0.3701472576630735,conditional_scenario_only
1,100,0.5,reference,arxiv_only,0,0.5,2.5673967252758954,2.5673967252758954,1.0,1.0,0.0,-0.1510620579457051,-0.0010061005339727154,-0.3701472576630735,conditional_scenario_only
1,100,0.5,reference,arxiv_only,0.25,-0.5,2.5673967252758954,2.5673967252758954,1.0,1.0,0.0,-0.1510620579457051,-0.0010061005339727154,-0.3701472576630735,conditional_scenario_only
1,100,0.5,reference,arxiv_only,0.25,0,2.5673967252758954,2.5673967252758954,1.0,1.0,0.0,-0.1510620579457051,-0.0010061005339727154,-0.3701472576630735,conditional_scenario_only
1,100,0.5,reference,arxiv_only,0.25,0.5,2.5673967252758954,2.5673967252758954,1.0,1.0,0.0,-0.1510620579457051,-0.0010061005339727154,-0.3701472576630735,conditional_scenario_only
1,100,0.5,reference,arxiv_only,0.5,-0.5,2.5673967252758954,2.5673967252758954,1.0,1.0,0.0,-0.1510620579457051,-0.0010061005339727154,-0.3701472576630735,conditional_scenario_only
1,100,0.5,reference,arxiv_only,0.5,0,2.5673967252758954,2.5673967252758954,1.0,1.0,0.0,-0.1510620579457051,-0.0010061005339727154,-0.3701472576630735,conditional_scenario_only
1,100,0.5,reference,arxiv_only,0.5,0.5,2.5673967252758954,2.5673967252758954,1.0,1.0,0.0,-0.1510620579457051,-0.0010061005339727154,-0.3701472576630735,conditional_scenario_only
1,100,0.5,reference,arxiv_only,1,-0.5,2.5673967252758954,2.5673967252758954,1.0,1.0,0.0,-0.1510620579457051,-0.0010061005339727154,-0.3701472576630735,conditional_scenario_only
1,100,0.5,reference,arxiv_only,1,0,2.5673967252758954,2.5673967252758954,1.0,1.0,0.0,-0.1510620579457051,-0.0010061005339727154,-0.3701472576630735,conditional_scenario_only
1,100,0.5,reference,arxiv_only,1,0.5,2.5673967252758954,2.5673967252758954,1.0,1.0,0.0,-0.1510620579457051,-0.0010061005339727154,-0.3701472576630735,conditional_scenario_only
1,100,0.5,reference,pile_cc_only,0,-0.5,2.5673967252758954,2.5673967252758954,1.0,1.0,0.0,-0.1510620579457051,-0.0010061005339727154,-0.3701472576630735,conditional_scenario_only
1,100,0.5,reference,pile_cc_only,0,0,2.5673967252758954,2.5673967252758954,1.0,1.0,0.0,-0.1510620579457051,-0.0010061005339727154,-0.3701472576630735,conditional_scenario_only
1,100,0.5,reference,pile_cc_only,0,0.5,2.5673967252758954,2.5673967252758954,1.0,1.0,0.0,-0.1510620579457051,-0.0010061005339727154,-0.3701472576630735,conditional_scenario_only
1,100,0.5,reference,pile_cc_only,0.25,-0.5,2.5673967252758954,2.5673967252758954,1.0,1.0,0.0,-0.1510620579457051,-0.0010061005339727154,-0.3701472576630735,conditional_scenario_only
1,100,0.5,reference,pile_cc_only,0.25,0,2.5673967252758954,2.5673967252758954,1.0,1.0,0.0,-0.1510620579457051,-0.0010061005339727154,-0.3701472576630735,conditional_scenario_only
1,100,0.5,reference,pile_cc_only,0.25,0.5,2.5673967252758954,2.5673967252758954,1.0,1.0,0.0,-0.1510620579457051,-0.0010061005339727154,-0.3701472576630735,conditional_scenario_only
1,100,0.5,reference,pile_cc_only,0.5,-0.5,2.5673967252758954,2.5673967252758954,1.0,1.0,0.0,-0.1510620579457051,-0.0010061005339727154,-0.3701472576630735,conditional_scenario_only
1,100,0.5,reference,pile_cc_only,0.5,0,2.5673967252758954,2.5673967252758954,1.0,1.0,0.0,-0.1510620579457051,-0.0010061005339727154,-0.3701472576630735,conditional_scenario_only
1,100,0.5,reference,pile_cc_only,0.5,0.5,2.5673967252758954,2.5673967252758954,1.0,1.0,0.0,-0.1510620579457051,-0.0010061005339727154,-0.3701472576630735,conditional_scenario_only
1,100,0.5,reference,pile_cc_only,1,-0.5,2.5673967252758954,2.5673967252758954,1.0,1.0,0.0,-0.1510620579457051,-0.0010061005339727154,-0.3701472576630735,conditional_scenario_only
1,100,0.5,reference,pile_cc_only,1,0,2.5673967252758954,2.5673967252758954,1.0,1.0,0.0,-0.1510620579457051,-0.0010061005339727154,-0.3701472576630735,conditional_scenario_only
1,100,0.5,reference,pile_cc_only,1,0.5,2.5673967252758954,2.5673967252758954,1.0,1.0,0.0,-0.1510620579457051,-0.0010061005339727154,-0.3701472576630735,conditional_scenario_only
1,100,0.5,reference,equal_13,0,-0.5,2.5673967252758954,2.5673967252758954,1.0,1.0,0.0,-0.1510620579457051,-0.0010061005339727154,-0.3701472576630735,conditional_scenario_only
1,100,0.5,reference,equal_13,0,0,2.5673967252758954,2.5673967252758954,1.0,1.0,0.0,-0.1510620579457051,-0.0010061005339727154,-0.3701472576630735,conditional_scenario_only
1,100,0.5,reference,equal_13,0,0.5,2.5673967252758954,2.5673967252758954,1.0,1.0,0.0,-0.1510620579457051,-0.0010061005339727154,-0.3701472576630735,conditional_scenario_only
1,100,0.5,reference,equal_13,0.25,-0.5,2.5673967252758954,2.5673967252758954,1.0,1.0,0.0,-0.1510620579457051,-0.0010061005339727154,-0.3701472576630735,conditional_scenario_only
1,100,0.5,reference,equal_13,0.25,0,2.5673967252758954,2.5673967252758954,1.0,1.0,0.0,-0.1510620579457051,-0.0010061005339727154,-0.3701472576630735,conditional_scenario_only
1,100,0.5,reference,equal_13,0.25,0.5,2.5673967252758954,2.5673967252758954,1.0,1.0,0.0,-0.1510620579457051,-0.0010061005339727154,-0.3701472576630735,conditional_scenario_only
1,100,0.5,reference,equal_13,0.5,-0.5,2.5673967252758954,2.5673967252758954,1.0,1.0,0.0,-0.1510620579457051,-0.0010061005339727154,-0.3701472576630735,conditional_scenario_only
1,100,0.5,reference,equal_13,0.5,0,2.5673967252758954,2.5673967252758954,1.0,1.0,0.0,-0.1510620579457051,-0.0010061005339727154,-0.3701472576630735,conditional_scenario_only
1,100,0.5,reference,equal_13,0.5,0.5,2.5673967252758954,2.5673967252758954,1.0,1.0,0.0,-0.1510620579457051,-0.0010061005339727154,-0.3701472576630735,conditional_scenario_only
1,100,0.5,reference,equal_13,1,-0.5,2.5673967252758954,2.5673967252758954,1.0,1.0,0.0,-0.1510620579457051,-0.0010061005339727154,-0.3701472576630735,conditional_scenario_only
1,100,0.5,reference,equal_13,1,0,2.5673967252758954,2.5673967252758954,1.0,1.0,0.0,-0.1510620579457051,-0.0010061005339727154,-0.3701472576630735,conditional_scenario_only
1,100,0.5,reference,equal_13,1,0.5,2.5673967252758954,2.5673967252758954,1.0,1.0,0.0,-0.1510620579457051,-0.0010061005339727154,-0.3701472576630735,conditional_scenario_only
1,100,0.5,transfer_freelaw_to_arxiv_one_percent,arxiv_only,0,-0.5,2.5673967252758954,2.5673967252758954,1.0,1.0,-0.007510589596971581,-0.1510620579457051,-0.0010061005339727154,-0.3701472576630735,conditional_scenario_only
1,100,0.5,transfer_freelaw_to_arxiv_one_percent,arxiv_only,0,0,2.5673967252758954,2.5673967252758954,1.0,1.0,-0.007510589596971581,-0.1510620579457051,-0.0010061005339727154,-0.3701472576630735,conditional_scenario_only
1,100,0.5,transfer_freelaw_to_arxiv_one_percent,arxiv_only,0,0.5,2.5673967252758954,2.5673967252758954,1.0,1.0,-0.007510589596971581,-0.1510620579457051,-0.0010061005339727154,-0.3701472576630735,conditional_scenario_only
1,100,0.5,transfer_freelaw_to_arxiv_one_percent,arxiv_only,0.25,-0.5,2.5625760594918563,2.5673967252758954,0.9981223526007571,0.9935037741512531,-0.007510589596971581,-0.15318874955749856,-0.0010042114319217246,-0.36945225162738554,conditional_scenario_only
1,100,0.5,transfer_freelaw_to_arxiv_one_percent,arxiv_only,0.25,0,2.5625760594918563,2.5673967252758954,0.9981223526007571,0.9981223526007571,-0.007510589596971581,-0.15077841666547906,-0.0010042114319217246,-0.36945225162738554,conditional_scenario_only
1,100,0.5,transfer_freelaw_to_arxiv_one_percent,arxiv_only,0.25,0.5,2.5625760594918563,2.5673967252758954,0.9981223526007571,0.9929031599024801,-0.007510589596971581,-0.14836808377345956,-0.0010042114319217246,-0.36945225162738554,conditional_scenario_only
1,100,0.5,transfer_freelaw_to_arxiv_one_percent,arxiv_only,0.5,-0.5,2.5577553937078172,2.5673967252758954,0.9962447052015142,0.9870075483025063,-0.007510589596971581,-0.15531544116929202,-0.001002322329870734,-0.3687572455916976,conditional_scenario_only
1,100,0.5,transfer_freelaw_to_arxiv_one_percent,arxiv_only,0.5,0,2.5577553937078172,2.5673967252758954,0.9962447052015142,0.9962447052015142,-0.007510589596971581,-0.15049477538525302,-0.001002322329870734,-0.3687572455916976,conditional_scenario_only
1,100,0.5,transfer_freelaw_to_arxiv_one_percent,arxiv_only,0.5,0.5,2.5577553937078172,2.5673967252758954,0.9962447052015142,0.9858063198049603,-0.007510589596971581,-0.14567410960121402,-0.001002322329870734,-0.3687572455916976,conditional_scenario_only
1,100,0.5,transfer_freelaw_to_arxiv_one_percent,arxiv_only,1,-0.5,2.548114062139739,2.5673967252758954,0.9924894104030284,0.9740150966050126,-0.007510589596971581,-0.159568824392879,-0.0009985441257687525,-0.36736723352032163,conditional_scenario_only
1,100,0.5,transfer_freelaw_to_arxiv_one_percent,arxiv_only,1,0,2.548114062139739,2.5673967252758954,0.9924894104030284,0.9924894104030284,-0.007510589596971581,-0.14992749282480097,-0.0009985441257687525,-0.36736723352032163,conditional_scenario_only
1,100,0.5,transfer_freelaw_to_arxiv_one_percent,arxiv_only,1,0.5,2.548114062139739,2.5673967252758954,0.9924894104030284,0.9716126396099205,-0.007510589596971581,-0.14028616125672294,-0.0009985441257687525,-0.36736723352032163,conditional_scenario_only
1,100,0.5,transfer_freelaw_to_arxiv_one_percent,pile_cc_only,0,-0.5,2.5673967252758954,2.5673967252758954,1.0,1.0,0.0004141043887303938,-0.1510620579457051,-0.0010061005339727154,-0.3701472576630735,conditional_scenario_only
1,100,0.5,transfer_freelaw_to_arxiv_one_percent,pile_cc_only,0,0,2.5673967252758954,2.5673967252758954,1.0,1.0,0.0004141043887303938,-0.1510620579457051,-0.0010061005339727154,-0.3701472576630735,conditional_scenario_only
1,100,0.5,transfer_freelaw_to_arxiv_one_percent,pile_cc_only,0,0.5,2.5673967252758954,2.5673967252758954,1.0,1.0,0.0004141043887303938,-0.1510620579457051,-0.0010061005339727154,-0.3701472576630735,conditional_scenario_only
1,100,0.5,transfer_freelaw_to_arxiv_one_percent,pile_cc_only,0.25,-0.5,2.567662517838783,2.5673967252758954,1.0001035260971827,1.000027390430735,0.0004141043887303938,-0.15094480052955297,-0.001006204691634371,-0.37018557756404225,conditional_scenario_only
1,100,0.5,transfer_freelaw_to_arxiv_one_percent,pile_cc_only,0.25,0,2.567662517838783,2.5673967252758954,1.0001035260971827,1.0001035260971827,0.0004141043887303938,-0.1510776968109966,-0.001006204691634371,-0.37018557756404225,conditional_scenario_only
1,100,0.5,transfer_freelaw_to_arxiv_one_percent,pile_cc_only,0.25,0.5,2.567662517838783,2.5673967252758954,1.0001035260971827,1.0000299228369909,0.0004141043887303938,-0.1512105930924402,-0.001006204691634371,-0.37018557756404225,conditional_scenario_only
1,100,0.5,transfer_freelaw_to_arxiv_one_percent,pile_cc_only,0.5,-0.5,2.5679283104016695,2.5673967252758954,1.0002070521943651,1.0000547808614701,0.0004141043887303938,-0.15082754311340088,-0.0010063088492960263,-0.3702238974650109,conditional_scenario_only
1,100,0.5,transfer_freelaw_to_arxiv_one_percent,pile_cc_only,0.5,0,2.5679283104016695,2.5673967252758954,1.0002070521943651,1.0002070521943651,0.0004141043887303938,-0.15109333567628808,-0.0010063088492960263,-0.3702238974650109,conditional_scenario_only
1,100,0.5,transfer_freelaw_to_arxiv_one_percent,pile_cc_only,0.5,0.5,2.5679283104016695,2.5673967252758954,1.0002070521943651,1.000059845673982,0.0004141043887303938,-0.15135912823917527,-0.0010063088492960263,-0.3702238974650109,conditional_scenario_only
1,100,0.5,transfer_freelaw_to_arxiv_one_percent,pile_cc_only,1,-0.5,2.5684598955274445,2.5673967252758954,1.0004141043887305,1.00010956172294,0.0004141043887303938,-0.15059302828109666,-0.0010065171646193377,-0.37030053726694834,conditional_scenario_only
1,100,0.5,transfer_freelaw_to_arxiv_one_percent,pile_cc_only,1,0,2.5684598955274445,2.5673967252758954,1.0004141043887305,1.0004141043887305,0.0004141043887303938,-0.15112461340687106,-0.0010065171646193377,-0.37030053726694834,conditional_scenario_only
1,100,0.5,transfer_freelaw_to_arxiv_one_percent,pile_cc_only,1,0.5,2.5684598955274445,2.5673967252758954,1.0004141043887305,1.000119691347964,0.0004141043887303938,-0.15165619853264545,-0.0010065171646193377,-0.37030053726694834,conditional_scenario_only
1,100,0.5,transfer_freelaw_to_arxiv_one_percent,equal_13,0,-0.5,2.5673967252758954,2.5673967252758954,1.0,1.0,-0.00017177273191516148,-0.1510620579457051,-0.0010061005339727154,-0.3701472576630735,conditional_scenario_only
1,100,0.5,transfer_freelaw_to_arxiv_one_percent,equal_13,0,0,2.5673967252758954,2.5673967252758954,1.0,1.0,-0.00017177273191516148,-0.1510620579457051,-0.0010061005339727154,-0.3701472576630735,conditional_scenario_only
1,100,0.5,transfer_freelaw_to_arxiv_one_percent,equal_13,0,0.5,2.5673967252758954,2.5673967252758954,1.0,1.0,-0.00017177273191516148,-0.1510620579457051,-0.0010061005339727154,-0.3701472576630735,conditional_scenario_only
1,100,0.5,transfer_freelaw_to_arxiv_one_percent,equal_13,0.25,-0.5,2.5672864730885427,2.5673967252758954,0.9999570568170212,0.9998514265162848,-0.00017177273191516148,-0.1511106969537859,-0.00100605732881339,-0.37013136236165856,conditional_scenario_only
1,100,0.5,transfer_freelaw_to_arxiv_one_percent,equal_13,0.25,0,2.5672864730885427,2.5673967252758954,0.9999570568170212,0.9999570568170212,-0.00017177273191516148,-0.15105557086010957,-0.00100605732881339,-0.37013136236165856,conditional_scenario_only
1,100,0.5,transfer_freelaw_to_arxiv_one_percent,equal_13,0.25,0.5,2.5672864730885427,2.5673967252758954,0.9999570568170212,0.9998376900247609,-0.00017177273191516148,-0.15100044476643323,-0.00100605732881339,-0.37013136236165856,conditional_scenario_only
1,100,0.5,transfer_freelaw_to_arxiv_one_percent,equal_13,0.5,-0.5,2.5671762209011897,2.5673967252758954,0.9999141136340424,0.9997028530325697,-0.00017177273191516148,-0.15115933596186673,-0.0010060141236540646,-0.3701154670602436,conditional_scenario_only
1,100,0.5,transfer_freelaw_to_arxiv_one_percent,equal_13,0.5,0,2.5671762209011897,2.5673967252758954,0.9999141136340424,0.9999141136340424,-0.00017177273191516148,-0.15104908377451406,-0.0010060141236540646,-0.3701154670602436,conditional_scenario_only
1,100,0.5,transfer_freelaw_to_arxiv_one_percent,equal_13,0.5,0.5,2.5671762209011897,2.5673967252758954,0.9999141136340424,0.9996753800495216,-0.00017177273191516148,-0.1509388315871614,-0.0010060141236540646,-0.3701154670602436,conditional_scenario_only
1,100,0.5,transfer_freelaw_to_arxiv_one_percent,equal_13,1,-0.5,2.566955716526485,2.5673967252758954,0.9998282272680848,0.9994057060651392,-0.00017177273191516148,-0.15125661397802836,-0.0010059277133354137,-0.3700836764574138,conditional_scenario_only
1,100,0.5,transfer_freelaw_to_arxiv_one_percent,equal_13,1,0,2.566955716526485,2.5673967252758954,0.9998282272680848,0.9998282272680848,-0.00017177273191516148,-0.15103610960332303,-0.0010059277133354137,-0.3700836764574138,conditional_scenario_only
1,100,0.5,transfer_freelaw_to_arxiv_one_percent,equal_13,1,0.5,2.566955716526485,2.5673967252758954,0.9998282272680848,0.9993507600990433,-0.00017177273191516148,-0.1508156052286177,-0.0010059277133354137,-0.3700836764574138,conditional_scenario_only
1,100,0.5,transfer_arxiv_to_freelaw_one_percent,arxiv_only,0,-0.5,2.5673967252758954,2.5673967252758954,1.0,1.0,0.007510589596971581,-0.1510620579457051,-0.0010061005339727154,-0.3701472576630735,conditional_scenario_only
1,100,0.5,transfer_arxiv_to_freelaw_one_percent,arxiv_only,0,0,2.5673967252758954,2.5673967252758954,1.0,1.0,0.007510589596971581,-0.1510620579457051,-0.0010061005339727154,-0.3701472576630735,conditional_scenario_only
1,100,0.5,transfer_arxiv_to_freelaw_one_percent,arxiv_only,0,0.5,2.5673967252758954,2.5673967252758954,1.0,1.0,0.007510589596971581,-0.1510620579457051,-0.0010061005339727154,-0.3701472576630735,conditional_scenario_only
1,100,0.5,transfer_arxiv_to_freelaw_one_percent,arxiv_only,0.25,-0.5,2.572217391059934,2.5673967252758954,1.0018776473992428,1.0004967788068264,0.007510589596971581,-0.1489353663339116,-0.001007989636023706,-0.3708422636987614,conditional_scenario_only
1,100,0.5,transfer_arxiv_to_freelaw_one_percent,arxiv_only,0.25,0,2.572217391059934,2.5673967252758954,1.0018776473992428,1.0018776473992428,0.007510589596971581,-0.1513456992259311,-0.001007989636023706,-0.3708422636987614,conditional_scenario_only
1,100,0.5,transfer_arxiv_to_freelaw_one_percent,arxiv_only,0.25,0.5,2.572217391059934,2.5673967252758954,1.0018776473992428,1.000542708926378,0.007510589596971581,-0.1537560321179506,-0.001007989636023706,-0.3708422636987614,conditional_scenario_only
1,100,0.5,transfer_arxiv_to_freelaw_one_percent,arxiv_only,0.5,-0.5,2.5770380568439735,2.5673967252758954,1.0037552947984858,1.0009935576136528,0.007510589596971581,-0.14680867472211817,-0.001009878738074697,-0.3715372697344494,conditional_scenario_only
1,100,0.5,transfer_arxiv_to_freelaw_one_percent,arxiv_only,0.5,0,2.5770380568439735,2.5673967252758954,1.0037552947984858,1.0037552947984858,0.007510589596971581,-0.15162934050615717,-0.001009878738074697,-0.3715372697344494,conditional_scenario_only
1,100,0.5,transfer_arxiv_to_freelaw_one_percent,arxiv_only,0.5,0.5,2.5770380568439735,2.5673967252758954,1.0037552947984858,1.0010854178527564,0.007510589596971581,-0.15645000629019618,-0.001009878738074697,-0.3715372697344494,conditional_scenario_only
1,100,0.5,transfer_arxiv_to_freelaw_one_percent,arxiv_only,1,-0.5,2.5866793884120516,2.5673967252758954,1.0075105895969716,1.0019871152273057,0.007510589596971581,-0.1425552914985312,-0.0010136569421766784,-0.37292728180582535,conditional_scenario_only
1,100,0.5,transfer_arxiv_to_freelaw_one_percent,arxiv_only,1,0,2.5866793884120516,2.5673967252758954,1.0075105895969716,1.0075105895969716,0.007510589596971581,-0.15219662306660922,-0.0010136569421766784,-0.37292728180582535,conditional_scenario_only
1,100,0.5,transfer_arxiv_to_freelaw_one_percent,arxiv_only,1,0.5,2.5866793884120516,2.5673967252758954,1.0075105895969716,1.0021708357055128,0.007510589596971581,-0.16183795463468725,-0.0010136569421766784,-0.37292728180582535,conditional_scenario_only
1,100,0.5,transfer_arxiv_to_freelaw_one_percent,pile_cc_only,0,-0.5,2.5673967252758954,2.5673967252758954,1.0,1.0,-0.0004141043887303938,-0.1510620579457051,-0.0010061005339727154,-0.3701472576630735,conditional_scenario_only
1,100,0.5,transfer_arxiv_to_freelaw_one_percent,pile_cc_only,0,0,2.5673967252758954,2.5673967252758954,1.0,1.0,-0.0004141043887303938,-0.1510620579457051,-0.0010061005339727154,-0.3701472576630735,conditional_scenario_only
1,100,0.5,transfer_arxiv_to_freelaw_one_percent,pile_cc_only,0,0.5,2.5673967252758954,2.5673967252758954,1.0,1.0,-0.0004141043887303938,-0.1510620579457051,-0.0010061005339727154,-0.3701472576630735,conditional_scenario_only
1,100,0.5,transfer_arxiv_to_freelaw_one_percent,pile_cc_only,0.25,-0.5,2.5671309327130083,2.5673967252758954,0.9998964739028174,0.9996418236412179,-0.0004141043887303938,-0.15117931536185722,-0.0010059963763110599,-0.3701089377621048,conditional_scenario_only
1,100,0.5,transfer_arxiv_to_freelaw_one_percent,pile_cc_only,0.25,0,2.5671309327130083,2.5673967252758954,0.9998964739028174,0.9998964739028174,-0.0004141043887303938,-0.1510464190804136,-0.0010059963763110599,-0.3701089377621048,conditional_scenario_only
1,100,0.5,transfer_arxiv_to_freelaw_one_percent,pile_cc_only,0.25,0.5,2.5671309327130083,2.5673967252758954,0.9998964739028174,0.9996087081323568,-0.0004141043887303938,-0.15091352279897,-0.0010059963763110599,-0.3701089377621048,conditional_scenario_only
1,100,0.5,transfer_arxiv_to_freelaw_one_percent,pile_cc_only,0.5,-0.5,2.566865140150121,2.5673967252758954,0.9997929478056348,0.9992836472824358,-0.0004141043887303938,-0.15129657277800931,-0.0010058922186494043,-0.3700706178611361,conditional_scenario_only
1,100,0.5,transfer_arxiv_to_freelaw_one_percent,pile_cc_only,0.5,0,2.566865140150121,2.5673967252758954,0.9997929478056348,0.9997929478056348,-0.0004141043887303938,-0.15103078021512212,-0.0010058922186494043,-0.3700706178611361,conditional_scenario_only
1,100,0.5,transfer_arxiv_to_freelaw_one_percent,pile_cc_only,0.5,0.5,2.566865140150121,2.5673967252758954,0.9997929478056348,0.9992174162647135,-0.0004141043887303938,-0.15076498765223492,-0.0010058922186494043,-0.3700706178611361,conditional_scenario_only
1,100,0.5,transfer_arxiv_to_freelaw_one_percent,pile_cc_only,1,-0.5,2.5663335550243467,2.5673967252758954,0.9995858956112696,0.9985672945648717,-0.0004141043887303938,-0.15153108761031353,-0.0010056839033260935,-0.3699939780591987,conditional_scenario_only
1,100,0.5,transfer_arxiv_to_freelaw_one_percent,pile_cc_only,1,0,2.5663335550243467,2.5673967252758954,0.9995858956112696,0.9995858956112696,-0.0004141043887303938,-0.15099950248453914,-0.0010056839033260935,-0.3699939780591987,conditional_scenario_only
1,100,0.5,transfer_arxiv_to_freelaw_one_percent,pile_cc_only,1,0.5,2.5663335550243467,2.5673967252758954,0.9995858956112696,0.9984348325294271,-0.0004141043887303938,-0.15046791735876475,-0.0010056839033260935,-0.3699939780591987,conditional_scenario_only
1,100,0.5,transfer_arxiv_to_freelaw_one_percent,equal_13,0,-0.5,2.5673967252758954,2.5673967252758954,1.0,1.0,0.00017177273191516148,-0.1510620579457051,-0.0010061005339727154,-0.3701472576630735,conditional_scenario_only
1,100,0.5,transfer_arxiv_to_freelaw_one_percent,equal_13,0,0,2.5673967252758954,2.5673967252758954,1.0,1.0,0.00017177273191516148,-0.1510620579457051,-0.0010061005339727154,-0.3701472576630735,conditional_scenario_only
1,100,0.5,transfer_arxiv_to_freelaw_one_percent,equal_13,0,0.5,2.5673967252758954,2.5673967252758954,1.0,1.0,0.00017177273191516148,-0.1510620579457051,-0.0010061005339727154,-0.3701472576630735,conditional_scenario_only
1,100,0.5,transfer_arxiv_to_freelaw_one_percent,equal_13,0.25,-0.5,2.567506977463248,2.5673967252758954,1.0000429431829787,1.0000113616982667,0.00017177273191516148,-0.15101341893762427,-0.0010061437391320409,-0.3701631529644884,conditional_scenario_only
1,100,0.5,transfer_arxiv_to_freelaw_one_percent,equal_13,0.25,0,2.567506977463248,2.5673967252758954,1.0000429431829787,1.0000429431829787,0.00017177273191516148,-0.1510685450313006,-0.0010061437391320409,-0.3701631529644884,conditional_scenario_only
1,100,0.5,transfer_arxiv_to_freelaw_one_percent,equal_13,0.25,0.5,2.567506977463248,2.5673967252758954,1.0000429431829787,1.000012412154028,0.00017177273191516148,-0.15112367112497693,-0.0010061437391320409,-0.3701631529644884,conditional_scenario_only
1,100,0.5,transfer_arxiv_to_freelaw_one_percent,equal_13,0.5,-0.5,2.567617229650601,2.5673967252758954,1.0000858863659576,1.0000227233965335,0.00017177273191516148,-0.15096477992954346,-0.0010061869442913663,-0.37017904826590337,conditional_scenario_only
1,100,0.5,transfer_arxiv_to_freelaw_one_percent,equal_13,0.5,0,2.567617229650601,2.5673967252758954,1.0000858863659576,1.0000858863659576,0.00017177273191516148,-0.15107503211689613,-0.0010061869442913663,-0.37017904826590337,conditional_scenario_only
1,100,0.5,transfer_arxiv_to_freelaw_one_percent,equal_13,0.5,0.5,2.567617229650601,2.5673967252758954,1.0000858863659576,1.000024824308056,0.00017177273191516148,-0.1511852843042488,-0.0010061869442913663,-0.37017904826590337,conditional_scenario_only
1,100,0.5,transfer_arxiv_to_freelaw_one_percent,equal_13,1,-0.5,2.5678377340253062,2.5673967252758954,1.0001717727319153,1.000045446793067,0.00017177273191516148,-0.15086750191338183,-0.0010062733546100174,-0.37021083886873324,conditional_scenario_only
1,100,0.5,transfer_arxiv_to_freelaw_one_percent,equal_13,1,0,2.5678377340253062,2.5673967252758954,1.0001717727319153,1.0001717727319153,0.00017177273191516148,-0.15108800628808716,-0.0010062733546100174,-0.37021083886873324,conditional_scenario_only
1,100,0.5,transfer_arxiv_to_freelaw_one_percent,equal_13,1,0.5,2.5678377340253062,2.5673967252758954,1.0001717727319153,1.0000496486161121,0.00017177273191516148,-0.1513085106627925,-0.0010062733546100174,-0.37021083886873324,conditional_scenario_only
1,100,0.5,transfer_github_to_arxiv_one_percent,arxiv_only,0,-0.5,2.5673967252758954,2.5673967252758954,1.0,1.0,-0.006794843397108071,-0.1510620579457051,-0.0010061005339727154,-0.3701472576630735,conditional_scenario_only
1,100,0.5,transfer_github_to_arxiv_one_percent,arxiv_only,0,0,2.5673967252758954,2.5673967252758954,1.0,1.0,-0.006794843397108071,-0.1510620579457051,-0.0010061005339727154,-0.3701472576630735,conditional_scenario_only
1,100,0.5,transfer_github_to_arxiv_one_percent,arxiv_only,0,0.5,2.5673967252758954,2.5673967252758954,1.0,1.0,-0.006794843397108071,-0.1510620579457051,-0.0010061005339727154,-0.3701472576630735,conditional_scenario_only
1,100,0.5,transfer_github_to_arxiv_one_percent,arxiv_only,0.25,-0.5,2.563035460604271,2.5673967252758954,0.998301289150723,0.9941228532401399,-0.006794843397108071,-0.15298607952477083,-0.0010043914600801926,-0.3695184845006511,conditional_scenario_only
1,100,0.5,transfer_github_to_arxiv_one_percent,arxiv_only,0.25,0,2.563035460604271,2.5673967252758954,0.998301289150723,0.998301289150723,-0.006794843397108071,-0.1508054471889586,-0.0010043914600801926,-0.3695184845006511,conditional_scenario_only
1,100,0.5,transfer_github_to_arxiv_one_percent,arxiv_only,0.25,0.5,2.563035460604271,2.5673967252758954,0.998301289150723,0.9935794764905795,-0.006794843397108071,-0.14862481485314638,-0.0010043914600801926,-0.3695184845006511,conditional_scenario_only
1,100,0.5,transfer_github_to_arxiv_one_percent,arxiv_only,0.5,-0.5,2.5586741959326464,2.5673967252758954,0.9966025783014459,0.9882457064802799,-0.006794843397108071,-0.15491010110383657,-0.0010026823861876697,-0.3688897113382287,conditional_scenario_only
1,100,0.5,transfer_github_to_arxiv_one_percent,arxiv_only,0.5,0,2.5586741959326464,2.5673967252758954,0.9966025783014459,0.9966025783014459,-0.006794843397108071,-0.15054883643221212,-0.0010026823861876697,-0.3688897113382287,conditional_scenario_only
1,100,0.5,transfer_github_to_arxiv_one_percent,arxiv_only,0.5,0.5,2.5586741959326464,2.5673967252758954,0.9966025783014459,0.9871589529811591,-0.006794843397108071,-0.14618757176058766,-0.0010026823861876697,-0.3688897113382287,conditional_scenario_only
1,100,0.5,transfer_github_to_arxiv_one_percent,arxiv_only,1,-0.5,2.5499516665893975,2.5673967252758954,0.9932051566028919,0.9764914129605596,-0.006794843397108071,-0.15875814426196808,-0.000999264238402624,-0.36763216501338386,conditional_scenario_only
1,100,0.5,transfer_github_to_arxiv_one_percent,arxiv_only,1,0,2.5499516665893975,2.5673967252758954,0.9932051566028919,0.9932051566028919,-0.006794843397108071,-0.15003561491871917,-0.000999264238402624,-0.36763216501338386,conditional_scenario_only
1,100,0.5,transfer_github_to_arxiv_one_percent,arxiv_only,1,0.5,2.5499516665893975,2.5673967252758954,0.9932051566028919,0.9743179059623182,-0.006794843397108071,-0.14131308557547026,-0.000999264238402624,-0.36763216501338386,conditional_scenario_only
1,100,0.5,transfer_github_to_arxiv_one_percent,pile_cc_only,0,-0.5,2.5673967252758954,2.5673967252758954,1.0,1.0,-0.00017642312706944894,-0.1510620579457051,-0.0010061005339727154,-0.3701472576630735,conditional_scenario_only
1,100,0.5,transfer_github_to_arxiv_one_percent,pile_cc_only,0,0,2.5673967252758954,2.5673967252758954,1.0,1.0,-0.00017642312706944894,-0.1510620579457051,-0.0010061005339727154,-0.3701472576630735,conditional_scenario_only
1,100,0.5,transfer_github_to_arxiv_one_percent,pile_cc_only,0,0.5,2.5673967252758954,2.5673967252758954,1.0,1.0,-0.00017642312706944894,-0.1510620579457051,-0.0010061005339727154,-0.3701472576630735,conditional_scenario_only
1,100,0.5,transfer_github_to_arxiv_one_percent,pile_cc_only,0.25,-0.5,2.56728348823622,2.5673967252758954,0.9999558942182326,0.9998474041932943,-0.00017642312706944894,-0.15111201375538164,-0.001006056159122128,-0.3701309320289052,conditional_scenario_only
1,100,0.5,transfer_github_to_arxiv_one_percent,pile_cc_only,0.25,0,2.56728348823622,2.5673967252758954,0.9999558942182326,0.9999558942182326,-0.00017642312706944894,-0.151055395235544,-0.001006056159122128,-0.3701309320289052,conditional_scenario_only
1,100,0.5,transfer_github_to_arxiv_one_percent,pile_cc_only,0.25,0.5,2.56728348823622,2.5673967252758954,0.9999558942182326,0.9998332958143764,-0.00017642312706944894,-0.15099877671570638,-0.001006056159122128,-0.3701309320289052,conditional_scenario_only
1,100,0.5,transfer_github_to_arxiv_one_percent,pile_cc_only,0.5,-0.5,2.567170251196545,2.5673967252758954,0.9999117884364652,0.9996948083865886,-0.00017642312706944894,-0.15116196956505817,-0.0010060117842715405,-0.3701146063947369,conditional_scenario_only
1,100,0.5,transfer_github_to_arxiv_one_percent,pile_cc_only,0.5,0,2.567170251196545,2.5673967252758954,0.9999117884364652,0.9999117884364652,-0.00017642312706944894,-0.15104873252538292,-0.0010060117842715405,-0.3701146063947369,conditional_scenario_only
1,100,0.5,transfer_github_to_arxiv_one_percent,pile_cc_only,0.5,0.5,2.567170251196545,2.5673967252758954,0.9999117884364652,0.9996665916287528,-0.00017642312706944894,-0.15093549548570767,-0.0010060117842715405,-0.3701146063947369,conditional_scenario_only
1,100,0.5,transfer_github_to_arxiv_one_percent,pile_cc_only,1,-0.5,2.5669437771171943,2.5673967252758954,0.9998235768729306,0.9993896167731772,-0.00017642312706944894,-0.1512618811844113,-0.0010059230345703658,-0.3700819551264004,conditional_scenario_only
1,100,0.5,transfer_github_to_arxiv_one_percent,pile_cc_only,1,0,2.5669437771171943,2.5673967252758954,0.9998235768729306,0.9998235768729306,-0.00017642312706944894,-0.15103540710506078,-0.0010059230345703658,-0.3700819551264004,conditional_scenario_only
1,100,0.5,transfer_github_to_arxiv_one_percent,pile_cc_only,1,0.5,2.5669437771171943,2.5673967252758954,0.9998235768729306,0.9993331832575055,-0.00017642312706944894,-0.15080893302571025,-0.0010059230345703658,-0.3700819551264004,conditional_scenario_only
1,100,0.5,transfer_github_to_arxiv_one_percent,equal_13,0,-0.5,2.5673967252758954,2.5673967252758954,1.0,1.0,-0.00011070233614019032,-0.1510620579457051,-0.0010061005339727154,-0.3701472576630735,conditional_scenario_only
1,100,0.5,transfer_github_to_arxiv_one_percent,equal_13,0,0,2.5673967252758954,2.5673967252758954,1.0,1.0,-0.00011070233614019032,-0.1510620579457051,-0.0010061005339727154,-0.3701472576630735,conditional_scenario_only
1,100,0.5,transfer_github_to_arxiv_one_percent,equal_13,0,0.5,2.5673967252758954,2.5673967252758954,1.0,1.0,-0.00011070233614019032,-0.1510620579457051,-0.0010061005339727154,-0.3701472576630735,conditional_scenario_only
1,100,0.5,transfer_github_to_arxiv_one_percent,equal_13,0.25,-0.5,2.5673256710720738,2.5673967252758954,0.999972324415965,0.9999042488784315,-0.00011070233614019032,-0.15109340431693677,-0.0010060726895528397,-0.37013701362153867,conditional_scenario_only
1,100,0.5,transfer_github_to_arxiv_one_percent,equal_13,0.25,0,2.5673256710720738,2.5673967252758954,0.999972324415965,0.999972324415965,-0.00011070233614019032,-0.15105787721502592,-0.0010060726895528397,-0.37013701362153867,conditional_scenario_only
1,100,0.5,transfer_github_to_arxiv_one_percent,equal_13,0.25,0.5,2.5673256710720738,2.5673967252758954,0.999972324415965,0.9998953961246497,-0.00011070233614019032,-0.15102235011311507,-0.0010060726895528397,-0.37013701362153867,conditional_scenario_only
1,100,0.5,transfer_github_to_arxiv_one_percent,equal_13,0.5,-0.5,2.567254616868252,2.5673967252758954,0.9999446488319299,0.9998084977568631,-0.00011070233614019032,-0.15112475068816839,-0.001006044845132964,-0.3701267695800039,conditional_scenario_only
1,100,0.5,transfer_github_to_arxiv_one_percent,equal_13,0.5,0,2.567254616868252,2.5673967252758954,0.9999446488319299,0.9999446488319299,-0.00011070233614019032,-0.15105369648434672,-0.001006044845132964,-0.3701267695800039,conditional_scenario_only
1,100,0.5,transfer_github_to_arxiv_one_percent,equal_13,0.5,0.5,2.567254616868252,2.5673967252758954,0.9999446488319299,0.9997907922492995,-0.00011070233614019032,-0.15098264228052505,-0.001006044845132964,-0.3701267695800039,conditional_scenario_only
1,100,0.5,transfer_github_to_arxiv_one_percent,equal_13,1,-0.5,2.5671125084606086,2.5673967252758954,0.9998892976638598,0.9996169955137261,-0.00011070233614019032,-0.15118744343063173,-0.0010059891562932128,-0.3701062814969343,conditional_scenario_only
1,100,0.5,transfer_github_to_arxiv_one_percent,equal_13,1,0,2.5671125084606086,2.5673967252758954,0.9998892976638598,0.9998892976638598,-0.00011070233614019032,-0.15104533502298836,-0.0010059891562932128,-0.3701062814969343,conditional_scenario_only
1,100,0.5,transfer_github_to_arxiv_one_percent,equal_13,1,0.5,2.5671125084606086,2.5673967252758954,0.9998892976638598,0.9995815844985988,-0.00011070233614019032,-0.150903226615345,-0.0010059891562932128,-0.3701062814969343,conditional_scenario_only
1,100,0.5,transfer_pile_cc_to_arxiv_one_percent,arxiv_only,0,-0.5,2.5673967252758954,2.5673967252758954,1.0,1.0,-0.00682654132338935,-0.1510620579457051,-0.0010061005339727154,-0.3701472576630735,conditional_scenario_only
1,100,0.5,transfer_pile_cc_to_arxiv_one_percent,arxiv_only,0,0,2.5673967252758954,2.5673967252758954,1.0,1.0,-0.00682654132338935,-0.1510620579457051,-0.0010061005339727154,-0.3701472576630735,conditional_scenario_only
1,100,0.5,transfer_pile_cc_to_arxiv_one_percent,arxiv_only,0,0.5,2.5673967252758954,2.5673967252758954,1.0,1.0,-0.00682654132338935,-0.1510620579457051,-0.0010061005339727154,-0.3701472576630735,conditional_scenario_only
1,100,0.5,transfer_pile_cc_to_arxiv_one_percent,arxiv_only,0.25,-0.5,2.5630151153162375,2.5673967252758954,0.9982933646691526,0.9940954363662179,-0.00682654132338935,-0.15299505508029324,-0.0010043834872550531,-0.36951555127552943,conditional_scenario_only
1,100,0.5,transfer_pile_cc_to_arxiv_one_percent,arxiv_only,0.25,0,2.5630151153162375,2.5673967252758954,0.9982933646691526,0.9982933646691526,-0.00682654132338935,-0.15080425010046444,-0.0010043834872550531,-0.36951555127552943,conditional_scenario_only
1,100,0.5,transfer_pile_cc_to_arxiv_one_percent,arxiv_only,0.25,0.5,2.5630151153162375,2.5673967252758954,0.9982933646691526,0.9935495247655736,-0.00682654132338935,-0.14861344512063565,-0.0010043834872550531,-0.36951555127552943,conditional_scenario_only
1,100,0.5,transfer_pile_cc_to_arxiv_one_percent,arxiv_only,0.5,-0.5,2.55863350535658,2.5673967252758954,0.9965867293383053,0.9881908727324358,-0.00682654132338935,-0.1549280522148814,-0.001002666440537391,-0.36888384488798537,conditional_scenario_only
1,100,0.5,transfer_pile_cc_to_arxiv_one_percent,arxiv_only,0.5,0,2.55863350535658,2.5673967252758954,0.9965867293383053,0.9965867293383053,-0.00682654132338935,-0.1505464422552238,-0.001002666440537391,-0.36888384488798537,conditional_scenario_only
1,100,0.5,transfer_pile_cc_to_arxiv_one_percent,arxiv_only,0.5,0.5,2.55863350535658,2.5673967252758954,0.9965867293383053,0.9870990495311471,-0.00682654132338935,-0.14616483229556618,-0.001002666440537391,-0.36888384488798537,conditional_scenario_only
1,100,0.5,transfer_pile_cc_to_arxiv_one_percent,arxiv_only,1,-0.5,2.549870285437265,2.5673967252758954,0.9931734586766107,0.9763817454648717,-0.00682654132338935,-0.1587940464840577,-0.0009992323471020666,-0.3676204321128973,conditional_scenario_only
1,100,0.5,transfer_pile_cc_to_arxiv_one_percent,arxiv_only,1,0,2.549870285437265,2.5673967252758954,0.9931734586766107,0.9931734586766107,-0.00682654132338935,-0.1500308265647425,-0.0009992323471020666,-0.3676204321128973,conditional_scenario_only
1,100,0.5,transfer_pile_cc_to_arxiv_one_percent,arxiv_only,1,0.5,2.549870285437265,2.5673967252758954,0.9931734586766107,0.9741980990622943,-0.00682654132338935,-0.1412676066454273,-0.0009992323471020666,-0.3676204321128973,conditional_scenario_only
1,100,0.5,transfer_pile_cc_to_arxiv_one_percent,pile_cc_only,0,-0.5,2.5673967252758954,2.5673967252758954,1.0,1.0,0.0023007360094061857,-0.1510620579457051,-0.0010061005339727154,-0.3701472576630735,conditional_scenario_only
1,100,0.5,transfer_pile_cc_to_arxiv_one_percent,pile_cc_only,0,0,2.5673967252758954,2.5673967252758954,1.0,1.0,0.0023007360094061857,-0.1510620579457051,-0.0010061005339727154,-0.3701472576630735,conditional_scenario_only
1,100,0.5,transfer_pile_cc_to_arxiv_one_percent,pile_cc_only,0,0.5,2.5673967252758954,2.5673967252758954,1.0,1.0,0.0023007360094061857,-0.1510620579457051,-0.0010061005339727154,-0.3701472576630735,conditional_scenario_only
1,100,0.5,transfer_pile_cc_to_arxiv_one_percent,pile_cc_only,0.25,-0.5,2.568873450799964,2.5673967252758954,1.0005751840023516,1.0001521793828325,0.0023007360094061857,-0.15041058366276353,-0.001006679226904614,-0.3703601604441956,conditional_scenario_only
1,100,0.5,transfer_pile_cc_to_arxiv_one_percent,pile_cc_only,0.25,0,2.568873450799964,2.5673967252758954,1.0005751840023516,1.0005751840023516,0.0023007360094061857,-0.15114894642479776,-0.001006679226904614,-0.3703601604441956,conditional_scenario_only
1,100,0.5,transfer_pile_cc_to_arxiv_one_percent,pile_cc_only,0.25,0.5,2.568873450799964,2.5673967252758954,1.0005751840023516,1.0001662492609167,0.0023007360094061857,-0.151887309186832,-0.001006679226904614,-0.3703601604441956,conditional_scenario_only
1,100,0.5,transfer_pile_cc_to_arxiv_one_percent,pile_cc_only,0.5,-0.5,2.570350176324032,2.5673967252758954,1.0011503680047031,1.000304358765665,0.0023007360094061857,-0.149759109379822,-0.0010072579198365124,-0.3705730632253177,conditional_scenario_only
1,100,0.5,transfer_pile_cc_to_arxiv_one_percent,pile_cc_only,0.5,0,2.570350176324032,2.5673967252758954,1.0011503680047031,1.0011503680047031,0.0023007360094061857,-0.15123583490389045,-0.0010072579198365124,-0.3705730632253177,conditional_scenario_only
1,100,0.5,transfer_pile_cc_to_arxiv_one_percent,pile_cc_only,0.5,0.5,2.570350176324032,2.5673967252758954,1.0011503680047031,1.0003324985218331,0.0023007360094061857,-0.1527125604279589,-0.0010072579198365124,-0.3705730632253177,conditional_scenario_only
1,100,0.5,transfer_pile_cc_to_arxiv_one_percent,pile_cc_only,1,-0.5,2.5733036273721694,2.5673967252758954,1.0023007360094063,1.00060871753133,0.0023007360094061857,-0.14845616081393892,-0.0010084153057003094,-0.3709988687875619,conditional_scenario_only
1,100,0.5,transfer_pile_cc_to_arxiv_one_percent,pile_cc_only,1,0,2.5733036273721694,2.5673967252758954,1.0023007360094063,1.0023007360094063,0.0023007360094061857,-0.1514096118620758,-0.0010084153057003094,-0.3709988687875619,conditional_scenario_only
1,100,0.5,transfer_pile_cc_to_arxiv_one_percent,pile_cc_only,1,0.5,2.5733036273721694,2.5673967252758954,1.0023007360094063,1.0006649970436665,0.0023007360094061857,-0.15436306291021268,-0.0010084153057003094,-0.3709988687875619,conditional_scenario_only
1,100,0.5,transfer_pile_cc_to_arxiv_one_percent,equal_13,0,-0.5,2.5673967252758954,2.5673967252758954,1.0,1.0,0.00020057159855891798,-0.1510620579457051,-0.0010061005339727154,-0.3701472576630735,conditional_scenario_only
1,100,0.5,transfer_pile_cc_to_arxiv_one_percent,equal_13,0,0,2.5673967252758954,2.5673967252758954,1.0,1.0,0.00020057159855891798,-0.1510620579457051,-0.0010061005339727154,-0.3701472576630735,conditional_scenario_only
1,100,0.5,transfer_pile_cc_to_arxiv_one_percent,equal_13,0,0.5,2.5673967252758954,2.5673967252758954,1.0,1.0,0.00020057159855891798,-0.1510620579457051,-0.0010061005339727154,-0.3701472576630735,conditional_scenario_only
1,100,0.5,transfer_pile_cc_to_arxiv_one_percent,equal_13,0.25,-0.5,2.5675254619922265,2.5673967252758954,1.0000501428996398,1.0000132665642463,0.00020057159855891798,-0.1510052642771506,-0.001006150982770818,-0.3701658179198664,conditional_scenario_only
1,100,0.5,transfer_pile_cc_to_arxiv_one_percent,equal_13,0.25,0,2.5675254619922265,2.5673967252758954,1.0000501428996398,1.0000501428996398,0.00020057159855891798,-0.15106963263531606,-0.001006150982770818,-0.3701658179198664,conditional_scenario_only
1,100,0.5,transfer_pile_cc_to_arxiv_one_percent,equal_13,0.25,0.5,2.5675254619922265,2.5673967252758954,1.0000501428996398,1.0000144931360595,0.00020057159855891798,-0.1511340009934815,-0.001006150982770818,-0.3701658179198664,conditional_scenario_only
1,100,0.5,transfer_pile_cc_to_arxiv_one_percent,equal_13,0.5,-0.5,2.5676541987085573,2.5673967252758954,1.0001002857992796,1.0000265331284925,0.00020057159855891798,-0.15094847060859612,-0.0010062014315689205,-0.3701843781766594,conditional_scenario_only
1,100,0.5,transfer_pile_cc_to_arxiv_one_percent,equal_13,0.5,0,2.5676541987085573,2.5673967252758954,1.0001002857992796,1.0001002857992796,0.00020057159855891798,-0.151077207324927,-0.0010062014315689205,-0.3701843781766594,conditional_scenario_only
1,100,0.5,transfer_pile_cc_to_arxiv_one_percent,equal_13,0.5,0.5,2.5676541987085573,2.5673967252758954,1.0001002857992796,1.000028986272119,0.00020057159855891798,-0.15120594404125787,-0.0010062014315689205,-0.3701843781766594,conditional_scenario_only
1,100,0.5,transfer_pile_cc_to_arxiv_one_percent,equal_13,1,-0.5,2.5679116721412187,2.5673967252758954,1.000200571598559,1.0000530662569849,0.00020057159855891798,-0.1508348832714871,-0.0010063023291651252,-0.3702214986902452,conditional_scenario_only
1,100,0.5,transfer_pile_cc_to_arxiv_one_percent,equal_13,1,0,2.5679116721412187,2.5673967252758954,1.000200571598559,1.000200571598559,0.00020057159855891798,-0.15109235670414886,-0.0010063023291651252,-0.3702214986902452,conditional_scenario_only
1,100,0.5,transfer_pile_cc_to_arxiv_one_percent,equal_13,1,0.5,2.5679116721412187,2.5673967252758954,1.000200571598559,1.000057972544238,0.00020057159855891798,-0.1513498301368106,-0.0010063023291651252,-0.3702214986902452,conditional_scenario_only
10,100,0.5,reference,arxiv_only,0,-0.5,2.3050441192012485,2.3050441192012485,1.0,1.0,0.0,-0.008529184996923355,-0.0010061005339727154,-0.2331617175558496,conditional_scenario_only
10,100,0.5,reference,arxiv_only,0,0,2.3050441192012485,2.3050441192012485,1.0,1.0,0.0,-0.008529184996923355,-0.0010061005339727154,-0.2331617175558496,conditional_scenario_only
10,100,0.5,reference,arxiv_only,0,0.5,2.3050441192012485,2.3050441192012485,1.0,1.0,0.0,-0.008529184996923355,-0.0010061005339727154,-0.2331617175558496,conditional_scenario_only
10,100,0.5,reference,arxiv_only,0.25,-0.5,2.3050441192012485,2.3050441192012485,1.0,1.0,0.0,-0.008529184996923355,-0.0010061005339727154,-0.2331617175558496,conditional_scenario_only
10,100,0.5,reference,arxiv_only,0.25,0,2.3050441192012485,2.3050441192012485,1.0,1.0,0.0,-0.008529184996923355,-0.0010061005339727154,-0.2331617175558496,conditional_scenario_only
10,100,0.5,reference,arxiv_only,0.25,0.5,2.3050441192012485,2.3050441192012485,1.0,1.0,0.0,-0.008529184996923355,-0.0010061005339727154,-0.2331617175558496,conditional_scenario_only
10,100,0.5,reference,arxiv_only,0.5,-0.5,2.3050441192012485,2.3050441192012485,1.0,1.0,0.0,-0.008529184996923355,-0.0010061005339727154,-0.2331617175558496,conditional_scenario_only
10,100,0.5,reference,arxiv_only,0.5,0,2.3050441192012485,2.3050441192012485,1.0,1.0,0.0,-0.008529184996923355,-0.0010061005339727154,-0.2331617175558496,conditional_scenario_only
10,100,0.5,reference,arxiv_only,0.5,0.5,2.3050441192012485,2.3050441192012485,1.0,1.0,0.0,-0.008529184996923355,-0.0010061005339727154,-0.2331617175558496,conditional_scenario_only
10,100,0.5,reference,arxiv_only,1,-0.5,2.3050441192012485,2.3050441192012485,1.0,1.0,0.0,-0.008529184996923355,-0.0010061005339727154,-0.2331617175558496,conditional_scenario_only
10,100,0.5,reference,arxiv_only,1,0,2.3050441192012485,2.3050441192012485,1.0,1.0,0.0,-0.008529184996923355,-0.0010061005339727154,-0.2331617175558496,conditional_scenario_only
10,100,0.5,reference,arxiv_only,1,0.5,2.3050441192012485,2.3050441192012485,1.0,1.0,0.0,-0.008529184996923355,-0.0010061005339727154,-0.2331617175558496,conditional_scenario_only
10,100,0.5,reference,pile_cc_only,0,-0.5,2.3050441192012485,2.3050441192012485,1.0,1.0,0.0,-0.008529184996923355,-0.0010061005339727154,-0.2331617175558496,conditional_scenario_only
10,100,0.5,reference,pile_cc_only,0,0,2.3050441192012485,2.3050441192012485,1.0,1.0,0.0,-0.008529184996923355,-0.0010061005339727154,-0.2331617175558496,conditional_scenario_only
10,100,0.5,reference,pile_cc_only,0,0.5,2.3050441192012485,2.3050441192012485,1.0,1.0,0.0,-0.008529184996923355,-0.0010061005339727154,-0.2331617175558496,conditional_scenario_only
10,100,0.5,reference,pile_cc_only,0.25,-0.5,2.3050441192012485,2.3050441192012485,1.0,1.0,0.0,-0.008529184996923355,-0.0010061005339727154,-0.2331617175558496,conditional_scenario_only
10,100,0.5,reference,pile_cc_only,0.25,0,2.3050441192012485,2.3050441192012485,1.0,1.0,0.0,-0.008529184996923355,-0.0010061005339727154,-0.2331617175558496,conditional_scenario_only
10,100,0.5,reference,pile_cc_only,0.25,0.5,2.3050441192012485,2.3050441192012485,1.0,1.0,0.0,-0.008529184996923355,-0.0010061005339727154,-0.2331617175558496,conditional_scenario_only
10,100,0.5,reference,pile_cc_only,0.5,-0.5,2.3050441192012485,2.3050441192012485,1.0,1.0,0.0,-0.008529184996923355,-0.0010061005339727154,-0.2331617175558496,conditional_scenario_only
10,100,0.5,reference,pile_cc_only,0.5,0,2.3050441192012485,2.3050441192012485,1.0,1.0,0.0,-0.008529184996923355,-0.0010061005339727154,-0.2331617175558496,conditional_scenario_only
10,100,0.5,reference,pile_cc_only,0.5,0.5,2.3050441192012485,2.3050441192012485,1.0,1.0,0.0,-0.008529184996923355,-0.0010061005339727154,-0.2331617175558496,conditional_scenario_only
10,100,0.5,reference,pile_cc_only,1,-0.5,2.3050441192012485,2.3050441192012485,1.0,1.0,0.0,-0.008529184996923355,-0.0010061005339727154,-0.2331617175558496,conditional_scenario_only
10,100,0.5,reference,pile_cc_only,1,0,2.3050441192012485,2.3050441192012485,1.0,1.0,0.0,-0.008529184996923355,-0.0010061005339727154,-0.2331617175558496,conditional_scenario_only
10,100,0.5,reference,pile_cc_only,1,0.5,2.3050441192012485,2.3050441192012485,1.0,1.0,0.0,-0.008529184996923355,-0.0010061005339727154,-0.2331617175558496,conditional_scenario_only
10,100,0.5,reference,equal_13,0,-0.5,2.3050441192012485,2.3050441192012485,1.0,1.0,0.0,-0.008529184996923355,-0.0010061005339727154,-0.2331617175558496,conditional_scenario_only
10,100,0.5,reference,equal_13,0,0,2.3050441192012485,2.3050441192012485,1.0,1.0,0.0,-0.008529184996923355,-0.0010061005339727154,-0.2331617175558496,conditional_scenario_only
10,100,0.5,reference,equal_13,0,0.5,2.3050441192012485,2.3050441192012485,1.0,1.0,0.0,-0.008529184996923355,-0.0010061005339727154,-0.2331617175558496,conditional_scenario_only
10,100,0.5,reference,equal_13,0.25,-0.5,2.3050441192012485,2.3050441192012485,1.0,1.0,0.0,-0.008529184996923355,-0.0010061005339727154,-0.2331617175558496,conditional_scenario_only
10,100,0.5,reference,equal_13,0.25,0,2.3050441192012485,2.3050441192012485,1.0,1.0,0.0,-0.008529184996923355,-0.0010061005339727154,-0.2331617175558496,conditional_scenario_only
10,100,0.5,reference,equal_13,0.25,0.5,2.3050441192012485,2.3050441192012485,1.0,1.0,0.0,-0.008529184996923355,-0.0010061005339727154,-0.2331617175558496,conditional_scenario_only
10,100,0.5,reference,equal_13,0.5,-0.5,2.3050441192012485,2.3050441192012485,1.0,1.0,0.0,-0.008529184996923355,-0.0010061005339727154,-0.2331617175558496,conditional_scenario_only
10,100,0.5,reference,equal_13,0.5,0,2.3050441192012485,2.3050441192012485,1.0,1.0,0.0,-0.008529184996923355,-0.0010061005339727154,-0.2331617175558496,conditional_scenario_only
10,100,0.5,reference,equal_13,0.5,0.5,2.3050441192012485,2.3050441192012485,1.0,1.0,0.0,-0.008529184996923355,-0.0010061005339727154,-0.2331617175558496,conditional_scenario_only
10,100,0.5,reference,equal_13,1,-0.5,2.3050441192012485,2.3050441192012485,1.0,1.0,0.0,-0.008529184996923355,-0.0010061005339727154,-0.2331617175558496,conditional_scenario_only
10,100,0.5,reference,equal_13,1,0,2.3050441192012485,2.3050441192012485,1.0,1.0,0.0,-0.008529184996923355,-0.0010061005339727154,-0.2331617175558496,conditional_scenario_only
10,100,0.5,reference,equal_13,1,0.5,2.3050441192012485,2.3050441192012485,1.0,1.0,0.0,-0.008529184996923355,-0.0010061005339727154,-0.2331617175558496,conditional_scenario_only
10,100,0.5,transfer_freelaw_to_arxiv_one_percent,arxiv_only,0,-0.5,2.3050441192012485,2.3050441192012485,1.0,1.0,-0.007510589596971581,-0.008529184996923355,-0.0010061005339727154,-0.2331617175558496,conditional_scenario_only
10,100,0.5,transfer_freelaw_to_arxiv_one_percent,arxiv_only,0,0,2.3050441192012485,2.3050441192012485,1.0,1.0,-0.007510589596971581,-0.008529184996923355,-0.0010061005339727154,-0.2331617175558496,conditional_scenario_only
10,100,0.5,transfer_freelaw_to_arxiv_one_percent,arxiv_only,0,0.5,2.3050441192012485,2.3050441192012485,1.0,1.0,-0.007510589596971581,-0.008529184996923355,-0.0010061005339727154,-0.2331617175558496,conditional_scenario_only
10,100,0.5,transfer_freelaw_to_arxiv_one_percent,arxiv_only,0.25,-0.5,2.291357591449198,2.3050441192012485,0.9940623575757009,0.9935037741512531,-0.007510589596971581,-0.009162868133843448,-0.0010001266687590892,-0.23177728664996755,conditional_scenario_only
10,100,0.5,transfer_freelaw_to_arxiv_one_percent,arxiv_only,0.25,0,2.30071605910569,2.3050441192012485,0.9981223526007571,0.9981223526007571,-0.007510589596971581,-0.008513170194896221,-0.0010042114319217246,-0.23272392206327785,conditional_scenario_only
10,100,0.5,transfer_freelaw_to_arxiv_one_percent,arxiv_only,0.25,0.5,2.3036754664260433,2.3050441192012485,0.99940623575757,0.9929031599024801,-0.007510589596971581,-0.00845568803309486,-0.0010055031474513528,-0.2330232744652614,conditional_scenario_only
10,100,0.5,transfer_freelaw_to_arxiv_one_percent,arxiv_only,0.5,-0.5,2.277671063697148,2.3050441192012485,0.9881247151514019,0.9870075483025063,-0.007510589596971581,-0.00979655127076354,-0.0009941528035454627,-0.23039285574408552,conditional_scenario_only
10,100,0.5,transfer_freelaw_to_arxiv_one_percent,arxiv_only,0.5,0,2.2963879990101317,2.3050441192012485,0.9962447052015142,0.9962447052015142,-0.007510589596971581,-0.008497155392869086,-0.001002322329870734,-0.2322861265707061,conditional_scenario_only
10,100,0.5,transfer_freelaw_to_arxiv_one_percent,arxiv_only,0.5,0.5,2.3023068136508384,2.3050441192012485,0.9988124715151402,0.9858063198049603,-0.007510589596971581,-0.008382191069266364,-0.0010049057609299902,-0.2328848313746732,conditional_scenario_only
10,100,0.5,transfer_freelaw_to_arxiv_one_percent,arxiv_only,1,-0.5,2.250298008193047,2.3050441192012485,0.9762494303028038,0.9740150966050126,-0.007510589596971581,-0.01106391754460373,-0.0009822050731182102,-0.2276239939323214,conditional_scenario_only
10,100,0.5,transfer_freelaw_to_arxiv_one_percent,arxiv_only,1,0,2.287731878819015,2.3050441192012485,0.9924894104030284,0.9924894104030284,-0.007510589596971581,-0.008465125788814816,-0.0009985441257687525,-0.23141053558556263,conditional_scenario_only
10,100,0.5,transfer_freelaw_to_arxiv_one_percent,arxiv_only,1,0.5,2.2995695081004284,2.3050441192012485,0.9976249430302804,0.9716126396099205,-0.007510589596971581,-0.008235197141609377,-0.001003710987887265,-0.23260794519349678,conditional_scenario_only
10,100,0.5,transfer_freelaw_to_arxiv_one_percent,pile_cc_only,0,-0.5,2.3050441192012485,2.3050441192012485,1.0,1.0,0.0004141043887303938,-0.008529184996923355,-0.0010061005339727154,-0.2331617175558496,conditional_scenario_only
10,100,0.5,transfer_freelaw_to_arxiv_one_percent,pile_cc_only,0,0,2.3050441192012485,2.3050441192012485,1.0,1.0,0.0004141043887303938,-0.008529184996923355,-0.0010061005339727154,-0.2331617175558496,conditional_scenario_only
10,100,0.5,transfer_freelaw_to_arxiv_one_percent,pile_cc_only,0,0.5,2.3050441192012485,2.3050441192012485,1.0,1.0,0.0004141043887303938,-0.008529184996923355,-0.0010061005339727154,-0.2331617175558496,conditional_scenario_only
10,100,0.5,transfer_freelaw_to_arxiv_one_percent,pile_cc_only,0.25,-0.5,2.3057987405442772,2.3050441192012485,1.000327378264365,1.000027390430735,0.0004141043887303938,-0.008494246199552658,-0.001006429909419304,-0.23323804963425937,conditional_scenario_only
10,100,0.5,transfer_freelaw_to_arxiv_one_percent,pile_cc_only,0.25,0,2.305282751422743,2.3050441192012485,1.0001035260971827,1.0001035260971827,0.0004141043887303938,-0.008530067990158235,-0.001006204691634371,-0.23318585587848056,conditional_scenario_only
10,100,0.5,transfer_freelaw_to_arxiv_one_percent,pile_cc_only,0.25,0.5,2.305119581335551,2.3050441192012485,1.0000327378264364,1.0000299228369909,0.0004141043887303938,-0.008533237330616573,-0.0010061334715173742,-0.23316935076369058,conditional_scenario_only
10,100,0.5,transfer_freelaw_to_arxiv_one_percent,pile_cc_only,0.5,-0.5,2.306553361887306,2.3050441192012485,1.0006547565287298,1.0000547808614701,0.0004141043887303938,-0.00845930740218196,-0.0010067592848658927,-0.23331438171266916,conditional_scenario_only
10,100,0.5,transfer_freelaw_to_arxiv_one_percent,pile_cc_only,0.5,0,2.3055213836442374,2.3050441192012485,1.0002070521943651,1.0002070521943651,0.0004141043887303938,-0.008530950983393114,-0.0010063088492960263,-0.2332099942011115,conditional_scenario_only
10,100,0.5,transfer_freelaw_to_arxiv_one_percent,pile_cc_only,0.5,0.5,2.3051950434698543,2.3050441192012485,1.000065475652873,1.000059845673982,0.0004141043887303938,-0.008537289664309791,-0.0010061664090620333,-0.23317698397153158,conditional_scenario_only
10,100,0.5,transfer_freelaw_to_arxiv_one_percent,pile_cc_only,1,-0.5,2.3080626045733634,2.3050441192012485,1.0013095130574599,1.00010956172294,0.0004141043887303938,-0.008389429807440568,-0.0010074180357590701,-0.23346704586948877,conditional_scenario_only
10,100,0.5,transfer_freelaw_to_arxiv_one_percent,pile_cc_only,1,0,2.305998648087227,2.3050441192012485,1.0004141043887305,1.0004141043887305,0.0004141043887303938,-0.008532716969862875,-0.0010065171646193377,-0.2332582708463734,conditional_scenario_only
10,100,0.5,transfer_freelaw_to_arxiv_one_percent,pile_cc_only,1,0.5,2.30534596773846,2.3050441192012485,1.000130951305746,1.000119691347964,0.0004141043887303938,-0.008545394331696226,-0.0010062322841513508,-0.2331922503872135,conditional_scenario_only
10,100,0.5,transfer_freelaw_to_arxiv_one_percent,equal_13,0,-0.5,2.3050441192012485,2.3050441192012485,1.0,1.0,-0.00017177273191516148,-0.008529184996923355,-0.0010061005339727154,-0.2331617175558496,conditional_scenario_only
10,100,0.5,transfer_freelaw_to_arxiv_one_percent,equal_13,0,0,2.3050441192012485,2.3050441192012485,1.0,1.0,-0.00017177273191516148,-0.008529184996923355,-0.0010061005339727154,-0.2331617175558496,conditional_scenario_only
10,100,0.5,transfer_freelaw_to_arxiv_one_percent,equal_13,0,0.5,2.3050441192012485,2.3050441192012485,1.0,1.0,-0.00017177273191516148,-0.008529184996923355,-0.0010061005339727154,-0.2331617175558496,conditional_scenario_only
10,100,0.5,transfer_freelaw_to_arxiv_one_percent,equal_13,0.25,-0.5,2.3047310982017586,2.3050441192012485,0.9998642017318097,0.9998514265162848,-0.00017177273191516148,-0.00854367779834619,-0.0010059639072625766,-0.23313005459839725,conditional_scenario_only
10,100,0.5,transfer_freelaw_to_arxiv_one_percent,equal_13,0.25,0,2.3049451332698636,2.3050441192012485,0.9999570568170212,0.9999570568170212,-0.00017177273191516148,-0.008528818726571371,-0.00100605732881339,-0.23315170484954895,conditional_scenario_only
10,100,0.5,transfer_freelaw_to_arxiv_one_percent,equal_13,0.25,0.5,2.3050128171012996,2.3050441192012485,0.999986420173181,0.9998376900247609,-0.00017177273191516148,-0.00852750406707074,-0.0010060868713017016,-0.23315855126010437,conditional_scenario_only
10,100,0.5,transfer_freelaw_to_arxiv_one_percent,equal_13,0.5,-0.5,2.3044180772022687,2.3050441192012485,0.9997284034636192,0.9997028530325697,-0.00017177273191516148,-0.008558170599769028,-0.0010058272805524376,-0.23309839164094484,conditional_scenario_only
10,100,0.5,transfer_freelaw_to_arxiv_one_percent,equal_13,0.5,0,2.3048461473384783,2.3050441192012485,0.9999141136340424,0.9999141136340424,-0.00017177273191516148,-0.00852845245621939,-0.0010060141236540646,-0.23314169214324829,conditional_scenario_only
10,100,0.5,transfer_freelaw_to_arxiv_one_percent,equal_13,0.5,0.5,2.3049815150013506,2.3050441192012485,0.9999728403463619,0.9996753800495216,-0.00017177273191516148,-0.008525823137218124,-0.0010060732086306877,-0.23315538496435914,conditional_scenario_only
10,100,0.5,transfer_freelaw_to_arxiv_one_percent,equal_13,1,-0.5,2.303792035203289,2.3050441192012485,0.9994568069272386,0.9994057060651392,-0.00017177273191516148,-0.008587156202614703,-0.0010055540271321599,-0.23303506572604013,conditional_scenario_only
10,100,0.5,transfer_freelaw_to_arxiv_one_percent,equal_13,1,0,2.3046481754757084,2.3050441192012485,0.9998282272680848,0.9998282272680848,-0.00017177273191516148,-0.008527719915515423,-0.0010059277133354137,-0.23312166673064702,conditional_scenario_only
10,100,0.5,transfer_freelaw_to_arxiv_one_percent,equal_13,1,0.5,2.3049189108014523,2.3050441192012485,0.9999456806927238,0.9993507600990433,-0.00017177273191516148,-0.008522461277512895,-0.0010060458832886598,-0.23314905237286865,conditional_scenario_only
10,100,0.5,transfer_arxiv_to_freelaw_one_percent,arxiv_only,0,-0.5,2.3050441192012485,2.3050441192012485,1.0,1.0,0.007510589596971581,-0.008529184996923355,-0.0010061005339727154,-0.2331617175558496,conditional_scenario_only
10,100,0.5,transfer_arxiv_to_freelaw_one_percent,arxiv_only,0,0,2.3050441192012485,2.3050441192012485,1.0,1.0,0.007510589596971581,-0.008529184996923355,-0.0010061005339727154,-0.2331617175558496,conditional_scenario_only
10,100,0.5,transfer_arxiv_to_freelaw_one_percent,arxiv_only,0,0.5,2.3050441192012485,2.3050441192012485,1.0,1.0,0.007510589596971581,-0.008529184996923355,-0.0010061005339727154,-0.2331617175558496,conditional_scenario_only
10,100,0.5,transfer_arxiv_to_freelaw_one_percent,arxiv_only,0.25,-0.5,2.3187306469532993,2.3050441192012485,1.0059376424242992,1.0004967788068264,0.007510589596971581,-0.007895501860003262,-0.001012074399186342,-0.2345461484617317,conditional_scenario_only
10,100,0.5,transfer_arxiv_to_freelaw_one_percent,arxiv_only,0.25,0,2.3093721792968065,2.3050441192012485,1.0018776473992428,1.0018776473992428,0.007510589596971581,-0.008545199798950489,-0.001007989636023706,-0.23359951304842133,conditional_scenario_only
10,100,0.5,transfer_arxiv_to_freelaw_one_percent,arxiv_only,0.25,0.5,2.3064127719764533,2.3050441192012485,1.0005937642424299,1.000542708926378,0.007510589596971581,-0.008602681960751849,-0.001006697920494078,-0.2333001606464378,conditional_scenario_only
10,100,0.5,transfer_arxiv_to_freelaw_one_percent,arxiv_only,0.5,-0.5,2.3324171747053493,2.3050441192012485,1.0118752848485981,1.0009935576136528,0.007510589596971581,-0.0072618187230831695,-0.0010180482643999682,-0.2359305793676137,conditional_scenario_only
10,100,0.5,transfer_arxiv_to_freelaw_one_percent,arxiv_only,0.5,0,2.3137002393923654,2.3050441192012485,1.0037552947984858,1.0037552947984858,0.007510589596971581,-0.008561214600977625,-0.001009878738074697,-0.2340373085409931,conditional_scenario_only
10,100,0.5,transfer_arxiv_to_freelaw_one_percent,arxiv_only,0.5,0.5,2.307781424751659,2.3050441192012485,1.00118752848486,1.0010854178527564,0.007510589596971581,-0.008676178924580346,-0.001007295307015441,-0.23343860373702605,conditional_scenario_only
10,100,0.5,transfer_arxiv_to_freelaw_one_percent,arxiv_only,1,-0.5,2.35979023020945,2.3050441192012485,1.0237505696971962,1.0019871152273057,0.007510589596971581,-0.005994452449242981,-0.0010299959948272207,-0.2386994411793778,conditional_scenario_only
10,100,0.5,transfer_arxiv_to_freelaw_one_percent,arxiv_only,1,0,2.322356359583482,2.3050441192012485,1.0075105895969716,1.0075105895969716,0.007510589596971581,-0.008593244205031894,-0.0010136569421766784,-0.2349128995261366,conditional_scenario_only
10,100,0.5,transfer_arxiv_to_freelaw_one_percent,arxiv_only,1,0.5,2.3105187303020687,2.3050441192012485,1.0023750569697196,1.0021708357055128,0.007510589596971581,-0.008823172852237333,-0.001008490080058166,-0.23371548991820243,conditional_scenario_only
10,100,0.5,transfer_arxiv_to_freelaw_one_percent,pile_cc_only,0,-0.5,2.3050441192012485,2.3050441192012485,1.0,1.0,-0.0004141043887303938,-0.008529184996923355,-0.0010061005339727154,-0.2331617175558496,conditional_scenario_only
10,100,0.5,transfer_arxiv_to_freelaw_one_percent,pile_cc_only,0,0,2.3050441192012485,2.3050441192012485,1.0,1.0,-0.0004141043887303938,-0.008529184996923355,-0.0010061005339727154,-0.2331617175558496,conditional_scenario_only
10,100,0.5,transfer_arxiv_to_freelaw_one_percent,pile_cc_only,0,0.5,2.3050441192012485,2.3050441192012485,1.0,1.0,-0.0004141043887303938,-0.008529184996923355,-0.0010061005339727154,-0.2331617175558496,conditional_scenario_only
10,100,0.5,transfer_arxiv_to_freelaw_one_percent,pile_cc_only,0.25,-0.5,2.30428949785822,2.3050441192012485,0.9996726217356351,0.9996418236412179,-0.0004141043887303938,-0.008564123794294052,-0.0010057711585261268,-0.23308538547743984,conditional_scenario_only
10,100,0.5,transfer_arxiv_to_freelaw_one_percent,pile_cc_only,0.25,0,2.304805486979754,2.3050441192012485,0.9998964739028174,0.9998964739028174,-0.0004141043887303938,-0.008528302003688476,-0.0010059963763110599,-0.23313757923321868,conditional_scenario_only
10,100,0.5,transfer_arxiv_to_freelaw_one_percent,pile_cc_only,0.25,0.5,2.3049686570669454,2.3050441192012485,0.9999672621735635,0.9996087081323568,-0.0004141043887303938,-0.008525132663230137,-0.0010060675964280565,-0.2331540843480086,conditional_scenario_only
10,100,0.5,transfer_arxiv_to_freelaw_one_percent,pile_cc_only,0.5,-0.5,2.303534876515191,2.3050441192012485,0.9993452434712701,0.9992836472824358,-0.0004141043887303938,-0.008599062591664748,-0.0010054417830795382,-0.23300905339903003,conditional_scenario_only
10,100,0.5,transfer_arxiv_to_freelaw_one_percent,pile_cc_only,0.5,0,2.304566854758259,2.3050441192012485,0.9997929478056348,0.9997929478056348,-0.0004141043887303938,-0.008527419010453594,-0.0010058922186494043,-0.2331134409105877,conditional_scenario_only
10,100,0.5,transfer_arxiv_to_freelaw_one_percent,pile_cc_only,0.5,0.5,2.3048931949326428,2.3050441192012485,0.999934524347127,0.9992174162647135,-0.0004141043887303938,-0.008521080329536919,-0.0010060346588833978,-0.23314645114016766,conditional_scenario_only
10,100,0.5,transfer_arxiv_to_freelaw_one_percent,pile_cc_only,1,-0.5,2.3020256338291336,2.3050441192012485,0.9986904869425401,0.9985672945648717,-0.0004141043887303938,-0.008668940186406142,-0.0010047830321863608,-0.23285638924221044,conditional_scenario_only
10,100,0.5,transfer_arxiv_to_freelaw_one_percent,pile_cc_only,1,0,2.3040895903152703,2.3050441192012485,0.9995858956112696,0.9995858956112696,-0.0004141043887303938,-0.008525653023983837,-0.0010056839033260935,-0.23306516426532584,conditional_scenario_only
10,100,0.5,transfer_arxiv_to_freelaw_one_percent,pile_cc_only,1,0.5,2.304742270664037,2.3050441192012485,0.999869048694254,0.9984348325294271,-0.0004141043887303938,-0.008512975662150484,-0.0010059687837940799,-0.23313118472448568,conditional_scenario_only
10,100,0.5,transfer_arxiv_to_freelaw_one_percent,equal_13,0,-0.5,2.3050441192012485,2.3050441192012485,1.0,1.0,0.00017177273191516148,-0.008529184996923355,-0.0010061005339727154,-0.2331617175558496,conditional_scenario_only
10,100,0.5,transfer_arxiv_to_freelaw_one_percent,equal_13,0,0,2.3050441192012485,2.3050441192012485,1.0,1.0,0.00017177273191516148,-0.008529184996923355,-0.0010061005339727154,-0.2331617175558496,conditional_scenario_only
10,100,0.5,transfer_arxiv_to_freelaw_one_percent,equal_13,0,0.5,2.3050441192012485,2.3050441192012485,1.0,1.0,0.00017177273191516148,-0.008529184996923355,-0.0010061005339727154,-0.2331617175558496,conditional_scenario_only
10,100,0.5,transfer_arxiv_to_freelaw_one_percent,equal_13,0.25,-0.5,2.3053571402007385,2.3050441192012485,1.0001357982681904,1.0000113616982667,0.00017177273191516148,-0.00851469219550052,-0.0010062371606828545,-0.233193380513302,conditional_scenario_only
10,100,0.5,transfer_arxiv_to_freelaw_one_percent,equal_13,0.25,0,2.3051431051326334,2.3050441192012485,1.0000429431829787,1.0000429431829787,0.00017177273191516148,-0.008529551267275337,-0.0010061437391320409,-0.23317173026215024,conditional_scenario_only
10,100,0.5,transfer_arxiv_to_freelaw_one_percent,equal_13,0.25,0.5,2.3050754213011975,2.3050441192012485,1.000013579826819,1.000012412154028,0.00017177273191516148,-0.00853086592677597,-0.0010061141966437293,-0.23316488385159484,conditional_scenario_only
10,100,0.5,transfer_arxiv_to_freelaw_one_percent,equal_13,0.5,-0.5,2.305670161200228,2.3050441192012485,1.0002715965363806,1.0000227233965335,0.00017177273191516148,-0.00850019939407768,-0.0010063737873929931,-0.23322504347075435,conditional_scenario_only
10,100,0.5,transfer_arxiv_to_freelaw_one_percent,equal_13,0.5,0,2.305242091064019,2.3050441192012485,1.0000858863659576,1.0000858863659576,0.00017177273191516148,-0.00852991753762732,-0.0010061869442913663,-0.23318174296845093,conditional_scenario_only
10,100,0.5,transfer_arxiv_to_freelaw_one_percent,equal_13,0.5,0.5,2.3051067234011464,2.3050441192012485,1.000027159653638,1.000024824308056,0.00017177273191516148,-0.008532546856628586,-0.0010061278593147432,-0.23316805014734007,conditional_scenario_only
10,100,0.5,transfer_arxiv_to_freelaw_one_percent,equal_13,1,-0.5,2.3062962031992083,2.3050441192012485,1.0005431930727615,1.000045446793067,0.00017177273191516148,-0.008471213791232007,-0.001006647040813271,-0.2332883693856591,conditional_scenario_only
10,100,0.5,transfer_arxiv_to_freelaw_one_percent,equal_13,1,0,2.305440062926789,2.3050441192012485,1.0001717727319153,1.0001717727319153,0.00017177273191516148,-0.008530650078331287,-0.0010062733546100174,-0.23320176838105222,conditional_scenario_only
10,100,0.5,transfer_arxiv_to_freelaw_one_percent,equal_13,1,0.5,2.3051693276010448,2.3050441192012485,1.0000543193072762,1.0000496486161121,0.00017177273191516148,-0.008535908716333815,-0.001006155184656771,-0.23317438273883057,conditional_scenario_only
10,100,0.5,transfer_github_to_arxiv_one_percent,arxiv_only,0,-0.5,2.3050441192012485,2.3050441192012485,1.0,1.0,-0.006794843397108071,-0.008529184996923355,-0.0010061005339727154,-0.2331617175558496,conditional_scenario_only
10,100,0.5,transfer_github_to_arxiv_one_percent,arxiv_only,0,0,2.3050441192012485,2.3050441192012485,1.0,1.0,-0.006794843397108071,-0.008529184996923355,-0.0010061005339727154,-0.2331617175558496,conditional_scenario_only
10,100,0.5,transfer_github_to_arxiv_one_percent,arxiv_only,0,0.5,2.3050441192012485,2.3050441192012485,1.0,1.0,-0.006794843397108071,-0.008529184996923355,-0.0010061005339727154,-0.2331617175558496,conditional_scenario_only
10,100,0.5,transfer_github_to_arxiv_one_percent,arxiv_only,0.25,-0.5,2.2926618938746435,2.3050441192012485,0.9946282046302456,0.9941228532401399,-0.006794843397108071,-0.009102479226779344,-0.0010006959677828133,-0.2319092205210791,conditional_scenario_only
10,100,0.5,transfer_github_to_arxiv_one_percent,arxiv_only,0.25,0,2.3011285157478993,2.3050441192012485,0.998301289150723,0.998301289150723,-0.006794843397108071,-0.008514696377833591,-0.0010043914600801926,-0.23276564321660143,conditional_scenario_only
10,100,0.5,transfer_github_to_arxiv_one_percent,arxiv_only,0.25,0.5,2.303805896668588,2.3050441192012485,0.9994628204630246,0.9935794764905795,-0.006794843397108071,-0.008462692166642905,-0.0010055600773537252,-0.23303646785237256,conditional_scenario_only
10,100,0.5,transfer_github_to_arxiv_one_percent,arxiv_only,0.5,-0.5,2.280279668548039,2.3050441192012485,0.9892564092604913,0.9882457064802799,-0.006794843397108071,-0.009675773456635334,-0.0009952914015929114,-0.23065672348630864,conditional_scenario_only
10,100,0.5,transfer_github_to_arxiv_one_percent,arxiv_only,0.5,0,2.2972129122945497,2.3050441192012485,0.9966025783014459,0.9966025783014459,-0.006794843397108071,-0.008500207758743826,-0.0010026823861876697,-0.23236956887735324,conditional_scenario_only
10,100,0.5,transfer_github_to_arxiv_one_percent,arxiv_only,0.5,0.5,2.3025676741359273,2.3050441192012485,0.9989256409260491,0.9871589529811591,-0.006794843397108071,-0.008396199336362457,-0.0010050196207347349,-0.2329112181488955,conditional_scenario_only
10,100,0.5,transfer_github_to_arxiv_one_percent,arxiv_only,1,-0.5,2.2555152178948292,2.3050441192012485,0.9785128185209825,0.9764914129605596,-0.006794843397108071,-0.010822361916347311,-0.0009844822692131074,-0.22815172941676765,conditional_scenario_only
10,100,0.5,transfer_github_to_arxiv_one_percent,arxiv_only,1,0,2.289381705387851,2.3050441192012485,0.9932051566028919,0.9932051566028919,-0.006794843397108071,-0.008471230520564296,-0.000999264238402624,-0.23157742019885685,conditional_scenario_only
10,100,0.5,transfer_github_to_arxiv_one_percent,arxiv_only,1,0.5,2.3000912290706066,2.3050441192012485,0.9978512818520983,0.9743179059623182,-0.006794843397108071,-0.008263213675801559,-0.0010039387074967546,-0.2326607187419414,conditional_scenario_only
10,100,0.5,transfer_github_to_arxiv_one_percent,pile_cc_only,0,-0.5,2.3050441192012485,2.3050441192012485,1.0,1.0,-0.00017642312706944894,-0.008529184996923355,-0.0010061005339727154,-0.2331617175558496,conditional_scenario_only
10,100,0.5,transfer_github_to_arxiv_one_percent,pile_cc_only,0,0,2.3050441192012485,2.3050441192012485,1.0,1.0,-0.00017642312706944894,-0.008529184996923355,-0.0010061005339727154,-0.2331617175558496,conditional_scenario_only
10,100,0.5,transfer_github_to_arxiv_one_percent,pile_cc_only,0,0.5,2.3050441192012485,2.3050441192012485,1.0,1.0,-0.00017642312706944894,-0.008529184996923355,-0.0010061005339727154,-0.2331617175558496,conditional_scenario_only
10,100,0.5,transfer_github_to_arxiv_one_percent,pile_cc_only,0.25,-0.5,2.3047226237988485,2.3050441192012485,0.9998605252716328,0.9998474041932943,-0.00017642312706944894,-0.008544070161282714,-0.0010059602083740296,-0.2331291973886279,conditional_scenario_only
10,100,0.5,transfer_github_to_arxiv_one_percent,pile_cc_only,0.25,0,2.304942453428363,2.3050441192012485,0.9999558942182326,0.9999558942182326,-0.00017642312706944894,-0.008528808810551227,-0.001006056159122128,-0.23315143377601857,conditional_scenario_only
10,100,0.5,transfer_github_to_arxiv_one_percent,pile_cc_only,0.25,0.5,2.3050119696610087,2.3050441192012485,0.9999860525271633,0.9998332958143764,-0.00017642312706944894,-0.008527458559335292,-0.0010060865014128468,-0.23315846553912745,conditional_scenario_only
10,100,0.5,transfer_github_to_arxiv_one_percent,pile_cc_only,0.5,-0.5,2.3044011283964485,2.3050441192012485,0.9997210505432657,0.9996948083865886,-0.00017642312706944894,-0.008558955325642076,-0.0010058198827753435,-0.23309667722140615,conditional_scenario_only
10,100,0.5,transfer_github_to_arxiv_one_percent,pile_cc_only,0.5,0,2.3048407876554773,2.3050441192012485,0.9999117884364652,0.9999117884364652,-0.00017642312706944894,-0.0085284326241791,-0.0010060117842715405,-0.23314114999618754,conditional_scenario_only
10,100,0.5,transfer_github_to_arxiv_one_percent,pile_cc_only,0.5,0.5,2.3049798201207685,2.3050441192012485,0.9999721050543265,0.9996665916287528,-0.00017642312706944894,-0.008525732121747226,-0.0010060724688529781,-0.23315521352240526,conditional_scenario_only
10,100,0.5,transfer_github_to_arxiv_one_percent,pile_cc_only,1,-0.5,2.3037581375916485,2.3050441192012485,0.9994421010865312,0.9993896167731772,-0.00017642312706944894,-0.008588725654360795,-0.0010055392315779716,-0.23303163688696268,conditional_scenario_only
10,100,0.5,transfer_github_to_arxiv_one_percent,pile_cc_only,1,0,2.304637456109706,2.3050441192012485,0.9998235768729306,0.9998235768729306,-0.00017642312706944894,-0.008527680251434844,-0.0010059230345703658,-0.23312058243652553,conditional_scenario_only
10,100,0.5,transfer_github_to_arxiv_one_percent,pile_cc_only,1,0.5,2.3049155210402885,2.3050441192012485,0.9999442101086531,0.9993331832575055,-0.00017642312706944894,-0.0085222792465711,-0.001006044403733241,-0.2331487094889609,conditional_scenario_only
10,100,0.5,transfer_github_to_arxiv_one_percent,equal_13,0,-0.5,2.3050441192012485,2.3050441192012485,1.0,1.0,-0.00011070233614019032,-0.008529184996923355,-0.0010061005339727154,-0.2331617175558496,conditional_scenario_only
10,100,0.5,transfer_github_to_arxiv_one_percent,equal_13,0,0,2.3050441192012485,2.3050441192012485,1.0,1.0,-0.00011070233614019032,-0.008529184996923355,-0.0010061005339727154,-0.2331617175558496,conditional_scenario_only
10,100,0.5,transfer_github_to_arxiv_one_percent,equal_13,0,0.5,2.3050441192012485,2.3050441192012485,1.0,1.0,-0.00011070233614019032,-0.008529184996923355,-0.0010061005339727154,-0.2331617175558496,conditional_scenario_only
10,100,0.5,transfer_github_to_arxiv_one_percent,equal_13,0.25,-0.5,2.3048423866240335,2.3050441192012485,0.9999124821188738,0.9999042488784315,-0.00011070233614019032,-0.00853852516958543,-0.0010060124821857823,-0.23314131173636937,conditional_scenario_only
10,100,0.5,transfer_github_to_arxiv_one_percent,equal_13,0.25,0,2.304980325759023,2.3050441192012485,0.999972324415965,0.999972324415965,-0.00011070233614019032,-0.008528948946747222,-0.0010060726895528397,-0.23315526466914163,conditional_scenario_only
10,100,0.5,transfer_github_to_arxiv_one_percent,equal_13,0.25,0.5,2.305023945943527,2.3050441192012485,0.9999912482118873,0.9998953961246497,-0.00011070233614019032,-0.008528101688417413,-0.001006091728794022,-0.23315967697390158,conditional_scenario_only
10,100,0.5,transfer_github_to_arxiv_one_percent,equal_13,0.5,-0.5,2.304640654046819,2.3050441192012485,0.9998249642377477,0.9998084977568631,-0.00011070233614019032,-0.008547865342247506,-0.001005924430398849,-0.23312090591688917,conditional_scenario_only
10,100,0.5,transfer_github_to_arxiv_one_percent,equal_13,0.5,0,2.3049165323167977,2.3050441192012485,0.9999446488319299,0.9999446488319299,-0.00011070233614019032,-0.008528712896571089,-0.001006044845132964,-0.23314881178243366,conditional_scenario_only
10,100,0.5,transfer_github_to_arxiv_one_percent,equal_13,0.5,0.5,2.3050037726858057,2.3050441192012485,0.9999824964237748,0.9997907922492995,-0.00011070233614019032,-0.008527018379911475,-0.001006082923615329,-0.23315763639195355,conditional_scenario_only
10,100,0.5,transfer_github_to_arxiv_one_percent,equal_13,1,-0.5,2.3042371888923894,2.3050441192012485,0.9996499284754954,0.9996169955137261,-0.00011070233614019032,-0.008566545687571654,-0.0010057483268249828,-0.23308009427792872,conditional_scenario_only
10,100,0.5,transfer_github_to_arxiv_one_percent,equal_13,1,0,2.304788945432347,2.3050441192012485,0.9998892976638598,0.9998892976638598,-0.00011070233614019032,-0.008528240796218823,-0.0010059891562932128,-0.2331359060090177,conditional_scenario_only
10,100,0.5,transfer_github_to_arxiv_one_percent,equal_13,1,0.5,2.304963426170363,2.3050441192012485,0.9999649928475496,0.9995815844985988,-0.00011070233614019032,-0.008524851762899594,-0.0010060653132579422,-0.23315355522805753,conditional_scenario_only
10,100,0.5,transfer_pile_cc_to_arxiv_one_percent,arxiv_only,0,-0.5,2.3050441192012485,2.3050441192012485,1.0,1.0,-0.00682654132338935,-0.008529184996923355,-0.0010061005339727154,-0.2331617175558496,conditional_scenario_only
10,100,0.5,transfer_pile_cc_to_arxiv_one_percent,arxiv_only,0,0,2.3050441192012485,2.3050441192012485,1.0,1.0,-0.00682654132338935,-0.008529184996923355,-0.0010061005339727154,-0.2331617175558496,conditional_scenario_only
10,100,0.5,transfer_pile_cc_to_arxiv_one_percent,arxiv_only,0,0.5,2.3050441192012485,2.3050441192012485,1.0,1.0,-0.00682654132338935,-0.008529184996923355,-0.0010061005339727154,-0.2331617175558496,conditional_scenario_only
10,100,0.5,transfer_pile_cc_to_arxiv_one_percent,arxiv_only,0.25,-0.5,2.292604130826599,2.3050441192012485,0.9946031452192073,0.9940954363662179,-0.00682654132338935,-0.0091051536428289,-0.0010006707554959867,-0.2319033776257605,conditional_scenario_only
10,100,0.5,transfer_pile_cc_to_arxiv_one_percent,arxiv_only,0.25,0,2.3011102494682576,2.3050441192012485,0.9982933646691526,0.9982933646691526,-0.00682654132338935,-0.008514628788464273,-0.0010043834872550531,-0.23276379553086773,conditional_scenario_only
10,100,0.5,transfer_pile_cc_to_arxiv_one_percent,arxiv_only,0.25,0.5,2.3038001203637837,2.3050441192012485,0.9994603145219207,0.9935495247655736,-0.00682654132338935,-0.008462381977767419,-0.0010055575561250425,-0.2330358835628407,conditional_scenario_only
10,100,0.5,transfer_pile_cc_to_arxiv_one_percent,arxiv_only,0.5,-0.5,2.2801641424519503,2.3050441192012485,0.9892062904384148,0.9881908727324358,-0.00682654132338935,-0.00968112228873445,-0.0009952409770192581,-0.2306450376956714,conditional_scenario_only
10,100,0.5,transfer_pile_cc_to_arxiv_one_percent,arxiv_only,0.5,0,2.297176379735267,2.3050441192012485,0.9965867293383053,0.9965867293383053,-0.00682654132338935,-0.00850007258000519,-0.001002666440537391,-0.23236587350588586,conditional_scenario_only
10,100,0.5,transfer_pile_cc_to_arxiv_one_percent,arxiv_only,0.5,0.5,2.302556121526319,2.3050441192012485,0.9989206290438415,0.9870990495311471,-0.00682654132338935,-0.008395578958611481,-0.0010050145782773698,-0.2329100495698318,conditional_scenario_only
10,100,0.5,transfer_pile_cc_to_arxiv_one_percent,arxiv_only,1,-0.5,2.255284165702652,2.3050441192012485,0.9784125808768296,0.9763817454648717,-0.00682654132338935,-0.010833059580545541,-0.0009843814200658008,-0.2281283578354932,conditional_scenario_only
10,100,0.5,transfer_pile_cc_to_arxiv_one_percent,arxiv_only,1,0,2.2893086402692857,2.3050441192012485,0.9931734586766107,0.9931734586766107,-0.00682654132338935,-0.008470960163087026,-0.0009992323471020666,-0.23157002945592217,conditional_scenario_only
10,100,0.5,transfer_pile_cc_to_arxiv_one_percent,arxiv_only,1,0.5,2.3000681238513887,2.3050441192012485,0.997841258087683,0.9741980990622943,-0.00682654132338935,-0.008261972920299608,-0.001003928622582024,-0.23265838158381397,conditional_scenario_only
10,100,0.5,transfer_pile_cc_to_arxiv_one_percent,pile_cc_only,0,-0.5,2.3050441192012485,2.3050441192012485,1.0,1.0,0.0023007360094061857,-0.008529184996923355,-0.0010061005339727154,-0.2331617175558496,conditional_scenario_only
10,100,0.5,transfer_pile_cc_to_arxiv_one_percent,pile_cc_only,0,0,2.3050441192012485,2.3050441192012485,1.0,1.0,0.0023007360094061857,-0.008529184996923355,-0.0010061005339727154,-0.2331617175558496,conditional_scenario_only
10,100,0.5,transfer_pile_cc_to_arxiv_one_percent,pile_cc_only,0,0.5,2.3050441192012485,2.3050441192012485,1.0,1.0,0.0023007360094061857,-0.008529184996923355,-0.0010061005339727154,-0.2331617175558496,conditional_scenario_only
10,100,0.5,transfer_pile_cc_to_arxiv_one_percent,pile_cc_only,0.25,-0.5,2.309236744405477,2.3050441192012485,1.0018188915211226,1.0001521793828325,0.0023007360094061857,-0.00833506739898492,-0.0010079305217033554,-0.23358581342696233,conditional_scenario_only
10,100,0.5,transfer_pile_cc_to_arxiv_one_percent,pile_cc_only,0.25,0,2.3063699437033276,2.3050441192012485,1.0005751840023516,1.0005751840023516,0.0023007360094061857,-0.008534090847686682,-0.001006679226904614,-0.23329582844574856,conditional_scenario_only
10,100,0.5,transfer_pile_cc_to_arxiv_one_percent,pile_cc_only,0.25,0.5,2.305463381721671,2.3050441192012485,1.0001818891521121,1.0001662492609167,0.0023007360094061857,-0.008551699489171794,-0.0010062835327457793,-0.23320412714296085,conditional_scenario_only
10,100,0.5,transfer_pile_cc_to_arxiv_one_percent,pile_cc_only,0.5,-0.5,2.3134293696097057,2.3050441192012485,1.0036377830422452,1.000304358765665,0.0023007360094061857,-0.008140949801046484,-0.0010097605094339952,-0.23400990929807503,conditional_scenario_only
10,100,0.5,transfer_pile_cc_to_arxiv_one_percent,pile_cc_only,0.5,0,2.3076957682054067,2.3050441192012485,1.0011503680047031,1.0011503680047031,0.0023007360094061857,-0.00853899669845001,-0.0010072579198365124,-0.23342993933564748,conditional_scenario_only
10,100,0.5,transfer_pile_cc_to_arxiv_one_percent,pile_cc_only,0.5,0.5,2.3058826442420943,2.3050441192012485,1.0003637783042245,1.0003324985218331,0.0023007360094061857,-0.00857421398142024,-0.0010064665315188434,-0.23324653673007215,conditional_scenario_only
10,100,0.5,transfer_pile_cc_to_arxiv_one_percent,pile_cc_only,1,-0.5,2.3218146200181624,2.3050441192012485,1.00727556608449,1.00060871753133,0.0023007360094061857,-0.007752714605169611,-0.0010134204848952747,-0.23485810104030042,conditional_scenario_only
10,100,0.5,transfer_pile_cc_to_arxiv_one_percent,pile_cc_only,1,0,2.310347417209565,2.3050441192012485,1.0023007360094063,1.0023007360094063,0.0023007360094061857,-0.008548808399976664,-0.0010084153057003094,-0.23369816111544536,conditional_scenario_only
10,100,0.5,transfer_pile_cc_to_arxiv_one_percent,pile_cc_only,1,0.5,2.30672116928294,2.3050441192012485,1.000727556608449,1.0006649970436665,0.0023007360094061857,-0.008619242965917122,-0.0010068325290649713,-0.23333135590429468,conditional_scenario_only
10,100,0.5,transfer_pile_cc_to_arxiv_one_percent,equal_13,0,-0.5,2.3050441192012485,2.3050441192012485,1.0,1.0,0.00020057159855891798,-0.008529184996923355,-0.0010061005339727154,-0.2331617175558496,conditional_scenario_only
10,100,0.5,transfer_pile_cc_to_arxiv_one_percent,equal_13,0,0,2.3050441192012485,2.3050441192012485,1.0,1.0,0.00020057159855891798,-0.008529184996923355,-0.0010061005339727154,-0.2331617175558496,conditional_scenario_only
10,100,0.5,transfer_pile_cc_to_arxiv_one_percent,equal_13,0,0.5,2.3050441192012485,2.3050441192012485,1.0,1.0,0.00020057159855891798,-0.008529184996923355,-0.0010061005339727154,-0.2331617175558496,conditional_scenario_only
10,100,0.5,transfer_pile_cc_to_arxiv_one_percent,equal_13,0.25,-0.5,2.305409620299998,2.3050441192012485,1.0001585657713468,1.0000132665642463,0.00020057159855891798,-0.008512262378783877,-0.0010062600670799372,-0.23319868902344237,conditional_scenario_only
10,100,0.5,transfer_pile_cc_to_arxiv_one_percent,equal_13,0.25,0,2.3051597007971827,2.3050441192012485,1.0000501428996398,1.0000501428996398,0.00020057159855891798,-0.008529612674990665,-0.001006150982770818,-0.23317340896045285,conditional_scenario_only
10,100,0.5,transfer_pile_cc_to_arxiv_one_percent,equal_13,0.25,0.5,2.305080669311123,2.3050441192012485,1.0000158565771347,1.0000144931360595,0.00020057159855891798,-0.0085311477460969,-0.0010061164872834376,-0.23316541470260888,conditional_scenario_only
10,100,0.5,transfer_pile_cc_to_arxiv_one_percent,equal_13,0.5,-0.5,2.3057751213987476,2.3050441192012485,1.0003171315426935,1.0000265331284925,0.00020057159855891798,-0.008495339760644397,-0.001006419600187159,-0.23323566049103517,conditional_scenario_only
10,100,0.5,transfer_pile_cc_to_arxiv_one_percent,equal_13,0.5,0,2.3052752823931173,2.3050441192012485,1.0001002857992796,1.0001002857992796,0.00020057159855891798,-0.008530040353057974,-0.0010062014315689205,-0.2331851003650561,conditional_scenario_only
10,100,0.5,transfer_pile_cc_to_arxiv_one_percent,equal_13,0.5,0.5,2.3051172194209983,2.3050441192012485,1.0000317131542693,1.000028986272119,0.00020057159855891798,-0.00853311049527045,-0.0010061324405941598,-0.23316911184936814,conditional_scenario_only
10,100,0.5,transfer_pile_cc_to_arxiv_one_percent,equal_13,1,-0.5,2.3065061235962463,2.3050441192012485,1.000634263085387,1.0000530662569849,0.00020057159855891798,-0.008461494524365438,-0.0010067386664016026,-0.23330960342622073,conditional_scenario_only
10,100,0.5,transfer_pile_cc_to_arxiv_one_percent,equal_13,1,0,2.3055064455849856,2.3050441192012485,1.000200571598559,1.000200571598559,0.00020057159855891798,-0.008530895709192592,-0.0010063023291651252,-0.23320848317426252,conditional_scenario_only
10,100,0.5,transfer_pile_cc_to_arxiv_one_percent,equal_13,1,0.5,2.305190319640748,2.3050441192012485,1.0000634263085386,1.000057972544238,0.00020057159855891798,-0.008537035993617543,-0.001006164347215604,-0.2331765061428867,conditional_scenario_only
