budget_FLOPs,context_tokens,quality_family,Q0,minimum_supported_cost_FLOPs,scientific_status,ready_for_Q3,N_params_B,D_tokens_B,Q_score,conditional_loss,cost_FLOPs,budget_utilization,interval_95_lower,interval_95_upper,kkt_relative_violation,kkt_check_pass,active_set,budget_active,N_lower_active,N_upper_active,D_lower_active,D_upper_active,Q_lower_active,Q_upper_active,support_saturated,regime,converged_starts,failure,status
1e+19,2048,exponential,0.5,4.4867200000000005e+18,conditional_B7_semi_synthetic,False,0.1405408966770969,10.000000000000002,0.5668909161659564,3.2629420811093137,1.0000000000006044e+19,1.0000000000006044,3.1680896623236032,3.369412225060411,2.916413251592013e-09,True,D_min;budget,True,False,False,True,False,False,False,False,budget_limited_with_bounds,20,,converged_feasible
3e+19,2048,exponential,0.5,4.4867200000000005e+18,conditional_B7_semi_synthetic,False,0.35239915298713126,10.000000000000002,0.7575908637541688,2.963465132929142,3.000000000002252e+19,1.0000000000007507,2.869076929909772,3.0710372932607273,1.0904143793902285e-09,True,D_min;budget,True,False,False,True,False,False,False,False,budget_limited_with_bounds,20,,converged_feasible
1e+20,2048,exponential,0.5,4.4867200000000005e+18,conditional_B7_semi_synthetic,False,0.9508120123308846,10.868943213318488,0.9668714855448834,2.7018200306354676,1.0000000000005662e+20,1.0000000000005662,2.607021730235459,2.8078590874636715,1.3353628057866516e-07,True,budget,True,False,False,False,False,False,False,False,budget_limited_interior,20,,converged_feasible
3e+20,2048,exponential,0.5,4.4867200000000005e+18,conditional_B7_semi_synthetic,False,1.4761209527109145,22.565251784854457,1.0,2.514926569592452,3.0000000000047664e+20,1.0000000000015887,2.4279722612514796,2.621088286233395,1.270082825534782e-10,True,Q1;budget,True,False,False,False,False,False,True,False,budget_limited_with_bounds,20,,converged_feasible
1e+21,2048,exponential,0.5,4.4867200000000005e+18,conditional_B7_semi_synthetic,False,2.355680359029357,52.81950129521225,0.9999999999999998,2.3577802164233317,1.0000000000009851e+21,1.0000000000009852,2.2657937361529346,2.4608272927000123,5.113722026792866e-10,True,Q1;budget,True,False,False,False,False,False,True,False,budget_limited_with_bounds,20,,converged_feasible
3e+21,2048,exponential,0.5,4.4867200000000005e+18,conditional_B7_semi_synthetic,False,3.71090403552268,108.62149410861713,1.0,2.246351109976777,3.000000000008351e+21,1.0000000000027836,2.1531725612955044,2.349144499042228,1.3688159718524625e-10,True,Q1;budget,True,False,False,False,False,False,True,False,budget_limited_with_bounds,20,,converged_feasible
1e+22,2048,exponential,0.5,4.4867200000000005e+18,conditional_B7_semi_synthetic,False,6.271047641436158,227.1264396334464,1.0,2.149669772043173,1.0000000000022746e+22,1.0000000000022746,2.058229753158215,2.253806266164084,9.892963290045811e-11,True,Q1;budget,True,False,False,False,False,False,True,False,budget_limited_with_bounds,20,,converged_feasible
3e+22,2048,exponential,0.5,4.4867200000000005e+18,conditional_B7_semi_synthetic,False,10.316510489661553,428.82787866900935,1.0,2.0788761784315577,3.0000000000038093e+22,1.0000000000012697,1.9836844553232929,2.1827336954160277,7.172295160968322e-10,True,Q1;budget,True,False,False,False,False,False,True,False,budget_limited_with_bounds,19,,converged_feasible
1e+23,2048,exponential,0.5,4.4867200000000005e+18,conditional_B7_semi_synthetic,False,11.969999999999997,600.0,1.0,2.0523920597927097,4.833380673941727e+22,0.4833380673941728,1.9576704032408743,2.1591078746310353,0.0,True,N_max;D_max;Q1,False,False,True,False,True,False,True,True,support_limited,20,,converged_feasible
3e+23,2048,exponential,0.5,4.4867200000000005e+18,conditional_B7_semi_synthetic,False,11.969999999999997,600.0,1.0,2.0523920597927097,4.833380673941727e+22,0.1611126891313909,1.9576704032408743,2.1591078746310353,0.0,True,N_max;D_max;Q1,False,False,True,False,True,False,True,True,support_limited,20,,converged_feasible
1e+24,2048,exponential,0.5,4.4867200000000005e+18,conditional_B7_semi_synthetic,False,11.969999999999997,600.0,1.0,2.0523920597927097,4.833380673941727e+22,0.04833380673941728,1.9576704032408743,2.1591078746310353,0.0,True,N_max;D_max;Q1,False,False,True,False,True,False,True,True,support_limited,20,,converged_feasible
1e+19,2048,power,0.5,4.4867200000000005e+18,conditional_B7_semi_synthetic,False,0.15601597603631454,10.000000000000002,0.5,3.27060943910677,1.0000000000023618e+19,1.0000000000023617,3.1757186858984103,3.377611894147943,0.0,True,D_min;Q0;budget,True,False,False,True,False,True,False,False,budget_limited_with_bounds,20,,converged_feasible
3e+19,2048,power,0.5,4.4867200000000005e+18,conditional_B7_semi_synthetic,False,0.3680420045023379,10.000000000000002,0.6608264869764738,3.0004805472539773,3.0000000000073208e+19,1.0000000000024403,2.903503183045257,3.107896740002988,1.0229601562576169e-10,True,D_min;budget,True,False,False,True,False,False,False,False,budget_limited_with_bounds,18,,converged_feasible
1e+20,2048,power,0.5,4.4867200000000005e+18,conditional_B7_semi_synthetic,False,0.8972224339559655,10.000000000000002,0.9773234074201579,2.7208319995583086,1.0000000000060272e+20,1.0000000000060272,2.6242834846266865,2.8275378406301925,3.341425946658765e-11,True,D_min;budget,True,False,False,True,False,False,False,False,budget_limited_with_bounds,20,,converged_feasible
3e+20,2048,power,0.5,4.4867200000000005e+18,conditional_B7_semi_synthetic,False,1.5487289273523253,20.52793337707929,1.0,2.5242143370124044,3.000000000007632e+20,1.0000000000025442,2.4366110107007652,2.6307943699812597,9.527887970550912e-11,True,Q1;budget,True,False,False,False,False,False,True,False,budget_limited_with_bounds,20,,converged_feasible
1e+21,2048,power,0.5,4.4867200000000005e+18,conditional_B7_semi_synthetic,False,2.443591483816995,49.14018442731962,1.0,2.3627855684531434,1.000000000001073e+21,1.000000000001073,2.2707821816744875,2.465314396094316,1.9731449326872853e-10,True,Q1;budget,True,False,False,False,False,False,True,False,budget_limited_with_bounds,20,,converged_feasible
3e+21,2048,power,0.5,4.4867200000000005e+18,conditional_B7_semi_synthetic,False,3.8119648662166363,103.0196076993738,1.0,2.2490927395021707,3.0000000000127727e+21,1.0000000000042575,2.1555805748980847,2.3520582469515405,3.439737005345427e-10,True,Q1;budget,True,False,False,False,False,False,True,False,budget_limited_with_bounds,20,,converged_feasible
1e+22,2048,power,0.5,4.4867200000000005e+18,conditional_B7_semi_synthetic,False,6.38420974057638,219.26107339387926,0.9999999999999999,2.1510359090443756,1.000000000000531e+22,1.000000000000531,2.0595798931050213,2.255204651834138,1.115892315615364e-10,True,Q1;budget,True,False,False,False,False,False,True,False,budget_limited_with_bounds,20,,converged_feasible
3e+22,2048,power,0.5,4.4867200000000005e+18,conditional_B7_semi_synthetic,False,10.43799753782536,419.0477365411484,1.0,2.079580497343788,3.0000000000148113e+22,1.0000000000049372,1.984225219962975,2.1834270094333674,9.626603232781809e-11,True,Q1;budget,True,False,False,False,False,False,True,False,budget_limited_with_bounds,20,,converged_feasible
1e+23,2048,power,0.5,4.4867200000000005e+18,conditional_B7_semi_synthetic,False,11.969999999999997,600.0,1.0,2.0523920597927097,4.884624719999998e+22,0.48846247199999987,1.9576704032408743,2.1591078746310353,0.0,True,N_max;D_max;Q1,False,False,True,False,True,False,True,True,support_limited,20,,converged_feasible
3e+23,2048,power,0.5,4.4867200000000005e+18,conditional_B7_semi_synthetic,False,11.969999999999997,600.0,1.0,2.0523920597927097,4.884624719999998e+22,0.16282082399999995,1.9576704032408743,2.1591078746310353,0.0,True,N_max;D_max;Q1,False,False,True,False,True,False,True,True,support_limited,20,,converged_feasible
1e+24,2048,power,0.5,4.4867200000000005e+18,conditional_B7_semi_synthetic,False,11.969999999999997,600.0,1.0,2.0523920597927097,4.884624719999998e+22,0.048846247199999984,1.9576704032408743,2.1591078746310353,0.0,True,N_max;D_max;Q1,False,False,True,False,True,False,True,True,support_limited,20,,converged_feasible
1e+19,2048,logarithmic,0.5,4.4867200000000005e+18,conditional_B7_semi_synthetic,False,0.15601597603714115,10.000000000000016,0.5000000000000001,3.2706094391054044,1.000000000007662e+19,1.0000000000076619,3.1757186858970843,3.377611894146591,0.0,True,D_min;Q0;budget,True,False,False,True,False,True,False,False,budget_limited_with_bounds,18,,converged_feasible
3e+19,2048,logarithmic,0.5,4.4867200000000005e+18,conditional_B7_semi_synthetic,False,0.27891419009946067,10.000000000000002,1.0,2.8919370292737723,3.0000000000021352e+19,1.0000000000007117,2.793531109396673,3.0006313187774207,0.0,True,D_min;Q1;budget,True,False,False,True,False,False,True,False,budget_limited_with_bounds,19,,converged_feasible
1e+20,2048,logarithmic,0.5,4.4867200000000005e+18,conditional_B7_semi_synthetic,False,0.7655545580090797,16.342085336850936,1.0,2.643882678860063,1.0000000000013415e+20,1.0000000000013416,2.5542302542021593,2.7528652173536443,9.775779238181898e-11,True,Q1;budget,True,False,False,False,False,False,True,False,budget_limited_with_bounds,19,,converged_feasible
3e+20,2048,logarithmic,0.5,4.4867200000000005e+18,conditional_B7_semi_synthetic,False,1.2078569060073292,33.50401308078758,1.0,2.4815352219138678,3.000000000004323e+20,1.0000000000014408,2.3940451295865435,2.587015143907913,1.9367196709710978e-11,True,Q1;budget,True,False,False,False,False,False,True,False,budget_limited_with_bounds,20,,converged_feasible
1e+21,2048,logarithmic,0.5,4.4867200000000005e+18,conditional_B7_semi_synthetic,False,2.0440094197465757,69.86384885101698,1.0,2.340541788986172,1.0000000000009744e+21,1.0000000000009743,2.2491947008322937,2.4440643566746356,3.3373773133704754e-11,True,Q1;budget,True,False,False,False,False,False,True,False,budget_limited_with_bounds,20,,converged_feasible
3e+21,2048,logarithmic,0.5,4.4867200000000005e+18,conditional_B7_semi_synthetic,False,3.3657678239442546,131.66269725089424,1.0,2.237224577124538,3.0000000000019614e+21,1.0000000000006537,2.145326048608343,2.3403474594640494,1.6620141303955516e-12,True,Q1;budget,True,False,False,False,False,False,True,False,budget_limited_with_bounds,20,,converged_feasible
1e+22,2048,logarithmic,0.5,4.4867200000000005e+18,conditional_B7_semi_synthetic,False,5.898006397461152,256.3042291847015,1.0,2.145252371433399,1.0000000000008984e+22,1.0000000000008984,2.0536546945043495,2.2492696655361084,2.8794444053150963e-11,True,Q1;budget,True,False,False,False,False,False,True,False,budget_limited_with_bounds,18,,converged_feasible
3e+22,2048,logarithmic,0.5,4.4867200000000005e+18,conditional_B7_semi_synthetic,False,9.925758647275229,462.73149558096276,0.9999999999999999,2.076641278251035,3.000000000002914e+22,1.0000000000009714,1.9820037508479016,2.180758545943614,4.2954220546276676e-10,True,Q1;budget,True,False,False,False,False,False,True,False,budget_limited_with_bounds,18,,converged_feasible
1e+23,2048,logarithmic,0.5,4.4867200000000005e+18,conditional_B7_semi_synthetic,False,11.969999999999997,600.0,1.0,2.0523920597927097,4.6761110164284365e+22,0.4676111016428437,1.9576704032408743,2.1591078746310353,0.0,True,N_max;D_max;Q1,False,False,True,False,True,False,True,True,support_limited,20,,converged_feasible
3e+23,2048,logarithmic,0.5,4.4867200000000005e+18,conditional_B7_semi_synthetic,False,11.969999999999997,600.0,1.0,2.0523920597927097,4.6761110164284365e+22,0.1558703672142812,1.9576704032408743,2.1591078746310353,0.0,True,N_max;D_max;Q1,False,False,True,False,True,False,True,True,support_limited,20,,converged_feasible
1e+24,2048,logarithmic,0.5,4.4867200000000005e+18,conditional_B7_semi_synthetic,False,11.969999999999997,600.0,1.0,2.0523920597927097,4.6761110164284365e+22,0.046761110164284365,1.9576704032408743,2.1591078746310353,0.0,True,N_max;D_max;Q1,False,False,True,False,True,False,True,True,support_limited,20,,converged_feasible
1e+19,4096,exponential,0.5,4.773440000000001e+18,conditional_B7_semi_synthetic,False,0.13248466313969684,10.000000000000002,0.5654244309490652,3.2793117238865723,1.0000000000008657e+19,1.0000000000008658,3.183931160299689,3.3856104857444382,1.8231647119743688e-10,True,D_min;budget,True,False,False,True,False,False,False,False,budget_limited_with_bounds,20,,converged_feasible
3e+19,4096,exponential,0.5,4.773440000000001e+18,conditional_B7_semi_synthetic,False,0.33233808470739956,10.000000000000002,0.7562512207786738,2.975173473636448,3.00000000002972e+19,1.0000000000099067,2.8807728468225275,3.082688308792708,8.35137551353652e-09,True,D_min;budget,True,False,False,True,False,False,False,False,budget_limited_with_bounds,20,,converged_feasible
1e+20,4096,exponential,0.5,4.773440000000001e+18,conditional_B7_semi_synthetic,False,0.9196204316672153,10.568327420019418,0.9710990518018946,2.7096224081022653,1.0000000000004866e+20,1.0000000000004865,2.61425656806263,2.8159101197432235,2.422898365783218e-07,True,budget,True,False,False,False,False,False,False,False,budget_limited_interior,20,,converged_feasible
3e+20,4096,exponential,0.5,4.773440000000001e+18,conditional_B7_semi_synthetic,False,1.4220278903999772,22.172088410716505,0.9999999999999998,2.5215533651562545,3.000000000002822e+20,1.0000000000009406,2.434345619623556,2.6279147678872126,2.6027728455813124e-08,True,Q1;budget,True,False,False,False,False,False,True,False,budget_limited_with_bounds,20,,converged_feasible
1e+21,4096,exponential,0.5,4.773440000000001e+18,conditional_B7_semi_synthetic,False,2.273435307675412,51.715820736521245,1.0,2.3634335116165266,1.0000000000005175e+21,1.0000000000005174,2.2716593526207567,2.4667488157218718,4.746781626999305e-11,True,Q1;budget,True,False,False,False,False,False,True,False,budget_limited_with_bounds,20,,converged_feasible
3e+21,4096,exponential,0.5,4.773440000000001e+18,conditional_B7_semi_synthetic,False,3.5867445405239984,106.0364390953971,1.0,2.251195414488927,3.0000000000136456e+21,1.0000000000045486,2.1581123729216887,2.3540268435627705,3.5413865686959655e-10,True,Q1;budget,True,False,False,False,False,False,True,False,budget_limited_with_bounds,20,,converged_feasible
1e+22,4096,exponential,0.5,4.773440000000001e+18,conditional_B7_semi_synthetic,False,6.069439846764118,221.13054118887578,0.9999999999999998,2.1537232315141557,1.0000000000001724e+22,1.0000000000001723,2.0625019253044297,2.2580028605332774,1.729602770320869e-10,True,Q1;budget,True,False,False,False,False,False,True,False,budget_limited_with_bounds,19,,converged_feasible
3e+22,4096,exponential,0.5,4.773440000000001e+18,conditional_B7_semi_synthetic,False,9.993945202736173,416.758447921109,0.9999999999999999,2.0822992135928087,3.0000000000088852e+22,1.0000000000029616,1.9871537272145752,2.186143281201868,6.199925688037849e-11,True,Q1;budget,True,False,False,False,False,False,True,False,budget_limited_with_bounds,20,,converged_feasible
1e+23,4096,exponential,0.5,4.773440000000001e+18,conditional_B7_semi_synthetic,False,11.969999999999997,600.0,1.0,2.0523920597927097,5.127555393941727e+22,0.5127555393941727,1.9576704032408743,2.1591078746310353,0.0,True,N_max;D_max;Q1,False,False,True,False,True,False,True,True,support_limited,20,,converged_feasible
3e+23,4096,exponential,0.5,4.773440000000001e+18,conditional_B7_semi_synthetic,False,11.969999999999997,600.0,1.0,2.0523920597927097,5.127555393941727e+22,0.17091851313139092,1.9576704032408743,2.1591078746310353,0.0,True,N_max;D_max;Q1,False,False,True,False,True,False,True,True,support_limited,20,,converged_feasible
1e+24,4096,exponential,0.5,4.773440000000001e+18,conditional_B7_semi_synthetic,False,11.969999999999997,600.0,1.0,2.0523920597927097,5.127555393941727e+22,0.051275553939417275,1.9576704032408743,2.1591078746310353,0.0,True,N_max;D_max;Q1,False,False,True,False,True,False,True,True,support_limited,20,,converged_feasible
1e+19,4096,power,0.5,4.773440000000001e+18,conditional_B7_semi_synthetic,False,0.14664476771540907,10.000000000000007,0.5,3.286715661566617,1.0000000000049183e+19,1.0000000000049183,3.191348482776472,3.393557552347864,0.0,True,D_min;Q0;budget,True,False,False,True,False,True,False,False,budget_limited_with_bounds,20,,converged_feasible
3e+19,4096,power,0.5,4.773440000000001e+18,conditional_B7_semi_synthetic,False,0.3472334993032703,10.000000000000002,0.6592872749690154,3.0123869524403983,3.0000000000040018e+19,1.0000000000013338,2.9154112146850144,3.119743978162724,4.7184223020869405e-11,True,D_min;budget,True,False,False,True,False,False,False,False,budget_limited_with_bounds,20,,converged_feasible
1e+20,4096,power,0.5,4.773440000000001e+18,conditional_B7_semi_synthetic,False,0.8483610899631288,10.000000000000002,0.9754806560527739,2.7287900993076795,1.0000000000034203e+20,1.0000000000034204,2.6321801834238,2.8356627604303477,1.8615983152566243e-11,True,D_min;budget,True,False,False,True,False,False,False,False,budget_limited_with_bounds,20,,converged_feasible
3e+20,4096,power,0.5,4.773440000000001e+18,conditional_B7_semi_synthetic,False,1.4910544908800443,20.19481427863546,1.0,2.5307347368654898,3.000000000007439e+20,1.0000000000024796,2.4429257891479725,2.637523505209081,7.478227463046281e-11,True,Q1;budget,True,False,False,False,False,False,True,False,budget_limited_with_bounds,20,,converged_feasible
1e+21,4096,power,0.5,4.773440000000001e+18,conditional_B7_semi_synthetic,False,2.356838000501678,48.171297844988665,1.0,2.3683696050910927,1.0000000000010061e+21,1.000000000001006,2.276589708325469,2.4711745671707184,5.3427648062885394e-11,True,Q1;budget,True,False,False,False,False,False,True,False,budget_limited_with_bounds,20,,converged_feasible
3e+21,4096,power,0.5,4.773440000000001e+18,conditional_B7_semi_synthetic,False,3.6824227050262834,100.67561083500526,0.9999999999999998,2.253893528834595,3.000000000000818e+21,1.0000000000002727,2.1604878838932473,2.356890445961106,3.217423702322768e-11,True,Q1;budget,True,False,False,False,False,False,True,False,budget_limited_with_bounds,20,,converged_feasible
1e+22,4096,power,0.5,4.773440000000001e+18,conditional_B7_semi_synthetic,False,6.1763422268167,213.65141567824926,1.0,2.155065139828145,1.000000000000749e+22,1.0000000000007492,2.0638277442846764,2.2593753023847087,1.5657010869413008e-10,True,Q1;budget,True,False,False,False,False,False,True,False,budget_limited_with_bounds,20,,converged_feasible
3e+22,4096,power,0.5,4.773440000000001e+18,conditional_B7_semi_synthetic,False,10.108524231382091,407.50046198708384,1.0,2.082990142505569,3.0000000000026604e+22,1.0000000000008868,1.9878287916461388,2.1868226076580406,5.339168599825154e-10,True,Q1;budget,True,False,False,False,False,False,True,False,budget_limited_with_bounds,19,,converged_feasible
1e+23,4096,power,0.5,4.773440000000001e+18,conditional_B7_semi_synthetic,False,11.969999999999997,600.0,1.0,2.0523920597927097,5.178799439999998e+22,0.5178799439999999,1.9576704032408743,2.1591078746310353,0.0,True,N_max;D_max;Q1,False,False,True,False,True,False,True,True,support_limited,20,,converged_feasible
3e+23,4096,power,0.5,4.773440000000001e+18,conditional_B7_semi_synthetic,False,11.969999999999997,600.0,1.0,2.0523920597927097,5.178799439999998e+22,0.17262664799999994,1.9576704032408743,2.1591078746310353,0.0,True,N_max;D_max;Q1,False,False,True,False,True,False,True,True,support_limited,20,,converged_feasible
1e+24,4096,power,0.5,4.773440000000001e+18,conditional_B7_semi_synthetic,False,11.969999999999997,600.0,1.0,2.0523920597927097,5.178799439999998e+22,0.05178799439999999,1.9576704032408743,2.1591078746310353,0.0,True,N_max;D_max;Q1,False,False,True,False,True,False,True,True,support_limited,20,,converged_feasible
1e+19,4096,logarithmic,0.5,4.773440000000001e+18,conditional_B7_semi_synthetic,False,0.1466447677159446,10.000000000000002,0.5,3.286715661565659,1.0000000000085694e+19,1.0000000000085694,3.1913484827755427,3.3935575523469153,0.0,True,D_min;Q0;budget,True,False,False,True,False,True,False,False,budget_limited_with_bounds,17,,converged_feasible
3e+19,4096,logarithmic,0.5,4.773440000000001e+18,conditional_B7_semi_synthetic,False,0.2621610149085693,10.000000000000007,1.0,2.9036490405603255,3.0000000000051495e+19,1.0000000000017164,2.8054273353496213,3.012341636456597,0.0,True,D_min;Q1;budget,True,False,False,True,False,False,True,False,budget_limited_with_bounds,18,,converged_feasible
1e+20,4096,logarithmic,0.5,4.773440000000001e+18,conditional_B7_semi_synthetic,False,0.7388989937378653,15.99751302604436,1.0,2.6521602738727705,1.0000000000017672e+20,1.0000000000017673,2.5621349242087437,2.760479742689048,9.175908084071379e-11,True,Q1;budget,True,False,False,False,False,False,True,False,budget_limited_with_bounds,20,,converged_feasible
3e+20,4096,logarithmic,0.5,4.773440000000001e+18,conditional_B7_semi_synthetic,False,1.167544202806467,32.701150923356174,1.0,2.4886245577454233,3.000000000000843e+20,1.0000000000002809,2.401388110110271,2.5942975845543765,1.0376133165509948e-11,True,Q1;budget,True,False,False,False,False,False,True,False,budget_limited_with_bounds,20,,converged_feasible
1e+21,4096,logarithmic,0.5,4.773440000000001e+18,conditional_B7_semi_synthetic,False,1.9784255297380238,68.01078198003684,1.0,2.346470980831129,1.000000000001183e+21,1.000000000001183,2.2552330613608844,2.450044574677268,4.19089975453828e-11,True,Q1;budget,True,False,False,False,False,False,True,False,budget_limited_with_bounds,20,,converged_feasible
3e+21,4096,logarithmic,0.5,4.773440000000001e+18,conditional_B7_semi_synthetic,False,3.260681839512318,127.94533789148058,1.0,2.2422300350539284,3.000000000002868e+21,1.000000000000956,2.1503810184557084,2.345363204461811,3.475895167975076e-11,True,Q1;budget,True,False,False,False,False,False,True,False,budget_limited_with_bounds,20,,converged_feasible
1e+22,4096,logarithmic,0.5,4.773440000000001e+18,conditional_B7_semi_synthetic,False,5.717627041437286,248.74437614806456,1.0,2.149389913430303,1.0000000000005853e+22,1.0000000000005853,2.0578017670644893,2.253556735623905,3.5743371901125044e-12,True,Q1;budget,True,False,False,False,False,False,True,False,budget_limited_with_bounds,19,,converged_feasible
3e+22,4096,logarithmic,0.5,4.773440000000001e+18,conditional_B7_semi_synthetic,False,9.62586485528655,448.74596216730254,1.0,2.0801088066109057,3.0000000000099338e+22,1.0000000000033114,1.985499728178229,2.1839861997208345,6.3175721830907575e-12,True,Q1;budget,True,False,False,False,False,False,True,False,budget_limited_with_bounds,19,,converged_feasible
1e+23,4096,logarithmic,0.5,4.773440000000001e+18,conditional_B7_semi_synthetic,False,11.969999999999997,600.0,1.0,2.0523920597927097,4.9702857364284365e+22,0.4970285736428437,1.9576704032408743,2.1591078746310353,0.0,True,N_max;D_max;Q1,False,False,True,False,True,False,True,True,support_limited,20,,converged_feasible
3e+23,4096,logarithmic,0.5,4.773440000000001e+18,conditional_B7_semi_synthetic,False,11.969999999999997,600.0,1.0,2.0523920597927097,4.9702857364284365e+22,0.1656761912142812,1.9576704032408743,2.1591078746310353,0.0,True,N_max;D_max;Q1,False,False,True,False,True,False,True,True,support_limited,20,,converged_feasible
1e+24,4096,logarithmic,0.5,4.773440000000001e+18,conditional_B7_semi_synthetic,False,11.969999999999997,600.0,1.0,2.0523920597927097,4.9702857364284365e+22,0.04970285736428436,1.9576704032408743,2.1591078746310353,0.0,True,N_max;D_max;Q1,False,False,True,False,True,False,True,True,support_limited,20,,converged_feasible
1e+19,8192,exponential,0.5,5.346880000000001e+18,conditional_B7_semi_synthetic,False,0.11890634294347115,10.000000000000002,0.5627042262708069,3.310084163716411,1.000000000000646e+19,1.000000000000646,3.213646979063273,3.416037636356754,2.4969310368082685e-11,True,D_min;budget,True,False,False,True,False,False,False,False,budget_limited_with_bounds,20,,converged_feasible
3e+19,8192,exponential,0.5,5.346880000000001e+18,conditional_B7_semi_synthetic,False,0.2985078096699814,10.000000000000002,0.7537642236657937,2.997195110877211,3.0000000000027615e+19,1.0000000000009206,2.90270870823828,3.1048123814021324,1.3520668778278645e-10,True,D_min;budget,True,False,False,True,False,False,False,False,budget_limited_with_bounds,20,,converged_feasible
1e+20,8192,exponential,0.5,5.346880000000001e+18,conditional_B7_semi_synthetic,False,0.8651639315734904,10.03981048477202,0.9788146323247263,2.7240987588807277,1.000000000000461e+20,1.000000000000461,2.6275698214687484,2.8309176231275073,7.610136850163426e-08,True,budget,True,False,False,False,False,False,False,False,budget_limited_interior,20,,converged_feasible
3e+20,8192,exponential,0.5,5.346880000000001e+18,conditional_B7_semi_synthetic,False,1.3283884066927747,21.458928805969094,1.0,2.533908932551322,3.0000000000078676e+20,1.0000000000026226,2.4462490554913514,2.640636478924746,7.765406181679511e-11,True,Q1;budget,True,False,False,False,False,False,True,False,budget_limited_with_bounds,20,,converged_feasible
1e+21,8192,exponential,0.5,5.346880000000001e+18,conditional_B7_semi_synthetic,False,2.1307100967059207,49.72984617047134,1.0,2.373964909140296,1.0000000000013068e+21,1.0000000000013067,2.2825828358336473,2.4777615746378316,9.203280939141409e-11,True,Q1;budget,True,False,False,False,False,False,True,False,budget_limited_with_bounds,20,,converged_feasible
3e+21,8192,exponential,0.5,5.346880000000001e+18,conditional_B7_semi_synthetic,False,3.3707513585884987,101.41789059094408,1.0,2.2602132631335623,3.0000000000062527e+21,1.000000000002084,2.167306046515284,2.3631071295945287,2.1051330095547276e-10,True,Q1;budget,True,False,False,False,False,False,True,False,budget_limited_with_bounds,20,,converged_feasible
1e+22,8192,exponential,0.5,5.346880000000001e+18,conditional_B7_semi_synthetic,False,5.7178027469002535,210.48954850510466,1.0,2.1612640378655015,1.0000000000009378e+22,1.000000000000938,2.0704408180465013,2.2658044944587745,1.0130655289517138e-10,True,Q1;budget,True,False,False,False,False,False,True,False,budget_limited_with_bounds,20,,converged_feasible
3e+22,8192,exponential,0.5,5.346880000000001e+18,conditional_B7_semi_synthetic,False,9.430215928281447,395.4382563721426,1.0,2.0886644710046123,3.0000000000006673e+22,1.0000000000002225,1.9938348300818287,2.1924808997496563,2.2524881004536467e-09,True,Q1;budget,True,False,False,False,False,False,True,False,budget_limited_with_bounds,20,,converged_feasible
1e+23,8192,exponential,0.5,5.346880000000001e+18,conditional_B7_semi_synthetic,False,11.969999999999997,600.0,1.0,2.0523920597927097,5.715904833941727e+22,0.5715904833941727,1.9576704032408743,2.1591078746310353,0.0,True,N_max;D_max;Q1,False,False,True,False,True,False,True,True,support_limited,20,,converged_feasible
3e+23,8192,exponential,0.5,5.346880000000001e+18,conditional_B7_semi_synthetic,False,11.969999999999997,600.0,1.0,2.0523920597927097,5.715904833941727e+22,0.1905301611313909,1.9576704032408743,2.1591078746310353,0.0,True,N_max;D_max;Q1,False,False,True,False,True,False,True,True,support_limited,20,,converged_feasible
1e+24,8192,exponential,0.5,5.346880000000001e+18,conditional_B7_semi_synthetic,False,11.969999999999997,600.0,1.0,2.0523920597927097,5.715904833941727e+22,0.057159048339417276,1.9576704032408743,2.1591078746310353,0.0,True,N_max;D_max;Q1,False,False,True,False,True,False,True,True,support_limited,20,,converged_feasible
1e+19,8192,power,0.5,5.346880000000001e+18,conditional_B7_semi_synthetic,False,0.130917469627477,10.000000000000002,0.5,3.3170024723586544,1.0000000000025205e+19,1.0000000000025204,3.2206705421694655,3.423520302252175,0.0,True,D_min;Q0;budget,True,False,False,True,False,True,False,False,budget_limited_with_bounds,19,,converged_feasible
3e+19,8192,power,0.5,5.346880000000001e+18,conditional_B7_semi_synthetic,False,0.31212343914103463,10.000000000000002,0.6564301389939072,3.0347609294634523,3.0000000000147956e+19,1.0000000000049318,2.9377276300111794,3.141981840074012,3.80689237021599e-10,True,D_min;budget,True,False,False,True,False,False,False,False,budget_limited_with_bounds,19,,converged_feasible
1e+20,8192,power,0.5,5.346880000000001e+18,conditional_B7_semi_synthetic,False,0.7656397443234341,10.000000000000002,0.9720627896273241,2.7437757884960616,1.0000000000099806e+20,1.0000000000099807,2.6470646119927523,2.8509617646017245,6.0704756219343375e-12,True,D_min;budget,True,False,False,True,False,False,False,False,budget_limited_with_bounds,19,,converged_feasible
3e+20,8192,power,0.5,5.346880000000001e+18,conditional_B7_semi_synthetic,False,1.3912914773582252,19.588970098388373,1.0,2.5428955478261406,3.000000000003408e+20,1.000000000001136,2.455580045780481,2.6500608339831575,2.2591091670241625e-10,True,Q1;budget,True,False,False,False,False,False,True,False,budget_limited_with_bounds,20,,converged_feasible
1e+21,8192,power,0.5,5.346880000000001e+18,conditional_B7_semi_synthetic,False,2.2064230450214244,46.42301007930531,0.9999999999999999,2.3787750283070928,1.0000000000008923e+21,1.0000000000008924,2.2874073957136547,2.482075878726337,5.977885807907556e-11,True,Q1;budget,True,False,False,False,False,False,True,False,budget_limited_with_bounds,20,,converged_feasible
3e+21,8192,power,0.5,5.346880000000001e+18,conditional_B7_semi_synthetic,False,3.4572761281460545,96.47680232082867,1.0,2.262832689983331,3.000000000025165e+21,1.0000000000083882,2.1696227337465945,2.365883252099558,4.3543902085257824e-10,True,Q1;budget,True,False,False,False,False,False,True,False,budget_limited_with_bounds,20,,converged_feasible
1e+22,8192,power,0.5,5.346880000000001e+18,conditional_B7_semi_synthetic,False,5.81409799640655,203.6746734647904,0.9999999999999998,2.1625623830782934,1.0000000000004173e+22,1.0000000000004174,2.07172293347611,2.267130332160496,6.616200504260499e-10,True,Q1;budget,True,False,False,False,False,False,True,False,budget_limited_with_bounds,20,,converged_feasible
3e+22,8192,power,0.5,5.346880000000001e+18,conditional_B7_semi_synthetic,False,9.533123877763408,387.0702365209,1.0,2.0893314229818323,3.000000000016684e+22,1.0000000000055613,1.994543233962458,2.1931352149101344,6.339037840241468e-11,True,Q1;budget,True,False,False,False,False,False,True,False,budget_limited_with_bounds,18,,converged_feasible
1e+23,8192,power,0.5,5.346880000000001e+18,conditional_B7_semi_synthetic,False,11.969999999999997,600.0,1.0,2.0523920597927097,5.767148879999998e+22,0.5767148879999999,1.9576704032408743,2.1591078746310353,0.0,True,N_max;D_max;Q1,False,False,True,False,True,False,True,True,support_limited,20,,converged_feasible
3e+23,8192,power,0.5,5.346880000000001e+18,conditional_B7_semi_synthetic,False,11.969999999999997,600.0,1.0,2.0523920597927097,5.767148879999998e+22,0.19223829599999995,1.9576704032408743,2.1591078746310353,0.0,True,N_max;D_max;Q1,False,False,True,False,True,False,True,True,support_limited,20,,converged_feasible
1e+24,8192,power,0.5,5.346880000000001e+18,conditional_B7_semi_synthetic,False,11.969999999999997,600.0,1.0,2.0523920597927097,5.767148879999998e+22,0.05767148879999998,1.9576704032408743,2.1591078746310353,0.0,True,N_max;D_max;Q1,False,False,True,False,True,False,True,True,support_limited,20,,converged_feasible
1e+19,8192,logarithmic,0.5,5.346880000000001e+18,conditional_B7_semi_synthetic,False,0.13091746962715095,10.000000000000002,0.5000000000002,3.3170024723592255,1.0000000000006965e+19,1.0000000000006966,3.220670542170016,3.423520302252738,0.0,True,D_min;Q0;budget,True,False,False,True,False,True,False,False,budget_limited_with_bounds,16,,converged_feasible
3e+19,8192,logarithmic,0.5,5.346880000000001e+18,conditional_B7_semi_synthetic,False,0.23404487757394715,10.000000000000002,1.0,2.925747009131914,3.0000000000014705e+19,1.00000000000049,2.8279430904897955,3.0343498014727714,0.0,True,D_min;Q1;budget,True,False,False,True,False,False,True,False,budget_limited_with_bounds,20,,converged_feasible
1e+20,8192,logarithmic,0.5,5.346880000000001e+18,conditional_B7_semi_synthetic,False,0.6926349736952535,15.377767333112422,0.9999999999999972,2.6675796948409305,1.0000000000007327e+20,1.0000000000007327,2.5768568673024457,2.7756418902840503,6.688807550668103e-12,True,Q1;budget,True,False,False,False,False,False,True,False,budget_limited_with_bounds,19,,converged_feasible
3e+20,8192,logarithmic,0.5,5.346880000000001e+18,conditional_B7_semi_synthetic,False,1.0974037924210733,31.267324914796852,1.0,2.5018210759470896,3.000000000002948e+20,1.0000000000009825,2.4150563364771025,2.607842384197326,3.149182768730112e-10,True,Q1;budget,True,False,False,False,False,False,True,False,budget_limited_with_bounds,20,,converged_feasible
1e+21,8192,logarithmic,0.5,5.346880000000001e+18,conditional_B7_semi_synthetic,False,1.8640209409602226,64.72320502839806,1.0,2.3575009432055336,1.0000000000017354e+21,1.0000000000017355,2.266467238399663,2.461166900925602,6.637701298179168e-11,True,Q1;budget,True,False,False,False,False,False,True,False,budget_limited_with_bounds,20,,converged_feasible
3e+21,8192,logarithmic,0.5,5.346880000000001e+18,conditional_B7_semi_synthetic,False,3.077009178485544,121.38034448246243,1.0,2.2515376606789483,3.0000000000070354e+21,1.0000000000023452,2.1597822846303147,2.3546685545372608,9.936406700851684e-12,True,Q1;budget,True,False,False,False,False,False,True,False,budget_limited_with_bounds,20,,converged_feasible
1e+22,8192,logarithmic,0.5,5.346880000000001e+18,conditional_B7_semi_synthetic,False,5.401851300040892,235.43941103440707,1.0,2.1570812601160014,1.0000000000026045e+22,1.0000000000026044,2.065742278771842,2.261520176141463,1.1053647608140718e-11,True,Q1;budget,True,False,False,False,False,False,True,False,budget_limited_with_bounds,20,,converged_feasible
3e+22,8192,logarithmic,0.5,5.346880000000001e+18,conditional_B7_semi_synthetic,False,9.100347021768131,424.1819795247632,1.0,2.0865534978014155,3.0000000000283086e+22,1.0000000000094362,1.9919984174042373,2.190406858362337,1.3576300757200755e-11,True,Q1;budget,True,False,False,False,False,False,True,False,budget_limited_with_bounds,20,,converged_feasible
1e+23,8192,logarithmic,0.5,5.346880000000001e+18,conditional_B7_semi_synthetic,False,11.969999999999997,600.0,1.0,2.0523920597927097,5.5586351764284365e+22,0.5558635176428437,1.9576704032408743,2.1591078746310353,0.0,True,N_max;D_max;Q1,False,False,True,False,True,False,True,True,support_limited,20,,converged_feasible
3e+23,8192,logarithmic,0.5,5.346880000000001e+18,conditional_B7_semi_synthetic,False,11.969999999999997,600.0,1.0,2.0523920597927097,5.5586351764284365e+22,0.1852878392142812,1.9576704032408743,2.1591078746310353,0.0,True,N_max;D_max;Q1,False,False,True,False,True,False,True,True,support_limited,20,,converged_feasible
1e+24,8192,logarithmic,0.5,5.346880000000001e+18,conditional_B7_semi_synthetic,False,11.969999999999997,600.0,1.0,2.0523920597927097,5.5586351764284365e+22,0.055586351764284364,1.9576704032408743,2.1591078746310353,0.0,True,N_max;D_max;Q1,False,False,True,False,True,False,True,True,support_limited,20,,converged_feasible
1e+19,16384,exponential,0.5,6.49376e+18,conditional_B7_semi_synthetic,False,0.09879449478946441,10.000000000000002,0.5579418374353411,3.365277567534864,1.0000000000007555e+19,1.0000000000007556,3.2668165801767017,3.4705397911462983,1.0628909748949847e-10,True,D_min;budget,True,False,False,True,False,False,False,False,budget_limited_with_bounds,20,,converged_feasible
3e+19,16384,exponential,0.5,6.49376e+18,conditional_B7_semi_synthetic,False,0.24835049060260794,10.000000000000002,0.7494039050274461,3.036728105311461,3.0000000000020914e+19,1.0000000000006972,2.9418908523143026,3.1446966815162676,1.6697814847409273e-08,True,D_min;budget,True,False,False,True,False,False,False,False,budget_limited_with_bounds,19,,converged_feasible
1e+20,16384,exponential,0.5,6.49376e+18,conditional_B7_semi_synthetic,False,0.7240730896706159,10.000000000000002,0.9755477354182269,2.7498694585822667,1.0000000000024448e+20,1.0000000000024447,2.653037434388252,2.857284082621983,8.312343590083442e-11,True,D_min;budget,True,False,False,True,False,False,False,False,budget_limited_with_bounds,19,,converged_feasible
3e+20,16384,exponential,0.5,6.49376e+18,conditional_B7_semi_synthetic,False,1.1829993434532418,20.259482267023415,1.0,2.555745980581695,3.000000000001188e+20,1.0000000000003961,2.4689037258949806,2.663101823431723,2.8738986311076554e-10,True,Q1;budget,True,False,False,False,False,False,True,False,budget_limited_with_bounds,20,,converged_feasible
1e+21,16384,exponential,0.5,6.49376e+18,conditional_B7_semi_synthetic,False,1.9081319840651578,46.436484268474,0.9999999999999999,2.3925498866588892,1.000000000003205e+21,1.000000000003205,2.301851797094638,2.496870665796063,2.3986914026058765e-10,True,Q1;budget,True,False,False,False,False,False,True,False,budget_limited_with_bounds,20,,converged_feasible
3e+21,16384,exponential,0.5,6.49376e+18,conditional_B7_semi_synthetic,False,3.032455317546494,93.85290368037562,1.0,2.2761074775306143,3.000000000003339e+21,1.000000000001113,2.1835051034730673,2.3791092926082498,1.1407798141874922e-10,True,Q1;budget,True,False,False,False,False,False,True,False,budget_limited_with_bounds,19,,converged_feasible
1e+22,16384,exponential,0.5,6.49376e+18,conditional_B7_semi_synthetic,False,5.164581513182536,193.25829138864228,1.0,2.1745403504688516,1.0000000000051403e+22,1.0000000000051403,2.084351929567794,2.2789771498487257,3.746766957422162e-10,True,Q1;budget,True,False,False,False,False,False,True,False,budget_limited_with_bounds,20,,converged_feasible
3e+22,16384,exponential,0.5,6.49376e+18,conditional_B7_semi_synthetic,False,8.54029920979819,361.184336695167,1.0,2.099862969509459,3.0000000000027863e+22,1.0000000000009288,2.0057666138760974,2.2036225712586117,2.906346948691032e-10,True,Q1;budget,True,False,False,False,False,False,True,False,budget_limited_with_bounds,19,,converged_feasible
1e+23,16384,exponential,0.5,6.49376e+18,conditional_B7_semi_synthetic,False,11.970000000000002,600.0,1.0,2.0523920597927097,6.89260371394173e+22,0.6892603713941731,1.9576704032408743,2.1591078746310353,0.0,True,N_max;D_max;Q1,False,False,True,False,True,False,True,True,support_limited,20,,converged_feasible
3e+23,16384,exponential,0.5,6.49376e+18,conditional_B7_semi_synthetic,False,11.969999999999997,600.0,1.0,2.0523920597927097,6.8926037139417266e+22,0.2297534571313909,1.9576704032408743,2.1591078746310353,0.0,True,N_max;D_max;Q1,False,False,True,False,True,False,True,True,support_limited,20,,converged_feasible
1e+24,16384,exponential,0.5,6.49376e+18,conditional_B7_semi_synthetic,False,11.969999999999997,600.0,1.0,2.0523920597927097,6.8926037139417266e+22,0.06892603713941726,1.9576704032408743,2.1591078746310353,0.0,True,N_max;D_max;Q1,False,False,True,False,True,False,True,True,support_limited,20,,converged_feasible
1e+19,16384,power,0.5,6.49376e+18,conditional_B7_semi_synthetic,False,0.10779579165278394,10.000000000000002,0.5000000000000001,3.3713591234320672,1.0000000000045464e+19,1.0000000000045464,3.2730885899280313,3.4772254323204845,0.0,True,D_min;Q0;budget,True,False,False,True,False,True,False,False,budget_limited_with_bounds,20,,converged_feasible
3e+19,16384,power,0.5,6.49376e+18,conditional_B7_semi_synthetic,False,0.26001704630986877,10.000000000000002,0.6514231960404008,3.0748642757191567,3.0000000000017883e+19,1.0000000000005962,2.9781021788213144,3.1822327068904475,9.285394842456179e-10,True,D_min;budget,True,False,False,True,False,False,False,False,budget_limited_with_bounds,20,,converged_feasible
1e+20,16384,power,0.5,6.49376e+18,conditional_B7_semi_synthetic,False,0.6421589356027853,10.000000000000002,0.966078720094322,2.7707294592428044,1.0000000000007743e+20,1.0000000000007743,2.673881264440422,2.8782629128735047,1.8651273632040084e-08,True,D_min;budget,True,False,False,True,False,False,False,False,budget_limited_with_bounds,19,,converged_feasible
3e+20,16384,power,0.5,6.49376e+18,conditional_B7_semi_synthetic,False,1.2366044879636398,18.565238153618072,1.0,2.5643996600560865,3.000000000010048e+20,1.0000000000033493,2.4778608062736476,2.6721917439022023,1.0684043109966394e-10,True,Q1;budget,True,False,False,False,False,False,True,False,budget_limited_with_bounds,20,,converged_feasible
1e+21,16384,power,0.5,6.49376e+18,conditional_B7_semi_synthetic,False,1.9722221896178818,43.509643034720405,1.0,2.3971470562653185,1.0000000000045728e+21,1.0000000000045728,2.3064968311696568,2.5012664240559093,4.11412053095e-11,True,Q1;budget,True,False,False,False,False,False,True,False,budget_limited_with_bounds,20,,converged_feasible
3e+21,16384,power,0.5,6.49376e+18,conditional_B7_semi_synthetic,False,3.105218831643842,89.56829677789484,0.9999999999999999,2.2785952391751896,3.0000000000096757e+21,1.0000000000032252,2.185723171923801,2.381739123845977,1.7788114014804465e-10,True,Q1;budget,True,False,False,False,False,False,True,False,budget_limited_with_bounds,20,,converged_feasible
1e+22,16384,power,0.5,6.49376e+18,conditional_B7_semi_synthetic,False,5.245028481305127,187.4604685171421,1.0,2.175766512603971,1.000000000002379e+22,1.000000000002379,2.085600735902129,2.28028821253062,5.817757633207732e-10,True,Q1;budget,True,False,False,False,False,False,True,False,budget_limited_with_bounds,20,,converged_feasible
3e+22,16384,power,0.5,6.49376e+18,conditional_B7_semi_synthetic,False,8.62586022361729,354.1583139214006,1.0,2.100490466402486,3.0000000000024033e+22,1.0000000000008011,2.006397377914766,2.2042358341329886,7.558038372014072e-09,True,Q1;budget,True,False,False,False,False,False,True,False,budget_limited_with_bounds,20,,converged_feasible
1e+23,16384,power,0.5,6.49376e+18,conditional_B7_semi_synthetic,False,11.970000000000002,600.0,0.9999999999999999,2.0523920597927097,6.943847760000001e+22,0.6943847760000001,1.9576704032408743,2.1591078746310353,0.0,True,N_max;D_max;Q1,False,False,True,False,True,False,True,True,support_limited,20,,converged_feasible
3e+23,16384,power,0.5,6.49376e+18,conditional_B7_semi_synthetic,False,11.969999999999997,600.0,1.0,2.0523920597927097,6.9438477599999976e+22,0.2314615919999999,1.9576704032408743,2.1591078746310353,0.0,True,N_max;D_max;Q1,False,False,True,False,True,False,True,True,support_limited,20,,converged_feasible
1e+24,16384,power,0.5,6.49376e+18,conditional_B7_semi_synthetic,False,11.969999999999997,600.0,1.0,2.0523920597927097,6.9438477599999976e+22,0.06943847759999998,1.9576704032408743,2.1591078746310353,0.0,True,N_max;D_max;Q1,False,False,True,False,True,False,True,True,support_limited,20,,converged_feasible
1e+19,16384,logarithmic,0.5,6.49376e+18,conditional_B7_semi_synthetic,False,0.10779579165238215,10.000000000000318,0.5,3.371359123433135,1.0000000000008505e+19,1.0000000000008504,3.27308858992906,3.4772254323215375,0.0,True,D_min;Q0;budget,True,False,False,True,False,True,False,False,budget_limited_with_bounds,18,,converged_feasible
3e+19,16384,logarithmic,0.5,6.49376e+18,conditional_B7_semi_synthetic,False,0.19270959736778712,10.000000000000002,1.0,2.965633473966402,3.00000000000212e+19,1.0000000000007068,2.868082441940454,3.0738009154630945,0.0,True,D_min;Q1;budget,True,False,False,True,False,False,True,False,budget_limited_with_bounds,19,,converged_feasible
1e+20,16384,logarithmic,0.5,6.49376e+18,conditional_B7_semi_synthetic,False,0.6204679004928535,14.350850280814958,1.0,2.6947884453047384,1.0000000000008493e+20,1.0000000000008493,2.602824255488469,2.8030997500330623,2.0992612162807532e-11,True,Q1;budget,True,False,False,False,False,False,True,False,budget_limited_with_bounds,20,,converged_feasible
3e+20,16384,logarithmic,0.5,6.49376e+18,conditional_B7_semi_synthetic,False,0.9875183540705654,28.920451949435286,0.9999999999999993,2.525078689665707,3.000000000002416e+20,1.0000000000008054,2.4389273614408777,2.631679782215579,2.7125597065314477e-11,True,Q1;budget,True,False,False,False,False,False,True,False,budget_limited_with_bounds,20,,converged_feasible
1e+21,16384,logarithmic,0.5,6.49376e+18,conditional_B7_semi_synthetic,False,1.6839894863458023,59.402510749500486,0.9999999999999999,2.376919233282499,1.000000000003516e+21,1.000000000003516,2.2862726929425614,2.480739600547225,1.3896276512631468e-10,True,Q1;budget,True,False,False,False,False,False,True,False,budget_limited_with_bounds,20,,converged_feasible
3e+21,16384,logarithmic,0.5,6.49376e+18,conditional_B7_semi_synthetic,False,2.7870068002440425,110.83698951373404,1.0,2.267912112050657,3.000000000007594e+21,1.0000000000025313,2.1763270422508953,2.371035286298471,3.0570366452663595e-10,True,Q1;budget,True,False,False,False,False,False,True,False,budget_limited_with_bounds,20,,converged_feasible
1e+22,16384,logarithmic,0.5,6.49376e+18,conditional_B7_semi_synthetic,False,4.901932824272618,214.19458046908704,1.0,2.1706052344342686,1.0000000000066413e+22,1.0000000000066414,2.079867512195634,2.274740580236635,2.0761521535662183e-11,True,Q1;budget,True,False,False,False,False,False,True,False,budget_limited_with_bounds,20,,converged_feasible
3e+22,16384,logarithmic,0.5,6.49376e+18,conditional_B7_semi_synthetic,False,8.26701583976225,385.09070429804325,1.0,2.097882053921132,3.0000000000151054e+22,1.000000000005035,2.0037795054934944,2.201684107864171,1.1295880246059784e-11,True,Q1;budget,True,False,False,False,False,False,True,False,budget_limited_with_bounds,16,,converged_feasible
1e+23,16384,logarithmic,0.5,6.49376e+18,conditional_B7_semi_synthetic,False,11.970000000000002,600.0,0.9999999999999999,2.0523920597927097,6.735334056428439e+22,0.6735334056428439,1.9576704032408743,2.1591078746310353,0.0,True,N_max;D_max;Q1,False,False,True,False,True,False,True,True,support_limited,20,,converged_feasible
3e+23,16384,logarithmic,0.5,6.49376e+18,conditional_B7_semi_synthetic,False,11.969999999999997,600.0,1.0,2.0523920597927097,6.735334056428436e+22,0.22451113521428118,1.9576704032408743,2.1591078746310353,0.0,True,N_max;D_max;Q1,False,False,True,False,True,False,True,True,support_limited,20,,converged_feasible
1e+24,16384,logarithmic,0.5,6.49376e+18,conditional_B7_semi_synthetic,False,11.969999999999997,600.0,1.0,2.0523920597927097,6.735334056428436e+22,0.06735334056428435,1.9576704032408743,2.1591078746310353,0.0,True,N_max;D_max;Q1,False,False,True,False,True,False,True,True,support_limited,20,,converged_feasible
1e+19,24576,exponential,0.5,7.640640000000001e+18,conditional_B7_semi_synthetic,False,0.08459586339751443,10.000000000000002,0.5538573847250714,3.414004696260563,1.0000000000009368e+19,1.0000000000009368,3.3136033359891415,3.518589539700202,5.637819965945392e-10,True,D_min;budget,True,False,False,True,False,False,False,False,budget_limited_with_bounds,20,,converged_feasible
3e+19,24576,exponential,0.5,7.640640000000001e+18,conditional_B7_semi_synthetic,False,0.21289862423006078,10.000000000000002,0.7456582689956319,3.071662735986905,3.000000000001287e+19,1.000000000000429,2.9763148394044348,3.179886422069942,4.090141539932745e-11,True,D_min;budget,True,False,False,True,False,False,False,False,budget_limited_with_bounds,19,,converged_feasible
1e+20,24576,exponential,0.5,7.640640000000001e+18,conditional_B7_semi_synthetic,False,0.6219645103249489,10.000000000000002,0.9720775666784197,2.772715127875617,1.0000000000040524e+20,1.0000000000040523,2.6757172302653367,2.8802262765916686,1.407199458252281e-08,True,D_min;budget,True,False,False,True,False,False,False,False,budget_limited_with_bounds,19,,converged_feasible
3e+20,24576,exponential,0.5,7.640640000000001e+18,conditional_B7_semi_synthetic,False,1.0744275341751357,19.27893692960844,1.0,2.574691345380699,3.0000000000017446e+20,1.0000000000005815,2.48798256538006,2.6825738247091255,1.3085830264231161e-11,True,Q1;budget,True,False,False,False,False,False,True,False,budget_limited_with_bounds,20,,converged_feasible
1e+21,24576,exponential,0.5,7.640640000000001e+18,conditional_B7_semi_synthetic,False,1.741043652477072,43.78806669406833,1.0,2.4086459592874143,1.0000000000088392e+21,1.0000000000088392,2.3185380537702645,2.5130320444506133,5.189807280146304e-10,True,Q1;budget,True,False,False,False,False,False,True,False,budget_limited_with_bounds,19,,converged_feasible
3e+21,24576,exponential,0.5,7.640640000000001e+18,conditional_B7_semi_synthetic,False,2.7772079776284344,87.85490027330134,1.0,2.2898538452343122,3.0000000000273925e+21,1.000000000009131,2.197511352036474,2.392946509106146,5.518659223045767e-10,True,Q1;budget,True,False,False,False,False,False,True,False,budget_limited_with_bounds,20,,converged_feasible
1e+22,24576,exponential,0.5,7.640640000000001e+18,conditional_B7_semi_synthetic,False,4.74501297198973,179.77140863884554,1.0,2.186008603961202,1.0000000000007715e+22,1.0000000000007716,2.0959040373849356,2.2899366667699748,9.923152610575958e-10,True,Q1;budget,True,False,False,False,False,False,True,False,budget_limited_with_bounds,20,,converged_feasible
3e+22,24576,exponential,0.5,7.640640000000001e+18,conditional_B7_semi_synthetic,False,7.862787579231231,334.60732637513667,1.0,2.10952867330556,3.0000000000048755e+22,1.0000000000016251,2.016042210258269,2.213230950674033,4.83227765756906e-11,True,Q1;budget,True,False,False,False,False,False,True,False,budget_limited_with_bounds,20,,converged_feasible
1e+23,24576,exponential,0.5,7.640640000000001e+18,conditional_B7_semi_synthetic,False,11.969999999999997,600.0,1.0,2.0523920597927097,8.069302593941727e+22,0.8069302593941728,1.9576704032408743,2.1591078746310353,0.0,True,N_max;D_max;Q1,False,False,True,False,True,False,True,True,support_limited,20,,converged_feasible
3e+23,24576,exponential,0.5,7.640640000000001e+18,conditional_B7_semi_synthetic,False,11.969999999999997,600.0,1.0,2.0523920597927097,8.069302593941727e+22,0.2689767531313909,1.9576704032408743,2.1591078746310353,0.0,True,N_max;D_max;Q1,False,False,True,False,True,False,True,True,support_limited,20,,converged_feasible
1e+24,24576,exponential,0.5,7.640640000000001e+18,conditional_B7_semi_synthetic,False,11.969999999999997,600.0,1.0,2.0523920597927097,8.069302593941727e+22,0.08069302593941728,1.9576704032408743,2.1591078746310353,0.0,True,N_max;D_max;Q1,False,False,True,False,True,False,True,True,support_limited,20,,converged_feasible
1e+19,24576,power,0.5,7.640640000000001e+18,conditional_B7_semi_synthetic,False,0.091615362063945,10.000000000000002,0.5000000000000001,3.4193874458119704,1.0000000000003727e+19,1.0000000000003728,3.3192840347614974,3.5246067059699615,0.0,True,D_min;Q0;budget,True,False,False,True,False,True,False,False,budget_limited_with_bounds,20,,converged_feasible
3e+19,24576,power,0.5,7.640640000000001e+18,conditional_B7_semi_synthetic,False,0.22314297856619883,10.000000000000002,0.6471259206070247,3.1102415133158146,3.000000000002586e+19,1.000000000000862,3.0138264186430583,3.217503440555636,1.2771539051374075e-09,True,D_min;budget,True,False,False,True,False,False,False,False,budget_limited_with_bounds,20,,converged_feasible
1e+20,24576,power,0.5,7.640640000000001e+18,conditional_B7_semi_synthetic,False,0.5541832257794296,10.000000000000002,0.9609450133552706,2.7945951631105075,1.0000000000006206e+20,1.0000000000006206,2.69767137068005,2.9020698591541483,2.3145812274048753e-12,True,D_min;budget,True,False,False,True,False,False,False,False,budget_limited_with_bounds,19,,converged_feasible
3e+20,24576,power,0.5,7.640640000000001e+18,conditional_B7_semi_synthetic,False,1.1212778864921986,17.723716622541463,1.0,2.5830675166217123,3.000000000000742e+20,1.0000000000002474,2.4956595611477375,2.6913654959267936,1.9203441935256168e-11,True,Q1;budget,True,False,False,False,False,False,True,False,budget_limited_with_bounds,20,,converged_feasible
1e+21,24576,power,0.5,7.640640000000001e+18,conditional_B7_semi_synthetic,False,1.7967374832710448,41.15353527723163,1.0,2.413067944784557,1.00000000000167e+21,1.00000000000167,2.3230342386249,2.517555037547903,9.707362759671622e-11,True,Q1;budget,True,False,False,False,False,False,True,False,budget_limited_with_bounds,20,,converged_feasible
3e+21,24576,power,0.5,7.640640000000001e+18,conditional_B7_semi_synthetic,False,2.840093868618574,84.06259362521891,1.0,2.2922345543932776,3.0000000000138213e+21,1.0000000000046072,2.1996490032359852,2.3954574973684433,2.3053546132271123e-10,True,Q1;budget,True,False,False,False,False,False,True,False,budget_limited_with_bounds,20,,converged_feasible
1e+22,24576,power,0.5,7.640640000000001e+18,conditional_B7_semi_synthetic,False,4.814166310886687,174.71799780647143,0.9999999999999998,2.1871767218211238,1.0000000000007634e+22,1.0000000000007634,2.0968396682701234,2.2911793887600553,4.8092661661139734e-11,True,Q1;budget,True,False,False,False,False,False,True,False,budget_limited_with_bounds,20,,converged_feasible
3e+22,24576,power,0.5,7.640640000000001e+18,conditional_B7_semi_synthetic,False,7.936052388255312,328.5471352261935,1.0,2.110124686966906,3.0000000000098092e+22,1.0000000000032698,2.0166406498920613,2.213811556703181,6.142679819291018e-11,True,Q1;budget,True,False,False,False,False,False,True,False,budget_limited_with_bounds,20,,converged_feasible
1e+23,24576,power,0.5,7.640640000000001e+18,conditional_B7_semi_synthetic,False,11.970000000000002,600.0,1.0,2.0523920597927097,8.120546640000002e+22,0.8120546640000003,1.9576704032408743,2.1591078746310353,0.0,True,N_max;D_max;Q1,False,False,True,False,True,False,True,True,support_limited,20,,converged_feasible
3e+23,24576,power,0.5,7.640640000000001e+18,conditional_B7_semi_synthetic,False,11.969999999999997,600.0,1.0,2.0523920597927097,8.120546639999998e+22,0.27068488799999996,1.9576704032408743,2.1591078746310353,0.0,True,N_max;D_max;Q1,False,False,True,False,True,False,True,True,support_limited,20,,converged_feasible
1e+24,24576,power,0.5,7.640640000000001e+18,conditional_B7_semi_synthetic,False,11.969999999999997,600.0,1.0,2.0523920597927097,8.120546639999998e+22,0.08120546639999998,1.9576704032408743,2.1591078746310353,0.0,True,N_max;D_max;Q1,False,False,True,False,True,False,True,True,support_limited,20,,converged_feasible
1e+19,24576,logarithmic,0.5,7.640640000000001e+18,conditional_B7_semi_synthetic,False,0.09161536206434066,10.000000000000002,0.5000000000000003,3.4193874458106635,1.0000000000046928e+19,1.0000000000046927,3.319284034760243,3.5246067059686723,0.0,True,D_min;Q0;budget,True,False,False,True,False,True,False,False,budget_limited_with_bounds,19,,converged_feasible
3e+19,24576,logarithmic,0.5,7.640640000000001e+18,conditional_B7_semi_synthetic,False,0.16378338398401246,10.000000000000002,1.0,3.0010976660832576,3.000000000002925e+19,1.000000000000975,2.9037791527351517,3.1086512400260666,0.0,True,D_min;Q1;budget,True,False,False,True,False,False,True,False,budget_limited_with_bounds,19,,converged_feasible
1e+20,24576,logarithmic,0.5,7.640640000000001e+18,conditional_B7_semi_synthetic,False,0.5662755903426642,13.525791037000475,0.9999999999999998,2.718351204554593,1.0000000000008436e+20,1.0000000000008435,2.625322011677369,2.8268051828793017,2.7215383524790682e-11,True,Q1;budget,True,False,False,False,False,False,True,False,budget_limited_with_bounds,20,,converged_feasible
3e+20,24576,logarithmic,0.5,7.640640000000001e+18,conditional_B7_semi_synthetic,False,0.9045832759348799,27.061209526423017,1.0,2.5451918408781196,3.000000000002155e+20,1.0000000000007183,2.4587183524976637,2.6522610034664016,2.673322073086025e-10,True,Q1;budget,True,False,False,False,False,False,True,False,budget_limited_with_bounds,20,,converged_feasible
1e+21,24576,logarithmic,0.5,7.640640000000001e+18,conditional_B7_semi_synthetic,False,1.5474156709733315,55.24061304958812,1.0,2.393692040924403,1.0000000000011876e+21,1.0000000000011877,2.3035154387615164,2.4976372510942375,4.948334714694198e-11,True,Q1;budget,True,False,False,False,False,False,True,False,budget_limited_with_bounds,20,,converged_feasible
3e+21,24576,logarithmic,0.5,7.640640000000001e+18,conditional_B7_semi_synthetic,False,2.566177204433805,102.66023807210628,1.0,2.2820447437214413,3.0000000000028107e+21,1.0000000000009368,2.1906130782969524,2.3856804124761677,3.540959823036768e-10,True,Q1;budget,True,False,False,False,False,False,True,False,budget_limited_with_bounds,20,,converged_feasible
1e+22,24576,logarithmic,0.5,7.640640000000001e+18,conditional_B7_semi_synthetic,False,4.520122576640684,197.82270962554543,0.9999999999999998,2.18227106269332,1.0000000000007342e+22,1.0000000000007343,2.092027720305318,2.2859354897926645,1.0296599949543221e-10,True,Q1;budget,True,False,False,False,False,False,True,False,budget_limited_with_bounds,20,,converged_feasible
3e+22,24576,logarithmic,0.5,7.640640000000001e+18,conditional_B7_semi_synthetic,False,7.6294195012089645,355.0761812624895,1.0,2.1076509669983894,3.0000000000024298e+22,1.00000000000081,2.014155310667768,2.211399716161753,1.8911447992713794e-12,True,Q1;budget,True,False,False,False,False,False,True,False,budget_limited_with_bounds,20,,converged_feasible
1e+23,24576,logarithmic,0.5,7.640640000000001e+18,conditional_B7_semi_synthetic,False,11.970000000000002,600.0,1.0,2.0523920597927097,7.91203293642844e+22,0.7912032936428441,1.9576704032408743,2.1591078746310353,0.0,True,N_max;D_max;Q1,False,False,True,False,True,False,True,True,support_limited,20,,converged_feasible
3e+23,24576,logarithmic,0.5,7.640640000000001e+18,conditional_B7_semi_synthetic,False,11.969999999999997,600.0,1.0,2.0523920597927097,7.912032936428437e+22,0.26373443121428125,1.9576704032408743,2.1591078746310353,0.0,True,N_max;D_max;Q1,False,False,True,False,True,False,True,True,support_limited,20,,converged_feasible
1e+24,24576,logarithmic,0.5,7.640640000000001e+18,conditional_B7_semi_synthetic,False,11.969999999999997,600.0,1.0,2.0523920597927097,7.912032936428437e+22,0.07912032936428437,1.9576704032408743,2.1591078746310353,0.0,True,N_max;D_max;Q1,False,False,True,False,True,False,True,True,support_limited,20,,converged_feasible
1e+19,30000,exponential,0.5,8.400000000000001e+18,conditional_B7_semi_synthetic,False,0.07728178711949552,10.000000000000007,0.5514368636202339,3.443509491117175,1.0000000000006443e+19,1.0000000000006444,3.3421044021236757,3.547652757283154,3.672222525426521e-08,True,D_min;budget,True,False,False,True,False,False,False,False,budget_limited_with_bounds,20,,converged_feasible
3e+19,30000,exponential,0.5,8.400000000000001e+18,conditional_B7_semi_synthetic,False,0.19462060536701073,10.000000000000002,0.7434360166946385,3.0928295013611025,3.0000000000023486e+19,1.000000000000783,2.9970847385524255,3.200806373247976,1.288055157989928e-10,True,D_min;budget,True,False,False,True,False,False,False,False,budget_limited_with_bounds,20,,converged_feasible
1e+20,30000,exponential,0.5,8.400000000000001e+18,conditional_B7_semi_synthetic,False,0.5692273568670866,10.000000000000002,0.9700201068112456,2.7865874690064865,1.0000000000005331e+20,1.0000000000005331,2.6894923647920397,2.8940602939811724,2.2533404312044088e-10,True,D_min;budget,True,False,False,True,False,False,False,False,budget_limited_with_bounds,20,,converged_feasible
3e+20,30000,exponential,0.5,8.400000000000001e+18,conditional_B7_semi_synthetic,False,1.0161481687542488,18.71816672663781,1.0,2.5860163766969397,3.000000000005275e+20,1.0000000000017584,2.4988189741784046,2.694205881262977,8.718815621930307e-10,True,Q1;budget,True,False,False,False,False,False,True,False,budget_limited_with_bounds,20,,converged_feasible
1e+21,30000,exponential,0.5,8.400000000000001e+18,conditional_B7_semi_synthetic,False,1.651007475017817,42.29130525247291,1.0,2.418255895808835,1.0000000000017143e+21,1.0000000000017142,2.328497039071486,2.522679153802559,1.5739449968573025e-10,True,Q1;budget,True,False,False,False,False,False,True,False,budget_limited_with_bounds,20,,converged_feasible
3e+21,30000,exponential,0.5,8.400000000000001e+18,conditional_B7_semi_synthetic,False,2.6391627263450177,84.49898442624132,1.0,2.2980528461853,3.000000000008679e+21,1.000000000002893,2.205864258322101,2.401072575652116,2.7532393002896344e-10,True,Q1;budget,True,False,False,False,False,False,True,False,budget_limited_with_bounds,20,,converged_feasible
1e+22,30000,exponential,0.5,8.400000000000001e+18,conditional_B7_semi_synthetic,False,4.517267002734136,172.29307922959376,1.0,2.192843064872647,1.0000000000002298e+22,1.0000000000002298,2.1018578397730345,2.2964707204278163,9.030373831677998e-11,True,Q1;budget,True,False,False,False,False,False,True,False,budget_limited_with_bounds,19,,converged_feasible
3e+22,30000,exponential,0.5,8.400000000000001e+18,conditional_B7_semi_synthetic,False,7.494045983296434,319.95909859542974,1.0,2.115285776171968,3.0000000000025023e+22,1.000000000000834,2.0221527418429432,2.218950324697969,5.511876718401618e-10,True,Q1;budget,True,False,False,False,False,False,True,False,budget_limited_with_bounds,20,,converged_feasible
1e+23,30000,exponential,0.5,8.400000000000001e+18,conditional_B7_semi_synthetic,False,11.970000000000002,600.0,1.0,2.0523920597927097,8.848405953941731e+22,0.8848405953941731,1.9576704032408743,2.1591078746310353,0.0,True,N_max;D_max;Q1,False,False,True,False,True,False,True,True,support_limited,20,,converged_feasible
3e+23,30000,exponential,0.5,8.400000000000001e+18,conditional_B7_semi_synthetic,False,11.969999999999997,600.0,1.0,2.0523920597927097,8.848405953941726e+22,0.29494686513139085,1.9576704032408743,2.1591078746310353,0.0,True,N_max;D_max;Q1,False,False,True,False,True,False,True,True,support_limited,20,,converged_feasible
1e+24,30000,exponential,0.5,8.400000000000001e+18,conditional_B7_semi_synthetic,False,11.969999999999997,600.0,1.0,2.0523920597927097,8.848405953941726e+22,0.08848405953941726,1.9576704032408743,2.1591078746310353,0.0,True,N_max;D_max;Q1,False,False,True,False,True,False,True,True,support_limited,20,,converged_feasible
1e+19,30000,power,0.5,8.400000000000001e+18,conditional_B7_semi_synthetic,False,0.08333333333338873,10.000000000000002,0.5000000000000001,3.448488452985401,1.000000000000665e+19,1.000000000000665,3.3471834049283733,3.5532780048612937,0.0,True,D_min;Q0;budget,True,False,False,True,False,True,False,False,budget_limited_with_bounds,19,,converged_feasible
3e+19,30000,power,0.5,8.400000000000001e+18,conditional_B7_semi_synthetic,False,0.2041145928374895,10.000000000000002,0.6445786381516863,3.13165047588423,3.0000000000028164e+19,1.0000000000009388,3.0354842590479065,3.238752851840279,3.3349923257440493e-10,True,D_min;budget,True,False,False,True,False,False,False,False,budget_limited_with_bounds,20,,converged_feasible
1e+20,30000,power,0.5,8.400000000000001e+18,conditional_B7_semi_synthetic,False,0.5085646770116937,10.000000000000002,0.95790160635434,2.8090737819481615,1.000000000004297e+20,1.000000000004297,2.712123969028878,2.9165016082635815,1.6679711287257318e-10,True,D_min;budget,True,False,False,True,False,False,False,False,budget_limited_with_bounds,19,,converged_feasible
3e+20,30000,power,0.5,8.400000000000001e+18,conditional_B7_semi_synthetic,False,1.0594475916815684,17.2405161944867,1.0,2.5942315499758615,3.000000000008085e+20,1.000000000002695,2.506306259440099,2.702717999619032,1.1094478103305788e-10,True,Q1;budget,True,False,False,False,False,False,True,False,budget_limited_with_bounds,20,,converged_feasible
1e+21,30000,power,0.5,8.400000000000001e+18,conditional_B7_semi_synthetic,False,1.7023061316277974,39.816567336738494,1.0,2.422577208917816,1.000000000003374e+21,1.000000000003374,2.3329074422242924,2.5270937904545825,1.7059637208831584e-10,True,Q1;budget,True,False,False,False,False,False,True,False,budget_limited_with_bounds,20,,converged_feasible
3e+21,30000,power,0.5,8.400000000000001e+18,conditional_B7_semi_synthetic,False,2.6969024570734845,80.97093984621625,0.9999999999999999,2.3003725476369086,3.0000000000028574e+21,1.0000000000009523,2.2079559637299355,2.403147857851482,7.63980826016702e-11,True,Q1;budget,True,False,False,False,False,False,True,False,budget_limited_with_bounds,20,,converged_feasible
1e+22,30000,power,0.5,8.400000000000001e+18,conditional_B7_semi_synthetic,False,4.580567138595504,167.63249339406073,0.9999999999999999,2.193978359241385,1.000000000000461e+22,1.000000000000461,2.1027715733769896,2.2976748842328862,9.955908716826377e-11,True,Q1;budget,True,False,False,False,False,False,True,False,budget_limited_with_bounds,20,,converged_feasible
3e+22,30000,power,0.5,8.400000000000001e+18,conditional_B7_semi_synthetic,False,7.560964978254443,314.40252915936753,0.9999999999999992,2.1158640807833446,3.0000000000017717e+22,1.0000000000005906,2.0227330161914803,2.2195126031328183,4.333411628710591e-11,True,Q1;budget,True,False,False,False,False,False,True,False,budget_limited_with_bounds,20,,converged_feasible
1e+23,30000,power,0.5,8.400000000000001e+18,conditional_B7_semi_synthetic,False,11.969999999999997,600.0,0.9999999999999999,2.0523920597927097,8.899649999999997e+22,0.8899649999999998,1.9576704032408743,2.1591078746310353,0.0,True,N_max;D_max;Q1,False,False,True,False,True,False,True,True,support_limited,20,,converged_feasible
3e+23,30000,power,0.5,8.400000000000001e+18,conditional_B7_semi_synthetic,False,11.969999999999997,600.0,1.0,2.0523920597927097,8.899649999999997e+22,0.2966549999999999,1.9576704032408743,2.1591078746310353,0.0,True,N_max;D_max;Q1,False,False,True,False,True,False,True,True,support_limited,20,,converged_feasible
1e+24,30000,power,0.5,8.400000000000001e+18,conditional_B7_semi_synthetic,False,11.969999999999997,600.0,1.0,2.0523920597927097,8.899649999999997e+22,0.08899649999999998,1.9576704032408743,2.1591078746310353,0.0,True,N_max;D_max;Q1,False,False,True,False,True,False,True,True,support_limited,20,,converged_feasible
1e+19,30000,logarithmic,0.5,8.400000000000001e+18,conditional_B7_semi_synthetic,False,0.08333333333339757,10.000000000000002,0.5000000000000001,3.448488452985368,1.0000000000007715e+19,1.0000000000007714,3.347183404928341,3.5532780048612613,0.0,True,D_min;Q0;budget,True,False,False,True,False,True,False,False,budget_limited_with_bounds,16,,converged_feasible
3e+19,30000,logarithmic,0.5,8.400000000000001e+18,conditional_B7_semi_synthetic,False,0.1489773660726987,10.000000000000007,1.0,3.022678595144324,3.0000000000130183e+19,1.0000000000043394,2.925535052266541,3.1301311239451195,0.0,True,D_min;Q1;budget,True,False,False,True,False,False,True,False,budget_limited_with_bounds,20,,converged_feasible
1e+20,30000,logarithmic,0.5,8.400000000000001e+18,conditional_B7_semi_synthetic,False,0.5370672508834842,13.05981105749605,1.0,2.732418098797096,1.0000000000010931e+20,1.0000000000010931,2.638747985347088,2.840922924674009,3.784395356472297e-11,True,Q1;budget,True,False,False,False,False,False,True,False,budget_limited_with_bounds,20,,converged_feasible
3e+20,30000,logarithmic,0.5,8.400000000000001e+18,conditional_B7_semi_synthetic,False,0.8597196829295927,26.021545591721047,0.9999999999999996,2.557187647948395,3.000000000001872e+20,1.000000000000624,2.470932362348193,2.6645219288670345,2.537599979865056e-11,True,Q1;budget,True,False,False,False,False,False,True,False,budget_limited_with_bounds,20,,converged_feasible
1e+21,30000,logarithmic,0.5,8.400000000000001e+18,conditional_B7_semi_synthetic,False,1.4732684164282241,52.93387986590135,1.0,2.403687334712589,1.0000000000024855e+21,1.0000000000024856,2.3139029121828165,2.5077031451563454,1.1135483771023008e-10,True,Q1;budget,True,False,False,False,False,False,True,False,budget_limited_with_bounds,20,,converged_feasible
3e+21,30000,logarithmic,0.5,8.400000000000001e+18,conditional_B7_semi_synthetic,False,2.4459721193026,98.154893991479,0.9999999999999998,2.290462216533034,3.000000000002888e+21,1.0000000000009626,2.199125007953971,2.393593347194242,4.003054478250893e-12,True,Q1;budget,True,False,False,False,False,False,True,False,budget_limited_with_bounds,20,,converged_feasible
1e+22,30000,logarithmic,0.5,8.400000000000001e+18,conditional_B7_semi_synthetic,False,4.311865281763926,188.84081110943447,1.0,2.1892166412496024,1.0000000000012294e+22,1.0000000000012295,2.0989773830171496,2.2926015130469946,1.5017877231020582e-10,True,Q1;budget,True,False,False,False,False,False,True,False,budget_limited_with_bounds,20,,converged_feasible
3e+22,30000,logarithmic,0.5,8.400000000000001e+18,conditional_B7_semi_synthetic,False,7.281219879721875,338.65048396853945,1.0,2.113465906724955,3.0000000000249456e+22,1.0000000000083151,2.0203252154461655,2.2171790313086026,3.928508671905075e-12,True,Q1;budget,True,False,False,False,False,False,True,False,budget_limited_with_bounds,19,,converged_feasible
1e+23,30000,logarithmic,0.5,8.400000000000001e+18,conditional_B7_semi_synthetic,False,11.969999999999992,600.0,1.0,2.0523920597927097,8.691136296428433e+22,0.8691136296428433,1.9576704032408743,2.1591078746310353,0.0,True,N_max;D_max;Q1,False,False,True,False,True,False,True,True,support_limited,20,,converged_feasible
3e+23,30000,logarithmic,0.5,8.400000000000001e+18,conditional_B7_semi_synthetic,False,11.969999999999997,600.0,1.0,2.0523920597927097,8.691136296428436e+22,0.2897045432142812,1.9576704032408743,2.1591078746310353,0.0,True,N_max;D_max;Q1,False,False,True,False,True,False,True,True,support_limited,20,,converged_feasible
1e+24,30000,logarithmic,0.5,8.400000000000001e+18,conditional_B7_semi_synthetic,False,11.969999999999997,600.0,1.0,2.0523920597927097,8.691136296428436e+22,0.08691136296428437,1.9576704032408743,2.1591078746310353,0.0,True,N_max;D_max;Q1,False,False,True,False,True,False,True,True,support_limited,20,,converged_feasible
1e+19,32768,exponential,0.5,8.787520000000001e+18,conditional_B7_semi_synthetic,False,0.074025187311593,10.000000000000002,0.5502741781075826,3.4578522285738402,1.000000000000634e+19,1.0000000000006342,3.355422695795941,3.561773233998505,5.0011906566839916e-08,True,D_min;budget,True,False,False,True,False,False,False,False,budget_limited_with_bounds,20,,converged_feasible
3e+19,32768,exponential,0.5,8.787520000000001e+18,conditional_B7_semi_synthetic,False,0.18647842816062377,10.000000000000002,0.7423679146994122,3.1031223868005067,3.000000000000796e+19,1.0000000000002653,3.007161506647103,3.2109595367229886,5.4790776412697314e-12,True,D_min;budget,True,False,False,True,False,False,False,False,budget_limited_with_bounds,19,,converged_feasible
1e+20,32768,exponential,0.5,8.787520000000001e+18,conditional_B7_semi_synthetic,False,0.5457127178181832,10.000000000000002,0.9690315159572563,2.793340952168957,1.0000000000042264e+20,1.0000000000042264,2.6962058578802113,2.9007920050189324,9.854091331596728e-11,True,D_min;budget,True,False,False,True,False,False,False,False,budget_limited_with_bounds,20,,converged_feasible
3e+20,32768,exponential,0.5,8.787520000000001e+18,conditional_B7_semi_synthetic,False,0.989608593505324,18.454062573050614,1.0,2.5914826857760835,3.000000000005478e+20,1.000000000001826,2.504049476245,2.6998183691277,2.399923740080899e-09,True,Q1;budget,True,False,False,False,False,False,True,False,budget_limited_with_bounds,20,,converged_feasible
1e+21,32768,exponential,0.5,8.787520000000001e+18,conditional_B7_semi_synthetic,False,1.6099197738833526,41.59089941773672,1.0,2.422891284618267,1.0000000000024171e+21,1.0000000000024172,2.3333000341158745,2.5273319650885906,2.012813822665641e-10,True,Q1;budget,True,False,False,False,False,False,True,False,budget_limited_with_bounds,20,,converged_feasible
3e+21,32768,exponential,0.5,8.787520000000001e+18,conditional_B7_semi_synthetic,False,2.57604135507685,82.93702034676963,1.0,2.3020055867176854,3.0000000000140787e+21,1.000000000004693,2.2098909976639765,2.405196353373641,2.3023333778233396e-09,True,Q1;budget,True,False,False,False,False,False,True,False,budget_limited_with_bounds,20,,converged_feasible
1e+22,32768,exponential,0.5,8.787520000000001e+18,conditional_B7_semi_synthetic,False,4.412926535392601,168.82895156660715,0.9999999999999999,2.196136492866314,1.0000000000005226e+22,1.0000000000005227,2.1047313306925846,2.299620076945652,1.2496221740600334e-10,True,Q1;budget,True,False,False,False,False,False,True,False,budget_limited_with_bounds,19,,converged_feasible
3e+22,32768,exponential,0.5,8.787520000000001e+18,conditional_B7_semi_synthetic,False,7.324871487174838,313.19509976638943,1.0,2.1180592490162873,3.000000000007444e+22,1.0000000000024813,2.0250939090500277,2.2217046771067674,3.5728773603440585e-11,True,Q1;budget,True,False,False,False,False,False,True,False,budget_limited_with_bounds,19,,converged_feasible
1e+23,32768,exponential,0.5,8.787520000000001e+18,conditional_B7_semi_synthetic,False,11.969999999999992,599.9999999999989,1.0,2.0523920597927097,9.246001473941706e+22,0.9246001473941706,1.9576704032408743,2.1591078746310353,0.0,True,N_max;D_max;Q1,False,False,True,False,True,False,True,True,support_limited,20,,converged_feasible
3e+23,32768,exponential,0.5,8.787520000000001e+18,conditional_B7_semi_synthetic,False,11.969999999999997,600.0,1.0,2.0523920597927097,9.246001473941727e+22,0.30820004913139093,1.9576704032408743,2.1591078746310353,0.0,True,N_max;D_max;Q1,False,False,True,False,True,False,True,True,support_limited,20,,converged_feasible
1e+24,32768,exponential,0.5,8.787520000000001e+18,conditional_B7_semi_synthetic,False,11.969999999999997,600.0,1.0,2.0523920597927097,9.246001473941727e+22,0.09246001473941727,1.9576704032408743,2.1591078746310353,0.0,True,N_max;D_max;Q1,False,False,True,False,True,False,True,True,support_limited,20,,converged_feasible
1e+19,32768,power,0.5,8.787520000000001e+18,conditional_B7_semi_synthetic,False,0.0796584246751261,10.000000000000002,0.5000000000000001,3.462640341725895,1.0000000000016634e+19,1.0000000000016633,3.361186453411718,3.5672083806299235,0.0,True,D_min;Q0;budget,True,False,False,True,False,True,False,False,budget_limited_with_bounds,19,,converged_feasible
3e+19,32768,power,0.5,8.787520000000001e+18,conditional_B7_semi_synthetic,False,0.19563396208234193,10.000000000000002,0.6433550062263987,3.142054405663441,3.000000000004656e+19,1.0000000000015519,3.046019490289925,3.249074190176262,2.7767100882340145e-11,True,D_min;budget,True,False,False,True,False,False,False,False,budget_limited_with_bounds,20,,converged_feasible
1e+20,32768,power,0.5,8.787520000000001e+18,conditional_B7_semi_synthetic,False,0.4881804389129505,10.000000000000007,0.9564393662967876,2.816118912359332,1.0000000000062559e+20,1.0000000000062559,2.7191616704444037,2.9235209529518476,1.3439551694607722e-10,True,D_min;budget,True,False,False,True,False,False,False,False,budget_limited_with_bounds,19,,converged_feasible
3e+20,32768,power,0.5,8.787520000000001e+18,conditional_B7_semi_synthetic,False,1.0313097227376729,17.012444858547436,1.0,2.5996214322146116,3.0000000000017485e+20,1.0000000000005829,2.5114468668052767,2.708117224252526,1.0880833655525885e-10,True,Q1;budget,True,False,False,False,False,False,True,False,budget_limited_with_bounds,20,,converged_feasible
1e+21,32768,power,0.5,8.787520000000001e+18,conditional_B7_semi_synthetic,False,1.6592448332471632,39.18956613878222,1.0,2.4271650544814003,1.0000000000008237e+21,1.0000000000008236,2.3376698584412607,2.5316954488565657,2.8086747889301146e-10,True,Q1;budget,True,False,False,False,False,False,True,False,budget_limited_with_bounds,20,,converged_feasible
3e+21,32768,power,0.5,8.787520000000001e+18,conditional_B7_semi_synthetic,False,2.631476271927454,79.52918610030956,1.0,2.3042966059663774,3.000000000009111e+21,1.0000000000030371,2.211961068466172,2.407230139991995,7.842632170258188e-10,True,Q1;budget,True,False,False,False,False,False,True,False,budget_limited_with_bounds,20,,converged_feasible
1e+22,32768,power,0.5,8.787520000000001e+18,conditional_B7_semi_synthetic,False,4.4736123825185405,164.34545041531192,1.0,2.1972564189375317,1.0000000000008938e+22,1.0000000000008937,2.105634788065398,2.3008062109197853,2.7705267603878584e-10,True,Q1;budget,True,False,False,False,False,False,True,False,budget_limited_with_bounds,19,,converged_feasible
3e+22,32768,power,0.5,8.787520000000001e+18,conditional_B7_semi_synthetic,False,7.388961888667333,307.86416863171735,1.0,2.118629285227734,3.0000000000023694e+22,1.0000000000007898,2.025665706502603,2.2222584091243176,3.682145848755001e-10,True,Q1;budget,True,False,False,False,False,False,True,False,budget_limited_with_bounds,19,,converged_feasible
1e+23,32768,power,0.5,8.787520000000001e+18,conditional_B7_semi_synthetic,False,11.970000000000002,600.0,0.9999999999999999,2.0523920597927097,9.297245520000002e+22,0.9297245520000003,1.9576704032408743,2.1591078746310353,0.0,True,N_max;D_max;Q1,False,False,True,False,True,False,True,True,support_limited,20,,converged_feasible
3e+23,32768,power,0.5,8.787520000000001e+18,conditional_B7_semi_synthetic,False,11.969999999999997,600.0,1.0,2.0523920597927097,9.297245519999998e+22,0.3099081839999999,1.9576704032408743,2.1591078746310353,0.0,True,N_max;D_max;Q1,False,False,True,False,True,False,True,True,support_limited,20,,converged_feasible
1e+24,32768,power,0.5,8.787520000000001e+18,conditional_B7_semi_synthetic,False,11.969999999999997,600.0,1.0,2.0523920597927097,9.297245519999998e+22,0.09297245519999998,1.9576704032408743,2.1591078746310353,0.0,True,N_max;D_max;Q1,False,False,True,False,True,False,True,True,support_limited,20,,converged_feasible
1e+19,32768,logarithmic,0.5,8.787520000000001e+18,conditional_B7_semi_synthetic,False,0.07965842467504736,10.000000000000398,0.5,3.4626403417261993,1.0000000000007143e+19,1.0000000000007143,3.361186453412041,3.5672083806302224,0.0,True,D_min;Q0;budget,True,False,False,True,False,True,False,False,budget_limited_with_bounds,20,,converged_feasible
3e+19,32768,logarithmic,0.5,8.787520000000001e+18,conditional_B7_semi_synthetic,False,0.14240762752203745,10.000000000000002,1.0,3.033197302583136,3.0000000000012812e+19,1.000000000000427,2.9361479271661493,3.1404312107843264,0.0,True,D_min;Q1;budget,True,False,False,True,False,False,True,False,budget_limited_with_bounds,19,,converged_feasible
1e+20,32768,logarithmic,0.5,8.787520000000001e+18,conditional_B7_semi_synthetic,False,0.5237364931480587,12.84183347866411,1.0,2.739203078855951,1.0000000000032796e+20,1.0000000000032796,2.645222073575776,2.847654347316167,4.5571252925546065e-10,True,Q1;budget,True,False,False,False,False,False,True,False,budget_limited_with_bounds,20,,converged_feasible
3e+20,32768,logarithmic,0.5,8.787520000000001e+18,conditional_B7_semi_synthetic,False,0.839203337382259,25.5377948387482,0.9999999999999998,2.5629706626827526,3.0000000000023056e+20,1.0000000000007685,2.4768167572091806,2.6704291175967283,3.0917231008432285e-11,True,Q1;budget,True,False,False,False,False,False,True,False,budget_limited_with_bounds,20,,converged_feasible
1e+21,32768,logarithmic,0.5,8.787520000000001e+18,conditional_B7_semi_synthetic,False,1.439294916002809,51.86559437004697,1.0,2.408503822197493,1.0000000000009532e+21,1.0000000000009532,2.3189113612328494,2.51255263601543,4.816852939332114e-11,True,Q1;budget,True,False,False,False,False,False,True,False,budget_limited_with_bounds,20,,converged_feasible
3e+21,32768,logarithmic,0.5,8.787520000000001e+18,conditional_B7_semi_synthetic,False,2.3908191641996046,96.07483363541482,1.0,2.2945172596163794,3.000000000002527e+21,1.0000000000008424,2.2032264205750662,2.3976567011769636,3.5182457968295305e-12,True,Q1;budget,True,False,False,False,False,False,True,False,budget_limited_with_bounds,20,,converged_feasible
1e+22,32768,logarithmic,0.5,8.787520000000001e+18,conditional_B7_semi_synthetic,False,4.216210130144484,184.70329054836787,0.9999999999999998,2.1925619465898074,1.0000000000009244e+22,1.0000000000009244,2.101884619659459,2.295812373213592,7.205719929317376e-12,True,Q1;budget,True,False,False,False,False,False,True,False,budget_limited_with_bounds,20,,converged_feasible
3e+22,32768,logarithmic,0.5,8.787520000000001e+18,conditional_B7_semi_synthetic,False,7.121185655318885,331.09371300532314,1.0,2.116266330937016,3.000000000008593e+22,1.0000000000028644,2.0232940355952036,2.2199612778602846,5.742367751628812e-12,True,Q1;budget,True,False,False,False,False,False,True,False,budget_limited_with_bounds,18,,converged_feasible
1e+23,32768,logarithmic,0.5,8.787520000000001e+18,conditional_B7_semi_synthetic,False,11.969999999999992,600.0,0.9999999999999998,2.0523920597927097,9.088731816428432e+22,0.9088731816428433,1.9576704032408743,2.1591078746310353,0.0,True,N_max;D_max;Q1,False,False,True,False,True,False,True,True,support_limited,20,,converged_feasible
3e+23,32768,logarithmic,0.5,8.787520000000001e+18,conditional_B7_semi_synthetic,False,11.969999999999997,600.0,1.0,2.0523920597927097,9.088731816428437e+22,0.3029577272142812,1.9576704032408743,2.1591078746310353,0.0,True,N_max;D_max;Q1,False,False,True,False,True,False,True,True,support_limited,20,,converged_feasible
1e+24,32768,logarithmic,0.5,8.787520000000001e+18,conditional_B7_semi_synthetic,False,11.969999999999997,600.0,1.0,2.0523920597927097,9.088731816428437e+22,0.09088731816428437,1.9576704032408743,2.1591078746310353,0.0,True,N_max;D_max;Q1,False,False,True,False,True,False,True,True,support_limited,20,,converged_feasible
1e+19,49152,exponential,0.5,1.1081280000000002e+19,conditional_B7_semi_synthetic,False,,,,,,,,,,,,,,,,,,,,infeasible,,,infeasible_by_supported_domain
3e+19,49152,exponential,0.5,1.1081280000000002e+19,conditional_B7_semi_synthetic,False,0.14967229251534347,10.000000000000002,0.73677098208358,3.158358702673349,3.0000000000007692e+19,1.0000000000002565,3.0609891864323986,3.265298027026507,3.560798956227585e-09,True,D_min;budget,True,False,False,True,False,False,False,False,budget_limited_with_bounds,20,,converged_feasible
1e+20,49152,exponential,0.5,1.1081280000000002e+19,conditional_B7_semi_synthetic,False,0.4392268037556787,10.000000000000002,0.9638538675421301,2.829662275344408,1.0000000000008775e+20,1.0000000000008775,2.732391217048851,2.937125084862274,2.6088525708429933e-10,True,D_min;budget,True,False,False,True,False,False,False,False,budget_limited_with_bounds,20,,converged_feasible
3e+20,49152,exponential,0.5,1.1081280000000002e+19,conditional_B7_semi_synthetic,False,0.8644009302979953,17.125980660711562,1.0,2.620377825496086,3.000000000012262e+20,1.0000000000040872,2.532069774607087,2.7293068864940646,2.2719129862806232e-10,True,Q1;budget,True,False,False,False,False,False,True,False,budget_limited_with_bounds,20,,converged_feasible
1e+21,49152,exponential,0.5,1.1081280000000002e+19,conditional_B7_semi_synthetic,False,1.415278747781533,38.1128625654835,1.0,2.447361960727083,1.0000000000078894e+21,1.0000000000078892,2.3586489345419532,2.551888861056079,8.264285304320952e-10,True,Q1;budget,True,False,False,False,False,False,True,False,budget_limited_with_bounds,20,,converged_feasible
3e+21,49152,exponential,0.5,1.1081280000000002e+19,conditional_B7_semi_synthetic,False,2.275880660631794,75.26052602186876,1.0,2.3228511390465774,3.000000000002263e+21,1.0000000000007543,2.2311258299687657,2.4262354067690355,9.52515954765871e-11,True,Q1;budget,True,False,False,False,False,False,True,False,budget_limited_with_bounds,20,,converged_feasible
1e+22,49152,exponential,0.5,1.1081280000000002e+19,conditional_B7_semi_synthetic,False,3.9149143413509115,151.95699513170533,0.9999999999999998,2.213490146570292,1.0000000000009523e+22,1.0000000000009523,2.121416959274251,2.3165520253622742,2.599044119325069e-10,True,Q1;budget,True,False,False,False,False,False,True,False,budget_limited_with_bounds,20,,converged_feasible
3e+22,49152,exponential,0.5,1.1081280000000002e+19,conditional_B7_semi_synthetic,False,6.515275534341826,280.44499040911097,1.0,2.132665218006333,3.000000000012767e+22,1.0000000000042557,2.040556114235296,2.2362131550513453,1.0207036719277654e-10,True,Q1;budget,True,False,False,False,False,False,True,False,budget_limited_with_bounds,20,,converged_feasible
1e+23,49152,exponential,0.5,1.1081280000000002e+19,conditional_B7_semi_synthetic,False,11.504937258133426,537.7466087488859,1.0,2.060298257194361,1.0000000000029425e+23,1.0000000000029425,1.9655487624905301,2.1658749406892803,3.825772787953423e-11,True,Q1;budget,True,False,False,False,False,False,True,False,budget_limited_with_bounds,20,,converged_feasible
3e+23,49152,exponential,0.5,1.1081280000000002e+19,conditional_B7_semi_synthetic,False,11.969999999999997,600.0,1.0,2.0523920597927097,1.1599399233941727e+23,0.3866466411313909,1.9576704032408743,2.1591078746310353,0.0,True,N_max;D_max;Q1,False,False,True,False,True,False,True,True,support_limited,20,,converged_feasible
1e+24,49152,exponential,0.5,1.1081280000000002e+19,conditional_B7_semi_synthetic,False,11.969999999999997,600.0,1.0,2.0523920597927097,1.1599399233941727e+23,0.11599399233941728,1.9576704032408743,2.1591078746310353,0.0,True,N_max;D_max;Q1,False,False,True,False,True,False,True,True,support_limited,20,,converged_feasible
1e+19,49152,power,0.5,1.1081280000000002e+19,conditional_B7_semi_synthetic,False,,,,,,,,,,,,,,,,,,,,infeasible,,,infeasible_by_supported_domain
3e+19,49152,power,0.5,1.1081280000000002e+19,conditional_B7_semi_synthetic,False,0.1572611961396102,10.000000000000002,0.6369516249540609,3.1978160553547705,3.000000000001034e+19,1.0000000000003446,3.102597190031427,3.3049034526387264,1.3281287988624862e-10,True,D_min;budget,True,False,False,True,False,False,False,False,budget_limited_with_bounds,20,,converged_feasible
1e+20,49152,power,0.5,1.1081280000000002e+19,conditional_B7_semi_synthetic,False,0.3954932364335728,10.000000000000002,0.9487818912801014,2.853970482498523,1.0000000000016882e+20,1.0000000000016882,2.7570294891965883,2.9616573017945886,4.848037574758094e-09,True,D_min;budget,True,False,False,True,False,False,False,False,budget_limited_with_bounds,20,,converged_feasible
3e+20,49152,power,0.5,1.1081280000000002e+19,conditional_B7_semi_synthetic,False,0.8987355239173066,15.860560014884053,1.0,2.628126092148186,3.0000000000135234e+20,1.0000000000045077,2.53857759788709,2.736637920384116,4.333316560196829e-09,True,Q1;budget,True,False,False,False,False,False,True,False,budget_limited_with_bounds,20,,converged_feasible
1e+21,49152,power,0.5,1.1081280000000002e+19,conditional_B7_semi_synthetic,False,1.4555498687243935,36.06275933108711,1.0,2.4513952924616076,1.0000000000018321e+21,1.000000000001832,2.362812798674178,2.5559938663060686,9.720111634366975e-11,True,Q1;budget,True,False,False,False,False,False,True,False,budget_limited_with_bounds,20,,converged_feasible
3e+21,49152,power,0.5,1.1081280000000002e+19,conditional_B7_semi_synthetic,False,2.3207945343357537,72.41722903291696,1.0,2.32499836444943,3.00000000001055e+21,1.0000000000035167,2.233087066568091,2.4284829788319704,2.235950365722702e-10,True,Q1;budget,True,False,False,False,False,False,True,False,budget_limited_with_bounds,20,,converged_feasible
1e+22,49152,power,0.5,1.1081280000000002e+19,conditional_B7_semi_synthetic,False,3.9637295855732235,148.29111213516194,1.0,2.2145336290589506,1.0000000000008007e+22,1.0000000000008007,2.1222813653514057,2.3175483724083352,3.5346268582441773e-10,True,Q1;budget,True,False,False,False,False,False,True,False,budget_limited_with_bounds,20,,converged_feasible
3e+22,49152,power,0.5,1.1081280000000002e+19,conditional_B7_semi_synthetic,False,6.5665740646835475,276.1439412794549,1.0,2.1331943424697477,3.000000000010998e+22,1.000000000003666,2.041086010173808,2.236759480737355,5.1467431703346584e-11,True,Q1;budget,True,False,False,False,False,False,True,False,budget_limited_with_bounds,20,,converged_feasible
1e+23,49152,power,0.5,1.1081280000000002e+19,conditional_B7_semi_synthetic,False,11.558005639496361,532.8918076732998,1.0,2.0605458686328677,1.0000000000023048e+23,1.0000000000023048,1.9657288728431364,2.1660192393879725,8.37794517874818e-11,True,Q1;budget,True,False,False,False,False,False,True,False,budget_limited_with_bounds,20,,converged_feasible
3e+23,49152,power,0.5,1.1081280000000002e+19,conditional_B7_semi_synthetic,False,11.969999999999997,600.0,1.0,2.0523920597927097,1.1650643279999998e+23,0.38835477599999996,1.9576704032408743,2.1591078746310353,0.0,True,N_max;D_max;Q1,False,False,True,False,True,False,True,True,support_limited,20,,converged_feasible
1e+24,49152,power,0.5,1.1081280000000002e+19,conditional_B7_semi_synthetic,False,11.969999999999997,600.0,1.0,2.0523920597927097,1.1650643279999998e+23,0.11650643279999999,1.9576704032408743,2.1591078746310353,0.0,True,N_max;D_max;Q1,False,False,True,False,True,False,True,True,support_limited,20,,converged_feasible
1e+19,49152,logarithmic,0.5,1.1081280000000002e+19,conditional_B7_semi_synthetic,False,,,,,,,,,,,,,,,,,,,,infeasible,,,infeasible_by_supported_domain
3e+19,49152,logarithmic,0.5,1.1081280000000002e+19,conditional_B7_semi_synthetic,False,0.11293008343824386,10.000000000000002,1.0,3.0899049070603373,3.000000000001408e+19,1.0000000000004694,2.9934595056710926,3.196947177805119,0.0,True,D_min;Q1;budget,True,False,False,True,False,False,True,False,budget_limited_with_bounds,19,,converged_feasible
1e+20,49152,logarithmic,0.5,1.1081280000000002e+19,conditional_B7_semi_synthetic,False,0.46057081008790096,11.76015157804948,1.0,2.7750191881881308,1.0000000000005521e+20,1.0000000000005522,2.679376574824904,2.8835731008702403,1.3274181295453424e-11,True,Q1;budget,True,False,False,False,False,False,True,False,budget_limited_with_bounds,20,,converged_feasible
3e+20,49152,logarithmic,0.5,1.1081280000000002e+19,conditional_B7_semi_synthetic,False,0.7416198780173137,23.161711109839015,1.0,2.593466820495163,3.0000000000006416e+20,1.0000000000002138,2.507651166793174,2.701542404483412,1.143137512734236e-11,True,Q1;budget,True,False,False,False,False,False,True,False,budget_limited_with_bounds,20,,converged_feasible
1e+21,49152,logarithmic,0.5,1.1081280000000002e+19,conditional_B7_semi_synthetic,False,1.277111051788614,46.66475253774774,0.9999999999999999,2.4338817352638316,1.0000000000001083e+21,1.0000000000001084,2.3452326271340636,2.538093476297441,7.639992211185799e-11,True,Q1;budget,True,False,False,False,False,False,True,False,budget_limited_with_bounds,20,,converged_feasible
3e+21,49152,logarithmic,0.5,1.1081280000000002e+19,conditional_B7_semi_synthetic,False,2.1268450143234183,86.00651392490032,0.9999999999999999,2.31587179874417,3.0000000000107416e+21,1.0000000000035805,2.2248349401772773,2.419049211966902,1.3218398142876704e-11,True,Q1;budget,True,False,False,False,False,False,True,False,budget_limited_with_bounds,20,,converged_feasible
1e+22,49152,logarithmic,0.5,1.1081280000000002e+19,conditional_B7_semi_synthetic,False,3.757474752352582,164.75930333399296,1.0,2.210172255543981,1.000000000007218e+22,1.000000000007218,2.118701361665999,2.31339020123194,1.6956516512535807e-11,True,Q1;budget,True,False,False,False,False,False,True,False,budget_limited_with_bounds,20,,converged_feasible
3e+22,49152,logarithmic,0.5,1.1081280000000002e+19,conditional_B7_semi_synthetic,False,6.352810017020768,294.7539824718307,0.9999999999999998,2.1310051687370133,3.00000000000155e+22,1.0000000000005167,2.0388924292744015,2.2345937127501903,1.3580858251830914e-12,True,Q1;budget,True,False,False,False,False,False,True,False,budget_limited_with_bounds,20,,converged_feasible
1e+23,49152,logarithmic,0.5,1.1081280000000002e+19,conditional_B7_semi_synthetic,False,11.339035821143119,553.3613417401369,1.0,2.059528570835561,1.000000000002223e+23,1.000000000002223,1.964992563353116,2.1654312936333255,2.1527323379298177e-12,True,Q1;budget,True,False,False,False,False,False,True,False,budget_limited_with_bounds,20,,converged_feasible
3e+23,49152,logarithmic,0.5,1.1081280000000002e+19,conditional_B7_semi_synthetic,False,11.969999999999997,600.0,1.0,2.0523920597927097,1.1442129576428437e+23,0.38140431921428125,1.9576704032408743,2.1591078746310353,0.0,True,N_max;D_max;Q1,False,False,True,False,True,False,True,True,support_limited,20,,converged_feasible
1e+24,49152,logarithmic,0.5,1.1081280000000002e+19,conditional_B7_semi_synthetic,False,11.969999999999997,600.0,1.0,2.0523920597927097,1.1442129576428437e+23,0.11442129576428438,1.9576704032408743,2.1591078746310353,0.0,True,N_max;D_max;Q1,False,False,True,False,True,False,True,True,support_limited,20,,converged_feasible
1e+19,65536,exponential,0.5,1.337504e+19,conditional_B7_semi_synthetic,False,,,,,,,,,,,,,,,,,,,,infeasible,,,infeasible_by_supported_domain
3e+19,65536,exponential,0.5,1.337504e+19,conditional_B7_semi_synthetic,False,0.12520591107273318,10.000000000000002,0.7321035902329948,3.2061480822550963,3.0000000000099574e+19,1.0000000000033191,3.1096117926045332,3.3118111395172463,3.0492339707831145e-10,True,D_min;budget,True,False,False,True,False,False,False,False,budget_limited_with_bounds,20,,converged_feasible
1e+20,65536,exponential,0.5,1.337504e+19,conditional_B7_semi_synthetic,False,0.3682457477728477,10.000000000000002,0.9595386131529954,2.8611833797083093,1.0000000000041607e+20,1.0000000000041607,2.7638972017977745,2.9691485569335443,6.582650077694528e-10,True,D_min;budget,True,False,False,True,False,False,False,False,budget_limited_with_bounds,19,,converged_feasible
3e+20,65536,exponential,0.5,1.337504e+19,conditional_B7_semi_synthetic,False,0.7753437905568709,16.087445829510468,1.0,2.6448064819617176,3.000000000003336e+20,1.000000000001112,2.554987152507861,2.7535869261512533,1.945729719547008e-10,True,Q1;budget,True,False,False,False,False,False,True,False,budget_limited_with_bounds,20,,converged_feasible
1e+21,65536,exponential,0.5,1.337504e+19,conditional_B7_semi_synthetic,False,1.275940235566109,35.44455538885217,0.9999999999999999,2.4680098219237716,1.0000000000021716e+21,1.0000000000021716,2.3800316566081796,2.5731130856287807,1.2635873467341753e-10,True,Q1;budget,True,False,False,False,False,False,True,False,budget_limited_with_bounds,20,,converged_feasible
3e+21,65536,exponential,0.5,1.337504e+19,conditional_B7_semi_synthetic,False,2.0597404134757245,69.46164167728453,1.0,2.3404139525015974,3.0000000000036134e+21,1.0000000000012044,2.2490171399624512,2.443952654628143,1.585071100304474e-10,True,Q1;budget,True,False,False,False,False,False,True,False,budget_limited_with_bounds,20,,converged_feasible
1e+22,65536,exponential,0.5,1.337504e+19,conditional_B7_semi_synthetic,False,3.5542972641309363,139.3803959470872,1.0,2.228092953713314,1.0000000000009987e+22,1.0000000000009988,2.1361469313698995,2.3312006830452914,1.3219820428856704e-10,True,Q1;budget,True,False,False,False,False,False,True,False,budget_limited_with_bounds,20,,converged_feasible
3e+22,65536,exponential,0.5,1.337504e+19,conditional_B7_semi_synthetic,False,5.926742619926627,256.2418613700012,1.0,2.144946393645058,3.0000000000014382e+22,1.0000000000004794,2.0533214427824835,2.2489517782036716,8.710446839650741e-11,True,Q1;budget,True,False,False,False,False,False,True,False,budget_limited_with_bounds,19,,converged_feasible
1e+23,65536,exponential,0.5,1.337504e+19,conditional_B7_semi_synthetic,False,10.480093481070666,490.0071020831107,0.9999999999999998,2.0704223055498554,1.0000000000004138e+23,1.000000000000414,1.9757501072367438,2.1750976599760077,7.724830593544142e-12,True,Q1;budget,True,False,False,False,False,False,True,False,budget_limited_with_bounds,20,,converged_feasible
3e+23,65536,exponential,0.5,1.337504e+19,conditional_B7_semi_synthetic,False,11.969999999999997,600.0,1.0,2.0523920597927097,1.3952796993941724e+23,0.4650932331313908,1.9576704032408743,2.1591078746310353,0.0,True,N_max;D_max;Q1,False,False,True,False,True,False,True,True,support_limited,20,,converged_feasible
1e+24,65536,exponential,0.5,1.337504e+19,conditional_B7_semi_synthetic,False,11.969999999999997,600.0,1.0,2.0523920597927097,1.3952796993941724e+23,0.13952796993941724,1.9576704032408743,2.1591078746310353,0.0,True,N_max;D_max;Q1,False,False,True,False,True,False,True,True,support_limited,20,,converged_feasible
1e+19,65536,power,0.5,1.337504e+19,conditional_B7_semi_synthetic,False,,,,,,,,,,,,,,,,,,,,infeasible,,,infeasible_by_supported_domain
3e+19,65536,power,0.5,1.337504e+19,conditional_B7_semi_synthetic,False,0.13171456350960467,10.000000000000002,0.6316244877923078,3.245971357501037,3.0000000000250036e+19,1.0000000000083344,3.15139321571633,3.351928080608033,3.0205413156075296e-09,True,D_min;budget,True,False,False,True,False,False,False,False,budget_limited_with_bounds,20,,converged_feasible
1e+20,65536,power,0.5,1.337504e+19,conditional_B7_semi_synthetic,False,0.333315042468753,10.000000000000002,0.9424010181093792,2.886769221226562,1.0000000000004512e+20,1.0000000000004512,2.78991492276301,2.994808784043016,6.96707240024836e-09,True,D_min;budget,True,False,False,True,False,False,False,False,budget_limited_with_bounds,20,,converged_feasible
3e+20,65536,power,0.5,1.337504e+19,conditional_B7_semi_synthetic,False,0.8046344061952305,14.953784934348658,1.0,2.652241753253155,3.000000000002563e+20,1.0000000000008544,2.56152940823493,2.7594653103384896,1.5819810510998885e-10,True,Q1;budget,True,False,False,False,False,False,True,False,budget_limited_with_bounds,20,,converged_feasible
1e+21,65536,power,0.5,1.337504e+19,conditional_B7_semi_synthetic,False,1.3100586667537335,33.64844772938328,1.0,2.4718533941168364,1.0000000000037445e+21,1.0000000000037446,2.3840319785280863,2.577050798944306,2.17384365257908e-10,True,Q1;budget,True,False,False,False,False,False,True,False,budget_limited_with_bounds,20,,converged_feasible
3e+21,65536,power,0.5,1.337504e+19,conditional_B7_semi_synthetic,False,2.097560683553192,67.01512821815125,1.0,2.3424491619432968,3.00000000000439e+21,1.0000000000014633,2.250893087214607,2.446076771057871,9.722328340144356e-11,True,Q1;budget,True,False,False,False,False,False,True,False,budget_limited_with_bounds,20,,converged_feasible
1e+22,65536,power,0.5,1.337504e+19,conditional_B7_semi_synthetic,False,3.5951736837602697,136.27468131191316,1.0,2.2290775715867603,1.0000000000009588e+22,1.0000000000009588,2.1369728611045065,2.3321423865472406,9.165929379510753e-11,True,Q1;budget,True,False,False,False,False,False,True,False,budget_limited_with_bounds,20,,converged_feasible
3e+22,65536,power,0.5,1.337504e+19,conditional_B7_semi_synthetic,False,5.969536920284521,252.63448112053737,1.0,2.1454442550505384,3.0000000000033735e+22,1.0000000000011244,2.053706534805244,2.249464286552224,8.591738879463269e-11,True,Q1;budget,True,False,False,False,False,False,True,False,budget_limited_with_bounds,20,,converged_feasible
1e+23,65536,power,0.5,1.337504e+19,conditional_B7_semi_synthetic,False,10.524241019792777,485.96466495314775,0.9999999999999998,2.0706548187762466,1.000000000000802e+23,1.000000000000802,1.9759215725962442,2.1752357113120806,1.11303012177528e-11,True,Q1;budget,True,False,False,False,False,False,True,False,budget_limited_with_bounds,18,,converged_feasible
3e+23,65536,power,0.5,1.337504e+19,conditional_B7_semi_synthetic,False,11.969999999999997,600.0,1.0,2.0523920597927097,1.4004041039999995e+23,0.46680136799999983,1.9576704032408743,2.1591078746310353,0.0,True,N_max;D_max;Q1,False,False,True,False,True,False,True,True,support_limited,20,,converged_feasible
1e+24,65536,power,0.5,1.337504e+19,conditional_B7_semi_synthetic,False,11.969999999999997,600.0,1.0,2.0523920597927097,1.4004041039999995e+23,0.14004041039999995,1.9576704032408743,2.1591078746310353,0.0,True,N_max;D_max;Q1,False,False,True,False,True,False,True,True,support_limited,20,,converged_feasible
1e+19,65536,logarithmic,0.5,1.337504e+19,conditional_B7_semi_synthetic,False,,,,,,,,,,,,,,,,,,,,infeasible,,,infeasible_by_supported_domain
3e+19,65536,logarithmic,0.5,1.337504e+19,conditional_B7_semi_synthetic,False,0.093563075325587,10.00000000000001,1.0,3.1392981161218767,3.000000000001691e+19,1.0000000000005635,3.0435045755839534,3.245911149950751,0.0,True,D_min;Q1;budget,True,False,False,True,False,False,True,False,budget_limited_with_bounds,19,,converged_feasible
1e+20,65536,logarithmic,0.5,1.337504e+19,conditional_B7_semi_synthetic,False,0.41533539019184923,10.931150398370557,1.0,2.8052370348620945,1.0000000000006622e+20,1.0000000000006621,2.7081633995504477,2.9137279950668393,1.9569411082100405e-11,True,Q1;budget,True,False,False,False,False,False,True,False,budget_limited_with_bounds,20,,converged_feasible
3e+20,65536,logarithmic,0.5,1.337504e+19,conditional_B7_semi_synthetic,False,0.6713276371196063,21.368338607400258,1.0,2.619158393633744,3.000000000003605e+20,1.0000000000012017,2.533683028093148,2.7277069124847038,5.797148837406207e-11,True,Q1;budget,True,False,False,False,False,False,True,False,budget_limited_with_bounds,20,,converged_feasible
1e+21,65536,logarithmic,0.5,1.337504e+19,conditional_B7_semi_synthetic,False,1.159639210160728,42.79039609243125,0.9999999999999996,2.4552356083871754,1.000000000000722e+21,1.0000000000007219,2.367294421674795,2.5600085061038773,2.1198206319239845e-10,True,Q1;budget,True,False,False,False,False,False,True,False,budget_limited_with_bounds,19,,converged_feasible
3e+21,65536,logarithmic,0.5,1.337504e+19,conditional_B7_semi_synthetic,False,1.9349111269134547,78.56898537455282,1.0,2.3338267067543477,3.000000000002529e+21,1.000000000000843,2.2430168536564,2.437047032049032,3.6492634278033347e-10,True,Q1;budget,True,False,False,False,False,False,True,False,budget_limited_with_bounds,20,,converged_feasible
1e+22,65536,logarithmic,0.5,1.337504e+19,conditional_B7_semi_synthetic,False,3.4229652089727147,150.11509523756112,1.0,2.2249711563204135,1.0000000000037885e+22,1.0000000000037885,2.1335560639275255,2.328220150689914,9.13785960436345e-12,True,Q1;budget,True,False,False,False,False,False,True,False,budget_limited_with_bounds,20,,converged_feasible
3e+22,65536,logarithmic,0.5,1.337504e+19,conditional_B7_semi_synthetic,False,5.791562104460143,268.16168103086,0.9999999999999999,2.1433873451787258,3.0000000000029993e+22,1.0000000000009999,2.0519629875667973,2.247344623998246,9.106943660258383e-13,True,Q1;budget,True,False,False,False,False,False,True,False,budget_limited_with_bounds,19,,converged_feasible
1e+23,65536,logarithmic,0.5,1.337504e+19,conditional_B7_semi_synthetic,False,10.342300116334693,502.9556986566943,1.0,2.069700361781845,1.0000000000026338e+23,1.000000000002634,1.9752207811685862,2.174673157510037,3.494602436222138e-12,True,Q1;budget,True,False,False,False,False,False,True,False,budget_limited_with_bounds,19,,converged_feasible
3e+23,65536,logarithmic,0.5,1.337504e+19,conditional_B7_semi_synthetic,False,11.969999999999997,600.0,1.0,2.0523920597927097,1.3795527336428434e+23,0.4598509112142811,1.9576704032408743,2.1591078746310353,0.0,True,N_max;D_max;Q1,False,False,True,False,True,False,True,True,support_limited,20,,converged_feasible
1e+24,65536,logarithmic,0.5,1.337504e+19,conditional_B7_semi_synthetic,False,11.969999999999997,600.0,1.0,2.0523920597927097,1.3795527336428434e+23,0.13795527336428434,1.9576704032408743,2.1591078746310353,0.0,True,N_max;D_max;Q1,False,False,True,False,True,False,True,True,support_limited,20,,converged_feasible
1e+19,131072,exponential,0.5,2.2550080000000004e+19,conditional_B7_semi_synthetic,False,,,,,,,,,,,,,,,,,,,,infeasible,,,infeasible_by_supported_domain
3e+19,131072,exponential,0.5,2.2550080000000004e+19,conditional_B7_semi_synthetic,False,0.07622208696046388,10.000000000000002,0.7185574515825466,3.354346068788955,3.0000000000083374e+19,1.000000000002779,3.2544364263634082,3.4586849721463047,6.151766225169717e-09,True,D_min;budget,True,False,False,True,False,False,False,False,budget_limited_with_bounds,20,,converged_feasible
1e+20,131072,exponential,0.5,2.2550080000000004e+19,conditional_B7_semi_synthetic,False,0.22552508453711656,10.000000000000002,0.9470193568254938,2.9593894536908563,1.0000000000008053e+20,1.0000000000008054,2.8626109065054974,3.067510129648865,3.803810067158167e-09,True,D_min;budget,True,False,False,True,False,False,False,False,budget_limited_with_bounds,20,,converged_feasible
3e+20,131072,exponential,0.5,2.2550080000000004e+19,conditional_B7_semi_synthetic,False,0.5759464986869054,13.40051251287858,1.0,2.7175069096042845,3.00000000000217e+20,1.0000000000007232,2.624357036150729,2.825823426093344,1.2442192345158201e-10,True,Q1;budget,True,False,False,False,False,False,True,False,budget_limited_with_bounds,20,,converged_feasible
1e+21,131072,exponential,0.5,2.2550080000000004e+19,conditional_B7_semi_synthetic,False,0.9606365071315065,28.75235377545869,1.0,2.5292619316871403,1.0000000000032047e+21,1.0000000000032048,2.442998805450477,2.635955889474225,4.92585637236229e-10,True,Q1;budget,True,False,False,False,False,False,True,False,budget_limited_with_bounds,20,,converged_feasible
3e+21,131072,exponential,0.5,2.2550080000000004e+19,conditional_B7_semi_synthetic,False,1.566071591544158,55.26542309208589,1.0,2.392390538034194,3.0000000000029004e+21,1.0000000000009668,2.3021624843046067,2.4963378873681785,2.292360910614672e-10,True,Q1;budget,True,False,False,False,False,False,True,False,budget_limited_with_bounds,20,,converged_feasible
1e+22,131072,exponential,0.5,2.2550080000000004e+19,conditional_B7_semi_synthetic,False,2.7235636877478906,109.20439911358481,1.0,2.271227137155365,1.000000000000958e+22,1.000000000000958,2.179707410531151,2.3744355975842137,9.656604247162676e-10,True,Q1;budget,True,False,False,False,False,False,True,False,budget_limited_with_bounds,19,,converged_feasible
3e+22,131072,exponential,0.5,2.2550080000000004e+19,conditional_B7_semi_synthetic,False,4.563078536139011,198.8990674597976,1.0,2.181180423320175,3.0000000000031797e+22,1.0000000000010598,2.0909014515602546,2.284900141500543,3.843999555801961e-10,True,Q1;budget,True,False,False,False,False,False,True,False,budget_limited_with_bounds,20,,converged_feasible
1e+23,131072,exponential,0.5,2.2550080000000004e+19,conditional_B7_semi_synthetic,False,8.095215598000996,377.9061751179309,0.9999999999999999,2.100267708095376,1.0000000000008475e+23,1.0000000000008475,2.006316770314621,2.2040582708788934,8.633900360369285e-12,True,Q1;budget,True,False,False,False,False,False,True,False,budget_limited_with_bounds,17,,converged_feasible
3e+23,131072,exponential,0.5,2.2550080000000004e+19,conditional_B7_semi_synthetic,False,11.969999999999997,600.0,1.0,2.0523920597927097,2.3366388033941724e+23,0.7788796011313908,1.9576704032408743,2.1591078746310353,0.0,True,N_max;D_max;Q1,False,False,True,False,True,False,True,True,support_limited,20,,converged_feasible
1e+24,131072,exponential,0.5,2.2550080000000004e+19,conditional_B7_semi_synthetic,False,11.969999999999997,600.0,1.0,2.0523920597927097,2.3366388033941724e+23,0.23366388033941723,1.9576704032408743,2.1591078746310353,0.0,True,N_max;D_max;Q1,False,False,True,False,True,False,True,True,support_limited,20,,converged_feasible
1e+19,131072,power,0.5,2.2550080000000004e+19,conditional_B7_semi_synthetic,False,,,,,,,,,,,,,,,,,,,,infeasible,,,infeasible_by_supported_domain
3e+19,131072,power,0.5,2.2550080000000004e+19,conditional_B7_semi_synthetic,False,0.08044266840589612,10.000000000000002,0.6162465788388554,3.3948615021194706,3.000000000001041e+19,1.000000000000347,3.295038700159532,3.4988431103351174,2.8649889147459605e-08,True,D_min;budget,True,False,False,True,False,False,False,False,budget_limited_with_bounds,20,,converged_feasible
1e+20,131072,power,0.5,2.2550080000000004e+19,conditional_B7_semi_synthetic,False,0.20703299440518297,10.000000000000002,0.9238978783528999,2.9886799194052753,1.000000000001301e+20,1.000000000001301,2.8924820194067027,3.096433316102147,1.0712811451169656e-11,True,D_min;budget,True,False,False,True,False,False,False,False,budget_limited_with_bounds,20,,converged_feasible
3e+20,131072,power,0.5,2.2550080000000004e+19,conditional_B7_semi_synthetic,False,0.5946784389940926,12.581407417366263,0.9999999999999999,2.7240966142051746,3.000000000002397e+20,1.0000000000007991,2.6299567991041766,2.8318837754683006,7.285052619278855e-11,True,Q1;budget,True,False,False,False,False,False,True,False,budget_limited_with_bounds,20,,converged_feasible
1e+21,131072,power,0.5,2.2550080000000004e+19,conditional_B7_semi_synthetic,False,0.9820394279941326,27.530529950902253,1.0,2.5326058909661207,1.0000000000021757e+21,1.0000000000021756,2.4460786986243113,2.639406458861511,1.3650090159452042e-10,True,Q1;budget,True,False,False,False,False,False,True,False,budget_limited_with_bounds,20,,converged_feasible
3e+21,131072,power,0.5,2.2550080000000004e+19,conditional_B7_semi_synthetic,False,1.589415149453873,53.67729227828683,0.9999999999999998,2.3941368820564843,3.0000000000029575e+21,1.0000000000009859,2.3039000693266485,2.498144721638285,9.287404183527376e-11,True,Q1;budget,True,False,False,False,False,False,True,False,budget_limited_with_bounds,20,,converged_feasible
1e+22,131072,power,0.5,2.2550080000000004e+19,conditional_B7_semi_synthetic,False,2.7484374735371833,107.26533406421788,1.0,2.2720626290580466,1.000000000000938e+22,1.0000000000009381,2.1804302302405443,2.3751585504789037,1.1112198047929007e-09,True,Q1;budget,True,False,False,False,False,False,True,False,budget_limited_with_bounds,20,,converged_feasible
3e+22,131072,power,0.5,2.2550080000000004e+19,conditional_B7_semi_synthetic,False,4.5888786089997735,196.70135620466527,1.0,2.18159998406888,3.0000000000042023e+22,1.0000000000014007,2.091379741404982,2.285351484255635,3.0950414407326404e-10,True,Q1;budget,True,False,False,False,False,False,True,False,budget_limited_with_bounds,20,,converged_feasible
1e+23,131072,power,0.5,2.2550080000000004e+19,conditional_B7_semi_synthetic,False,8.121653803704776,375.48573168346877,1.0,2.1004627153225495,1.000000000000462e+23,1.000000000000462,2.0065108056778755,2.204249114336622,5.872202100258558e-12,True,Q1;budget,True,False,False,False,False,False,True,False,budget_limited_with_bounds,20,,converged_feasible
3e+23,131072,power,0.5,2.2550080000000004e+19,conditional_B7_semi_synthetic,False,11.970000000000002,600.0,0.9999999999999996,2.0523920597927097,2.3417632080000005e+23,0.7805877360000002,1.9576704032408743,2.1591078746310353,0.0,True,N_max;D_max;Q1,False,False,True,False,True,False,True,True,support_limited,20,,converged_feasible
1e+24,131072,power,0.5,2.2550080000000004e+19,conditional_B7_semi_synthetic,False,11.969999999999997,600.0,1.0,2.0523920597927097,2.3417632079999995e+23,0.23417632079999995,1.9576704032408743,2.1591078746310353,0.0,True,N_max;D_max;Q1,False,False,True,False,True,False,True,True,support_limited,20,,converged_feasible
1e+19,131072,logarithmic,0.5,2.2550080000000004e+19,conditional_B7_semi_synthetic,False,,,,,,,,,,,,,,,,,,,,infeasible,,,infeasible_by_supported_domain
3e+19,131072,logarithmic,0.5,2.2550080000000004e+19,conditional_B7_semi_synthetic,False,0.07000000000000005,10.000000000000002,0.7708116042325099,3.35136285391382,3.000000000000006e+19,1.000000000000002,3.2507625873678276,3.4560770336978055,0.0,True,N_min;D_min;budget,True,True,False,True,False,False,False,False,budget_limited_with_bounds,20,,converged_feasible
1e+20,131072,logarithmic,0.5,2.2550080000000004e+19,conditional_B7_semi_synthetic,False,0.2727888271371839,10.000000000000002,1.0,2.89610728684338,1.000000000006873e+20,1.000000000006873,2.797763957412752,3.004804691860843,0.0,True,D_min;Q1;budget,True,False,False,True,False,False,True,False,budget_limited_with_bounds,20,,converged_feasible
3e+20,131072,logarithmic,0.5,2.2550080000000004e+19,conditional_B7_semi_synthetic,False,0.5106927487980099,16.98376094310672,0.9999999999999999,2.695182154073276,3.0000000000009326e+20,1.0000000000003109,2.605744179214768,2.8047471241609165,3.134500002805654e-09,True,Q1;budget,True,False,False,False,False,False,True,False,budget_limited_with_bounds,20,,converged_feasible
1e+21,131072,logarithmic,0.5,2.2550080000000004e+19,conditional_B7_semi_synthetic,False,0.8889136995366652,33.50297779501873,1.0,2.518305812500132,1.0000000000009888e+21,1.0000000000009888,2.432026219465893,2.6246303197255707,1.5072581988423325e-10,True,Q1;budget,True,False,False,False,False,False,True,False,budget_limited_with_bounds,20,,converged_feasible
3e+21,131072,logarithmic,0.5,2.2550080000000004e+19,conditional_B7_semi_synthetic,False,1.4900582980960428,60.95875237476215,0.9999999999999998,2.386797318767966,3.000000000002612e+21,1.0000000000008706,2.296735362338047,2.4905314731474553,3.484416597106081e-11,True,Q1;budget,True,False,False,False,False,False,True,False,budget_limited_with_bounds,20,,converged_feasible
1e+22,131072,logarithmic,0.5,2.2550080000000004e+19,conditional_B7_semi_synthetic,False,2.6443930593087948,115.74099877849608,1.0,2.2685963794002455,1.0000000000076462e+22,1.000000000007646,2.1774486171672014,2.3721701266103095,1.621438680614276e-11,True,Q1;budget,True,False,False,False,False,False,True,False,budget_limited_with_bounds,20,,converged_feasible
3e+22,131072,logarithmic,0.5,2.2550080000000004e+19,conditional_B7_semi_synthetic,False,4.482086982727084,206.04393551995048,0.9999999999999999,2.179872409095472,3.0000000000063837e+22,1.0000000000021279,2.089405455133844,2.283489449842888,8.543818723626378e-13,True,Q1;budget,True,False,False,False,False,False,True,False,budget_limited_with_bounds,20,,converged_feasible
1e+23,131072,logarithmic,0.5,2.2550080000000004e+19,conditional_B7_semi_synthetic,False,8.013008061869956,385.58450899126456,1.0,2.099663817182261,1.0000000000037142e+23,1.0000000000037144,2.0057158027882074,2.203467025788598,4.339244602346192e-12,True,Q1;budget,True,False,False,False,False,False,True,False,budget_limited_with_bounds,19,,converged_feasible
3e+23,131072,logarithmic,0.5,2.2550080000000004e+19,conditional_B7_semi_synthetic,False,11.970000000000002,600.0,0.9999999999999998,2.0523920597927097,2.3209118376428444e+23,0.7736372792142815,1.9576704032408743,2.1591078746310353,0.0,True,N_max;D_max;Q1,False,False,True,False,True,False,True,True,support_limited,20,,converged_feasible
1e+24,131072,logarithmic,0.5,2.2550080000000004e+19,conditional_B7_semi_synthetic,False,11.969999999999997,600.0,1.0,2.0523920597927097,2.3209118376428434e+23,0.23209118376428434,1.9576704032408743,2.1591078746310353,0.0,True,N_max;D_max;Q1,False,False,True,False,True,False,True,True,support_limited,20,,converged_feasible
