type,resource_gate,horizon_months,compute_scenario,model,eta,retention,resource_multiplier,conditional_p05,conditional_p95
non_pretrained,primary,12,historical,constant,0.25,0.0,0.5,37.754788736630566,41.5351809401351
non_pretrained,primary,12,historical,constant,0.25,0.0,1.0,37.754788736630566,41.5351809401351
non_pretrained,primary,12,historical,constant,0.25,0.0,1.5,37.754788736630566,41.5351809401351
non_pretrained,primary,12,historical,constant,0.25,0.5,0.5,37.754788736630566,41.5351809401351
non_pretrained,primary,12,historical,constant,0.25,0.5,1.0,37.754788736630566,41.5351809401351
non_pretrained,primary,12,historical,constant,0.25,0.5,1.5,37.754788736630566,41.5351809401351
non_pretrained,primary,12,historical,constant,0.25,1.0,0.5,37.754788736630566,41.5351809401351
non_pretrained,primary,12,historical,constant,0.25,1.0,1.0,37.754788736630566,41.5351809401351
non_pretrained,primary,12,historical,constant,0.25,1.0,1.5,37.754788736630566,41.5351809401351
non_pretrained,primary,12,historical,constant,0.5,0.0,0.5,37.754788736630566,41.5351809401351
non_pretrained,primary,12,historical,constant,0.5,0.0,1.0,37.754788736630566,41.5351809401351
non_pretrained,primary,12,historical,constant,0.5,0.0,1.5,37.754788736630566,41.5351809401351
non_pretrained,primary,12,historical,constant,0.5,0.5,0.5,37.754788736630566,41.5351809401351
non_pretrained,primary,12,historical,constant,0.5,0.5,1.0,37.754788736630566,41.5351809401351
non_pretrained,primary,12,historical,constant,0.5,0.5,1.5,37.754788736630566,41.5351809401351
non_pretrained,primary,12,historical,constant,0.5,1.0,0.5,37.754788736630566,41.5351809401351
non_pretrained,primary,12,historical,constant,0.5,1.0,1.0,37.754788736630566,41.5351809401351
non_pretrained,primary,12,historical,constant,0.5,1.0,1.5,37.754788736630566,41.5351809401351
non_pretrained,primary,12,historical,constant,0.75,0.0,0.5,37.754788736630566,41.5351809401351
non_pretrained,primary,12,historical,constant,0.75,0.0,1.0,37.754788736630566,41.5351809401351
non_pretrained,primary,12,historical,constant,0.75,0.0,1.5,37.754788736630566,41.5351809401351
non_pretrained,primary,12,historical,constant,0.75,0.5,0.5,37.754788736630566,41.5351809401351
non_pretrained,primary,12,historical,constant,0.75,0.5,1.0,37.754788736630566,41.5351809401351
non_pretrained,primary,12,historical,constant,0.75,0.5,1.5,37.754788736630566,41.5351809401351
non_pretrained,primary,12,historical,constant,0.75,1.0,0.5,37.754788736630566,41.5351809401351
non_pretrained,primary,12,historical,constant,0.75,1.0,1.0,37.754788736630566,41.5351809401351
non_pretrained,primary,12,historical,constant,0.75,1.0,1.5,37.754788736630566,41.5351809401351
non_pretrained,primary,12,historical,frontier_trend,0.25,0.0,0.5,37.754788736630566,41.5351809401351
non_pretrained,primary,12,historical,frontier_trend,0.25,0.0,1.0,37.754788736630566,41.5351809401351
non_pretrained,primary,12,historical,frontier_trend,0.25,0.0,1.5,37.754788736630566,41.5351809401351
non_pretrained,primary,12,historical,frontier_trend,0.25,0.5,0.5,45.89425118688804,53.05482104275585
non_pretrained,primary,12,historical,frontier_trend,0.25,0.5,1.0,45.89425118688804,53.05482104275585
non_pretrained,primary,12,historical,frontier_trend,0.25,0.5,1.5,45.89425118688804,53.05482104275585
non_pretrained,primary,12,historical,frontier_trend,0.25,1.0,0.5,52.93428484378985,64.61224187670341
non_pretrained,primary,12,historical,frontier_trend,0.25,1.0,1.0,52.93428484378985,64.61224187670341
non_pretrained,primary,12,historical,frontier_trend,0.25,1.0,1.5,52.93428484378985,64.61224187670341
non_pretrained,primary,12,historical,frontier_trend,0.5,0.0,0.5,37.754788736630566,41.5351809401351
non_pretrained,primary,12,historical,frontier_trend,0.5,0.0,1.0,37.754788736630566,41.5351809401351
non_pretrained,primary,12,historical,frontier_trend,0.5,0.0,1.5,37.754788736630566,41.5351809401351
non_pretrained,primary,12,historical,frontier_trend,0.5,0.5,0.5,45.89425118688804,53.05482104275585
non_pretrained,primary,12,historical,frontier_trend,0.5,0.5,1.0,45.89425118688804,53.05482104275585
non_pretrained,primary,12,historical,frontier_trend,0.5,0.5,1.5,45.89425118688804,53.05482104275585
non_pretrained,primary,12,historical,frontier_trend,0.5,1.0,0.5,52.93428484378985,64.61224187670341
non_pretrained,primary,12,historical,frontier_trend,0.5,1.0,1.0,52.93428484378985,64.61224187670341
non_pretrained,primary,12,historical,frontier_trend,0.5,1.0,1.5,52.93428484378985,64.61224187670341
non_pretrained,primary,12,historical,frontier_trend,0.75,0.0,0.5,37.754788736630566,41.5351809401351
non_pretrained,primary,12,historical,frontier_trend,0.75,0.0,1.0,37.754788736630566,41.5351809401351
non_pretrained,primary,12,historical,frontier_trend,0.75,0.0,1.5,37.754788736630566,41.5351809401351
non_pretrained,primary,12,historical,frontier_trend,0.75,0.5,0.5,45.89425118688804,53.05482104275585
non_pretrained,primary,12,historical,frontier_trend,0.75,0.5,1.0,45.89425118688804,53.05482104275585
non_pretrained,primary,12,historical,frontier_trend,0.75,0.5,1.5,45.89425118688804,53.05482104275585
non_pretrained,primary,12,historical,frontier_trend,0.75,1.0,0.5,52.93428484378985,64.61224187670341
non_pretrained,primary,12,historical,frontier_trend,0.75,1.0,1.0,52.93428484378985,64.61224187670341
non_pretrained,primary,12,historical,frontier_trend,0.75,1.0,1.5,52.93428484378985,64.61224187670341
non_pretrained,primary,12,historical,quantile_resource,0.25,0.0,0.5,40.00910611879547,43.80015884646684
non_pretrained,primary,12,historical,quantile_resource,0.25,0.0,1.0,42.306549583096164,46.11319115687555
non_pretrained,primary,12,historical,quantile_resource,0.25,0.0,1.5,44.637744845087596,48.55230329389977
non_pretrained,primary,12,historical,quantile_resource,0.25,0.5,0.5,47.92801213315436,53.671947385586066
non_pretrained,primary,12,historical,quantile_resource,0.25,0.5,1.0,50.302393652096455,56.0067809920415
non_pretrained,primary,12,historical,quantile_resource,0.25,0.5,1.5,52.675410349408494,58.20514590231589
non_pretrained,primary,12,historical,quantile_resource,0.25,1.0,0.5,55.649443205982394,63.71260121486572
non_pretrained,primary,12,historical,quantile_resource,0.25,1.0,1.0,57.849803449402174,65.8024869009942
non_pretrained,primary,12,historical,quantile_resource,0.25,1.0,1.5,59.930745484429345,67.78651670861854
non_pretrained,primary,12,historical,quantile_resource,0.5,0.0,0.5,42.306549583096164,46.11319115687555
non_pretrained,primary,12,historical,quantile_resource,0.5,0.0,1.0,46.91970834384918,50.874012429804935
non_pretrained,primary,12,historical,quantile_resource,0.5,0.0,1.5,51.15443950061852,55.655281427556226
non_pretrained,primary,12,historical,quantile_resource,0.5,0.5,0.5,50.302393652096455,56.0067809920415
non_pretrained,primary,12,historical,quantile_resource,0.5,0.5,1.0,54.95898033475987,60.40588447546062
non_pretrained,primary,12,historical,quantile_resource,0.5,0.5,1.5,59.27568437361242,64.80090765831991
non_pretrained,primary,12,historical,quantile_resource,0.5,1.0,0.5,57.849803449402174,65.8024869009942
non_pretrained,primary,12,historical,quantile_resource,0.5,1.0,1.0,61.98275127462587,69.80460879867884
non_pretrained,primary,12,historical,quantile_resource,0.5,1.0,1.5,66.36250041649404,73.53069667482839
non_pretrained,primary,12,historical,quantile_resource,0.75,0.0,0.5,44.637744845087596,48.55230329389977
non_pretrained,primary,12,historical,quantile_resource,0.75,0.0,1.0,51.15443950061852,55.655281427556226
non_pretrained,primary,12,historical,quantile_resource,0.75,0.0,1.5,57.48131119147041,62.54459356938464
non_pretrained,primary,12,historical,quantile_resource,0.75,0.5,0.5,52.675410349408494,58.20514590231589
non_pretrained,primary,12,historical,quantile_resource,0.75,0.5,1.0,59.27568437361242,64.80090765831991
non_pretrained,primary,12,historical,quantile_resource,0.75,0.5,1.5,65.644304815154,70.84874023076542
non_pretrained,primary,12,historical,quantile_resource,0.75,1.0,0.5,59.930745484429345,67.78651670861852
non_pretrained,primary,12,historical,quantile_resource,0.75,1.0,1.0,66.36250041649404,73.53069667482839
non_pretrained,primary,12,historical,quantile_resource,0.75,1.0,1.5,72.38419436556694,78.53263101723947
non_pretrained,primary,12,historical,mean_resource,0.25,0.0,0.5,39.94153650873671,43.7358420149774
non_pretrained,primary,12,historical,mean_resource,0.25,0.0,1.0,42.16913867810951,45.94102479978867
non_pretrained,primary,12,historical,mean_resource,0.25,0.0,1.5,44.42906465236153,48.29087430480688
non_pretrained,primary,12,historical,mean_resource,0.25,0.5,0.5,45.4431998033665,54.469930798852474
non_pretrained,primary,12,historical,mean_resource,0.25,0.5,1.0,47.678505093782015,56.72466520232542
non_pretrained,primary,12,historical,mean_resource,0.25,0.5,1.5,49.92465140850046,59.01360964695768
non_pretrained,primary,12,historical,mean_resource,0.25,1.0,0.5,51.419170356470566,65.13313164231093
non_pretrained,primary,12,historical,mean_resource,0.25,1.0,1.0,53.451139791688995,67.25075087688673
non_pretrained,primary,12,historical,mean_resource,0.25,1.0,1.5,55.47172472544982,69.30037692657585
non_pretrained,primary,12,historical,mean_resource,0.5,0.0,0.5,42.16913867810951,45.94102479978867
non_pretrained,primary,12,historical,mean_resource,0.5,0.0,1.0,46.712257572388864,50.57395701897091
non_pretrained,primary,12,historical,mean_resource,0.5,0.0,1.5,50.96794086659356,55.37195862764029
non_pretrained,primary,12,historical,mean_resource,0.5,0.5,0.5,47.678505093782015,56.72466520232542
non_pretrained,primary,12,historical,mean_resource,0.5,0.5,1.0,52.17109231323872,61.29383678502312
non_pretrained,primary,12,historical,mean_resource,0.5,0.5,1.5,56.54120433286928,65.70071653480073
non_pretrained,primary,12,historical,mean_resource,0.5,1.0,0.5,53.451139791688995,67.25075087688673
non_pretrained,primary,12,historical,mean_resource,0.5,1.0,1.0,57.47438594574561,71.27651401486659
non_pretrained,primary,12,historical,mean_resource,0.5,1.0,1.5,61.40102200794062,74.99142977846456
non_pretrained,primary,12,historical,mean_resource,0.75,0.0,0.5,44.42906465236153,48.29087430480688
non_pretrained,primary,12,historical,mean_resource,0.75,0.0,1.0,50.96794086659356,55.37195862764029
non_pretrained,primary,12,historical,mean_resource,0.75,0.0,1.5,57.26484380022939,62.209631058162024
non_pretrained,primary,12,historical,mean_resource,0.75,0.5,0.5,49.92465140850046,59.01360964695768
non_pretrained,primary,12,historical,mean_resource,0.75,0.5,1.0,56.54120433286928,65.70071653480073
non_pretrained,primary,12,historical,mean_resource,0.75,0.5,1.5,62.43102082330391,71.70343207117226
non_pretrained,primary,12,historical,mean_resource,0.75,1.0,0.5,55.47172472544982,69.30037692657585
non_pretrained,primary,12,historical,mean_resource,0.75,1.0,1.0,61.40102200794062,74.99142977846456
non_pretrained,primary,12,historical,mean_resource,0.75,1.0,1.5,67.01033739327734,79.93297073847359
non_pretrained,primary,12,half,constant,0.25,0.0,0.5,37.754788736630566,41.5351809401351
non_pretrained,primary,12,half,constant,0.25,0.0,1.0,37.754788736630566,41.5351809401351
non_pretrained,primary,12,half,constant,0.25,0.0,1.5,37.754788736630566,41.5351809401351
non_pretrained,primary,12,half,constant,0.25,0.5,0.5,37.754788736630566,41.5351809401351
non_pretrained,primary,12,half,constant,0.25,0.5,1.0,37.754788736630566,41.5351809401351
non_pretrained,primary,12,half,constant,0.25,0.5,1.5,37.754788736630566,41.5351809401351
non_pretrained,primary,12,half,constant,0.25,1.0,0.5,37.754788736630566,41.5351809401351
non_pretrained,primary,12,half,constant,0.25,1.0,1.0,37.754788736630566,41.5351809401351
non_pretrained,primary,12,half,constant,0.25,1.0,1.5,37.754788736630566,41.5351809401351
non_pretrained,primary,12,half,constant,0.5,0.0,0.5,37.754788736630566,41.5351809401351
non_pretrained,primary,12,half,constant,0.5,0.0,1.0,37.754788736630566,41.5351809401351
non_pretrained,primary,12,half,constant,0.5,0.0,1.5,37.754788736630566,41.5351809401351
non_pretrained,primary,12,half,constant,0.5,0.5,0.5,37.754788736630566,41.5351809401351
non_pretrained,primary,12,half,constant,0.5,0.5,1.0,37.754788736630566,41.5351809401351
non_pretrained,primary,12,half,constant,0.5,0.5,1.5,37.754788736630566,41.5351809401351
non_pretrained,primary,12,half,constant,0.5,1.0,0.5,37.754788736630566,41.5351809401351
non_pretrained,primary,12,half,constant,0.5,1.0,1.0,37.754788736630566,41.5351809401351
non_pretrained,primary,12,half,constant,0.5,1.0,1.5,37.754788736630566,41.5351809401351
non_pretrained,primary,12,half,constant,0.75,0.0,0.5,37.754788736630566,41.5351809401351
non_pretrained,primary,12,half,constant,0.75,0.0,1.0,37.754788736630566,41.5351809401351
non_pretrained,primary,12,half,constant,0.75,0.0,1.5,37.754788736630566,41.5351809401351
non_pretrained,primary,12,half,constant,0.75,0.5,0.5,37.754788736630566,41.5351809401351
non_pretrained,primary,12,half,constant,0.75,0.5,1.0,37.754788736630566,41.5351809401351
non_pretrained,primary,12,half,constant,0.75,0.5,1.5,37.754788736630566,41.5351809401351
non_pretrained,primary,12,half,constant,0.75,1.0,0.5,37.754788736630566,41.5351809401351
non_pretrained,primary,12,half,constant,0.75,1.0,1.0,37.754788736630566,41.5351809401351
non_pretrained,primary,12,half,constant,0.75,1.0,1.5,37.754788736630566,41.5351809401351
non_pretrained,primary,12,half,frontier_trend,0.25,0.0,0.5,37.754788736630566,41.5351809401351
non_pretrained,primary,12,half,frontier_trend,0.25,0.0,1.0,37.754788736630566,41.5351809401351
non_pretrained,primary,12,half,frontier_trend,0.25,0.0,1.5,37.754788736630566,41.5351809401351
non_pretrained,primary,12,half,frontier_trend,0.25,0.5,0.5,45.89425118688804,53.05482104275585
non_pretrained,primary,12,half,frontier_trend,0.25,0.5,1.0,45.89425118688804,53.05482104275585
non_pretrained,primary,12,half,frontier_trend,0.25,0.5,1.5,45.89425118688804,53.05482104275585
non_pretrained,primary,12,half,frontier_trend,0.25,1.0,0.5,52.93428484378985,64.61224187670341
non_pretrained,primary,12,half,frontier_trend,0.25,1.0,1.0,52.93428484378985,64.61224187670341
non_pretrained,primary,12,half,frontier_trend,0.25,1.0,1.5,52.93428484378985,64.61224187670341
non_pretrained,primary,12,half,frontier_trend,0.5,0.0,0.5,37.754788736630566,41.5351809401351
non_pretrained,primary,12,half,frontier_trend,0.5,0.0,1.0,37.754788736630566,41.5351809401351
non_pretrained,primary,12,half,frontier_trend,0.5,0.0,1.5,37.754788736630566,41.5351809401351
non_pretrained,primary,12,half,frontier_trend,0.5,0.5,0.5,45.89425118688804,53.05482104275585
non_pretrained,primary,12,half,frontier_trend,0.5,0.5,1.0,45.89425118688804,53.05482104275585
non_pretrained,primary,12,half,frontier_trend,0.5,0.5,1.5,45.89425118688804,53.05482104275585
non_pretrained,primary,12,half,frontier_trend,0.5,1.0,0.5,52.93428484378985,64.61224187670341
non_pretrained,primary,12,half,frontier_trend,0.5,1.0,1.0,52.93428484378985,64.61224187670341
non_pretrained,primary,12,half,frontier_trend,0.5,1.0,1.5,52.93428484378985,64.61224187670341
non_pretrained,primary,12,half,frontier_trend,0.75,0.0,0.5,37.754788736630566,41.5351809401351
non_pretrained,primary,12,half,frontier_trend,0.75,0.0,1.0,37.754788736630566,41.5351809401351
non_pretrained,primary,12,half,frontier_trend,0.75,0.0,1.5,37.754788736630566,41.5351809401351
non_pretrained,primary,12,half,frontier_trend,0.75,0.5,0.5,45.89425118688804,53.05482104275585
non_pretrained,primary,12,half,frontier_trend,0.75,0.5,1.0,45.89425118688804,53.05482104275585
non_pretrained,primary,12,half,frontier_trend,0.75,0.5,1.5,45.89425118688804,53.05482104275585
non_pretrained,primary,12,half,frontier_trend,0.75,1.0,0.5,52.93428484378985,64.61224187670341
non_pretrained,primary,12,half,frontier_trend,0.75,1.0,1.0,52.93428484378985,64.61224187670341
non_pretrained,primary,12,half,frontier_trend,0.75,1.0,1.5,52.93428484378985,64.61224187670341
non_pretrained,primary,12,half,quantile_resource,0.25,0.0,0.5,38.875997722893516,42.6638235453954
non_pretrained,primary,12,half,quantile_resource,0.25,0.0,1.0,40.00910611879547,43.80015884646684
non_pretrained,primary,12,half,quantile_resource,0.25,0.0,1.5,41.15300747334305,44.94303605948666
non_pretrained,primary,12,half,quantile_resource,0.25,0.5,0.5,46.74896610757531,52.52947869351042
non_pretrained,primary,12,half,quantile_resource,0.25,0.5,1.0,47.92801213315436,53.671947385586066
non_pretrained,primary,12,half,quantile_resource,0.25,0.5,1.5,49.11470374005058,54.84994752134917
non_pretrained,primary,12,half,quantile_resource,0.25,1.0,0.5,54.51419555354472,62.646198194929035
non_pretrained,primary,12,half,quantile_resource,0.25,1.0,1.0,55.649443205982394,63.71260121486572
non_pretrained,primary,12,half,quantile_resource,0.25,1.0,1.5,56.77881814738651,64.76460862309905
non_pretrained,primary,12,half,quantile_resource,0.5,0.0,0.5,40.00910611879547,43.80015884646684
non_pretrained,primary,12,half,quantile_resource,0.5,0.0,1.0,42.306549583096164,46.11319115687555
non_pretrained,primary,12,half,quantile_resource,0.5,0.0,1.5,44.637744845087596,48.55230329389977
non_pretrained,primary,12,half,quantile_resource,0.5,0.5,0.5,47.92801213315436,53.671947385586066
non_pretrained,primary,12,half,quantile_resource,0.5,0.5,1.0,50.302393652096455,56.0067809920415
non_pretrained,primary,12,half,quantile_resource,0.5,0.5,1.5,52.675410349408494,58.20514590231589
non_pretrained,primary,12,half,quantile_resource,0.5,1.0,0.5,55.649443205982394,63.71260121486572
non_pretrained,primary,12,half,quantile_resource,0.5,1.0,1.0,57.849803449402174,65.8024869009942
non_pretrained,primary,12,half,quantile_resource,0.5,1.0,1.5,59.930745484429345,67.78651670861854
non_pretrained,primary,12,half,quantile_resource,0.75,0.0,0.5,41.15300747334305,44.94303605948666
non_pretrained,primary,12,half,quantile_resource,0.75,0.0,1.0,44.637744845087596,48.55230329389977
non_pretrained,primary,12,half,quantile_resource,0.75,0.0,1.5,47.97384373772949,52.022199456643314
non_pretrained,primary,12,half,quantile_resource,0.75,0.5,0.5,49.11470374005058,54.84994752134917
non_pretrained,primary,12,half,quantile_resource,0.75,0.5,1.0,52.675410349408494,58.20514590231589
non_pretrained,primary,12,half,quantile_resource,0.75,0.5,1.5,56.025439168372536,61.49773349198034
non_pretrained,primary,12,half,quantile_resource,0.75,1.0,0.5,56.77881814738651,64.76460862309905
non_pretrained,primary,12,half,quantile_resource,0.75,1.0,1.0,59.930745484429345,67.78651670861852
non_pretrained,primary,12,half,quantile_resource,0.75,1.0,1.5,62.99973238948045,70.76572727262715
non_pretrained,primary,12,half,mean_resource,0.25,0.0,0.5,38.84254671080364,42.643239549244235
non_pretrained,primary,12,half,mean_resource,0.25,0.0,1.0,39.94153650873671,43.7358420149774
non_pretrained,primary,12,half,mean_resource,0.25,0.0,1.5,41.05075008721863,44.83455641053282
non_pretrained,primary,12,half,mean_resource,0.25,0.5,0.5,44.33221547332005,53.33505540107449
non_pretrained,primary,12,half,mean_resource,0.25,0.5,1.0,45.4431998033665,54.469930798852474
non_pretrained,primary,12,half,mean_resource,0.25,0.5,1.5,46.558738996568536,55.600181667717386
non_pretrained,primary,12,half,mean_resource,0.25,1.0,0.5,50.40100321523804,64.05081587299624
non_pretrained,primary,12,half,mean_resource,0.25,1.0,1.0,51.419170356470566,65.13313164231093
non_pretrained,primary,12,half,mean_resource,0.25,1.0,1.5,52.43616258393318,66.20005751834266
non_pretrained,primary,12,half,mean_resource,0.5,0.0,0.5,39.94153650873671,43.7358420149774
non_pretrained,primary,12,half,mean_resource,0.5,0.0,1.0,42.16913867810951,45.94102479978867
non_pretrained,primary,12,half,mean_resource,0.5,0.0,1.5,44.42906465236153,48.29087430480688
non_pretrained,primary,12,half,mean_resource,0.5,0.5,0.5,45.4431998033665,54.469930798852474
non_pretrained,primary,12,half,mean_resource,0.5,0.5,1.0,47.678505093782015,56.72466520232542
non_pretrained,primary,12,half,mean_resource,0.5,0.5,1.5,49.92465140850046,59.01360964695768
non_pretrained,primary,12,half,mean_resource,0.5,1.0,0.5,51.419170356470566,65.13313164231093
non_pretrained,primary,12,half,mean_resource,0.5,1.0,1.0,53.451139791688995,67.25075087688673
non_pretrained,primary,12,half,mean_resource,0.5,1.0,1.5,55.47172472544982,69.30037692657585
non_pretrained,primary,12,half,mean_resource,0.75,0.0,0.5,41.05075008721863,44.83455641053282
non_pretrained,primary,12,half,mean_resource,0.75,0.0,1.0,44.42906465236153,48.29087430480688
non_pretrained,primary,12,half,mean_resource,0.75,0.0,1.5,47.795203281683214,51.72546411587746
non_pretrained,primary,12,half,mean_resource,0.75,0.5,0.5,46.558738996568536,55.600181667717386
non_pretrained,primary,12,half,mean_resource,0.75,0.5,1.0,49.92465140850046,59.01360964695768
non_pretrained,primary,12,half,mean_resource,0.75,0.5,1.5,53.29158996353261,62.41631552867247
non_pretrained,primary,12,half,mean_resource,0.75,1.0,0.5,52.43616258393318,66.20005751834266
non_pretrained,primary,12,half,mean_resource,0.75,1.0,1.0,55.47172472544982,69.30037692657585
non_pretrained,primary,12,half,mean_resource,0.75,1.0,1.5,58.467013189073874,72.23558541552815
non_pretrained,primary,12,quarter,constant,0.25,0.0,0.5,37.754788736630566,41.5351809401351
non_pretrained,primary,12,quarter,constant,0.25,0.0,1.0,37.754788736630566,41.5351809401351
non_pretrained,primary,12,quarter,constant,0.25,0.0,1.5,37.754788736630566,41.5351809401351
non_pretrained,primary,12,quarter,constant,0.25,0.5,0.5,37.754788736630566,41.5351809401351
non_pretrained,primary,12,quarter,constant,0.25,0.5,1.0,37.754788736630566,41.5351809401351
non_pretrained,primary,12,quarter,constant,0.25,0.5,1.5,37.754788736630566,41.5351809401351
non_pretrained,primary,12,quarter,constant,0.25,1.0,0.5,37.754788736630566,41.5351809401351
non_pretrained,primary,12,quarter,constant,0.25,1.0,1.0,37.754788736630566,41.5351809401351
non_pretrained,primary,12,quarter,constant,0.25,1.0,1.5,37.754788736630566,41.5351809401351
non_pretrained,primary,12,quarter,constant,0.5,0.0,0.5,37.754788736630566,41.5351809401351
non_pretrained,primary,12,quarter,constant,0.5,0.0,1.0,37.754788736630566,41.5351809401351
non_pretrained,primary,12,quarter,constant,0.5,0.0,1.5,37.754788736630566,41.5351809401351
non_pretrained,primary,12,quarter,constant,0.5,0.5,0.5,37.754788736630566,41.5351809401351
non_pretrained,primary,12,quarter,constant,0.5,0.5,1.0,37.754788736630566,41.5351809401351
non_pretrained,primary,12,quarter,constant,0.5,0.5,1.5,37.754788736630566,41.5351809401351
non_pretrained,primary,12,quarter,constant,0.5,1.0,0.5,37.754788736630566,41.5351809401351
non_pretrained,primary,12,quarter,constant,0.5,1.0,1.0,37.754788736630566,41.5351809401351
non_pretrained,primary,12,quarter,constant,0.5,1.0,1.5,37.754788736630566,41.5351809401351
non_pretrained,primary,12,quarter,constant,0.75,0.0,0.5,37.754788736630566,41.5351809401351
non_pretrained,primary,12,quarter,constant,0.75,0.0,1.0,37.754788736630566,41.5351809401351
non_pretrained,primary,12,quarter,constant,0.75,0.0,1.5,37.754788736630566,41.5351809401351
non_pretrained,primary,12,quarter,constant,0.75,0.5,0.5,37.754788736630566,41.5351809401351
non_pretrained,primary,12,quarter,constant,0.75,0.5,1.0,37.754788736630566,41.5351809401351
non_pretrained,primary,12,quarter,constant,0.75,0.5,1.5,37.754788736630566,41.5351809401351
non_pretrained,primary,12,quarter,constant,0.75,1.0,0.5,37.754788736630566,41.5351809401351
non_pretrained,primary,12,quarter,constant,0.75,1.0,1.0,37.754788736630566,41.5351809401351
non_pretrained,primary,12,quarter,constant,0.75,1.0,1.5,37.754788736630566,41.5351809401351
non_pretrained,primary,12,quarter,frontier_trend,0.25,0.0,0.5,37.754788736630566,41.5351809401351
non_pretrained,primary,12,quarter,frontier_trend,0.25,0.0,1.0,37.754788736630566,41.5351809401351
non_pretrained,primary,12,quarter,frontier_trend,0.25,0.0,1.5,37.754788736630566,41.5351809401351
non_pretrained,primary,12,quarter,frontier_trend,0.25,0.5,0.5,45.89425118688804,53.05482104275585
non_pretrained,primary,12,quarter,frontier_trend,0.25,0.5,1.0,45.89425118688804,53.05482104275585
non_pretrained,primary,12,quarter,frontier_trend,0.25,0.5,1.5,45.89425118688804,53.05482104275585
non_pretrained,primary,12,quarter,frontier_trend,0.25,1.0,0.5,52.93428484378985,64.61224187670341
non_pretrained,primary,12,quarter,frontier_trend,0.25,1.0,1.0,52.93428484378985,64.61224187670341
non_pretrained,primary,12,quarter,frontier_trend,0.25,1.0,1.5,52.93428484378985,64.61224187670341
non_pretrained,primary,12,quarter,frontier_trend,0.5,0.0,0.5,37.754788736630566,41.5351809401351
non_pretrained,primary,12,quarter,frontier_trend,0.5,0.0,1.0,37.754788736630566,41.5351809401351
non_pretrained,primary,12,quarter,frontier_trend,0.5,0.0,1.5,37.754788736630566,41.5351809401351
non_pretrained,primary,12,quarter,frontier_trend,0.5,0.5,0.5,45.89425118688804,53.05482104275585
non_pretrained,primary,12,quarter,frontier_trend,0.5,0.5,1.0,45.89425118688804,53.05482104275585
non_pretrained,primary,12,quarter,frontier_trend,0.5,0.5,1.5,45.89425118688804,53.05482104275585
non_pretrained,primary,12,quarter,frontier_trend,0.5,1.0,0.5,52.93428484378985,64.61224187670341
non_pretrained,primary,12,quarter,frontier_trend,0.5,1.0,1.0,52.93428484378985,64.61224187670341
non_pretrained,primary,12,quarter,frontier_trend,0.5,1.0,1.5,52.93428484378985,64.61224187670341
non_pretrained,primary,12,quarter,frontier_trend,0.75,0.0,0.5,37.754788736630566,41.5351809401351
non_pretrained,primary,12,quarter,frontier_trend,0.75,0.0,1.0,37.754788736630566,41.5351809401351
non_pretrained,primary,12,quarter,frontier_trend,0.75,0.0,1.5,37.754788736630566,41.5351809401351
non_pretrained,primary,12,quarter,frontier_trend,0.75,0.5,0.5,45.89425118688804,53.05482104275585
non_pretrained,primary,12,quarter,frontier_trend,0.75,0.5,1.0,45.89425118688804,53.05482104275585
non_pretrained,primary,12,quarter,frontier_trend,0.75,0.5,1.5,45.89425118688804,53.05482104275585
non_pretrained,primary,12,quarter,frontier_trend,0.75,1.0,0.5,52.93428484378985,64.61224187670341
non_pretrained,primary,12,quarter,frontier_trend,0.75,1.0,1.0,52.93428484378985,64.61224187670341
non_pretrained,primary,12,quarter,frontier_trend,0.75,1.0,1.5,52.93428484378985,64.61224187670341
non_pretrained,primary,12,quarter,quantile_resource,0.25,0.0,0.5,38.313838547832894,42.09846992644423
non_pretrained,primary,12,quarter,quantile_resource,0.25,0.0,1.0,38.875997722893516,42.6638235453954
non_pretrained,primary,12,quarter,quantile_resource,0.25,0.0,1.5,39.44113252744631,43.231100837129404
non_pretrained,primary,12,quarter,quantile_resource,0.25,0.5,0.5,46.17608720288717,51.957174285760345
non_pretrained,primary,12,quarter,quantile_resource,0.25,0.5,1.0,46.74896610757531,52.52947869351042
non_pretrained,primary,12,quarter,quantile_resource,0.25,0.5,1.5,47.33545834593408,53.10111937518514
non_pretrained,primary,12,quarter,quantile_resource,0.25,1.0,0.5,53.96884193080936,62.10788013203251
non_pretrained,primary,12,quarter,quantile_resource,0.25,1.0,1.0,54.51419555354472,62.646198194929035
non_pretrained,primary,12,quarter,quantile_resource,0.25,1.0,1.5,55.08248155962194,63.1814022422467
non_pretrained,primary,12,quarter,quantile_resource,0.5,0.0,0.5,38.875997722893516,42.6638235453954
non_pretrained,primary,12,quarter,quantile_resource,0.5,0.0,1.0,40.00910611879547,43.80015884646684
non_pretrained,primary,12,quarter,quantile_resource,0.5,0.0,1.5,41.15300747334305,44.94303605948666
non_pretrained,primary,12,quarter,quantile_resource,0.5,0.5,0.5,46.74896610757531,52.52947869351042
non_pretrained,primary,12,quarter,quantile_resource,0.5,0.5,1.0,47.92801213315436,53.671947385586066
non_pretrained,primary,12,quarter,quantile_resource,0.5,0.5,1.5,49.11470374005058,54.84994752134917
non_pretrained,primary,12,quarter,quantile_resource,0.5,1.0,0.5,54.51419555354472,62.646198194929035
non_pretrained,primary,12,quarter,quantile_resource,0.5,1.0,1.0,55.649443205982394,63.71260121486572
non_pretrained,primary,12,quarter,quantile_resource,0.5,1.0,1.5,56.77881814738651,64.76460862309905
non_pretrained,primary,12,quarter,quantile_resource,0.75,0.0,0.5,39.44113252744631,43.231100837129404
non_pretrained,primary,12,quarter,quantile_resource,0.75,0.0,1.0,41.15300747334305,44.94303605948666
non_pretrained,primary,12,quarter,quantile_resource,0.75,0.0,1.5,42.886564405013374,46.72170345096781
non_pretrained,primary,12,quarter,quantile_resource,0.75,0.5,0.5,47.33545834593408,53.10111937518514
non_pretrained,primary,12,quarter,quantile_resource,0.75,0.5,1.0,49.11470374005058,54.84994752134917
non_pretrained,primary,12,quarter,quantile_resource,0.75,0.5,1.5,50.89619426559985,56.57020290401269
non_pretrained,primary,12,quarter,quantile_resource,0.75,1.0,0.5,55.08248155962194,63.1814022422467
non_pretrained,primary,12,quarter,quantile_resource,0.75,1.0,1.0,56.77881814738651,64.76460862309905
non_pretrained,primary,12,quarter,quantile_resource,0.75,1.0,1.5,58.37296760756109,66.30984625220181
non_pretrained,primary,12,quarter,mean_resource,0.25,0.0,0.5,38.29720242795432,42.08908287084188
non_pretrained,primary,12,quarter,mean_resource,0.25,0.0,1.0,38.84254671080364,42.643239549244235
non_pretrained,primary,12,quarter,mean_resource,0.25,0.0,1.5,39.39069963901479,43.18871227127793
non_pretrained,primary,12,quarter,mean_resource,0.25,0.5,0.5,43.77877142491149,52.76624596773849
non_pretrained,primary,12,quarter,mean_resource,0.25,0.5,1.0,44.33221547332005,53.33505540107449
non_pretrained,primary,12,quarter,mean_resource,0.25,0.5,1.5,44.88706996180109,53.90299894206309
non_pretrained,primary,12,quarter,mean_resource,0.25,1.0,0.5,49.891742724346734,63.50416640183877
non_pretrained,primary,12,quarter,mean_resource,0.25,1.0,1.0,50.40100321523804,64.05081587299624
non_pretrained,primary,12,quarter,mean_resource,0.25,1.0,1.5,50.91018095892846,64.59384248540825
non_pretrained,primary,12,quarter,mean_resource,0.5,0.0,0.5,38.84254671080364,42.643239549244235
non_pretrained,primary,12,quarter,mean_resource,0.5,0.0,1.0,39.94153650873671,43.7358420149774
non_pretrained,primary,12,quarter,mean_resource,0.5,0.0,1.5,41.05075008721863,44.83455641053282
non_pretrained,primary,12,quarter,mean_resource,0.5,0.5,0.5,44.33221547332005,53.33505540107449
non_pretrained,primary,12,quarter,mean_resource,0.5,0.5,1.0,45.4431998033665,54.469930798852474
non_pretrained,primary,12,quarter,mean_resource,0.5,0.5,1.5,46.558738996568536,55.600181667717386
non_pretrained,primary,12,quarter,mean_resource,0.5,1.0,0.5,50.40100321523804,64.05081587299624
non_pretrained,primary,12,quarter,mean_resource,0.5,1.0,1.0,51.419170356470566,65.13313164231093
non_pretrained,primary,12,quarter,mean_resource,0.5,1.0,1.5,52.43616258393318,66.20005751834266
non_pretrained,primary,12,quarter,mean_resource,0.75,0.0,0.5,39.39069963901479,43.18871227127793
non_pretrained,primary,12,quarter,mean_resource,0.75,0.0,1.0,41.05075008721863,44.83455641053282
non_pretrained,primary,12,quarter,mean_resource,0.75,0.0,1.5,42.73143562902795,46.52737678322767
non_pretrained,primary,12,quarter,mean_resource,0.75,0.5,0.5,44.88706996180109,53.90299894206309
non_pretrained,primary,12,quarter,mean_resource,0.75,0.5,1.0,46.558738996568536,55.600181667717386
non_pretrained,primary,12,quarter,mean_resource,0.75,0.5,1.5,48.239517697380556,57.28439342430327
non_pretrained,primary,12,quarter,mean_resource,0.75,1.0,0.5,50.91018095892846,64.59384248540825
non_pretrained,primary,12,quarter,mean_resource,0.75,1.0,1.0,52.43616258393318,66.20005751834266
non_pretrained,primary,12,quarter,mean_resource,0.75,1.0,1.5,53.957611975198766,67.76976373871935
non_pretrained,primary,12,stopped,constant,0.25,0.0,0.5,37.754788736630566,41.5351809401351
non_pretrained,primary,12,stopped,constant,0.25,0.0,1.0,37.754788736630566,41.5351809401351
non_pretrained,primary,12,stopped,constant,0.25,0.0,1.5,37.754788736630566,41.5351809401351
non_pretrained,primary,12,stopped,constant,0.25,0.5,0.5,37.754788736630566,41.5351809401351
non_pretrained,primary,12,stopped,constant,0.25,0.5,1.0,37.754788736630566,41.5351809401351
non_pretrained,primary,12,stopped,constant,0.25,0.5,1.5,37.754788736630566,41.5351809401351
non_pretrained,primary,12,stopped,constant,0.25,1.0,0.5,37.754788736630566,41.5351809401351
non_pretrained,primary,12,stopped,constant,0.25,1.0,1.0,37.754788736630566,41.5351809401351
non_pretrained,primary,12,stopped,constant,0.25,1.0,1.5,37.754788736630566,41.5351809401351
non_pretrained,primary,12,stopped,constant,0.5,0.0,0.5,37.754788736630566,41.5351809401351
non_pretrained,primary,12,stopped,constant,0.5,0.0,1.0,37.754788736630566,41.5351809401351
non_pretrained,primary,12,stopped,constant,0.5,0.0,1.5,37.754788736630566,41.5351809401351
non_pretrained,primary,12,stopped,constant,0.5,0.5,0.5,37.754788736630566,41.5351809401351
non_pretrained,primary,12,stopped,constant,0.5,0.5,1.0,37.754788736630566,41.5351809401351
non_pretrained,primary,12,stopped,constant,0.5,0.5,1.5,37.754788736630566,41.5351809401351
non_pretrained,primary,12,stopped,constant,0.5,1.0,0.5,37.754788736630566,41.5351809401351
non_pretrained,primary,12,stopped,constant,0.5,1.0,1.0,37.754788736630566,41.5351809401351
non_pretrained,primary,12,stopped,constant,0.5,1.0,1.5,37.754788736630566,41.5351809401351
non_pretrained,primary,12,stopped,constant,0.75,0.0,0.5,37.754788736630566,41.5351809401351
non_pretrained,primary,12,stopped,constant,0.75,0.0,1.0,37.754788736630566,41.5351809401351
non_pretrained,primary,12,stopped,constant,0.75,0.0,1.5,37.754788736630566,41.5351809401351
non_pretrained,primary,12,stopped,constant,0.75,0.5,0.5,37.754788736630566,41.5351809401351
non_pretrained,primary,12,stopped,constant,0.75,0.5,1.0,37.754788736630566,41.5351809401351
non_pretrained,primary,12,stopped,constant,0.75,0.5,1.5,37.754788736630566,41.5351809401351
non_pretrained,primary,12,stopped,constant,0.75,1.0,0.5,37.754788736630566,41.5351809401351
non_pretrained,primary,12,stopped,constant,0.75,1.0,1.0,37.754788736630566,41.5351809401351
non_pretrained,primary,12,stopped,constant,0.75,1.0,1.5,37.754788736630566,41.5351809401351
non_pretrained,primary,12,stopped,frontier_trend,0.25,0.0,0.5,37.754788736630566,41.5351809401351
non_pretrained,primary,12,stopped,frontier_trend,0.25,0.0,1.0,37.754788736630566,41.5351809401351
non_pretrained,primary,12,stopped,frontier_trend,0.25,0.0,1.5,37.754788736630566,41.5351809401351
non_pretrained,primary,12,stopped,frontier_trend,0.25,0.5,0.5,45.89425118688804,53.05482104275585
non_pretrained,primary,12,stopped,frontier_trend,0.25,0.5,1.0,45.89425118688804,53.05482104275585
non_pretrained,primary,12,stopped,frontier_trend,0.25,0.5,1.5,45.89425118688804,53.05482104275585
non_pretrained,primary,12,stopped,frontier_trend,0.25,1.0,0.5,52.93428484378985,64.61224187670341
non_pretrained,primary,12,stopped,frontier_trend,0.25,1.0,1.0,52.93428484378985,64.61224187670341
non_pretrained,primary,12,stopped,frontier_trend,0.25,1.0,1.5,52.93428484378985,64.61224187670341
non_pretrained,primary,12,stopped,frontier_trend,0.5,0.0,0.5,37.754788736630566,41.5351809401351
non_pretrained,primary,12,stopped,frontier_trend,0.5,0.0,1.0,37.754788736630566,41.5351809401351
non_pretrained,primary,12,stopped,frontier_trend,0.5,0.0,1.5,37.754788736630566,41.5351809401351
non_pretrained,primary,12,stopped,frontier_trend,0.5,0.5,0.5,45.89425118688804,53.05482104275585
non_pretrained,primary,12,stopped,frontier_trend,0.5,0.5,1.0,45.89425118688804,53.05482104275585
non_pretrained,primary,12,stopped,frontier_trend,0.5,0.5,1.5,45.89425118688804,53.05482104275585
non_pretrained,primary,12,stopped,frontier_trend,0.5,1.0,0.5,52.93428484378985,64.61224187670341
non_pretrained,primary,12,stopped,frontier_trend,0.5,1.0,1.0,52.93428484378985,64.61224187670341
non_pretrained,primary,12,stopped,frontier_trend,0.5,1.0,1.5,52.93428484378985,64.61224187670341
non_pretrained,primary,12,stopped,frontier_trend,0.75,0.0,0.5,37.754788736630566,41.5351809401351
non_pretrained,primary,12,stopped,frontier_trend,0.75,0.0,1.0,37.754788736630566,41.5351809401351
non_pretrained,primary,12,stopped,frontier_trend,0.75,0.0,1.5,37.754788736630566,41.5351809401351
non_pretrained,primary,12,stopped,frontier_trend,0.75,0.5,0.5,45.89425118688804,53.05482104275585
non_pretrained,primary,12,stopped,frontier_trend,0.75,0.5,1.0,45.89425118688804,53.05482104275585
non_pretrained,primary,12,stopped,frontier_trend,0.75,0.5,1.5,45.89425118688804,53.05482104275585
non_pretrained,primary,12,stopped,frontier_trend,0.75,1.0,0.5,52.93428484378985,64.61224187670341
non_pretrained,primary,12,stopped,frontier_trend,0.75,1.0,1.0,52.93428484378985,64.61224187670341
non_pretrained,primary,12,stopped,frontier_trend,0.75,1.0,1.5,52.93428484378985,64.61224187670341
non_pretrained,primary,12,stopped,quantile_resource,0.25,0.0,0.5,37.754788736630566,41.5351809401351
non_pretrained,primary,12,stopped,quantile_resource,0.25,0.0,1.0,37.754788736630566,41.5351809401351
non_pretrained,primary,12,stopped,quantile_resource,0.25,0.0,1.5,37.754788736630566,41.5351809401351
non_pretrained,primary,12,stopped,quantile_resource,0.25,0.5,0.5,45.60421648597555,51.38435579274429
non_pretrained,primary,12,stopped,quantile_resource,0.25,0.5,1.0,45.60421648597555,51.38435579274429
non_pretrained,primary,12,stopped,quantile_resource,0.25,0.5,1.5,45.60421648597555,51.38435579274429
non_pretrained,primary,12,stopped,quantile_resource,0.25,1.0,0.5,53.443479409627244,61.56656363349974
non_pretrained,primary,12,stopped,quantile_resource,0.25,1.0,1.0,53.443479409627244,61.56656363349974
non_pretrained,primary,12,stopped,quantile_resource,0.25,1.0,1.5,53.443479409627244,61.56656363349974
non_pretrained,primary,12,stopped,quantile_resource,0.5,0.0,0.5,37.754788736630566,41.5351809401351
non_pretrained,primary,12,stopped,quantile_resource,0.5,0.0,1.0,37.754788736630566,41.5351809401351
non_pretrained,primary,12,stopped,quantile_resource,0.5,0.0,1.5,37.754788736630566,41.5351809401351
non_pretrained,primary,12,stopped,quantile_resource,0.5,0.5,0.5,45.60421648597555,51.38435579274429
non_pretrained,primary,12,stopped,quantile_resource,0.5,0.5,1.0,45.60421648597555,51.38435579274429
non_pretrained,primary,12,stopped,quantile_resource,0.5,0.5,1.5,45.60421648597555,51.38435579274429
non_pretrained,primary,12,stopped,quantile_resource,0.5,1.0,0.5,53.443479409627244,61.56656363349974
non_pretrained,primary,12,stopped,quantile_resource,0.5,1.0,1.0,53.443479409627244,61.56656363349974
non_pretrained,primary,12,stopped,quantile_resource,0.5,1.0,1.5,53.443479409627244,61.56656363349974
non_pretrained,primary,12,stopped,quantile_resource,0.75,0.0,0.5,37.754788736630566,41.5351809401351
non_pretrained,primary,12,stopped,quantile_resource,0.75,0.0,1.0,37.754788736630566,41.5351809401351
non_pretrained,primary,12,stopped,quantile_resource,0.75,0.0,1.5,37.754788736630566,41.5351809401351
non_pretrained,primary,12,stopped,quantile_resource,0.75,0.5,0.5,45.60421648597555,51.38435579274429
non_pretrained,primary,12,stopped,quantile_resource,0.75,0.5,1.0,45.60421648597555,51.38435579274429
non_pretrained,primary,12,stopped,quantile_resource,0.75,0.5,1.5,45.60421648597555,51.38435579274429
non_pretrained,primary,12,stopped,quantile_resource,0.75,1.0,0.5,53.443479409627244,61.56656363349974
non_pretrained,primary,12,stopped,quantile_resource,0.75,1.0,1.0,53.443479409627244,61.56656363349974
non_pretrained,primary,12,stopped,quantile_resource,0.75,1.0,1.5,53.443479409627244,61.56656363349974
non_pretrained,primary,12,stopped,mean_resource,0.25,0.0,0.5,37.754788736630566,41.5351809401351
non_pretrained,primary,12,stopped,mean_resource,0.25,0.0,1.0,37.754788736630566,41.5351809401351
non_pretrained,primary,12,stopped,mean_resource,0.25,0.0,1.5,37.754788736630566,41.5351809401351
non_pretrained,primary,12,stopped,mean_resource,0.25,0.5,0.5,43.2268715078119,52.19671733123483
non_pretrained,primary,12,stopped,mean_resource,0.25,0.5,1.0,43.2268715078119,52.19671733123483
non_pretrained,primary,12,stopped,mean_resource,0.25,0.5,1.5,43.2268715078119,52.19671733123483
non_pretrained,primary,12,stopped,mean_resource,0.25,1.0,0.5,49.382505153478895,62.95401224441246
non_pretrained,primary,12,stopped,mean_resource,0.25,1.0,1.0,49.382505153478895,62.95401224441246
non_pretrained,primary,12,stopped,mean_resource,0.25,1.0,1.5,49.382505153478895,62.95401224441246
non_pretrained,primary,12,stopped,mean_resource,0.5,0.0,0.5,37.754788736630566,41.5351809401351
non_pretrained,primary,12,stopped,mean_resource,0.5,0.0,1.0,37.754788736630566,41.5351809401351
non_pretrained,primary,12,stopped,mean_resource,0.5,0.0,1.5,37.754788736630566,41.5351809401351
non_pretrained,primary,12,stopped,mean_resource,0.5,0.5,0.5,43.2268715078119,52.19671733123483
non_pretrained,primary,12,stopped,mean_resource,0.5,0.5,1.0,43.2268715078119,52.19671733123483
non_pretrained,primary,12,stopped,mean_resource,0.5,0.5,1.5,43.2268715078119,52.19671733123483
non_pretrained,primary,12,stopped,mean_resource,0.5,1.0,0.5,49.382505153478895,62.95401224441246
non_pretrained,primary,12,stopped,mean_resource,0.5,1.0,1.0,49.382505153478895,62.95401224441246
non_pretrained,primary,12,stopped,mean_resource,0.5,1.0,1.5,49.382505153478895,62.95401224441246
non_pretrained,primary,12,stopped,mean_resource,0.75,0.0,0.5,37.754788736630566,41.5351809401351
non_pretrained,primary,12,stopped,mean_resource,0.75,0.0,1.0,37.754788736630566,41.5351809401351
non_pretrained,primary,12,stopped,mean_resource,0.75,0.0,1.5,37.754788736630566,41.5351809401351
non_pretrained,primary,12,stopped,mean_resource,0.75,0.5,0.5,43.2268715078119,52.19671733123483
non_pretrained,primary,12,stopped,mean_resource,0.75,0.5,1.0,43.2268715078119,52.19671733123483
non_pretrained,primary,12,stopped,mean_resource,0.75,0.5,1.5,43.2268715078119,52.19671733123483
non_pretrained,primary,12,stopped,mean_resource,0.75,1.0,0.5,49.382505153478895,62.95401224441246
non_pretrained,primary,12,stopped,mean_resource,0.75,1.0,1.0,49.382505153478895,62.95401224441246
non_pretrained,primary,12,stopped,mean_resource,0.75,1.0,1.5,49.382505153478895,62.95401224441246
non_pretrained,primary,24,historical,constant,0.25,0.0,0.5,37.754788736630566,41.5351809401351
non_pretrained,primary,24,historical,constant,0.25,0.0,1.0,37.754788736630566,41.5351809401351
non_pretrained,primary,24,historical,constant,0.25,0.0,1.5,37.754788736630566,41.5351809401351
non_pretrained,primary,24,historical,constant,0.25,0.5,0.5,37.754788736630566,41.5351809401351
non_pretrained,primary,24,historical,constant,0.25,0.5,1.0,37.754788736630566,41.5351809401351
non_pretrained,primary,24,historical,constant,0.25,0.5,1.5,37.754788736630566,41.5351809401351
non_pretrained,primary,24,historical,constant,0.25,1.0,0.5,37.754788736630566,41.5351809401351
non_pretrained,primary,24,historical,constant,0.25,1.0,1.0,37.754788736630566,41.5351809401351
non_pretrained,primary,24,historical,constant,0.25,1.0,1.5,37.754788736630566,41.5351809401351
non_pretrained,primary,24,historical,constant,0.5,0.0,0.5,37.754788736630566,41.5351809401351
non_pretrained,primary,24,historical,constant,0.5,0.0,1.0,37.754788736630566,41.5351809401351
non_pretrained,primary,24,historical,constant,0.5,0.0,1.5,37.754788736630566,41.5351809401351
non_pretrained,primary,24,historical,constant,0.5,0.5,0.5,37.754788736630566,41.5351809401351
non_pretrained,primary,24,historical,constant,0.5,0.5,1.0,37.754788736630566,41.5351809401351
non_pretrained,primary,24,historical,constant,0.5,0.5,1.5,37.754788736630566,41.5351809401351
non_pretrained,primary,24,historical,constant,0.5,1.0,0.5,37.754788736630566,41.5351809401351
non_pretrained,primary,24,historical,constant,0.5,1.0,1.0,37.754788736630566,41.5351809401351
non_pretrained,primary,24,historical,constant,0.5,1.0,1.5,37.754788736630566,41.5351809401351
non_pretrained,primary,24,historical,constant,0.75,0.0,0.5,37.754788736630566,41.5351809401351
non_pretrained,primary,24,historical,constant,0.75,0.0,1.0,37.754788736630566,41.5351809401351
non_pretrained,primary,24,historical,constant,0.75,0.0,1.5,37.754788736630566,41.5351809401351
non_pretrained,primary,24,historical,constant,0.75,0.5,0.5,37.754788736630566,41.5351809401351
non_pretrained,primary,24,historical,constant,0.75,0.5,1.0,37.754788736630566,41.5351809401351
non_pretrained,primary,24,historical,constant,0.75,0.5,1.5,37.754788736630566,41.5351809401351
non_pretrained,primary,24,historical,constant,0.75,1.0,0.5,37.754788736630566,41.5351809401351
non_pretrained,primary,24,historical,constant,0.75,1.0,1.0,37.754788736630566,41.5351809401351
non_pretrained,primary,24,historical,constant,0.75,1.0,1.5,37.754788736630566,41.5351809401351
non_pretrained,primary,24,historical,frontier_trend,0.25,0.0,0.5,37.754788736630566,41.5351809401351
non_pretrained,primary,24,historical,frontier_trend,0.25,0.0,1.0,37.754788736630566,41.5351809401351
non_pretrained,primary,24,historical,frontier_trend,0.25,0.0,1.5,37.754788736630566,41.5351809401351
non_pretrained,primary,24,historical,frontier_trend,0.25,0.5,0.5,52.93428484378985,64.61224187670341
non_pretrained,primary,24,historical,frontier_trend,0.25,0.5,1.0,52.93428484378985,64.61224187670341
non_pretrained,primary,24,historical,frontier_trend,0.25,0.5,1.5,52.93428484378985,64.61224187670341
non_pretrained,primary,24,historical,frontier_trend,0.25,1.0,0.5,66.99951089995268,82.71651408897162
non_pretrained,primary,24,historical,frontier_trend,0.25,1.0,1.0,66.99951089995268,82.71651408897162
non_pretrained,primary,24,historical,frontier_trend,0.25,1.0,1.5,66.99951089995268,82.71651408897162
non_pretrained,primary,24,historical,frontier_trend,0.5,0.0,0.5,37.754788736630566,41.5351809401351
non_pretrained,primary,24,historical,frontier_trend,0.5,0.0,1.0,37.754788736630566,41.5351809401351
non_pretrained,primary,24,historical,frontier_trend,0.5,0.0,1.5,37.754788736630566,41.5351809401351
non_pretrained,primary,24,historical,frontier_trend,0.5,0.5,0.5,52.93428484378985,64.61224187670341
non_pretrained,primary,24,historical,frontier_trend,0.5,0.5,1.0,52.93428484378985,64.61224187670341
non_pretrained,primary,24,historical,frontier_trend,0.5,0.5,1.5,52.93428484378985,64.61224187670341
non_pretrained,primary,24,historical,frontier_trend,0.5,1.0,0.5,66.99951089995268,82.71651408897162
non_pretrained,primary,24,historical,frontier_trend,0.5,1.0,1.0,66.99951089995268,82.71651408897162
non_pretrained,primary,24,historical,frontier_trend,0.5,1.0,1.5,66.99951089995268,82.71651408897162
non_pretrained,primary,24,historical,frontier_trend,0.75,0.0,0.5,37.754788736630566,41.5351809401351
non_pretrained,primary,24,historical,frontier_trend,0.75,0.0,1.0,37.754788736630566,41.5351809401351
non_pretrained,primary,24,historical,frontier_trend,0.75,0.0,1.5,37.754788736630566,41.5351809401351
non_pretrained,primary,24,historical,frontier_trend,0.75,0.5,0.5,52.93428484378985,64.61224187670341
non_pretrained,primary,24,historical,frontier_trend,0.75,0.5,1.0,52.93428484378985,64.61224187670341
non_pretrained,primary,24,historical,frontier_trend,0.75,0.5,1.5,52.93428484378985,64.61224187670341
non_pretrained,primary,24,historical,frontier_trend,0.75,1.0,0.5,66.99951089995268,82.71651408897162
non_pretrained,primary,24,historical,frontier_trend,0.75,1.0,1.0,66.99951089995268,82.71651408897162
non_pretrained,primary,24,historical,frontier_trend,0.75,1.0,1.5,66.99951089995268,82.71651408897162
non_pretrained,primary,24,historical,quantile_resource,0.25,0.0,0.5,42.306549583096164,46.11319115687555
non_pretrained,primary,24,historical,quantile_resource,0.25,0.0,1.0,46.91970834384918,50.874012429804935
non_pretrained,primary,24,historical,quantile_resource,0.25,0.0,1.5,51.15443950061852,55.655281427556226
non_pretrained,primary,24,historical,quantile_resource,0.25,0.5,0.5,57.849803449402174,65.8024869009942
non_pretrained,primary,24,historical,quantile_resource,0.25,0.5,1.0,61.98275127462587,69.80460879867884
non_pretrained,primary,24,historical,quantile_resource,0.25,0.5,1.5,66.36250041649404,73.53069667482839
non_pretrained,primary,24,historical,quantile_resource,0.25,1.0,0.5,72.072924884787,81.52786257675746
non_pretrained,primary,24,historical,quantile_resource,0.25,1.0,1.0,75.33421890732188,84.0099962915786
non_pretrained,primary,24,historical,quantile_resource,0.25,1.0,1.5,78.32919579223349,86.30459291736491
non_pretrained,primary,24,historical,quantile_resource,0.5,0.0,0.5,46.91970834384918,50.874012429804935
non_pretrained,primary,24,historical,quantile_resource,0.5,0.0,1.0,55.389121829691405,60.26636538606497
non_pretrained,primary,24,historical,quantile_resource,0.5,0.0,1.5,64.04324863883183,69.11925252698363
non_pretrained,primary,24,historical,quantile_resource,0.5,0.5,0.5,61.98275127462587,69.80460879867884
non_pretrained,primary,24,historical,quantile_resource,0.5,0.5,1.0,70.50089325592025,76.9453132997553
non_pretrained,primary,24,historical,quantile_resource,0.5,0.5,1.5,77.56688631929326,82.93984814047614
non_pretrained,primary,24,historical,quantile_resource,0.5,1.0,0.5,75.33421890732188,84.0099962915786
non_pretrained,primary,24,historical,quantile_resource,0.5,1.0,1.0,81.05199588079653,88.40012803653902
non_pretrained,primary,24,historical,quantile_resource,0.5,1.0,1.5,85.69694050682212,91.74160990656524
non_pretrained,primary,24,historical,quantile_resource,0.75,0.0,0.5,51.15443950061852,55.655281427556226
non_pretrained,primary,24,historical,quantile_resource,0.75,0.0,1.0,64.04324863883183,69.11925252698363
non_pretrained,primary,24,historical,quantile_resource,0.75,0.0,1.5,75.06213210024715,80.31732986299542
non_pretrained,primary,24,historical,quantile_resource,0.75,0.5,0.5,66.36250041649404,73.53069667482839
non_pretrained,primary,24,historical,quantile_resource,0.75,0.5,1.0,77.56688631929326,82.93984814047614
non_pretrained,primary,24,historical,quantile_resource,0.75,0.5,1.5,85.45696383484987,89.69998169376551
non_pretrained,primary,24,historical,quantile_resource,0.75,1.0,0.5,78.32919579223349,86.30459291736491
non_pretrained,primary,24,historical,quantile_resource,0.75,1.0,1.0,85.69694050682212,91.74160990656524
non_pretrained,primary,24,historical,quantile_resource,0.75,1.0,1.5,91.35800932927806,95.1447861850789
non_pretrained,primary,24,historical,mean_resource,0.25,0.0,0.5,42.16913867810951,45.94102479978867
non_pretrained,primary,24,historical,mean_resource,0.25,0.0,1.0,46.712257572388864,50.57395701897091
non_pretrained,primary,24,historical,mean_resource,0.25,0.0,1.5,50.96794086659356,55.37195862764029
non_pretrained,primary,24,historical,mean_resource,0.25,0.5,0.5,53.451139791688995,67.25075087688673
non_pretrained,primary,24,historical,mean_resource,0.25,0.5,1.0,57.47438594574561,71.27651401486659
non_pretrained,primary,24,historical,mean_resource,0.25,0.5,1.5,61.40102200794062,74.99142977846456
non_pretrained,primary,24,historical,mean_resource,0.25,1.0,0.5,63.89320517772592,83.2595225948107
non_pretrained,primary,24,historical,mean_resource,0.25,1.0,1.0,67.67062522817122,85.74788314880848
non_pretrained,primary,24,historical,mean_resource,0.25,1.0,1.5,71.23076163140563,87.9200344467455
non_pretrained,primary,24,historical,mean_resource,0.5,0.0,0.5,46.712257572388864,50.57395701897091
non_pretrained,primary,24,historical,mean_resource,0.5,0.0,1.0,55.1817674042774,59.95665077699193
non_pretrained,primary,24,historical,mean_resource,0.5,0.0,1.5,63.308308436966925,68.70821735614881
non_pretrained,primary,24,historical,mean_resource,0.5,0.5,0.5,57.47438594574561,71.27651401486659
non_pretrained,primary,24,historical,mean_resource,0.5,0.5,1.0,65.18471949155543,78.37167274091158
non_pretrained,primary,24,historical,mean_resource,0.5,0.5,1.5,72.46485746833581,84.10431391998951
non_pretrained,primary,24,historical,mean_resource,0.5,1.0,0.5,67.67062522817122,85.74788314880848
non_pretrained,primary,24,historical,mean_resource,0.5,1.0,1.0,74.5462789813346,89.80051173687092
non_pretrained,primary,24,historical,mean_resource,0.5,1.0,1.5,80.3834077549727,92.79756745041601
non_pretrained,primary,24,historical,mean_resource,0.75,0.0,0.5,50.96794086659356,55.37195862764029
non_pretrained,primary,24,historical,mean_resource,0.75,0.0,1.0,63.308308436966925,68.70821735614881
non_pretrained,primary,24,historical,mean_resource,0.75,0.0,1.5,73.71474796399815,79.62159842591858
non_pretrained,primary,24,historical,mean_resource,0.75,0.5,0.5,61.40102200794062,74.99142977846456
non_pretrained,primary,24,historical,mean_resource,0.75,0.5,1.0,72.46485746833581,84.10431391998951
non_pretrained,primary,24,historical,mean_resource,0.75,0.5,1.5,81.85472990466661,90.31963520505406
non_pretrained,primary,24,historical,mean_resource,0.75,1.0,0.5,71.23076163140563,87.9200344467455
non_pretrained,primary,24,historical,mean_resource,0.75,1.0,1.0,80.3834077549727,92.79756745041601
non_pretrained,primary,24,historical,mean_resource,0.75,1.0,1.5,87.14932328677443,95.79801727456638
non_pretrained,primary,24,half,constant,0.25,0.0,0.5,37.754788736630566,41.5351809401351
non_pretrained,primary,24,half,constant,0.25,0.0,1.0,37.754788736630566,41.5351809401351
non_pretrained,primary,24,half,constant,0.25,0.0,1.5,37.754788736630566,41.5351809401351
non_pretrained,primary,24,half,constant,0.25,0.5,0.5,37.754788736630566,41.5351809401351
non_pretrained,primary,24,half,constant,0.25,0.5,1.0,37.754788736630566,41.5351809401351
non_pretrained,primary,24,half,constant,0.25,0.5,1.5,37.754788736630566,41.5351809401351
non_pretrained,primary,24,half,constant,0.25,1.0,0.5,37.754788736630566,41.5351809401351
non_pretrained,primary,24,half,constant,0.25,1.0,1.0,37.754788736630566,41.5351809401351
non_pretrained,primary,24,half,constant,0.25,1.0,1.5,37.754788736630566,41.5351809401351
non_pretrained,primary,24,half,constant,0.5,0.0,0.5,37.754788736630566,41.5351809401351
non_pretrained,primary,24,half,constant,0.5,0.0,1.0,37.754788736630566,41.5351809401351
non_pretrained,primary,24,half,constant,0.5,0.0,1.5,37.754788736630566,41.5351809401351
non_pretrained,primary,24,half,constant,0.5,0.5,0.5,37.754788736630566,41.5351809401351
non_pretrained,primary,24,half,constant,0.5,0.5,1.0,37.754788736630566,41.5351809401351
non_pretrained,primary,24,half,constant,0.5,0.5,1.5,37.754788736630566,41.5351809401351
non_pretrained,primary,24,half,constant,0.5,1.0,0.5,37.754788736630566,41.5351809401351
non_pretrained,primary,24,half,constant,0.5,1.0,1.0,37.754788736630566,41.5351809401351
non_pretrained,primary,24,half,constant,0.5,1.0,1.5,37.754788736630566,41.5351809401351
non_pretrained,primary,24,half,constant,0.75,0.0,0.5,37.754788736630566,41.5351809401351
non_pretrained,primary,24,half,constant,0.75,0.0,1.0,37.754788736630566,41.5351809401351
non_pretrained,primary,24,half,constant,0.75,0.0,1.5,37.754788736630566,41.5351809401351
non_pretrained,primary,24,half,constant,0.75,0.5,0.5,37.754788736630566,41.5351809401351
non_pretrained,primary,24,half,constant,0.75,0.5,1.0,37.754788736630566,41.5351809401351
non_pretrained,primary,24,half,constant,0.75,0.5,1.5,37.754788736630566,41.5351809401351
non_pretrained,primary,24,half,constant,0.75,1.0,0.5,37.754788736630566,41.5351809401351
non_pretrained,primary,24,half,constant,0.75,1.0,1.0,37.754788736630566,41.5351809401351
non_pretrained,primary,24,half,constant,0.75,1.0,1.5,37.754788736630566,41.5351809401351
non_pretrained,primary,24,half,frontier_trend,0.25,0.0,0.5,37.754788736630566,41.5351809401351
non_pretrained,primary,24,half,frontier_trend,0.25,0.0,1.0,37.754788736630566,41.5351809401351
non_pretrained,primary,24,half,frontier_trend,0.25,0.0,1.5,37.754788736630566,41.5351809401351
non_pretrained,primary,24,half,frontier_trend,0.25,0.5,0.5,52.93428484378985,64.61224187670341
non_pretrained,primary,24,half,frontier_trend,0.25,0.5,1.0,52.93428484378985,64.61224187670341
non_pretrained,primary,24,half,frontier_trend,0.25,0.5,1.5,52.93428484378985,64.61224187670341
non_pretrained,primary,24,half,frontier_trend,0.25,1.0,0.5,66.99951089995268,82.71651408897162
non_pretrained,primary,24,half,frontier_trend,0.25,1.0,1.0,66.99951089995268,82.71651408897162
non_pretrained,primary,24,half,frontier_trend,0.25,1.0,1.5,66.99951089995268,82.71651408897162
non_pretrained,primary,24,half,frontier_trend,0.5,0.0,0.5,37.754788736630566,41.5351809401351
non_pretrained,primary,24,half,frontier_trend,0.5,0.0,1.0,37.754788736630566,41.5351809401351
non_pretrained,primary,24,half,frontier_trend,0.5,0.0,1.5,37.754788736630566,41.5351809401351
non_pretrained,primary,24,half,frontier_trend,0.5,0.5,0.5,52.93428484378985,64.61224187670341
non_pretrained,primary,24,half,frontier_trend,0.5,0.5,1.0,52.93428484378985,64.61224187670341
non_pretrained,primary,24,half,frontier_trend,0.5,0.5,1.5,52.93428484378985,64.61224187670341
non_pretrained,primary,24,half,frontier_trend,0.5,1.0,0.5,66.99951089995268,82.71651408897162
non_pretrained,primary,24,half,frontier_trend,0.5,1.0,1.0,66.99951089995268,82.71651408897162
non_pretrained,primary,24,half,frontier_trend,0.5,1.0,1.5,66.99951089995268,82.71651408897162
non_pretrained,primary,24,half,frontier_trend,0.75,0.0,0.5,37.754788736630566,41.5351809401351
non_pretrained,primary,24,half,frontier_trend,0.75,0.0,1.0,37.754788736630566,41.5351809401351
non_pretrained,primary,24,half,frontier_trend,0.75,0.0,1.5,37.754788736630566,41.5351809401351
non_pretrained,primary,24,half,frontier_trend,0.75,0.5,0.5,52.93428484378985,64.61224187670341
non_pretrained,primary,24,half,frontier_trend,0.75,0.5,1.0,52.93428484378985,64.61224187670341
non_pretrained,primary,24,half,frontier_trend,0.75,0.5,1.5,52.93428484378985,64.61224187670341
non_pretrained,primary,24,half,frontier_trend,0.75,1.0,0.5,66.99951089995268,82.71651408897162
non_pretrained,primary,24,half,frontier_trend,0.75,1.0,1.0,66.99951089995268,82.71651408897162
non_pretrained,primary,24,half,frontier_trend,0.75,1.0,1.5,66.99951089995268,82.71651408897162
non_pretrained,primary,24,half,quantile_resource,0.25,0.0,0.5,40.00910611879547,43.80015884646684
non_pretrained,primary,24,half,quantile_resource,0.25,0.0,1.0,42.306549583096164,46.11319115687555
non_pretrained,primary,24,half,quantile_resource,0.25,0.0,1.5,44.637744845087596,48.55230329389977
non_pretrained,primary,24,half,quantile_resource,0.25,0.5,0.5,55.649443205982394,63.71260121486572
non_pretrained,primary,24,half,quantile_resource,0.25,0.5,1.0,57.849803449402174,65.8024869009942
non_pretrained,primary,24,half,quantile_resource,0.25,0.5,1.5,59.930745484429345,67.78651670861854
non_pretrained,primary,24,half,quantile_resource,0.25,1.0,0.5,70.34674125945398,80.12956137340773
non_pretrained,primary,24,half,quantile_resource,0.25,1.0,1.0,72.072924884787,81.52786257675746
non_pretrained,primary,24,half,quantile_resource,0.25,1.0,1.5,73.73614629454137,82.79348771562769
non_pretrained,primary,24,half,quantile_resource,0.5,0.0,0.5,42.306549583096164,46.11319115687555
non_pretrained,primary,24,half,quantile_resource,0.5,0.0,1.0,46.91970834384918,50.874012429804935
non_pretrained,primary,24,half,quantile_resource,0.5,0.0,1.5,51.15443950061852,55.655281427556226
non_pretrained,primary,24,half,quantile_resource,0.5,0.5,0.5,57.849803449402174,65.8024869009942
non_pretrained,primary,24,half,quantile_resource,0.5,0.5,1.0,61.98275127462587,69.80460879867884
non_pretrained,primary,24,half,quantile_resource,0.5,0.5,1.5,66.36250041649404,73.53069667482839
non_pretrained,primary,24,half,quantile_resource,0.5,1.0,0.5,72.072924884787,81.52786257675746
non_pretrained,primary,24,half,quantile_resource,0.5,1.0,1.0,75.33421890732188,84.0099962915786
non_pretrained,primary,24,half,quantile_resource,0.5,1.0,1.5,78.32919579223349,86.30459291736491
non_pretrained,primary,24,half,quantile_resource,0.75,0.0,0.5,44.637744845087596,48.55230329389977
non_pretrained,primary,24,half,quantile_resource,0.75,0.0,1.0,51.15443950061852,55.655281427556226
non_pretrained,primary,24,half,quantile_resource,0.75,0.0,1.5,57.48131119147041,62.54459356938464
non_pretrained,primary,24,half,quantile_resource,0.75,0.5,0.5,59.930745484429345,67.78651670861852
non_pretrained,primary,24,half,quantile_resource,0.75,0.5,1.0,66.36250041649404,73.53069667482839
non_pretrained,primary,24,half,quantile_resource,0.75,0.5,1.5,72.38419436556694,78.53263101723947
non_pretrained,primary,24,half,quantile_resource,0.75,1.0,0.5,73.73614629454137,82.79348771562769
non_pretrained,primary,24,half,quantile_resource,0.75,1.0,1.0,78.32919579223349,86.30459291736491
non_pretrained,primary,24,half,quantile_resource,0.75,1.0,1.5,82.31172268971537,89.3601078712239
non_pretrained,primary,24,half,mean_resource,0.25,0.0,0.5,39.94153650873671,43.7358420149774
non_pretrained,primary,24,half,mean_resource,0.25,0.0,1.0,42.16913867810951,45.94102479978867
non_pretrained,primary,24,half,mean_resource,0.25,0.0,1.5,44.42906465236153,48.29087430480688
non_pretrained,primary,24,half,mean_resource,0.25,0.5,0.5,51.419170356470566,65.13313164231093
non_pretrained,primary,24,half,mean_resource,0.25,0.5,1.0,53.451139791688995,67.25075087688673
non_pretrained,primary,24,half,mean_resource,0.25,0.5,1.5,55.47172472544982,69.30037692657585
non_pretrained,primary,24,half,mean_resource,0.25,1.0,0.5,61.93427152165905,81.89775126035158
non_pretrained,primary,24,half,mean_resource,0.25,1.0,1.0,63.89320517772592,83.2595225948107
non_pretrained,primary,24,half,mean_resource,0.25,1.0,1.5,65.80697509886309,84.54458224216745
non_pretrained,primary,24,half,mean_resource,0.5,0.0,0.5,42.16913867810951,45.94102479978867
non_pretrained,primary,24,half,mean_resource,0.5,0.0,1.0,46.712257572388864,50.57395701897091
non_pretrained,primary,24,half,mean_resource,0.5,0.0,1.5,50.96794086659356,55.37195862764029
non_pretrained,primary,24,half,mean_resource,0.5,0.5,0.5,53.451139791688995,67.25075087688673
non_pretrained,primary,24,half,mean_resource,0.5,0.5,1.0,57.47438594574561,71.27651401486659
non_pretrained,primary,24,half,mean_resource,0.5,0.5,1.5,61.40102200794062,74.99142977846456
non_pretrained,primary,24,half,mean_resource,0.5,1.0,0.5,63.89320517772592,83.2595225948107
non_pretrained,primary,24,half,mean_resource,0.5,1.0,1.0,67.67062522817122,85.74788314880848
non_pretrained,primary,24,half,mean_resource,0.5,1.0,1.5,71.23076163140563,87.9200344467455
non_pretrained,primary,24,half,mean_resource,0.75,0.0,0.5,44.42906465236153,48.29087430480688
non_pretrained,primary,24,half,mean_resource,0.75,0.0,1.0,50.96794086659356,55.37195862764029
non_pretrained,primary,24,half,mean_resource,0.75,0.0,1.5,57.26484380022939,62.209631058162024
non_pretrained,primary,24,half,mean_resource,0.75,0.5,0.5,55.47172472544982,69.30037692657585
non_pretrained,primary,24,half,mean_resource,0.75,0.5,1.0,61.40102200794062,74.99142977846456
non_pretrained,primary,24,half,mean_resource,0.75,0.5,1.5,67.01033739327734,79.93297073847359
non_pretrained,primary,24,half,mean_resource,0.75,1.0,0.5,65.80697509886309,84.54458224216745
non_pretrained,primary,24,half,mean_resource,0.75,1.0,1.0,71.23076163140563,87.9200344467455
non_pretrained,primary,24,half,mean_resource,0.75,1.0,1.5,76.10650432681038,90.639913512014
non_pretrained,primary,24,quarter,constant,0.25,0.0,0.5,37.754788736630566,41.5351809401351
non_pretrained,primary,24,quarter,constant,0.25,0.0,1.0,37.754788736630566,41.5351809401351
non_pretrained,primary,24,quarter,constant,0.25,0.0,1.5,37.754788736630566,41.5351809401351
non_pretrained,primary,24,quarter,constant,0.25,0.5,0.5,37.754788736630566,41.5351809401351
non_pretrained,primary,24,quarter,constant,0.25,0.5,1.0,37.754788736630566,41.5351809401351
non_pretrained,primary,24,quarter,constant,0.25,0.5,1.5,37.754788736630566,41.5351809401351
non_pretrained,primary,24,quarter,constant,0.25,1.0,0.5,37.754788736630566,41.5351809401351
non_pretrained,primary,24,quarter,constant,0.25,1.0,1.0,37.754788736630566,41.5351809401351
non_pretrained,primary,24,quarter,constant,0.25,1.0,1.5,37.754788736630566,41.5351809401351
non_pretrained,primary,24,quarter,constant,0.5,0.0,0.5,37.754788736630566,41.5351809401351
non_pretrained,primary,24,quarter,constant,0.5,0.0,1.0,37.754788736630566,41.5351809401351
non_pretrained,primary,24,quarter,constant,0.5,0.0,1.5,37.754788736630566,41.5351809401351
non_pretrained,primary,24,quarter,constant,0.5,0.5,0.5,37.754788736630566,41.5351809401351
non_pretrained,primary,24,quarter,constant,0.5,0.5,1.0,37.754788736630566,41.5351809401351
non_pretrained,primary,24,quarter,constant,0.5,0.5,1.5,37.754788736630566,41.5351809401351
non_pretrained,primary,24,quarter,constant,0.5,1.0,0.5,37.754788736630566,41.5351809401351
non_pretrained,primary,24,quarter,constant,0.5,1.0,1.0,37.754788736630566,41.5351809401351
non_pretrained,primary,24,quarter,constant,0.5,1.0,1.5,37.754788736630566,41.5351809401351
non_pretrained,primary,24,quarter,constant,0.75,0.0,0.5,37.754788736630566,41.5351809401351
non_pretrained,primary,24,quarter,constant,0.75,0.0,1.0,37.754788736630566,41.5351809401351
non_pretrained,primary,24,quarter,constant,0.75,0.0,1.5,37.754788736630566,41.5351809401351
non_pretrained,primary,24,quarter,constant,0.75,0.5,0.5,37.754788736630566,41.5351809401351
non_pretrained,primary,24,quarter,constant,0.75,0.5,1.0,37.754788736630566,41.5351809401351
non_pretrained,primary,24,quarter,constant,0.75,0.5,1.5,37.754788736630566,41.5351809401351
non_pretrained,primary,24,quarter,constant,0.75,1.0,0.5,37.754788736630566,41.5351809401351
non_pretrained,primary,24,quarter,constant,0.75,1.0,1.0,37.754788736630566,41.5351809401351
non_pretrained,primary,24,quarter,constant,0.75,1.0,1.5,37.754788736630566,41.5351809401351
non_pretrained,primary,24,quarter,frontier_trend,0.25,0.0,0.5,37.754788736630566,41.5351809401351
non_pretrained,primary,24,quarter,frontier_trend,0.25,0.0,1.0,37.754788736630566,41.5351809401351
non_pretrained,primary,24,quarter,frontier_trend,0.25,0.0,1.5,37.754788736630566,41.5351809401351
non_pretrained,primary,24,quarter,frontier_trend,0.25,0.5,0.5,52.93428484378985,64.61224187670341
non_pretrained,primary,24,quarter,frontier_trend,0.25,0.5,1.0,52.93428484378985,64.61224187670341
non_pretrained,primary,24,quarter,frontier_trend,0.25,0.5,1.5,52.93428484378985,64.61224187670341
non_pretrained,primary,24,quarter,frontier_trend,0.25,1.0,0.5,66.99951089995268,82.71651408897162
non_pretrained,primary,24,quarter,frontier_trend,0.25,1.0,1.0,66.99951089995268,82.71651408897162
non_pretrained,primary,24,quarter,frontier_trend,0.25,1.0,1.5,66.99951089995268,82.71651408897162
non_pretrained,primary,24,quarter,frontier_trend,0.5,0.0,0.5,37.754788736630566,41.5351809401351
non_pretrained,primary,24,quarter,frontier_trend,0.5,0.0,1.0,37.754788736630566,41.5351809401351
non_pretrained,primary,24,quarter,frontier_trend,0.5,0.0,1.5,37.754788736630566,41.5351809401351
non_pretrained,primary,24,quarter,frontier_trend,0.5,0.5,0.5,52.93428484378985,64.61224187670341
non_pretrained,primary,24,quarter,frontier_trend,0.5,0.5,1.0,52.93428484378985,64.61224187670341
non_pretrained,primary,24,quarter,frontier_trend,0.5,0.5,1.5,52.93428484378985,64.61224187670341
non_pretrained,primary,24,quarter,frontier_trend,0.5,1.0,0.5,66.99951089995268,82.71651408897162
non_pretrained,primary,24,quarter,frontier_trend,0.5,1.0,1.0,66.99951089995268,82.71651408897162
non_pretrained,primary,24,quarter,frontier_trend,0.5,1.0,1.5,66.99951089995268,82.71651408897162
non_pretrained,primary,24,quarter,frontier_trend,0.75,0.0,0.5,37.754788736630566,41.5351809401351
non_pretrained,primary,24,quarter,frontier_trend,0.75,0.0,1.0,37.754788736630566,41.5351809401351
non_pretrained,primary,24,quarter,frontier_trend,0.75,0.0,1.5,37.754788736630566,41.5351809401351
non_pretrained,primary,24,quarter,frontier_trend,0.75,0.5,0.5,52.93428484378985,64.61224187670341
non_pretrained,primary,24,quarter,frontier_trend,0.75,0.5,1.0,52.93428484378985,64.61224187670341
non_pretrained,primary,24,quarter,frontier_trend,0.75,0.5,1.5,52.93428484378985,64.61224187670341
non_pretrained,primary,24,quarter,frontier_trend,0.75,1.0,0.5,66.99951089995268,82.71651408897162
non_pretrained,primary,24,quarter,frontier_trend,0.75,1.0,1.0,66.99951089995268,82.71651408897162
non_pretrained,primary,24,quarter,frontier_trend,0.75,1.0,1.5,66.99951089995268,82.71651408897162
non_pretrained,primary,24,quarter,quantile_resource,0.25,0.0,0.5,38.875997722893516,42.6638235453954
non_pretrained,primary,24,quarter,quantile_resource,0.25,0.0,1.0,40.00910611879547,43.80015884646684
non_pretrained,primary,24,quarter,quantile_resource,0.25,0.0,1.5,41.15300747334305,44.94303605948666
non_pretrained,primary,24,quarter,quantile_resource,0.25,0.5,0.5,54.51419555354472,62.646198194929035
non_pretrained,primary,24,quarter,quantile_resource,0.25,0.5,1.0,55.649443205982394,63.71260121486572
non_pretrained,primary,24,quarter,quantile_resource,0.25,0.5,1.5,56.77881814738651,64.76460862309905
non_pretrained,primary,24,quarter,quantile_resource,0.25,1.0,0.5,69.39009198382855,79.39126399289911
non_pretrained,primary,24,quarter,quantile_resource,0.25,1.0,1.0,70.34674125945398,80.12956137340773
non_pretrained,primary,24,quarter,quantile_resource,0.25,1.0,1.5,71.21754220950082,80.84757234182459
non_pretrained,primary,24,quarter,quantile_resource,0.5,0.0,0.5,40.00910611879547,43.80015884646684
non_pretrained,primary,24,quarter,quantile_resource,0.5,0.0,1.0,42.306549583096164,46.11319115687555
non_pretrained,primary,24,quarter,quantile_resource,0.5,0.0,1.5,44.637744845087596,48.55230329389977
non_pretrained,primary,24,quarter,quantile_resource,0.5,0.5,0.5,55.649443205982394,63.71260121486572
non_pretrained,primary,24,quarter,quantile_resource,0.5,0.5,1.0,57.849803449402174,65.8024869009942
non_pretrained,primary,24,quarter,quantile_resource,0.5,0.5,1.5,59.930745484429345,67.78651670861854
non_pretrained,primary,24,quarter,quantile_resource,0.5,1.0,0.5,70.34674125945398,80.12956137340773
non_pretrained,primary,24,quarter,quantile_resource,0.5,1.0,1.0,72.072924884787,81.52786257675746
non_pretrained,primary,24,quarter,quantile_resource,0.5,1.0,1.5,73.73614629454137,82.79348771562769
non_pretrained,primary,24,quarter,quantile_resource,0.75,0.0,0.5,41.15300747334305,44.94303605948666
non_pretrained,primary,24,quarter,quantile_resource,0.75,0.0,1.0,44.637744845087596,48.55230329389977
non_pretrained,primary,24,quarter,quantile_resource,0.75,0.0,1.5,47.97384373772949,52.022199456643314
non_pretrained,primary,24,quarter,quantile_resource,0.75,0.5,0.5,56.77881814738651,64.76460862309905
non_pretrained,primary,24,quarter,quantile_resource,0.75,0.5,1.0,59.930745484429345,67.78651670861852
non_pretrained,primary,24,quarter,quantile_resource,0.75,0.5,1.5,62.99973238948045,70.76572727262715
non_pretrained,primary,24,quarter,quantile_resource,0.75,1.0,0.5,71.21754220950082,80.84757234182459
non_pretrained,primary,24,quarter,quantile_resource,0.75,1.0,1.0,73.73614629454137,82.79348771562769
non_pretrained,primary,24,quarter,quantile_resource,0.75,1.0,1.5,76.10830886481834,84.60091901776195
non_pretrained,primary,24,quarter,mean_resource,0.25,0.0,0.5,38.84254671080364,42.643239549244235
non_pretrained,primary,24,quarter,mean_resource,0.25,0.0,1.0,39.94153650873671,43.7358420149774
non_pretrained,primary,24,quarter,mean_resource,0.25,0.0,1.5,41.05075008721863,44.83455641053282
non_pretrained,primary,24,quarter,mean_resource,0.25,0.5,0.5,50.40100321523804,64.05081587299624
non_pretrained,primary,24,quarter,mean_resource,0.25,0.5,1.0,51.419170356470566,65.13313164231093
non_pretrained,primary,24,quarter,mean_resource,0.25,0.5,1.5,52.43616258393318,66.20005751834266
non_pretrained,primary,24,quarter,mean_resource,0.25,1.0,0.5,60.939571934755335,81.18553277981444
non_pretrained,primary,24,quarter,mean_resource,0.25,1.0,1.0,61.93427152165905,81.89775126035158
non_pretrained,primary,24,quarter,mean_resource,0.25,1.0,1.5,62.91905158813395,82.58879093181723
non_pretrained,primary,24,quarter,mean_resource,0.5,0.0,0.5,39.94153650873671,43.7358420149774
non_pretrained,primary,24,quarter,mean_resource,0.5,0.0,1.0,42.16913867810951,45.94102479978867
non_pretrained,primary,24,quarter,mean_resource,0.5,0.0,1.5,44.42906465236153,48.29087430480688
non_pretrained,primary,24,quarter,mean_resource,0.5,0.5,0.5,51.419170356470566,65.13313164231093
non_pretrained,primary,24,quarter,mean_resource,0.5,0.5,1.0,53.451139791688995,67.25075087688673
non_pretrained,primary,24,quarter,mean_resource,0.5,0.5,1.5,55.47172472544982,69.30037692657585
non_pretrained,primary,24,quarter,mean_resource,0.5,1.0,0.5,61.93427152165905,81.89775126035158
non_pretrained,primary,24,quarter,mean_resource,0.5,1.0,1.0,63.89320517772592,83.2595225948107
non_pretrained,primary,24,quarter,mean_resource,0.5,1.0,1.5,65.80697509886309,84.54458224216745
non_pretrained,primary,24,quarter,mean_resource,0.75,0.0,0.5,41.05075008721863,44.83455641053282
non_pretrained,primary,24,quarter,mean_resource,0.75,0.0,1.0,44.42906465236153,48.29087430480688
non_pretrained,primary,24,quarter,mean_resource,0.75,0.0,1.5,47.795203281683214,51.72546411587746
non_pretrained,primary,24,quarter,mean_resource,0.75,0.5,0.5,52.43616258393318,66.20005751834266
non_pretrained,primary,24,quarter,mean_resource,0.75,0.5,1.0,55.47172472544982,69.30037692657585
non_pretrained,primary,24,quarter,mean_resource,0.75,0.5,1.5,58.467013189073874,72.23558541552815
non_pretrained,primary,24,quarter,mean_resource,0.75,1.0,0.5,62.91905158813395,82.58879093181723
non_pretrained,primary,24,quarter,mean_resource,0.75,1.0,1.0,65.80697509886309,84.54458224216745
non_pretrained,primary,24,quarter,mean_resource,0.75,1.0,1.5,68.5822697206137,86.31967952716984
non_pretrained,primary,24,stopped,constant,0.25,0.0,0.5,37.754788736630566,41.5351809401351
non_pretrained,primary,24,stopped,constant,0.25,0.0,1.0,37.754788736630566,41.5351809401351
non_pretrained,primary,24,stopped,constant,0.25,0.0,1.5,37.754788736630566,41.5351809401351
non_pretrained,primary,24,stopped,constant,0.25,0.5,0.5,37.754788736630566,41.5351809401351
non_pretrained,primary,24,stopped,constant,0.25,0.5,1.0,37.754788736630566,41.5351809401351
non_pretrained,primary,24,stopped,constant,0.25,0.5,1.5,37.754788736630566,41.5351809401351
non_pretrained,primary,24,stopped,constant,0.25,1.0,0.5,37.754788736630566,41.5351809401351
non_pretrained,primary,24,stopped,constant,0.25,1.0,1.0,37.754788736630566,41.5351809401351
non_pretrained,primary,24,stopped,constant,0.25,1.0,1.5,37.754788736630566,41.5351809401351
non_pretrained,primary,24,stopped,constant,0.5,0.0,0.5,37.754788736630566,41.5351809401351
non_pretrained,primary,24,stopped,constant,0.5,0.0,1.0,37.754788736630566,41.5351809401351
non_pretrained,primary,24,stopped,constant,0.5,0.0,1.5,37.754788736630566,41.5351809401351
non_pretrained,primary,24,stopped,constant,0.5,0.5,0.5,37.754788736630566,41.5351809401351
non_pretrained,primary,24,stopped,constant,0.5,0.5,1.0,37.754788736630566,41.5351809401351
non_pretrained,primary,24,stopped,constant,0.5,0.5,1.5,37.754788736630566,41.5351809401351
non_pretrained,primary,24,stopped,constant,0.5,1.0,0.5,37.754788736630566,41.5351809401351
non_pretrained,primary,24,stopped,constant,0.5,1.0,1.0,37.754788736630566,41.5351809401351
non_pretrained,primary,24,stopped,constant,0.5,1.0,1.5,37.754788736630566,41.5351809401351
non_pretrained,primary,24,stopped,constant,0.75,0.0,0.5,37.754788736630566,41.5351809401351
non_pretrained,primary,24,stopped,constant,0.75,0.0,1.0,37.754788736630566,41.5351809401351
non_pretrained,primary,24,stopped,constant,0.75,0.0,1.5,37.754788736630566,41.5351809401351
non_pretrained,primary,24,stopped,constant,0.75,0.5,0.5,37.754788736630566,41.5351809401351
non_pretrained,primary,24,stopped,constant,0.75,0.5,1.0,37.754788736630566,41.5351809401351
non_pretrained,primary,24,stopped,constant,0.75,0.5,1.5,37.754788736630566,41.5351809401351
non_pretrained,primary,24,stopped,constant,0.75,1.0,0.5,37.754788736630566,41.5351809401351
non_pretrained,primary,24,stopped,constant,0.75,1.0,1.0,37.754788736630566,41.5351809401351
non_pretrained,primary,24,stopped,constant,0.75,1.0,1.5,37.754788736630566,41.5351809401351
non_pretrained,primary,24,stopped,frontier_trend,0.25,0.0,0.5,37.754788736630566,41.5351809401351
non_pretrained,primary,24,stopped,frontier_trend,0.25,0.0,1.0,37.754788736630566,41.5351809401351
non_pretrained,primary,24,stopped,frontier_trend,0.25,0.0,1.5,37.754788736630566,41.5351809401351
non_pretrained,primary,24,stopped,frontier_trend,0.25,0.5,0.5,52.93428484378985,64.61224187670341
non_pretrained,primary,24,stopped,frontier_trend,0.25,0.5,1.0,52.93428484378985,64.61224187670341
non_pretrained,primary,24,stopped,frontier_trend,0.25,0.5,1.5,52.93428484378985,64.61224187670341
non_pretrained,primary,24,stopped,frontier_trend,0.25,1.0,0.5,66.99951089995268,82.71651408897162
non_pretrained,primary,24,stopped,frontier_trend,0.25,1.0,1.0,66.99951089995268,82.71651408897162
non_pretrained,primary,24,stopped,frontier_trend,0.25,1.0,1.5,66.99951089995268,82.71651408897162
non_pretrained,primary,24,stopped,frontier_trend,0.5,0.0,0.5,37.754788736630566,41.5351809401351
non_pretrained,primary,24,stopped,frontier_trend,0.5,0.0,1.0,37.754788736630566,41.5351809401351
non_pretrained,primary,24,stopped,frontier_trend,0.5,0.0,1.5,37.754788736630566,41.5351809401351
non_pretrained,primary,24,stopped,frontier_trend,0.5,0.5,0.5,52.93428484378985,64.61224187670341
non_pretrained,primary,24,stopped,frontier_trend,0.5,0.5,1.0,52.93428484378985,64.61224187670341
non_pretrained,primary,24,stopped,frontier_trend,0.5,0.5,1.5,52.93428484378985,64.61224187670341
non_pretrained,primary,24,stopped,frontier_trend,0.5,1.0,0.5,66.99951089995268,82.71651408897162
non_pretrained,primary,24,stopped,frontier_trend,0.5,1.0,1.0,66.99951089995268,82.71651408897162
non_pretrained,primary,24,stopped,frontier_trend,0.5,1.0,1.5,66.99951089995268,82.71651408897162
non_pretrained,primary,24,stopped,frontier_trend,0.75,0.0,0.5,37.754788736630566,41.5351809401351
non_pretrained,primary,24,stopped,frontier_trend,0.75,0.0,1.0,37.754788736630566,41.5351809401351
non_pretrained,primary,24,stopped,frontier_trend,0.75,0.0,1.5,37.754788736630566,41.5351809401351
non_pretrained,primary,24,stopped,frontier_trend,0.75,0.5,0.5,52.93428484378985,64.61224187670341
non_pretrained,primary,24,stopped,frontier_trend,0.75,0.5,1.0,52.93428484378985,64.61224187670341
non_pretrained,primary,24,stopped,frontier_trend,0.75,0.5,1.5,52.93428484378985,64.61224187670341
non_pretrained,primary,24,stopped,frontier_trend,0.75,1.0,0.5,66.99951089995268,82.71651408897162
non_pretrained,primary,24,stopped,frontier_trend,0.75,1.0,1.0,66.99951089995268,82.71651408897162
non_pretrained,primary,24,stopped,frontier_trend,0.75,1.0,1.5,66.99951089995268,82.71651408897162
non_pretrained,primary,24,stopped,quantile_resource,0.25,0.0,0.5,37.754788736630566,41.5351809401351
non_pretrained,primary,24,stopped,quantile_resource,0.25,0.0,1.0,37.754788736630566,41.5351809401351
non_pretrained,primary,24,stopped,quantile_resource,0.25,0.0,1.5,37.754788736630566,41.5351809401351
non_pretrained,primary,24,stopped,quantile_resource,0.25,0.5,0.5,53.443479409627244,61.56656363349974
non_pretrained,primary,24,stopped,quantile_resource,0.25,0.5,1.0,53.443479409627244,61.56656363349974
non_pretrained,primary,24,stopped,quantile_resource,0.25,0.5,1.5,53.443479409627244,61.56656363349974
non_pretrained,primary,24,stopped,quantile_resource,0.25,1.0,0.5,68.36244402302182,78.63051899605448
non_pretrained,primary,24,stopped,quantile_resource,0.25,1.0,1.0,68.36244402302182,78.63051899605448
non_pretrained,primary,24,stopped,quantile_resource,0.25,1.0,1.5,68.36244402302182,78.63051899605448
non_pretrained,primary,24,stopped,quantile_resource,0.5,0.0,0.5,37.754788736630566,41.5351809401351
non_pretrained,primary,24,stopped,quantile_resource,0.5,0.0,1.0,37.754788736630566,41.5351809401351
non_pretrained,primary,24,stopped,quantile_resource,0.5,0.0,1.5,37.754788736630566,41.5351809401351
non_pretrained,primary,24,stopped,quantile_resource,0.5,0.5,0.5,53.443479409627244,61.56656363349974
non_pretrained,primary,24,stopped,quantile_resource,0.5,0.5,1.0,53.443479409627244,61.56656363349974
non_pretrained,primary,24,stopped,quantile_resource,0.5,0.5,1.5,53.443479409627244,61.56656363349974
non_pretrained,primary,24,stopped,quantile_resource,0.5,1.0,0.5,68.36244402302182,78.63051899605448
non_pretrained,primary,24,stopped,quantile_resource,0.5,1.0,1.0,68.36244402302182,78.63051899605448
non_pretrained,primary,24,stopped,quantile_resource,0.5,1.0,1.5,68.36244402302182,78.63051899605448
non_pretrained,primary,24,stopped,quantile_resource,0.75,0.0,0.5,37.754788736630566,41.5351809401351
non_pretrained,primary,24,stopped,quantile_resource,0.75,0.0,1.0,37.754788736630566,41.5351809401351
non_pretrained,primary,24,stopped,quantile_resource,0.75,0.0,1.5,37.754788736630566,41.5351809401351
non_pretrained,primary,24,stopped,quantile_resource,0.75,0.5,0.5,53.443479409627244,61.56656363349974
non_pretrained,primary,24,stopped,quantile_resource,0.75,0.5,1.0,53.443479409627244,61.56656363349974
non_pretrained,primary,24,stopped,quantile_resource,0.75,0.5,1.5,53.443479409627244,61.56656363349974
non_pretrained,primary,24,stopped,quantile_resource,0.75,1.0,0.5,68.36244402302182,78.63051899605448
non_pretrained,primary,24,stopped,quantile_resource,0.75,1.0,1.0,68.36244402302182,78.63051899605448
non_pretrained,primary,24,stopped,quantile_resource,0.75,1.0,1.5,68.36244402302182,78.63051899605448
non_pretrained,primary,24,stopped,mean_resource,0.25,0.0,0.5,37.754788736630566,41.5351809401351
non_pretrained,primary,24,stopped,mean_resource,0.25,0.0,1.0,37.754788736630566,41.5351809401351
non_pretrained,primary,24,stopped,mean_resource,0.25,0.0,1.5,37.754788736630566,41.5351809401351
non_pretrained,primary,24,stopped,mean_resource,0.25,0.5,0.5,49.382505153478895,62.95401224441246
non_pretrained,primary,24,stopped,mean_resource,0.25,0.5,1.0,49.382505153478895,62.95401224441246
non_pretrained,primary,24,stopped,mean_resource,0.25,0.5,1.5,49.382505153478895,62.95401224441246
non_pretrained,primary,24,stopped,mean_resource,0.25,1.0,0.5,59.93569175291832,80.45198107378786
non_pretrained,primary,24,stopped,mean_resource,0.25,1.0,1.0,59.93569175291832,80.45198107378786
non_pretrained,primary,24,stopped,mean_resource,0.25,1.0,1.5,59.93569175291832,80.45198107378786
non_pretrained,primary,24,stopped,mean_resource,0.5,0.0,0.5,37.754788736630566,41.5351809401351
non_pretrained,primary,24,stopped,mean_resource,0.5,0.0,1.0,37.754788736630566,41.5351809401351
non_pretrained,primary,24,stopped,mean_resource,0.5,0.0,1.5,37.754788736630566,41.5351809401351
non_pretrained,primary,24,stopped,mean_resource,0.5,0.5,0.5,49.382505153478895,62.95401224441246
non_pretrained,primary,24,stopped,mean_resource,0.5,0.5,1.0,49.382505153478895,62.95401224441246
non_pretrained,primary,24,stopped,mean_resource,0.5,0.5,1.5,49.382505153478895,62.95401224441246
non_pretrained,primary,24,stopped,mean_resource,0.5,1.0,0.5,59.93569175291832,80.45198107378786
non_pretrained,primary,24,stopped,mean_resource,0.5,1.0,1.0,59.93569175291832,80.45198107378786
non_pretrained,primary,24,stopped,mean_resource,0.5,1.0,1.5,59.93569175291832,80.45198107378786
non_pretrained,primary,24,stopped,mean_resource,0.75,0.0,0.5,37.754788736630566,41.5351809401351
non_pretrained,primary,24,stopped,mean_resource,0.75,0.0,1.0,37.754788736630566,41.5351809401351
non_pretrained,primary,24,stopped,mean_resource,0.75,0.0,1.5,37.754788736630566,41.5351809401351
non_pretrained,primary,24,stopped,mean_resource,0.75,0.5,0.5,49.382505153478895,62.95401224441246
non_pretrained,primary,24,stopped,mean_resource,0.75,0.5,1.0,49.382505153478895,62.95401224441246
non_pretrained,primary,24,stopped,mean_resource,0.75,0.5,1.5,49.382505153478895,62.95401224441246
non_pretrained,primary,24,stopped,mean_resource,0.75,1.0,0.5,59.93569175291832,80.45198107378786
non_pretrained,primary,24,stopped,mean_resource,0.75,1.0,1.0,59.93569175291832,80.45198107378786
non_pretrained,primary,24,stopped,mean_resource,0.75,1.0,1.5,59.93569175291832,80.45198107378786
non_pretrained,wide_ratio,12,historical,constant,0.25,0.0,0.5,37.754788736630566,41.5351809401351
non_pretrained,wide_ratio,12,historical,constant,0.25,0.0,1.0,37.754788736630566,41.5351809401351
non_pretrained,wide_ratio,12,historical,constant,0.25,0.0,1.5,37.754788736630566,41.5351809401351
non_pretrained,wide_ratio,12,historical,constant,0.25,0.5,0.5,37.754788736630566,41.5351809401351
non_pretrained,wide_ratio,12,historical,constant,0.25,0.5,1.0,37.754788736630566,41.5351809401351
non_pretrained,wide_ratio,12,historical,constant,0.25,0.5,1.5,37.754788736630566,41.5351809401351
non_pretrained,wide_ratio,12,historical,constant,0.25,1.0,0.5,37.754788736630566,41.5351809401351
non_pretrained,wide_ratio,12,historical,constant,0.25,1.0,1.0,37.754788736630566,41.5351809401351
non_pretrained,wide_ratio,12,historical,constant,0.25,1.0,1.5,37.754788736630566,41.5351809401351
non_pretrained,wide_ratio,12,historical,constant,0.5,0.0,0.5,37.754788736630566,41.5351809401351
non_pretrained,wide_ratio,12,historical,constant,0.5,0.0,1.0,37.754788736630566,41.5351809401351
non_pretrained,wide_ratio,12,historical,constant,0.5,0.0,1.5,37.754788736630566,41.5351809401351
non_pretrained,wide_ratio,12,historical,constant,0.5,0.5,0.5,37.754788736630566,41.5351809401351
non_pretrained,wide_ratio,12,historical,constant,0.5,0.5,1.0,37.754788736630566,41.5351809401351
non_pretrained,wide_ratio,12,historical,constant,0.5,0.5,1.5,37.754788736630566,41.5351809401351
non_pretrained,wide_ratio,12,historical,constant,0.5,1.0,0.5,37.754788736630566,41.5351809401351
non_pretrained,wide_ratio,12,historical,constant,0.5,1.0,1.0,37.754788736630566,41.5351809401351
non_pretrained,wide_ratio,12,historical,constant,0.5,1.0,1.5,37.754788736630566,41.5351809401351
non_pretrained,wide_ratio,12,historical,constant,0.75,0.0,0.5,37.754788736630566,41.5351809401351
non_pretrained,wide_ratio,12,historical,constant,0.75,0.0,1.0,37.754788736630566,41.5351809401351
non_pretrained,wide_ratio,12,historical,constant,0.75,0.0,1.5,37.754788736630566,41.5351809401351
non_pretrained,wide_ratio,12,historical,constant,0.75,0.5,0.5,37.754788736630566,41.5351809401351
non_pretrained,wide_ratio,12,historical,constant,0.75,0.5,1.0,37.754788736630566,41.5351809401351
non_pretrained,wide_ratio,12,historical,constant,0.75,0.5,1.5,37.754788736630566,41.5351809401351
non_pretrained,wide_ratio,12,historical,constant,0.75,1.0,0.5,37.754788736630566,41.5351809401351
non_pretrained,wide_ratio,12,historical,constant,0.75,1.0,1.0,37.754788736630566,41.5351809401351
non_pretrained,wide_ratio,12,historical,constant,0.75,1.0,1.5,37.754788736630566,41.5351809401351
non_pretrained,wide_ratio,12,historical,frontier_trend,0.25,0.0,0.5,37.754788736630566,41.5351809401351
non_pretrained,wide_ratio,12,historical,frontier_trend,0.25,0.0,1.0,37.754788736630566,41.5351809401351
non_pretrained,wide_ratio,12,historical,frontier_trend,0.25,0.0,1.5,37.754788736630566,41.5351809401351
non_pretrained,wide_ratio,12,historical,frontier_trend,0.25,0.5,0.5,45.89425118688804,53.05482104275585
non_pretrained,wide_ratio,12,historical,frontier_trend,0.25,0.5,1.0,45.89425118688804,53.05482104275585
non_pretrained,wide_ratio,12,historical,frontier_trend,0.25,0.5,1.5,45.89425118688804,53.05482104275585
non_pretrained,wide_ratio,12,historical,frontier_trend,0.25,1.0,0.5,52.93428484378985,64.61224187670341
non_pretrained,wide_ratio,12,historical,frontier_trend,0.25,1.0,1.0,52.93428484378985,64.61224187670341
non_pretrained,wide_ratio,12,historical,frontier_trend,0.25,1.0,1.5,52.93428484378985,64.61224187670341
non_pretrained,wide_ratio,12,historical,frontier_trend,0.5,0.0,0.5,37.754788736630566,41.5351809401351
non_pretrained,wide_ratio,12,historical,frontier_trend,0.5,0.0,1.0,37.754788736630566,41.5351809401351
non_pretrained,wide_ratio,12,historical,frontier_trend,0.5,0.0,1.5,37.754788736630566,41.5351809401351
non_pretrained,wide_ratio,12,historical,frontier_trend,0.5,0.5,0.5,45.89425118688804,53.05482104275585
non_pretrained,wide_ratio,12,historical,frontier_trend,0.5,0.5,1.0,45.89425118688804,53.05482104275585
non_pretrained,wide_ratio,12,historical,frontier_trend,0.5,0.5,1.5,45.89425118688804,53.05482104275585
non_pretrained,wide_ratio,12,historical,frontier_trend,0.5,1.0,0.5,52.93428484378985,64.61224187670341
non_pretrained,wide_ratio,12,historical,frontier_trend,0.5,1.0,1.0,52.93428484378985,64.61224187670341
non_pretrained,wide_ratio,12,historical,frontier_trend,0.5,1.0,1.5,52.93428484378985,64.61224187670341
non_pretrained,wide_ratio,12,historical,frontier_trend,0.75,0.0,0.5,37.754788736630566,41.5351809401351
non_pretrained,wide_ratio,12,historical,frontier_trend,0.75,0.0,1.0,37.754788736630566,41.5351809401351
non_pretrained,wide_ratio,12,historical,frontier_trend,0.75,0.0,1.5,37.754788736630566,41.5351809401351
non_pretrained,wide_ratio,12,historical,frontier_trend,0.75,0.5,0.5,45.89425118688804,53.05482104275585
non_pretrained,wide_ratio,12,historical,frontier_trend,0.75,0.5,1.0,45.89425118688804,53.05482104275585
non_pretrained,wide_ratio,12,historical,frontier_trend,0.75,0.5,1.5,45.89425118688804,53.05482104275585
non_pretrained,wide_ratio,12,historical,frontier_trend,0.75,1.0,0.5,52.93428484378985,64.61224187670341
non_pretrained,wide_ratio,12,historical,frontier_trend,0.75,1.0,1.0,52.93428484378985,64.61224187670341
non_pretrained,wide_ratio,12,historical,frontier_trend,0.75,1.0,1.5,52.93428484378985,64.61224187670341
non_pretrained,wide_ratio,12,historical,quantile_resource,0.25,0.0,0.5,39.71334082732295,43.503961895282075
non_pretrained,wide_ratio,12,historical,quantile_resource,0.25,0.0,1.0,41.70542825837007,45.49344762180775
non_pretrained,wide_ratio,12,historical,quantile_resource,0.25,0.0,1.5,43.724962573871494,47.59939489125309
non_pretrained,wide_ratio,12,historical,quantile_resource,0.25,0.5,0.5,47.619724351285484,53.375153719272
non_pretrained,wide_ratio,12,historical,quantile_resource,0.25,0.5,1.0,49.68459950481971,55.415012569085164
non_pretrained,wide_ratio,12,historical,quantile_resource,0.25,0.5,1.5,51.75055012464356,57.35677798727637
non_pretrained,wide_ratio,12,historical,quantile_resource,0.25,1.0,0.5,55.354724177524915,63.43679824622044
non_pretrained,wide_ratio,12,historical,quantile_resource,0.25,1.0,1.0,57.30370273471745,65.26446898628
non_pretrained,wide_ratio,12,historical,quantile_resource,0.25,1.0,1.5,59.12279245430803,67.02265676942936
non_pretrained,wide_ratio,12,historical,quantile_resource,0.5,0.0,0.5,41.70542825837007,45.49344762180775
non_pretrained,wide_ratio,12,historical,quantile_resource,0.5,0.0,1.0,45.76549705456622,49.67863929907805
non_pretrained,wide_ratio,12,historical,quantile_resource,0.5,0.0,1.5,49.49464720566739,53.78589515320175
non_pretrained,wide_ratio,12,historical,quantile_resource,0.5,0.5,0.5,49.68459950481971,55.415012569085164
non_pretrained,wide_ratio,12,historical,quantile_resource,0.5,0.5,1.0,53.810531316698075,59.258980213485266
non_pretrained,wide_ratio,12,historical,quantile_resource,0.5,0.5,1.5,57.55076545143718,63.049212354761316
non_pretrained,wide_ratio,12,historical,quantile_resource,0.5,1.0,0.5,57.30370273471745,65.26446898628
non_pretrained,wide_ratio,12,historical,quantile_resource,0.5,1.0,1.0,60.91723626026232,68.74804979553868
non_pretrained,wide_ratio,12,historical,quantile_resource,0.5,1.0,1.5,64.60720421478162,72.1141548591165
non_pretrained,wide_ratio,12,historical,quantile_resource,0.75,0.0,0.5,43.724962573871494,47.59939489125309
non_pretrained,wide_ratio,12,historical,quantile_resource,0.75,0.0,1.0,49.49464720566739,53.78589515320175
non_pretrained,wide_ratio,12,historical,quantile_resource,0.75,0.0,1.5,55.030719624796056,59.879630221221376
non_pretrained,wide_ratio,12,historical,quantile_resource,0.75,0.5,0.5,51.75055012464356,57.35677798727637
non_pretrained,wide_ratio,12,historical,quantile_resource,0.75,0.5,1.0,57.55076545143718,63.049212354761316
non_pretrained,wide_ratio,12,historical,quantile_resource,0.75,0.5,1.5,63.25324289893065,68.56156887612802
non_pretrained,wide_ratio,12,historical,quantile_resource,0.75,1.0,0.5,59.12279245430803,67.02265676942936
non_pretrained,wide_ratio,12,historical,quantile_resource,0.75,1.0,1.0,64.60720421478162,72.1141548591165
non_pretrained,wide_ratio,12,historical,quantile_resource,0.75,1.0,1.5,70.1728360859973,76.6669697052073
non_pretrained,wide_ratio,12,historical,mean_resource,0.25,0.0,0.5,39.6547030878864,43.45106504048733
non_pretrained,wide_ratio,12,historical,mean_resource,0.25,0.0,1.0,41.58635329992827,45.36337499518413
non_pretrained,wide_ratio,12,historical,mean_resource,0.25,0.0,1.5,43.54419760314767,47.358570299699785
non_pretrained,wide_ratio,12,historical,mean_resource,0.25,0.5,0.5,45.153789728833935,54.17518826980047
non_pretrained,wide_ratio,12,historical,mean_resource,0.25,0.5,1.0,47.09552973984961,56.140577914599575
non_pretrained,wide_ratio,12,historical,mean_resource,0.25,0.5,1.5,49.04790142935928,58.11289030658935
non_pretrained,wide_ratio,12,historical,mean_resource,0.25,1.0,0.5,51.1544601915202,64.85310503268254
non_pretrained,wide_ratio,12,historical,mean_resource,0.25,1.0,1.0,52.92352363766683,66.70633008153776
non_pretrained,wide_ratio,12,historical,mean_resource,0.25,1.0,1.5,54.68527711922253,68.50928626728916
non_pretrained,wide_ratio,12,historical,mean_resource,0.5,0.0,0.5,41.58635329992827,45.36337499518413
non_pretrained,wide_ratio,12,historical,mean_resource,0.5,0.0,1.0,45.52237298694298,49.386160692980724
non_pretrained,wide_ratio,12,historical,mean_resource,0.5,0.0,1.5,49.31706497491595,53.51613935582118
non_pretrained,wide_ratio,12,historical,mean_resource,0.5,0.5,0.5,47.09552973984961,56.140577914599575
non_pretrained,wide_ratio,12,historical,mean_resource,0.5,0.5,1.0,51.00317538506899,60.113317434947554
non_pretrained,wide_ratio,12,historical,mean_resource,0.5,0.5,1.5,54.898567294503586,64.00884414850307
non_pretrained,wide_ratio,12,historical,mean_resource,0.5,1.0,0.5,52.92352363766683,66.70633008153776
non_pretrained,wide_ratio,12,historical,mean_resource,0.5,1.0,1.0,56.43537512693721,70.25813846179626
non_pretrained,wide_ratio,12,historical,mean_resource,0.5,1.0,1.5,59.88383908905118,73.58110105284372
non_pretrained,wide_ratio,12,historical,mean_resource,0.75,0.0,0.5,43.54419760314767,47.358570299699785
non_pretrained,wide_ratio,12,historical,mean_resource,0.75,0.0,1.0,49.31706497491595,53.51613935582118
non_pretrained,wide_ratio,12,historical,mean_resource,0.75,0.0,1.5,54.82501141865182,59.57525890697355
non_pretrained,wide_ratio,12,historical,mean_resource,0.75,0.5,0.5,49.04790142935928,58.11289030658935
non_pretrained,wide_ratio,12,historical,mean_resource,0.75,0.5,1.0,54.898567294503586,64.00884414850307
non_pretrained,wide_ratio,12,historical,mean_resource,0.75,0.5,1.5,60.1667062466543,69.50369577001878
non_pretrained,wide_ratio,12,historical,mean_resource,0.75,1.0,0.5,54.68527711922253,68.50928626728916
non_pretrained,wide_ratio,12,historical,mean_resource,0.75,1.0,1.0,59.88383908905118,73.58110105284372
non_pretrained,wide_ratio,12,historical,mean_resource,0.75,1.0,1.5,64.86915580973341,78.09721123612006
non_pretrained,wide_ratio,12,half,constant,0.25,0.0,0.5,37.754788736630566,41.5351809401351
non_pretrained,wide_ratio,12,half,constant,0.25,0.0,1.0,37.754788736630566,41.5351809401351
non_pretrained,wide_ratio,12,half,constant,0.25,0.0,1.5,37.754788736630566,41.5351809401351
non_pretrained,wide_ratio,12,half,constant,0.25,0.5,0.5,37.754788736630566,41.5351809401351
non_pretrained,wide_ratio,12,half,constant,0.25,0.5,1.0,37.754788736630566,41.5351809401351
non_pretrained,wide_ratio,12,half,constant,0.25,0.5,1.5,37.754788736630566,41.5351809401351
non_pretrained,wide_ratio,12,half,constant,0.25,1.0,0.5,37.754788736630566,41.5351809401351
non_pretrained,wide_ratio,12,half,constant,0.25,1.0,1.0,37.754788736630566,41.5351809401351
non_pretrained,wide_ratio,12,half,constant,0.25,1.0,1.5,37.754788736630566,41.5351809401351
non_pretrained,wide_ratio,12,half,constant,0.5,0.0,0.5,37.754788736630566,41.5351809401351
non_pretrained,wide_ratio,12,half,constant,0.5,0.0,1.0,37.754788736630566,41.5351809401351
non_pretrained,wide_ratio,12,half,constant,0.5,0.0,1.5,37.754788736630566,41.5351809401351
non_pretrained,wide_ratio,12,half,constant,0.5,0.5,0.5,37.754788736630566,41.5351809401351
non_pretrained,wide_ratio,12,half,constant,0.5,0.5,1.0,37.754788736630566,41.5351809401351
non_pretrained,wide_ratio,12,half,constant,0.5,0.5,1.5,37.754788736630566,41.5351809401351
non_pretrained,wide_ratio,12,half,constant,0.5,1.0,0.5,37.754788736630566,41.5351809401351
non_pretrained,wide_ratio,12,half,constant,0.5,1.0,1.0,37.754788736630566,41.5351809401351
non_pretrained,wide_ratio,12,half,constant,0.5,1.0,1.5,37.754788736630566,41.5351809401351
non_pretrained,wide_ratio,12,half,constant,0.75,0.0,0.5,37.754788736630566,41.5351809401351
non_pretrained,wide_ratio,12,half,constant,0.75,0.0,1.0,37.754788736630566,41.5351809401351
non_pretrained,wide_ratio,12,half,constant,0.75,0.0,1.5,37.754788736630566,41.5351809401351
non_pretrained,wide_ratio,12,half,constant,0.75,0.5,0.5,37.754788736630566,41.5351809401351
non_pretrained,wide_ratio,12,half,constant,0.75,0.5,1.0,37.754788736630566,41.5351809401351
non_pretrained,wide_ratio,12,half,constant,0.75,0.5,1.5,37.754788736630566,41.5351809401351
non_pretrained,wide_ratio,12,half,constant,0.75,1.0,0.5,37.754788736630566,41.5351809401351
non_pretrained,wide_ratio,12,half,constant,0.75,1.0,1.0,37.754788736630566,41.5351809401351
non_pretrained,wide_ratio,12,half,constant,0.75,1.0,1.5,37.754788736630566,41.5351809401351
non_pretrained,wide_ratio,12,half,frontier_trend,0.25,0.0,0.5,37.754788736630566,41.5351809401351
non_pretrained,wide_ratio,12,half,frontier_trend,0.25,0.0,1.0,37.754788736630566,41.5351809401351
non_pretrained,wide_ratio,12,half,frontier_trend,0.25,0.0,1.5,37.754788736630566,41.5351809401351
non_pretrained,wide_ratio,12,half,frontier_trend,0.25,0.5,0.5,45.89425118688804,53.05482104275585
non_pretrained,wide_ratio,12,half,frontier_trend,0.25,0.5,1.0,45.89425118688804,53.05482104275585
non_pretrained,wide_ratio,12,half,frontier_trend,0.25,0.5,1.5,45.89425118688804,53.05482104275585
non_pretrained,wide_ratio,12,half,frontier_trend,0.25,1.0,0.5,52.93428484378985,64.61224187670341
non_pretrained,wide_ratio,12,half,frontier_trend,0.25,1.0,1.0,52.93428484378985,64.61224187670341
non_pretrained,wide_ratio,12,half,frontier_trend,0.25,1.0,1.5,52.93428484378985,64.61224187670341
non_pretrained,wide_ratio,12,half,frontier_trend,0.5,0.0,0.5,37.754788736630566,41.5351809401351
non_pretrained,wide_ratio,12,half,frontier_trend,0.5,0.0,1.0,37.754788736630566,41.5351809401351
non_pretrained,wide_ratio,12,half,frontier_trend,0.5,0.0,1.5,37.754788736630566,41.5351809401351
non_pretrained,wide_ratio,12,half,frontier_trend,0.5,0.5,0.5,45.89425118688804,53.05482104275585
non_pretrained,wide_ratio,12,half,frontier_trend,0.5,0.5,1.0,45.89425118688804,53.05482104275585
non_pretrained,wide_ratio,12,half,frontier_trend,0.5,0.5,1.5,45.89425118688804,53.05482104275585
non_pretrained,wide_ratio,12,half,frontier_trend,0.5,1.0,0.5,52.93428484378985,64.61224187670341
non_pretrained,wide_ratio,12,half,frontier_trend,0.5,1.0,1.0,52.93428484378985,64.61224187670341
non_pretrained,wide_ratio,12,half,frontier_trend,0.5,1.0,1.5,52.93428484378985,64.61224187670341
non_pretrained,wide_ratio,12,half,frontier_trend,0.75,0.0,0.5,37.754788736630566,41.5351809401351
non_pretrained,wide_ratio,12,half,frontier_trend,0.75,0.0,1.0,37.754788736630566,41.5351809401351
non_pretrained,wide_ratio,12,half,frontier_trend,0.75,0.0,1.5,37.754788736630566,41.5351809401351
non_pretrained,wide_ratio,12,half,frontier_trend,0.75,0.5,0.5,45.89425118688804,53.05482104275585
non_pretrained,wide_ratio,12,half,frontier_trend,0.75,0.5,1.0,45.89425118688804,53.05482104275585
non_pretrained,wide_ratio,12,half,frontier_trend,0.75,0.5,1.5,45.89425118688804,53.05482104275585
non_pretrained,wide_ratio,12,half,frontier_trend,0.75,1.0,0.5,52.93428484378985,64.61224187670341
non_pretrained,wide_ratio,12,half,frontier_trend,0.75,1.0,1.0,52.93428484378985,64.61224187670341
non_pretrained,wide_ratio,12,half,frontier_trend,0.75,1.0,1.5,52.93428484378985,64.61224187670341
non_pretrained,wide_ratio,12,half,quantile_resource,0.25,0.0,0.5,38.72950830555444,42.51660430846286
non_pretrained,wide_ratio,12,half,quantile_resource,0.25,0.0,1.0,39.71334082732295,43.503961895282075
non_pretrained,wide_ratio,12,half,quantile_resource,0.25,0.0,1.5,40.705563890429445,44.4964997685724
non_pretrained,wide_ratio,12,half,quantile_resource,0.25,0.5,0.5,46.5998919615738,52.38070044719678
non_pretrained,wide_ratio,12,half,quantile_resource,0.25,0.5,1.0,47.619724351285484,53.375153719272
non_pretrained,wide_ratio,12,half,quantile_resource,0.25,0.5,1.5,48.65158663381505,54.37739050818362
non_pretrained,wide_ratio,12,half,quantile_resource,0.25,1.0,0.5,54.36620547125664,62.50649576374556
non_pretrained,wide_ratio,12,half,quantile_resource,0.25,1.0,1.0,55.354724177524915,63.43679824622044
non_pretrained,wide_ratio,12,half,quantile_resource,0.25,1.0,1.5,56.339024258737226,64.35585984787724
non_pretrained,wide_ratio,12,half,quantile_resource,0.5,0.0,0.5,39.71334082732295,43.503961895282075
non_pretrained,wide_ratio,12,half,quantile_resource,0.5,0.0,1.0,41.70542825837007,45.49344762180775
non_pretrained,wide_ratio,12,half,quantile_resource,0.5,0.0,1.5,43.724962573871494,47.59939489125309
non_pretrained,wide_ratio,12,half,quantile_resource,0.5,0.5,0.5,47.619724351285484,53.375153719272
non_pretrained,wide_ratio,12,half,quantile_resource,0.5,0.5,1.0,49.68459950481971,55.415012569085164
non_pretrained,wide_ratio,12,half,quantile_resource,0.5,0.5,1.5,51.75055012464356,57.35677798727637
non_pretrained,wide_ratio,12,half,quantile_resource,0.5,1.0,0.5,55.354724177524915,63.43679824622044
non_pretrained,wide_ratio,12,half,quantile_resource,0.5,1.0,1.0,57.30370273471745,65.26446898628
non_pretrained,wide_ratio,12,half,quantile_resource,0.5,1.0,1.5,59.12279245430803,67.02265676942936
non_pretrained,wide_ratio,12,half,quantile_resource,0.75,0.0,0.5,40.705563890429445,44.4964997685724
non_pretrained,wide_ratio,12,half,quantile_resource,0.75,0.0,1.0,43.724962573871494,47.59939489125309
non_pretrained,wide_ratio,12,half,quantile_resource,0.75,0.0,1.5,46.740446767019684,50.67836187165669
non_pretrained,wide_ratio,12,half,quantile_resource,0.75,0.5,0.5,48.65158663381505,54.37739050818362
non_pretrained,wide_ratio,12,half,quantile_resource,0.75,0.5,1.0,51.75055012464356,57.35677798727637
non_pretrained,wide_ratio,12,half,quantile_resource,0.75,0.5,1.5,54.77689001911581,60.21888182701905
non_pretrained,wide_ratio,12,half,quantile_resource,0.75,1.0,0.5,56.339024258737226,64.35585984787724
non_pretrained,wide_ratio,12,half,quantile_resource,0.75,1.0,1.0,59.12279245430803,67.02265676942936
non_pretrained,wide_ratio,12,half,quantile_resource,0.75,1.0,1.5,61.80848701797888,69.63916258245699
non_pretrained,wide_ratio,12,half,mean_resource,0.25,0.0,0.5,38.700446799471315,42.50022867758285
non_pretrained,wide_ratio,12,half,mean_resource,0.25,0.0,1.0,39.6547030878864,43.45106504048733
non_pretrained,wide_ratio,12,half,mean_resource,0.25,0.0,1.5,40.61689930508085,44.40529070392452
non_pretrained,wide_ratio,12,half,mean_resource,0.25,0.5,0.5,44.188143178414585,53.187205648001466
non_pretrained,wide_ratio,12,half,mean_resource,0.25,0.5,1.0,45.153789728833935,54.17518826980047
non_pretrained,wide_ratio,12,half,mean_resource,0.25,0.5,1.5,46.12309900274415,55.15989801236797
non_pretrained,wide_ratio,12,half,mean_resource,0.25,1.0,0.5,50.26856632228634,63.9089956027717
non_pretrained,wide_ratio,12,half,mean_resource,0.25,1.0,1.0,51.1544601915202,64.85310503268254
non_pretrained,wide_ratio,12,half,mean_resource,0.25,1.0,1.5,52.03963070983639,65.78573909510342
non_pretrained,wide_ratio,12,half,mean_resource,0.5,0.0,0.5,39.6547030878864,43.45106504048733
non_pretrained,wide_ratio,12,half,mean_resource,0.5,0.0,1.0,41.58635329992827,45.36337499518413
non_pretrained,wide_ratio,12,half,mean_resource,0.5,0.0,1.5,43.54419760314767,47.358570299699785
non_pretrained,wide_ratio,12,half,mean_resource,0.5,0.5,0.5,45.153789728833935,54.17518826980047
non_pretrained,wide_ratio,12,half,mean_resource,0.5,0.5,1.0,47.09552973984961,56.140577914599575
non_pretrained,wide_ratio,12,half,mean_resource,0.5,0.5,1.5,49.04790142935928,58.11289030658935
non_pretrained,wide_ratio,12,half,mean_resource,0.5,1.0,0.5,51.1544601915202,64.85310503268254
non_pretrained,wide_ratio,12,half,mean_resource,0.5,1.0,1.0,52.92352363766683,66.70633008153776
non_pretrained,wide_ratio,12,half,mean_resource,0.5,1.0,1.5,54.68527711922253,68.50928626728916
non_pretrained,wide_ratio,12,half,mean_resource,0.75,0.0,0.5,40.61689930508085,44.40529070392452
non_pretrained,wide_ratio,12,half,mean_resource,0.75,0.0,1.0,43.54419760314767,47.358570299699785
non_pretrained,wide_ratio,12,half,mean_resource,0.75,0.0,1.5,46.5171812618953,50.379523426507646
non_pretrained,wide_ratio,12,half,mean_resource,0.75,0.5,0.5,46.12309900274415,55.15989801236797
non_pretrained,wide_ratio,12,half,mean_resource,0.75,0.5,1.0,49.04790142935928,58.11289030658935
non_pretrained,wide_ratio,12,half,mean_resource,0.75,0.5,1.5,51.98003288171855,61.10145140915819
non_pretrained,wide_ratio,12,half,mean_resource,0.75,1.0,0.5,52.03963070983639,65.78573909510342
non_pretrained,wide_ratio,12,half,mean_resource,0.75,1.0,1.0,54.68527711922253,68.50928626728916
non_pretrained,wide_ratio,12,half,mean_resource,0.75,1.0,1.5,57.304725764004274,71.1112358947417
non_pretrained,wide_ratio,12,quarter,constant,0.25,0.0,0.5,37.754788736630566,41.5351809401351
non_pretrained,wide_ratio,12,quarter,constant,0.25,0.0,1.0,37.754788736630566,41.5351809401351
non_pretrained,wide_ratio,12,quarter,constant,0.25,0.0,1.5,37.754788736630566,41.5351809401351
non_pretrained,wide_ratio,12,quarter,constant,0.25,0.5,0.5,37.754788736630566,41.5351809401351
non_pretrained,wide_ratio,12,quarter,constant,0.25,0.5,1.0,37.754788736630566,41.5351809401351
non_pretrained,wide_ratio,12,quarter,constant,0.25,0.5,1.5,37.754788736630566,41.5351809401351
non_pretrained,wide_ratio,12,quarter,constant,0.25,1.0,0.5,37.754788736630566,41.5351809401351
non_pretrained,wide_ratio,12,quarter,constant,0.25,1.0,1.0,37.754788736630566,41.5351809401351
non_pretrained,wide_ratio,12,quarter,constant,0.25,1.0,1.5,37.754788736630566,41.5351809401351
non_pretrained,wide_ratio,12,quarter,constant,0.5,0.0,0.5,37.754788736630566,41.5351809401351
non_pretrained,wide_ratio,12,quarter,constant,0.5,0.0,1.0,37.754788736630566,41.5351809401351
non_pretrained,wide_ratio,12,quarter,constant,0.5,0.0,1.5,37.754788736630566,41.5351809401351
non_pretrained,wide_ratio,12,quarter,constant,0.5,0.5,0.5,37.754788736630566,41.5351809401351
non_pretrained,wide_ratio,12,quarter,constant,0.5,0.5,1.0,37.754788736630566,41.5351809401351
non_pretrained,wide_ratio,12,quarter,constant,0.5,0.5,1.5,37.754788736630566,41.5351809401351
non_pretrained,wide_ratio,12,quarter,constant,0.5,1.0,0.5,37.754788736630566,41.5351809401351
non_pretrained,wide_ratio,12,quarter,constant,0.5,1.0,1.0,37.754788736630566,41.5351809401351
non_pretrained,wide_ratio,12,quarter,constant,0.5,1.0,1.5,37.754788736630566,41.5351809401351
non_pretrained,wide_ratio,12,quarter,constant,0.75,0.0,0.5,37.754788736630566,41.5351809401351
non_pretrained,wide_ratio,12,quarter,constant,0.75,0.0,1.0,37.754788736630566,41.5351809401351
non_pretrained,wide_ratio,12,quarter,constant,0.75,0.0,1.5,37.754788736630566,41.5351809401351
non_pretrained,wide_ratio,12,quarter,constant,0.75,0.5,0.5,37.754788736630566,41.5351809401351
non_pretrained,wide_ratio,12,quarter,constant,0.75,0.5,1.0,37.754788736630566,41.5351809401351
non_pretrained,wide_ratio,12,quarter,constant,0.75,0.5,1.5,37.754788736630566,41.5351809401351
non_pretrained,wide_ratio,12,quarter,constant,0.75,1.0,0.5,37.754788736630566,41.5351809401351
non_pretrained,wide_ratio,12,quarter,constant,0.75,1.0,1.0,37.754788736630566,41.5351809401351
non_pretrained,wide_ratio,12,quarter,constant,0.75,1.0,1.5,37.754788736630566,41.5351809401351
non_pretrained,wide_ratio,12,quarter,frontier_trend,0.25,0.0,0.5,37.754788736630566,41.5351809401351
non_pretrained,wide_ratio,12,quarter,frontier_trend,0.25,0.0,1.0,37.754788736630566,41.5351809401351
non_pretrained,wide_ratio,12,quarter,frontier_trend,0.25,0.0,1.5,37.754788736630566,41.5351809401351
non_pretrained,wide_ratio,12,quarter,frontier_trend,0.25,0.5,0.5,45.89425118688804,53.05482104275585
non_pretrained,wide_ratio,12,quarter,frontier_trend,0.25,0.5,1.0,45.89425118688804,53.05482104275585
non_pretrained,wide_ratio,12,quarter,frontier_trend,0.25,0.5,1.5,45.89425118688804,53.05482104275585
non_pretrained,wide_ratio,12,quarter,frontier_trend,0.25,1.0,0.5,52.93428484378985,64.61224187670341
non_pretrained,wide_ratio,12,quarter,frontier_trend,0.25,1.0,1.0,52.93428484378985,64.61224187670341
non_pretrained,wide_ratio,12,quarter,frontier_trend,0.25,1.0,1.5,52.93428484378985,64.61224187670341
non_pretrained,wide_ratio,12,quarter,frontier_trend,0.5,0.0,0.5,37.754788736630566,41.5351809401351
non_pretrained,wide_ratio,12,quarter,frontier_trend,0.5,0.0,1.0,37.754788736630566,41.5351809401351
non_pretrained,wide_ratio,12,quarter,frontier_trend,0.5,0.0,1.5,37.754788736630566,41.5351809401351
non_pretrained,wide_ratio,12,quarter,frontier_trend,0.5,0.5,0.5,45.89425118688804,53.05482104275585
non_pretrained,wide_ratio,12,quarter,frontier_trend,0.5,0.5,1.0,45.89425118688804,53.05482104275585
non_pretrained,wide_ratio,12,quarter,frontier_trend,0.5,0.5,1.5,45.89425118688804,53.05482104275585
non_pretrained,wide_ratio,12,quarter,frontier_trend,0.5,1.0,0.5,52.93428484378985,64.61224187670341
non_pretrained,wide_ratio,12,quarter,frontier_trend,0.5,1.0,1.0,52.93428484378985,64.61224187670341
non_pretrained,wide_ratio,12,quarter,frontier_trend,0.5,1.0,1.5,52.93428484378985,64.61224187670341
non_pretrained,wide_ratio,12,quarter,frontier_trend,0.75,0.0,0.5,37.754788736630566,41.5351809401351
non_pretrained,wide_ratio,12,quarter,frontier_trend,0.75,0.0,1.0,37.754788736630566,41.5351809401351
non_pretrained,wide_ratio,12,quarter,frontier_trend,0.75,0.0,1.5,37.754788736630566,41.5351809401351
non_pretrained,wide_ratio,12,quarter,frontier_trend,0.75,0.5,0.5,45.89425118688804,53.05482104275585
non_pretrained,wide_ratio,12,quarter,frontier_trend,0.75,0.5,1.0,45.89425118688804,53.05482104275585
non_pretrained,wide_ratio,12,quarter,frontier_trend,0.75,0.5,1.5,45.89425118688804,53.05482104275585
non_pretrained,wide_ratio,12,quarter,frontier_trend,0.75,1.0,0.5,52.93428484378985,64.61224187670341
non_pretrained,wide_ratio,12,quarter,frontier_trend,0.75,1.0,1.0,52.93428484378985,64.61224187670341
non_pretrained,wide_ratio,12,quarter,frontier_trend,0.75,1.0,1.5,52.93428484378985,64.61224187670341
non_pretrained,wide_ratio,12,quarter,quantile_resource,0.25,0.0,0.5,38.24096535279375,42.02510442748636
non_pretrained,wide_ratio,12,quarter,quantile_resource,0.25,0.0,1.0,38.72950830555444,42.51660430846286
non_pretrained,wide_ratio,12,quarter,quantile_resource,0.25,0.0,1.5,39.220329945984446,43.00958803490513
non_pretrained,wide_ratio,12,quarter,quantile_resource,0.25,0.5,0.5,46.10166535912388,51.88271528544348
non_pretrained,wide_ratio,12,quarter,quantile_resource,0.25,0.5,1.0,46.5998919615738,52.38070044719678
non_pretrained,wide_ratio,12,quarter,quantile_resource,0.25,0.5,1.5,47.10449915579572,52.87821266952387
non_pretrained,wide_ratio,12,quarter,quantile_resource,0.25,1.0,0.5,53.90057521800345,62.0376586263658
non_pretrained,wide_ratio,12,quarter,quantile_resource,0.25,1.0,1.0,54.36620547125664,62.50649576374556
non_pretrained,wide_ratio,12,quarter,quantile_resource,0.25,1.0,1.5,54.860944570526144,62.972998568647
non_pretrained,wide_ratio,12,quarter,quantile_resource,0.5,0.0,0.5,38.72950830555444,42.51660430846286
non_pretrained,wide_ratio,12,quarter,quantile_resource,0.5,0.0,1.0,39.71334082732295,43.503961895282075
non_pretrained,wide_ratio,12,quarter,quantile_resource,0.5,0.0,1.5,40.705563890429445,44.4964997685724
non_pretrained,wide_ratio,12,quarter,quantile_resource,0.5,0.5,0.5,46.5998919615738,52.38070044719678
non_pretrained,wide_ratio,12,quarter,quantile_resource,0.5,0.5,1.0,47.619724351285484,53.375153719272
non_pretrained,wide_ratio,12,quarter,quantile_resource,0.5,0.5,1.5,48.65158663381505,54.37739050818362
non_pretrained,wide_ratio,12,quarter,quantile_resource,0.5,1.0,0.5,54.36620547125664,62.50649576374556
non_pretrained,wide_ratio,12,quarter,quantile_resource,0.5,1.0,1.0,55.354724177524915,63.43679824622044
non_pretrained,wide_ratio,12,quarter,quantile_resource,0.5,1.0,1.5,56.339024258737226,64.35585984787724
non_pretrained,wide_ratio,12,quarter,quantile_resource,0.75,0.0,0.5,39.220329945984446,43.00958803490513
non_pretrained,wide_ratio,12,quarter,quantile_resource,0.75,0.0,1.0,40.705563890429445,44.4964997685724
non_pretrained,wide_ratio,12,quarter,quantile_resource,0.75,0.0,1.5,42.20798497234154,46.00967769555983
non_pretrained,wide_ratio,12,quarter,quantile_resource,0.75,0.5,0.5,47.10449915579572,52.87821266952387
non_pretrained,wide_ratio,12,quarter,quantile_resource,0.75,0.5,1.0,48.65158663381505,54.37739050818362
non_pretrained,wide_ratio,12,quarter,quantile_resource,0.75,0.5,1.5,50.20126201580985,55.91019086780021
non_pretrained,wide_ratio,12,quarter,quantile_resource,0.75,1.0,0.5,54.860944570526144,62.972998568647
non_pretrained,wide_ratio,12,quarter,quantile_resource,0.75,1.0,1.0,56.339024258737226,64.35585984787724
non_pretrained,wide_ratio,12,quarter,quantile_resource,0.75,1.0,1.5,57.76053435075968,65.7146867010647
non_pretrained,wide_ratio,12,quarter,mean_resource,0.25,0.0,0.5,38.22650282394183,42.01694186208112
non_pretrained,wide_ratio,12,quarter,mean_resource,0.25,0.0,1.0,38.700446799471315,42.50022867758285
non_pretrained,wide_ratio,12,quarter,mean_resource,0.25,0.0,1.5,39.176540730010544,42.97572095792763
non_pretrained,wide_ratio,12,quarter,mean_resource,0.25,0.5,0.5,43.70691646091686,52.69222641732072
non_pretrained,wide_ratio,12,quarter,mean_resource,0.25,0.5,1.0,44.188143178414585,53.187205648001466
non_pretrained,wide_ratio,12,quarter,mean_resource,0.25,0.5,1.5,44.67046382050248,53.681558332007356
non_pretrained,wide_ratio,12,quarter,mean_resource,0.25,1.0,0.5,49.82552186446606,63.43282428770447
non_pretrained,wide_ratio,12,quarter,mean_resource,0.25,1.0,1.0,50.26856632228634,63.9089956027717
non_pretrained,wide_ratio,12,quarter,mean_resource,0.25,1.0,1.5,50.71156894870078,64.38244792655787
non_pretrained,wide_ratio,12,quarter,mean_resource,0.5,0.0,0.5,38.700446799471315,42.50022867758285
non_pretrained,wide_ratio,12,quarter,mean_resource,0.5,0.0,1.0,39.6547030878864,43.45106504048733
non_pretrained,wide_ratio,12,quarter,mean_resource,0.5,0.0,1.5,40.61689930508085,44.40529070392452
non_pretrained,wide_ratio,12,quarter,mean_resource,0.5,0.5,0.5,44.188143178414585,53.187205648001466
non_pretrained,wide_ratio,12,quarter,mean_resource,0.5,0.5,1.0,45.153789728833935,54.17518826980047
non_pretrained,wide_ratio,12,quarter,mean_resource,0.5,0.5,1.5,46.12309900274415,55.15989801236797
non_pretrained,wide_ratio,12,quarter,mean_resource,0.5,1.0,0.5,50.26856632228634,63.9089956027717
non_pretrained,wide_ratio,12,quarter,mean_resource,0.5,1.0,1.0,51.1544601915202,64.85310503268254
non_pretrained,wide_ratio,12,quarter,mean_resource,0.5,1.0,1.5,52.03963070983639,65.78573909510342
non_pretrained,wide_ratio,12,quarter,mean_resource,0.75,0.0,0.5,39.176540730010544,42.97572095792763
non_pretrained,wide_ratio,12,quarter,mean_resource,0.75,0.0,1.0,40.61689930508085,44.40529070392452
non_pretrained,wide_ratio,12,quarter,mean_resource,0.75,0.0,1.5,42.073582705728576,45.84340387169326
non_pretrained,wide_ratio,12,quarter,mean_resource,0.75,0.5,0.5,44.67046382050248,53.681558332007356
non_pretrained,wide_ratio,12,quarter,mean_resource,0.75,0.5,1.0,46.12309900274415,55.15989801236797
non_pretrained,wide_ratio,12,quarter,mean_resource,0.75,0.5,1.5,47.58302445674107,56.629173486907305
non_pretrained,wide_ratio,12,quarter,mean_resource,0.75,1.0,0.5,50.71156894870078,64.38244792655787
non_pretrained,wide_ratio,12,quarter,mean_resource,0.75,1.0,1.0,52.03963070983639,65.78573909510342
non_pretrained,wide_ratio,12,quarter,mean_resource,0.75,1.0,1.5,53.364818642001346,67.16194147833419
non_pretrained,wide_ratio,12,stopped,constant,0.25,0.0,0.5,37.754788736630566,41.5351809401351
non_pretrained,wide_ratio,12,stopped,constant,0.25,0.0,1.0,37.754788736630566,41.5351809401351
non_pretrained,wide_ratio,12,stopped,constant,0.25,0.0,1.5,37.754788736630566,41.5351809401351
non_pretrained,wide_ratio,12,stopped,constant,0.25,0.5,0.5,37.754788736630566,41.5351809401351
non_pretrained,wide_ratio,12,stopped,constant,0.25,0.5,1.0,37.754788736630566,41.5351809401351
non_pretrained,wide_ratio,12,stopped,constant,0.25,0.5,1.5,37.754788736630566,41.5351809401351
non_pretrained,wide_ratio,12,stopped,constant,0.25,1.0,0.5,37.754788736630566,41.5351809401351
non_pretrained,wide_ratio,12,stopped,constant,0.25,1.0,1.0,37.754788736630566,41.5351809401351
non_pretrained,wide_ratio,12,stopped,constant,0.25,1.0,1.5,37.754788736630566,41.5351809401351
non_pretrained,wide_ratio,12,stopped,constant,0.5,0.0,0.5,37.754788736630566,41.5351809401351
non_pretrained,wide_ratio,12,stopped,constant,0.5,0.0,1.0,37.754788736630566,41.5351809401351
non_pretrained,wide_ratio,12,stopped,constant,0.5,0.0,1.5,37.754788736630566,41.5351809401351
non_pretrained,wide_ratio,12,stopped,constant,0.5,0.5,0.5,37.754788736630566,41.5351809401351
non_pretrained,wide_ratio,12,stopped,constant,0.5,0.5,1.0,37.754788736630566,41.5351809401351
non_pretrained,wide_ratio,12,stopped,constant,0.5,0.5,1.5,37.754788736630566,41.5351809401351
non_pretrained,wide_ratio,12,stopped,constant,0.5,1.0,0.5,37.754788736630566,41.5351809401351
non_pretrained,wide_ratio,12,stopped,constant,0.5,1.0,1.0,37.754788736630566,41.5351809401351
non_pretrained,wide_ratio,12,stopped,constant,0.5,1.0,1.5,37.754788736630566,41.5351809401351
non_pretrained,wide_ratio,12,stopped,constant,0.75,0.0,0.5,37.754788736630566,41.5351809401351
non_pretrained,wide_ratio,12,stopped,constant,0.75,0.0,1.0,37.754788736630566,41.5351809401351
non_pretrained,wide_ratio,12,stopped,constant,0.75,0.0,1.5,37.754788736630566,41.5351809401351
non_pretrained,wide_ratio,12,stopped,constant,0.75,0.5,0.5,37.754788736630566,41.5351809401351
non_pretrained,wide_ratio,12,stopped,constant,0.75,0.5,1.0,37.754788736630566,41.5351809401351
non_pretrained,wide_ratio,12,stopped,constant,0.75,0.5,1.5,37.754788736630566,41.5351809401351
non_pretrained,wide_ratio,12,stopped,constant,0.75,1.0,0.5,37.754788736630566,41.5351809401351
non_pretrained,wide_ratio,12,stopped,constant,0.75,1.0,1.0,37.754788736630566,41.5351809401351
non_pretrained,wide_ratio,12,stopped,constant,0.75,1.0,1.5,37.754788736630566,41.5351809401351
non_pretrained,wide_ratio,12,stopped,frontier_trend,0.25,0.0,0.5,37.754788736630566,41.5351809401351
non_pretrained,wide_ratio,12,stopped,frontier_trend,0.25,0.0,1.0,37.754788736630566,41.5351809401351
non_pretrained,wide_ratio,12,stopped,frontier_trend,0.25,0.0,1.5,37.754788736630566,41.5351809401351
non_pretrained,wide_ratio,12,stopped,frontier_trend,0.25,0.5,0.5,45.89425118688804,53.05482104275585
non_pretrained,wide_ratio,12,stopped,frontier_trend,0.25,0.5,1.0,45.89425118688804,53.05482104275585
non_pretrained,wide_ratio,12,stopped,frontier_trend,0.25,0.5,1.5,45.89425118688804,53.05482104275585
non_pretrained,wide_ratio,12,stopped,frontier_trend,0.25,1.0,0.5,52.93428484378985,64.61224187670341
non_pretrained,wide_ratio,12,stopped,frontier_trend,0.25,1.0,1.0,52.93428484378985,64.61224187670341
non_pretrained,wide_ratio,12,stopped,frontier_trend,0.25,1.0,1.5,52.93428484378985,64.61224187670341
non_pretrained,wide_ratio,12,stopped,frontier_trend,0.5,0.0,0.5,37.754788736630566,41.5351809401351
non_pretrained,wide_ratio,12,stopped,frontier_trend,0.5,0.0,1.0,37.754788736630566,41.5351809401351
non_pretrained,wide_ratio,12,stopped,frontier_trend,0.5,0.0,1.5,37.754788736630566,41.5351809401351
non_pretrained,wide_ratio,12,stopped,frontier_trend,0.5,0.5,0.5,45.89425118688804,53.05482104275585
non_pretrained,wide_ratio,12,stopped,frontier_trend,0.5,0.5,1.0,45.89425118688804,53.05482104275585
non_pretrained,wide_ratio,12,stopped,frontier_trend,0.5,0.5,1.5,45.89425118688804,53.05482104275585
non_pretrained,wide_ratio,12,stopped,frontier_trend,0.5,1.0,0.5,52.93428484378985,64.61224187670341
non_pretrained,wide_ratio,12,stopped,frontier_trend,0.5,1.0,1.0,52.93428484378985,64.61224187670341
non_pretrained,wide_ratio,12,stopped,frontier_trend,0.5,1.0,1.5,52.93428484378985,64.61224187670341
non_pretrained,wide_ratio,12,stopped,frontier_trend,0.75,0.0,0.5,37.754788736630566,41.5351809401351
non_pretrained,wide_ratio,12,stopped,frontier_trend,0.75,0.0,1.0,37.754788736630566,41.5351809401351
non_pretrained,wide_ratio,12,stopped,frontier_trend,0.75,0.0,1.5,37.754788736630566,41.5351809401351
non_pretrained,wide_ratio,12,stopped,frontier_trend,0.75,0.5,0.5,45.89425118688804,53.05482104275585
non_pretrained,wide_ratio,12,stopped,frontier_trend,0.75,0.5,1.0,45.89425118688804,53.05482104275585
non_pretrained,wide_ratio,12,stopped,frontier_trend,0.75,0.5,1.5,45.89425118688804,53.05482104275585
non_pretrained,wide_ratio,12,stopped,frontier_trend,0.75,1.0,0.5,52.93428484378985,64.61224187670341
non_pretrained,wide_ratio,12,stopped,frontier_trend,0.75,1.0,1.0,52.93428484378985,64.61224187670341
non_pretrained,wide_ratio,12,stopped,frontier_trend,0.75,1.0,1.5,52.93428484378985,64.61224187670341
non_pretrained,wide_ratio,12,stopped,quantile_resource,0.25,0.0,0.5,37.754788736630566,41.5351809401351
non_pretrained,wide_ratio,12,stopped,quantile_resource,0.25,0.0,1.0,37.754788736630566,41.5351809401351
non_pretrained,wide_ratio,12,stopped,quantile_resource,0.25,0.0,1.5,37.754788736630566,41.5351809401351
non_pretrained,wide_ratio,12,stopped,quantile_resource,0.25,0.5,0.5,45.60421648597555,51.38435579274429
non_pretrained,wide_ratio,12,stopped,quantile_resource,0.25,0.5,1.0,45.60421648597555,51.38435579274429
non_pretrained,wide_ratio,12,stopped,quantile_resource,0.25,0.5,1.5,45.60421648597555,51.38435579274429
non_pretrained,wide_ratio,12,stopped,quantile_resource,0.25,1.0,0.5,53.443479409627244,61.56656363349974
non_pretrained,wide_ratio,12,stopped,quantile_resource,0.25,1.0,1.0,53.443479409627244,61.56656363349974
non_pretrained,wide_ratio,12,stopped,quantile_resource,0.25,1.0,1.5,53.443479409627244,61.56656363349974
non_pretrained,wide_ratio,12,stopped,quantile_resource,0.5,0.0,0.5,37.754788736630566,41.5351809401351
non_pretrained,wide_ratio,12,stopped,quantile_resource,0.5,0.0,1.0,37.754788736630566,41.5351809401351
non_pretrained,wide_ratio,12,stopped,quantile_resource,0.5,0.0,1.5,37.754788736630566,41.5351809401351
non_pretrained,wide_ratio,12,stopped,quantile_resource,0.5,0.5,0.5,45.60421648597555,51.38435579274429
non_pretrained,wide_ratio,12,stopped,quantile_resource,0.5,0.5,1.0,45.60421648597555,51.38435579274429
non_pretrained,wide_ratio,12,stopped,quantile_resource,0.5,0.5,1.5,45.60421648597555,51.38435579274429
non_pretrained,wide_ratio,12,stopped,quantile_resource,0.5,1.0,0.5,53.443479409627244,61.56656363349974
non_pretrained,wide_ratio,12,stopped,quantile_resource,0.5,1.0,1.0,53.443479409627244,61.56656363349974
non_pretrained,wide_ratio,12,stopped,quantile_resource,0.5,1.0,1.5,53.443479409627244,61.56656363349974
non_pretrained,wide_ratio,12,stopped,quantile_resource,0.75,0.0,0.5,37.754788736630566,41.5351809401351
non_pretrained,wide_ratio,12,stopped,quantile_resource,0.75,0.0,1.0,37.754788736630566,41.5351809401351
non_pretrained,wide_ratio,12,stopped,quantile_resource,0.75,0.0,1.5,37.754788736630566,41.5351809401351
non_pretrained,wide_ratio,12,stopped,quantile_resource,0.75,0.5,0.5,45.60421648597555,51.38435579274429
non_pretrained,wide_ratio,12,stopped,quantile_resource,0.75,0.5,1.0,45.60421648597555,51.38435579274429
non_pretrained,wide_ratio,12,stopped,quantile_resource,0.75,0.5,1.5,45.60421648597555,51.38435579274429
non_pretrained,wide_ratio,12,stopped,quantile_resource,0.75,1.0,0.5,53.443479409627244,61.56656363349974
non_pretrained,wide_ratio,12,stopped,quantile_resource,0.75,1.0,1.0,53.443479409627244,61.56656363349974
non_pretrained,wide_ratio,12,stopped,quantile_resource,0.75,1.0,1.5,53.443479409627244,61.56656363349974
non_pretrained,wide_ratio,12,stopped,mean_resource,0.25,0.0,0.5,37.754788736630566,41.5351809401351
non_pretrained,wide_ratio,12,stopped,mean_resource,0.25,0.0,1.0,37.754788736630566,41.5351809401351
non_pretrained,wide_ratio,12,stopped,mean_resource,0.25,0.0,1.5,37.754788736630566,41.5351809401351
non_pretrained,wide_ratio,12,stopped,mean_resource,0.25,0.5,0.5,43.2268715078119,52.19671733123483
non_pretrained,wide_ratio,12,stopped,mean_resource,0.25,0.5,1.0,43.2268715078119,52.19671733123483
non_pretrained,wide_ratio,12,stopped,mean_resource,0.25,0.5,1.5,43.2268715078119,52.19671733123483
non_pretrained,wide_ratio,12,stopped,mean_resource,0.25,1.0,0.5,49.382505153478895,62.95401224441246
non_pretrained,wide_ratio,12,stopped,mean_resource,0.25,1.0,1.0,49.382505153478895,62.95401224441246
non_pretrained,wide_ratio,12,stopped,mean_resource,0.25,1.0,1.5,49.382505153478895,62.95401224441246
non_pretrained,wide_ratio,12,stopped,mean_resource,0.5,0.0,0.5,37.754788736630566,41.5351809401351
non_pretrained,wide_ratio,12,stopped,mean_resource,0.5,0.0,1.0,37.754788736630566,41.5351809401351
non_pretrained,wide_ratio,12,stopped,mean_resource,0.5,0.0,1.5,37.754788736630566,41.5351809401351
non_pretrained,wide_ratio,12,stopped,mean_resource,0.5,0.5,0.5,43.2268715078119,52.19671733123483
non_pretrained,wide_ratio,12,stopped,mean_resource,0.5,0.5,1.0,43.2268715078119,52.19671733123483
non_pretrained,wide_ratio,12,stopped,mean_resource,0.5,0.5,1.5,43.2268715078119,52.19671733123483
non_pretrained,wide_ratio,12,stopped,mean_resource,0.5,1.0,0.5,49.382505153478895,62.95401224441246
non_pretrained,wide_ratio,12,stopped,mean_resource,0.5,1.0,1.0,49.382505153478895,62.95401224441246
non_pretrained,wide_ratio,12,stopped,mean_resource,0.5,1.0,1.5,49.382505153478895,62.95401224441246
non_pretrained,wide_ratio,12,stopped,mean_resource,0.75,0.0,0.5,37.754788736630566,41.5351809401351
non_pretrained,wide_ratio,12,stopped,mean_resource,0.75,0.0,1.0,37.754788736630566,41.5351809401351
non_pretrained,wide_ratio,12,stopped,mean_resource,0.75,0.0,1.5,37.754788736630566,41.5351809401351
non_pretrained,wide_ratio,12,stopped,mean_resource,0.75,0.5,0.5,43.2268715078119,52.19671733123483
non_pretrained,wide_ratio,12,stopped,mean_resource,0.75,0.5,1.0,43.2268715078119,52.19671733123483
non_pretrained,wide_ratio,12,stopped,mean_resource,0.75,0.5,1.5,43.2268715078119,52.19671733123483
non_pretrained,wide_ratio,12,stopped,mean_resource,0.75,1.0,0.5,49.382505153478895,62.95401224441246
non_pretrained,wide_ratio,12,stopped,mean_resource,0.75,1.0,1.0,49.382505153478895,62.95401224441246
non_pretrained,wide_ratio,12,stopped,mean_resource,0.75,1.0,1.5,49.382505153478895,62.95401224441246
non_pretrained,wide_ratio,24,historical,constant,0.25,0.0,0.5,37.754788736630566,41.5351809401351
non_pretrained,wide_ratio,24,historical,constant,0.25,0.0,1.0,37.754788736630566,41.5351809401351
non_pretrained,wide_ratio,24,historical,constant,0.25,0.0,1.5,37.754788736630566,41.5351809401351
non_pretrained,wide_ratio,24,historical,constant,0.25,0.5,0.5,37.754788736630566,41.5351809401351
non_pretrained,wide_ratio,24,historical,constant,0.25,0.5,1.0,37.754788736630566,41.5351809401351
non_pretrained,wide_ratio,24,historical,constant,0.25,0.5,1.5,37.754788736630566,41.5351809401351
non_pretrained,wide_ratio,24,historical,constant,0.25,1.0,0.5,37.754788736630566,41.5351809401351
non_pretrained,wide_ratio,24,historical,constant,0.25,1.0,1.0,37.754788736630566,41.5351809401351
non_pretrained,wide_ratio,24,historical,constant,0.25,1.0,1.5,37.754788736630566,41.5351809401351
non_pretrained,wide_ratio,24,historical,constant,0.5,0.0,0.5,37.754788736630566,41.5351809401351
non_pretrained,wide_ratio,24,historical,constant,0.5,0.0,1.0,37.754788736630566,41.5351809401351
non_pretrained,wide_ratio,24,historical,constant,0.5,0.0,1.5,37.754788736630566,41.5351809401351
non_pretrained,wide_ratio,24,historical,constant,0.5,0.5,0.5,37.754788736630566,41.5351809401351
non_pretrained,wide_ratio,24,historical,constant,0.5,0.5,1.0,37.754788736630566,41.5351809401351
non_pretrained,wide_ratio,24,historical,constant,0.5,0.5,1.5,37.754788736630566,41.5351809401351
non_pretrained,wide_ratio,24,historical,constant,0.5,1.0,0.5,37.754788736630566,41.5351809401351
non_pretrained,wide_ratio,24,historical,constant,0.5,1.0,1.0,37.754788736630566,41.5351809401351
non_pretrained,wide_ratio,24,historical,constant,0.5,1.0,1.5,37.754788736630566,41.5351809401351
non_pretrained,wide_ratio,24,historical,constant,0.75,0.0,0.5,37.754788736630566,41.5351809401351
non_pretrained,wide_ratio,24,historical,constant,0.75,0.0,1.0,37.754788736630566,41.5351809401351
non_pretrained,wide_ratio,24,historical,constant,0.75,0.0,1.5,37.754788736630566,41.5351809401351
non_pretrained,wide_ratio,24,historical,constant,0.75,0.5,0.5,37.754788736630566,41.5351809401351
non_pretrained,wide_ratio,24,historical,constant,0.75,0.5,1.0,37.754788736630566,41.5351809401351
non_pretrained,wide_ratio,24,historical,constant,0.75,0.5,1.5,37.754788736630566,41.5351809401351
non_pretrained,wide_ratio,24,historical,constant,0.75,1.0,0.5,37.754788736630566,41.5351809401351
non_pretrained,wide_ratio,24,historical,constant,0.75,1.0,1.0,37.754788736630566,41.5351809401351
non_pretrained,wide_ratio,24,historical,constant,0.75,1.0,1.5,37.754788736630566,41.5351809401351
non_pretrained,wide_ratio,24,historical,frontier_trend,0.25,0.0,0.5,37.754788736630566,41.5351809401351
non_pretrained,wide_ratio,24,historical,frontier_trend,0.25,0.0,1.0,37.754788736630566,41.5351809401351
non_pretrained,wide_ratio,24,historical,frontier_trend,0.25,0.0,1.5,37.754788736630566,41.5351809401351
non_pretrained,wide_ratio,24,historical,frontier_trend,0.25,0.5,0.5,52.93428484378985,64.61224187670341
non_pretrained,wide_ratio,24,historical,frontier_trend,0.25,0.5,1.0,52.93428484378985,64.61224187670341
non_pretrained,wide_ratio,24,historical,frontier_trend,0.25,0.5,1.5,52.93428484378985,64.61224187670341
non_pretrained,wide_ratio,24,historical,frontier_trend,0.25,1.0,0.5,66.99951089995268,82.71651408897162
non_pretrained,wide_ratio,24,historical,frontier_trend,0.25,1.0,1.0,66.99951089995268,82.71651408897162
non_pretrained,wide_ratio,24,historical,frontier_trend,0.25,1.0,1.5,66.99951089995268,82.71651408897162
non_pretrained,wide_ratio,24,historical,frontier_trend,0.5,0.0,0.5,37.754788736630566,41.5351809401351
non_pretrained,wide_ratio,24,historical,frontier_trend,0.5,0.0,1.0,37.754788736630566,41.5351809401351
non_pretrained,wide_ratio,24,historical,frontier_trend,0.5,0.0,1.5,37.754788736630566,41.5351809401351
non_pretrained,wide_ratio,24,historical,frontier_trend,0.5,0.5,0.5,52.93428484378985,64.61224187670341
non_pretrained,wide_ratio,24,historical,frontier_trend,0.5,0.5,1.0,52.93428484378985,64.61224187670341
non_pretrained,wide_ratio,24,historical,frontier_trend,0.5,0.5,1.5,52.93428484378985,64.61224187670341
non_pretrained,wide_ratio,24,historical,frontier_trend,0.5,1.0,0.5,66.99951089995268,82.71651408897162
non_pretrained,wide_ratio,24,historical,frontier_trend,0.5,1.0,1.0,66.99951089995268,82.71651408897162
non_pretrained,wide_ratio,24,historical,frontier_trend,0.5,1.0,1.5,66.99951089995268,82.71651408897162
non_pretrained,wide_ratio,24,historical,frontier_trend,0.75,0.0,0.5,37.754788736630566,41.5351809401351
non_pretrained,wide_ratio,24,historical,frontier_trend,0.75,0.0,1.0,37.754788736630566,41.5351809401351
non_pretrained,wide_ratio,24,historical,frontier_trend,0.75,0.0,1.5,37.754788736630566,41.5351809401351
non_pretrained,wide_ratio,24,historical,frontier_trend,0.75,0.5,0.5,52.93428484378985,64.61224187670341
non_pretrained,wide_ratio,24,historical,frontier_trend,0.75,0.5,1.0,52.93428484378985,64.61224187670341
non_pretrained,wide_ratio,24,historical,frontier_trend,0.75,0.5,1.5,52.93428484378985,64.61224187670341
non_pretrained,wide_ratio,24,historical,frontier_trend,0.75,1.0,0.5,66.99951089995268,82.71651408897162
non_pretrained,wide_ratio,24,historical,frontier_trend,0.75,1.0,1.0,66.99951089995268,82.71651408897162
non_pretrained,wide_ratio,24,historical,frontier_trend,0.75,1.0,1.5,66.99951089995268,82.71651408897162
non_pretrained,wide_ratio,24,historical,quantile_resource,0.25,0.0,0.5,41.70542825837007,45.49344762180775
non_pretrained,wide_ratio,24,historical,quantile_resource,0.25,0.0,1.0,45.76549705456622,49.67863929907805
non_pretrained,wide_ratio,24,historical,quantile_resource,0.25,0.0,1.5,49.49464720566739,53.78589515320175
non_pretrained,wide_ratio,24,historical,quantile_resource,0.25,0.5,0.5,57.30370273471745,65.26446898628
non_pretrained,wide_ratio,24,historical,quantile_resource,0.25,0.5,1.0,60.91723626026232,68.74804979553868
non_pretrained,wide_ratio,24,historical,quantile_resource,0.25,0.5,1.5,64.60720421478162,72.1141548591165
non_pretrained,wide_ratio,24,historical,quantile_resource,0.25,1.0,0.5,71.62996105493,81.18502629710449
non_pretrained,wide_ratio,24,historical,quantile_resource,0.25,1.0,1.0,74.51125633496719,83.37741057128935
non_pretrained,wide_ratio,24,historical,quantile_resource,0.25,1.0,1.5,77.19311246318365,85.43915481613448
non_pretrained,wide_ratio,24,historical,quantile_resource,0.5,0.0,0.5,45.76549705456622,49.67863929907805
non_pretrained,wide_ratio,24,historical,quantile_resource,0.5,0.0,1.0,53.19237048452908,57.88561342843085
non_pretrained,wide_ratio,24,historical,quantile_resource,0.5,0.0,1.5,60.57658188224276,65.748796217718
non_pretrained,wide_ratio,24,historical,quantile_resource,0.5,0.5,0.5,60.91723626026232,68.74804979553868
non_pretrained,wide_ratio,24,historical,quantile_resource,0.5,0.5,1.0,68.46477068600815,75.20876703442136
non_pretrained,wide_ratio,24,historical,quantile_resource,0.5,0.5,1.5,74.96084952780443,80.74307861395692
non_pretrained,wide_ratio,24,historical,quantile_resource,0.5,1.0,0.5,74.51125633496719,83.37741057128935
non_pretrained,wide_ratio,24,historical,quantile_resource,0.5,1.0,1.0,79.66979453364623,87.33543077443692
non_pretrained,wide_ratio,24,historical,quantile_resource,0.5,1.0,1.5,84.00841853915281,90.55585113454205
non_pretrained,wide_ratio,24,historical,quantile_resource,0.75,0.0,0.5,49.49464720566739,53.78589515320175
non_pretrained,wide_ratio,24,historical,quantile_resource,0.75,0.0,1.0,60.57658188224276,65.748796217718
non_pretrained,wide_ratio,24,historical,quantile_resource,0.75,0.0,1.5,70.82566534520404,76.35233262993445
non_pretrained,wide_ratio,24,historical,quantile_resource,0.75,0.5,0.5,64.60720421478162,72.1141548591165
non_pretrained,wide_ratio,24,historical,quantile_resource,0.75,0.5,1.0,74.96084952780443,80.74307861395692
non_pretrained,wide_ratio,24,historical,quantile_resource,0.75,0.5,1.5,82.88340035851007,87.37259226093397
non_pretrained,wide_ratio,24,historical,quantile_resource,0.75,1.0,0.5,77.19311246318365,85.43915481613448
non_pretrained,wide_ratio,24,historical,quantile_resource,0.75,1.0,1.0,84.00841853915281,90.55585113454205
non_pretrained,wide_ratio,24,historical,quantile_resource,0.75,1.0,1.5,89.327617864888,94.00962732664283
non_pretrained,wide_ratio,24,historical,mean_resource,0.25,0.0,0.5,41.58635329992827,45.36337499518413
non_pretrained,wide_ratio,24,historical,mean_resource,0.25,0.0,1.0,45.52237298694298,49.386160692980724
non_pretrained,wide_ratio,24,historical,mean_resource,0.25,0.0,1.5,49.31706497491595,53.51613935582118
non_pretrained,wide_ratio,24,historical,mean_resource,0.25,0.5,0.5,52.92352363766683,66.70633008153776
non_pretrained,wide_ratio,24,historical,mean_resource,0.25,0.5,1.0,56.43537512693721,70.25813846179626
non_pretrained,wide_ratio,24,historical,mean_resource,0.25,0.5,1.5,59.88383908905118,73.58110105284372
non_pretrained,wide_ratio,24,historical,mean_resource,0.25,1.0,0.5,63.387888018338074,82.9129356034427
non_pretrained,wide_ratio,24,historical,mean_resource,0.25,1.0,1.0,66.7078240707454,85.13206208051757
non_pretrained,wide_ratio,24,historical,mean_resource,0.25,1.0,1.5,69.86978095760922,87.1088253763269
non_pretrained,wide_ratio,24,historical,mean_resource,0.5,0.0,0.5,45.52237298694298,49.386160692980724
non_pretrained,wide_ratio,24,historical,mean_resource,0.5,0.0,1.0,52.99546647172074,57.60168410531936
non_pretrained,wide_ratio,24,historical,mean_resource,0.5,0.0,1.5,60.21722341923877,65.39932435198405
non_pretrained,wide_ratio,24,historical,mean_resource,0.5,0.5,0.5,56.43537512693721,70.25813846179626
non_pretrained,wide_ratio,24,historical,mean_resource,0.5,0.5,1.0,63.23715422229468,76.65615361706375
non_pretrained,wide_ratio,24,historical,mean_resource,0.5,0.5,1.5,69.58225618793294,82.02986170909443
non_pretrained,wide_ratio,24,historical,mean_resource,0.5,1.0,0.5,66.7078240707454,85.13206208051757
non_pretrained,wide_ratio,24,historical,mean_resource,0.5,1.0,1.0,72.85360799099556,88.85717150562665
non_pretrained,wide_ratio,24,historical,mean_resource,0.5,1.0,1.5,78.23492876263995,91.7395362876446
non_pretrained,wide_ratio,24,historical,mean_resource,0.75,0.0,0.5,49.31706497491595,53.51613935582118
non_pretrained,wide_ratio,24,historical,mean_resource,0.75,0.0,1.0,60.21722341923877,65.39932435198405
non_pretrained,wide_ratio,24,historical,mean_resource,0.75,0.0,1.5,69.88258259563904,75.7311995806119
non_pretrained,wide_ratio,24,historical,mean_resource,0.75,0.5,0.5,59.88383908905118,73.58110105284372
non_pretrained,wide_ratio,24,historical,mean_resource,0.75,0.5,1.0,69.58225618793294,82.02986170909443
non_pretrained,wide_ratio,24,historical,mean_resource,0.75,0.5,1.5,78.52150158225443,88.20235048575194
non_pretrained,wide_ratio,24,historical,mean_resource,0.75,1.0,0.5,69.86978095760922,87.1088253763269
non_pretrained,wide_ratio,24,historical,mean_resource,0.75,1.0,1.0,78.23492876263995,91.7395362876446
non_pretrained,wide_ratio,24,historical,mean_resource,0.75,1.0,1.5,84.78323727796759,94.80601739791736
non_pretrained,wide_ratio,24,half,constant,0.25,0.0,0.5,37.754788736630566,41.5351809401351
non_pretrained,wide_ratio,24,half,constant,0.25,0.0,1.0,37.754788736630566,41.5351809401351
non_pretrained,wide_ratio,24,half,constant,0.25,0.0,1.5,37.754788736630566,41.5351809401351
non_pretrained,wide_ratio,24,half,constant,0.25,0.5,0.5,37.754788736630566,41.5351809401351
non_pretrained,wide_ratio,24,half,constant,0.25,0.5,1.0,37.754788736630566,41.5351809401351
non_pretrained,wide_ratio,24,half,constant,0.25,0.5,1.5,37.754788736630566,41.5351809401351
non_pretrained,wide_ratio,24,half,constant,0.25,1.0,0.5,37.754788736630566,41.5351809401351
non_pretrained,wide_ratio,24,half,constant,0.25,1.0,1.0,37.754788736630566,41.5351809401351
non_pretrained,wide_ratio,24,half,constant,0.25,1.0,1.5,37.754788736630566,41.5351809401351
non_pretrained,wide_ratio,24,half,constant,0.5,0.0,0.5,37.754788736630566,41.5351809401351
non_pretrained,wide_ratio,24,half,constant,0.5,0.0,1.0,37.754788736630566,41.5351809401351
non_pretrained,wide_ratio,24,half,constant,0.5,0.0,1.5,37.754788736630566,41.5351809401351
non_pretrained,wide_ratio,24,half,constant,0.5,0.5,0.5,37.754788736630566,41.5351809401351
non_pretrained,wide_ratio,24,half,constant,0.5,0.5,1.0,37.754788736630566,41.5351809401351
non_pretrained,wide_ratio,24,half,constant,0.5,0.5,1.5,37.754788736630566,41.5351809401351
non_pretrained,wide_ratio,24,half,constant,0.5,1.0,0.5,37.754788736630566,41.5351809401351
non_pretrained,wide_ratio,24,half,constant,0.5,1.0,1.0,37.754788736630566,41.5351809401351
non_pretrained,wide_ratio,24,half,constant,0.5,1.0,1.5,37.754788736630566,41.5351809401351
non_pretrained,wide_ratio,24,half,constant,0.75,0.0,0.5,37.754788736630566,41.5351809401351
non_pretrained,wide_ratio,24,half,constant,0.75,0.0,1.0,37.754788736630566,41.5351809401351
non_pretrained,wide_ratio,24,half,constant,0.75,0.0,1.5,37.754788736630566,41.5351809401351
non_pretrained,wide_ratio,24,half,constant,0.75,0.5,0.5,37.754788736630566,41.5351809401351
non_pretrained,wide_ratio,24,half,constant,0.75,0.5,1.0,37.754788736630566,41.5351809401351
non_pretrained,wide_ratio,24,half,constant,0.75,0.5,1.5,37.754788736630566,41.5351809401351
non_pretrained,wide_ratio,24,half,constant,0.75,1.0,0.5,37.754788736630566,41.5351809401351
non_pretrained,wide_ratio,24,half,constant,0.75,1.0,1.0,37.754788736630566,41.5351809401351
non_pretrained,wide_ratio,24,half,constant,0.75,1.0,1.5,37.754788736630566,41.5351809401351
non_pretrained,wide_ratio,24,half,frontier_trend,0.25,0.0,0.5,37.754788736630566,41.5351809401351
non_pretrained,wide_ratio,24,half,frontier_trend,0.25,0.0,1.0,37.754788736630566,41.5351809401351
non_pretrained,wide_ratio,24,half,frontier_trend,0.25,0.0,1.5,37.754788736630566,41.5351809401351
non_pretrained,wide_ratio,24,half,frontier_trend,0.25,0.5,0.5,52.93428484378985,64.61224187670341
non_pretrained,wide_ratio,24,half,frontier_trend,0.25,0.5,1.0,52.93428484378985,64.61224187670341
non_pretrained,wide_ratio,24,half,frontier_trend,0.25,0.5,1.5,52.93428484378985,64.61224187670341
non_pretrained,wide_ratio,24,half,frontier_trend,0.25,1.0,0.5,66.99951089995268,82.71651408897162
non_pretrained,wide_ratio,24,half,frontier_trend,0.25,1.0,1.0,66.99951089995268,82.71651408897162
non_pretrained,wide_ratio,24,half,frontier_trend,0.25,1.0,1.5,66.99951089995268,82.71651408897162
non_pretrained,wide_ratio,24,half,frontier_trend,0.5,0.0,0.5,37.754788736630566,41.5351809401351
non_pretrained,wide_ratio,24,half,frontier_trend,0.5,0.0,1.0,37.754788736630566,41.5351809401351
non_pretrained,wide_ratio,24,half,frontier_trend,0.5,0.0,1.5,37.754788736630566,41.5351809401351
non_pretrained,wide_ratio,24,half,frontier_trend,0.5,0.5,0.5,52.93428484378985,64.61224187670341
non_pretrained,wide_ratio,24,half,frontier_trend,0.5,0.5,1.0,52.93428484378985,64.61224187670341
non_pretrained,wide_ratio,24,half,frontier_trend,0.5,0.5,1.5,52.93428484378985,64.61224187670341
non_pretrained,wide_ratio,24,half,frontier_trend,0.5,1.0,0.5,66.99951089995268,82.71651408897162
non_pretrained,wide_ratio,24,half,frontier_trend,0.5,1.0,1.0,66.99951089995268,82.71651408897162
non_pretrained,wide_ratio,24,half,frontier_trend,0.5,1.0,1.5,66.99951089995268,82.71651408897162
non_pretrained,wide_ratio,24,half,frontier_trend,0.75,0.0,0.5,37.754788736630566,41.5351809401351
non_pretrained,wide_ratio,24,half,frontier_trend,0.75,0.0,1.0,37.754788736630566,41.5351809401351
non_pretrained,wide_ratio,24,half,frontier_trend,0.75,0.0,1.5,37.754788736630566,41.5351809401351
non_pretrained,wide_ratio,24,half,frontier_trend,0.75,0.5,0.5,52.93428484378985,64.61224187670341
non_pretrained,wide_ratio,24,half,frontier_trend,0.75,0.5,1.0,52.93428484378985,64.61224187670341
non_pretrained,wide_ratio,24,half,frontier_trend,0.75,0.5,1.5,52.93428484378985,64.61224187670341
non_pretrained,wide_ratio,24,half,frontier_trend,0.75,1.0,0.5,66.99951089995268,82.71651408897162
non_pretrained,wide_ratio,24,half,frontier_trend,0.75,1.0,1.0,66.99951089995268,82.71651408897162
non_pretrained,wide_ratio,24,half,frontier_trend,0.75,1.0,1.5,66.99951089995268,82.71651408897162
non_pretrained,wide_ratio,24,half,quantile_resource,0.25,0.0,0.5,39.71334082732295,43.503961895282075
non_pretrained,wide_ratio,24,half,quantile_resource,0.25,0.0,1.0,41.70542825837007,45.49344762180775
non_pretrained,wide_ratio,24,half,quantile_resource,0.25,0.0,1.5,43.724962573871494,47.59939489125309
non_pretrained,wide_ratio,24,half,quantile_resource,0.25,0.5,0.5,55.354724177524915,63.43679824622044
non_pretrained,wide_ratio,24,half,quantile_resource,0.25,0.5,1.0,57.30370273471745,65.26446898628
non_pretrained,wide_ratio,24,half,quantile_resource,0.25,0.5,1.5,59.12279245430803,67.02265676942936
non_pretrained,wide_ratio,24,half,quantile_resource,0.25,1.0,0.5,70.11779556934759,79.93954808039241
non_pretrained,wide_ratio,24,half,quantile_resource,0.25,1.0,1.0,71.62996105493,81.18502629710449
non_pretrained,wide_ratio,24,half,quantile_resource,0.25,1.0,1.5,73.09497240346697,82.30813439247027
non_pretrained,wide_ratio,24,half,quantile_resource,0.5,0.0,0.5,41.70542825837007,45.49344762180775
non_pretrained,wide_ratio,24,half,quantile_resource,0.5,0.0,1.0,45.76549705456622,49.67863929907805
non_pretrained,wide_ratio,24,half,quantile_resource,0.5,0.0,1.5,49.49464720566739,53.78589515320175
non_pretrained,wide_ratio,24,half,quantile_resource,0.5,0.5,0.5,57.30370273471745,65.26446898628
non_pretrained,wide_ratio,24,half,quantile_resource,0.5,0.5,1.0,60.91723626026232,68.74804979553868
non_pretrained,wide_ratio,24,half,quantile_resource,0.5,0.5,1.5,64.60720421478162,72.1141548591165
non_pretrained,wide_ratio,24,half,quantile_resource,0.5,1.0,0.5,71.62996105493,81.18502629710449
non_pretrained,wide_ratio,24,half,quantile_resource,0.5,1.0,1.0,74.51125633496719,83.37741057128935
non_pretrained,wide_ratio,24,half,quantile_resource,0.5,1.0,1.5,77.19311246318365,85.43915481613448
non_pretrained,wide_ratio,24,half,quantile_resource,0.75,0.0,0.5,43.724962573871494,47.59939489125309
non_pretrained,wide_ratio,24,half,quantile_resource,0.75,0.0,1.0,49.49464720566739,53.78589515320175
non_pretrained,wide_ratio,24,half,quantile_resource,0.75,0.0,1.5,55.030719624796056,59.879630221221376
non_pretrained,wide_ratio,24,half,quantile_resource,0.75,0.5,0.5,59.12279245430803,67.02265676942936
non_pretrained,wide_ratio,24,half,quantile_resource,0.75,0.5,1.0,64.60720421478162,72.1141548591165
non_pretrained,wide_ratio,24,half,quantile_resource,0.75,0.5,1.5,70.1728360859973,76.6669697052073
non_pretrained,wide_ratio,24,half,quantile_resource,0.75,1.0,0.5,73.09497240346697,82.30813439247027
non_pretrained,wide_ratio,24,half,quantile_resource,0.75,1.0,1.0,77.19311246318365,85.43915481613448
non_pretrained,wide_ratio,24,half,quantile_resource,0.75,1.0,1.5,80.83075850799486,88.22839431338338
non_pretrained,wide_ratio,24,half,mean_resource,0.25,0.0,0.5,39.6547030878864,43.45106504048733
non_pretrained,wide_ratio,24,half,mean_resource,0.25,0.0,1.0,41.58635329992827,45.36337499518413
non_pretrained,wide_ratio,24,half,mean_resource,0.25,0.0,1.5,43.54419760314767,47.358570299699785
non_pretrained,wide_ratio,24,half,mean_resource,0.25,0.5,0.5,51.1544601915202,64.85310503268254
non_pretrained,wide_ratio,24,half,mean_resource,0.25,0.5,1.0,52.92352363766683,66.70633008153776
non_pretrained,wide_ratio,24,half,mean_resource,0.25,0.5,1.5,54.68527711922253,68.50928626728916
non_pretrained,wide_ratio,24,half,mean_resource,0.25,1.0,0.5,61.67651054868446,81.71457314556278
non_pretrained,wide_ratio,24,half,mean_resource,0.25,1.0,1.0,63.387888018338074,82.9129356034427
non_pretrained,wide_ratio,24,half,mean_resource,0.25,1.0,1.5,65.06612167116793,84.05314229748943
non_pretrained,wide_ratio,24,half,mean_resource,0.5,0.0,0.5,41.58635329992827,45.36337499518413
non_pretrained,wide_ratio,24,half,mean_resource,0.5,0.0,1.0,45.52237298694298,49.386160692980724
non_pretrained,wide_ratio,24,half,mean_resource,0.5,0.0,1.5,49.31706497491595,53.51613935582118
non_pretrained,wide_ratio,24,half,mean_resource,0.5,0.5,0.5,52.92352363766683,66.70633008153776
non_pretrained,wide_ratio,24,half,mean_resource,0.5,0.5,1.0,56.43537512693721,70.25813846179626
non_pretrained,wide_ratio,24,half,mean_resource,0.5,0.5,1.5,59.88383908905118,73.58110105284372
non_pretrained,wide_ratio,24,half,mean_resource,0.5,1.0,0.5,63.387888018338074,82.9129356034427
non_pretrained,wide_ratio,24,half,mean_resource,0.5,1.0,1.0,66.7078240707454,85.13206208051757
non_pretrained,wide_ratio,24,half,mean_resource,0.5,1.0,1.5,69.86978095760922,87.1088253763269
non_pretrained,wide_ratio,24,half,mean_resource,0.75,0.0,0.5,43.54419760314767,47.358570299699785
non_pretrained,wide_ratio,24,half,mean_resource,0.75,0.0,1.0,49.31706497491595,53.51613935582118
non_pretrained,wide_ratio,24,half,mean_resource,0.75,0.0,1.5,54.82501141865182,59.57525890697355
non_pretrained,wide_ratio,24,half,mean_resource,0.75,0.5,0.5,54.68527711922253,68.50928626728916
non_pretrained,wide_ratio,24,half,mean_resource,0.75,0.5,1.0,59.88383908905118,73.58110105284372
non_pretrained,wide_ratio,24,half,mean_resource,0.75,0.5,1.5,64.86915580973341,78.09721123612006
non_pretrained,wide_ratio,24,half,mean_resource,0.75,1.0,0.5,65.06612167116793,84.05314229748943
non_pretrained,wide_ratio,24,half,mean_resource,0.75,1.0,1.0,69.86978095760922,87.1088253763269
non_pretrained,wide_ratio,24,half,mean_resource,0.75,1.0,1.5,74.27400330432859,89.65108580255051
non_pretrained,wide_ratio,24,quarter,constant,0.25,0.0,0.5,37.754788736630566,41.5351809401351
non_pretrained,wide_ratio,24,quarter,constant,0.25,0.0,1.0,37.754788736630566,41.5351809401351
non_pretrained,wide_ratio,24,quarter,constant,0.25,0.0,1.5,37.754788736630566,41.5351809401351
non_pretrained,wide_ratio,24,quarter,constant,0.25,0.5,0.5,37.754788736630566,41.5351809401351
non_pretrained,wide_ratio,24,quarter,constant,0.25,0.5,1.0,37.754788736630566,41.5351809401351
non_pretrained,wide_ratio,24,quarter,constant,0.25,0.5,1.5,37.754788736630566,41.5351809401351
non_pretrained,wide_ratio,24,quarter,constant,0.25,1.0,0.5,37.754788736630566,41.5351809401351
non_pretrained,wide_ratio,24,quarter,constant,0.25,1.0,1.0,37.754788736630566,41.5351809401351
non_pretrained,wide_ratio,24,quarter,constant,0.25,1.0,1.5,37.754788736630566,41.5351809401351
non_pretrained,wide_ratio,24,quarter,constant,0.5,0.0,0.5,37.754788736630566,41.5351809401351
non_pretrained,wide_ratio,24,quarter,constant,0.5,0.0,1.0,37.754788736630566,41.5351809401351
non_pretrained,wide_ratio,24,quarter,constant,0.5,0.0,1.5,37.754788736630566,41.5351809401351
non_pretrained,wide_ratio,24,quarter,constant,0.5,0.5,0.5,37.754788736630566,41.5351809401351
non_pretrained,wide_ratio,24,quarter,constant,0.5,0.5,1.0,37.754788736630566,41.5351809401351
non_pretrained,wide_ratio,24,quarter,constant,0.5,0.5,1.5,37.754788736630566,41.5351809401351
non_pretrained,wide_ratio,24,quarter,constant,0.5,1.0,0.5,37.754788736630566,41.5351809401351
non_pretrained,wide_ratio,24,quarter,constant,0.5,1.0,1.0,37.754788736630566,41.5351809401351
non_pretrained,wide_ratio,24,quarter,constant,0.5,1.0,1.5,37.754788736630566,41.5351809401351
non_pretrained,wide_ratio,24,quarter,constant,0.75,0.0,0.5,37.754788736630566,41.5351809401351
non_pretrained,wide_ratio,24,quarter,constant,0.75,0.0,1.0,37.754788736630566,41.5351809401351
non_pretrained,wide_ratio,24,quarter,constant,0.75,0.0,1.5,37.754788736630566,41.5351809401351
non_pretrained,wide_ratio,24,quarter,constant,0.75,0.5,0.5,37.754788736630566,41.5351809401351
non_pretrained,wide_ratio,24,quarter,constant,0.75,0.5,1.0,37.754788736630566,41.5351809401351
non_pretrained,wide_ratio,24,quarter,constant,0.75,0.5,1.5,37.754788736630566,41.5351809401351
non_pretrained,wide_ratio,24,quarter,constant,0.75,1.0,0.5,37.754788736630566,41.5351809401351
non_pretrained,wide_ratio,24,quarter,constant,0.75,1.0,1.0,37.754788736630566,41.5351809401351
non_pretrained,wide_ratio,24,quarter,constant,0.75,1.0,1.5,37.754788736630566,41.5351809401351
non_pretrained,wide_ratio,24,quarter,frontier_trend,0.25,0.0,0.5,37.754788736630566,41.5351809401351
non_pretrained,wide_ratio,24,quarter,frontier_trend,0.25,0.0,1.0,37.754788736630566,41.5351809401351
non_pretrained,wide_ratio,24,quarter,frontier_trend,0.25,0.0,1.5,37.754788736630566,41.5351809401351
non_pretrained,wide_ratio,24,quarter,frontier_trend,0.25,0.5,0.5,52.93428484378985,64.61224187670341
non_pretrained,wide_ratio,24,quarter,frontier_trend,0.25,0.5,1.0,52.93428484378985,64.61224187670341
non_pretrained,wide_ratio,24,quarter,frontier_trend,0.25,0.5,1.5,52.93428484378985,64.61224187670341
non_pretrained,wide_ratio,24,quarter,frontier_trend,0.25,1.0,0.5,66.99951089995268,82.71651408897162
non_pretrained,wide_ratio,24,quarter,frontier_trend,0.25,1.0,1.0,66.99951089995268,82.71651408897162
non_pretrained,wide_ratio,24,quarter,frontier_trend,0.25,1.0,1.5,66.99951089995268,82.71651408897162
non_pretrained,wide_ratio,24,quarter,frontier_trend,0.5,0.0,0.5,37.754788736630566,41.5351809401351
non_pretrained,wide_ratio,24,quarter,frontier_trend,0.5,0.0,1.0,37.754788736630566,41.5351809401351
non_pretrained,wide_ratio,24,quarter,frontier_trend,0.5,0.0,1.5,37.754788736630566,41.5351809401351
non_pretrained,wide_ratio,24,quarter,frontier_trend,0.5,0.5,0.5,52.93428484378985,64.61224187670341
non_pretrained,wide_ratio,24,quarter,frontier_trend,0.5,0.5,1.0,52.93428484378985,64.61224187670341
non_pretrained,wide_ratio,24,quarter,frontier_trend,0.5,0.5,1.5,52.93428484378985,64.61224187670341
non_pretrained,wide_ratio,24,quarter,frontier_trend,0.5,1.0,0.5,66.99951089995268,82.71651408897162
non_pretrained,wide_ratio,24,quarter,frontier_trend,0.5,1.0,1.0,66.99951089995268,82.71651408897162
non_pretrained,wide_ratio,24,quarter,frontier_trend,0.5,1.0,1.5,66.99951089995268,82.71651408897162
non_pretrained,wide_ratio,24,quarter,frontier_trend,0.75,0.0,0.5,37.754788736630566,41.5351809401351
non_pretrained,wide_ratio,24,quarter,frontier_trend,0.75,0.0,1.0,37.754788736630566,41.5351809401351
non_pretrained,wide_ratio,24,quarter,frontier_trend,0.75,0.0,1.5,37.754788736630566,41.5351809401351
non_pretrained,wide_ratio,24,quarter,frontier_trend,0.75,0.5,0.5,52.93428484378985,64.61224187670341
non_pretrained,wide_ratio,24,quarter,frontier_trend,0.75,0.5,1.0,52.93428484378985,64.61224187670341
non_pretrained,wide_ratio,24,quarter,frontier_trend,0.75,0.5,1.5,52.93428484378985,64.61224187670341
non_pretrained,wide_ratio,24,quarter,frontier_trend,0.75,1.0,0.5,66.99951089995268,82.71651408897162
non_pretrained,wide_ratio,24,quarter,frontier_trend,0.75,1.0,1.0,66.99951089995268,82.71651408897162
non_pretrained,wide_ratio,24,quarter,frontier_trend,0.75,1.0,1.5,66.99951089995268,82.71651408897162
non_pretrained,wide_ratio,24,quarter,quantile_resource,0.25,0.0,0.5,38.72950830555444,42.51660430846286
non_pretrained,wide_ratio,24,quarter,quantile_resource,0.25,0.0,1.0,39.71334082732295,43.503961895282075
non_pretrained,wide_ratio,24,quarter,quantile_resource,0.25,0.0,1.5,40.705563890429445,44.4964997685724
non_pretrained,wide_ratio,24,quarter,quantile_resource,0.25,0.5,0.5,54.36620547125664,62.50649576374556
non_pretrained,wide_ratio,24,quarter,quantile_resource,0.25,0.5,1.0,55.354724177524915,63.43679824622044
non_pretrained,wide_ratio,24,quarter,quantile_resource,0.25,0.5,1.5,56.339024258737226,64.35585984787724
non_pretrained,wide_ratio,24,quarter,quantile_resource,0.25,1.0,0.5,69.25752254927922,79.29348795488099
non_pretrained,wide_ratio,24,quarter,quantile_resource,0.25,1.0,1.0,70.11779556934759,79.93954808039241
non_pretrained,wide_ratio,24,quarter,quantile_resource,0.25,1.0,1.5,70.8796601114748,80.56986018451838
non_pretrained,wide_ratio,24,quarter,quantile_resource,0.5,0.0,0.5,39.71334082732295,43.503961895282075
non_pretrained,wide_ratio,24,quarter,quantile_resource,0.5,0.0,1.0,41.70542825837007,45.49344762180775
non_pretrained,wide_ratio,24,quarter,quantile_resource,0.5,0.0,1.5,43.724962573871494,47.59939489125309
non_pretrained,wide_ratio,24,quarter,quantile_resource,0.5,0.5,0.5,55.354724177524915,63.43679824622044
non_pretrained,wide_ratio,24,quarter,quantile_resource,0.5,0.5,1.0,57.30370273471745,65.26446898628
non_pretrained,wide_ratio,24,quarter,quantile_resource,0.5,0.5,1.5,59.12279245430803,67.02265676942936
non_pretrained,wide_ratio,24,quarter,quantile_resource,0.5,1.0,0.5,70.11779556934759,79.93954808039241
non_pretrained,wide_ratio,24,quarter,quantile_resource,0.5,1.0,1.0,71.62996105493,81.18502629710449
non_pretrained,wide_ratio,24,quarter,quantile_resource,0.5,1.0,1.5,73.09497240346697,82.30813439247027
non_pretrained,wide_ratio,24,quarter,quantile_resource,0.75,0.0,0.5,40.705563890429445,44.4964997685724
non_pretrained,wide_ratio,24,quarter,quantile_resource,0.75,0.0,1.0,43.724962573871494,47.59939489125309
non_pretrained,wide_ratio,24,quarter,quantile_resource,0.75,0.0,1.5,46.740446767019684,50.67836187165669
non_pretrained,wide_ratio,24,quarter,quantile_resource,0.75,0.5,0.5,56.339024258737226,64.35585984787724
non_pretrained,wide_ratio,24,quarter,quantile_resource,0.75,0.5,1.0,59.12279245430803,67.02265676942936
non_pretrained,wide_ratio,24,quarter,quantile_resource,0.75,0.5,1.5,61.80848701797888,69.63916258245699
non_pretrained,wide_ratio,24,quarter,quantile_resource,0.75,1.0,0.5,70.8796601114748,80.56986018451838
non_pretrained,wide_ratio,24,quarter,quantile_resource,0.75,1.0,1.0,73.09497240346697,82.30813439247027
non_pretrained,wide_ratio,24,quarter,quantile_resource,0.75,1.0,1.5,75.20073133284185,83.90779284469933
non_pretrained,wide_ratio,24,quarter,mean_resource,0.25,0.0,0.5,38.700446799471315,42.50022867758285
non_pretrained,wide_ratio,24,quarter,mean_resource,0.25,0.0,1.0,39.6547030878864,43.45106504048733
non_pretrained,wide_ratio,24,quarter,mean_resource,0.25,0.0,1.5,40.61689930508085,44.40529070392452
non_pretrained,wide_ratio,24,quarter,mean_resource,0.25,0.5,0.5,50.26856632228634,63.9089956027717
non_pretrained,wide_ratio,24,quarter,mean_resource,0.25,0.5,1.0,51.1544601915202,64.85310503268254
non_pretrained,wide_ratio,24,quarter,mean_resource,0.25,0.5,1.5,52.03963070983639,65.78573909510342
non_pretrained,wide_ratio,24,quarter,mean_resource,0.25,1.0,0.5,60.80953830590405,81.09135689290486
non_pretrained,wide_ratio,24,quarter,mean_resource,0.25,1.0,1.0,61.67651054868446,81.71457314556278
non_pretrained,wide_ratio,24,quarter,mean_resource,0.25,1.0,1.5,62.53611795002446,82.32172659666699
non_pretrained,wide_ratio,24,quarter,mean_resource,0.5,0.0,0.5,39.6547030878864,43.45106504048733
non_pretrained,wide_ratio,24,quarter,mean_resource,0.5,0.0,1.0,41.58635329992827,45.36337499518413
non_pretrained,wide_ratio,24,quarter,mean_resource,0.5,0.0,1.5,43.54419760314767,47.358570299699785
non_pretrained,wide_ratio,24,quarter,mean_resource,0.5,0.5,0.5,51.1544601915202,64.85310503268254
non_pretrained,wide_ratio,24,quarter,mean_resource,0.5,0.5,1.0,52.92352363766683,66.70633008153776
non_pretrained,wide_ratio,24,quarter,mean_resource,0.5,0.5,1.5,54.68527711922253,68.50928626728916
non_pretrained,wide_ratio,24,quarter,mean_resource,0.5,1.0,0.5,61.67651054868446,81.71457314556278
non_pretrained,wide_ratio,24,quarter,mean_resource,0.5,1.0,1.0,63.387888018338074,82.9129356034427
non_pretrained,wide_ratio,24,quarter,mean_resource,0.5,1.0,1.5,65.06612167116793,84.05314229748943
non_pretrained,wide_ratio,24,quarter,mean_resource,0.75,0.0,0.5,40.61689930508085,44.40529070392452
non_pretrained,wide_ratio,24,quarter,mean_resource,0.75,0.0,1.0,43.54419760314767,47.358570299699785
non_pretrained,wide_ratio,24,quarter,mean_resource,0.75,0.0,1.5,46.5171812618953,50.379523426507646
non_pretrained,wide_ratio,24,quarter,mean_resource,0.75,0.5,0.5,52.03963070983639,65.78573909510342
non_pretrained,wide_ratio,24,quarter,mean_resource,0.75,0.5,1.0,54.68527711922253,68.50928626728916
non_pretrained,wide_ratio,24,quarter,mean_resource,0.75,0.5,1.5,57.304725764004274,71.1112358947417
non_pretrained,wide_ratio,24,quarter,mean_resource,0.75,1.0,0.5,62.53611795002446,82.32172659666699
non_pretrained,wide_ratio,24,quarter,mean_resource,0.75,1.0,1.0,65.06612167116793,84.05314229748943
non_pretrained,wide_ratio,24,quarter,mean_resource,0.75,1.0,1.5,67.5140089388672,85.6485495116236
non_pretrained,wide_ratio,24,stopped,constant,0.25,0.0,0.5,37.754788736630566,41.5351809401351
non_pretrained,wide_ratio,24,stopped,constant,0.25,0.0,1.0,37.754788736630566,41.5351809401351
non_pretrained,wide_ratio,24,stopped,constant,0.25,0.0,1.5,37.754788736630566,41.5351809401351
non_pretrained,wide_ratio,24,stopped,constant,0.25,0.5,0.5,37.754788736630566,41.5351809401351
non_pretrained,wide_ratio,24,stopped,constant,0.25,0.5,1.0,37.754788736630566,41.5351809401351
non_pretrained,wide_ratio,24,stopped,constant,0.25,0.5,1.5,37.754788736630566,41.5351809401351
non_pretrained,wide_ratio,24,stopped,constant,0.25,1.0,0.5,37.754788736630566,41.5351809401351
non_pretrained,wide_ratio,24,stopped,constant,0.25,1.0,1.0,37.754788736630566,41.5351809401351
non_pretrained,wide_ratio,24,stopped,constant,0.25,1.0,1.5,37.754788736630566,41.5351809401351
non_pretrained,wide_ratio,24,stopped,constant,0.5,0.0,0.5,37.754788736630566,41.5351809401351
non_pretrained,wide_ratio,24,stopped,constant,0.5,0.0,1.0,37.754788736630566,41.5351809401351
non_pretrained,wide_ratio,24,stopped,constant,0.5,0.0,1.5,37.754788736630566,41.5351809401351
non_pretrained,wide_ratio,24,stopped,constant,0.5,0.5,0.5,37.754788736630566,41.5351809401351
non_pretrained,wide_ratio,24,stopped,constant,0.5,0.5,1.0,37.754788736630566,41.5351809401351
non_pretrained,wide_ratio,24,stopped,constant,0.5,0.5,1.5,37.754788736630566,41.5351809401351
non_pretrained,wide_ratio,24,stopped,constant,0.5,1.0,0.5,37.754788736630566,41.5351809401351
non_pretrained,wide_ratio,24,stopped,constant,0.5,1.0,1.0,37.754788736630566,41.5351809401351
non_pretrained,wide_ratio,24,stopped,constant,0.5,1.0,1.5,37.754788736630566,41.5351809401351
non_pretrained,wide_ratio,24,stopped,constant,0.75,0.0,0.5,37.754788736630566,41.5351809401351
non_pretrained,wide_ratio,24,stopped,constant,0.75,0.0,1.0,37.754788736630566,41.5351809401351
non_pretrained,wide_ratio,24,stopped,constant,0.75,0.0,1.5,37.754788736630566,41.5351809401351
non_pretrained,wide_ratio,24,stopped,constant,0.75,0.5,0.5,37.754788736630566,41.5351809401351
non_pretrained,wide_ratio,24,stopped,constant,0.75,0.5,1.0,37.754788736630566,41.5351809401351
non_pretrained,wide_ratio,24,stopped,constant,0.75,0.5,1.5,37.754788736630566,41.5351809401351
non_pretrained,wide_ratio,24,stopped,constant,0.75,1.0,0.5,37.754788736630566,41.5351809401351
non_pretrained,wide_ratio,24,stopped,constant,0.75,1.0,1.0,37.754788736630566,41.5351809401351
non_pretrained,wide_ratio,24,stopped,constant,0.75,1.0,1.5,37.754788736630566,41.5351809401351
non_pretrained,wide_ratio,24,stopped,frontier_trend,0.25,0.0,0.5,37.754788736630566,41.5351809401351
non_pretrained,wide_ratio,24,stopped,frontier_trend,0.25,0.0,1.0,37.754788736630566,41.5351809401351
non_pretrained,wide_ratio,24,stopped,frontier_trend,0.25,0.0,1.5,37.754788736630566,41.5351809401351
non_pretrained,wide_ratio,24,stopped,frontier_trend,0.25,0.5,0.5,52.93428484378985,64.61224187670341
non_pretrained,wide_ratio,24,stopped,frontier_trend,0.25,0.5,1.0,52.93428484378985,64.61224187670341
non_pretrained,wide_ratio,24,stopped,frontier_trend,0.25,0.5,1.5,52.93428484378985,64.61224187670341
non_pretrained,wide_ratio,24,stopped,frontier_trend,0.25,1.0,0.5,66.99951089995268,82.71651408897162
non_pretrained,wide_ratio,24,stopped,frontier_trend,0.25,1.0,1.0,66.99951089995268,82.71651408897162
non_pretrained,wide_ratio,24,stopped,frontier_trend,0.25,1.0,1.5,66.99951089995268,82.71651408897162
non_pretrained,wide_ratio,24,stopped,frontier_trend,0.5,0.0,0.5,37.754788736630566,41.5351809401351
non_pretrained,wide_ratio,24,stopped,frontier_trend,0.5,0.0,1.0,37.754788736630566,41.5351809401351
non_pretrained,wide_ratio,24,stopped,frontier_trend,0.5,0.0,1.5,37.754788736630566,41.5351809401351
non_pretrained,wide_ratio,24,stopped,frontier_trend,0.5,0.5,0.5,52.93428484378985,64.61224187670341
non_pretrained,wide_ratio,24,stopped,frontier_trend,0.5,0.5,1.0,52.93428484378985,64.61224187670341
non_pretrained,wide_ratio,24,stopped,frontier_trend,0.5,0.5,1.5,52.93428484378985,64.61224187670341
non_pretrained,wide_ratio,24,stopped,frontier_trend,0.5,1.0,0.5,66.99951089995268,82.71651408897162
non_pretrained,wide_ratio,24,stopped,frontier_trend,0.5,1.0,1.0,66.99951089995268,82.71651408897162
non_pretrained,wide_ratio,24,stopped,frontier_trend,0.5,1.0,1.5,66.99951089995268,82.71651408897162
non_pretrained,wide_ratio,24,stopped,frontier_trend,0.75,0.0,0.5,37.754788736630566,41.5351809401351
non_pretrained,wide_ratio,24,stopped,frontier_trend,0.75,0.0,1.0,37.754788736630566,41.5351809401351
non_pretrained,wide_ratio,24,stopped,frontier_trend,0.75,0.0,1.5,37.754788736630566,41.5351809401351
non_pretrained,wide_ratio,24,stopped,frontier_trend,0.75,0.5,0.5,52.93428484378985,64.61224187670341
non_pretrained,wide_ratio,24,stopped,frontier_trend,0.75,0.5,1.0,52.93428484378985,64.61224187670341
non_pretrained,wide_ratio,24,stopped,frontier_trend,0.75,0.5,1.5,52.93428484378985,64.61224187670341
non_pretrained,wide_ratio,24,stopped,frontier_trend,0.75,1.0,0.5,66.99951089995268,82.71651408897162
non_pretrained,wide_ratio,24,stopped,frontier_trend,0.75,1.0,1.0,66.99951089995268,82.71651408897162
non_pretrained,wide_ratio,24,stopped,frontier_trend,0.75,1.0,1.5,66.99951089995268,82.71651408897162
non_pretrained,wide_ratio,24,stopped,quantile_resource,0.25,0.0,0.5,37.754788736630566,41.5351809401351
non_pretrained,wide_ratio,24,stopped,quantile_resource,0.25,0.0,1.0,37.754788736630566,41.5351809401351
non_pretrained,wide_ratio,24,stopped,quantile_resource,0.25,0.0,1.5,37.754788736630566,41.5351809401351
non_pretrained,wide_ratio,24,stopped,quantile_resource,0.25,0.5,0.5,53.443479409627244,61.56656363349974
non_pretrained,wide_ratio,24,stopped,quantile_resource,0.25,0.5,1.0,53.443479409627244,61.56656363349974
non_pretrained,wide_ratio,24,stopped,quantile_resource,0.25,0.5,1.5,53.443479409627244,61.56656363349974
non_pretrained,wide_ratio,24,stopped,quantile_resource,0.25,1.0,0.5,68.36244402302182,78.63051899605448
non_pretrained,wide_ratio,24,stopped,quantile_resource,0.25,1.0,1.0,68.36244402302182,78.63051899605448
non_pretrained,wide_ratio,24,stopped,quantile_resource,0.25,1.0,1.5,68.36244402302182,78.63051899605448
non_pretrained,wide_ratio,24,stopped,quantile_resource,0.5,0.0,0.5,37.754788736630566,41.5351809401351
non_pretrained,wide_ratio,24,stopped,quantile_resource,0.5,0.0,1.0,37.754788736630566,41.5351809401351
non_pretrained,wide_ratio,24,stopped,quantile_resource,0.5,0.0,1.5,37.754788736630566,41.5351809401351
non_pretrained,wide_ratio,24,stopped,quantile_resource,0.5,0.5,0.5,53.443479409627244,61.56656363349974
non_pretrained,wide_ratio,24,stopped,quantile_resource,0.5,0.5,1.0,53.443479409627244,61.56656363349974
non_pretrained,wide_ratio,24,stopped,quantile_resource,0.5,0.5,1.5,53.443479409627244,61.56656363349974
non_pretrained,wide_ratio,24,stopped,quantile_resource,0.5,1.0,0.5,68.36244402302182,78.63051899605448
non_pretrained,wide_ratio,24,stopped,quantile_resource,0.5,1.0,1.0,68.36244402302182,78.63051899605448
non_pretrained,wide_ratio,24,stopped,quantile_resource,0.5,1.0,1.5,68.36244402302182,78.63051899605448
non_pretrained,wide_ratio,24,stopped,quantile_resource,0.75,0.0,0.5,37.754788736630566,41.5351809401351
non_pretrained,wide_ratio,24,stopped,quantile_resource,0.75,0.0,1.0,37.754788736630566,41.5351809401351
non_pretrained,wide_ratio,24,stopped,quantile_resource,0.75,0.0,1.5,37.754788736630566,41.5351809401351
non_pretrained,wide_ratio,24,stopped,quantile_resource,0.75,0.5,0.5,53.443479409627244,61.56656363349974
non_pretrained,wide_ratio,24,stopped,quantile_resource,0.75,0.5,1.0,53.443479409627244,61.56656363349974
non_pretrained,wide_ratio,24,stopped,quantile_resource,0.75,0.5,1.5,53.443479409627244,61.56656363349974
non_pretrained,wide_ratio,24,stopped,quantile_resource,0.75,1.0,0.5,68.36244402302182,78.63051899605448
non_pretrained,wide_ratio,24,stopped,quantile_resource,0.75,1.0,1.0,68.36244402302182,78.63051899605448
non_pretrained,wide_ratio,24,stopped,quantile_resource,0.75,1.0,1.5,68.36244402302182,78.63051899605448
non_pretrained,wide_ratio,24,stopped,mean_resource,0.25,0.0,0.5,37.754788736630566,41.5351809401351
non_pretrained,wide_ratio,24,stopped,mean_resource,0.25,0.0,1.0,37.754788736630566,41.5351809401351
non_pretrained,wide_ratio,24,stopped,mean_resource,0.25,0.0,1.5,37.754788736630566,41.5351809401351
non_pretrained,wide_ratio,24,stopped,mean_resource,0.25,0.5,0.5,49.382505153478895,62.95401224441246
non_pretrained,wide_ratio,24,stopped,mean_resource,0.25,0.5,1.0,49.382505153478895,62.95401224441246
non_pretrained,wide_ratio,24,stopped,mean_resource,0.25,0.5,1.5,49.382505153478895,62.95401224441246
non_pretrained,wide_ratio,24,stopped,mean_resource,0.25,1.0,0.5,59.93569175291832,80.45198107378786
non_pretrained,wide_ratio,24,stopped,mean_resource,0.25,1.0,1.0,59.93569175291832,80.45198107378786
non_pretrained,wide_ratio,24,stopped,mean_resource,0.25,1.0,1.5,59.93569175291832,80.45198107378786
non_pretrained,wide_ratio,24,stopped,mean_resource,0.5,0.0,0.5,37.754788736630566,41.5351809401351
non_pretrained,wide_ratio,24,stopped,mean_resource,0.5,0.0,1.0,37.754788736630566,41.5351809401351
non_pretrained,wide_ratio,24,stopped,mean_resource,0.5,0.0,1.5,37.754788736630566,41.5351809401351
non_pretrained,wide_ratio,24,stopped,mean_resource,0.5,0.5,0.5,49.382505153478895,62.95401224441246
non_pretrained,wide_ratio,24,stopped,mean_resource,0.5,0.5,1.0,49.382505153478895,62.95401224441246
non_pretrained,wide_ratio,24,stopped,mean_resource,0.5,0.5,1.5,49.382505153478895,62.95401224441246
non_pretrained,wide_ratio,24,stopped,mean_resource,0.5,1.0,0.5,59.93569175291832,80.45198107378786
non_pretrained,wide_ratio,24,stopped,mean_resource,0.5,1.0,1.0,59.93569175291832,80.45198107378786
non_pretrained,wide_ratio,24,stopped,mean_resource,0.5,1.0,1.5,59.93569175291832,80.45198107378786
non_pretrained,wide_ratio,24,stopped,mean_resource,0.75,0.0,0.5,37.754788736630566,41.5351809401351
non_pretrained,wide_ratio,24,stopped,mean_resource,0.75,0.0,1.0,37.754788736630566,41.5351809401351
non_pretrained,wide_ratio,24,stopped,mean_resource,0.75,0.0,1.5,37.754788736630566,41.5351809401351
non_pretrained,wide_ratio,24,stopped,mean_resource,0.75,0.5,0.5,49.382505153478895,62.95401224441246
non_pretrained,wide_ratio,24,stopped,mean_resource,0.75,0.5,1.0,49.382505153478895,62.95401224441246
non_pretrained,wide_ratio,24,stopped,mean_resource,0.75,0.5,1.5,49.382505153478895,62.95401224441246
non_pretrained,wide_ratio,24,stopped,mean_resource,0.75,1.0,0.5,59.93569175291832,80.45198107378786
non_pretrained,wide_ratio,24,stopped,mean_resource,0.75,1.0,1.0,59.93569175291832,80.45198107378786
non_pretrained,wide_ratio,24,stopped,mean_resource,0.75,1.0,1.5,59.93569175291832,80.45198107378786
pretrained,primary,12,historical,constant,0.25,0.0,0.5,9.321969482565386,27.195130187978368
pretrained,primary,12,historical,constant,0.25,0.0,1.0,9.321969482565386,27.195130187978368
pretrained,primary,12,historical,constant,0.25,0.0,1.5,9.321969482565386,27.195130187978368
pretrained,primary,12,historical,constant,0.25,0.5,0.5,9.321969482565386,27.195130187978368
pretrained,primary,12,historical,constant,0.25,0.5,1.0,9.321969482565386,27.195130187978368
pretrained,primary,12,historical,constant,0.25,0.5,1.5,9.321969482565386,27.195130187978368
pretrained,primary,12,historical,constant,0.25,1.0,0.5,9.321969482565386,27.195130187978368
pretrained,primary,12,historical,constant,0.25,1.0,1.0,9.321969482565386,27.195130187978368
pretrained,primary,12,historical,constant,0.25,1.0,1.5,9.321969482565386,27.195130187978368
pretrained,primary,12,historical,constant,0.5,0.0,0.5,9.321969482565386,27.195130187978368
pretrained,primary,12,historical,constant,0.5,0.0,1.0,9.321969482565386,27.195130187978368
pretrained,primary,12,historical,constant,0.5,0.0,1.5,9.321969482565386,27.195130187978368
pretrained,primary,12,historical,constant,0.5,0.5,0.5,9.321969482565386,27.195130187978368
pretrained,primary,12,historical,constant,0.5,0.5,1.0,9.321969482565386,27.195130187978368
pretrained,primary,12,historical,constant,0.5,0.5,1.5,9.321969482565386,27.195130187978368
pretrained,primary,12,historical,constant,0.5,1.0,0.5,9.321969482565386,27.195130187978368
pretrained,primary,12,historical,constant,0.5,1.0,1.0,9.321969482565386,27.195130187978368
pretrained,primary,12,historical,constant,0.5,1.0,1.5,9.321969482565386,27.195130187978368
pretrained,primary,12,historical,constant,0.75,0.0,0.5,9.321969482565386,27.195130187978368
pretrained,primary,12,historical,constant,0.75,0.0,1.0,9.321969482565386,27.195130187978368
pretrained,primary,12,historical,constant,0.75,0.0,1.5,9.321969482565386,27.195130187978368
pretrained,primary,12,historical,constant,0.75,0.5,0.5,9.321969482565386,27.195130187978368
pretrained,primary,12,historical,constant,0.75,0.5,1.0,9.321969482565386,27.195130187978368
pretrained,primary,12,historical,constant,0.75,0.5,1.5,9.321969482565386,27.195130187978368
pretrained,primary,12,historical,constant,0.75,1.0,0.5,9.321969482565386,27.195130187978368
pretrained,primary,12,historical,constant,0.75,1.0,1.0,9.321969482565386,27.195130187978368
pretrained,primary,12,historical,constant,0.75,1.0,1.5,9.321969482565386,27.195130187978368
pretrained,primary,12,historical,frontier_trend,0.25,0.0,0.5,9.321969482565386,27.195130187978368
pretrained,primary,12,historical,frontier_trend,0.25,0.0,1.0,9.321969482565386,27.195130187978368
pretrained,primary,12,historical,frontier_trend,0.25,0.0,1.5,9.321969482565386,27.195130187978368
pretrained,primary,12,historical,frontier_trend,0.25,0.5,0.5,4.252708580510648,28.446601841947142
pretrained,primary,12,historical,frontier_trend,0.25,0.5,1.0,4.252708580510648,28.446601841947142
pretrained,primary,12,historical,frontier_trend,0.25,0.5,1.5,4.252708580510648,28.446601841947142
pretrained,primary,12,historical,frontier_trend,0.25,1.0,0.5,1.6922042485625453,29.086593042431414
pretrained,primary,12,historical,frontier_trend,0.25,1.0,1.0,1.6922042485625453,29.086593042431414
pretrained,primary,12,historical,frontier_trend,0.25,1.0,1.5,1.6922042485625453,29.086593042431414
pretrained,primary,12,historical,frontier_trend,0.5,0.0,0.5,9.321969482565386,27.195130187978368
pretrained,primary,12,historical,frontier_trend,0.5,0.0,1.0,9.321969482565386,27.195130187978368
pretrained,primary,12,historical,frontier_trend,0.5,0.0,1.5,9.321969482565386,27.195130187978368
pretrained,primary,12,historical,frontier_trend,0.5,0.5,0.5,4.252708580510648,28.446601841947142
pretrained,primary,12,historical,frontier_trend,0.5,0.5,1.0,4.252708580510648,28.446601841947142
pretrained,primary,12,historical,frontier_trend,0.5,0.5,1.5,4.252708580510648,28.446601841947142
pretrained,primary,12,historical,frontier_trend,0.5,1.0,0.5,1.6922042485625453,29.086593042431414
pretrained,primary,12,historical,frontier_trend,0.5,1.0,1.0,1.6922042485625453,29.086593042431414
pretrained,primary,12,historical,frontier_trend,0.5,1.0,1.5,1.6922042485625453,29.086593042431414
pretrained,primary,12,historical,frontier_trend,0.75,0.0,0.5,9.321969482565386,27.195130187978368
pretrained,primary,12,historical,frontier_trend,0.75,0.0,1.0,9.321969482565386,27.195130187978368
pretrained,primary,12,historical,frontier_trend,0.75,0.0,1.5,9.321969482565386,27.195130187978368
pretrained,primary,12,historical,frontier_trend,0.75,0.5,0.5,4.252708580510648,28.446601841947142
pretrained,primary,12,historical,frontier_trend,0.75,0.5,1.0,4.252708580510648,28.446601841947142
pretrained,primary,12,historical,frontier_trend,0.75,0.5,1.5,4.252708580510648,28.446601841947142
pretrained,primary,12,historical,frontier_trend,0.75,1.0,0.5,1.6922042485625453,29.086593042431414
pretrained,primary,12,historical,frontier_trend,0.75,1.0,1.0,1.6922042485625453,29.086593042431414
pretrained,primary,12,historical,frontier_trend,0.75,1.0,1.5,1.6922042485625453,29.086593042431414
pretrained,primary,12,historical,quantile_resource,0.25,0.0,0.5,9.83091051822413,28.58055598331542
pretrained,primary,12,historical,quantile_resource,0.25,0.0,1.0,10.364470592339224,30.007474138110787
pretrained,primary,12,historical,quantile_resource,0.25,0.0,1.5,10.923489849421639,31.474240116257246
pretrained,primary,12,historical,quantile_resource,0.25,0.5,0.5,13.619451587122583,34.6480618486886
pretrained,primary,12,historical,quantile_resource,0.25,0.5,1.0,14.523828688509841,36.28741035488041
pretrained,primary,12,historical,quantile_resource,0.25,0.5,1.5,15.47748845587154,37.95928399227797
pretrained,primary,12,historical,quantile_resource,0.25,1.0,0.5,14.339370552295229,43.81879891593834
pretrained,primary,12,historical,quantile_resource,0.25,1.0,1.0,15.241874467986293,45.50654486095862
pretrained,primary,12,historical,quantile_resource,0.25,1.0,1.5,16.181548017020347,47.2047085591168
pretrained,primary,12,historical,quantile_resource,0.5,0.0,0.5,10.364470592339224,30.007474138110787
pretrained,primary,12,historical,quantile_resource,0.5,0.0,1.0,11.531038045470025,32.97892209644652
pretrained,primary,12,historical,quantile_resource,0.5,0.0,1.5,12.88402668095593,36.09288512080536
pretrained,primary,12,historical,quantile_resource,0.5,0.5,0.5,14.523828688509841,36.28741035488041
pretrained,primary,12,historical,quantile_resource,0.5,0.5,1.0,16.481679447640047,39.6602498500055
pretrained,primary,12,historical,quantile_resource,0.5,0.5,1.5,18.64581186799059,43.13439477356344
pretrained,primary,12,historical,quantile_resource,0.5,1.0,0.5,15.241874467986293,45.50654486095862
pretrained,primary,12,historical,quantile_resource,0.5,1.0,1.0,17.167445299505623,48.90938790076405
pretrained,primary,12,historical,quantile_resource,0.5,1.0,1.5,19.268122881395264,52.25435995691429
pretrained,primary,12,historical,quantile_resource,0.75,0.0,0.5,10.923489849421639,31.474240116257246
pretrained,primary,12,historical,quantile_resource,0.75,0.0,1.0,12.884026680955927,36.09288512080536
pretrained,primary,12,historical,quantile_resource,0.75,0.0,1.5,15.1762474254254,40.98392177755267
pretrained,primary,12,historical,quantile_resource,0.75,0.5,0.5,15.47748845587154,37.95928399227797
pretrained,primary,12,historical,quantile_resource,0.75,0.5,1.0,18.64581186799059,43.13439477356344
pretrained,primary,12,historical,quantile_resource,0.75,0.5,1.5,22.291422574209452,48.46400189196898
pretrained,primary,12,historical,quantile_resource,0.75,1.0,0.5,16.181548017020347,47.2047085591168
pretrained,primary,12,historical,quantile_resource,0.75,1.0,1.0,19.268122881395264,52.25435995691429
pretrained,primary,12,historical,quantile_resource,0.75,1.0,1.5,22.702710727811823,56.727336315364404
pretrained,primary,12,historical,mean_resource,0.25,0.0,0.5,9.750090543969083,28.50456510036348
pretrained,primary,12,historical,mean_resource,0.25,0.0,1.0,10.195672409346844,29.85120177403943
pretrained,primary,12,historical,mean_resource,0.25,0.0,1.5,10.659222021720517,31.23366785777403
pretrained,primary,12,historical,mean_resource,0.25,0.5,0.5,12.775247185167279,37.39168872646675
pretrained,primary,12,historical,mean_resource,0.25,0.5,1.0,13.345909915581469,38.68887175129936
pretrained,primary,12,historical,mean_resource,0.25,0.5,1.5,13.938038239645982,40.00230345157225
pretrained,primary,12,historical,mean_resource,0.25,1.0,0.5,16.61733883175954,47.52344926625626
pretrained,primary,12,historical,mean_resource,0.25,1.0,1.0,17.324335448112734,49.14058243944641
pretrained,primary,12,historical,mean_resource,0.25,1.0,1.5,18.054954664521652,50.75951939194358
pretrained,primary,12,historical,mean_resource,0.5,0.0,0.5,10.195672409346844,29.85120177403943
pretrained,primary,12,historical,mean_resource,0.5,0.0,1.0,11.141241894394865,32.65036093444273
pretrained,primary,12,historical,mean_resource,0.5,0.0,1.5,12.171599618766914,35.57887661230611
pretrained,primary,12,historical,mean_resource,0.5,0.5,0.5,13.345909915581469,38.68887175129936
pretrained,primary,12,historical,mean_resource,0.5,0.5,1.0,14.552076210691975,41.33026619027625
pretrained,primary,12,historical,mean_resource,0.5,0.5,1.5,15.847533437783504,44.02251009535061
pretrained,primary,12,historical,mean_resource,0.5,1.0,0.5,17.324335448112734,49.14058243944641
pretrained,primary,12,historical,mean_resource,0.5,1.0,1.0,18.809436118671492,52.322323430453615
pretrained,primary,12,historical,mean_resource,0.5,1.0,1.5,20.390709829295655,55.31863115787107
pretrained,primary,12,historical,mean_resource,0.75,0.0,0.5,10.659222021720517,31.23366785777403
pretrained,primary,12,historical,mean_resource,0.75,0.0,1.0,12.171599618766914,35.57887661230611
pretrained,primary,12,historical,mean_resource,0.75,0.0,1.5,13.881056507598572,40.175408841586815
pretrained,primary,12,historical,mean_resource,0.75,0.5,0.5,13.938038239645982,40.00230345157225
pretrained,primary,12,historical,mean_resource,0.75,0.5,1.0,15.8475334377835,44.02251009535061
pretrained,primary,12,historical,mean_resource,0.75,0.5,1.5,17.96456947141828,48.48966711156143
pretrained,primary,12,historical,mean_resource,0.75,1.0,0.5,18.054954664521652,50.75951939194358
pretrained,primary,12,historical,mean_resource,0.75,1.0,1.0,20.390709829295652,55.31863115787107
pretrained,primary,12,historical,mean_resource,0.75,1.0,1.5,22.944721067020634,60.363218352122615
pretrained,primary,12,half,constant,0.25,0.0,0.5,9.321969482565386,27.195130187978368
pretrained,primary,12,half,constant,0.25,0.0,1.0,9.321969482565386,27.195130187978368
pretrained,primary,12,half,constant,0.25,0.0,1.5,9.321969482565386,27.195130187978368
pretrained,primary,12,half,constant,0.25,0.5,0.5,9.321969482565386,27.195130187978368
pretrained,primary,12,half,constant,0.25,0.5,1.0,9.321969482565386,27.195130187978368
pretrained,primary,12,half,constant,0.25,0.5,1.5,9.321969482565386,27.195130187978368
pretrained,primary,12,half,constant,0.25,1.0,0.5,9.321969482565386,27.195130187978368
pretrained,primary,12,half,constant,0.25,1.0,1.0,9.321969482565386,27.195130187978368
pretrained,primary,12,half,constant,0.25,1.0,1.5,9.321969482565386,27.195130187978368
pretrained,primary,12,half,constant,0.5,0.0,0.5,9.321969482565386,27.195130187978368
pretrained,primary,12,half,constant,0.5,0.0,1.0,9.321969482565386,27.195130187978368
pretrained,primary,12,half,constant,0.5,0.0,1.5,9.321969482565386,27.195130187978368
pretrained,primary,12,half,constant,0.5,0.5,0.5,9.321969482565386,27.195130187978368
pretrained,primary,12,half,constant,0.5,0.5,1.0,9.321969482565386,27.195130187978368
pretrained,primary,12,half,constant,0.5,0.5,1.5,9.321969482565386,27.195130187978368
pretrained,primary,12,half,constant,0.5,1.0,0.5,9.321969482565386,27.195130187978368
pretrained,primary,12,half,constant,0.5,1.0,1.0,9.321969482565386,27.195130187978368
pretrained,primary,12,half,constant,0.5,1.0,1.5,9.321969482565386,27.195130187978368
pretrained,primary,12,half,constant,0.75,0.0,0.5,9.321969482565386,27.195130187978368
pretrained,primary,12,half,constant,0.75,0.0,1.0,9.321969482565386,27.195130187978368
pretrained,primary,12,half,constant,0.75,0.0,1.5,9.321969482565386,27.195130187978368
pretrained,primary,12,half,constant,0.75,0.5,0.5,9.321969482565386,27.195130187978368
pretrained,primary,12,half,constant,0.75,0.5,1.0,9.321969482565386,27.195130187978368
pretrained,primary,12,half,constant,0.75,0.5,1.5,9.321969482565386,27.195130187978368
pretrained,primary,12,half,constant,0.75,1.0,0.5,9.321969482565386,27.195130187978368
pretrained,primary,12,half,constant,0.75,1.0,1.0,9.321969482565386,27.195130187978368
pretrained,primary,12,half,constant,0.75,1.0,1.5,9.321969482565386,27.195130187978368
pretrained,primary,12,half,frontier_trend,0.25,0.0,0.5,9.321969482565386,27.195130187978368
pretrained,primary,12,half,frontier_trend,0.25,0.0,1.0,9.321969482565386,27.195130187978368
pretrained,primary,12,half,frontier_trend,0.25,0.0,1.5,9.321969482565386,27.195130187978368
pretrained,primary,12,half,frontier_trend,0.25,0.5,0.5,4.252708580510648,28.446601841947142
pretrained,primary,12,half,frontier_trend,0.25,0.5,1.0,4.252708580510648,28.446601841947142
pretrained,primary,12,half,frontier_trend,0.25,0.5,1.5,4.252708580510648,28.446601841947142
pretrained,primary,12,half,frontier_trend,0.25,1.0,0.5,1.6922042485625453,29.086593042431414
pretrained,primary,12,half,frontier_trend,0.25,1.0,1.0,1.6922042485625453,29.086593042431414
pretrained,primary,12,half,frontier_trend,0.25,1.0,1.5,1.6922042485625453,29.086593042431414
pretrained,primary,12,half,frontier_trend,0.5,0.0,0.5,9.321969482565386,27.195130187978368
pretrained,primary,12,half,frontier_trend,0.5,0.0,1.0,9.321969482565386,27.195130187978368
pretrained,primary,12,half,frontier_trend,0.5,0.0,1.5,9.321969482565386,27.195130187978368
pretrained,primary,12,half,frontier_trend,0.5,0.5,0.5,4.252708580510648,28.446601841947142
pretrained,primary,12,half,frontier_trend,0.5,0.5,1.0,4.252708580510648,28.446601841947142
pretrained,primary,12,half,frontier_trend,0.5,0.5,1.5,4.252708580510648,28.446601841947142
pretrained,primary,12,half,frontier_trend,0.5,1.0,0.5,1.6922042485625453,29.086593042431414
pretrained,primary,12,half,frontier_trend,0.5,1.0,1.0,1.6922042485625453,29.086593042431414
pretrained,primary,12,half,frontier_trend,0.5,1.0,1.5,1.6922042485625453,29.086593042431414
pretrained,primary,12,half,frontier_trend,0.75,0.0,0.5,9.321969482565386,27.195130187978368
pretrained,primary,12,half,frontier_trend,0.75,0.0,1.0,9.321969482565386,27.195130187978368
pretrained,primary,12,half,frontier_trend,0.75,0.0,1.5,9.321969482565386,27.195130187978368
pretrained,primary,12,half,frontier_trend,0.75,0.5,0.5,4.252708580510648,28.446601841947142
pretrained,primary,12,half,frontier_trend,0.75,0.5,1.0,4.252708580510648,28.446601841947142
pretrained,primary,12,half,frontier_trend,0.75,0.5,1.5,4.252708580510648,28.446601841947142
pretrained,primary,12,half,frontier_trend,0.75,1.0,0.5,1.6922042485625453,29.086593042431414
pretrained,primary,12,half,frontier_trend,0.75,1.0,1.0,1.6922042485625453,29.086593042431414
pretrained,primary,12,half,frontier_trend,0.75,1.0,1.5,1.6922042485625453,29.086593042431414
pretrained,primary,12,half,quantile_resource,0.25,0.0,0.5,9.5734153960788,27.88256494795692
pretrained,primary,12,half,quantile_resource,0.25,0.0,1.0,9.83091051822413,28.58055598331542
pretrained,primary,12,half,quantile_resource,0.25,0.0,1.5,10.094560484906475,29.28892457213458
pretrained,primary,12,half,quantile_resource,0.25,0.5,0.5,13.185315994718387,33.84157700408284
pretrained,primary,12,half,quantile_resource,0.25,0.5,1.0,13.619451587122583,34.6480618486886
pretrained,primary,12,half,quantile_resource,0.25,0.5,1.5,14.065563448024916,35.46346721220831
pretrained,primary,12,half,quantile_resource,0.25,1.0,0.5,13.865362095453476,42.98002662149857
pretrained,primary,12,half,quantile_resource,0.25,1.0,1.0,14.339370552295229,43.81879891593834
pretrained,primary,12,half,quantile_resource,0.25,1.0,1.5,14.789072473284506,44.66112914251922
pretrained,primary,12,half,quantile_resource,0.5,0.0,0.5,9.83091051822413,28.58055598331542
pretrained,primary,12,half,quantile_resource,0.5,0.0,1.0,10.364470592339224,30.007474138110787
pretrained,primary,12,half,quantile_resource,0.5,0.0,1.5,10.923489849421639,31.474240116257246
pretrained,primary,12,half,quantile_resource,0.5,0.5,0.5,13.619451587122583,34.6480618486886
pretrained,primary,12,half,quantile_resource,0.5,0.5,1.0,14.523828688509841,36.28741035488041
pretrained,primary,12,half,quantile_resource,0.5,0.5,1.5,15.47748845587154,37.95928399227797
pretrained,primary,12,half,quantile_resource,0.5,1.0,0.5,14.339370552295229,43.81879891593834
pretrained,primary,12,half,quantile_resource,0.5,1.0,1.0,15.241874467986293,45.50654486095862
pretrained,primary,12,half,quantile_resource,0.5,1.0,1.5,16.181548017020347,47.2047085591168
pretrained,primary,12,half,quantile_resource,0.75,0.0,0.5,10.094560484906475,29.28892457213458
pretrained,primary,12,half,quantile_resource,0.75,0.0,1.0,10.923489849421639,31.474240116257246
pretrained,primary,12,half,quantile_resource,0.75,0.0,1.5,11.85722708285509,33.744799693399436
pretrained,primary,12,half,quantile_resource,0.75,0.5,0.5,14.065563448024916,35.46346721220831
pretrained,primary,12,half,quantile_resource,0.75,0.5,1.0,15.47748845587154,37.95928399227797
pretrained,primary,12,half,quantile_resource,0.75,0.5,1.5,17.00307074935425,40.52049442198125
pretrained,primary,12,half,quantile_resource,0.75,1.0,0.5,14.789072473284506,44.66112914251922
pretrained,primary,12,half,quantile_resource,0.75,1.0,1.0,16.181548017020347,47.2047085591168
pretrained,primary,12,half,quantile_resource,0.75,1.0,1.5,17.67799266964215,49.76293393314299
pretrained,primary,12,half,mean_resource,0.25,0.0,0.5,9.533879214635297,27.845120607847665
pretrained,primary,12,half,mean_resource,0.25,0.0,1.0,9.750090543969083,28.50456510036348
pretrained,primary,12,half,mean_resource,0.25,0.0,1.5,9.970667112334251,29.17331360496185
pretrained,primary,12,half,mean_resource,0.25,0.5,0.5,12.497820884682428,36.745677161396586
pretrained,primary,12,half,mean_resource,0.25,0.5,1.0,12.775247185167279,37.39168872646675
pretrained,primary,12,half,mean_resource,0.25,0.5,1.5,13.057923953525517,38.03814525967115
pretrained,primary,12,half,mean_resource,0.25,1.0,0.5,16.272612446906813,46.71661655542224
pretrained,primary,12,half,mean_resource,0.25,1.0,1.0,16.61733883175954,47.52344926625626
pretrained,primary,12,half,mean_resource,0.25,1.0,1.5,16.96790098862965,48.33157847446057
pretrained,primary,12,half,mean_resource,0.5,0.0,0.5,9.750090543969083,28.50456510036348
pretrained,primary,12,half,mean_resource,0.5,0.0,1.0,10.195672409346844,29.85120177403943
pretrained,primary,12,half,mean_resource,0.5,0.0,1.5,10.659222021720517,31.23366785777403
pretrained,primary,12,half,mean_resource,0.5,0.5,0.5,12.775247185167279,37.39168872646675
pretrained,primary,12,half,mean_resource,0.5,0.5,1.0,13.345909915581469,38.68887175129936
pretrained,primary,12,half,mean_resource,0.5,0.5,1.5,13.938038239645982,40.00230345157225
pretrained,primary,12,half,mean_resource,0.5,1.0,0.5,16.61733883175954,47.52344926625626
pretrained,primary,12,half,mean_resource,0.5,1.0,1.0,17.324335448112734,49.14058243944641
pretrained,primary,12,half,mean_resource,0.5,1.0,1.5,18.054954664521652,50.75951939194358
pretrained,primary,12,half,mean_resource,0.75,0.0,0.5,9.970667112334251,29.173313604961855
pretrained,primary,12,half,mean_resource,0.75,0.0,1.0,10.659222021720517,31.23366785777403
pretrained,primary,12,half,mean_resource,0.75,0.0,1.5,11.389333479915807,33.370979103226055
pretrained,primary,12,half,mean_resource,0.75,0.5,0.5,13.057923953525517,38.03814525967115
pretrained,primary,12,half,mean_resource,0.75,0.5,1.0,13.938038239645982,40.00230345157225
pretrained,primary,12,half,mean_resource,0.75,0.5,1.5,14.867443589398775,41.999137096088454
pretrained,primary,12,half,mean_resource,0.75,1.0,0.5,16.96790098862965,48.33157847446057
pretrained,primary,12,half,mean_resource,0.75,1.0,1.0,18.054954664521652,50.75951939194358
pretrained,primary,12,half,mean_resource,0.75,1.0,1.5,19.1956875656127,53.07382438613857
pretrained,primary,12,quarter,constant,0.25,0.0,0.5,9.321969482565386,27.195130187978368
pretrained,primary,12,quarter,constant,0.25,0.0,1.0,9.321969482565386,27.195130187978368
pretrained,primary,12,quarter,constant,0.25,0.0,1.5,9.321969482565386,27.195130187978368
pretrained,primary,12,quarter,constant,0.25,0.5,0.5,9.321969482565386,27.195130187978368
pretrained,primary,12,quarter,constant,0.25,0.5,1.0,9.321969482565386,27.195130187978368
pretrained,primary,12,quarter,constant,0.25,0.5,1.5,9.321969482565386,27.195130187978368
pretrained,primary,12,quarter,constant,0.25,1.0,0.5,9.321969482565386,27.195130187978368
pretrained,primary,12,quarter,constant,0.25,1.0,1.0,9.321969482565386,27.195130187978368
pretrained,primary,12,quarter,constant,0.25,1.0,1.5,9.321969482565386,27.195130187978368
pretrained,primary,12,quarter,constant,0.5,0.0,0.5,9.321969482565386,27.195130187978368
pretrained,primary,12,quarter,constant,0.5,0.0,1.0,9.321969482565386,27.195130187978368
pretrained,primary,12,quarter,constant,0.5,0.0,1.5,9.321969482565386,27.195130187978368
pretrained,primary,12,quarter,constant,0.5,0.5,0.5,9.321969482565386,27.195130187978368
pretrained,primary,12,quarter,constant,0.5,0.5,1.0,9.321969482565386,27.195130187978368
pretrained,primary,12,quarter,constant,0.5,0.5,1.5,9.321969482565386,27.195130187978368
pretrained,primary,12,quarter,constant,0.5,1.0,0.5,9.321969482565386,27.195130187978368
pretrained,primary,12,quarter,constant,0.5,1.0,1.0,9.321969482565386,27.195130187978368
pretrained,primary,12,quarter,constant,0.5,1.0,1.5,9.321969482565386,27.195130187978368
pretrained,primary,12,quarter,constant,0.75,0.0,0.5,9.321969482565386,27.195130187978368
pretrained,primary,12,quarter,constant,0.75,0.0,1.0,9.321969482565386,27.195130187978368
pretrained,primary,12,quarter,constant,0.75,0.0,1.5,9.321969482565386,27.195130187978368
pretrained,primary,12,quarter,constant,0.75,0.5,0.5,9.321969482565386,27.195130187978368
pretrained,primary,12,quarter,constant,0.75,0.5,1.0,9.321969482565386,27.195130187978368
pretrained,primary,12,quarter,constant,0.75,0.5,1.5,9.321969482565386,27.195130187978368
pretrained,primary,12,quarter,constant,0.75,1.0,0.5,9.321969482565386,27.195130187978368
pretrained,primary,12,quarter,constant,0.75,1.0,1.0,9.321969482565386,27.195130187978368
pretrained,primary,12,quarter,constant,0.75,1.0,1.5,9.321969482565386,27.195130187978368
pretrained,primary,12,quarter,frontier_trend,0.25,0.0,0.5,9.321969482565386,27.195130187978368
pretrained,primary,12,quarter,frontier_trend,0.25,0.0,1.0,9.321969482565386,27.195130187978368
pretrained,primary,12,quarter,frontier_trend,0.25,0.0,1.5,9.321969482565386,27.195130187978368
pretrained,primary,12,quarter,frontier_trend,0.25,0.5,0.5,4.252708580510648,28.446601841947142
pretrained,primary,12,quarter,frontier_trend,0.25,0.5,1.0,4.252708580510648,28.446601841947142
pretrained,primary,12,quarter,frontier_trend,0.25,0.5,1.5,4.252708580510648,28.446601841947142
pretrained,primary,12,quarter,frontier_trend,0.25,1.0,0.5,1.6922042485625453,29.086593042431414
pretrained,primary,12,quarter,frontier_trend,0.25,1.0,1.0,1.6922042485625453,29.086593042431414
pretrained,primary,12,quarter,frontier_trend,0.25,1.0,1.5,1.6922042485625453,29.086593042431414
pretrained,primary,12,quarter,frontier_trend,0.5,0.0,0.5,9.321969482565386,27.195130187978368
pretrained,primary,12,quarter,frontier_trend,0.5,0.0,1.0,9.321969482565386,27.195130187978368
pretrained,primary,12,quarter,frontier_trend,0.5,0.0,1.5,9.321969482565386,27.195130187978368
pretrained,primary,12,quarter,frontier_trend,0.5,0.5,0.5,4.252708580510648,28.446601841947142
pretrained,primary,12,quarter,frontier_trend,0.5,0.5,1.0,4.252708580510648,28.446601841947142
pretrained,primary,12,quarter,frontier_trend,0.5,0.5,1.5,4.252708580510648,28.446601841947142
pretrained,primary,12,quarter,frontier_trend,0.5,1.0,0.5,1.6922042485625453,29.086593042431414
pretrained,primary,12,quarter,frontier_trend,0.5,1.0,1.0,1.6922042485625453,29.086593042431414
pretrained,primary,12,quarter,frontier_trend,0.5,1.0,1.5,1.6922042485625453,29.086593042431414
pretrained,primary,12,quarter,frontier_trend,0.75,0.0,0.5,9.321969482565386,27.195130187978368
pretrained,primary,12,quarter,frontier_trend,0.75,0.0,1.0,9.321969482565386,27.195130187978368
pretrained,primary,12,quarter,frontier_trend,0.75,0.0,1.5,9.321969482565386,27.195130187978368
pretrained,primary,12,quarter,frontier_trend,0.75,0.5,0.5,4.252708580510648,28.446601841947142
pretrained,primary,12,quarter,frontier_trend,0.75,0.5,1.0,4.252708580510648,28.446601841947142
pretrained,primary,12,quarter,frontier_trend,0.75,0.5,1.5,4.252708580510648,28.446601841947142
pretrained,primary,12,quarter,frontier_trend,0.75,1.0,0.5,1.6922042485625453,29.086593042431414
pretrained,primary,12,quarter,frontier_trend,0.75,1.0,1.0,1.6922042485625453,29.086593042431414
pretrained,primary,12,quarter,frontier_trend,0.75,1.0,1.5,1.6922042485625453,29.086593042431414
pretrained,primary,12,quarter,quantile_resource,0.25,0.0,0.5,9.446942899980845,27.537517557145566
pretrained,primary,12,quarter,quantile_resource,0.25,0.0,1.0,9.5734153960788,27.88256494795692
pretrained,primary,12,quarter,quantile_resource,0.25,0.0,1.5,9.701400197498353,28.230251684358635
pretrained,primary,12,quarter,quantile_resource,0.25,0.5,0.5,12.972682033913937,33.441794022204036
pretrained,primary,12,quarter,quantile_resource,0.25,0.5,1.0,13.185315994718387,33.84157700408284
pretrained,primary,12,quarter,quantile_resource,0.25,0.5,1.5,13.400898106669041,34.243681202305645
pretrained,primary,12,quarter,quantile_resource,0.25,1.0,0.5,13.633326810433038,42.56212013721786
pretrained,primary,12,quarter,quantile_resource,0.25,1.0,1.0,13.865362095453476,42.98002662149857
pretrained,primary,12,quarter,quantile_resource,0.25,1.0,1.5,14.100701653861178,43.39893880588678
pretrained,primary,12,quarter,quantile_resource,0.5,0.0,0.5,9.5734153960788,27.88256494795692
pretrained,primary,12,quarter,quantile_resource,0.5,0.0,1.0,9.83091051822413,28.58055598331542
pretrained,primary,12,quarter,quantile_resource,0.5,0.0,1.5,10.094560484906475,29.28892457213458
pretrained,primary,12,quarter,quantile_resource,0.5,0.5,0.5,13.185315994718387,33.84157700408284
pretrained,primary,12,quarter,quantile_resource,0.5,0.5,1.0,13.619451587122583,34.6480618486886
pretrained,primary,12,quarter,quantile_resource,0.5,0.5,1.5,14.065563448024916,35.46346721220831
pretrained,primary,12,quarter,quantile_resource,0.5,1.0,0.5,13.865362095453476,42.98002662149857
pretrained,primary,12,quarter,quantile_resource,0.5,1.0,1.0,14.339370552295229,43.81879891593834
pretrained,primary,12,quarter,quantile_resource,0.5,1.0,1.5,14.789072473284506,44.66112914251922
pretrained,primary,12,quarter,quantile_resource,0.75,0.0,0.5,9.701400197498353,28.230251684358635
pretrained,primary,12,quarter,quantile_resource,0.75,0.0,1.0,10.094560484906475,29.28892457213458
pretrained,primary,12,quarter,quantile_resource,0.75,0.0,1.5,10.501805975909287,30.370500451004787
pretrained,primary,12,quarter,quantile_resource,0.75,0.5,0.5,13.400898106669041,34.243681202305645
pretrained,primary,12,quarter,quantile_resource,0.75,0.5,1.0,14.065563448024916,35.46346721220831
pretrained,primary,12,quarter,quantile_resource,0.75,0.5,1.5,14.757572088543993,36.702458741148774
pretrained,primary,12,quarter,quantile_resource,0.75,1.0,0.5,14.100701653861178,43.39893880588678
pretrained,primary,12,quarter,quantile_resource,0.75,1.0,1.0,14.789072473284506,44.66112914251922
pretrained,primary,12,quarter,quantile_resource,0.75,1.0,1.5,15.472510323064737,45.93026017006583
pretrained,primary,12,quarter,mean_resource,0.25,0.0,0.5,9.42739063089403,27.518934815212425
pretrained,primary,12,quarter,mean_resource,0.25,0.0,1.0,9.533879214635297,27.845120607847665
pretrained,primary,12,quarter,mean_resource,0.25,0.0,1.5,9.641443199159193,28.17367014013446
pretrained,primary,12,quarter,mean_resource,0.25,0.5,0.5,12.361058004785905,36.391089792300576
pretrained,primary,12,quarter,mean_resource,0.25,0.5,1.0,12.497820884682428,36.745677161396586
pretrained,primary,12,quarter,mean_resource,0.25,0.5,1.5,12.635881440881183,37.068605647522084
pretrained,primary,12,quarter,mean_resource,0.25,1.0,0.5,16.10242559258433,46.31381746241702
pretrained,primary,12,quarter,mean_resource,0.25,1.0,1.0,16.272612446906813,46.71661655542224
pretrained,primary,12,quarter,mean_resource,0.25,1.0,1.5,16.444248546286094,47.11984458563428
pretrained,primary,12,quarter,mean_resource,0.5,0.0,0.5,9.533879214635297,27.845120607847665
pretrained,primary,12,quarter,mean_resource,0.5,0.0,1.0,9.750090543969083,28.50456510036348
pretrained,primary,12,quarter,mean_resource,0.5,0.0,1.5,9.970667112334251,29.17331360496185
pretrained,primary,12,quarter,mean_resource,0.5,0.5,0.5,12.497820884682428,36.745677161396586
pretrained,primary,12,quarter,mean_resource,0.5,0.5,1.0,12.775247185167279,37.39168872646675
pretrained,primary,12,quarter,mean_resource,0.5,0.5,1.5,13.057923953525517,38.03814525967115
pretrained,primary,12,quarter,mean_resource,0.5,1.0,0.5,16.272612446906813,46.71661655542224
pretrained,primary,12,quarter,mean_resource,0.5,1.0,1.0,16.61733883175954,47.52344926625626
pretrained,primary,12,quarter,mean_resource,0.5,1.0,1.5,16.96790098862965,48.33157847446057
pretrained,primary,12,quarter,mean_resource,0.75,0.0,0.5,9.641443199159193,28.17367014013446
pretrained,primary,12,quarter,mean_resource,0.75,0.0,1.0,9.970667112334251,29.173313604961855
pretrained,primary,12,quarter,mean_resource,0.75,0.0,1.5,10.309855615168383,30.19351794768672
pretrained,primary,12,quarter,mean_resource,0.75,0.5,0.5,12.635881440881183,37.068605647522084
pretrained,primary,12,quarter,mean_resource,0.75,0.5,1.0,13.057923953525517,38.03814525967115
pretrained,primary,12,quarter,mean_resource,0.75,0.5,1.5,13.491911871497924,39.01577196587366
pretrained,primary,12,quarter,mean_resource,0.75,1.0,0.5,16.444248546286094,47.11984458563428
pretrained,primary,12,quarter,mean_resource,0.75,1.0,1.0,16.96790098862965,48.33157847446057
pretrained,primary,12,quarter,mean_resource,0.75,1.0,1.5,17.504765520612654,49.5452801359879
pretrained,primary,12,stopped,constant,0.25,0.0,0.5,9.321969482565386,27.195130187978368
pretrained,primary,12,stopped,constant,0.25,0.0,1.0,9.321969482565386,27.195130187978368
pretrained,primary,12,stopped,constant,0.25,0.0,1.5,9.321969482565386,27.195130187978368
pretrained,primary,12,stopped,constant,0.25,0.5,0.5,9.321969482565386,27.195130187978368
pretrained,primary,12,stopped,constant,0.25,0.5,1.0,9.321969482565386,27.195130187978368
pretrained,primary,12,stopped,constant,0.25,0.5,1.5,9.321969482565386,27.195130187978368
pretrained,primary,12,stopped,constant,0.25,1.0,0.5,9.321969482565386,27.195130187978368
pretrained,primary,12,stopped,constant,0.25,1.0,1.0,9.321969482565386,27.195130187978368
pretrained,primary,12,stopped,constant,0.25,1.0,1.5,9.321969482565386,27.195130187978368
pretrained,primary,12,stopped,constant,0.5,0.0,0.5,9.321969482565386,27.195130187978368
pretrained,primary,12,stopped,constant,0.5,0.0,1.0,9.321969482565386,27.195130187978368
pretrained,primary,12,stopped,constant,0.5,0.0,1.5,9.321969482565386,27.195130187978368
pretrained,primary,12,stopped,constant,0.5,0.5,0.5,9.321969482565386,27.195130187978368
pretrained,primary,12,stopped,constant,0.5,0.5,1.0,9.321969482565386,27.195130187978368
pretrained,primary,12,stopped,constant,0.5,0.5,1.5,9.321969482565386,27.195130187978368
pretrained,primary,12,stopped,constant,0.5,1.0,0.5,9.321969482565386,27.195130187978368
pretrained,primary,12,stopped,constant,0.5,1.0,1.0,9.321969482565386,27.195130187978368
pretrained,primary,12,stopped,constant,0.5,1.0,1.5,9.321969482565386,27.195130187978368
pretrained,primary,12,stopped,constant,0.75,0.0,0.5,9.321969482565386,27.195130187978368
pretrained,primary,12,stopped,constant,0.75,0.0,1.0,9.321969482565386,27.195130187978368
pretrained,primary,12,stopped,constant,0.75,0.0,1.5,9.321969482565386,27.195130187978368
pretrained,primary,12,stopped,constant,0.75,0.5,0.5,9.321969482565386,27.195130187978368
pretrained,primary,12,stopped,constant,0.75,0.5,1.0,9.321969482565386,27.195130187978368
pretrained,primary,12,stopped,constant,0.75,0.5,1.5,9.321969482565386,27.195130187978368
pretrained,primary,12,stopped,constant,0.75,1.0,0.5,9.321969482565386,27.195130187978368
pretrained,primary,12,stopped,constant,0.75,1.0,1.0,9.321969482565386,27.195130187978368
pretrained,primary,12,stopped,constant,0.75,1.0,1.5,9.321969482565386,27.195130187978368
pretrained,primary,12,stopped,frontier_trend,0.25,0.0,0.5,9.321969482565386,27.195130187978368
pretrained,primary,12,stopped,frontier_trend,0.25,0.0,1.0,9.321969482565386,27.195130187978368
pretrained,primary,12,stopped,frontier_trend,0.25,0.0,1.5,9.321969482565386,27.195130187978368
pretrained,primary,12,stopped,frontier_trend,0.25,0.5,0.5,4.252708580510648,28.446601841947142
pretrained,primary,12,stopped,frontier_trend,0.25,0.5,1.0,4.252708580510648,28.446601841947142
pretrained,primary,12,stopped,frontier_trend,0.25,0.5,1.5,4.252708580510648,28.446601841947142
pretrained,primary,12,stopped,frontier_trend,0.25,1.0,0.5,1.6922042485625453,29.086593042431414
pretrained,primary,12,stopped,frontier_trend,0.25,1.0,1.0,1.6922042485625453,29.086593042431414
pretrained,primary,12,stopped,frontier_trend,0.25,1.0,1.5,1.6922042485625453,29.086593042431414
pretrained,primary,12,stopped,frontier_trend,0.5,0.0,0.5,9.321969482565386,27.195130187978368
pretrained,primary,12,stopped,frontier_trend,0.5,0.0,1.0,9.321969482565386,27.195130187978368
pretrained,primary,12,stopped,frontier_trend,0.5,0.0,1.5,9.321969482565386,27.195130187978368
pretrained,primary,12,stopped,frontier_trend,0.5,0.5,0.5,4.252708580510648,28.446601841947142
pretrained,primary,12,stopped,frontier_trend,0.5,0.5,1.0,4.252708580510648,28.446601841947142
pretrained,primary,12,stopped,frontier_trend,0.5,0.5,1.5,4.252708580510648,28.446601841947142
pretrained,primary,12,stopped,frontier_trend,0.5,1.0,0.5,1.6922042485625453,29.086593042431414
pretrained,primary,12,stopped,frontier_trend,0.5,1.0,1.0,1.6922042485625453,29.086593042431414
pretrained,primary,12,stopped,frontier_trend,0.5,1.0,1.5,1.6922042485625453,29.086593042431414
pretrained,primary,12,stopped,frontier_trend,0.75,0.0,0.5,9.321969482565386,27.195130187978368
pretrained,primary,12,stopped,frontier_trend,0.75,0.0,1.0,9.321969482565386,27.195130187978368
pretrained,primary,12,stopped,frontier_trend,0.75,0.0,1.5,9.321969482565386,27.195130187978368
pretrained,primary,12,stopped,frontier_trend,0.75,0.5,0.5,4.252708580510648,28.446601841947142
pretrained,primary,12,stopped,frontier_trend,0.75,0.5,1.0,4.252708580510648,28.446601841947142
pretrained,primary,12,stopped,frontier_trend,0.75,0.5,1.5,4.252708580510648,28.446601841947142
pretrained,primary,12,stopped,frontier_trend,0.75,1.0,0.5,1.6922042485625453,29.086593042431414
pretrained,primary,12,stopped,frontier_trend,0.75,1.0,1.0,1.6922042485625453,29.086593042431414
pretrained,primary,12,stopped,frontier_trend,0.75,1.0,1.5,1.6922042485625453,29.086593042431414
pretrained,primary,12,stopped,quantile_resource,0.25,0.0,0.5,9.321969482565386,27.195130187978368
pretrained,primary,12,stopped,quantile_resource,0.25,0.0,1.0,9.321969482565386,27.195130187978368
pretrained,primary,12,stopped,quantile_resource,0.25,0.0,1.5,9.321969482565386,27.195130187978368
pretrained,primary,12,stopped,quantile_resource,0.25,0.5,0.5,12.76297261938761,33.044375768836574
pretrained,primary,12,stopped,quantile_resource,0.25,0.5,1.0,12.76297261938761,33.044375768836574
pretrained,primary,12,stopped,quantile_resource,0.25,0.5,1.5,12.76297261938761,33.044375768836574
pretrained,primary,12,stopped,quantile_resource,0.25,1.0,0.5,13.404570183771963,42.14527655571139
pretrained,primary,12,stopped,quantile_resource,0.25,1.0,1.0,13.404570183771963,42.14527655571139
pretrained,primary,12,stopped,quantile_resource,0.25,1.0,1.5,13.404570183771963,42.14527655571139
pretrained,primary,12,stopped,quantile_resource,0.5,0.0,0.5,9.321969482565386,27.195130187978368
pretrained,primary,12,stopped,quantile_resource,0.5,0.0,1.0,9.321969482565386,27.195130187978368
pretrained,primary,12,stopped,quantile_resource,0.5,0.0,1.5,9.321969482565386,27.195130187978368
pretrained,primary,12,stopped,quantile_resource,0.5,0.5,0.5,12.76297261938761,33.044375768836574
pretrained,primary,12,stopped,quantile_resource,0.5,0.5,1.0,12.76297261938761,33.044375768836574
pretrained,primary,12,stopped,quantile_resource,0.5,0.5,1.5,12.76297261938761,33.044375768836574
pretrained,primary,12,stopped,quantile_resource,0.5,1.0,0.5,13.404570183771963,42.14527655571139
pretrained,primary,12,stopped,quantile_resource,0.5,1.0,1.0,13.404570183771963,42.14527655571139
pretrained,primary,12,stopped,quantile_resource,0.5,1.0,1.5,13.404570183771963,42.14527655571139
pretrained,primary,12,stopped,quantile_resource,0.75,0.0,0.5,9.321969482565386,27.195130187978368
pretrained,primary,12,stopped,quantile_resource,0.75,0.0,1.0,9.321969482565386,27.195130187978368
pretrained,primary,12,stopped,quantile_resource,0.75,0.0,1.5,9.321969482565386,27.195130187978368
pretrained,primary,12,stopped,quantile_resource,0.75,0.5,0.5,12.76297261938761,33.044375768836574
pretrained,primary,12,stopped,quantile_resource,0.75,0.5,1.0,12.76297261938761,33.044375768836574
pretrained,primary,12,stopped,quantile_resource,0.75,0.5,1.5,12.76297261938761,33.044375768836574
pretrained,primary,12,stopped,quantile_resource,0.75,1.0,0.5,13.404570183771963,42.14527655571139
pretrained,primary,12,stopped,quantile_resource,0.75,1.0,1.0,13.404570183771963,42.14527655571139
pretrained,primary,12,stopped,quantile_resource,0.75,1.0,1.5,13.404570183771963,42.14527655571139
pretrained,primary,12,stopped,mean_resource,0.25,0.0,0.5,9.321969482565386,27.195130187978368
pretrained,primary,12,stopped,mean_resource,0.25,0.0,1.0,9.321969482565386,27.195130187978368
pretrained,primary,12,stopped,mean_resource,0.25,0.0,1.5,9.321969482565386,27.195130187978368
pretrained,primary,12,stopped,mean_resource,0.25,0.5,0.5,12.22558522661607,36.01860265546471
pretrained,primary,12,stopped,mean_resource,0.25,0.5,1.0,12.22558522661607,36.01860265546471
pretrained,primary,12,stopped,mean_resource,0.25,0.5,1.5,12.22558522661607,36.01860265546471
pretrained,primary,12,stopped,mean_resource,0.25,1.0,0.5,15.933682899380509,45.91149936957547
pretrained,primary,12,stopped,mean_resource,0.25,1.0,1.0,15.933682899380509,45.91149936957547
pretrained,primary,12,stopped,mean_resource,0.25,1.0,1.5,15.933682899380509,45.91149936957547
pretrained,primary,12,stopped,mean_resource,0.5,0.0,0.5,9.321969482565386,27.195130187978368
pretrained,primary,12,stopped,mean_resource,0.5,0.0,1.0,9.321969482565386,27.195130187978368
pretrained,primary,12,stopped,mean_resource,0.5,0.0,1.5,9.321969482565386,27.195130187978368
pretrained,primary,12,stopped,mean_resource,0.5,0.5,0.5,12.22558522661607,36.01860265546471
pretrained,primary,12,stopped,mean_resource,0.5,0.5,1.0,12.22558522661607,36.01860265546471
pretrained,primary,12,stopped,mean_resource,0.5,0.5,1.5,12.22558522661607,36.01860265546471
pretrained,primary,12,stopped,mean_resource,0.5,1.0,0.5,15.933682899380509,45.91149936957547
pretrained,primary,12,stopped,mean_resource,0.5,1.0,1.0,15.933682899380509,45.91149936957547
pretrained,primary,12,stopped,mean_resource,0.5,1.0,1.5,15.933682899380509,45.91149936957547
pretrained,primary,12,stopped,mean_resource,0.75,0.0,0.5,9.321969482565386,27.195130187978368
pretrained,primary,12,stopped,mean_resource,0.75,0.0,1.0,9.321969482565386,27.195130187978368
pretrained,primary,12,stopped,mean_resource,0.75,0.0,1.5,9.321969482565386,27.195130187978368
pretrained,primary,12,stopped,mean_resource,0.75,0.5,0.5,12.22558522661607,36.01860265546471
pretrained,primary,12,stopped,mean_resource,0.75,0.5,1.0,12.22558522661607,36.01860265546471
pretrained,primary,12,stopped,mean_resource,0.75,0.5,1.5,12.22558522661607,36.01860265546471
pretrained,primary,12,stopped,mean_resource,0.75,1.0,0.5,15.933682899380509,45.91149936957547
pretrained,primary,12,stopped,mean_resource,0.75,1.0,1.0,15.933682899380509,45.91149936957547
pretrained,primary,12,stopped,mean_resource,0.75,1.0,1.5,15.933682899380509,45.91149936957547
pretrained,primary,24,historical,constant,0.25,0.0,0.5,9.321969482565386,27.195130187978368
pretrained,primary,24,historical,constant,0.25,0.0,1.0,9.321969482565386,27.195130187978368
pretrained,primary,24,historical,constant,0.25,0.0,1.5,9.321969482565386,27.195130187978368
pretrained,primary,24,historical,constant,0.25,0.5,0.5,9.321969482565386,27.195130187978368
pretrained,primary,24,historical,constant,0.25,0.5,1.0,9.321969482565386,27.195130187978368
pretrained,primary,24,historical,constant,0.25,0.5,1.5,9.321969482565386,27.195130187978368
pretrained,primary,24,historical,constant,0.25,1.0,0.5,9.321969482565386,27.195130187978368
pretrained,primary,24,historical,constant,0.25,1.0,1.0,9.321969482565386,27.195130187978368
pretrained,primary,24,historical,constant,0.25,1.0,1.5,9.321969482565386,27.195130187978368
pretrained,primary,24,historical,constant,0.5,0.0,0.5,9.321969482565386,27.195130187978368
pretrained,primary,24,historical,constant,0.5,0.0,1.0,9.321969482565386,27.195130187978368
pretrained,primary,24,historical,constant,0.5,0.0,1.5,9.321969482565386,27.195130187978368
pretrained,primary,24,historical,constant,0.5,0.5,0.5,9.321969482565386,27.195130187978368
pretrained,primary,24,historical,constant,0.5,0.5,1.0,9.321969482565386,27.195130187978368
pretrained,primary,24,historical,constant,0.5,0.5,1.5,9.321969482565386,27.195130187978368
pretrained,primary,24,historical,constant,0.5,1.0,0.5,9.321969482565386,27.195130187978368
pretrained,primary,24,historical,constant,0.5,1.0,1.0,9.321969482565386,27.195130187978368
pretrained,primary,24,historical,constant,0.5,1.0,1.5,9.321969482565386,27.195130187978368
pretrained,primary,24,historical,constant,0.75,0.0,0.5,9.321969482565386,27.195130187978368
pretrained,primary,24,historical,constant,0.75,0.0,1.0,9.321969482565386,27.195130187978368
pretrained,primary,24,historical,constant,0.75,0.0,1.5,9.321969482565386,27.195130187978368
pretrained,primary,24,historical,constant,0.75,0.5,0.5,9.321969482565386,27.195130187978368
pretrained,primary,24,historical,constant,0.75,0.5,1.0,9.321969482565386,27.195130187978368
pretrained,primary,24,historical,constant,0.75,0.5,1.5,9.321969482565386,27.195130187978368
pretrained,primary,24,historical,constant,0.75,1.0,0.5,9.321969482565386,27.195130187978368
pretrained,primary,24,historical,constant,0.75,1.0,1.0,9.321969482565386,27.195130187978368
pretrained,primary,24,historical,constant,0.75,1.0,1.5,9.321969482565386,27.195130187978368
pretrained,primary,24,historical,frontier_trend,0.25,0.0,0.5,9.321969482565386,27.195130187978368
pretrained,primary,24,historical,frontier_trend,0.25,0.0,1.0,9.321969482565386,27.195130187978368
pretrained,primary,24,historical,frontier_trend,0.25,0.0,1.5,9.321969482565386,27.195130187978368
pretrained,primary,24,historical,frontier_trend,0.25,0.5,0.5,1.6922042485625453,29.086593042431414
pretrained,primary,24,historical,frontier_trend,0.25,0.5,1.0,1.6922042485625453,29.086593042431414
pretrained,primary,24,historical,frontier_trend,0.25,0.5,1.5,1.6922042485625453,29.086593042431414
pretrained,primary,24,historical,frontier_trend,0.25,1.0,0.5,0.1648284140401244,33.53608301688536
pretrained,primary,24,historical,frontier_trend,0.25,1.0,1.0,0.1648284140401244,33.53608301688536
pretrained,primary,24,historical,frontier_trend,0.25,1.0,1.5,0.1648284140401244,33.53608301688536
pretrained,primary,24,historical,frontier_trend,0.5,0.0,0.5,9.321969482565386,27.195130187978368
pretrained,primary,24,historical,frontier_trend,0.5,0.0,1.0,9.321969482565386,27.195130187978368
pretrained,primary,24,historical,frontier_trend,0.5,0.0,1.5,9.321969482565386,27.195130187978368
pretrained,primary,24,historical,frontier_trend,0.5,0.5,0.5,1.6922042485625453,29.086593042431414
pretrained,primary,24,historical,frontier_trend,0.5,0.5,1.0,1.6922042485625453,29.086593042431414
pretrained,primary,24,historical,frontier_trend,0.5,0.5,1.5,1.6922042485625453,29.086593042431414
pretrained,primary,24,historical,frontier_trend,0.5,1.0,0.5,0.1648284140401244,33.53608301688536
pretrained,primary,24,historical,frontier_trend,0.5,1.0,1.0,0.1648284140401244,33.53608301688536
pretrained,primary,24,historical,frontier_trend,0.5,1.0,1.5,0.1648284140401244,33.53608301688536
pretrained,primary,24,historical,frontier_trend,0.75,0.0,0.5,9.321969482565386,27.195130187978368
pretrained,primary,24,historical,frontier_trend,0.75,0.0,1.0,9.321969482565386,27.195130187978368
pretrained,primary,24,historical,frontier_trend,0.75,0.0,1.5,9.321969482565386,27.195130187978368
pretrained,primary,24,historical,frontier_trend,0.75,0.5,0.5,1.6922042485625453,29.086593042431414
pretrained,primary,24,historical,frontier_trend,0.75,0.5,1.0,1.6922042485625453,29.086593042431414
pretrained,primary,24,historical,frontier_trend,0.75,0.5,1.5,1.6922042485625453,29.086593042431414
pretrained,primary,24,historical,frontier_trend,0.75,1.0,0.5,0.1648284140401244,33.53608301688536
pretrained,primary,24,historical,frontier_trend,0.75,1.0,1.0,0.1648284140401244,33.53608301688536
pretrained,primary,24,historical,frontier_trend,0.75,1.0,1.5,0.1648284140401244,33.53608301688536
pretrained,primary,24,historical,quantile_resource,0.25,0.0,0.5,10.364470592339224,30.007474138110787
pretrained,primary,24,historical,quantile_resource,0.25,0.0,1.0,11.531038045470025,32.97892209644652
pretrained,primary,24,historical,quantile_resource,0.25,0.0,1.5,12.88402668095593,36.09288512080536
pretrained,primary,24,historical,quantile_resource,0.25,0.5,0.5,15.241874467986293,45.50654486095862
pretrained,primary,24,historical,quantile_resource,0.25,0.5,1.0,17.167445299505623,48.90938790076405
pretrained,primary,24,historical,quantile_resource,0.25,0.5,1.5,19.268122881395264,52.25435995691429
pretrained,primary,24,historical,quantile_resource,0.25,1.0,0.5,13.386754088360574,65.00806376496419
pretrained,primary,24,historical,quantile_resource,0.25,1.0,1.0,15.11933496123069,67.62772794935316
pretrained,primary,24,historical,quantile_resource,0.25,1.0,1.5,17.032180553303515,70.1400747233347
pretrained,primary,24,historical,quantile_resource,0.5,0.0,0.5,11.531038045470025,32.97892209644652
pretrained,primary,24,historical,quantile_resource,0.5,0.0,1.0,14.373552495601754,39.32833419343825
pretrained,primary,24,historical,quantile_resource,0.5,0.0,1.5,17.954458444246793,46.06001051911843
pretrained,primary,24,historical,quantile_resource,0.5,0.5,0.5,17.167445299505623,48.90938790076405
pretrained,primary,24,historical,quantile_resource,0.5,0.5,1.0,21.51181596161147,55.24487104634306
pretrained,primary,24,historical,quantile_resource,0.5,0.5,1.5,26.759904469380853,61.86464831558507
pretrained,primary,24,historical,quantile_resource,0.5,1.0,0.5,15.11933496123069,67.62772794935316
pretrained,primary,24,historical,quantile_resource,0.5,1.0,1.0,19.101305357594946,72.53507759000001
pretrained,primary,24,historical,quantile_resource,0.5,1.0,1.5,23.743208239523753,76.95065309931928
pretrained,primary,24,historical,quantile_resource,0.75,0.0,0.5,12.884026680955927,36.09288512080536
pretrained,primary,24,historical,quantile_resource,0.75,0.0,1.0,17.954458444246793,46.06001051911843
pretrained,primary,24,historical,quantile_resource,0.75,0.0,1.5,25.000019841588955,56.380875957196416
pretrained,primary,24,historical,quantile_resource,0.75,0.5,0.5,19.268122881395264,52.25435995691429
pretrained,primary,24,historical,quantile_resource,0.75,0.5,1.0,26.759904469380853,61.86464831558507
pretrained,primary,24,historical,quantile_resource,0.75,0.5,1.5,35.81475959440073,71.48263341699703
pretrained,primary,24,historical,quantile_resource,0.75,1.0,0.5,17.032180553303515,70.1400747233347
pretrained,primary,24,historical,quantile_resource,0.75,1.0,1.0,23.743208239523753,76.95065309931928
pretrained,primary,24,historical,quantile_resource,0.75,1.0,1.5,32.14582037286646,83.43616795228378
pretrained,primary,24,historical,mean_resource,0.25,0.0,0.5,10.195672409346844,29.85120177403943
pretrained,primary,24,historical,mean_resource,0.25,0.0,1.0,11.141241894394865,32.65036093444273
pretrained,primary,24,historical,mean_resource,0.25,0.0,1.5,12.171599618766914,35.57887661230611
pretrained,primary,24,historical,mean_resource,0.25,0.5,0.5,17.324335448112734,49.14058243944641
pretrained,primary,24,historical,mean_resource,0.25,0.5,1.0,18.809436118671492,52.322323430453615
pretrained,primary,24,historical,mean_resource,0.25,0.5,1.5,20.390709829295655,55.31863115787107
pretrained,primary,24,historical,mean_resource,0.25,1.0,0.5,25.733180064001274,70.99313421415266
pretrained,primary,24,historical,mean_resource,0.25,1.0,1.0,27.81469427259868,73.87031016105054
pretrained,primary,24,historical,mean_resource,0.25,1.0,1.5,29.997011615828097,76.55622353818585
pretrained,primary,24,historical,mean_resource,0.5,0.0,0.5,11.141241894394865,32.65036093444273
pretrained,primary,24,historical,mean_resource,0.5,0.0,1.0,13.289902303235593,38.61943755275745
pretrained,primary,24,historical,mean_resource,0.5,0.0,1.5,16.049299762701267,44.93456954132101
pretrained,primary,24,historical,mean_resource,0.5,0.5,0.5,18.809436118671492,52.322323430453615
pretrained,primary,24,historical,mean_resource,0.5,0.5,1.0,22.06908212921659,58.750509153726725
pretrained,primary,24,historical,mean_resource,0.5,0.5,1.5,25.71610992207752,64.94916693785265
pretrained,primary,24,historical,mean_resource,0.5,1.0,0.5,27.81469427259868,73.87031016105054
pretrained,primary,24,historical,mean_resource,0.5,1.0,1.0,32.27450489998754,79.04417360231041
pretrained,primary,24,historical,mean_resource,0.5,1.0,1.5,37.084436911017235,82.89930506693189
pretrained,primary,24,historical,mean_resource,0.75,0.0,0.5,12.171599618766914,35.57887661230611
pretrained,primary,24,historical,mean_resource,0.75,0.0,1.0,16.049299762701267,44.93456954132101
pretrained,primary,24,historical,mean_resource,0.75,0.0,1.5,21.366388941731508,54.288316416438434
pretrained,primary,24,historical,mean_resource,0.75,0.5,0.5,20.390709829295652,55.31863115787107
pretrained,primary,24,historical,mean_resource,0.75,0.5,1.0,25.716109922077518,64.94916693785265
pretrained,primary,24,historical,mean_resource,0.75,0.5,1.5,31.879419103764782,72.89924658416894
pretrained,primary,24,historical,mean_resource,0.75,1.0,0.5,29.997011615828097,76.55622353818585
pretrained,primary,24,historical,mean_resource,0.75,1.0,1.0,37.084436911017235,82.89930506693189
pretrained,primary,24,historical,mean_resource,0.75,1.0,1.5,44.781958001464005,86.77831816160199
pretrained,primary,24,half,constant,0.25,0.0,0.5,9.321969482565386,27.195130187978368
pretrained,primary,24,half,constant,0.25,0.0,1.0,9.321969482565386,27.195130187978368
pretrained,primary,24,half,constant,0.25,0.0,1.5,9.321969482565386,27.195130187978368
pretrained,primary,24,half,constant,0.25,0.5,0.5,9.321969482565386,27.195130187978368
pretrained,primary,24,half,constant,0.25,0.5,1.0,9.321969482565386,27.195130187978368
pretrained,primary,24,half,constant,0.25,0.5,1.5,9.321969482565386,27.195130187978368
pretrained,primary,24,half,constant,0.25,1.0,0.5,9.321969482565386,27.195130187978368
pretrained,primary,24,half,constant,0.25,1.0,1.0,9.321969482565386,27.195130187978368
pretrained,primary,24,half,constant,0.25,1.0,1.5,9.321969482565386,27.195130187978368
pretrained,primary,24,half,constant,0.5,0.0,0.5,9.321969482565386,27.195130187978368
pretrained,primary,24,half,constant,0.5,0.0,1.0,9.321969482565386,27.195130187978368
pretrained,primary,24,half,constant,0.5,0.0,1.5,9.321969482565386,27.195130187978368
pretrained,primary,24,half,constant,0.5,0.5,0.5,9.321969482565386,27.195130187978368
pretrained,primary,24,half,constant,0.5,0.5,1.0,9.321969482565386,27.195130187978368
pretrained,primary,24,half,constant,0.5,0.5,1.5,9.321969482565386,27.195130187978368
pretrained,primary,24,half,constant,0.5,1.0,0.5,9.321969482565386,27.195130187978368
pretrained,primary,24,half,constant,0.5,1.0,1.0,9.321969482565386,27.195130187978368
pretrained,primary,24,half,constant,0.5,1.0,1.5,9.321969482565386,27.195130187978368
pretrained,primary,24,half,constant,0.75,0.0,0.5,9.321969482565386,27.195130187978368
pretrained,primary,24,half,constant,0.75,0.0,1.0,9.321969482565386,27.195130187978368
pretrained,primary,24,half,constant,0.75,0.0,1.5,9.321969482565386,27.195130187978368
pretrained,primary,24,half,constant,0.75,0.5,0.5,9.321969482565386,27.195130187978368
pretrained,primary,24,half,constant,0.75,0.5,1.0,9.321969482565386,27.195130187978368
pretrained,primary,24,half,constant,0.75,0.5,1.5,9.321969482565386,27.195130187978368
pretrained,primary,24,half,constant,0.75,1.0,0.5,9.321969482565386,27.195130187978368
pretrained,primary,24,half,constant,0.75,1.0,1.0,9.321969482565386,27.195130187978368
pretrained,primary,24,half,constant,0.75,1.0,1.5,9.321969482565386,27.195130187978368
pretrained,primary,24,half,frontier_trend,0.25,0.0,0.5,9.321969482565386,27.195130187978368
pretrained,primary,24,half,frontier_trend,0.25,0.0,1.0,9.321969482565386,27.195130187978368
pretrained,primary,24,half,frontier_trend,0.25,0.0,1.5,9.321969482565386,27.195130187978368
pretrained,primary,24,half,frontier_trend,0.25,0.5,0.5,1.6922042485625453,29.086593042431414
pretrained,primary,24,half,frontier_trend,0.25,0.5,1.0,1.6922042485625453,29.086593042431414
pretrained,primary,24,half,frontier_trend,0.25,0.5,1.5,1.6922042485625453,29.086593042431414
pretrained,primary,24,half,frontier_trend,0.25,1.0,0.5,0.1648284140401244,33.53608301688536
pretrained,primary,24,half,frontier_trend,0.25,1.0,1.0,0.1648284140401244,33.53608301688536
pretrained,primary,24,half,frontier_trend,0.25,1.0,1.5,0.1648284140401244,33.53608301688536
pretrained,primary,24,half,frontier_trend,0.5,0.0,0.5,9.321969482565386,27.195130187978368
pretrained,primary,24,half,frontier_trend,0.5,0.0,1.0,9.321969482565386,27.195130187978368
pretrained,primary,24,half,frontier_trend,0.5,0.0,1.5,9.321969482565386,27.195130187978368
pretrained,primary,24,half,frontier_trend,0.5,0.5,0.5,1.6922042485625453,29.086593042431414
pretrained,primary,24,half,frontier_trend,0.5,0.5,1.0,1.6922042485625453,29.086593042431414
pretrained,primary,24,half,frontier_trend,0.5,0.5,1.5,1.6922042485625453,29.086593042431414
pretrained,primary,24,half,frontier_trend,0.5,1.0,0.5,0.1648284140401244,33.53608301688536
pretrained,primary,24,half,frontier_trend,0.5,1.0,1.0,0.1648284140401244,33.53608301688536
pretrained,primary,24,half,frontier_trend,0.5,1.0,1.5,0.1648284140401244,33.53608301688536
pretrained,primary,24,half,frontier_trend,0.75,0.0,0.5,9.321969482565386,27.195130187978368
pretrained,primary,24,half,frontier_trend,0.75,0.0,1.0,9.321969482565386,27.195130187978368
pretrained,primary,24,half,frontier_trend,0.75,0.0,1.5,9.321969482565386,27.195130187978368
pretrained,primary,24,half,frontier_trend,0.75,0.5,0.5,1.6922042485625453,29.086593042431414
pretrained,primary,24,half,frontier_trend,0.75,0.5,1.0,1.6922042485625453,29.086593042431414
pretrained,primary,24,half,frontier_trend,0.75,0.5,1.5,1.6922042485625453,29.086593042431414
pretrained,primary,24,half,frontier_trend,0.75,1.0,0.5,0.1648284140401244,33.53608301688536
pretrained,primary,24,half,frontier_trend,0.75,1.0,1.0,0.1648284140401244,33.53608301688536
pretrained,primary,24,half,frontier_trend,0.75,1.0,1.5,0.1648284140401244,33.53608301688536
pretrained,primary,24,half,quantile_resource,0.25,0.0,0.5,9.83091051822413,28.58055598331542
pretrained,primary,24,half,quantile_resource,0.25,0.0,1.0,10.364470592339224,30.007474138110787
pretrained,primary,24,half,quantile_resource,0.25,0.0,1.5,10.923489849421639,31.474240116257246
pretrained,primary,24,half,quantile_resource,0.25,0.5,0.5,14.339370552295229,43.81879891593834
pretrained,primary,24,half,quantile_resource,0.25,0.5,1.0,15.241874467986293,45.50654486095862
pretrained,primary,24,half,quantile_resource,0.25,0.5,1.5,16.181548017020347,47.2047085591168
pretrained,primary,24,half,quantile_resource,0.25,1.0,0.5,12.585218796937271,63.662180523526445
pretrained,primary,24,half,quantile_resource,0.25,1.0,1.0,13.386754088360574,65.00806376496419
pretrained,primary,24,half,quantile_resource,0.25,1.0,1.5,14.231053545156612,66.33044724466009
pretrained,primary,24,half,quantile_resource,0.5,0.0,0.5,10.364470592339224,30.007474138110787
pretrained,primary,24,half,quantile_resource,0.5,0.0,1.0,11.531038045470025,32.97892209644652
pretrained,primary,24,half,quantile_resource,0.5,0.0,1.5,12.88402668095593,36.09288512080536
pretrained,primary,24,half,quantile_resource,0.5,0.5,0.5,15.241874467986293,45.50654486095862
pretrained,primary,24,half,quantile_resource,0.5,0.5,1.0,17.167445299505623,48.90938790076405
pretrained,primary,24,half,quantile_resource,0.5,0.5,1.5,19.268122881395264,52.25435995691429
pretrained,primary,24,half,quantile_resource,0.5,1.0,0.5,13.386754088360574,65.00806376496419
pretrained,primary,24,half,quantile_resource,0.5,1.0,1.0,15.11933496123069,67.62772794935316
pretrained,primary,24,half,quantile_resource,0.5,1.0,1.5,17.032180553303515,70.1400747233347
pretrained,primary,24,half,quantile_resource,0.75,0.0,0.5,10.923489849421639,31.474240116257246
pretrained,primary,24,half,quantile_resource,0.75,0.0,1.0,12.884026680955927,36.09288512080536
pretrained,primary,24,half,quantile_resource,0.75,0.0,1.5,15.1762474254254,40.98392177755267
pretrained,primary,24,half,quantile_resource,0.75,0.5,0.5,16.181548017020347,47.2047085591168
pretrained,primary,24,half,quantile_resource,0.75,0.5,1.0,19.268122881395264,52.25435995691429
pretrained,primary,24,half,quantile_resource,0.75,0.5,1.5,22.702710727811823,56.727336315364404
pretrained,primary,24,half,quantile_resource,0.75,1.0,0.5,14.231053545156612,66.33044724466009
pretrained,primary,24,half,quantile_resource,0.75,1.0,1.0,17.032180553303515,70.1400747233347
pretrained,primary,24,half,quantile_resource,0.75,1.0,1.5,20.192800126728486,73.68678711447043
pretrained,primary,24,half,mean_resource,0.25,0.0,0.5,9.750090543969083,28.50456510036348
pretrained,primary,24,half,mean_resource,0.25,0.0,1.0,10.195672409346844,29.85120177403943
pretrained,primary,24,half,mean_resource,0.25,0.0,1.5,10.659222021720517,31.23366785777403
pretrained,primary,24,half,mean_resource,0.25,0.5,0.5,16.61733883175954,47.52344926625626
pretrained,primary,24,half,mean_resource,0.25,0.5,1.0,17.324335448112734,49.14058243944641
pretrained,primary,24,half,mean_resource,0.25,0.5,1.5,18.054954664521652,50.75951939194358
pretrained,primary,24,half,mean_resource,0.25,1.0,0.5,24.731546921431374,69.78944658203159
pretrained,primary,24,half,mean_resource,0.25,1.0,1.0,25.733180064001274,70.99313421415266
pretrained,primary,24,half,mean_resource,0.25,1.0,1.5,26.761047747772174,72.4550105799017
pretrained,primary,24,half,mean_resource,0.5,0.0,0.5,10.195672409346844,29.85120177403943
pretrained,primary,24,half,mean_resource,0.5,0.0,1.0,11.141241894394865,32.65036093444273
pretrained,primary,24,half,mean_resource,0.5,0.0,1.5,12.171599618766914,35.57887661230611
pretrained,primary,24,half,mean_resource,0.5,0.5,0.5,17.324335448112734,49.14058243944641
pretrained,primary,24,half,mean_resource,0.5,0.5,1.0,18.809436118671492,52.322323430453615
pretrained,primary,24,half,mean_resource,0.5,0.5,1.5,20.390709829295655,55.31863115787107
pretrained,primary,24,half,mean_resource,0.5,1.0,0.5,25.733180064001274,70.99313421415266
pretrained,primary,24,half,mean_resource,0.5,1.0,1.0,27.81469427259868,73.87031016105054
pretrained,primary,24,half,mean_resource,0.5,1.0,1.5,29.997011615828097,76.55622353818585
pretrained,primary,24,half,mean_resource,0.75,0.0,0.5,10.659222021720517,31.23366785777403
pretrained,primary,24,half,mean_resource,0.75,0.0,1.0,12.171599618766914,35.57887661230611
pretrained,primary,24,half,mean_resource,0.75,0.0,1.5,13.881056507598572,40.175408841586815
pretrained,primary,24,half,mean_resource,0.75,0.5,0.5,18.054954664521652,50.75951939194358
pretrained,primary,24,half,mean_resource,0.75,0.5,1.0,20.390709829295652,55.31863115787107
pretrained,primary,24,half,mean_resource,0.75,0.5,1.5,22.944721067020634,60.363218352122615
pretrained,primary,24,half,mean_resource,0.75,1.0,0.5,26.761047747772174,72.4550105799017
pretrained,primary,24,half,mean_resource,0.75,1.0,1.0,29.997011615828097,76.55622353818585
pretrained,primary,24,half,mean_resource,0.75,1.0,1.5,33.4467413537405,80.17571351625242
pretrained,primary,24,quarter,constant,0.25,0.0,0.5,9.321969482565386,27.195130187978368
pretrained,primary,24,quarter,constant,0.25,0.0,1.0,9.321969482565386,27.195130187978368
pretrained,primary,24,quarter,constant,0.25,0.0,1.5,9.321969482565386,27.195130187978368
pretrained,primary,24,quarter,constant,0.25,0.5,0.5,9.321969482565386,27.195130187978368
pretrained,primary,24,quarter,constant,0.25,0.5,1.0,9.321969482565386,27.195130187978368
pretrained,primary,24,quarter,constant,0.25,0.5,1.5,9.321969482565386,27.195130187978368
pretrained,primary,24,quarter,constant,0.25,1.0,0.5,9.321969482565386,27.195130187978368
pretrained,primary,24,quarter,constant,0.25,1.0,1.0,9.321969482565386,27.195130187978368
pretrained,primary,24,quarter,constant,0.25,1.0,1.5,9.321969482565386,27.195130187978368
pretrained,primary,24,quarter,constant,0.5,0.0,0.5,9.321969482565386,27.195130187978368
pretrained,primary,24,quarter,constant,0.5,0.0,1.0,9.321969482565386,27.195130187978368
pretrained,primary,24,quarter,constant,0.5,0.0,1.5,9.321969482565386,27.195130187978368
pretrained,primary,24,quarter,constant,0.5,0.5,0.5,9.321969482565386,27.195130187978368
pretrained,primary,24,quarter,constant,0.5,0.5,1.0,9.321969482565386,27.195130187978368
pretrained,primary,24,quarter,constant,0.5,0.5,1.5,9.321969482565386,27.195130187978368
pretrained,primary,24,quarter,constant,0.5,1.0,0.5,9.321969482565386,27.195130187978368
pretrained,primary,24,quarter,constant,0.5,1.0,1.0,9.321969482565386,27.195130187978368
pretrained,primary,24,quarter,constant,0.5,1.0,1.5,9.321969482565386,27.195130187978368
pretrained,primary,24,quarter,constant,0.75,0.0,0.5,9.321969482565386,27.195130187978368
pretrained,primary,24,quarter,constant,0.75,0.0,1.0,9.321969482565386,27.195130187978368
pretrained,primary,24,quarter,constant,0.75,0.0,1.5,9.321969482565386,27.195130187978368
pretrained,primary,24,quarter,constant,0.75,0.5,0.5,9.321969482565386,27.195130187978368
pretrained,primary,24,quarter,constant,0.75,0.5,1.0,9.321969482565386,27.195130187978368
pretrained,primary,24,quarter,constant,0.75,0.5,1.5,9.321969482565386,27.195130187978368
pretrained,primary,24,quarter,constant,0.75,1.0,0.5,9.321969482565386,27.195130187978368
pretrained,primary,24,quarter,constant,0.75,1.0,1.0,9.321969482565386,27.195130187978368
pretrained,primary,24,quarter,constant,0.75,1.0,1.5,9.321969482565386,27.195130187978368
pretrained,primary,24,quarter,frontier_trend,0.25,0.0,0.5,9.321969482565386,27.195130187978368
pretrained,primary,24,quarter,frontier_trend,0.25,0.0,1.0,9.321969482565386,27.195130187978368
pretrained,primary,24,quarter,frontier_trend,0.25,0.0,1.5,9.321969482565386,27.195130187978368
pretrained,primary,24,quarter,frontier_trend,0.25,0.5,0.5,1.6922042485625453,29.086593042431414
pretrained,primary,24,quarter,frontier_trend,0.25,0.5,1.0,1.6922042485625453,29.086593042431414
pretrained,primary,24,quarter,frontier_trend,0.25,0.5,1.5,1.6922042485625453,29.086593042431414
pretrained,primary,24,quarter,frontier_trend,0.25,1.0,0.5,0.1648284140401244,33.53608301688536
pretrained,primary,24,quarter,frontier_trend,0.25,1.0,1.0,0.1648284140401244,33.53608301688536
pretrained,primary,24,quarter,frontier_trend,0.25,1.0,1.5,0.1648284140401244,33.53608301688536
pretrained,primary,24,quarter,frontier_trend,0.5,0.0,0.5,9.321969482565386,27.195130187978368
pretrained,primary,24,quarter,frontier_trend,0.5,0.0,1.0,9.321969482565386,27.195130187978368
pretrained,primary,24,quarter,frontier_trend,0.5,0.0,1.5,9.321969482565386,27.195130187978368
pretrained,primary,24,quarter,frontier_trend,0.5,0.5,0.5,1.6922042485625453,29.086593042431414
pretrained,primary,24,quarter,frontier_trend,0.5,0.5,1.0,1.6922042485625453,29.086593042431414
pretrained,primary,24,quarter,frontier_trend,0.5,0.5,1.5,1.6922042485625453,29.086593042431414
pretrained,primary,24,quarter,frontier_trend,0.5,1.0,0.5,0.1648284140401244,33.53608301688536
pretrained,primary,24,quarter,frontier_trend,0.5,1.0,1.0,0.1648284140401244,33.53608301688536
pretrained,primary,24,quarter,frontier_trend,0.5,1.0,1.5,0.1648284140401244,33.53608301688536
pretrained,primary,24,quarter,frontier_trend,0.75,0.0,0.5,9.321969482565386,27.195130187978368
pretrained,primary,24,quarter,frontier_trend,0.75,0.0,1.0,9.321969482565386,27.195130187978368
pretrained,primary,24,quarter,frontier_trend,0.75,0.0,1.5,9.321969482565386,27.195130187978368
pretrained,primary,24,quarter,frontier_trend,0.75,0.5,0.5,1.6922042485625453,29.086593042431414
pretrained,primary,24,quarter,frontier_trend,0.75,0.5,1.0,1.6922042485625453,29.086593042431414
pretrained,primary,24,quarter,frontier_trend,0.75,0.5,1.5,1.6922042485625453,29.086593042431414
pretrained,primary,24,quarter,frontier_trend,0.75,1.0,0.5,0.1648284140401244,33.53608301688536
pretrained,primary,24,quarter,frontier_trend,0.75,1.0,1.0,0.1648284140401244,33.53608301688536
pretrained,primary,24,quarter,frontier_trend,0.75,1.0,1.5,0.1648284140401244,33.53608301688536
pretrained,primary,24,quarter,quantile_resource,0.25,0.0,0.5,9.5734153960788,27.88256494795692
pretrained,primary,24,quarter,quantile_resource,0.25,0.0,1.0,9.83091051822413,28.58055598331542
pretrained,primary,24,quarter,quantile_resource,0.25,0.0,1.5,10.094560484906475,29.28892457213458
pretrained,primary,24,quarter,quantile_resource,0.25,0.5,0.5,13.865362095453476,42.98002662149857
pretrained,primary,24,quarter,quantile_resource,0.25,0.5,1.0,14.339370552295229,43.81879891593834
pretrained,primary,24,quarter,quantile_resource,0.25,0.5,1.5,14.789072473284506,44.66112914251922
pretrained,primary,24,quarter,quantile_resource,0.25,1.0,0.5,12.175466311251553,62.98096581518584
pretrained,primary,24,quarter,quantile_resource,0.25,1.0,1.0,12.585218796937271,63.662180523526445
pretrained,primary,24,quarter,quantile_resource,0.25,1.0,1.5,12.980720535879223,64.3379538957351
pretrained,primary,24,quarter,quantile_resource,0.5,0.0,0.5,9.83091051822413,28.58055598331542
pretrained,primary,24,quarter,quantile_resource,0.5,0.0,1.0,10.364470592339224,30.007474138110787
pretrained,primary,24,quarter,quantile_resource,0.5,0.0,1.5,10.923489849421639,31.474240116257246
pretrained,primary,24,quarter,quantile_resource,0.5,0.5,0.5,14.339370552295229,43.81879891593834
pretrained,primary,24,quarter,quantile_resource,0.5,0.5,1.0,15.241874467986293,45.50654486095862
pretrained,primary,24,quarter,quantile_resource,0.5,0.5,1.5,16.181548017020347,47.2047085591168
pretrained,primary,24,quarter,quantile_resource,0.5,1.0,0.5,12.585218796937271,63.662180523526445
pretrained,primary,24,quarter,quantile_resource,0.5,1.0,1.0,13.386754088360574,65.00806376496419
pretrained,primary,24,quarter,quantile_resource,0.5,1.0,1.5,14.231053545156612,66.33044724466009
pretrained,primary,24,quarter,quantile_resource,0.75,0.0,0.5,10.094560484906475,29.28892457213458
pretrained,primary,24,quarter,quantile_resource,0.75,0.0,1.0,10.923489849421639,31.474240116257246
pretrained,primary,24,quarter,quantile_resource,0.75,0.0,1.5,11.85722708285509,33.744799693399436
pretrained,primary,24,quarter,quantile_resource,0.75,0.5,0.5,14.789072473284506,44.66112914251922
pretrained,primary,24,quarter,quantile_resource,0.75,0.5,1.0,16.181548017020347,47.2047085591168
pretrained,primary,24,quarter,quantile_resource,0.75,0.5,1.5,17.67799266964215,49.76293393314299
pretrained,primary,24,quarter,quantile_resource,0.75,1.0,0.5,12.980720535879223,64.3379538957351
pretrained,primary,24,quarter,quantile_resource,0.75,1.0,1.0,14.231053545156612,66.33044724466009
pretrained,primary,24,quarter,quantile_resource,0.75,1.0,1.5,15.580321857440856,68.26649334488349
pretrained,primary,24,quarter,mean_resource,0.25,0.0,0.5,9.533879214635297,27.845120607847665
pretrained,primary,24,quarter,mean_resource,0.25,0.0,1.0,9.750090543969083,28.50456510036348
pretrained,primary,24,quarter,mean_resource,0.25,0.0,1.5,9.970667112334251,29.17331360496185
pretrained,primary,24,quarter,mean_resource,0.25,0.5,0.5,16.272612446906813,46.71661655542224
pretrained,primary,24,quarter,mean_resource,0.25,0.5,1.0,16.61733883175954,47.52344926625626
pretrained,primary,24,quarter,mean_resource,0.25,0.5,1.5,16.96790098862965,48.33157847446057
pretrained,primary,24,quarter,mean_resource,0.25,1.0,0.5,24.240684696019322,69.26079780485946
pretrained,primary,24,quarter,mean_resource,0.25,1.0,1.0,24.731546921431374,69.78944658203159
pretrained,primary,24,quarter,mean_resource,0.25,1.0,1.5,25.229059432911985,70.3128804934996
pretrained,primary,24,quarter,mean_resource,0.5,0.0,0.5,9.750090543969083,28.50456510036348
pretrained,primary,24,quarter,mean_resource,0.5,0.0,1.0,10.195672409346844,29.85120177403943
pretrained,primary,24,quarter,mean_resource,0.5,0.0,1.5,10.659222021720517,31.23366785777403
pretrained,primary,24,quarter,mean_resource,0.5,0.5,0.5,16.61733883175954,47.52344926625626
pretrained,primary,24,quarter,mean_resource,0.5,0.5,1.0,17.324335448112734,49.14058243944641
pretrained,primary,24,quarter,mean_resource,0.5,0.5,1.5,18.054954664521652,50.75951939194358
pretrained,primary,24,quarter,mean_resource,0.5,1.0,0.5,24.731546921431374,69.78944658203159
pretrained,primary,24,quarter,mean_resource,0.5,1.0,1.0,25.733180064001274,70.99313421415266
pretrained,primary,24,quarter,mean_resource,0.5,1.0,1.5,26.761047747772174,72.4550105799017
pretrained,primary,24,quarter,mean_resource,0.75,0.0,0.5,9.970667112334251,29.173313604961855
pretrained,primary,24,quarter,mean_resource,0.75,0.0,1.0,10.659222021720517,31.23366785777403
pretrained,primary,24,quarter,mean_resource,0.75,0.0,1.5,11.389333479915807,33.370979103226055
pretrained,primary,24,quarter,mean_resource,0.75,0.5,0.5,16.96790098862965,48.33157847446057
pretrained,primary,24,quarter,mean_resource,0.75,0.5,1.0,18.054954664521652,50.75951939194358
pretrained,primary,24,quarter,mean_resource,0.75,0.5,1.5,19.1956875656127,53.07382438613857
pretrained,primary,24,quarter,mean_resource,0.75,1.0,0.5,25.229059432911985,70.3128804934996
pretrained,primary,24,quarter,mean_resource,0.75,1.0,1.0,26.761047747772174,72.4550105799017
pretrained,primary,24,quarter,mean_resource,0.75,1.0,1.5,28.351015600593612,74.56006774981533
pretrained,primary,24,stopped,constant,0.25,0.0,0.5,9.321969482565386,27.195130187978368
pretrained,primary,24,stopped,constant,0.25,0.0,1.0,9.321969482565386,27.195130187978368
pretrained,primary,24,stopped,constant,0.25,0.0,1.5,9.321969482565386,27.195130187978368
pretrained,primary,24,stopped,constant,0.25,0.5,0.5,9.321969482565386,27.195130187978368
pretrained,primary,24,stopped,constant,0.25,0.5,1.0,9.321969482565386,27.195130187978368
pretrained,primary,24,stopped,constant,0.25,0.5,1.5,9.321969482565386,27.195130187978368
pretrained,primary,24,stopped,constant,0.25,1.0,0.5,9.321969482565386,27.195130187978368
pretrained,primary,24,stopped,constant,0.25,1.0,1.0,9.321969482565386,27.195130187978368
pretrained,primary,24,stopped,constant,0.25,1.0,1.5,9.321969482565386,27.195130187978368
pretrained,primary,24,stopped,constant,0.5,0.0,0.5,9.321969482565386,27.195130187978368
pretrained,primary,24,stopped,constant,0.5,0.0,1.0,9.321969482565386,27.195130187978368
pretrained,primary,24,stopped,constant,0.5,0.0,1.5,9.321969482565386,27.195130187978368
pretrained,primary,24,stopped,constant,0.5,0.5,0.5,9.321969482565386,27.195130187978368
pretrained,primary,24,stopped,constant,0.5,0.5,1.0,9.321969482565386,27.195130187978368
pretrained,primary,24,stopped,constant,0.5,0.5,1.5,9.321969482565386,27.195130187978368
pretrained,primary,24,stopped,constant,0.5,1.0,0.5,9.321969482565386,27.195130187978368
pretrained,primary,24,stopped,constant,0.5,1.0,1.0,9.321969482565386,27.195130187978368
pretrained,primary,24,stopped,constant,0.5,1.0,1.5,9.321969482565386,27.195130187978368
pretrained,primary,24,stopped,constant,0.75,0.0,0.5,9.321969482565386,27.195130187978368
pretrained,primary,24,stopped,constant,0.75,0.0,1.0,9.321969482565386,27.195130187978368
pretrained,primary,24,stopped,constant,0.75,0.0,1.5,9.321969482565386,27.195130187978368
pretrained,primary,24,stopped,constant,0.75,0.5,0.5,9.321969482565386,27.195130187978368
pretrained,primary,24,stopped,constant,0.75,0.5,1.0,9.321969482565386,27.195130187978368
pretrained,primary,24,stopped,constant,0.75,0.5,1.5,9.321969482565386,27.195130187978368
pretrained,primary,24,stopped,constant,0.75,1.0,0.5,9.321969482565386,27.195130187978368
pretrained,primary,24,stopped,constant,0.75,1.0,1.0,9.321969482565386,27.195130187978368
pretrained,primary,24,stopped,constant,0.75,1.0,1.5,9.321969482565386,27.195130187978368
pretrained,primary,24,stopped,frontier_trend,0.25,0.0,0.5,9.321969482565386,27.195130187978368
pretrained,primary,24,stopped,frontier_trend,0.25,0.0,1.0,9.321969482565386,27.195130187978368
pretrained,primary,24,stopped,frontier_trend,0.25,0.0,1.5,9.321969482565386,27.195130187978368
pretrained,primary,24,stopped,frontier_trend,0.25,0.5,0.5,1.6922042485625453,29.086593042431414
pretrained,primary,24,stopped,frontier_trend,0.25,0.5,1.0,1.6922042485625453,29.086593042431414
pretrained,primary,24,stopped,frontier_trend,0.25,0.5,1.5,1.6922042485625453,29.086593042431414
pretrained,primary,24,stopped,frontier_trend,0.25,1.0,0.5,0.1648284140401244,33.53608301688536
pretrained,primary,24,stopped,frontier_trend,0.25,1.0,1.0,0.1648284140401244,33.53608301688536
pretrained,primary,24,stopped,frontier_trend,0.25,1.0,1.5,0.1648284140401244,33.53608301688536
pretrained,primary,24,stopped,frontier_trend,0.5,0.0,0.5,9.321969482565386,27.195130187978368
pretrained,primary,24,stopped,frontier_trend,0.5,0.0,1.0,9.321969482565386,27.195130187978368
pretrained,primary,24,stopped,frontier_trend,0.5,0.0,1.5,9.321969482565386,27.195130187978368
pretrained,primary,24,stopped,frontier_trend,0.5,0.5,0.5,1.6922042485625453,29.086593042431414
pretrained,primary,24,stopped,frontier_trend,0.5,0.5,1.0,1.6922042485625453,29.086593042431414
pretrained,primary,24,stopped,frontier_trend,0.5,0.5,1.5,1.6922042485625453,29.086593042431414
pretrained,primary,24,stopped,frontier_trend,0.5,1.0,0.5,0.1648284140401244,33.53608301688536
pretrained,primary,24,stopped,frontier_trend,0.5,1.0,1.0,0.1648284140401244,33.53608301688536
pretrained,primary,24,stopped,frontier_trend,0.5,1.0,1.5,0.1648284140401244,33.53608301688536
pretrained,primary,24,stopped,frontier_trend,0.75,0.0,0.5,9.321969482565386,27.195130187978368
pretrained,primary,24,stopped,frontier_trend,0.75,0.0,1.0,9.321969482565386,27.195130187978368
pretrained,primary,24,stopped,frontier_trend,0.75,0.0,1.5,9.321969482565386,27.195130187978368
pretrained,primary,24,stopped,frontier_trend,0.75,0.5,0.5,1.6922042485625453,29.086593042431414
pretrained,primary,24,stopped,frontier_trend,0.75,0.5,1.0,1.6922042485625453,29.086593042431414
pretrained,primary,24,stopped,frontier_trend,0.75,0.5,1.5,1.6922042485625453,29.086593042431414
pretrained,primary,24,stopped,frontier_trend,0.75,1.0,0.5,0.1648284140401244,33.53608301688536
pretrained,primary,24,stopped,frontier_trend,0.75,1.0,1.0,0.1648284140401244,33.53608301688536
pretrained,primary,24,stopped,frontier_trend,0.75,1.0,1.5,0.1648284140401244,33.53608301688536
pretrained,primary,24,stopped,quantile_resource,0.25,0.0,0.5,9.321969482565386,27.195130187978368
pretrained,primary,24,stopped,quantile_resource,0.25,0.0,1.0,9.321969482565386,27.195130187978368
pretrained,primary,24,stopped,quantile_resource,0.25,0.0,1.5,9.321969482565386,27.195130187978368
pretrained,primary,24,stopped,quantile_resource,0.25,0.5,0.5,13.404570183771963,42.14527655571139
pretrained,primary,24,stopped,quantile_resource,0.25,0.5,1.0,13.404570183771963,42.14527655571139
pretrained,primary,24,stopped,quantile_resource,0.25,0.5,1.5,13.404570183771963,42.14527655571139
pretrained,primary,24,stopped,quantile_resource,0.25,1.0,0.5,11.763171476590735,62.294540252332375
pretrained,primary,24,stopped,quantile_resource,0.25,1.0,1.0,11.763171476590735,62.294540252332375
pretrained,primary,24,stopped,quantile_resource,0.25,1.0,1.5,11.763171476590735,62.294540252332375
pretrained,primary,24,stopped,quantile_resource,0.5,0.0,0.5,9.321969482565386,27.195130187978368
pretrained,primary,24,stopped,quantile_resource,0.5,0.0,1.0,9.321969482565386,27.195130187978368
pretrained,primary,24,stopped,quantile_resource,0.5,0.0,1.5,9.321969482565386,27.195130187978368
pretrained,primary,24,stopped,quantile_resource,0.5,0.5,0.5,13.404570183771963,42.14527655571139
pretrained,primary,24,stopped,quantile_resource,0.5,0.5,1.0,13.404570183771963,42.14527655571139
pretrained,primary,24,stopped,quantile_resource,0.5,0.5,1.5,13.404570183771963,42.14527655571139
pretrained,primary,24,stopped,quantile_resource,0.5,1.0,0.5,11.763171476590735,62.294540252332375
pretrained,primary,24,stopped,quantile_resource,0.5,1.0,1.0,11.763171476590735,62.294540252332375
pretrained,primary,24,stopped,quantile_resource,0.5,1.0,1.5,11.763171476590735,62.294540252332375
pretrained,primary,24,stopped,quantile_resource,0.75,0.0,0.5,9.321969482565386,27.195130187978368
pretrained,primary,24,stopped,quantile_resource,0.75,0.0,1.0,9.321969482565386,27.195130187978368
pretrained,primary,24,stopped,quantile_resource,0.75,0.0,1.5,9.321969482565386,27.195130187978368
pretrained,primary,24,stopped,quantile_resource,0.75,0.5,0.5,13.404570183771963,42.14527655571139
pretrained,primary,24,stopped,quantile_resource,0.75,0.5,1.0,13.404570183771963,42.14527655571139
pretrained,primary,24,stopped,quantile_resource,0.75,0.5,1.5,13.404570183771963,42.14527655571139
pretrained,primary,24,stopped,quantile_resource,0.75,1.0,0.5,11.763171476590735,62.294540252332375
pretrained,primary,24,stopped,quantile_resource,0.75,1.0,1.0,11.763171476590735,62.294540252332375
pretrained,primary,24,stopped,quantile_resource,0.75,1.0,1.5,11.763171476590735,62.294540252332375
pretrained,primary,24,stopped,mean_resource,0.25,0.0,0.5,9.321969482565386,27.195130187978368
pretrained,primary,24,stopped,mean_resource,0.25,0.0,1.0,9.321969482565386,27.195130187978368
pretrained,primary,24,stopped,mean_resource,0.25,0.0,1.5,9.321969482565386,27.195130187978368
pretrained,primary,24,stopped,mean_resource,0.25,0.5,0.5,15.933682899380509,45.91149936957547
pretrained,primary,24,stopped,mean_resource,0.25,0.5,1.0,15.933682899380509,45.91149936957547
pretrained,primary,24,stopped,mean_resource,0.25,0.5,1.5,15.933682899380509,45.91149936957547
pretrained,primary,24,stopped,mean_resource,0.25,1.0,0.5,23.756509191709387,68.72702355652756
pretrained,primary,24,stopped,mean_resource,0.25,1.0,1.0,23.756509191709387,68.72702355652756
pretrained,primary,24,stopped,mean_resource,0.25,1.0,1.5,23.756509191709387,68.72702355652756
pretrained,primary,24,stopped,mean_resource,0.5,0.0,0.5,9.321969482565386,27.195130187978368
pretrained,primary,24,stopped,mean_resource,0.5,0.0,1.0,9.321969482565386,27.195130187978368
pretrained,primary,24,stopped,mean_resource,0.5,0.0,1.5,9.321969482565386,27.195130187978368
pretrained,primary,24,stopped,mean_resource,0.5,0.5,0.5,15.933682899380509,45.91149936957547
pretrained,primary,24,stopped,mean_resource,0.5,0.5,1.0,15.933682899380509,45.91149936957547
pretrained,primary,24,stopped,mean_resource,0.5,0.5,1.5,15.933682899380509,45.91149936957547
pretrained,primary,24,stopped,mean_resource,0.5,1.0,0.5,23.756509191709387,68.72702355652756
pretrained,primary,24,stopped,mean_resource,0.5,1.0,1.0,23.756509191709387,68.72702355652756
pretrained,primary,24,stopped,mean_resource,0.5,1.0,1.5,23.756509191709387,68.72702355652756
pretrained,primary,24,stopped,mean_resource,0.75,0.0,0.5,9.321969482565386,27.195130187978368
pretrained,primary,24,stopped,mean_resource,0.75,0.0,1.0,9.321969482565386,27.195130187978368
pretrained,primary,24,stopped,mean_resource,0.75,0.0,1.5,9.321969482565386,27.195130187978368
pretrained,primary,24,stopped,mean_resource,0.75,0.5,0.5,15.933682899380509,45.91149936957547
pretrained,primary,24,stopped,mean_resource,0.75,0.5,1.0,15.933682899380509,45.91149936957547
pretrained,primary,24,stopped,mean_resource,0.75,0.5,1.5,15.933682899380509,45.91149936957547
pretrained,primary,24,stopped,mean_resource,0.75,1.0,0.5,23.756509191709387,68.72702355652756
pretrained,primary,24,stopped,mean_resource,0.75,1.0,1.0,23.756509191709387,68.72702355652756
pretrained,primary,24,stopped,mean_resource,0.75,1.0,1.5,23.756509191709387,68.72702355652756
pretrained,wide_ratio,12,historical,constant,0.25,0.0,0.5,9.321969482565386,27.195130187978368
pretrained,wide_ratio,12,historical,constant,0.25,0.0,1.0,9.321969482565386,27.195130187978368
pretrained,wide_ratio,12,historical,constant,0.25,0.0,1.5,9.321969482565386,27.195130187978368
pretrained,wide_ratio,12,historical,constant,0.25,0.5,0.5,9.321969482565386,27.195130187978368
pretrained,wide_ratio,12,historical,constant,0.25,0.5,1.0,9.321969482565386,27.195130187978368
pretrained,wide_ratio,12,historical,constant,0.25,0.5,1.5,9.321969482565386,27.195130187978368
pretrained,wide_ratio,12,historical,constant,0.25,1.0,0.5,9.321969482565386,27.195130187978368
pretrained,wide_ratio,12,historical,constant,0.25,1.0,1.0,9.321969482565386,27.195130187978368
pretrained,wide_ratio,12,historical,constant,0.25,1.0,1.5,9.321969482565386,27.195130187978368
pretrained,wide_ratio,12,historical,constant,0.5,0.0,0.5,9.321969482565386,27.195130187978368
pretrained,wide_ratio,12,historical,constant,0.5,0.0,1.0,9.321969482565386,27.195130187978368
pretrained,wide_ratio,12,historical,constant,0.5,0.0,1.5,9.321969482565386,27.195130187978368
pretrained,wide_ratio,12,historical,constant,0.5,0.5,0.5,9.321969482565386,27.195130187978368
pretrained,wide_ratio,12,historical,constant,0.5,0.5,1.0,9.321969482565386,27.195130187978368
pretrained,wide_ratio,12,historical,constant,0.5,0.5,1.5,9.321969482565386,27.195130187978368
pretrained,wide_ratio,12,historical,constant,0.5,1.0,0.5,9.321969482565386,27.195130187978368
pretrained,wide_ratio,12,historical,constant,0.5,1.0,1.0,9.321969482565386,27.195130187978368
pretrained,wide_ratio,12,historical,constant,0.5,1.0,1.5,9.321969482565386,27.195130187978368
pretrained,wide_ratio,12,historical,constant,0.75,0.0,0.5,9.321969482565386,27.195130187978368
pretrained,wide_ratio,12,historical,constant,0.75,0.0,1.0,9.321969482565386,27.195130187978368
pretrained,wide_ratio,12,historical,constant,0.75,0.0,1.5,9.321969482565386,27.195130187978368
pretrained,wide_ratio,12,historical,constant,0.75,0.5,0.5,9.321969482565386,27.195130187978368
pretrained,wide_ratio,12,historical,constant,0.75,0.5,1.0,9.321969482565386,27.195130187978368
pretrained,wide_ratio,12,historical,constant,0.75,0.5,1.5,9.321969482565386,27.195130187978368
pretrained,wide_ratio,12,historical,constant,0.75,1.0,0.5,9.321969482565386,27.195130187978368
pretrained,wide_ratio,12,historical,constant,0.75,1.0,1.0,9.321969482565386,27.195130187978368
pretrained,wide_ratio,12,historical,constant,0.75,1.0,1.5,9.321969482565386,27.195130187978368
pretrained,wide_ratio,12,historical,frontier_trend,0.25,0.0,0.5,9.321969482565386,27.195130187978368
pretrained,wide_ratio,12,historical,frontier_trend,0.25,0.0,1.0,9.321969482565386,27.195130187978368
pretrained,wide_ratio,12,historical,frontier_trend,0.25,0.0,1.5,9.321969482565386,27.195130187978368
pretrained,wide_ratio,12,historical,frontier_trend,0.25,0.5,0.5,4.252708580510648,28.446601841947142
pretrained,wide_ratio,12,historical,frontier_trend,0.25,0.5,1.0,4.252708580510648,28.446601841947142
pretrained,wide_ratio,12,historical,frontier_trend,0.25,0.5,1.5,4.252708580510648,28.446601841947142
pretrained,wide_ratio,12,historical,frontier_trend,0.25,1.0,0.5,1.6922042485625453,29.086593042431414
pretrained,wide_ratio,12,historical,frontier_trend,0.25,1.0,1.0,1.6922042485625453,29.086593042431414
pretrained,wide_ratio,12,historical,frontier_trend,0.25,1.0,1.5,1.6922042485625453,29.086593042431414
pretrained,wide_ratio,12,historical,frontier_trend,0.5,0.0,0.5,9.321969482565386,27.195130187978368
pretrained,wide_ratio,12,historical,frontier_trend,0.5,0.0,1.0,9.321969482565386,27.195130187978368
pretrained,wide_ratio,12,historical,frontier_trend,0.5,0.0,1.5,9.321969482565386,27.195130187978368
pretrained,wide_ratio,12,historical,frontier_trend,0.5,0.5,0.5,4.252708580510648,28.446601841947142
pretrained,wide_ratio,12,historical,frontier_trend,0.5,0.5,1.0,4.252708580510648,28.446601841947142
pretrained,wide_ratio,12,historical,frontier_trend,0.5,0.5,1.5,4.252708580510648,28.446601841947142
pretrained,wide_ratio,12,historical,frontier_trend,0.5,1.0,0.5,1.6922042485625453,29.086593042431414
pretrained,wide_ratio,12,historical,frontier_trend,0.5,1.0,1.0,1.6922042485625453,29.086593042431414
pretrained,wide_ratio,12,historical,frontier_trend,0.5,1.0,1.5,1.6922042485625453,29.086593042431414
pretrained,wide_ratio,12,historical,frontier_trend,0.75,0.0,0.5,9.321969482565386,27.195130187978368
pretrained,wide_ratio,12,historical,frontier_trend,0.75,0.0,1.0,9.321969482565386,27.195130187978368
pretrained,wide_ratio,12,historical,frontier_trend,0.75,0.0,1.5,9.321969482565386,27.195130187978368
pretrained,wide_ratio,12,historical,frontier_trend,0.75,0.5,0.5,4.252708580510648,28.446601841947142
pretrained,wide_ratio,12,historical,frontier_trend,0.75,0.5,1.0,4.252708580510648,28.446601841947142
pretrained,wide_ratio,12,historical,frontier_trend,0.75,0.5,1.5,4.252708580510648,28.446601841947142
pretrained,wide_ratio,12,historical,frontier_trend,0.75,1.0,0.5,1.6922042485625453,29.086593042431414
pretrained,wide_ratio,12,historical,frontier_trend,0.75,1.0,1.0,1.6922042485625453,29.086593042431414
pretrained,wide_ratio,12,historical,frontier_trend,0.75,1.0,1.5,1.6922042485625453,29.086593042431414
pretrained,wide_ratio,12,historical,quantile_resource,0.25,0.0,0.5,9.763357245894708,28.398027263475278
pretrained,wide_ratio,12,historical,quantile_resource,0.25,0.0,1.0,10.223294792870902,29.63247786948729
pretrained,wide_ratio,12,historical,quantile_resource,0.25,0.0,1.5,10.702336330524874,30.897436063248513
pretrained,wide_ratio,12,historical,quantile_resource,0.25,0.5,0.5,13.505403342482305,34.43745044065924
pretrained,wide_ratio,12,historical,quantile_resource,0.25,0.5,1.0,14.283944301063492,35.85781240620277
pretrained,wide_ratio,12,historical,quantile_resource,0.25,0.5,1.5,15.099523135886773,37.303435101891466
pretrained,wide_ratio,12,historical,quantile_resource,0.25,1.0,0.5,14.214814913210756,43.60030275960937
pretrained,wide_ratio,12,historical,quantile_resource,0.25,1.0,1.0,15.00495527850257,45.06646390234998
pretrained,wide_ratio,12,historical,quantile_resource,0.25,1.0,1.5,15.809536233588636,46.54126844128725
pretrained,wide_ratio,12,historical,quantile_resource,0.5,0.0,0.5,10.223294792870902,29.63247786948729
pretrained,wide_ratio,12,historical,quantile_resource,0.5,0.0,1.0,11.201030965575683,32.19169135582439
pretrained,wide_ratio,12,historical,quantile_resource,0.5,0.0,1.5,12.340818897745251,34.862431741654284
pretrained,wide_ratio,12,historical,quantile_resource,0.5,0.5,0.5,14.283944301063492,35.85781240620277
pretrained,wide_ratio,12,historical,quantile_resource,0.5,0.5,1.0,15.952993398371191,38.77211950857678
pretrained,wide_ratio,12,historical,quantile_resource,0.5,0.5,1.5,17.77657463226109,41.76908250298905
pretrained,wide_ratio,12,historical,quantile_resource,0.5,1.0,0.5,15.00495527850257,45.06646390234998
pretrained,wide_ratio,12,historical,quantile_resource,0.5,1.0,1.0,16.648828292734063,48.02216449658605
pretrained,wide_ratio,12,historical,quantile_resource,0.5,1.0,1.5,18.43381894874091,50.99182748903627
pretrained,wide_ratio,12,historical,quantile_resource,0.75,0.0,0.5,10.702336330524874,30.897436063248513
pretrained,wide_ratio,12,historical,quantile_resource,0.75,0.0,1.0,12.340818897745251,34.862431741654284
pretrained,wide_ratio,12,historical,quantile_resource,0.75,0.0,1.5,14.240438320186426,39.04871805379087
pretrained,wide_ratio,12,historical,quantile_resource,0.75,0.5,0.5,15.099523135886773,37.303435101891466
pretrained,wide_ratio,12,historical,quantile_resource,0.75,0.5,1.0,17.77657463226109,41.76908250298905
pretrained,wide_ratio,12,historical,quantile_resource,0.75,0.5,1.5,20.81175264113506,46.37398576250952
pretrained,wide_ratio,12,historical,quantile_resource,0.75,1.0,0.5,15.809536233588636,46.54126844128725
pretrained,wide_ratio,12,historical,quantile_resource,0.75,1.0,1.0,18.43381894874091,50.99182748903627
pretrained,wide_ratio,12,historical,quantile_resource,0.75,1.0,1.5,21.313604421673197,54.991412124482515
pretrained,wide_ratio,12,historical,mean_resource,0.25,0.0,0.5,9.693444214693868,28.33216548074133
pretrained,wide_ratio,12,historical,mean_resource,0.25,0.0,1.0,10.078084025578407,29.497482511056727
pretrained,wide_ratio,12,historical,mean_resource,0.25,0.0,1.5,10.476223154485872,30.690207191453585
pretrained,wide_ratio,12,historical,mean_resource,0.25,0.5,0.5,12.702595670538521,37.22398378184215
pretrained,wide_ratio,12,historical,mean_resource,0.25,0.5,1.0,13.195453909706616,38.349889695797366
pretrained,wide_ratio,12,historical,mean_resource,0.25,0.5,1.5,13.704468480922921,39.48811274996212
pretrained,wide_ratio,12,historical,mean_resource,0.25,1.0,0.5,16.527127770719872,47.31347897347436
pretrained,wide_ratio,12,historical,mean_resource,0.25,1.0,1.0,17.138208533282214,48.719712860820174
pretrained,wide_ratio,12,historical,mean_resource,0.25,1.0,1.5,17.767116021538474,50.12797942408254
pretrained,wide_ratio,12,historical,mean_resource,0.5,0.0,0.5,10.078084025578407,29.497482511056727
pretrained,wide_ratio,12,historical,mean_resource,0.5,0.0,1.0,10.888193610161688,31.90933370847814
pretrained,wide_ratio,12,historical,mean_resource,0.5,0.0,1.5,11.757844020258903,34.4221116639193
pretrained,wide_ratio,12,historical,mean_resource,0.5,0.5,0.5,13.195453909706616,38.349889695797366
pretrained,wide_ratio,12,historical,mean_resource,0.5,0.5,1.0,14.229936507100282,40.63784976727611
pretrained,wide_ratio,12,historical,mean_resource,0.5,0.5,1.5,15.331354524467907,42.967174867371895
pretrained,wide_ratio,12,historical,mean_resource,0.5,1.0,0.5,17.138208533282214,48.719712860820174
pretrained,wide_ratio,12,historical,mean_resource,0.5,1.0,1.0,18.41401742302091,51.5360441552209
pretrained,wide_ratio,12,historical,mean_resource,0.5,1.0,1.5,19.762341003740044,54.15316317798689
pretrained,wide_ratio,12,historical,mean_resource,0.75,0.0,0.5,10.476223154485872,30.690207191453585
pretrained,wide_ratio,12,historical,mean_resource,0.75,0.0,1.0,11.757844020258903,34.4221116639193
pretrained,wide_ratio,12,historical,mean_resource,0.75,0.0,1.5,13.19138849428621,38.356676448856064
pretrained,wide_ratio,12,historical,mean_resource,0.75,0.5,0.5,13.704468480922921,39.48811274996212
pretrained,wide_ratio,12,historical,mean_resource,0.75,0.5,1.0,15.331354524467907,42.967174867371895
pretrained,wide_ratio,12,historical,mean_resource,0.75,0.5,1.5,17.11346852313784,46.51712197050914
pretrained,wide_ratio,12,historical,mean_resource,0.75,1.0,0.5,17.767116021538474,50.12797942408254
pretrained,wide_ratio,12,historical,mean_resource,0.75,1.0,1.0,19.762341003740044,54.15316317798689
pretrained,wide_ratio,12,historical,mean_resource,0.75,1.0,1.5,21.922388265876545,58.45171143488922
pretrained,wide_ratio,12,half,constant,0.25,0.0,0.5,9.321969482565386,27.195130187978368
pretrained,wide_ratio,12,half,constant,0.25,0.0,1.0,9.321969482565386,27.195130187978368
pretrained,wide_ratio,12,half,constant,0.25,0.0,1.5,9.321969482565386,27.195130187978368
pretrained,wide_ratio,12,half,constant,0.25,0.5,0.5,9.321969482565386,27.195130187978368
pretrained,wide_ratio,12,half,constant,0.25,0.5,1.0,9.321969482565386,27.195130187978368
pretrained,wide_ratio,12,half,constant,0.25,0.5,1.5,9.321969482565386,27.195130187978368
pretrained,wide_ratio,12,half,constant,0.25,1.0,0.5,9.321969482565386,27.195130187978368
pretrained,wide_ratio,12,half,constant,0.25,1.0,1.0,9.321969482565386,27.195130187978368
pretrained,wide_ratio,12,half,constant,0.25,1.0,1.5,9.321969482565386,27.195130187978368
pretrained,wide_ratio,12,half,constant,0.5,0.0,0.5,9.321969482565386,27.195130187978368
pretrained,wide_ratio,12,half,constant,0.5,0.0,1.0,9.321969482565386,27.195130187978368
pretrained,wide_ratio,12,half,constant,0.5,0.0,1.5,9.321969482565386,27.195130187978368
pretrained,wide_ratio,12,half,constant,0.5,0.5,0.5,9.321969482565386,27.195130187978368
pretrained,wide_ratio,12,half,constant,0.5,0.5,1.0,9.321969482565386,27.195130187978368
pretrained,wide_ratio,12,half,constant,0.5,0.5,1.5,9.321969482565386,27.195130187978368
pretrained,wide_ratio,12,half,constant,0.5,1.0,0.5,9.321969482565386,27.195130187978368
pretrained,wide_ratio,12,half,constant,0.5,1.0,1.0,9.321969482565386,27.195130187978368
pretrained,wide_ratio,12,half,constant,0.5,1.0,1.5,9.321969482565386,27.195130187978368
pretrained,wide_ratio,12,half,constant,0.75,0.0,0.5,9.321969482565386,27.195130187978368
pretrained,wide_ratio,12,half,constant,0.75,0.0,1.0,9.321969482565386,27.195130187978368
pretrained,wide_ratio,12,half,constant,0.75,0.0,1.5,9.321969482565386,27.195130187978368
pretrained,wide_ratio,12,half,constant,0.75,0.5,0.5,9.321969482565386,27.195130187978368
pretrained,wide_ratio,12,half,constant,0.75,0.5,1.0,9.321969482565386,27.195130187978368
pretrained,wide_ratio,12,half,constant,0.75,0.5,1.5,9.321969482565386,27.195130187978368
pretrained,wide_ratio,12,half,constant,0.75,1.0,0.5,9.321969482565386,27.195130187978368
pretrained,wide_ratio,12,half,constant,0.75,1.0,1.0,9.321969482565386,27.195130187978368
pretrained,wide_ratio,12,half,constant,0.75,1.0,1.5,9.321969482565386,27.195130187978368
pretrained,wide_ratio,12,half,frontier_trend,0.25,0.0,0.5,9.321969482565386,27.195130187978368
pretrained,wide_ratio,12,half,frontier_trend,0.25,0.0,1.0,9.321969482565386,27.195130187978368
pretrained,wide_ratio,12,half,frontier_trend,0.25,0.0,1.5,9.321969482565386,27.195130187978368
pretrained,wide_ratio,12,half,frontier_trend,0.25,0.5,0.5,4.252708580510648,28.446601841947142
pretrained,wide_ratio,12,half,frontier_trend,0.25,0.5,1.0,4.252708580510648,28.446601841947142
pretrained,wide_ratio,12,half,frontier_trend,0.25,0.5,1.5,4.252708580510648,28.446601841947142
pretrained,wide_ratio,12,half,frontier_trend,0.25,1.0,0.5,1.6922042485625453,29.086593042431414
pretrained,wide_ratio,12,half,frontier_trend,0.25,1.0,1.0,1.6922042485625453,29.086593042431414
pretrained,wide_ratio,12,half,frontier_trend,0.25,1.0,1.5,1.6922042485625453,29.086593042431414
pretrained,wide_ratio,12,half,frontier_trend,0.5,0.0,0.5,9.321969482565386,27.195130187978368
pretrained,wide_ratio,12,half,frontier_trend,0.5,0.0,1.0,9.321969482565386,27.195130187978368
pretrained,wide_ratio,12,half,frontier_trend,0.5,0.0,1.5,9.321969482565386,27.195130187978368
pretrained,wide_ratio,12,half,frontier_trend,0.5,0.5,0.5,4.252708580510648,28.446601841947142
pretrained,wide_ratio,12,half,frontier_trend,0.5,0.5,1.0,4.252708580510648,28.446601841947142
pretrained,wide_ratio,12,half,frontier_trend,0.5,0.5,1.5,4.252708580510648,28.446601841947142
pretrained,wide_ratio,12,half,frontier_trend,0.5,1.0,0.5,1.6922042485625453,29.086593042431414
pretrained,wide_ratio,12,half,frontier_trend,0.5,1.0,1.0,1.6922042485625453,29.086593042431414
pretrained,wide_ratio,12,half,frontier_trend,0.5,1.0,1.5,1.6922042485625453,29.086593042431414
pretrained,wide_ratio,12,half,frontier_trend,0.75,0.0,0.5,9.321969482565386,27.195130187978368
pretrained,wide_ratio,12,half,frontier_trend,0.75,0.0,1.0,9.321969482565386,27.195130187978368
pretrained,wide_ratio,12,half,frontier_trend,0.75,0.0,1.5,9.321969482565386,27.195130187978368
pretrained,wide_ratio,12,half,frontier_trend,0.75,0.5,0.5,4.252708580510648,28.446601841947142
pretrained,wide_ratio,12,half,frontier_trend,0.75,0.5,1.0,4.252708580510648,28.446601841947142
pretrained,wide_ratio,12,half,frontier_trend,0.75,0.5,1.5,4.252708580510648,28.446601841947142
pretrained,wide_ratio,12,half,frontier_trend,0.75,1.0,0.5,1.6922042485625453,29.086593042431414
pretrained,wide_ratio,12,half,frontier_trend,0.75,1.0,1.0,1.6922042485625453,29.086593042431414
pretrained,wide_ratio,12,half,frontier_trend,0.75,1.0,1.5,1.6922042485625453,29.086593042431414
pretrained,wide_ratio,12,half,quantile_resource,0.25,0.0,0.5,9.540379414330467,27.792575563252228
pretrained,wide_ratio,12,half,quantile_resource,0.25,0.0,1.0,9.763357245894708,28.398027263475278
pretrained,wide_ratio,12,half,quantile_resource,0.25,0.0,1.5,9.990972566802794,29.011369898629763
pretrained,wide_ratio,12,half,quantile_resource,0.25,0.5,0.5,13.12973473544312,33.737382517533604
pretrained,wide_ratio,12,half,quantile_resource,0.25,0.5,1.0,13.505403342482305,34.43745044065924
pretrained,wide_ratio,12,half,quantile_resource,0.25,0.5,1.5,13.890100474328005,35.14434301899089
pretrained,wide_ratio,12,half,quantile_resource,0.25,1.0,0.5,13.804701054115073,42.871244886653884
pretrained,wide_ratio,12,half,quantile_resource,0.25,1.0,1.0,14.214814913210756,43.60030275960937
pretrained,wide_ratio,12,half,quantile_resource,0.25,1.0,1.5,14.615474946838244,44.33214557150476
pretrained,wide_ratio,12,half,quantile_resource,0.5,0.0,0.5,9.763357245894708,28.398027263475278
pretrained,wide_ratio,12,half,quantile_resource,0.5,0.0,1.0,10.223294792870902,29.63247786948729
pretrained,wide_ratio,12,half,quantile_resource,0.5,0.0,1.5,10.702336330524874,30.897436063248513
pretrained,wide_ratio,12,half,quantile_resource,0.5,0.5,0.5,13.505403342482305,34.43745044065924
pretrained,wide_ratio,12,half,quantile_resource,0.5,0.5,1.0,14.283944301063492,35.85781240620277
pretrained,wide_ratio,12,half,quantile_resource,0.5,0.5,1.5,15.099523135886773,37.303435101891466
pretrained,wide_ratio,12,half,quantile_resource,0.5,1.0,0.5,14.214814913210756,43.60030275960937
pretrained,wide_ratio,12,half,quantile_resource,0.5,1.0,1.0,15.00495527850257,45.06646390234998
pretrained,wide_ratio,12,half,quantile_resource,0.5,1.0,1.5,15.809536233588636,46.54126844128725
pretrained,wide_ratio,12,half,quantile_resource,0.75,0.0,0.5,9.990972566802794,29.011369898629763
pretrained,wide_ratio,12,half,quantile_resource,0.75,0.0,1.0,10.702336330524874,30.897436063248513
pretrained,wide_ratio,12,half,quantile_resource,0.75,0.0,1.5,11.476275260919296,32.849382167698124
pretrained,wide_ratio,12,half,quantile_resource,0.75,0.5,0.5,13.890100474328005,35.14434301899089
pretrained,wide_ratio,12,half,quantile_resource,0.75,0.5,1.0,15.099523135886773,37.303435101891466
pretrained,wide_ratio,12,half,quantile_resource,0.75,0.5,1.5,16.394181151431,39.51437812642659
pretrained,wide_ratio,12,half,quantile_resource,0.75,1.0,0.5,14.615474946838244,44.33214557150476
pretrained,wide_ratio,12,half,quantile_resource,0.75,1.0,1.0,15.809536233588636,46.54126844128725
pretrained,wide_ratio,12,half,quantile_resource,0.75,1.0,1.5,17.08167896301448,48.76408717021828
pretrained,wide_ratio,12,half,mean_resource,0.25,0.0,0.5,9.506082163906639,27.76006310839148
pretrained,wide_ratio,12,half,mean_resource,0.25,0.0,1.0,9.693444214693868,28.33216548074133
pretrained,wide_ratio,12,half,mean_resource,0.25,0.0,1.5,9.88409755475096,28.911340329848155
pretrained,wide_ratio,12,half,mean_resource,0.25,0.5,0.5,12.462129160547795,36.661888378875204
pretrained,wide_ratio,12,half,mean_resource,0.25,0.5,1.0,12.702595670538521,37.22398378184215
pretrained,wide_ratio,12,half,mean_resource,0.25,0.5,1.5,12.94702428323432,37.785445508220405
pretrained,wide_ratio,12,half,mean_resource,0.25,1.0,0.5,16.22821364761564,46.61181942440202
pretrained,wide_ratio,12,half,mean_resource,0.25,1.0,1.0,16.527127770719872,47.31347897347436
pretrained,wide_ratio,12,half,mean_resource,0.25,1.0,1.5,16.830451206504932,48.01620251444833
pretrained,wide_ratio,12,half,mean_resource,0.5,0.0,0.5,9.693444214693868,28.33216548074133
pretrained,wide_ratio,12,half,mean_resource,0.5,0.0,1.0,10.078084025578407,29.497482511056727
pretrained,wide_ratio,12,half,mean_resource,0.5,0.0,1.5,10.476223154485872,30.690207191453585
pretrained,wide_ratio,12,half,mean_resource,0.5,0.5,0.5,12.702595670538521,37.22398378184215
pretrained,wide_ratio,12,half,mean_resource,0.5,0.5,1.0,13.195453909706616,38.349889695797366
pretrained,wide_ratio,12,half,mean_resource,0.5,0.5,1.5,13.704468480922921,39.48811274996212
pretrained,wide_ratio,12,half,mean_resource,0.5,1.0,0.5,16.527127770719872,47.31347897347436
pretrained,wide_ratio,12,half,mean_resource,0.5,1.0,1.0,17.138208533282214,48.719712860820174
pretrained,wide_ratio,12,half,mean_resource,0.5,1.0,1.5,17.767116021538474,50.12797942408254
pretrained,wide_ratio,12,half,mean_resource,0.75,0.0,0.5,9.88409755475096,28.911340329848155
pretrained,wide_ratio,12,half,mean_resource,0.75,0.0,1.0,10.476223154485872,30.690207191453585
pretrained,wide_ratio,12,half,mean_resource,0.75,0.0,1.5,11.09946847420911,32.52844729769059
pretrained,wide_ratio,12,half,mean_resource,0.75,0.5,0.5,12.94702428323432,37.785445508220405
pretrained,wide_ratio,12,half,mean_resource,0.75,0.5,1.0,13.704468480922921,39.48811274996212
pretrained,wide_ratio,12,half,mean_resource,0.75,0.5,1.5,14.49892989697812,41.216674860117614
pretrained,wide_ratio,12,half,mean_resource,0.75,1.0,0.5,16.830451206504932,48.01620251444833
pretrained,wide_ratio,12,half,mean_resource,0.75,1.0,1.0,17.767116021538474,50.12797942408254
pretrained,wide_ratio,12,half,mean_resource,0.75,1.0,1.5,18.744261151224492,52.19423573154019
pretrained,wide_ratio,12,quarter,constant,0.25,0.0,0.5,9.321969482565386,27.195130187978368
pretrained,wide_ratio,12,quarter,constant,0.25,0.0,1.0,9.321969482565386,27.195130187978368
pretrained,wide_ratio,12,quarter,constant,0.25,0.0,1.5,9.321969482565386,27.195130187978368
pretrained,wide_ratio,12,quarter,constant,0.25,0.5,0.5,9.321969482565386,27.195130187978368
pretrained,wide_ratio,12,quarter,constant,0.25,0.5,1.0,9.321969482565386,27.195130187978368
pretrained,wide_ratio,12,quarter,constant,0.25,0.5,1.5,9.321969482565386,27.195130187978368
pretrained,wide_ratio,12,quarter,constant,0.25,1.0,0.5,9.321969482565386,27.195130187978368
pretrained,wide_ratio,12,quarter,constant,0.25,1.0,1.0,9.321969482565386,27.195130187978368
pretrained,wide_ratio,12,quarter,constant,0.25,1.0,1.5,9.321969482565386,27.195130187978368
pretrained,wide_ratio,12,quarter,constant,0.5,0.0,0.5,9.321969482565386,27.195130187978368
pretrained,wide_ratio,12,quarter,constant,0.5,0.0,1.0,9.321969482565386,27.195130187978368
pretrained,wide_ratio,12,quarter,constant,0.5,0.0,1.5,9.321969482565386,27.195130187978368
pretrained,wide_ratio,12,quarter,constant,0.5,0.5,0.5,9.321969482565386,27.195130187978368
pretrained,wide_ratio,12,quarter,constant,0.5,0.5,1.0,9.321969482565386,27.195130187978368
pretrained,wide_ratio,12,quarter,constant,0.5,0.5,1.5,9.321969482565386,27.195130187978368
pretrained,wide_ratio,12,quarter,constant,0.5,1.0,0.5,9.321969482565386,27.195130187978368
pretrained,wide_ratio,12,quarter,constant,0.5,1.0,1.0,9.321969482565386,27.195130187978368
pretrained,wide_ratio,12,quarter,constant,0.5,1.0,1.5,9.321969482565386,27.195130187978368
pretrained,wide_ratio,12,quarter,constant,0.75,0.0,0.5,9.321969482565386,27.195130187978368
pretrained,wide_ratio,12,quarter,constant,0.75,0.0,1.0,9.321969482565386,27.195130187978368
pretrained,wide_ratio,12,quarter,constant,0.75,0.0,1.5,9.321969482565386,27.195130187978368
pretrained,wide_ratio,12,quarter,constant,0.75,0.5,0.5,9.321969482565386,27.195130187978368
pretrained,wide_ratio,12,quarter,constant,0.75,0.5,1.0,9.321969482565386,27.195130187978368
pretrained,wide_ratio,12,quarter,constant,0.75,0.5,1.5,9.321969482565386,27.195130187978368
pretrained,wide_ratio,12,quarter,constant,0.75,1.0,0.5,9.321969482565386,27.195130187978368
pretrained,wide_ratio,12,quarter,constant,0.75,1.0,1.0,9.321969482565386,27.195130187978368
pretrained,wide_ratio,12,quarter,constant,0.75,1.0,1.5,9.321969482565386,27.195130187978368
pretrained,wide_ratio,12,quarter,frontier_trend,0.25,0.0,0.5,9.321969482565386,27.195130187978368
pretrained,wide_ratio,12,quarter,frontier_trend,0.25,0.0,1.0,9.321969482565386,27.195130187978368
pretrained,wide_ratio,12,quarter,frontier_trend,0.25,0.0,1.5,9.321969482565386,27.195130187978368
pretrained,wide_ratio,12,quarter,frontier_trend,0.25,0.5,0.5,4.252708580510648,28.446601841947142
pretrained,wide_ratio,12,quarter,frontier_trend,0.25,0.5,1.0,4.252708580510648,28.446601841947142
pretrained,wide_ratio,12,quarter,frontier_trend,0.25,0.5,1.5,4.252708580510648,28.446601841947142
pretrained,wide_ratio,12,quarter,frontier_trend,0.25,1.0,0.5,1.6922042485625453,29.086593042431414
pretrained,wide_ratio,12,quarter,frontier_trend,0.25,1.0,1.0,1.6922042485625453,29.086593042431414
pretrained,wide_ratio,12,quarter,frontier_trend,0.25,1.0,1.5,1.6922042485625453,29.086593042431414
pretrained,wide_ratio,12,quarter,frontier_trend,0.5,0.0,0.5,9.321969482565386,27.195130187978368
pretrained,wide_ratio,12,quarter,frontier_trend,0.5,0.0,1.0,9.321969482565386,27.195130187978368
pretrained,wide_ratio,12,quarter,frontier_trend,0.5,0.0,1.5,9.321969482565386,27.195130187978368
pretrained,wide_ratio,12,quarter,frontier_trend,0.5,0.5,0.5,4.252708580510648,28.446601841947142
pretrained,wide_ratio,12,quarter,frontier_trend,0.5,0.5,1.0,4.252708580510648,28.446601841947142
pretrained,wide_ratio,12,quarter,frontier_trend,0.5,0.5,1.5,4.252708580510648,28.446601841947142
pretrained,wide_ratio,12,quarter,frontier_trend,0.5,1.0,0.5,1.6922042485625453,29.086593042431414
pretrained,wide_ratio,12,quarter,frontier_trend,0.5,1.0,1.0,1.6922042485625453,29.086593042431414
pretrained,wide_ratio,12,quarter,frontier_trend,0.5,1.0,1.5,1.6922042485625453,29.086593042431414
pretrained,wide_ratio,12,quarter,frontier_trend,0.75,0.0,0.5,9.321969482565386,27.195130187978368
pretrained,wide_ratio,12,quarter,frontier_trend,0.75,0.0,1.0,9.321969482565386,27.195130187978368
pretrained,wide_ratio,12,quarter,frontier_trend,0.75,0.0,1.5,9.321969482565386,27.195130187978368
pretrained,wide_ratio,12,quarter,frontier_trend,0.75,0.5,0.5,4.252708580510648,28.446601841947142
pretrained,wide_ratio,12,quarter,frontier_trend,0.75,0.5,1.0,4.252708580510648,28.446601841947142
pretrained,wide_ratio,12,quarter,frontier_trend,0.75,0.5,1.5,4.252708580510648,28.446601841947142
pretrained,wide_ratio,12,quarter,frontier_trend,0.75,1.0,0.5,1.6922042485625453,29.086593042431414
pretrained,wide_ratio,12,quarter,frontier_trend,0.75,1.0,1.0,1.6922042485625453,29.086593042431414
pretrained,wide_ratio,12,quarter,frontier_trend,0.75,1.0,1.5,1.6922042485625453,29.086593042431414
pretrained,wide_ratio,12,quarter,quantile_resource,0.25,0.0,0.5,9.430607815245663,27.49284526989741
pretrained,wide_ratio,12,quarter,quantile_resource,0.25,0.0,1.0,9.540379414330467,27.792575563252228
pretrained,wide_ratio,12,quarter,quantile_resource,0.25,0.0,1.5,9.651292990022396,28.094307596163475
pretrained,wide_ratio,12,quarter,quantile_resource,0.25,0.5,0.5,12.945248134033488,33.3899821623648
pretrained,wide_ratio,12,quarter,quantile_resource,0.25,0.5,1.0,13.12973473544312,33.737382517533604
pretrained,wide_ratio,12,quarter,quantile_resource,0.25,0.5,1.5,13.316448014248538,34.08654834663392
pretrained,wide_ratio,12,quarter,quantile_resource,0.25,1.0,0.5,13.603396173856241,42.507855692533745
pretrained,wide_ratio,12,quarter,quantile_resource,0.25,1.0,1.0,13.804701054115073,42.871244886653884
pretrained,wide_ratio,12,quarter,quantile_resource,0.25,1.0,1.5,14.008501758981136,43.23540654929717
pretrained,wide_ratio,12,quarter,quantile_resource,0.5,0.0,0.5,9.540379414330467,27.792575563252228
pretrained,wide_ratio,12,quarter,quantile_resource,0.5,0.0,1.0,9.763357245894708,28.398027263475278
pretrained,wide_ratio,12,quarter,quantile_resource,0.5,0.0,1.5,9.990972566802794,29.011369898629763
pretrained,wide_ratio,12,quarter,quantile_resource,0.5,0.5,0.5,13.12973473544312,33.737382517533604
pretrained,wide_ratio,12,quarter,quantile_resource,0.5,0.5,1.0,13.505403342482305,34.43745044065924
pretrained,wide_ratio,12,quarter,quantile_resource,0.5,0.5,1.5,13.890100474328005,35.14434301899089
pretrained,wide_ratio,12,quarter,quantile_resource,0.5,1.0,0.5,13.804701054115073,42.871244886653884
pretrained,wide_ratio,12,quarter,quantile_resource,0.5,1.0,1.0,14.214814913210756,43.60030275960937
pretrained,wide_ratio,12,quarter,quantile_resource,0.5,1.0,1.5,14.615474946838244,44.33214557150476
pretrained,wide_ratio,12,quarter,quantile_resource,0.75,0.0,0.5,9.651292990022396,28.094307596163475
pretrained,wide_ratio,12,quarter,quantile_resource,0.75,0.0,1.0,9.990972566802794,29.011369898629763
pretrained,wide_ratio,12,quarter,quantile_resource,0.75,0.0,1.5,10.34124262304856,29.945901800159042
pretrained,wide_ratio,12,quarter,quantile_resource,0.75,0.5,0.5,13.316448014248538,34.08654834663392
pretrained,wide_ratio,12,quarter,quantile_resource,0.75,0.5,1.0,13.890100474328005,35.14434301899089
pretrained,wide_ratio,12,quarter,quantile_resource,0.75,0.5,1.5,14.484332004422615,36.216932913765206
pretrained,wide_ratio,12,quarter,quantile_resource,0.75,1.0,0.5,14.008501758981136,43.23540654929717
pretrained,wide_ratio,12,quarter,quantile_resource,0.75,1.0,1.0,14.615474946838244,44.33214557150476
pretrained,wide_ratio,12,quarter,quantile_resource,0.75,1.0,1.5,15.202881728527833,45.4344535020557
pretrained,wide_ratio,12,quarter,mean_resource,0.25,0.0,0.5,9.413622274313033,27.476694723288055
pretrained,wide_ratio,12,quarter,mean_resource,0.25,0.0,1.0,9.506082163906639,27.76006310839148
pretrained,wide_ratio,12,quarter,mean_resource,0.25,0.0,1.5,9.59935439663579,28.045223983194184
pretrained,wide_ratio,12,quarter,mean_resource,0.25,0.5,0.5,12.343369364745252,36.34256084949505
pretrained,wide_ratio,12,quarter,mean_resource,0.25,0.5,1.0,12.462129160547795,36.661888378875204
pretrained,wide_ratio,12,quarter,mean_resource,0.25,0.5,1.5,12.581869609248235,36.942492679537146
pretrained,wide_ratio,12,quarter,mean_resource,0.25,1.0,0.5,16.080402024256077,46.26147481891538
pretrained,wide_ratio,12,quarter,mean_resource,0.25,1.0,1.0,16.22821364761564,46.61181942440202
pretrained,wide_ratio,12,quarter,mean_resource,0.25,1.0,1.5,16.377121135020175,46.96249893650547
pretrained,wide_ratio,12,quarter,mean_resource,0.5,0.0,0.5,9.506082163906639,27.76006310839148
pretrained,wide_ratio,12,quarter,mean_resource,0.5,0.0,1.0,9.693444214693868,28.33216548074133
pretrained,wide_ratio,12,quarter,mean_resource,0.5,0.0,1.5,9.88409755475096,28.911340329848155
pretrained,wide_ratio,12,quarter,mean_resource,0.5,0.5,0.5,12.462129160547795,36.661888378875204
pretrained,wide_ratio,12,quarter,mean_resource,0.5,0.5,1.0,12.702595670538521,37.22398378184215
pretrained,wide_ratio,12,quarter,mean_resource,0.5,0.5,1.5,12.94702428323432,37.785445508220405
pretrained,wide_ratio,12,quarter,mean_resource,0.5,1.0,0.5,16.22821364761564,46.61181942440202
pretrained,wide_ratio,12,quarter,mean_resource,0.5,1.0,1.0,16.527127770719872,47.31347897347436
pretrained,wide_ratio,12,quarter,mean_resource,0.5,1.0,1.5,16.830451206504932,48.01620251444833
pretrained,wide_ratio,12,quarter,mean_resource,0.75,0.0,0.5,9.59935439663579,28.045223983194184
pretrained,wide_ratio,12,quarter,mean_resource,0.75,0.0,1.0,9.88409755475096,28.911340329848155
pretrained,wide_ratio,12,quarter,mean_resource,0.75,0.0,1.5,10.176340231790087,29.79313124823262
pretrained,wide_ratio,12,quarter,mean_resource,0.75,0.5,0.5,12.581869609248235,36.942492679537146
pretrained,wide_ratio,12,quarter,mean_resource,0.75,0.5,1.0,12.94702428323432,37.785445508220405
pretrained,wide_ratio,12,quarter,mean_resource,0.75,0.5,1.5,13.321181082694292,38.63330432075238
pretrained,wide_ratio,12,quarter,mean_resource,0.75,1.0,0.5,16.377121135020175,46.96249893650547
pretrained,wide_ratio,12,quarter,mean_resource,0.75,1.0,1.0,16.830451206504932,48.01620251444833
pretrained,wide_ratio,12,quarter,mean_resource,0.75,1.0,1.5,17.293757200281597,49.071676111977986
pretrained,wide_ratio,12,stopped,constant,0.25,0.0,0.5,9.321969482565386,27.195130187978368
pretrained,wide_ratio,12,stopped,constant,0.25,0.0,1.0,9.321969482565386,27.195130187978368
pretrained,wide_ratio,12,stopped,constant,0.25,0.0,1.5,9.321969482565386,27.195130187978368
pretrained,wide_ratio,12,stopped,constant,0.25,0.5,0.5,9.321969482565386,27.195130187978368
pretrained,wide_ratio,12,stopped,constant,0.25,0.5,1.0,9.321969482565386,27.195130187978368
pretrained,wide_ratio,12,stopped,constant,0.25,0.5,1.5,9.321969482565386,27.195130187978368
pretrained,wide_ratio,12,stopped,constant,0.25,1.0,0.5,9.321969482565386,27.195130187978368
pretrained,wide_ratio,12,stopped,constant,0.25,1.0,1.0,9.321969482565386,27.195130187978368
pretrained,wide_ratio,12,stopped,constant,0.25,1.0,1.5,9.321969482565386,27.195130187978368
pretrained,wide_ratio,12,stopped,constant,0.5,0.0,0.5,9.321969482565386,27.195130187978368
pretrained,wide_ratio,12,stopped,constant,0.5,0.0,1.0,9.321969482565386,27.195130187978368
pretrained,wide_ratio,12,stopped,constant,0.5,0.0,1.5,9.321969482565386,27.195130187978368
pretrained,wide_ratio,12,stopped,constant,0.5,0.5,0.5,9.321969482565386,27.195130187978368
pretrained,wide_ratio,12,stopped,constant,0.5,0.5,1.0,9.321969482565386,27.195130187978368
pretrained,wide_ratio,12,stopped,constant,0.5,0.5,1.5,9.321969482565386,27.195130187978368
pretrained,wide_ratio,12,stopped,constant,0.5,1.0,0.5,9.321969482565386,27.195130187978368
pretrained,wide_ratio,12,stopped,constant,0.5,1.0,1.0,9.321969482565386,27.195130187978368
pretrained,wide_ratio,12,stopped,constant,0.5,1.0,1.5,9.321969482565386,27.195130187978368
pretrained,wide_ratio,12,stopped,constant,0.75,0.0,0.5,9.321969482565386,27.195130187978368
pretrained,wide_ratio,12,stopped,constant,0.75,0.0,1.0,9.321969482565386,27.195130187978368
pretrained,wide_ratio,12,stopped,constant,0.75,0.0,1.5,9.321969482565386,27.195130187978368
pretrained,wide_ratio,12,stopped,constant,0.75,0.5,0.5,9.321969482565386,27.195130187978368
pretrained,wide_ratio,12,stopped,constant,0.75,0.5,1.0,9.321969482565386,27.195130187978368
pretrained,wide_ratio,12,stopped,constant,0.75,0.5,1.5,9.321969482565386,27.195130187978368
pretrained,wide_ratio,12,stopped,constant,0.75,1.0,0.5,9.321969482565386,27.195130187978368
pretrained,wide_ratio,12,stopped,constant,0.75,1.0,1.0,9.321969482565386,27.195130187978368
pretrained,wide_ratio,12,stopped,constant,0.75,1.0,1.5,9.321969482565386,27.195130187978368
pretrained,wide_ratio,12,stopped,frontier_trend,0.25,0.0,0.5,9.321969482565386,27.195130187978368
pretrained,wide_ratio,12,stopped,frontier_trend,0.25,0.0,1.0,9.321969482565386,27.195130187978368
pretrained,wide_ratio,12,stopped,frontier_trend,0.25,0.0,1.5,9.321969482565386,27.195130187978368
pretrained,wide_ratio,12,stopped,frontier_trend,0.25,0.5,0.5,4.252708580510648,28.446601841947142
pretrained,wide_ratio,12,stopped,frontier_trend,0.25,0.5,1.0,4.252708580510648,28.446601841947142
pretrained,wide_ratio,12,stopped,frontier_trend,0.25,0.5,1.5,4.252708580510648,28.446601841947142
pretrained,wide_ratio,12,stopped,frontier_trend,0.25,1.0,0.5,1.6922042485625453,29.086593042431414
pretrained,wide_ratio,12,stopped,frontier_trend,0.25,1.0,1.0,1.6922042485625453,29.086593042431414
pretrained,wide_ratio,12,stopped,frontier_trend,0.25,1.0,1.5,1.6922042485625453,29.086593042431414
pretrained,wide_ratio,12,stopped,frontier_trend,0.5,0.0,0.5,9.321969482565386,27.195130187978368
pretrained,wide_ratio,12,stopped,frontier_trend,0.5,0.0,1.0,9.321969482565386,27.195130187978368
pretrained,wide_ratio,12,stopped,frontier_trend,0.5,0.0,1.5,9.321969482565386,27.195130187978368
pretrained,wide_ratio,12,stopped,frontier_trend,0.5,0.5,0.5,4.252708580510648,28.446601841947142
pretrained,wide_ratio,12,stopped,frontier_trend,0.5,0.5,1.0,4.252708580510648,28.446601841947142
pretrained,wide_ratio,12,stopped,frontier_trend,0.5,0.5,1.5,4.252708580510648,28.446601841947142
pretrained,wide_ratio,12,stopped,frontier_trend,0.5,1.0,0.5,1.6922042485625453,29.086593042431414
pretrained,wide_ratio,12,stopped,frontier_trend,0.5,1.0,1.0,1.6922042485625453,29.086593042431414
pretrained,wide_ratio,12,stopped,frontier_trend,0.5,1.0,1.5,1.6922042485625453,29.086593042431414
pretrained,wide_ratio,12,stopped,frontier_trend,0.75,0.0,0.5,9.321969482565386,27.195130187978368
pretrained,wide_ratio,12,stopped,frontier_trend,0.75,0.0,1.0,9.321969482565386,27.195130187978368
pretrained,wide_ratio,12,stopped,frontier_trend,0.75,0.0,1.5,9.321969482565386,27.195130187978368
pretrained,wide_ratio,12,stopped,frontier_trend,0.75,0.5,0.5,4.252708580510648,28.446601841947142
pretrained,wide_ratio,12,stopped,frontier_trend,0.75,0.5,1.0,4.252708580510648,28.446601841947142
pretrained,wide_ratio,12,stopped,frontier_trend,0.75,0.5,1.5,4.252708580510648,28.446601841947142
pretrained,wide_ratio,12,stopped,frontier_trend,0.75,1.0,0.5,1.6922042485625453,29.086593042431414
pretrained,wide_ratio,12,stopped,frontier_trend,0.75,1.0,1.0,1.6922042485625453,29.086593042431414
pretrained,wide_ratio,12,stopped,frontier_trend,0.75,1.0,1.5,1.6922042485625453,29.086593042431414
pretrained,wide_ratio,12,stopped,quantile_resource,0.25,0.0,0.5,9.321969482565386,27.195130187978368
pretrained,wide_ratio,12,stopped,quantile_resource,0.25,0.0,1.0,9.321969482565386,27.195130187978368
pretrained,wide_ratio,12,stopped,quantile_resource,0.25,0.0,1.5,9.321969482565386,27.195130187978368
pretrained,wide_ratio,12,stopped,quantile_resource,0.25,0.5,0.5,12.76297261938761,33.044375768836574
pretrained,wide_ratio,12,stopped,quantile_resource,0.25,0.5,1.0,12.76297261938761,33.044375768836574
pretrained,wide_ratio,12,stopped,quantile_resource,0.25,0.5,1.5,12.76297261938761,33.044375768836574
pretrained,wide_ratio,12,stopped,quantile_resource,0.25,1.0,0.5,13.404570183771963,42.14527655571139
pretrained,wide_ratio,12,stopped,quantile_resource,0.25,1.0,1.0,13.404570183771963,42.14527655571139
pretrained,wide_ratio,12,stopped,quantile_resource,0.25,1.0,1.5,13.404570183771963,42.14527655571139
pretrained,wide_ratio,12,stopped,quantile_resource,0.5,0.0,0.5,9.321969482565386,27.195130187978368
pretrained,wide_ratio,12,stopped,quantile_resource,0.5,0.0,1.0,9.321969482565386,27.195130187978368
pretrained,wide_ratio,12,stopped,quantile_resource,0.5,0.0,1.5,9.321969482565386,27.195130187978368
pretrained,wide_ratio,12,stopped,quantile_resource,0.5,0.5,0.5,12.76297261938761,33.044375768836574
pretrained,wide_ratio,12,stopped,quantile_resource,0.5,0.5,1.0,12.76297261938761,33.044375768836574
pretrained,wide_ratio,12,stopped,quantile_resource,0.5,0.5,1.5,12.76297261938761,33.044375768836574
pretrained,wide_ratio,12,stopped,quantile_resource,0.5,1.0,0.5,13.404570183771963,42.14527655571139
pretrained,wide_ratio,12,stopped,quantile_resource,0.5,1.0,1.0,13.404570183771963,42.14527655571139
pretrained,wide_ratio,12,stopped,quantile_resource,0.5,1.0,1.5,13.404570183771963,42.14527655571139
pretrained,wide_ratio,12,stopped,quantile_resource,0.75,0.0,0.5,9.321969482565386,27.195130187978368
pretrained,wide_ratio,12,stopped,quantile_resource,0.75,0.0,1.0,9.321969482565386,27.195130187978368
pretrained,wide_ratio,12,stopped,quantile_resource,0.75,0.0,1.5,9.321969482565386,27.195130187978368
pretrained,wide_ratio,12,stopped,quantile_resource,0.75,0.5,0.5,12.76297261938761,33.044375768836574
pretrained,wide_ratio,12,stopped,quantile_resource,0.75,0.5,1.0,12.76297261938761,33.044375768836574
pretrained,wide_ratio,12,stopped,quantile_resource,0.75,0.5,1.5,12.76297261938761,33.044375768836574
pretrained,wide_ratio,12,stopped,quantile_resource,0.75,1.0,0.5,13.404570183771963,42.14527655571139
pretrained,wide_ratio,12,stopped,quantile_resource,0.75,1.0,1.0,13.404570183771963,42.14527655571139
pretrained,wide_ratio,12,stopped,quantile_resource,0.75,1.0,1.5,13.404570183771963,42.14527655571139
pretrained,wide_ratio,12,stopped,mean_resource,0.25,0.0,0.5,9.321969482565386,27.195130187978368
pretrained,wide_ratio,12,stopped,mean_resource,0.25,0.0,1.0,9.321969482565386,27.195130187978368
pretrained,wide_ratio,12,stopped,mean_resource,0.25,0.0,1.5,9.321969482565386,27.195130187978368
pretrained,wide_ratio,12,stopped,mean_resource,0.25,0.5,0.5,12.22558522661607,36.01860265546471
pretrained,wide_ratio,12,stopped,mean_resource,0.25,0.5,1.0,12.22558522661607,36.01860265546471
pretrained,wide_ratio,12,stopped,mean_resource,0.25,0.5,1.5,12.22558522661607,36.01860265546471
pretrained,wide_ratio,12,stopped,mean_resource,0.25,1.0,0.5,15.933682899380509,45.91149936957547
pretrained,wide_ratio,12,stopped,mean_resource,0.25,1.0,1.0,15.933682899380509,45.91149936957547
pretrained,wide_ratio,12,stopped,mean_resource,0.25,1.0,1.5,15.933682899380509,45.91149936957547
pretrained,wide_ratio,12,stopped,mean_resource,0.5,0.0,0.5,9.321969482565386,27.195130187978368
pretrained,wide_ratio,12,stopped,mean_resource,0.5,0.0,1.0,9.321969482565386,27.195130187978368
pretrained,wide_ratio,12,stopped,mean_resource,0.5,0.0,1.5,9.321969482565386,27.195130187978368
pretrained,wide_ratio,12,stopped,mean_resource,0.5,0.5,0.5,12.22558522661607,36.01860265546471
pretrained,wide_ratio,12,stopped,mean_resource,0.5,0.5,1.0,12.22558522661607,36.01860265546471
pretrained,wide_ratio,12,stopped,mean_resource,0.5,0.5,1.5,12.22558522661607,36.01860265546471
pretrained,wide_ratio,12,stopped,mean_resource,0.5,1.0,0.5,15.933682899380509,45.91149936957547
pretrained,wide_ratio,12,stopped,mean_resource,0.5,1.0,1.0,15.933682899380509,45.91149936957547
pretrained,wide_ratio,12,stopped,mean_resource,0.5,1.0,1.5,15.933682899380509,45.91149936957547
pretrained,wide_ratio,12,stopped,mean_resource,0.75,0.0,0.5,9.321969482565386,27.195130187978368
pretrained,wide_ratio,12,stopped,mean_resource,0.75,0.0,1.0,9.321969482565386,27.195130187978368
pretrained,wide_ratio,12,stopped,mean_resource,0.75,0.0,1.5,9.321969482565386,27.195130187978368
pretrained,wide_ratio,12,stopped,mean_resource,0.75,0.5,0.5,12.22558522661607,36.01860265546471
pretrained,wide_ratio,12,stopped,mean_resource,0.75,0.5,1.0,12.22558522661607,36.01860265546471
pretrained,wide_ratio,12,stopped,mean_resource,0.75,0.5,1.5,12.22558522661607,36.01860265546471
pretrained,wide_ratio,12,stopped,mean_resource,0.75,1.0,0.5,15.933682899380509,45.91149936957547
pretrained,wide_ratio,12,stopped,mean_resource,0.75,1.0,1.0,15.933682899380509,45.91149936957547
pretrained,wide_ratio,12,stopped,mean_resource,0.75,1.0,1.5,15.933682899380509,45.91149936957547
pretrained,wide_ratio,24,historical,constant,0.25,0.0,0.5,9.321969482565386,27.195130187978368
pretrained,wide_ratio,24,historical,constant,0.25,0.0,1.0,9.321969482565386,27.195130187978368
pretrained,wide_ratio,24,historical,constant,0.25,0.0,1.5,9.321969482565386,27.195130187978368
pretrained,wide_ratio,24,historical,constant,0.25,0.5,0.5,9.321969482565386,27.195130187978368
pretrained,wide_ratio,24,historical,constant,0.25,0.5,1.0,9.321969482565386,27.195130187978368
pretrained,wide_ratio,24,historical,constant,0.25,0.5,1.5,9.321969482565386,27.195130187978368
pretrained,wide_ratio,24,historical,constant,0.25,1.0,0.5,9.321969482565386,27.195130187978368
pretrained,wide_ratio,24,historical,constant,0.25,1.0,1.0,9.321969482565386,27.195130187978368
pretrained,wide_ratio,24,historical,constant,0.25,1.0,1.5,9.321969482565386,27.195130187978368
pretrained,wide_ratio,24,historical,constant,0.5,0.0,0.5,9.321969482565386,27.195130187978368
pretrained,wide_ratio,24,historical,constant,0.5,0.0,1.0,9.321969482565386,27.195130187978368
pretrained,wide_ratio,24,historical,constant,0.5,0.0,1.5,9.321969482565386,27.195130187978368
pretrained,wide_ratio,24,historical,constant,0.5,0.5,0.5,9.321969482565386,27.195130187978368
pretrained,wide_ratio,24,historical,constant,0.5,0.5,1.0,9.321969482565386,27.195130187978368
pretrained,wide_ratio,24,historical,constant,0.5,0.5,1.5,9.321969482565386,27.195130187978368
pretrained,wide_ratio,24,historical,constant,0.5,1.0,0.5,9.321969482565386,27.195130187978368
pretrained,wide_ratio,24,historical,constant,0.5,1.0,1.0,9.321969482565386,27.195130187978368
pretrained,wide_ratio,24,historical,constant,0.5,1.0,1.5,9.321969482565386,27.195130187978368
pretrained,wide_ratio,24,historical,constant,0.75,0.0,0.5,9.321969482565386,27.195130187978368
pretrained,wide_ratio,24,historical,constant,0.75,0.0,1.0,9.321969482565386,27.195130187978368
pretrained,wide_ratio,24,historical,constant,0.75,0.0,1.5,9.321969482565386,27.195130187978368
pretrained,wide_ratio,24,historical,constant,0.75,0.5,0.5,9.321969482565386,27.195130187978368
pretrained,wide_ratio,24,historical,constant,0.75,0.5,1.0,9.321969482565386,27.195130187978368
pretrained,wide_ratio,24,historical,constant,0.75,0.5,1.5,9.321969482565386,27.195130187978368
pretrained,wide_ratio,24,historical,constant,0.75,1.0,0.5,9.321969482565386,27.195130187978368
pretrained,wide_ratio,24,historical,constant,0.75,1.0,1.0,9.321969482565386,27.195130187978368
pretrained,wide_ratio,24,historical,constant,0.75,1.0,1.5,9.321969482565386,27.195130187978368
pretrained,wide_ratio,24,historical,frontier_trend,0.25,0.0,0.5,9.321969482565386,27.195130187978368
pretrained,wide_ratio,24,historical,frontier_trend,0.25,0.0,1.0,9.321969482565386,27.195130187978368
pretrained,wide_ratio,24,historical,frontier_trend,0.25,0.0,1.5,9.321969482565386,27.195130187978368
pretrained,wide_ratio,24,historical,frontier_trend,0.25,0.5,0.5,1.6922042485625453,29.086593042431414
pretrained,wide_ratio,24,historical,frontier_trend,0.25,0.5,1.0,1.6922042485625453,29.086593042431414
pretrained,wide_ratio,24,historical,frontier_trend,0.25,0.5,1.5,1.6922042485625453,29.086593042431414
pretrained,wide_ratio,24,historical,frontier_trend,0.25,1.0,0.5,0.1648284140401244,33.53608301688536
pretrained,wide_ratio,24,historical,frontier_trend,0.25,1.0,1.0,0.1648284140401244,33.53608301688536
pretrained,wide_ratio,24,historical,frontier_trend,0.25,1.0,1.5,0.1648284140401244,33.53608301688536
pretrained,wide_ratio,24,historical,frontier_trend,0.5,0.0,0.5,9.321969482565386,27.195130187978368
pretrained,wide_ratio,24,historical,frontier_trend,0.5,0.0,1.0,9.321969482565386,27.195130187978368
pretrained,wide_ratio,24,historical,frontier_trend,0.5,0.0,1.5,9.321969482565386,27.195130187978368
pretrained,wide_ratio,24,historical,frontier_trend,0.5,0.5,0.5,1.6922042485625453,29.086593042431414
pretrained,wide_ratio,24,historical,frontier_trend,0.5,0.5,1.0,1.6922042485625453,29.086593042431414
pretrained,wide_ratio,24,historical,frontier_trend,0.5,0.5,1.5,1.6922042485625453,29.086593042431414
pretrained,wide_ratio,24,historical,frontier_trend,0.5,1.0,0.5,0.1648284140401244,33.53608301688536
pretrained,wide_ratio,24,historical,frontier_trend,0.5,1.0,1.0,0.1648284140401244,33.53608301688536
pretrained,wide_ratio,24,historical,frontier_trend,0.5,1.0,1.5,0.1648284140401244,33.53608301688536
pretrained,wide_ratio,24,historical,frontier_trend,0.75,0.0,0.5,9.321969482565386,27.195130187978368
pretrained,wide_ratio,24,historical,frontier_trend,0.75,0.0,1.0,9.321969482565386,27.195130187978368
pretrained,wide_ratio,24,historical,frontier_trend,0.75,0.0,1.5,9.321969482565386,27.195130187978368
pretrained,wide_ratio,24,historical,frontier_trend,0.75,0.5,0.5,1.6922042485625453,29.086593042431414
pretrained,wide_ratio,24,historical,frontier_trend,0.75,0.5,1.0,1.6922042485625453,29.086593042431414
pretrained,wide_ratio,24,historical,frontier_trend,0.75,0.5,1.5,1.6922042485625453,29.086593042431414
pretrained,wide_ratio,24,historical,frontier_trend,0.75,1.0,0.5,0.1648284140401244,33.53608301688536
pretrained,wide_ratio,24,historical,frontier_trend,0.75,1.0,1.0,0.1648284140401244,33.53608301688536
pretrained,wide_ratio,24,historical,frontier_trend,0.75,1.0,1.5,0.1648284140401244,33.53608301688536
pretrained,wide_ratio,24,historical,quantile_resource,0.25,0.0,0.5,10.223294792870902,29.63247786948729
pretrained,wide_ratio,24,historical,quantile_resource,0.25,0.0,1.0,11.201030965575683,32.19169135582439
pretrained,wide_ratio,24,historical,quantile_resource,0.25,0.0,1.5,12.340818897745251,34.862431741654284
pretrained,wide_ratio,24,historical,quantile_resource,0.25,0.5,0.5,15.00495527850257,45.06646390234998
pretrained,wide_ratio,24,historical,quantile_resource,0.25,0.5,1.0,16.648828292734063,48.02216449658605
pretrained,wide_ratio,24,historical,quantile_resource,0.25,0.5,1.5,18.43381894874091,50.99182748903627
pretrained,wide_ratio,24,historical,quantile_resource,0.25,1.0,0.5,13.174239904553085,64.66024030682411
pretrained,wide_ratio,24,historical,quantile_resource,0.25,1.0,1.0,14.651753902324137,66.95620054617933
pretrained,wide_ratio,24,historical,quantile_resource,0.25,1.0,1.5,16.264022537323214,69.17394395466373
pretrained,wide_ratio,24,historical,quantile_resource,0.5,0.0,0.5,11.201030965575683,32.19169135582439
pretrained,wide_ratio,24,historical,quantile_resource,0.5,0.0,1.0,13.580063665959983,37.63177744610454
pretrained,wide_ratio,24,historical,quantile_resource,0.5,0.0,1.5,16.403092219644176,43.402716129496866
pretrained,wide_ratio,24,historical,quantile_resource,0.5,0.5,0.5,16.648828292734063,48.02216449658605
pretrained,wide_ratio,24,historical,quantile_resource,0.5,0.5,1.0,20.321840514455232,53.692779084986206
pretrained,wide_ratio,24,historical,quantile_resource,0.5,0.5,1.5,24.578441408863164,59.06660717975192
pretrained,wide_ratio,24,historical,quantile_resource,0.5,1.0,0.5,14.651753902324137,66.95620054617933
pretrained,wide_ratio,24,historical,quantile_resource,0.5,1.0,1.0,18.014357004250158,71.30431504133871
pretrained,wide_ratio,24,historical,quantile_resource,0.5,1.0,1.5,21.84489273248246,75.289296565502
pretrained,wide_ratio,24,historical,quantile_resource,0.75,0.0,0.5,12.340818897745251,34.862431741654284
pretrained,wide_ratio,24,historical,quantile_resource,0.75,0.0,1.0,16.403092219644176,43.402716129496866
pretrained,wide_ratio,24,historical,quantile_resource,0.75,0.0,1.5,22.0403404520494,52.275947686265035
pretrained,wide_ratio,24,historical,quantile_resource,0.75,0.5,0.5,18.43381894874091,50.99182748903627
pretrained,wide_ratio,24,historical,quantile_resource,0.75,0.5,1.0,24.578441408863164,59.06660717975192
pretrained,wide_ratio,24,historical,quantile_resource,0.75,0.5,1.5,32.11286528266433,68.07577902766259
pretrained,wide_ratio,24,historical,quantile_resource,0.75,1.0,0.5,16.264022537323214,69.17394395466373
pretrained,wide_ratio,24,historical,quantile_resource,0.75,1.0,1.0,21.84489273248246,75.289296565502
pretrained,wide_ratio,24,historical,quantile_resource,0.75,1.0,1.5,28.624389112420815,80.87942003655357
pretrained,wide_ratio,24,historical,mean_resource,0.25,0.0,0.5,10.078084025578407,29.497482511056727
pretrained,wide_ratio,24,historical,mean_resource,0.25,0.0,1.0,10.888193610161688,31.90933370847814
pretrained,wide_ratio,24,historical,mean_resource,0.25,0.0,1.5,11.757844020258903,34.4221116639193
pretrained,wide_ratio,24,historical,mean_resource,0.25,0.5,0.5,17.138208533282214,48.719712860820174
pretrained,wide_ratio,24,historical,mean_resource,0.25,0.5,1.0,18.41401742302091,51.5360441552209
pretrained,wide_ratio,24,historical,mean_resource,0.25,0.5,1.5,19.762341003740044,54.15316317798689
pretrained,wide_ratio,24,historical,mean_resource,0.25,1.0,0.5,25.470150426030013,70.6055176244136
pretrained,wide_ratio,24,historical,mean_resource,0.25,1.0,1.0,27.263476733116654,73.14007359837511
pretrained,wide_ratio,24,historical,mean_resource,0.25,1.0,1.5,29.134028488075263,75.5317495479777
pretrained,wide_ratio,24,historical,mean_resource,0.5,0.0,0.5,10.888193610161688,31.90933370847814
pretrained,wide_ratio,24,historical,mean_resource,0.5,0.0,1.0,12.697748682378899,37.025167041313985
pretrained,wide_ratio,24,historical,mean_resource,0.5,0.0,1.5,14.85540640553286,42.449830017028226
pretrained,wide_ratio,24,historical,mean_resource,0.5,0.5,0.5,18.41401742302091,51.5360441552209
pretrained,wide_ratio,24,historical,mean_resource,0.5,0.5,1.0,21.18397107780189,56.915961568469626
pretrained,wide_ratio,24,historical,mean_resource,0.5,0.5,1.5,24.24775664656098,62.592312962838655
pretrained,wide_ratio,24,historical,mean_resource,0.5,1.0,0.5,27.263476733116654,73.14007359837511
pretrained,wide_ratio,24,historical,mean_resource,0.5,1.0,1.0,31.07844493822514,77.77504769923667
pretrained,wide_ratio,24,historical,mean_resource,0.5,1.0,1.5,35.17080468592784,81.52761388165649
pretrained,wide_ratio,24,historical,mean_resource,0.75,0.0,0.5,11.757844020258903,34.4221116639193
pretrained,wide_ratio,24,historical,mean_resource,0.75,0.0,1.0,14.85540640553286,42.449830017028226
pretrained,wide_ratio,24,historical,mean_resource,0.75,0.0,1.5,19.15238019452718,50.26548912162134
pretrained,wide_ratio,24,historical,mean_resource,0.75,0.5,0.5,19.762341003740044,54.15316317798689
pretrained,wide_ratio,24,historical,mean_resource,0.75,0.5,1.0,24.24775664656098,62.592312962838655
pretrained,wide_ratio,24,historical,mean_resource,0.75,0.5,1.5,29.381235817564374,70.15340238450685
pretrained,wide_ratio,24,historical,mean_resource,0.75,1.0,0.5,29.134028488075263,75.5317495479777
pretrained,wide_ratio,24,historical,mean_resource,0.75,1.0,1.0,35.17080468592784,81.52761388165649
pretrained,wide_ratio,24,historical,mean_resource,0.75,1.0,1.5,41.726671723613045,85.46657232122205
pretrained,wide_ratio,24,half,constant,0.25,0.0,0.5,9.321969482565386,27.195130187978368
pretrained,wide_ratio,24,half,constant,0.25,0.0,1.0,9.321969482565386,27.195130187978368
pretrained,wide_ratio,24,half,constant,0.25,0.0,1.5,9.321969482565386,27.195130187978368
pretrained,wide_ratio,24,half,constant,0.25,0.5,0.5,9.321969482565386,27.195130187978368
pretrained,wide_ratio,24,half,constant,0.25,0.5,1.0,9.321969482565386,27.195130187978368
pretrained,wide_ratio,24,half,constant,0.25,0.5,1.5,9.321969482565386,27.195130187978368
pretrained,wide_ratio,24,half,constant,0.25,1.0,0.5,9.321969482565386,27.195130187978368
pretrained,wide_ratio,24,half,constant,0.25,1.0,1.0,9.321969482565386,27.195130187978368
pretrained,wide_ratio,24,half,constant,0.25,1.0,1.5,9.321969482565386,27.195130187978368
pretrained,wide_ratio,24,half,constant,0.5,0.0,0.5,9.321969482565386,27.195130187978368
pretrained,wide_ratio,24,half,constant,0.5,0.0,1.0,9.321969482565386,27.195130187978368
pretrained,wide_ratio,24,half,constant,0.5,0.0,1.5,9.321969482565386,27.195130187978368
pretrained,wide_ratio,24,half,constant,0.5,0.5,0.5,9.321969482565386,27.195130187978368
pretrained,wide_ratio,24,half,constant,0.5,0.5,1.0,9.321969482565386,27.195130187978368
pretrained,wide_ratio,24,half,constant,0.5,0.5,1.5,9.321969482565386,27.195130187978368
pretrained,wide_ratio,24,half,constant,0.5,1.0,0.5,9.321969482565386,27.195130187978368
pretrained,wide_ratio,24,half,constant,0.5,1.0,1.0,9.321969482565386,27.195130187978368
pretrained,wide_ratio,24,half,constant,0.5,1.0,1.5,9.321969482565386,27.195130187978368
pretrained,wide_ratio,24,half,constant,0.75,0.0,0.5,9.321969482565386,27.195130187978368
pretrained,wide_ratio,24,half,constant,0.75,0.0,1.0,9.321969482565386,27.195130187978368
pretrained,wide_ratio,24,half,constant,0.75,0.0,1.5,9.321969482565386,27.195130187978368
pretrained,wide_ratio,24,half,constant,0.75,0.5,0.5,9.321969482565386,27.195130187978368
pretrained,wide_ratio,24,half,constant,0.75,0.5,1.0,9.321969482565386,27.195130187978368
pretrained,wide_ratio,24,half,constant,0.75,0.5,1.5,9.321969482565386,27.195130187978368
pretrained,wide_ratio,24,half,constant,0.75,1.0,0.5,9.321969482565386,27.195130187978368
pretrained,wide_ratio,24,half,constant,0.75,1.0,1.0,9.321969482565386,27.195130187978368
pretrained,wide_ratio,24,half,constant,0.75,1.0,1.5,9.321969482565386,27.195130187978368
pretrained,wide_ratio,24,half,frontier_trend,0.25,0.0,0.5,9.321969482565386,27.195130187978368
pretrained,wide_ratio,24,half,frontier_trend,0.25,0.0,1.0,9.321969482565386,27.195130187978368
pretrained,wide_ratio,24,half,frontier_trend,0.25,0.0,1.5,9.321969482565386,27.195130187978368
pretrained,wide_ratio,24,half,frontier_trend,0.25,0.5,0.5,1.6922042485625453,29.086593042431414
pretrained,wide_ratio,24,half,frontier_trend,0.25,0.5,1.0,1.6922042485625453,29.086593042431414
pretrained,wide_ratio,24,half,frontier_trend,0.25,0.5,1.5,1.6922042485625453,29.086593042431414
pretrained,wide_ratio,24,half,frontier_trend,0.25,1.0,0.5,0.1648284140401244,33.53608301688536
pretrained,wide_ratio,24,half,frontier_trend,0.25,1.0,1.0,0.1648284140401244,33.53608301688536
pretrained,wide_ratio,24,half,frontier_trend,0.25,1.0,1.5,0.1648284140401244,33.53608301688536
pretrained,wide_ratio,24,half,frontier_trend,0.5,0.0,0.5,9.321969482565386,27.195130187978368
pretrained,wide_ratio,24,half,frontier_trend,0.5,0.0,1.0,9.321969482565386,27.195130187978368
pretrained,wide_ratio,24,half,frontier_trend,0.5,0.0,1.5,9.321969482565386,27.195130187978368
pretrained,wide_ratio,24,half,frontier_trend,0.5,0.5,0.5,1.6922042485625453,29.086593042431414
pretrained,wide_ratio,24,half,frontier_trend,0.5,0.5,1.0,1.6922042485625453,29.086593042431414
pretrained,wide_ratio,24,half,frontier_trend,0.5,0.5,1.5,1.6922042485625453,29.086593042431414
pretrained,wide_ratio,24,half,frontier_trend,0.5,1.0,0.5,0.1648284140401244,33.53608301688536
pretrained,wide_ratio,24,half,frontier_trend,0.5,1.0,1.0,0.1648284140401244,33.53608301688536
pretrained,wide_ratio,24,half,frontier_trend,0.5,1.0,1.5,0.1648284140401244,33.53608301688536
pretrained,wide_ratio,24,half,frontier_trend,0.75,0.0,0.5,9.321969482565386,27.195130187978368
pretrained,wide_ratio,24,half,frontier_trend,0.75,0.0,1.0,9.321969482565386,27.195130187978368
pretrained,wide_ratio,24,half,frontier_trend,0.75,0.0,1.5,9.321969482565386,27.195130187978368
pretrained,wide_ratio,24,half,frontier_trend,0.75,0.5,0.5,1.6922042485625453,29.086593042431414
pretrained,wide_ratio,24,half,frontier_trend,0.75,0.5,1.0,1.6922042485625453,29.086593042431414
pretrained,wide_ratio,24,half,frontier_trend,0.75,0.5,1.5,1.6922042485625453,29.086593042431414
pretrained,wide_ratio,24,half,frontier_trend,0.75,1.0,0.5,0.1648284140401244,33.53608301688536
pretrained,wide_ratio,24,half,frontier_trend,0.75,1.0,1.0,0.1648284140401244,33.53608301688536
pretrained,wide_ratio,24,half,frontier_trend,0.75,1.0,1.5,0.1648284140401244,33.53608301688536
pretrained,wide_ratio,24,half,quantile_resource,0.25,0.0,0.5,9.763357245894708,28.398027263475278
pretrained,wide_ratio,24,half,quantile_resource,0.25,0.0,1.0,10.223294792870902,29.63247786948729
pretrained,wide_ratio,24,half,quantile_resource,0.25,0.0,1.5,10.702336330524874,30.897436063248513
pretrained,wide_ratio,24,half,quantile_resource,0.25,0.5,0.5,14.214814913210756,43.60030275960937
pretrained,wide_ratio,24,half,quantile_resource,0.25,0.5,1.0,15.00495527850257,45.06646390234998
pretrained,wide_ratio,24,half,quantile_resource,0.25,0.5,1.5,15.809536233588636,46.54126844128725
pretrained,wide_ratio,24,half,quantile_resource,0.25,1.0,0.5,12.48406815715446,63.48553511856623
pretrained,wide_ratio,24,half,quantile_resource,0.25,1.0,1.0,13.174239904553085,64.66024030682411
pretrained,wide_ratio,24,half,quantile_resource,0.25,1.0,1.5,13.89652797219921,65.81749075721794
pretrained,wide_ratio,24,half,quantile_resource,0.5,0.0,0.5,10.223294792870902,29.63247786948729
pretrained,wide_ratio,24,half,quantile_resource,0.5,0.0,1.0,11.201030965575683,32.19169135582439
pretrained,wide_ratio,24,half,quantile_resource,0.5,0.0,1.5,12.340818897745251,34.862431741654284
pretrained,wide_ratio,24,half,quantile_resource,0.5,0.5,0.5,15.00495527850257,45.06646390234998
pretrained,wide_ratio,24,half,quantile_resource,0.5,0.5,1.0,16.648828292734063,48.02216449658605
pretrained,wide_ratio,24,half,quantile_resource,0.5,0.5,1.5,18.43381894874091,50.99182748903627
pretrained,wide_ratio,24,half,quantile_resource,0.5,1.0,0.5,13.174239904553085,64.66024030682411
pretrained,wide_ratio,24,half,quantile_resource,0.5,1.0,1.0,14.651753902324137,66.95620054617933
pretrained,wide_ratio,24,half,quantile_resource,0.5,1.0,1.5,16.264022537323214,69.17394395466373
pretrained,wide_ratio,24,half,quantile_resource,0.75,0.0,0.5,10.702336330524874,30.897436063248513
pretrained,wide_ratio,24,half,quantile_resource,0.75,0.0,1.0,12.340818897745251,34.862431741654284
pretrained,wide_ratio,24,half,quantile_resource,0.75,0.0,1.5,14.240438320186426,39.04871805379087
pretrained,wide_ratio,24,half,quantile_resource,0.75,0.5,0.5,15.809536233588636,46.54126844128725
pretrained,wide_ratio,24,half,quantile_resource,0.75,0.5,1.0,18.43381894874091,50.99182748903627
pretrained,wide_ratio,24,half,quantile_resource,0.75,0.5,1.5,21.313604421673197,54.991412124482515
pretrained,wide_ratio,24,half,quantile_resource,0.75,1.0,0.5,13.89652797219921,65.81749075721794
pretrained,wide_ratio,24,half,quantile_resource,0.75,1.0,1.0,16.264022537323214,69.17394395466373
pretrained,wide_ratio,24,half,quantile_resource,0.75,1.0,1.5,18.91999841702562,72.33586046678123
pretrained,wide_ratio,24,half,mean_resource,0.25,0.0,0.5,9.693444214693868,28.33216548074133
pretrained,wide_ratio,24,half,mean_resource,0.25,0.0,1.0,10.078084025578407,29.497482511056727
pretrained,wide_ratio,24,half,mean_resource,0.25,0.0,1.5,10.476223154485872,30.690207191453585
pretrained,wide_ratio,24,half,mean_resource,0.25,0.5,0.5,16.527127770719872,47.31347897347436
pretrained,wide_ratio,24,half,mean_resource,0.25,0.5,1.0,17.138208533282214,48.719712860820174
pretrained,wide_ratio,24,half,mean_resource,0.25,0.5,1.5,17.767116021538474,50.12797942408254
pretrained,wide_ratio,24,half,mean_resource,0.25,1.0,0.5,24.603249639953287,69.65246201841308
pretrained,wide_ratio,24,half,mean_resource,0.25,1.0,1.0,25.470150426030013,70.6055176244136
pretrained,wide_ratio,24,half,mean_resource,0.25,1.0,1.5,26.3569859514425,71.89019418997219
pretrained,wide_ratio,24,half,mean_resource,0.5,0.0,0.5,10.078084025578407,29.497482511056727
pretrained,wide_ratio,24,half,mean_resource,0.5,0.0,1.0,10.888193610161688,31.90933370847814
pretrained,wide_ratio,24,half,mean_resource,0.5,0.0,1.5,11.757844020258903,34.4221116639193
pretrained,wide_ratio,24,half,mean_resource,0.5,0.5,0.5,17.138208533282214,48.719712860820174
pretrained,wide_ratio,24,half,mean_resource,0.5,0.5,1.0,18.41401742302091,51.5360441552209
pretrained,wide_ratio,24,half,mean_resource,0.5,0.5,1.5,19.762341003740044,54.15316317798689
pretrained,wide_ratio,24,half,mean_resource,0.5,1.0,0.5,25.470150426030013,70.6055176244136
pretrained,wide_ratio,24,half,mean_resource,0.5,1.0,1.0,27.263476733116654,73.14007359837511
pretrained,wide_ratio,24,half,mean_resource,0.5,1.0,1.5,29.134028488075263,75.5317495479777
pretrained,wide_ratio,24,half,mean_resource,0.75,0.0,0.5,10.476223154485872,30.690207191453585
pretrained,wide_ratio,24,half,mean_resource,0.75,0.0,1.0,11.757844020258903,34.4221116639193
pretrained,wide_ratio,24,half,mean_resource,0.75,0.0,1.5,13.19138849428621,38.356676448856064
pretrained,wide_ratio,24,half,mean_resource,0.75,0.5,0.5,17.767116021538474,50.12797942408254
pretrained,wide_ratio,24,half,mean_resource,0.75,0.5,1.0,19.762341003740044,54.15316317798689
pretrained,wide_ratio,24,half,mean_resource,0.75,0.5,1.5,21.922388265876545,58.45171143488922
pretrained,wide_ratio,24,half,mean_resource,0.75,1.0,0.5,26.3569859514425,71.89019418997219
pretrained,wide_ratio,24,half,mean_resource,0.75,1.0,1.0,29.134028488075263,75.5317495479777
pretrained,wide_ratio,24,half,mean_resource,0.75,1.0,1.5,32.0770496723884,78.84012482280679
pretrained,wide_ratio,24,quarter,constant,0.25,0.0,0.5,9.321969482565386,27.195130187978368
pretrained,wide_ratio,24,quarter,constant,0.25,0.0,1.0,9.321969482565386,27.195130187978368
pretrained,wide_ratio,24,quarter,constant,0.25,0.0,1.5,9.321969482565386,27.195130187978368
pretrained,wide_ratio,24,quarter,constant,0.25,0.5,0.5,9.321969482565386,27.195130187978368
pretrained,wide_ratio,24,quarter,constant,0.25,0.5,1.0,9.321969482565386,27.195130187978368
pretrained,wide_ratio,24,quarter,constant,0.25,0.5,1.5,9.321969482565386,27.195130187978368
pretrained,wide_ratio,24,quarter,constant,0.25,1.0,0.5,9.321969482565386,27.195130187978368
pretrained,wide_ratio,24,quarter,constant,0.25,1.0,1.0,9.321969482565386,27.195130187978368
pretrained,wide_ratio,24,quarter,constant,0.25,1.0,1.5,9.321969482565386,27.195130187978368
pretrained,wide_ratio,24,quarter,constant,0.5,0.0,0.5,9.321969482565386,27.195130187978368
pretrained,wide_ratio,24,quarter,constant,0.5,0.0,1.0,9.321969482565386,27.195130187978368
pretrained,wide_ratio,24,quarter,constant,0.5,0.0,1.5,9.321969482565386,27.195130187978368
pretrained,wide_ratio,24,quarter,constant,0.5,0.5,0.5,9.321969482565386,27.195130187978368
pretrained,wide_ratio,24,quarter,constant,0.5,0.5,1.0,9.321969482565386,27.195130187978368
pretrained,wide_ratio,24,quarter,constant,0.5,0.5,1.5,9.321969482565386,27.195130187978368
pretrained,wide_ratio,24,quarter,constant,0.5,1.0,0.5,9.321969482565386,27.195130187978368
pretrained,wide_ratio,24,quarter,constant,0.5,1.0,1.0,9.321969482565386,27.195130187978368
pretrained,wide_ratio,24,quarter,constant,0.5,1.0,1.5,9.321969482565386,27.195130187978368
pretrained,wide_ratio,24,quarter,constant,0.75,0.0,0.5,9.321969482565386,27.195130187978368
pretrained,wide_ratio,24,quarter,constant,0.75,0.0,1.0,9.321969482565386,27.195130187978368
pretrained,wide_ratio,24,quarter,constant,0.75,0.0,1.5,9.321969482565386,27.195130187978368
pretrained,wide_ratio,24,quarter,constant,0.75,0.5,0.5,9.321969482565386,27.195130187978368
pretrained,wide_ratio,24,quarter,constant,0.75,0.5,1.0,9.321969482565386,27.195130187978368
pretrained,wide_ratio,24,quarter,constant,0.75,0.5,1.5,9.321969482565386,27.195130187978368
pretrained,wide_ratio,24,quarter,constant,0.75,1.0,0.5,9.321969482565386,27.195130187978368
pretrained,wide_ratio,24,quarter,constant,0.75,1.0,1.0,9.321969482565386,27.195130187978368
pretrained,wide_ratio,24,quarter,constant,0.75,1.0,1.5,9.321969482565386,27.195130187978368
pretrained,wide_ratio,24,quarter,frontier_trend,0.25,0.0,0.5,9.321969482565386,27.195130187978368
pretrained,wide_ratio,24,quarter,frontier_trend,0.25,0.0,1.0,9.321969482565386,27.195130187978368
pretrained,wide_ratio,24,quarter,frontier_trend,0.25,0.0,1.5,9.321969482565386,27.195130187978368
pretrained,wide_ratio,24,quarter,frontier_trend,0.25,0.5,0.5,1.6922042485625453,29.086593042431414
pretrained,wide_ratio,24,quarter,frontier_trend,0.25,0.5,1.0,1.6922042485625453,29.086593042431414
pretrained,wide_ratio,24,quarter,frontier_trend,0.25,0.5,1.5,1.6922042485625453,29.086593042431414
pretrained,wide_ratio,24,quarter,frontier_trend,0.25,1.0,0.5,0.1648284140401244,33.53608301688536
pretrained,wide_ratio,24,quarter,frontier_trend,0.25,1.0,1.0,0.1648284140401244,33.53608301688536
pretrained,wide_ratio,24,quarter,frontier_trend,0.25,1.0,1.5,0.1648284140401244,33.53608301688536
pretrained,wide_ratio,24,quarter,frontier_trend,0.5,0.0,0.5,9.321969482565386,27.195130187978368
pretrained,wide_ratio,24,quarter,frontier_trend,0.5,0.0,1.0,9.321969482565386,27.195130187978368
pretrained,wide_ratio,24,quarter,frontier_trend,0.5,0.0,1.5,9.321969482565386,27.195130187978368
pretrained,wide_ratio,24,quarter,frontier_trend,0.5,0.5,0.5,1.6922042485625453,29.086593042431414
pretrained,wide_ratio,24,quarter,frontier_trend,0.5,0.5,1.0,1.6922042485625453,29.086593042431414
pretrained,wide_ratio,24,quarter,frontier_trend,0.5,0.5,1.5,1.6922042485625453,29.086593042431414
pretrained,wide_ratio,24,quarter,frontier_trend,0.5,1.0,0.5,0.1648284140401244,33.53608301688536
pretrained,wide_ratio,24,quarter,frontier_trend,0.5,1.0,1.0,0.1648284140401244,33.53608301688536
pretrained,wide_ratio,24,quarter,frontier_trend,0.5,1.0,1.5,0.1648284140401244,33.53608301688536
pretrained,wide_ratio,24,quarter,frontier_trend,0.75,0.0,0.5,9.321969482565386,27.195130187978368
pretrained,wide_ratio,24,quarter,frontier_trend,0.75,0.0,1.0,9.321969482565386,27.195130187978368
pretrained,wide_ratio,24,quarter,frontier_trend,0.75,0.0,1.5,9.321969482565386,27.195130187978368
pretrained,wide_ratio,24,quarter,frontier_trend,0.75,0.5,0.5,1.6922042485625453,29.086593042431414
pretrained,wide_ratio,24,quarter,frontier_trend,0.75,0.5,1.0,1.6922042485625453,29.086593042431414
pretrained,wide_ratio,24,quarter,frontier_trend,0.75,0.5,1.5,1.6922042485625453,29.086593042431414
pretrained,wide_ratio,24,quarter,frontier_trend,0.75,1.0,0.5,0.1648284140401244,33.53608301688536
pretrained,wide_ratio,24,quarter,frontier_trend,0.75,1.0,1.0,0.1648284140401244,33.53608301688536
pretrained,wide_ratio,24,quarter,frontier_trend,0.75,1.0,1.5,0.1648284140401244,33.53608301688536
pretrained,wide_ratio,24,quarter,quantile_resource,0.25,0.0,0.5,9.540379414330467,27.792575563252228
pretrained,wide_ratio,24,quarter,quantile_resource,0.25,0.0,1.0,9.763357245894708,28.398027263475278
pretrained,wide_ratio,24,quarter,quantile_resource,0.25,0.0,1.5,9.990972566802794,29.011369898629763
pretrained,wide_ratio,24,quarter,quantile_resource,0.25,0.5,0.5,13.804701054115073,42.871244886653884
pretrained,wide_ratio,24,quarter,quantile_resource,0.25,0.5,1.0,14.214814913210756,43.60030275960937
pretrained,wide_ratio,24,quarter,quantile_resource,0.25,0.5,1.5,14.615474946838244,44.33214557150476
pretrained,wide_ratio,24,quarter,quantile_resource,0.25,1.0,0.5,12.121159010253233,62.891998081066
pretrained,wide_ratio,24,quarter,quantile_resource,0.25,1.0,1.0,12.48406815715446,63.48553511856623
pretrained,wide_ratio,24,quarter,quantile_resource,0.25,1.0,1.5,12.82519272022668,64.07499855482789
pretrained,wide_ratio,24,quarter,quantile_resource,0.5,0.0,0.5,9.763357245894708,28.398027263475278
pretrained,wide_ratio,24,quarter,quantile_resource,0.5,0.0,1.0,10.223294792870902,29.63247786948729
pretrained,wide_ratio,24,quarter,quantile_resource,0.5,0.0,1.5,10.702336330524874,30.897436063248513
pretrained,wide_ratio,24,quarter,quantile_resource,0.5,0.5,0.5,14.214814913210756,43.60030275960937
pretrained,wide_ratio,24,quarter,quantile_resource,0.5,0.5,1.0,15.00495527850257,45.06646390234998
pretrained,wide_ratio,24,quarter,quantile_resource,0.5,0.5,1.5,15.809536233588636,46.54126844128725
pretrained,wide_ratio,24,quarter,quantile_resource,0.5,1.0,0.5,12.48406815715446,63.48553511856623
pretrained,wide_ratio,24,quarter,quantile_resource,0.5,1.0,1.0,13.174239904553085,64.66024030682411
pretrained,wide_ratio,24,quarter,quantile_resource,0.5,1.0,1.5,13.89652797219921,65.81749075721794
pretrained,wide_ratio,24,quarter,quantile_resource,0.75,0.0,0.5,9.990972566802794,29.011369898629763
pretrained,wide_ratio,24,quarter,quantile_resource,0.75,0.0,1.0,10.702336330524874,30.897436063248513
pretrained,wide_ratio,24,quarter,quantile_resource,0.75,0.0,1.5,11.476275260919296,32.849382167698124
pretrained,wide_ratio,24,quarter,quantile_resource,0.75,0.5,0.5,14.615474946838244,44.33214557150476
pretrained,wide_ratio,24,quarter,quantile_resource,0.75,0.5,1.0,15.809536233588636,46.54126844128725
pretrained,wide_ratio,24,quarter,quantile_resource,0.75,0.5,1.5,17.08167896301448,48.76408717021828
pretrained,wide_ratio,24,quarter,quantile_resource,0.75,1.0,0.5,12.82519272022668,64.07499855482789
pretrained,wide_ratio,24,quarter,quantile_resource,0.75,1.0,1.0,13.89652797219921,65.81749075721794
pretrained,wide_ratio,24,quarter,quantile_resource,0.75,1.0,1.5,15.041960606929239,67.51828570262042
pretrained,wide_ratio,24,quarter,mean_resource,0.25,0.0,0.5,9.506082163906639,27.76006310839148
pretrained,wide_ratio,24,quarter,mean_resource,0.25,0.0,1.0,9.693444214693868,28.33216548074133
pretrained,wide_ratio,24,quarter,mean_resource,0.25,0.0,1.5,9.88409755475096,28.911340329848155
pretrained,wide_ratio,24,quarter,mean_resource,0.25,0.5,0.5,16.22821364761564,46.61181942440202
pretrained,wide_ratio,24,quarter,mean_resource,0.25,0.5,1.0,16.527127770719872,47.31347897347436
pretrained,wide_ratio,24,quarter,mean_resource,0.25,0.5,1.5,16.830451206504932,48.01620251444833
pretrained,wide_ratio,24,quarter,mean_resource,0.25,1.0,0.5,24.17734733523505,69.19167787820155
pretrained,wide_ratio,24,quarter,mean_resource,0.25,1.0,1.0,24.603249639953287,69.65246201841308
pretrained,wide_ratio,24,quarter,mean_resource,0.25,1.0,1.5,25.034192845894403,70.10931647199357
pretrained,wide_ratio,24,quarter,mean_resource,0.5,0.0,0.5,9.693444214693868,28.33216548074133
pretrained,wide_ratio,24,quarter,mean_resource,0.5,0.0,1.0,10.078084025578407,29.497482511056727
pretrained,wide_ratio,24,quarter,mean_resource,0.5,0.0,1.5,10.476223154485872,30.690207191453585
pretrained,wide_ratio,24,quarter,mean_resource,0.5,0.5,0.5,16.527127770719872,47.31347897347436
pretrained,wide_ratio,24,quarter,mean_resource,0.5,0.5,1.0,17.138208533282214,48.719712860820174
pretrained,wide_ratio,24,quarter,mean_resource,0.5,0.5,1.5,17.767116021538474,50.12797942408254
pretrained,wide_ratio,24,quarter,mean_resource,0.5,1.0,0.5,24.603249639953287,69.65246201841308
pretrained,wide_ratio,24,quarter,mean_resource,0.5,1.0,1.0,25.470150426030013,70.6055176244136
pretrained,wide_ratio,24,quarter,mean_resource,0.5,1.0,1.5,26.3569859514425,71.89019418997219
pretrained,wide_ratio,24,quarter,mean_resource,0.75,0.0,0.5,9.88409755475096,28.911340329848155
pretrained,wide_ratio,24,quarter,mean_resource,0.75,0.0,1.0,10.476223154485872,30.690207191453585
pretrained,wide_ratio,24,quarter,mean_resource,0.75,0.0,1.5,11.09946847420911,32.52844729769059
pretrained,wide_ratio,24,quarter,mean_resource,0.75,0.5,0.5,16.830451206504932,48.01620251444833
pretrained,wide_ratio,24,quarter,mean_resource,0.75,0.5,1.0,17.767116021538474,50.12797942408254
pretrained,wide_ratio,24,quarter,mean_resource,0.75,0.5,1.5,18.744261151224492,52.19423573154019
pretrained,wide_ratio,24,quarter,mean_resource,0.75,1.0,0.5,25.034192845894403,70.10931647199357
pretrained,wide_ratio,24,quarter,mean_resource,0.75,1.0,1.0,26.3569859514425,71.89019418997219
pretrained,wide_ratio,24,quarter,mean_resource,0.75,1.0,1.5,27.723990420001698,73.75165340232132
pretrained,wide_ratio,24,stopped,constant,0.25,0.0,0.5,9.321969482565386,27.195130187978368
pretrained,wide_ratio,24,stopped,constant,0.25,0.0,1.0,9.321969482565386,27.195130187978368
pretrained,wide_ratio,24,stopped,constant,0.25,0.0,1.5,9.321969482565386,27.195130187978368
pretrained,wide_ratio,24,stopped,constant,0.25,0.5,0.5,9.321969482565386,27.195130187978368
pretrained,wide_ratio,24,stopped,constant,0.25,0.5,1.0,9.321969482565386,27.195130187978368
pretrained,wide_ratio,24,stopped,constant,0.25,0.5,1.5,9.321969482565386,27.195130187978368
pretrained,wide_ratio,24,stopped,constant,0.25,1.0,0.5,9.321969482565386,27.195130187978368
pretrained,wide_ratio,24,stopped,constant,0.25,1.0,1.0,9.321969482565386,27.195130187978368
pretrained,wide_ratio,24,stopped,constant,0.25,1.0,1.5,9.321969482565386,27.195130187978368
pretrained,wide_ratio,24,stopped,constant,0.5,0.0,0.5,9.321969482565386,27.195130187978368
pretrained,wide_ratio,24,stopped,constant,0.5,0.0,1.0,9.321969482565386,27.195130187978368
pretrained,wide_ratio,24,stopped,constant,0.5,0.0,1.5,9.321969482565386,27.195130187978368
pretrained,wide_ratio,24,stopped,constant,0.5,0.5,0.5,9.321969482565386,27.195130187978368
pretrained,wide_ratio,24,stopped,constant,0.5,0.5,1.0,9.321969482565386,27.195130187978368
pretrained,wide_ratio,24,stopped,constant,0.5,0.5,1.5,9.321969482565386,27.195130187978368
pretrained,wide_ratio,24,stopped,constant,0.5,1.0,0.5,9.321969482565386,27.195130187978368
pretrained,wide_ratio,24,stopped,constant,0.5,1.0,1.0,9.321969482565386,27.195130187978368
pretrained,wide_ratio,24,stopped,constant,0.5,1.0,1.5,9.321969482565386,27.195130187978368
pretrained,wide_ratio,24,stopped,constant,0.75,0.0,0.5,9.321969482565386,27.195130187978368
pretrained,wide_ratio,24,stopped,constant,0.75,0.0,1.0,9.321969482565386,27.195130187978368
pretrained,wide_ratio,24,stopped,constant,0.75,0.0,1.5,9.321969482565386,27.195130187978368
pretrained,wide_ratio,24,stopped,constant,0.75,0.5,0.5,9.321969482565386,27.195130187978368
pretrained,wide_ratio,24,stopped,constant,0.75,0.5,1.0,9.321969482565386,27.195130187978368
pretrained,wide_ratio,24,stopped,constant,0.75,0.5,1.5,9.321969482565386,27.195130187978368
pretrained,wide_ratio,24,stopped,constant,0.75,1.0,0.5,9.321969482565386,27.195130187978368
pretrained,wide_ratio,24,stopped,constant,0.75,1.0,1.0,9.321969482565386,27.195130187978368
pretrained,wide_ratio,24,stopped,constant,0.75,1.0,1.5,9.321969482565386,27.195130187978368
pretrained,wide_ratio,24,stopped,frontier_trend,0.25,0.0,0.5,9.321969482565386,27.195130187978368
pretrained,wide_ratio,24,stopped,frontier_trend,0.25,0.0,1.0,9.321969482565386,27.195130187978368
pretrained,wide_ratio,24,stopped,frontier_trend,0.25,0.0,1.5,9.321969482565386,27.195130187978368
pretrained,wide_ratio,24,stopped,frontier_trend,0.25,0.5,0.5,1.6922042485625453,29.086593042431414
pretrained,wide_ratio,24,stopped,frontier_trend,0.25,0.5,1.0,1.6922042485625453,29.086593042431414
pretrained,wide_ratio,24,stopped,frontier_trend,0.25,0.5,1.5,1.6922042485625453,29.086593042431414
pretrained,wide_ratio,24,stopped,frontier_trend,0.25,1.0,0.5,0.1648284140401244,33.53608301688536
pretrained,wide_ratio,24,stopped,frontier_trend,0.25,1.0,1.0,0.1648284140401244,33.53608301688536
pretrained,wide_ratio,24,stopped,frontier_trend,0.25,1.0,1.5,0.1648284140401244,33.53608301688536
pretrained,wide_ratio,24,stopped,frontier_trend,0.5,0.0,0.5,9.321969482565386,27.195130187978368
pretrained,wide_ratio,24,stopped,frontier_trend,0.5,0.0,1.0,9.321969482565386,27.195130187978368
pretrained,wide_ratio,24,stopped,frontier_trend,0.5,0.0,1.5,9.321969482565386,27.195130187978368
pretrained,wide_ratio,24,stopped,frontier_trend,0.5,0.5,0.5,1.6922042485625453,29.086593042431414
pretrained,wide_ratio,24,stopped,frontier_trend,0.5,0.5,1.0,1.6922042485625453,29.086593042431414
pretrained,wide_ratio,24,stopped,frontier_trend,0.5,0.5,1.5,1.6922042485625453,29.086593042431414
pretrained,wide_ratio,24,stopped,frontier_trend,0.5,1.0,0.5,0.1648284140401244,33.53608301688536
pretrained,wide_ratio,24,stopped,frontier_trend,0.5,1.0,1.0,0.1648284140401244,33.53608301688536
pretrained,wide_ratio,24,stopped,frontier_trend,0.5,1.0,1.5,0.1648284140401244,33.53608301688536
pretrained,wide_ratio,24,stopped,frontier_trend,0.75,0.0,0.5,9.321969482565386,27.195130187978368
pretrained,wide_ratio,24,stopped,frontier_trend,0.75,0.0,1.0,9.321969482565386,27.195130187978368
pretrained,wide_ratio,24,stopped,frontier_trend,0.75,0.0,1.5,9.321969482565386,27.195130187978368
pretrained,wide_ratio,24,stopped,frontier_trend,0.75,0.5,0.5,1.6922042485625453,29.086593042431414
pretrained,wide_ratio,24,stopped,frontier_trend,0.75,0.5,1.0,1.6922042485625453,29.086593042431414
pretrained,wide_ratio,24,stopped,frontier_trend,0.75,0.5,1.5,1.6922042485625453,29.086593042431414
pretrained,wide_ratio,24,stopped,frontier_trend,0.75,1.0,0.5,0.1648284140401244,33.53608301688536
pretrained,wide_ratio,24,stopped,frontier_trend,0.75,1.0,1.0,0.1648284140401244,33.53608301688536
pretrained,wide_ratio,24,stopped,frontier_trend,0.75,1.0,1.5,0.1648284140401244,33.53608301688536
pretrained,wide_ratio,24,stopped,quantile_resource,0.25,0.0,0.5,9.321969482565386,27.195130187978368
pretrained,wide_ratio,24,stopped,quantile_resource,0.25,0.0,1.0,9.321969482565386,27.195130187978368
pretrained,wide_ratio,24,stopped,quantile_resource,0.25,0.0,1.5,9.321969482565386,27.195130187978368
pretrained,wide_ratio,24,stopped,quantile_resource,0.25,0.5,0.5,13.404570183771963,42.14527655571139
pretrained,wide_ratio,24,stopped,quantile_resource,0.25,0.5,1.0,13.404570183771963,42.14527655571139
pretrained,wide_ratio,24,stopped,quantile_resource,0.25,0.5,1.5,13.404570183771963,42.14527655571139
pretrained,wide_ratio,24,stopped,quantile_resource,0.25,1.0,0.5,11.763171476590735,62.294540252332375
pretrained,wide_ratio,24,stopped,quantile_resource,0.25,1.0,1.0,11.763171476590735,62.294540252332375
pretrained,wide_ratio,24,stopped,quantile_resource,0.25,1.0,1.5,11.763171476590735,62.294540252332375
pretrained,wide_ratio,24,stopped,quantile_resource,0.5,0.0,0.5,9.321969482565386,27.195130187978368
pretrained,wide_ratio,24,stopped,quantile_resource,0.5,0.0,1.0,9.321969482565386,27.195130187978368
pretrained,wide_ratio,24,stopped,quantile_resource,0.5,0.0,1.5,9.321969482565386,27.195130187978368
pretrained,wide_ratio,24,stopped,quantile_resource,0.5,0.5,0.5,13.404570183771963,42.14527655571139
pretrained,wide_ratio,24,stopped,quantile_resource,0.5,0.5,1.0,13.404570183771963,42.14527655571139
pretrained,wide_ratio,24,stopped,quantile_resource,0.5,0.5,1.5,13.404570183771963,42.14527655571139
pretrained,wide_ratio,24,stopped,quantile_resource,0.5,1.0,0.5,11.763171476590735,62.294540252332375
pretrained,wide_ratio,24,stopped,quantile_resource,0.5,1.0,1.0,11.763171476590735,62.294540252332375
pretrained,wide_ratio,24,stopped,quantile_resource,0.5,1.0,1.5,11.763171476590735,62.294540252332375
pretrained,wide_ratio,24,stopped,quantile_resource,0.75,0.0,0.5,9.321969482565386,27.195130187978368
pretrained,wide_ratio,24,stopped,quantile_resource,0.75,0.0,1.0,9.321969482565386,27.195130187978368
pretrained,wide_ratio,24,stopped,quantile_resource,0.75,0.0,1.5,9.321969482565386,27.195130187978368
pretrained,wide_ratio,24,stopped,quantile_resource,0.75,0.5,0.5,13.404570183771963,42.14527655571139
pretrained,wide_ratio,24,stopped,quantile_resource,0.75,0.5,1.0,13.404570183771963,42.14527655571139
pretrained,wide_ratio,24,stopped,quantile_resource,0.75,0.5,1.5,13.404570183771963,42.14527655571139
pretrained,wide_ratio,24,stopped,quantile_resource,0.75,1.0,0.5,11.763171476590735,62.294540252332375
pretrained,wide_ratio,24,stopped,quantile_resource,0.75,1.0,1.0,11.763171476590735,62.294540252332375
pretrained,wide_ratio,24,stopped,quantile_resource,0.75,1.0,1.5,11.763171476590735,62.294540252332375
pretrained,wide_ratio,24,stopped,mean_resource,0.25,0.0,0.5,9.321969482565386,27.195130187978368
pretrained,wide_ratio,24,stopped,mean_resource,0.25,0.0,1.0,9.321969482565386,27.195130187978368
pretrained,wide_ratio,24,stopped,mean_resource,0.25,0.0,1.5,9.321969482565386,27.195130187978368
pretrained,wide_ratio,24,stopped,mean_resource,0.25,0.5,0.5,15.933682899380509,45.91149936957547
pretrained,wide_ratio,24,stopped,mean_resource,0.25,0.5,1.0,15.933682899380509,45.91149936957547
pretrained,wide_ratio,24,stopped,mean_resource,0.25,0.5,1.5,15.933682899380509,45.91149936957547
pretrained,wide_ratio,24,stopped,mean_resource,0.25,1.0,0.5,23.756509191709387,68.72702355652756
pretrained,wide_ratio,24,stopped,mean_resource,0.25,1.0,1.0,23.756509191709387,68.72702355652756
pretrained,wide_ratio,24,stopped,mean_resource,0.25,1.0,1.5,23.756509191709387,68.72702355652756
pretrained,wide_ratio,24,stopped,mean_resource,0.5,0.0,0.5,9.321969482565386,27.195130187978368
pretrained,wide_ratio,24,stopped,mean_resource,0.5,0.0,1.0,9.321969482565386,27.195130187978368
pretrained,wide_ratio,24,stopped,mean_resource,0.5,0.0,1.5,9.321969482565386,27.195130187978368
pretrained,wide_ratio,24,stopped,mean_resource,0.5,0.5,0.5,15.933682899380509,45.91149936957547
pretrained,wide_ratio,24,stopped,mean_resource,0.5,0.5,1.0,15.933682899380509,45.91149936957547
pretrained,wide_ratio,24,stopped,mean_resource,0.5,0.5,1.5,15.933682899380509,45.91149936957547
pretrained,wide_ratio,24,stopped,mean_resource,0.5,1.0,0.5,23.756509191709387,68.72702355652756
pretrained,wide_ratio,24,stopped,mean_resource,0.5,1.0,1.0,23.756509191709387,68.72702355652756
pretrained,wide_ratio,24,stopped,mean_resource,0.5,1.0,1.5,23.756509191709387,68.72702355652756
pretrained,wide_ratio,24,stopped,mean_resource,0.75,0.0,0.5,9.321969482565386,27.195130187978368
pretrained,wide_ratio,24,stopped,mean_resource,0.75,0.0,1.0,9.321969482565386,27.195130187978368
pretrained,wide_ratio,24,stopped,mean_resource,0.75,0.0,1.5,9.321969482565386,27.195130187978368
pretrained,wide_ratio,24,stopped,mean_resource,0.75,0.5,0.5,15.933682899380509,45.91149936957547
pretrained,wide_ratio,24,stopped,mean_resource,0.75,0.5,1.0,15.933682899380509,45.91149936957547
pretrained,wide_ratio,24,stopped,mean_resource,0.75,0.5,1.5,15.933682899380509,45.91149936957547
pretrained,wide_ratio,24,stopped,mean_resource,0.75,1.0,0.5,23.756509191709387,68.72702355652756
pretrained,wide_ratio,24,stopped,mean_resource,0.75,1.0,1.0,23.756509191709387,68.72702355652756
pretrained,wide_ratio,24,stopped,mean_resource,0.75,1.0,1.5,23.756509191709387,68.72702355652756
