coordinate_id,policy_mode,budget_FLOPs,context_tokens,coordinate_scale_assumed,coordinate_offset_assumed,upstream_loss_stress_delta_assumed,feasible_policies,all_feasible_policies_supported,best_quality_families,unique_winner,policy_score_spread
Gemma2 report,fixed_recipe,1e+19,2048,0.9,-0.1,-0.05,2,False,,,
Gemma2 report,fixed_recipe,1e+19,2048,0.9,-0.1,0.0,2,False,,,
Gemma2 report,fixed_recipe,1e+19,2048,0.9,-0.1,0.05,2,False,,,
Gemma2 report,fixed_recipe,1e+19,2048,0.9,0.0,-0.05,2,False,,,
Gemma2 report,fixed_recipe,1e+19,2048,0.9,0.0,0.0,2,False,,,
Gemma2 report,fixed_recipe,1e+19,2048,0.9,0.0,0.05,2,False,,,
Gemma2 report,fixed_recipe,1e+19,2048,0.9,0.1,-0.05,2,False,,,
Gemma2 report,fixed_recipe,1e+19,2048,0.9,0.1,0.0,2,False,,,
Gemma2 report,fixed_recipe,1e+19,2048,0.9,0.1,0.05,2,False,,,
Gemma2 report,fixed_recipe,1e+19,2048,1.0,-0.1,-0.05,2,False,,,
Gemma2 report,fixed_recipe,1e+19,2048,1.0,-0.1,0.0,2,False,,,
Gemma2 report,fixed_recipe,1e+19,2048,1.0,-0.1,0.05,2,False,,,
Gemma2 report,fixed_recipe,1e+19,2048,1.0,0.0,-0.05,2,False,,,
Gemma2 report,fixed_recipe,1e+19,2048,1.0,0.0,0.0,2,False,,,
Gemma2 report,fixed_recipe,1e+19,2048,1.0,0.0,0.05,2,False,,,
Gemma2 report,fixed_recipe,1e+19,2048,1.0,0.1,-0.05,2,False,,,
Gemma2 report,fixed_recipe,1e+19,2048,1.0,0.1,0.0,2,False,,,
Gemma2 report,fixed_recipe,1e+19,2048,1.0,0.1,0.05,2,False,,,
Gemma2 report,fixed_recipe,1e+19,2048,1.1,-0.1,-0.05,2,False,,,
Gemma2 report,fixed_recipe,1e+19,2048,1.1,-0.1,0.0,2,False,,,
Gemma2 report,fixed_recipe,1e+19,2048,1.1,-0.1,0.05,2,False,,,
Gemma2 report,fixed_recipe,1e+19,2048,1.1,0.0,-0.05,2,False,,,
Gemma2 report,fixed_recipe,1e+19,2048,1.1,0.0,0.0,2,False,,,
Gemma2 report,fixed_recipe,1e+19,2048,1.1,0.0,0.05,2,False,,,
Gemma2 report,fixed_recipe,1e+19,2048,1.1,0.1,-0.05,2,False,,,
Gemma2 report,fixed_recipe,1e+19,2048,1.1,0.1,0.0,2,False,,,
Gemma2 report,fixed_recipe,1e+19,2048,1.1,0.1,0.05,2,False,,,
Gemma2 report,fixed_recipe,1e+19,8192,0.9,-0.1,-0.05,1,False,,,
Gemma2 report,fixed_recipe,1e+19,8192,0.9,-0.1,0.0,1,False,,,
Gemma2 report,fixed_recipe,1e+19,8192,0.9,-0.1,0.05,1,False,,,
Gemma2 report,fixed_recipe,1e+19,8192,0.9,0.0,-0.05,1,False,,,
Gemma2 report,fixed_recipe,1e+19,8192,0.9,0.0,0.0,1,False,,,
Gemma2 report,fixed_recipe,1e+19,8192,0.9,0.0,0.05,1,False,,,
Gemma2 report,fixed_recipe,1e+19,8192,0.9,0.1,-0.05,1,False,,,
Gemma2 report,fixed_recipe,1e+19,8192,0.9,0.1,0.0,1,False,,,
Gemma2 report,fixed_recipe,1e+19,8192,0.9,0.1,0.05,1,False,,,
Gemma2 report,fixed_recipe,1e+19,8192,1.0,-0.1,-0.05,1,False,,,
Gemma2 report,fixed_recipe,1e+19,8192,1.0,-0.1,0.0,1,False,,,
Gemma2 report,fixed_recipe,1e+19,8192,1.0,-0.1,0.05,1,False,,,
Gemma2 report,fixed_recipe,1e+19,8192,1.0,0.0,-0.05,1,False,,,
Gemma2 report,fixed_recipe,1e+19,8192,1.0,0.0,0.0,1,False,,,
Gemma2 report,fixed_recipe,1e+19,8192,1.0,0.0,0.05,1,False,,,
Gemma2 report,fixed_recipe,1e+19,8192,1.0,0.1,-0.05,1,False,,,
Gemma2 report,fixed_recipe,1e+19,8192,1.0,0.1,0.0,1,False,,,
Gemma2 report,fixed_recipe,1e+19,8192,1.0,0.1,0.05,1,False,,,
Gemma2 report,fixed_recipe,1e+19,8192,1.1,-0.1,-0.05,1,False,,,
Gemma2 report,fixed_recipe,1e+19,8192,1.1,-0.1,0.0,1,False,,,
Gemma2 report,fixed_recipe,1e+19,8192,1.1,-0.1,0.05,1,False,,,
Gemma2 report,fixed_recipe,1e+19,8192,1.1,0.0,-0.05,1,False,,,
Gemma2 report,fixed_recipe,1e+19,8192,1.1,0.0,0.0,1,False,,,
Gemma2 report,fixed_recipe,1e+19,8192,1.1,0.0,0.05,1,False,,,
Gemma2 report,fixed_recipe,1e+19,8192,1.1,0.1,-0.05,1,False,,,
Gemma2 report,fixed_recipe,1e+19,8192,1.1,0.1,0.0,1,False,,,
Gemma2 report,fixed_recipe,1e+19,8192,1.1,0.1,0.05,1,False,,,
Gemma2 report,fixed_recipe,1e+19,131072,0.9,-0.1,-0.05,0,False,,,
Gemma2 report,fixed_recipe,1e+19,131072,0.9,-0.1,0.0,0,False,,,
Gemma2 report,fixed_recipe,1e+19,131072,0.9,-0.1,0.05,0,False,,,
Gemma2 report,fixed_recipe,1e+19,131072,0.9,0.0,-0.05,0,False,,,
Gemma2 report,fixed_recipe,1e+19,131072,0.9,0.0,0.0,0,False,,,
Gemma2 report,fixed_recipe,1e+19,131072,0.9,0.0,0.05,0,False,,,
Gemma2 report,fixed_recipe,1e+19,131072,0.9,0.1,-0.05,0,False,,,
Gemma2 report,fixed_recipe,1e+19,131072,0.9,0.1,0.0,0,False,,,
Gemma2 report,fixed_recipe,1e+19,131072,0.9,0.1,0.05,0,False,,,
Gemma2 report,fixed_recipe,1e+19,131072,1.0,-0.1,-0.05,0,False,,,
Gemma2 report,fixed_recipe,1e+19,131072,1.0,-0.1,0.0,0,False,,,
Gemma2 report,fixed_recipe,1e+19,131072,1.0,-0.1,0.05,0,False,,,
Gemma2 report,fixed_recipe,1e+19,131072,1.0,0.0,-0.05,0,False,,,
Gemma2 report,fixed_recipe,1e+19,131072,1.0,0.0,0.0,0,False,,,
Gemma2 report,fixed_recipe,1e+19,131072,1.0,0.0,0.05,0,False,,,
Gemma2 report,fixed_recipe,1e+19,131072,1.0,0.1,-0.05,0,False,,,
Gemma2 report,fixed_recipe,1e+19,131072,1.0,0.1,0.0,0,False,,,
Gemma2 report,fixed_recipe,1e+19,131072,1.0,0.1,0.05,0,False,,,
Gemma2 report,fixed_recipe,1e+19,131072,1.1,-0.1,-0.05,0,False,,,
Gemma2 report,fixed_recipe,1e+19,131072,1.1,-0.1,0.0,0,False,,,
Gemma2 report,fixed_recipe,1e+19,131072,1.1,-0.1,0.05,0,False,,,
Gemma2 report,fixed_recipe,1e+19,131072,1.1,0.0,-0.05,0,False,,,
Gemma2 report,fixed_recipe,1e+19,131072,1.1,0.0,0.0,0,False,,,
Gemma2 report,fixed_recipe,1e+19,131072,1.1,0.0,0.05,0,False,,,
Gemma2 report,fixed_recipe,1e+19,131072,1.1,0.1,-0.05,0,False,,,
Gemma2 report,fixed_recipe,1e+19,131072,1.1,0.1,0.0,0,False,,,
Gemma2 report,fixed_recipe,1e+19,131072,1.1,0.1,0.05,0,False,,,
Gemma2 report,fixed_recipe,1e+20,2048,0.9,-0.1,-0.05,3,False,,,
Gemma2 report,fixed_recipe,1e+20,2048,0.9,-0.1,0.0,3,False,,,
Gemma2 report,fixed_recipe,1e+20,2048,0.9,-0.1,0.05,3,False,,,
Gemma2 report,fixed_recipe,1e+20,2048,0.9,0.0,-0.05,3,False,,,
Gemma2 report,fixed_recipe,1e+20,2048,0.9,0.0,0.0,3,False,,,
Gemma2 report,fixed_recipe,1e+20,2048,0.9,0.0,0.05,3,False,,,
Gemma2 report,fixed_recipe,1e+20,2048,0.9,0.1,-0.05,3,False,,,
Gemma2 report,fixed_recipe,1e+20,2048,0.9,0.1,0.0,3,False,,,
Gemma2 report,fixed_recipe,1e+20,2048,0.9,0.1,0.05,3,False,,,
Gemma2 report,fixed_recipe,1e+20,2048,1.0,-0.1,-0.05,3,False,,,
Gemma2 report,fixed_recipe,1e+20,2048,1.0,-0.1,0.0,3,False,,,
Gemma2 report,fixed_recipe,1e+20,2048,1.0,-0.1,0.05,3,False,,,
Gemma2 report,fixed_recipe,1e+20,2048,1.0,0.0,-0.05,3,False,,,
Gemma2 report,fixed_recipe,1e+20,2048,1.0,0.0,0.0,3,False,,,
Gemma2 report,fixed_recipe,1e+20,2048,1.0,0.0,0.05,3,False,,,
Gemma2 report,fixed_recipe,1e+20,2048,1.0,0.1,-0.05,3,False,,,
Gemma2 report,fixed_recipe,1e+20,2048,1.0,0.1,0.0,3,False,,,
Gemma2 report,fixed_recipe,1e+20,2048,1.0,0.1,0.05,3,False,,,
Gemma2 report,fixed_recipe,1e+20,2048,1.1,-0.1,-0.05,3,False,,,
Gemma2 report,fixed_recipe,1e+20,2048,1.1,-0.1,0.0,3,False,,,
Gemma2 report,fixed_recipe,1e+20,2048,1.1,-0.1,0.05,3,False,,,
Gemma2 report,fixed_recipe,1e+20,2048,1.1,0.0,-0.05,3,False,,,
Gemma2 report,fixed_recipe,1e+20,2048,1.1,0.0,0.0,3,False,,,
Gemma2 report,fixed_recipe,1e+20,2048,1.1,0.0,0.05,3,False,,,
Gemma2 report,fixed_recipe,1e+20,2048,1.1,0.1,-0.05,3,False,,,
Gemma2 report,fixed_recipe,1e+20,2048,1.1,0.1,0.0,3,False,,,
Gemma2 report,fixed_recipe,1e+20,2048,1.1,0.1,0.05,3,False,,,
Gemma2 report,fixed_recipe,1e+20,8192,0.9,-0.1,-0.05,3,False,,,
Gemma2 report,fixed_recipe,1e+20,8192,0.9,-0.1,0.0,3,False,,,
Gemma2 report,fixed_recipe,1e+20,8192,0.9,-0.1,0.05,3,False,,,
Gemma2 report,fixed_recipe,1e+20,8192,0.9,0.0,-0.05,3,False,,,
Gemma2 report,fixed_recipe,1e+20,8192,0.9,0.0,0.0,3,False,,,
Gemma2 report,fixed_recipe,1e+20,8192,0.9,0.0,0.05,3,False,,,
Gemma2 report,fixed_recipe,1e+20,8192,0.9,0.1,-0.05,3,False,,,
Gemma2 report,fixed_recipe,1e+20,8192,0.9,0.1,0.0,3,False,,,
Gemma2 report,fixed_recipe,1e+20,8192,0.9,0.1,0.05,3,False,,,
Gemma2 report,fixed_recipe,1e+20,8192,1.0,-0.1,-0.05,3,False,,,
Gemma2 report,fixed_recipe,1e+20,8192,1.0,-0.1,0.0,3,False,,,
Gemma2 report,fixed_recipe,1e+20,8192,1.0,-0.1,0.05,3,False,,,
Gemma2 report,fixed_recipe,1e+20,8192,1.0,0.0,-0.05,3,False,,,
Gemma2 report,fixed_recipe,1e+20,8192,1.0,0.0,0.0,3,False,,,
Gemma2 report,fixed_recipe,1e+20,8192,1.0,0.0,0.05,3,False,,,
Gemma2 report,fixed_recipe,1e+20,8192,1.0,0.1,-0.05,3,False,,,
Gemma2 report,fixed_recipe,1e+20,8192,1.0,0.1,0.0,3,False,,,
Gemma2 report,fixed_recipe,1e+20,8192,1.0,0.1,0.05,3,False,,,
Gemma2 report,fixed_recipe,1e+20,8192,1.1,-0.1,-0.05,3,False,,,
Gemma2 report,fixed_recipe,1e+20,8192,1.1,-0.1,0.0,3,False,,,
Gemma2 report,fixed_recipe,1e+20,8192,1.1,-0.1,0.05,3,False,,,
Gemma2 report,fixed_recipe,1e+20,8192,1.1,0.0,-0.05,3,False,,,
Gemma2 report,fixed_recipe,1e+20,8192,1.1,0.0,0.0,3,False,,,
Gemma2 report,fixed_recipe,1e+20,8192,1.1,0.0,0.05,3,False,,,
Gemma2 report,fixed_recipe,1e+20,8192,1.1,0.1,-0.05,3,False,,,
Gemma2 report,fixed_recipe,1e+20,8192,1.1,0.1,0.0,3,False,,,
Gemma2 report,fixed_recipe,1e+20,8192,1.1,0.1,0.05,3,False,,,
Gemma2 report,fixed_recipe,1e+20,131072,0.9,-0.1,-0.05,3,False,,,
Gemma2 report,fixed_recipe,1e+20,131072,0.9,-0.1,0.0,3,False,,,
Gemma2 report,fixed_recipe,1e+20,131072,0.9,-0.1,0.05,3,False,,,
Gemma2 report,fixed_recipe,1e+20,131072,0.9,0.0,-0.05,3,False,,,
Gemma2 report,fixed_recipe,1e+20,131072,0.9,0.0,0.0,3,False,,,
Gemma2 report,fixed_recipe,1e+20,131072,0.9,0.0,0.05,3,False,,,
Gemma2 report,fixed_recipe,1e+20,131072,0.9,0.1,-0.05,3,False,,,
Gemma2 report,fixed_recipe,1e+20,131072,0.9,0.1,0.0,3,False,,,
Gemma2 report,fixed_recipe,1e+20,131072,0.9,0.1,0.05,3,False,,,
Gemma2 report,fixed_recipe,1e+20,131072,1.0,-0.1,-0.05,3,False,,,
Gemma2 report,fixed_recipe,1e+20,131072,1.0,-0.1,0.0,3,False,,,
Gemma2 report,fixed_recipe,1e+20,131072,1.0,-0.1,0.05,3,False,,,
Gemma2 report,fixed_recipe,1e+20,131072,1.0,0.0,-0.05,3,False,,,
Gemma2 report,fixed_recipe,1e+20,131072,1.0,0.0,0.0,3,False,,,
Gemma2 report,fixed_recipe,1e+20,131072,1.0,0.0,0.05,3,False,,,
Gemma2 report,fixed_recipe,1e+20,131072,1.0,0.1,-0.05,3,False,,,
Gemma2 report,fixed_recipe,1e+20,131072,1.0,0.1,0.0,3,False,,,
Gemma2 report,fixed_recipe,1e+20,131072,1.0,0.1,0.05,3,False,,,
Gemma2 report,fixed_recipe,1e+20,131072,1.1,-0.1,-0.05,3,False,,,
Gemma2 report,fixed_recipe,1e+20,131072,1.1,-0.1,0.0,3,False,,,
Gemma2 report,fixed_recipe,1e+20,131072,1.1,-0.1,0.05,3,False,,,
Gemma2 report,fixed_recipe,1e+20,131072,1.1,0.0,-0.05,3,False,,,
Gemma2 report,fixed_recipe,1e+20,131072,1.1,0.0,0.0,3,False,,,
Gemma2 report,fixed_recipe,1e+20,131072,1.1,0.0,0.05,3,False,,,
Gemma2 report,fixed_recipe,1e+20,131072,1.1,0.1,-0.05,3,False,,,
Gemma2 report,fixed_recipe,1e+20,131072,1.1,0.1,0.0,3,False,,,
Gemma2 report,fixed_recipe,1e+20,131072,1.1,0.1,0.05,3,False,,,
Gemma2 report,fixed_recipe,1e+22,2048,0.9,-0.1,-0.05,3,False,,,
Gemma2 report,fixed_recipe,1e+22,2048,0.9,-0.1,0.0,3,False,,,
Gemma2 report,fixed_recipe,1e+22,2048,0.9,-0.1,0.05,3,False,,,
Gemma2 report,fixed_recipe,1e+22,2048,0.9,0.0,-0.05,3,False,,,
Gemma2 report,fixed_recipe,1e+22,2048,0.9,0.0,0.0,3,False,,,
Gemma2 report,fixed_recipe,1e+22,2048,0.9,0.0,0.05,3,False,,,
Gemma2 report,fixed_recipe,1e+22,2048,0.9,0.1,-0.05,3,False,,,
Gemma2 report,fixed_recipe,1e+22,2048,0.9,0.1,0.0,3,True,exponential,True,0.028345784158759102
Gemma2 report,fixed_recipe,1e+22,2048,0.9,0.1,0.05,3,True,exponential,True,0.027453322415340153
Gemma2 report,fixed_recipe,1e+22,2048,1.0,-0.1,-0.05,3,False,,,
Gemma2 report,fixed_recipe,1e+22,2048,1.0,-0.1,0.0,3,True,exponential,True,0.03132778847919582
Gemma2 report,fixed_recipe,1e+22,2048,1.0,-0.1,0.05,3,True,exponential,True,0.030191270616086285
Gemma2 report,fixed_recipe,1e+22,2048,1.0,0.0,-0.05,3,True,exponential,True,0.030191270616086285
Gemma2 report,fixed_recipe,1e+22,2048,1.0,0.0,0.0,3,True,exponential,True,0.02890707240004531
Gemma2 report,fixed_recipe,1e+22,2048,1.0,0.0,0.05,3,True,exponential,True,0.027505404617844675
Gemma2 report,fixed_recipe,1e+22,2048,1.0,0.1,-0.05,3,True,exponential,True,0.027505404617826912
Gemma2 report,fixed_recipe,1e+22,2048,1.0,0.1,0.0,3,True,exponential,True,0.026016826791270375
Gemma2 report,fixed_recipe,1e+22,2048,1.0,0.1,0.05,3,True,exponential,True,0.024471031601489557
Gemma2 report,fixed_recipe,1e+22,2048,1.1,-0.1,-0.05,3,True,exponential,True,0.030157983806056166
Gemma2 report,fixed_recipe,1e+22,2048,1.1,-0.1,0.0,3,True,exponential,True,0.028347667988043668
Gemma2 report,fixed_recipe,1e+22,2048,1.1,-0.1,0.05,3,True,exponential,True,0.0264673203128325
Gemma2 report,fixed_recipe,1e+22,2048,1.1,0.0,-0.05,3,True,exponential,True,0.02681255512547054
Gemma2 report,fixed_recipe,1e+22,2048,1.1,0.0,0.0,3,True,exponential,True,0.024904828178538452
Gemma2 report,fixed_recipe,1e+22,2048,1.1,0.0,0.05,3,True,exponential,True,0.022996455468543786
Gemma2 report,fixed_recipe,1e+22,2048,1.1,0.1,-0.05,3,True,exponential,True,0.02334199942299975
Gemma2 report,fixed_recipe,1e+22,2048,1.1,0.1,0.0,3,True,exponential,True,0.02145658410494633
Gemma2 report,fixed_recipe,1e+22,2048,1.1,0.1,0.05,3,False,,,
Gemma2 report,fixed_recipe,1e+22,8192,0.9,-0.1,-0.05,3,False,,,
Gemma2 report,fixed_recipe,1e+22,8192,0.9,-0.1,0.0,3,False,,,
Gemma2 report,fixed_recipe,1e+22,8192,0.9,-0.1,0.05,3,False,,,
Gemma2 report,fixed_recipe,1e+22,8192,0.9,0.0,-0.05,3,False,,,
Gemma2 report,fixed_recipe,1e+22,8192,0.9,0.0,0.0,3,False,,,
Gemma2 report,fixed_recipe,1e+22,8192,0.9,0.0,0.05,3,False,,,
Gemma2 report,fixed_recipe,1e+22,8192,0.9,0.1,-0.05,3,False,,,
Gemma2 report,fixed_recipe,1e+22,8192,0.9,0.1,0.0,3,True,exponential,True,0.026421915222869075
Gemma2 report,fixed_recipe,1e+22,8192,0.9,0.1,0.05,3,True,exponential,True,0.02555273366806432
Gemma2 report,fixed_recipe,1e+22,8192,1.0,-0.1,-0.05,3,False,,,
Gemma2 report,fixed_recipe,1e+22,8192,1.0,-0.1,0.0,3,True,exponential,True,0.029165934660412063
Gemma2 report,fixed_recipe,1e+22,8192,1.0,-0.1,0.05,3,True,exponential,True,0.028057705374003206
Gemma2 report,fixed_recipe,1e+22,8192,1.0,0.0,-0.05,3,True,exponential,True,0.0280577053739961
Gemma2 report,fixed_recipe,1e+22,8192,1.0,0.0,0.0,3,True,exponential,True,0.026818265127698027
Gemma2 report,fixed_recipe,1e+22,8192,1.0,0.0,0.05,3,True,exponential,True,0.02547621382010945
Gemma2 report,fixed_recipe,1e+22,8192,1.0,0.1,-0.05,3,True,exponential,True,0.025476213820105897
Gemma2 report,fixed_recipe,1e+22,8192,1.0,0.1,0.0,3,True,exponential,True,0.024060153876309442
Gemma2 report,fixed_recipe,1e+22,8192,1.0,0.1,0.05,3,True,exponential,True,0.02259759660349303
Gemma2 report,fixed_recipe,1e+22,8192,1.1,-0.1,-0.05,3,True,exponential,True,0.027889093266651344
Gemma2 report,fixed_recipe,1e+22,8192,1.1,-0.1,0.0,3,True,exponential,True,0.02616622896194798
Gemma2 report,fixed_recipe,1e+22,8192,1.1,-0.1,0.05,3,True,exponential,True,0.02438805890494322
Gemma2 report,fixed_recipe,1e+22,8192,1.1,0.0,-0.05,3,True,exponential,True,0.024713775487335
Gemma2 report,fixed_recipe,1e+22,8192,1.1,0.0,0.0,3,True,exponential,True,0.0229177099367206
Gemma2 report,fixed_recipe,1e+22,8192,1.1,0.0,0.05,3,True,exponential,True,0.021129468281042563
Gemma2 report,fixed_recipe,1e+22,8192,1.1,0.1,-0.05,3,True,exponential,True,0.021452690909050887
Gemma2 report,fixed_recipe,1e+22,8192,1.1,0.1,0.0,3,False,,,
Gemma2 report,fixed_recipe,1e+22,8192,1.1,0.1,0.05,3,False,,,
Gemma2 report,fixed_recipe,1e+22,131072,0.9,-0.1,-0.05,3,False,,,
Gemma2 report,fixed_recipe,1e+22,131072,0.9,-0.1,0.0,3,False,,,
Gemma2 report,fixed_recipe,1e+22,131072,0.9,-0.1,0.05,3,False,,,
Gemma2 report,fixed_recipe,1e+22,131072,0.9,0.0,-0.05,3,True,exponential,True,0.016049354393601334
Gemma2 report,fixed_recipe,1e+22,131072,0.9,0.0,0.0,3,True,exponential,True,0.015584813696271738
Gemma2 report,fixed_recipe,1e+22,131072,0.9,0.0,0.05,3,True,exponential,True,0.015051959206125787
Gemma2 report,fixed_recipe,1e+22,131072,0.9,0.1,-0.05,3,True,exponential,True,0.014925331169180822
Gemma2 report,fixed_recipe,1e+22,131072,0.9,0.1,0.0,3,True,exponential,True,0.014323526576713874
Gemma2 report,fixed_recipe,1e+22,131072,0.9,0.1,0.05,3,True,exponential,True,0.013677712558028077
Gemma2 report,fixed_recipe,1e+22,131072,1.0,-0.1,-0.05,3,True,exponential,True,0.016340896349944956
Gemma2 report,fixed_recipe,1e+22,131072,1.0,-0.1,0.0,3,True,exponential,True,0.015573086960838367
Gemma2 report,fixed_recipe,1e+22,131072,1.0,-0.1,0.05,3,True,exponential,True,0.01475235178547507
Gemma2 report,fixed_recipe,1e+22,131072,1.0,0.0,-0.05,3,True,exponential,True,0.01475235178547507
Gemma2 report,fixed_recipe,1e+22,131072,1.0,0.0,0.0,3,True,exponential,True,0.013895462489010413
Gemma2 report,fixed_recipe,1e+22,131072,1.0,0.0,0.05,3,True,exponential,True,0.013018276854197097
Gemma2 report,fixed_recipe,1e+22,131072,1.0,0.1,-0.05,3,True,exponential,True,0.013018276854204203
Gemma2 report,fixed_recipe,1e+22,131072,1.0,0.1,0.0,3,True,exponential,True,0.012135278070655175
Gemma2 report,fixed_recipe,1e+22,131072,1.0,0.1,0.05,3,True,exponential,True,0.011259255475490448
Gemma2 report,fixed_recipe,1e+22,131072,1.1,-0.1,-0.05,3,True,exponential,True,0.01399414385113218
Gemma2 report,fixed_recipe,1e+22,131072,1.1,-0.1,0.0,3,True,exponential,True,0.012927385938350966
Gemma2 report,fixed_recipe,1e+22,131072,1.1,-0.1,0.05,3,False,,,
Gemma2 report,fixed_recipe,1e+22,131072,1.1,0.0,-0.05,3,True,exponential,True,0.012065697246924856
Gemma2 report,fixed_recipe,1e+22,131072,1.1,0.0,0.0,3,False,,,
Gemma2 report,fixed_recipe,1e+22,131072,1.1,0.0,0.05,3,False,,,
Gemma2 report,fixed_recipe,1e+22,131072,1.1,0.1,-0.05,3,False,,,
Gemma2 report,fixed_recipe,1e+22,131072,1.1,0.1,0.0,3,False,,,
Gemma2 report,fixed_recipe,1e+22,131072,1.1,0.1,0.05,3,False,,,
Gemma2 report,fixed_recipe,1e+24,2048,0.9,-0.1,-0.05,3,False,,,
Gemma2 report,fixed_recipe,1e+24,2048,0.9,-0.1,0.0,3,False,,,
Gemma2 report,fixed_recipe,1e+24,2048,0.9,-0.1,0.05,3,False,,,
Gemma2 report,fixed_recipe,1e+24,2048,0.9,0.0,-0.05,3,False,,,
Gemma2 report,fixed_recipe,1e+24,2048,0.9,0.0,0.0,3,False,,,
Gemma2 report,fixed_recipe,1e+24,2048,0.9,0.0,0.05,3,False,,,
Gemma2 report,fixed_recipe,1e+24,2048,0.9,0.1,-0.05,3,False,,,
Gemma2 report,fixed_recipe,1e+24,2048,0.9,0.1,0.0,3,False,,,
Gemma2 report,fixed_recipe,1e+24,2048,0.9,0.1,0.05,3,True,exponential;power;logarithmic,False,0.0
Gemma2 report,fixed_recipe,1e+24,2048,1.0,-0.1,-0.05,3,False,,,
Gemma2 report,fixed_recipe,1e+24,2048,1.0,-0.1,0.0,3,False,,,
Gemma2 report,fixed_recipe,1e+24,2048,1.0,-0.1,0.05,3,True,exponential;power;logarithmic,False,0.0
Gemma2 report,fixed_recipe,1e+24,2048,1.0,0.0,-0.05,3,True,exponential;power;logarithmic,False,0.0
Gemma2 report,fixed_recipe,1e+24,2048,1.0,0.0,0.0,3,True,exponential;power;logarithmic,False,0.0
Gemma2 report,fixed_recipe,1e+24,2048,1.0,0.0,0.05,3,True,exponential;power;logarithmic,False,0.0
Gemma2 report,fixed_recipe,1e+24,2048,1.0,0.1,-0.05,3,True,exponential;power;logarithmic,False,0.0
Gemma2 report,fixed_recipe,1e+24,2048,1.0,0.1,0.0,3,True,exponential;power;logarithmic,False,0.0
Gemma2 report,fixed_recipe,1e+24,2048,1.0,0.1,0.05,3,True,exponential;power;logarithmic,False,0.0
Gemma2 report,fixed_recipe,1e+24,2048,1.1,-0.1,-0.05,3,True,exponential;power;logarithmic,False,0.0
Gemma2 report,fixed_recipe,1e+24,2048,1.1,-0.1,0.0,3,True,exponential;power;logarithmic,False,0.0
Gemma2 report,fixed_recipe,1e+24,2048,1.1,-0.1,0.05,3,True,exponential;power;logarithmic,False,0.0
Gemma2 report,fixed_recipe,1e+24,2048,1.1,0.0,-0.05,3,True,exponential;power;logarithmic,False,0.0
Gemma2 report,fixed_recipe,1e+24,2048,1.1,0.0,0.0,3,True,exponential;power;logarithmic,False,0.0
Gemma2 report,fixed_recipe,1e+24,2048,1.1,0.0,0.05,3,True,exponential;power;logarithmic,False,0.0
Gemma2 report,fixed_recipe,1e+24,2048,1.1,0.1,-0.05,3,True,exponential;power;logarithmic,False,0.0
Gemma2 report,fixed_recipe,1e+24,2048,1.1,0.1,0.0,3,True,exponential;power;logarithmic,False,0.0
Gemma2 report,fixed_recipe,1e+24,2048,1.1,0.1,0.05,3,True,exponential;power;logarithmic,False,0.0
Gemma2 report,fixed_recipe,1e+24,8192,0.9,-0.1,-0.05,3,False,,,
Gemma2 report,fixed_recipe,1e+24,8192,0.9,-0.1,0.0,3,False,,,
Gemma2 report,fixed_recipe,1e+24,8192,0.9,-0.1,0.05,3,False,,,
Gemma2 report,fixed_recipe,1e+24,8192,0.9,0.0,-0.05,3,False,,,
Gemma2 report,fixed_recipe,1e+24,8192,0.9,0.0,0.0,3,False,,,
Gemma2 report,fixed_recipe,1e+24,8192,0.9,0.0,0.05,3,False,,,
Gemma2 report,fixed_recipe,1e+24,8192,0.9,0.1,-0.05,3,False,,,
Gemma2 report,fixed_recipe,1e+24,8192,0.9,0.1,0.0,3,False,,,
Gemma2 report,fixed_recipe,1e+24,8192,0.9,0.1,0.05,3,True,exponential;power;logarithmic,False,0.0
Gemma2 report,fixed_recipe,1e+24,8192,1.0,-0.1,-0.05,3,False,,,
Gemma2 report,fixed_recipe,1e+24,8192,1.0,-0.1,0.0,3,False,,,
Gemma2 report,fixed_recipe,1e+24,8192,1.0,-0.1,0.05,3,True,exponential;power;logarithmic,False,0.0
Gemma2 report,fixed_recipe,1e+24,8192,1.0,0.0,-0.05,3,True,exponential;power;logarithmic,False,0.0
Gemma2 report,fixed_recipe,1e+24,8192,1.0,0.0,0.0,3,True,exponential;power;logarithmic,False,0.0
Gemma2 report,fixed_recipe,1e+24,8192,1.0,0.0,0.05,3,True,exponential;power;logarithmic,False,0.0
Gemma2 report,fixed_recipe,1e+24,8192,1.0,0.1,-0.05,3,True,exponential;power;logarithmic,False,0.0
Gemma2 report,fixed_recipe,1e+24,8192,1.0,0.1,0.0,3,True,exponential;power;logarithmic,False,0.0
Gemma2 report,fixed_recipe,1e+24,8192,1.0,0.1,0.05,3,True,exponential;power;logarithmic,False,0.0
Gemma2 report,fixed_recipe,1e+24,8192,1.1,-0.1,-0.05,3,True,exponential;power;logarithmic,False,0.0
Gemma2 report,fixed_recipe,1e+24,8192,1.1,-0.1,0.0,3,True,exponential;power;logarithmic,False,0.0
Gemma2 report,fixed_recipe,1e+24,8192,1.1,-0.1,0.05,3,True,exponential;power;logarithmic,False,0.0
Gemma2 report,fixed_recipe,1e+24,8192,1.1,0.0,-0.05,3,True,exponential;power;logarithmic,False,0.0
Gemma2 report,fixed_recipe,1e+24,8192,1.1,0.0,0.0,3,True,exponential;power;logarithmic,False,0.0
Gemma2 report,fixed_recipe,1e+24,8192,1.1,0.0,0.05,3,True,exponential;power;logarithmic,False,0.0
Gemma2 report,fixed_recipe,1e+24,8192,1.1,0.1,-0.05,3,True,exponential;power;logarithmic,False,0.0
Gemma2 report,fixed_recipe,1e+24,8192,1.1,0.1,0.0,3,True,exponential;power;logarithmic,False,0.0
Gemma2 report,fixed_recipe,1e+24,8192,1.1,0.1,0.05,3,True,exponential;power;logarithmic,False,0.0
Gemma2 report,fixed_recipe,1e+24,131072,0.9,-0.1,-0.05,3,False,,,
Gemma2 report,fixed_recipe,1e+24,131072,0.9,-0.1,0.0,3,False,,,
Gemma2 report,fixed_recipe,1e+24,131072,0.9,-0.1,0.05,3,False,,,
Gemma2 report,fixed_recipe,1e+24,131072,0.9,0.0,-0.05,3,False,,,
Gemma2 report,fixed_recipe,1e+24,131072,0.9,0.0,0.0,3,False,,,
Gemma2 report,fixed_recipe,1e+24,131072,0.9,0.0,0.05,3,False,,,
Gemma2 report,fixed_recipe,1e+24,131072,0.9,0.1,-0.05,3,False,,,
Gemma2 report,fixed_recipe,1e+24,131072,0.9,0.1,0.0,3,False,,,
Gemma2 report,fixed_recipe,1e+24,131072,0.9,0.1,0.05,3,True,exponential;power;logarithmic,False,0.0
Gemma2 report,fixed_recipe,1e+24,131072,1.0,-0.1,-0.05,3,False,,,
Gemma2 report,fixed_recipe,1e+24,131072,1.0,-0.1,0.0,3,False,,,
Gemma2 report,fixed_recipe,1e+24,131072,1.0,-0.1,0.05,3,True,exponential;power;logarithmic,False,0.0
Gemma2 report,fixed_recipe,1e+24,131072,1.0,0.0,-0.05,3,True,exponential;power;logarithmic,False,0.0
Gemma2 report,fixed_recipe,1e+24,131072,1.0,0.0,0.0,3,True,exponential;power;logarithmic,False,0.0
Gemma2 report,fixed_recipe,1e+24,131072,1.0,0.0,0.05,3,True,exponential;power;logarithmic,False,0.0
Gemma2 report,fixed_recipe,1e+24,131072,1.0,0.1,-0.05,3,True,exponential;power;logarithmic,False,0.0
Gemma2 report,fixed_recipe,1e+24,131072,1.0,0.1,0.0,3,True,exponential;power;logarithmic,False,0.0
Gemma2 report,fixed_recipe,1e+24,131072,1.0,0.1,0.05,3,True,exponential;power;logarithmic,False,0.0
Gemma2 report,fixed_recipe,1e+24,131072,1.1,-0.1,-0.05,3,True,exponential;power;logarithmic,False,0.0
Gemma2 report,fixed_recipe,1e+24,131072,1.1,-0.1,0.0,3,True,exponential;power;logarithmic,False,0.0
Gemma2 report,fixed_recipe,1e+24,131072,1.1,-0.1,0.05,3,True,exponential;power;logarithmic,False,0.0
Gemma2 report,fixed_recipe,1e+24,131072,1.1,0.0,-0.05,3,True,exponential;power;logarithmic,False,0.0
Gemma2 report,fixed_recipe,1e+24,131072,1.1,0.0,0.0,3,True,exponential;power;logarithmic,False,0.0
Gemma2 report,fixed_recipe,1e+24,131072,1.1,0.0,0.05,3,True,exponential;power;logarithmic,False,0.0
Gemma2 report,fixed_recipe,1e+24,131072,1.1,0.1,-0.05,3,True,exponential;power;logarithmic,False,0.0
Gemma2 report,fixed_recipe,1e+24,131072,1.1,0.1,0.0,3,True,exponential;power;logarithmic,False,0.0
Gemma2 report,fixed_recipe,1e+24,131072,1.1,0.1,0.05,3,True,exponential;power;logarithmic,False,0.0
Gemma2 report,independent_native_Q,1e+19,2048,0.9,-0.1,-0.05,3,False,,,
Gemma2 report,independent_native_Q,1e+19,2048,0.9,-0.1,0.0,3,False,,,
Gemma2 report,independent_native_Q,1e+19,2048,0.9,-0.1,0.05,3,False,,,
Gemma2 report,independent_native_Q,1e+19,2048,0.9,0.0,-0.05,3,False,,,
Gemma2 report,independent_native_Q,1e+19,2048,0.9,0.0,0.0,3,False,,,
Gemma2 report,independent_native_Q,1e+19,2048,0.9,0.0,0.05,3,False,,,
Gemma2 report,independent_native_Q,1e+19,2048,0.9,0.1,-0.05,3,False,,,
Gemma2 report,independent_native_Q,1e+19,2048,0.9,0.1,0.0,3,False,,,
Gemma2 report,independent_native_Q,1e+19,2048,0.9,0.1,0.05,3,False,,,
Gemma2 report,independent_native_Q,1e+19,2048,1.0,-0.1,-0.05,3,False,,,
Gemma2 report,independent_native_Q,1e+19,2048,1.0,-0.1,0.0,3,False,,,
Gemma2 report,independent_native_Q,1e+19,2048,1.0,-0.1,0.05,3,False,,,
Gemma2 report,independent_native_Q,1e+19,2048,1.0,0.0,-0.05,3,False,,,
Gemma2 report,independent_native_Q,1e+19,2048,1.0,0.0,0.0,3,False,,,
Gemma2 report,independent_native_Q,1e+19,2048,1.0,0.0,0.05,3,False,,,
Gemma2 report,independent_native_Q,1e+19,2048,1.0,0.1,-0.05,3,False,,,
Gemma2 report,independent_native_Q,1e+19,2048,1.0,0.1,0.0,3,False,,,
Gemma2 report,independent_native_Q,1e+19,2048,1.0,0.1,0.05,3,False,,,
Gemma2 report,independent_native_Q,1e+19,2048,1.1,-0.1,-0.05,3,False,,,
Gemma2 report,independent_native_Q,1e+19,2048,1.1,-0.1,0.0,3,False,,,
Gemma2 report,independent_native_Q,1e+19,2048,1.1,-0.1,0.05,3,False,,,
Gemma2 report,independent_native_Q,1e+19,2048,1.1,0.0,-0.05,3,False,,,
Gemma2 report,independent_native_Q,1e+19,2048,1.1,0.0,0.0,3,False,,,
Gemma2 report,independent_native_Q,1e+19,2048,1.1,0.0,0.05,3,False,,,
Gemma2 report,independent_native_Q,1e+19,2048,1.1,0.1,-0.05,3,False,,,
Gemma2 report,independent_native_Q,1e+19,2048,1.1,0.1,0.0,3,False,,,
Gemma2 report,independent_native_Q,1e+19,2048,1.1,0.1,0.05,3,False,,,
Gemma2 report,independent_native_Q,1e+19,8192,0.9,-0.1,-0.05,3,False,,,
Gemma2 report,independent_native_Q,1e+19,8192,0.9,-0.1,0.0,3,False,,,
Gemma2 report,independent_native_Q,1e+19,8192,0.9,-0.1,0.05,3,False,,,
Gemma2 report,independent_native_Q,1e+19,8192,0.9,0.0,-0.05,3,False,,,
Gemma2 report,independent_native_Q,1e+19,8192,0.9,0.0,0.0,3,False,,,
Gemma2 report,independent_native_Q,1e+19,8192,0.9,0.0,0.05,3,False,,,
Gemma2 report,independent_native_Q,1e+19,8192,0.9,0.1,-0.05,3,False,,,
Gemma2 report,independent_native_Q,1e+19,8192,0.9,0.1,0.0,3,False,,,
Gemma2 report,independent_native_Q,1e+19,8192,0.9,0.1,0.05,3,False,,,
Gemma2 report,independent_native_Q,1e+19,8192,1.0,-0.1,-0.05,3,False,,,
Gemma2 report,independent_native_Q,1e+19,8192,1.0,-0.1,0.0,3,False,,,
Gemma2 report,independent_native_Q,1e+19,8192,1.0,-0.1,0.05,3,False,,,
Gemma2 report,independent_native_Q,1e+19,8192,1.0,0.0,-0.05,3,False,,,
Gemma2 report,independent_native_Q,1e+19,8192,1.0,0.0,0.0,3,False,,,
Gemma2 report,independent_native_Q,1e+19,8192,1.0,0.0,0.05,3,False,,,
Gemma2 report,independent_native_Q,1e+19,8192,1.0,0.1,-0.05,3,False,,,
Gemma2 report,independent_native_Q,1e+19,8192,1.0,0.1,0.0,3,False,,,
Gemma2 report,independent_native_Q,1e+19,8192,1.0,0.1,0.05,3,False,,,
Gemma2 report,independent_native_Q,1e+19,8192,1.1,-0.1,-0.05,3,False,,,
Gemma2 report,independent_native_Q,1e+19,8192,1.1,-0.1,0.0,3,False,,,
Gemma2 report,independent_native_Q,1e+19,8192,1.1,-0.1,0.05,3,False,,,
Gemma2 report,independent_native_Q,1e+19,8192,1.1,0.0,-0.05,3,False,,,
Gemma2 report,independent_native_Q,1e+19,8192,1.1,0.0,0.0,3,False,,,
Gemma2 report,independent_native_Q,1e+19,8192,1.1,0.0,0.05,3,False,,,
Gemma2 report,independent_native_Q,1e+19,8192,1.1,0.1,-0.05,3,False,,,
Gemma2 report,independent_native_Q,1e+19,8192,1.1,0.1,0.0,3,False,,,
Gemma2 report,independent_native_Q,1e+19,8192,1.1,0.1,0.05,3,False,,,
Gemma2 report,independent_native_Q,1e+19,131072,0.9,-0.1,-0.05,0,False,,,
Gemma2 report,independent_native_Q,1e+19,131072,0.9,-0.1,0.0,0,False,,,
Gemma2 report,independent_native_Q,1e+19,131072,0.9,-0.1,0.05,0,False,,,
Gemma2 report,independent_native_Q,1e+19,131072,0.9,0.0,-0.05,0,False,,,
Gemma2 report,independent_native_Q,1e+19,131072,0.9,0.0,0.0,0,False,,,
Gemma2 report,independent_native_Q,1e+19,131072,0.9,0.0,0.05,0,False,,,
Gemma2 report,independent_native_Q,1e+19,131072,0.9,0.1,-0.05,0,False,,,
Gemma2 report,independent_native_Q,1e+19,131072,0.9,0.1,0.0,0,False,,,
Gemma2 report,independent_native_Q,1e+19,131072,0.9,0.1,0.05,0,False,,,
Gemma2 report,independent_native_Q,1e+19,131072,1.0,-0.1,-0.05,0,False,,,
Gemma2 report,independent_native_Q,1e+19,131072,1.0,-0.1,0.0,0,False,,,
Gemma2 report,independent_native_Q,1e+19,131072,1.0,-0.1,0.05,0,False,,,
Gemma2 report,independent_native_Q,1e+19,131072,1.0,0.0,-0.05,0,False,,,
Gemma2 report,independent_native_Q,1e+19,131072,1.0,0.0,0.0,0,False,,,
Gemma2 report,independent_native_Q,1e+19,131072,1.0,0.0,0.05,0,False,,,
Gemma2 report,independent_native_Q,1e+19,131072,1.0,0.1,-0.05,0,False,,,
Gemma2 report,independent_native_Q,1e+19,131072,1.0,0.1,0.0,0,False,,,
Gemma2 report,independent_native_Q,1e+19,131072,1.0,0.1,0.05,0,False,,,
Gemma2 report,independent_native_Q,1e+19,131072,1.1,-0.1,-0.05,0,False,,,
Gemma2 report,independent_native_Q,1e+19,131072,1.1,-0.1,0.0,0,False,,,
Gemma2 report,independent_native_Q,1e+19,131072,1.1,-0.1,0.05,0,False,,,
Gemma2 report,independent_native_Q,1e+19,131072,1.1,0.0,-0.05,0,False,,,
Gemma2 report,independent_native_Q,1e+19,131072,1.1,0.0,0.0,0,False,,,
Gemma2 report,independent_native_Q,1e+19,131072,1.1,0.0,0.05,0,False,,,
Gemma2 report,independent_native_Q,1e+19,131072,1.1,0.1,-0.05,0,False,,,
Gemma2 report,independent_native_Q,1e+19,131072,1.1,0.1,0.0,0,False,,,
Gemma2 report,independent_native_Q,1e+19,131072,1.1,0.1,0.05,0,False,,,
Gemma2 report,independent_native_Q,1e+20,2048,0.9,-0.1,-0.05,3,False,,,
Gemma2 report,independent_native_Q,1e+20,2048,0.9,-0.1,0.0,3,False,,,
Gemma2 report,independent_native_Q,1e+20,2048,0.9,-0.1,0.05,3,False,,,
Gemma2 report,independent_native_Q,1e+20,2048,0.9,0.0,-0.05,3,False,,,
Gemma2 report,independent_native_Q,1e+20,2048,0.9,0.0,0.0,3,False,,,
Gemma2 report,independent_native_Q,1e+20,2048,0.9,0.0,0.05,3,False,,,
Gemma2 report,independent_native_Q,1e+20,2048,0.9,0.1,-0.05,3,False,,,
Gemma2 report,independent_native_Q,1e+20,2048,0.9,0.1,0.0,3,False,,,
Gemma2 report,independent_native_Q,1e+20,2048,0.9,0.1,0.05,3,False,,,
Gemma2 report,independent_native_Q,1e+20,2048,1.0,-0.1,-0.05,3,False,,,
Gemma2 report,independent_native_Q,1e+20,2048,1.0,-0.1,0.0,3,False,,,
Gemma2 report,independent_native_Q,1e+20,2048,1.0,-0.1,0.05,3,False,,,
Gemma2 report,independent_native_Q,1e+20,2048,1.0,0.0,-0.05,3,False,,,
Gemma2 report,independent_native_Q,1e+20,2048,1.0,0.0,0.0,3,False,,,
Gemma2 report,independent_native_Q,1e+20,2048,1.0,0.0,0.05,3,False,,,
Gemma2 report,independent_native_Q,1e+20,2048,1.0,0.1,-0.05,3,False,,,
Gemma2 report,independent_native_Q,1e+20,2048,1.0,0.1,0.0,3,False,,,
Gemma2 report,independent_native_Q,1e+20,2048,1.0,0.1,0.05,3,False,,,
Gemma2 report,independent_native_Q,1e+20,2048,1.1,-0.1,-0.05,3,False,,,
Gemma2 report,independent_native_Q,1e+20,2048,1.1,-0.1,0.0,3,False,,,
Gemma2 report,independent_native_Q,1e+20,2048,1.1,-0.1,0.05,3,False,,,
Gemma2 report,independent_native_Q,1e+20,2048,1.1,0.0,-0.05,3,False,,,
Gemma2 report,independent_native_Q,1e+20,2048,1.1,0.0,0.0,3,False,,,
Gemma2 report,independent_native_Q,1e+20,2048,1.1,0.0,0.05,3,False,,,
Gemma2 report,independent_native_Q,1e+20,2048,1.1,0.1,-0.05,3,False,,,
Gemma2 report,independent_native_Q,1e+20,2048,1.1,0.1,0.0,3,False,,,
Gemma2 report,independent_native_Q,1e+20,2048,1.1,0.1,0.05,3,False,,,
Gemma2 report,independent_native_Q,1e+20,8192,0.9,-0.1,-0.05,3,False,,,
Gemma2 report,independent_native_Q,1e+20,8192,0.9,-0.1,0.0,3,False,,,
Gemma2 report,independent_native_Q,1e+20,8192,0.9,-0.1,0.05,3,False,,,
Gemma2 report,independent_native_Q,1e+20,8192,0.9,0.0,-0.05,3,False,,,
Gemma2 report,independent_native_Q,1e+20,8192,0.9,0.0,0.0,3,False,,,
Gemma2 report,independent_native_Q,1e+20,8192,0.9,0.0,0.05,3,False,,,
Gemma2 report,independent_native_Q,1e+20,8192,0.9,0.1,-0.05,3,False,,,
Gemma2 report,independent_native_Q,1e+20,8192,0.9,0.1,0.0,3,False,,,
Gemma2 report,independent_native_Q,1e+20,8192,0.9,0.1,0.05,3,False,,,
Gemma2 report,independent_native_Q,1e+20,8192,1.0,-0.1,-0.05,3,False,,,
Gemma2 report,independent_native_Q,1e+20,8192,1.0,-0.1,0.0,3,False,,,
Gemma2 report,independent_native_Q,1e+20,8192,1.0,-0.1,0.05,3,False,,,
Gemma2 report,independent_native_Q,1e+20,8192,1.0,0.0,-0.05,3,False,,,
Gemma2 report,independent_native_Q,1e+20,8192,1.0,0.0,0.0,3,False,,,
Gemma2 report,independent_native_Q,1e+20,8192,1.0,0.0,0.05,3,False,,,
Gemma2 report,independent_native_Q,1e+20,8192,1.0,0.1,-0.05,3,False,,,
Gemma2 report,independent_native_Q,1e+20,8192,1.0,0.1,0.0,3,False,,,
Gemma2 report,independent_native_Q,1e+20,8192,1.0,0.1,0.05,3,False,,,
Gemma2 report,independent_native_Q,1e+20,8192,1.1,-0.1,-0.05,3,False,,,
Gemma2 report,independent_native_Q,1e+20,8192,1.1,-0.1,0.0,3,False,,,
Gemma2 report,independent_native_Q,1e+20,8192,1.1,-0.1,0.05,3,False,,,
Gemma2 report,independent_native_Q,1e+20,8192,1.1,0.0,-0.05,3,False,,,
Gemma2 report,independent_native_Q,1e+20,8192,1.1,0.0,0.0,3,False,,,
Gemma2 report,independent_native_Q,1e+20,8192,1.1,0.0,0.05,3,False,,,
Gemma2 report,independent_native_Q,1e+20,8192,1.1,0.1,-0.05,3,False,,,
Gemma2 report,independent_native_Q,1e+20,8192,1.1,0.1,0.0,3,False,,,
Gemma2 report,independent_native_Q,1e+20,8192,1.1,0.1,0.05,3,False,,,
Gemma2 report,independent_native_Q,1e+20,131072,0.9,-0.1,-0.05,3,False,,,
Gemma2 report,independent_native_Q,1e+20,131072,0.9,-0.1,0.0,3,False,,,
Gemma2 report,independent_native_Q,1e+20,131072,0.9,-0.1,0.05,3,False,,,
Gemma2 report,independent_native_Q,1e+20,131072,0.9,0.0,-0.05,3,False,,,
Gemma2 report,independent_native_Q,1e+20,131072,0.9,0.0,0.0,3,False,,,
Gemma2 report,independent_native_Q,1e+20,131072,0.9,0.0,0.05,3,False,,,
Gemma2 report,independent_native_Q,1e+20,131072,0.9,0.1,-0.05,3,False,,,
Gemma2 report,independent_native_Q,1e+20,131072,0.9,0.1,0.0,3,False,,,
Gemma2 report,independent_native_Q,1e+20,131072,0.9,0.1,0.05,3,False,,,
Gemma2 report,independent_native_Q,1e+20,131072,1.0,-0.1,-0.05,3,False,,,
Gemma2 report,independent_native_Q,1e+20,131072,1.0,-0.1,0.0,3,False,,,
Gemma2 report,independent_native_Q,1e+20,131072,1.0,-0.1,0.05,3,False,,,
Gemma2 report,independent_native_Q,1e+20,131072,1.0,0.0,-0.05,3,False,,,
Gemma2 report,independent_native_Q,1e+20,131072,1.0,0.0,0.0,3,False,,,
Gemma2 report,independent_native_Q,1e+20,131072,1.0,0.0,0.05,3,False,,,
Gemma2 report,independent_native_Q,1e+20,131072,1.0,0.1,-0.05,3,False,,,
Gemma2 report,independent_native_Q,1e+20,131072,1.0,0.1,0.0,3,False,,,
Gemma2 report,independent_native_Q,1e+20,131072,1.0,0.1,0.05,3,False,,,
Gemma2 report,independent_native_Q,1e+20,131072,1.1,-0.1,-0.05,3,False,,,
Gemma2 report,independent_native_Q,1e+20,131072,1.1,-0.1,0.0,3,False,,,
Gemma2 report,independent_native_Q,1e+20,131072,1.1,-0.1,0.05,3,False,,,
Gemma2 report,independent_native_Q,1e+20,131072,1.1,0.0,-0.05,3,False,,,
Gemma2 report,independent_native_Q,1e+20,131072,1.1,0.0,0.0,3,False,,,
Gemma2 report,independent_native_Q,1e+20,131072,1.1,0.0,0.05,3,False,,,
Gemma2 report,independent_native_Q,1e+20,131072,1.1,0.1,-0.05,3,False,,,
Gemma2 report,independent_native_Q,1e+20,131072,1.1,0.1,0.0,3,False,,,
Gemma2 report,independent_native_Q,1e+20,131072,1.1,0.1,0.05,3,False,,,
Gemma2 report,independent_native_Q,1e+22,2048,0.9,-0.1,-0.05,3,False,,,
Gemma2 report,independent_native_Q,1e+22,2048,0.9,-0.1,0.0,3,False,,,
Gemma2 report,independent_native_Q,1e+22,2048,0.9,-0.1,0.05,3,False,,,
Gemma2 report,independent_native_Q,1e+22,2048,0.9,0.0,-0.05,3,False,,,
Gemma2 report,independent_native_Q,1e+22,2048,0.9,0.0,0.0,3,False,,,
Gemma2 report,independent_native_Q,1e+22,2048,0.9,0.0,0.05,3,False,,,
Gemma2 report,independent_native_Q,1e+22,2048,0.9,0.1,-0.05,3,False,,,
Gemma2 report,independent_native_Q,1e+22,2048,0.9,0.1,0.0,3,False,,,
Gemma2 report,independent_native_Q,1e+22,2048,0.9,0.1,0.05,3,True,logarithmic,True,0.31869467604170865
Gemma2 report,independent_native_Q,1e+22,2048,1.0,-0.1,-0.05,3,False,,,
Gemma2 report,independent_native_Q,1e+22,2048,1.0,-0.1,0.0,3,False,,,
Gemma2 report,independent_native_Q,1e+22,2048,1.0,-0.1,0.05,3,True,logarithmic,True,0.35284144326761435
Gemma2 report,independent_native_Q,1e+22,2048,1.0,0.0,-0.05,3,True,logarithmic,True,0.35284144326758593
Gemma2 report,independent_native_Q,1e+22,2048,1.0,0.0,0.0,3,True,logarithmic,True,0.3410256127429747
Gemma2 report,independent_native_Q,1e+22,2048,1.0,0.0,0.05,3,True,logarithmic,True,0.3274294422932975
Gemma2 report,independent_native_Q,1e+22,2048,1.0,0.1,-0.05,3,True,logarithmic,True,0.3274294422932975
Gemma2 report,independent_native_Q,1e+22,2048,1.0,0.1,0.0,3,True,logarithmic,True,0.3123822041786575
Gemma2 report,independent_native_Q,1e+22,2048,1.0,0.1,0.05,3,True,logarithmic,True,0.2962234324158608
Gemma2 report,independent_native_Q,1e+22,2048,1.1,-0.1,-0.05,3,True,logarithmic,True,0.361461935371473
Gemma2 report,independent_native_Q,1e+22,2048,1.1,-0.1,0.0,3,True,logarithmic,True,0.3433081115873087
Gemma2 report,independent_native_Q,1e+22,2048,1.1,-0.1,0.05,3,True,logarithmic,True,0.3236829193515227
Gemma2 report,independent_native_Q,1e+22,2048,1.1,0.0,-0.05,3,True,logarithmic,True,0.3273382413823356
Gemma2 report,independent_native_Q,1e+22,2048,1.1,0.0,0.0,3,True,logarithmic,True,0.3068744039122855
Gemma2 report,independent_native_Q,1e+22,2048,1.1,0.0,0.05,3,True,logarithmic,True,0.2858092884454315
Gemma2 report,independent_native_Q,1e+22,2048,1.1,0.1,-0.05,3,True,logarithmic,True,0.2896641630382639
Gemma2 report,independent_native_Q,1e+22,2048,1.1,0.1,0.0,3,True,logarithmic,True,0.2684263408058136
Gemma2 report,independent_native_Q,1e+22,2048,1.1,0.1,0.05,3,True,logarithmic,True,0.2473224736710371
Gemma2 report,independent_native_Q,1e+22,8192,0.9,-0.1,-0.05,3,False,,,
Gemma2 report,independent_native_Q,1e+22,8192,0.9,-0.1,0.0,3,False,,,
Gemma2 report,independent_native_Q,1e+22,8192,0.9,-0.1,0.05,3,False,,,
Gemma2 report,independent_native_Q,1e+22,8192,0.9,0.0,-0.05,3,False,,,
Gemma2 report,independent_native_Q,1e+22,8192,0.9,0.0,0.0,3,False,,,
Gemma2 report,independent_native_Q,1e+22,8192,0.9,0.0,0.05,3,False,,,
Gemma2 report,independent_native_Q,1e+22,8192,0.9,0.1,-0.05,3,False,,,
Gemma2 report,independent_native_Q,1e+22,8192,0.9,0.1,0.0,3,False,,,
Gemma2 report,independent_native_Q,1e+22,8192,0.9,0.1,0.05,3,True,logarithmic,True,0.2984830374254557
Gemma2 report,independent_native_Q,1e+22,8192,1.0,-0.1,-0.05,3,False,,,
Gemma2 report,independent_native_Q,1e+22,8192,1.0,-0.1,0.0,3,False,,,
Gemma2 report,independent_native_Q,1e+22,8192,1.0,-0.1,0.05,3,True,logarithmic,True,0.33017183149344476
Gemma2 report,independent_native_Q,1e+22,8192,1.0,0.0,-0.05,3,True,logarithmic,True,0.33017183149345186
Gemma2 report,independent_native_Q,1e+22,8192,1.0,0.0,0.0,3,True,logarithmic,True,0.31863386900049306
Gemma2 report,independent_native_Q,1e+22,8192,1.0,0.0,0.05,3,True,logarithmic,True,0.3054862631100086
Gemma2 report,independent_native_Q,1e+22,8192,1.0,0.1,-0.05,3,True,logarithmic,True,0.3054862631100086
Gemma2 report,independent_native_Q,1e+22,8192,1.0,0.1,0.0,3,True,logarithmic,True,0.2910427367621651
Gemma2 report,independent_native_Q,1e+22,8192,1.0,0.1,0.05,3,True,logarithmic,True,0.27562352055992534
Gemma2 report,independent_native_Q,1e+22,8192,1.1,-0.1,-0.05,3,True,logarithmic,True,0.33693746803264446
Gemma2 report,independent_native_Q,1e+22,8192,1.1,-0.1,0.0,3,True,logarithmic,True,0.31947722329316264
Gemma2 report,independent_native_Q,1e+22,8192,1.1,-0.1,0.05,3,True,logarithmic,True,0.3007353818438041
Gemma2 report,independent_native_Q,1e+22,8192,1.1,0.0,-0.05,3,True,logarithmic,True,0.30421740486922744
Gemma2 report,independent_native_Q,1e+22,8192,1.1,0.0,0.0,3,True,logarithmic,True,0.28476808777238105
Gemma2 report,independent_native_Q,1e+22,8192,1.1,0.0,0.05,3,True,logarithmic,True,0.26484625907494674
Gemma2 report,independent_native_Q,1e+22,8192,1.1,0.1,-0.05,3,True,logarithmic,True,0.2684852764489527
Gemma2 report,independent_native_Q,1e+22,8192,1.1,0.1,0.0,3,True,logarithmic,True,0.24846993682674068
Gemma2 report,independent_native_Q,1e+22,8192,1.1,0.1,0.05,3,True,logarithmic,True,0.2286543588351826
Gemma2 report,independent_native_Q,1e+22,131072,0.9,-0.1,-0.05,3,False,,,
Gemma2 report,independent_native_Q,1e+22,131072,0.9,-0.1,0.0,3,False,,,
Gemma2 report,independent_native_Q,1e+22,131072,0.9,-0.1,0.05,3,False,,,
Gemma2 report,independent_native_Q,1e+22,131072,0.9,0.0,-0.05,3,False,,,
Gemma2 report,independent_native_Q,1e+22,131072,0.9,0.0,0.0,3,False,,,
Gemma2 report,independent_native_Q,1e+22,131072,0.9,0.0,0.05,3,False,,,
Gemma2 report,independent_native_Q,1e+22,131072,0.9,0.1,-0.05,3,False,,,
Gemma2 report,independent_native_Q,1e+22,131072,0.9,0.1,0.0,3,False,,,
Gemma2 report,independent_native_Q,1e+22,131072,0.9,0.1,0.05,3,False,,,
Gemma2 report,independent_native_Q,1e+22,131072,1.0,-0.1,-0.05,3,False,,,
Gemma2 report,independent_native_Q,1e+22,131072,1.0,-0.1,0.0,3,False,,,
Gemma2 report,independent_native_Q,1e+22,131072,1.0,-0.1,0.05,3,False,,,
Gemma2 report,independent_native_Q,1e+22,131072,1.0,0.0,-0.05,3,False,,,
Gemma2 report,independent_native_Q,1e+22,131072,1.0,0.0,0.0,3,False,,,
Gemma2 report,independent_native_Q,1e+22,131072,1.0,0.0,0.05,3,False,,,
Gemma2 report,independent_native_Q,1e+22,131072,1.0,0.1,-0.05,3,False,,,
Gemma2 report,independent_native_Q,1e+22,131072,1.0,0.1,0.0,3,False,,,
Gemma2 report,independent_native_Q,1e+22,131072,1.0,0.1,0.05,3,False,,,
Gemma2 report,independent_native_Q,1e+22,131072,1.1,-0.1,-0.05,3,False,,,
Gemma2 report,independent_native_Q,1e+22,131072,1.1,-0.1,0.0,3,False,,,
Gemma2 report,independent_native_Q,1e+22,131072,1.1,-0.1,0.05,3,False,,,
Gemma2 report,independent_native_Q,1e+22,131072,1.1,0.0,-0.05,3,False,,,
Gemma2 report,independent_native_Q,1e+22,131072,1.1,0.0,0.0,3,False,,,
Gemma2 report,independent_native_Q,1e+22,131072,1.1,0.0,0.05,3,False,,,
Gemma2 report,independent_native_Q,1e+22,131072,1.1,0.1,-0.05,3,False,,,
Gemma2 report,independent_native_Q,1e+22,131072,1.1,0.1,0.0,3,False,,,
Gemma2 report,independent_native_Q,1e+22,131072,1.1,0.1,0.05,3,False,,,
Gemma2 report,independent_native_Q,1e+24,2048,0.9,-0.1,-0.05,3,False,,,
Gemma2 report,independent_native_Q,1e+24,2048,0.9,-0.1,0.0,3,False,,,
Gemma2 report,independent_native_Q,1e+24,2048,0.9,-0.1,0.05,3,False,,,
Gemma2 report,independent_native_Q,1e+24,2048,0.9,0.0,-0.05,3,False,,,
Gemma2 report,independent_native_Q,1e+24,2048,0.9,0.0,0.0,3,False,,,
Gemma2 report,independent_native_Q,1e+24,2048,0.9,0.0,0.05,3,False,,,
Gemma2 report,independent_native_Q,1e+24,2048,0.9,0.1,-0.05,3,False,,,
Gemma2 report,independent_native_Q,1e+24,2048,0.9,0.1,0.0,3,False,,,
Gemma2 report,independent_native_Q,1e+24,2048,0.9,0.1,0.05,3,False,,,
Gemma2 report,independent_native_Q,1e+24,2048,1.0,-0.1,-0.05,3,False,,,
Gemma2 report,independent_native_Q,1e+24,2048,1.0,-0.1,0.0,3,False,,,
Gemma2 report,independent_native_Q,1e+24,2048,1.0,-0.1,0.05,3,False,,,
Gemma2 report,independent_native_Q,1e+24,2048,1.0,0.0,-0.05,3,False,,,
Gemma2 report,independent_native_Q,1e+24,2048,1.0,0.0,0.0,3,True,exponential;power;logarithmic,False,0.0
Gemma2 report,independent_native_Q,1e+24,2048,1.0,0.0,0.05,3,True,exponential;power;logarithmic,False,0.0
Gemma2 report,independent_native_Q,1e+24,2048,1.0,0.1,-0.05,3,True,exponential;power;logarithmic,False,0.0
Gemma2 report,independent_native_Q,1e+24,2048,1.0,0.1,0.0,3,True,exponential;power;logarithmic,False,0.0
Gemma2 report,independent_native_Q,1e+24,2048,1.0,0.1,0.05,3,True,exponential;power;logarithmic,False,0.0
Gemma2 report,independent_native_Q,1e+24,2048,1.1,-0.1,-0.05,3,True,exponential;power;logarithmic,False,0.0
Gemma2 report,independent_native_Q,1e+24,2048,1.1,-0.1,0.0,3,True,exponential;power;logarithmic,False,0.0
Gemma2 report,independent_native_Q,1e+24,2048,1.1,-0.1,0.05,3,True,exponential;power;logarithmic,False,0.0
Gemma2 report,independent_native_Q,1e+24,2048,1.1,0.0,-0.05,3,True,exponential;power;logarithmic,False,0.0
Gemma2 report,independent_native_Q,1e+24,2048,1.1,0.0,0.0,3,True,exponential;power;logarithmic,False,0.0
Gemma2 report,independent_native_Q,1e+24,2048,1.1,0.0,0.05,3,True,exponential;power;logarithmic,False,0.0
Gemma2 report,independent_native_Q,1e+24,2048,1.1,0.1,-0.05,3,True,exponential;power;logarithmic,False,0.0
Gemma2 report,independent_native_Q,1e+24,2048,1.1,0.1,0.0,3,True,exponential;power;logarithmic,False,0.0
Gemma2 report,independent_native_Q,1e+24,2048,1.1,0.1,0.05,3,True,exponential;power;logarithmic,False,0.0
Gemma2 report,independent_native_Q,1e+24,8192,0.9,-0.1,-0.05,3,False,,,
Gemma2 report,independent_native_Q,1e+24,8192,0.9,-0.1,0.0,3,False,,,
Gemma2 report,independent_native_Q,1e+24,8192,0.9,-0.1,0.05,3,False,,,
Gemma2 report,independent_native_Q,1e+24,8192,0.9,0.0,-0.05,3,False,,,
Gemma2 report,independent_native_Q,1e+24,8192,0.9,0.0,0.0,3,False,,,
Gemma2 report,independent_native_Q,1e+24,8192,0.9,0.0,0.05,3,False,,,
Gemma2 report,independent_native_Q,1e+24,8192,0.9,0.1,-0.05,3,False,,,
Gemma2 report,independent_native_Q,1e+24,8192,0.9,0.1,0.0,3,False,,,
Gemma2 report,independent_native_Q,1e+24,8192,0.9,0.1,0.05,3,False,,,
Gemma2 report,independent_native_Q,1e+24,8192,1.0,-0.1,-0.05,3,False,,,
Gemma2 report,independent_native_Q,1e+24,8192,1.0,-0.1,0.0,3,False,,,
Gemma2 report,independent_native_Q,1e+24,8192,1.0,-0.1,0.05,3,False,,,
Gemma2 report,independent_native_Q,1e+24,8192,1.0,0.0,-0.05,3,False,,,
Gemma2 report,independent_native_Q,1e+24,8192,1.0,0.0,0.0,3,True,exponential;power;logarithmic,False,0.0
Gemma2 report,independent_native_Q,1e+24,8192,1.0,0.0,0.05,3,True,exponential;power;logarithmic,False,0.0
Gemma2 report,independent_native_Q,1e+24,8192,1.0,0.1,-0.05,3,True,exponential;power;logarithmic,False,0.0
Gemma2 report,independent_native_Q,1e+24,8192,1.0,0.1,0.0,3,True,exponential;power;logarithmic,False,0.0
Gemma2 report,independent_native_Q,1e+24,8192,1.0,0.1,0.05,3,True,exponential;power;logarithmic,False,0.0
Gemma2 report,independent_native_Q,1e+24,8192,1.1,-0.1,-0.05,3,True,exponential;power;logarithmic,False,0.0
Gemma2 report,independent_native_Q,1e+24,8192,1.1,-0.1,0.0,3,True,exponential;power;logarithmic,False,0.0
Gemma2 report,independent_native_Q,1e+24,8192,1.1,-0.1,0.05,3,True,exponential;power;logarithmic,False,0.0
Gemma2 report,independent_native_Q,1e+24,8192,1.1,0.0,-0.05,3,True,exponential;power;logarithmic,False,0.0
Gemma2 report,independent_native_Q,1e+24,8192,1.1,0.0,0.0,3,True,exponential;power;logarithmic,False,0.0
Gemma2 report,independent_native_Q,1e+24,8192,1.1,0.0,0.05,3,True,exponential;power;logarithmic,False,0.0
Gemma2 report,independent_native_Q,1e+24,8192,1.1,0.1,-0.05,3,True,exponential;power;logarithmic,False,0.0
Gemma2 report,independent_native_Q,1e+24,8192,1.1,0.1,0.0,3,True,exponential;power;logarithmic,False,0.0
Gemma2 report,independent_native_Q,1e+24,8192,1.1,0.1,0.05,3,True,exponential;power;logarithmic,False,0.0
Gemma2 report,independent_native_Q,1e+24,131072,0.9,-0.1,-0.05,3,False,,,
Gemma2 report,independent_native_Q,1e+24,131072,0.9,-0.1,0.0,3,False,,,
Gemma2 report,independent_native_Q,1e+24,131072,0.9,-0.1,0.05,3,False,,,
Gemma2 report,independent_native_Q,1e+24,131072,0.9,0.0,-0.05,3,False,,,
Gemma2 report,independent_native_Q,1e+24,131072,0.9,0.0,0.0,3,False,,,
Gemma2 report,independent_native_Q,1e+24,131072,0.9,0.0,0.05,3,False,,,
Gemma2 report,independent_native_Q,1e+24,131072,0.9,0.1,-0.05,3,False,,,
Gemma2 report,independent_native_Q,1e+24,131072,0.9,0.1,0.0,3,False,,,
Gemma2 report,independent_native_Q,1e+24,131072,0.9,0.1,0.05,3,False,,,
Gemma2 report,independent_native_Q,1e+24,131072,1.0,-0.1,-0.05,3,False,,,
Gemma2 report,independent_native_Q,1e+24,131072,1.0,-0.1,0.0,3,False,,,
Gemma2 report,independent_native_Q,1e+24,131072,1.0,-0.1,0.05,3,False,,,
Gemma2 report,independent_native_Q,1e+24,131072,1.0,0.0,-0.05,3,False,,,
Gemma2 report,independent_native_Q,1e+24,131072,1.0,0.0,0.0,3,True,exponential;power;logarithmic,False,0.0
Gemma2 report,independent_native_Q,1e+24,131072,1.0,0.0,0.05,3,True,exponential;power;logarithmic,False,0.0
Gemma2 report,independent_native_Q,1e+24,131072,1.0,0.1,-0.05,3,True,exponential;power;logarithmic,False,0.0
Gemma2 report,independent_native_Q,1e+24,131072,1.0,0.1,0.0,3,True,exponential;power;logarithmic,False,0.0
Gemma2 report,independent_native_Q,1e+24,131072,1.0,0.1,0.05,3,True,exponential;power;logarithmic,False,0.0
Gemma2 report,independent_native_Q,1e+24,131072,1.1,-0.1,-0.05,3,True,exponential;power;logarithmic,False,0.0
Gemma2 report,independent_native_Q,1e+24,131072,1.1,-0.1,0.0,3,True,exponential;power;logarithmic,False,0.0
Gemma2 report,independent_native_Q,1e+24,131072,1.1,-0.1,0.05,3,True,exponential;power;logarithmic,False,0.0
Gemma2 report,independent_native_Q,1e+24,131072,1.1,0.0,-0.05,3,True,exponential;power;logarithmic,False,0.0
Gemma2 report,independent_native_Q,1e+24,131072,1.1,0.0,0.0,3,True,exponential;power;logarithmic,False,0.0
Gemma2 report,independent_native_Q,1e+24,131072,1.1,0.0,0.05,3,True,exponential;power;logarithmic,False,0.0
Gemma2 report,independent_native_Q,1e+24,131072,1.1,0.1,-0.05,3,True,exponential;power;logarithmic,False,0.0
Gemma2 report,independent_native_Q,1e+24,131072,1.1,0.1,0.0,3,True,exponential;power;logarithmic,False,0.0
Gemma2 report,independent_native_Q,1e+24,131072,1.1,0.1,0.05,3,True,exponential;power;logarithmic,False,0.0
Gemma2 report,observed_joint_recipe,1e+19,2048,0.9,-0.1,-0.05,3,False,,,
Gemma2 report,observed_joint_recipe,1e+19,2048,0.9,-0.1,0.0,3,False,,,
Gemma2 report,observed_joint_recipe,1e+19,2048,0.9,-0.1,0.05,3,False,,,
Gemma2 report,observed_joint_recipe,1e+19,2048,0.9,0.0,-0.05,3,False,,,
Gemma2 report,observed_joint_recipe,1e+19,2048,0.9,0.0,0.0,3,False,,,
Gemma2 report,observed_joint_recipe,1e+19,2048,0.9,0.0,0.05,3,False,,,
Gemma2 report,observed_joint_recipe,1e+19,2048,0.9,0.1,-0.05,3,False,,,
Gemma2 report,observed_joint_recipe,1e+19,2048,0.9,0.1,0.0,3,False,,,
Gemma2 report,observed_joint_recipe,1e+19,2048,0.9,0.1,0.05,3,False,,,
Gemma2 report,observed_joint_recipe,1e+19,2048,1.0,-0.1,-0.05,3,False,,,
Gemma2 report,observed_joint_recipe,1e+19,2048,1.0,-0.1,0.0,3,False,,,
Gemma2 report,observed_joint_recipe,1e+19,2048,1.0,-0.1,0.05,3,False,,,
Gemma2 report,observed_joint_recipe,1e+19,2048,1.0,0.0,-0.05,3,False,,,
Gemma2 report,observed_joint_recipe,1e+19,2048,1.0,0.0,0.0,3,False,,,
Gemma2 report,observed_joint_recipe,1e+19,2048,1.0,0.0,0.05,3,False,,,
Gemma2 report,observed_joint_recipe,1e+19,2048,1.0,0.1,-0.05,3,False,,,
Gemma2 report,observed_joint_recipe,1e+19,2048,1.0,0.1,0.0,3,False,,,
Gemma2 report,observed_joint_recipe,1e+19,2048,1.0,0.1,0.05,3,False,,,
Gemma2 report,observed_joint_recipe,1e+19,2048,1.1,-0.1,-0.05,3,False,,,
Gemma2 report,observed_joint_recipe,1e+19,2048,1.1,-0.1,0.0,3,False,,,
Gemma2 report,observed_joint_recipe,1e+19,2048,1.1,-0.1,0.05,3,False,,,
Gemma2 report,observed_joint_recipe,1e+19,2048,1.1,0.0,-0.05,3,False,,,
Gemma2 report,observed_joint_recipe,1e+19,2048,1.1,0.0,0.0,3,False,,,
Gemma2 report,observed_joint_recipe,1e+19,2048,1.1,0.0,0.05,3,False,,,
Gemma2 report,observed_joint_recipe,1e+19,2048,1.1,0.1,-0.05,3,False,,,
Gemma2 report,observed_joint_recipe,1e+19,2048,1.1,0.1,0.0,3,False,,,
Gemma2 report,observed_joint_recipe,1e+19,2048,1.1,0.1,0.05,3,False,,,
Gemma2 report,observed_joint_recipe,1e+19,8192,0.9,-0.1,-0.05,3,False,,,
Gemma2 report,observed_joint_recipe,1e+19,8192,0.9,-0.1,0.0,3,False,,,
Gemma2 report,observed_joint_recipe,1e+19,8192,0.9,-0.1,0.05,3,False,,,
Gemma2 report,observed_joint_recipe,1e+19,8192,0.9,0.0,-0.05,3,False,,,
Gemma2 report,observed_joint_recipe,1e+19,8192,0.9,0.0,0.0,3,False,,,
Gemma2 report,observed_joint_recipe,1e+19,8192,0.9,0.0,0.05,3,False,,,
Gemma2 report,observed_joint_recipe,1e+19,8192,0.9,0.1,-0.05,3,False,,,
Gemma2 report,observed_joint_recipe,1e+19,8192,0.9,0.1,0.0,3,False,,,
Gemma2 report,observed_joint_recipe,1e+19,8192,0.9,0.1,0.05,3,False,,,
Gemma2 report,observed_joint_recipe,1e+19,8192,1.0,-0.1,-0.05,3,False,,,
Gemma2 report,observed_joint_recipe,1e+19,8192,1.0,-0.1,0.0,3,False,,,
Gemma2 report,observed_joint_recipe,1e+19,8192,1.0,-0.1,0.05,3,False,,,
Gemma2 report,observed_joint_recipe,1e+19,8192,1.0,0.0,-0.05,3,False,,,
Gemma2 report,observed_joint_recipe,1e+19,8192,1.0,0.0,0.0,3,False,,,
Gemma2 report,observed_joint_recipe,1e+19,8192,1.0,0.0,0.05,3,False,,,
Gemma2 report,observed_joint_recipe,1e+19,8192,1.0,0.1,-0.05,3,False,,,
Gemma2 report,observed_joint_recipe,1e+19,8192,1.0,0.1,0.0,3,False,,,
Gemma2 report,observed_joint_recipe,1e+19,8192,1.0,0.1,0.05,3,False,,,
Gemma2 report,observed_joint_recipe,1e+19,8192,1.1,-0.1,-0.05,3,False,,,
Gemma2 report,observed_joint_recipe,1e+19,8192,1.1,-0.1,0.0,3,False,,,
Gemma2 report,observed_joint_recipe,1e+19,8192,1.1,-0.1,0.05,3,False,,,
Gemma2 report,observed_joint_recipe,1e+19,8192,1.1,0.0,-0.05,3,False,,,
Gemma2 report,observed_joint_recipe,1e+19,8192,1.1,0.0,0.0,3,False,,,
Gemma2 report,observed_joint_recipe,1e+19,8192,1.1,0.0,0.05,3,False,,,
Gemma2 report,observed_joint_recipe,1e+19,8192,1.1,0.1,-0.05,3,False,,,
Gemma2 report,observed_joint_recipe,1e+19,8192,1.1,0.1,0.0,3,False,,,
Gemma2 report,observed_joint_recipe,1e+19,8192,1.1,0.1,0.05,3,False,,,
Gemma2 report,observed_joint_recipe,1e+19,131072,0.9,-0.1,-0.05,0,False,,,
Gemma2 report,observed_joint_recipe,1e+19,131072,0.9,-0.1,0.0,0,False,,,
Gemma2 report,observed_joint_recipe,1e+19,131072,0.9,-0.1,0.05,0,False,,,
Gemma2 report,observed_joint_recipe,1e+19,131072,0.9,0.0,-0.05,0,False,,,
Gemma2 report,observed_joint_recipe,1e+19,131072,0.9,0.0,0.0,0,False,,,
Gemma2 report,observed_joint_recipe,1e+19,131072,0.9,0.0,0.05,0,False,,,
Gemma2 report,observed_joint_recipe,1e+19,131072,0.9,0.1,-0.05,0,False,,,
Gemma2 report,observed_joint_recipe,1e+19,131072,0.9,0.1,0.0,0,False,,,
Gemma2 report,observed_joint_recipe,1e+19,131072,0.9,0.1,0.05,0,False,,,
Gemma2 report,observed_joint_recipe,1e+19,131072,1.0,-0.1,-0.05,0,False,,,
Gemma2 report,observed_joint_recipe,1e+19,131072,1.0,-0.1,0.0,0,False,,,
Gemma2 report,observed_joint_recipe,1e+19,131072,1.0,-0.1,0.05,0,False,,,
Gemma2 report,observed_joint_recipe,1e+19,131072,1.0,0.0,-0.05,0,False,,,
Gemma2 report,observed_joint_recipe,1e+19,131072,1.0,0.0,0.0,0,False,,,
Gemma2 report,observed_joint_recipe,1e+19,131072,1.0,0.0,0.05,0,False,,,
Gemma2 report,observed_joint_recipe,1e+19,131072,1.0,0.1,-0.05,0,False,,,
Gemma2 report,observed_joint_recipe,1e+19,131072,1.0,0.1,0.0,0,False,,,
Gemma2 report,observed_joint_recipe,1e+19,131072,1.0,0.1,0.05,0,False,,,
Gemma2 report,observed_joint_recipe,1e+19,131072,1.1,-0.1,-0.05,0,False,,,
Gemma2 report,observed_joint_recipe,1e+19,131072,1.1,-0.1,0.0,0,False,,,
Gemma2 report,observed_joint_recipe,1e+19,131072,1.1,-0.1,0.05,0,False,,,
Gemma2 report,observed_joint_recipe,1e+19,131072,1.1,0.0,-0.05,0,False,,,
Gemma2 report,observed_joint_recipe,1e+19,131072,1.1,0.0,0.0,0,False,,,
Gemma2 report,observed_joint_recipe,1e+19,131072,1.1,0.0,0.05,0,False,,,
Gemma2 report,observed_joint_recipe,1e+19,131072,1.1,0.1,-0.05,0,False,,,
Gemma2 report,observed_joint_recipe,1e+19,131072,1.1,0.1,0.0,0,False,,,
Gemma2 report,observed_joint_recipe,1e+19,131072,1.1,0.1,0.05,0,False,,,
Gemma2 report,observed_joint_recipe,1e+20,2048,0.9,-0.1,-0.05,3,False,,,
Gemma2 report,observed_joint_recipe,1e+20,2048,0.9,-0.1,0.0,3,False,,,
Gemma2 report,observed_joint_recipe,1e+20,2048,0.9,-0.1,0.05,3,False,,,
Gemma2 report,observed_joint_recipe,1e+20,2048,0.9,0.0,-0.05,3,False,,,
Gemma2 report,observed_joint_recipe,1e+20,2048,0.9,0.0,0.0,3,False,,,
Gemma2 report,observed_joint_recipe,1e+20,2048,0.9,0.0,0.05,3,False,,,
Gemma2 report,observed_joint_recipe,1e+20,2048,0.9,0.1,-0.05,3,False,,,
Gemma2 report,observed_joint_recipe,1e+20,2048,0.9,0.1,0.0,3,False,,,
Gemma2 report,observed_joint_recipe,1e+20,2048,0.9,0.1,0.05,3,False,,,
Gemma2 report,observed_joint_recipe,1e+20,2048,1.0,-0.1,-0.05,3,False,,,
Gemma2 report,observed_joint_recipe,1e+20,2048,1.0,-0.1,0.0,3,False,,,
Gemma2 report,observed_joint_recipe,1e+20,2048,1.0,-0.1,0.05,3,False,,,
Gemma2 report,observed_joint_recipe,1e+20,2048,1.0,0.0,-0.05,3,False,,,
Gemma2 report,observed_joint_recipe,1e+20,2048,1.0,0.0,0.0,3,False,,,
Gemma2 report,observed_joint_recipe,1e+20,2048,1.0,0.0,0.05,3,False,,,
Gemma2 report,observed_joint_recipe,1e+20,2048,1.0,0.1,-0.05,3,False,,,
Gemma2 report,observed_joint_recipe,1e+20,2048,1.0,0.1,0.0,3,False,,,
Gemma2 report,observed_joint_recipe,1e+20,2048,1.0,0.1,0.05,3,False,,,
Gemma2 report,observed_joint_recipe,1e+20,2048,1.1,-0.1,-0.05,3,False,,,
Gemma2 report,observed_joint_recipe,1e+20,2048,1.1,-0.1,0.0,3,False,,,
Gemma2 report,observed_joint_recipe,1e+20,2048,1.1,-0.1,0.05,3,False,,,
Gemma2 report,observed_joint_recipe,1e+20,2048,1.1,0.0,-0.05,3,False,,,
Gemma2 report,observed_joint_recipe,1e+20,2048,1.1,0.0,0.0,3,False,,,
Gemma2 report,observed_joint_recipe,1e+20,2048,1.1,0.0,0.05,3,False,,,
Gemma2 report,observed_joint_recipe,1e+20,2048,1.1,0.1,-0.05,3,False,,,
Gemma2 report,observed_joint_recipe,1e+20,2048,1.1,0.1,0.0,3,False,,,
Gemma2 report,observed_joint_recipe,1e+20,2048,1.1,0.1,0.05,3,False,,,
Gemma2 report,observed_joint_recipe,1e+20,8192,0.9,-0.1,-0.05,3,False,,,
Gemma2 report,observed_joint_recipe,1e+20,8192,0.9,-0.1,0.0,3,False,,,
Gemma2 report,observed_joint_recipe,1e+20,8192,0.9,-0.1,0.05,3,False,,,
Gemma2 report,observed_joint_recipe,1e+20,8192,0.9,0.0,-0.05,3,False,,,
Gemma2 report,observed_joint_recipe,1e+20,8192,0.9,0.0,0.0,3,False,,,
Gemma2 report,observed_joint_recipe,1e+20,8192,0.9,0.0,0.05,3,False,,,
Gemma2 report,observed_joint_recipe,1e+20,8192,0.9,0.1,-0.05,3,False,,,
Gemma2 report,observed_joint_recipe,1e+20,8192,0.9,0.1,0.0,3,False,,,
Gemma2 report,observed_joint_recipe,1e+20,8192,0.9,0.1,0.05,3,False,,,
Gemma2 report,observed_joint_recipe,1e+20,8192,1.0,-0.1,-0.05,3,False,,,
Gemma2 report,observed_joint_recipe,1e+20,8192,1.0,-0.1,0.0,3,False,,,
Gemma2 report,observed_joint_recipe,1e+20,8192,1.0,-0.1,0.05,3,False,,,
Gemma2 report,observed_joint_recipe,1e+20,8192,1.0,0.0,-0.05,3,False,,,
Gemma2 report,observed_joint_recipe,1e+20,8192,1.0,0.0,0.0,3,False,,,
Gemma2 report,observed_joint_recipe,1e+20,8192,1.0,0.0,0.05,3,False,,,
Gemma2 report,observed_joint_recipe,1e+20,8192,1.0,0.1,-0.05,3,False,,,
Gemma2 report,observed_joint_recipe,1e+20,8192,1.0,0.1,0.0,3,False,,,
Gemma2 report,observed_joint_recipe,1e+20,8192,1.0,0.1,0.05,3,False,,,
Gemma2 report,observed_joint_recipe,1e+20,8192,1.1,-0.1,-0.05,3,False,,,
Gemma2 report,observed_joint_recipe,1e+20,8192,1.1,-0.1,0.0,3,False,,,
Gemma2 report,observed_joint_recipe,1e+20,8192,1.1,-0.1,0.05,3,False,,,
Gemma2 report,observed_joint_recipe,1e+20,8192,1.1,0.0,-0.05,3,False,,,
Gemma2 report,observed_joint_recipe,1e+20,8192,1.1,0.0,0.0,3,False,,,
Gemma2 report,observed_joint_recipe,1e+20,8192,1.1,0.0,0.05,3,False,,,
Gemma2 report,observed_joint_recipe,1e+20,8192,1.1,0.1,-0.05,3,False,,,
Gemma2 report,observed_joint_recipe,1e+20,8192,1.1,0.1,0.0,3,False,,,
Gemma2 report,observed_joint_recipe,1e+20,8192,1.1,0.1,0.05,3,False,,,
Gemma2 report,observed_joint_recipe,1e+20,131072,0.9,-0.1,-0.05,3,False,,,
Gemma2 report,observed_joint_recipe,1e+20,131072,0.9,-0.1,0.0,3,False,,,
Gemma2 report,observed_joint_recipe,1e+20,131072,0.9,-0.1,0.05,3,False,,,
Gemma2 report,observed_joint_recipe,1e+20,131072,0.9,0.0,-0.05,3,False,,,
Gemma2 report,observed_joint_recipe,1e+20,131072,0.9,0.0,0.0,3,False,,,
Gemma2 report,observed_joint_recipe,1e+20,131072,0.9,0.0,0.05,3,False,,,
Gemma2 report,observed_joint_recipe,1e+20,131072,0.9,0.1,-0.05,3,False,,,
Gemma2 report,observed_joint_recipe,1e+20,131072,0.9,0.1,0.0,3,False,,,
Gemma2 report,observed_joint_recipe,1e+20,131072,0.9,0.1,0.05,3,False,,,
Gemma2 report,observed_joint_recipe,1e+20,131072,1.0,-0.1,-0.05,3,False,,,
Gemma2 report,observed_joint_recipe,1e+20,131072,1.0,-0.1,0.0,3,False,,,
Gemma2 report,observed_joint_recipe,1e+20,131072,1.0,-0.1,0.05,3,False,,,
Gemma2 report,observed_joint_recipe,1e+20,131072,1.0,0.0,-0.05,3,False,,,
Gemma2 report,observed_joint_recipe,1e+20,131072,1.0,0.0,0.0,3,False,,,
Gemma2 report,observed_joint_recipe,1e+20,131072,1.0,0.0,0.05,3,False,,,
Gemma2 report,observed_joint_recipe,1e+20,131072,1.0,0.1,-0.05,3,False,,,
Gemma2 report,observed_joint_recipe,1e+20,131072,1.0,0.1,0.0,3,False,,,
Gemma2 report,observed_joint_recipe,1e+20,131072,1.0,0.1,0.05,3,False,,,
Gemma2 report,observed_joint_recipe,1e+20,131072,1.1,-0.1,-0.05,3,False,,,
Gemma2 report,observed_joint_recipe,1e+20,131072,1.1,-0.1,0.0,3,False,,,
Gemma2 report,observed_joint_recipe,1e+20,131072,1.1,-0.1,0.05,3,False,,,
Gemma2 report,observed_joint_recipe,1e+20,131072,1.1,0.0,-0.05,3,False,,,
Gemma2 report,observed_joint_recipe,1e+20,131072,1.1,0.0,0.0,3,False,,,
Gemma2 report,observed_joint_recipe,1e+20,131072,1.1,0.0,0.05,3,False,,,
Gemma2 report,observed_joint_recipe,1e+20,131072,1.1,0.1,-0.05,3,False,,,
Gemma2 report,observed_joint_recipe,1e+20,131072,1.1,0.1,0.0,3,False,,,
Gemma2 report,observed_joint_recipe,1e+20,131072,1.1,0.1,0.05,3,False,,,
Gemma2 report,observed_joint_recipe,1e+22,2048,0.9,-0.1,-0.05,3,False,,,
Gemma2 report,observed_joint_recipe,1e+22,2048,0.9,-0.1,0.0,3,False,,,
Gemma2 report,observed_joint_recipe,1e+22,2048,0.9,-0.1,0.05,3,False,,,
Gemma2 report,observed_joint_recipe,1e+22,2048,0.9,0.0,-0.05,3,False,,,
Gemma2 report,observed_joint_recipe,1e+22,2048,0.9,0.0,0.0,3,False,,,
Gemma2 report,observed_joint_recipe,1e+22,2048,0.9,0.0,0.05,3,False,,,
Gemma2 report,observed_joint_recipe,1e+22,2048,0.9,0.1,-0.05,3,False,,,
Gemma2 report,observed_joint_recipe,1e+22,2048,0.9,0.1,0.0,3,True,exponential,True,0.028345784158759102
Gemma2 report,observed_joint_recipe,1e+22,2048,0.9,0.1,0.05,3,True,exponential,True,0.027453322415340153
Gemma2 report,observed_joint_recipe,1e+22,2048,1.0,-0.1,-0.05,3,False,,,
Gemma2 report,observed_joint_recipe,1e+22,2048,1.0,-0.1,0.0,3,True,exponential,True,0.03132778847919582
Gemma2 report,observed_joint_recipe,1e+22,2048,1.0,-0.1,0.05,3,True,exponential,True,0.030191270616086285
Gemma2 report,observed_joint_recipe,1e+22,2048,1.0,0.0,-0.05,3,True,exponential,True,0.030191270616086285
Gemma2 report,observed_joint_recipe,1e+22,2048,1.0,0.0,0.0,3,True,exponential,True,0.02890707240004531
Gemma2 report,observed_joint_recipe,1e+22,2048,1.0,0.0,0.05,3,True,exponential,True,0.027505404617844675
Gemma2 report,observed_joint_recipe,1e+22,2048,1.0,0.1,-0.05,3,True,exponential,True,0.027505404617826912
Gemma2 report,observed_joint_recipe,1e+22,2048,1.0,0.1,0.0,3,True,exponential,True,0.026016826791270375
Gemma2 report,observed_joint_recipe,1e+22,2048,1.0,0.1,0.05,3,True,exponential,True,0.024471031601489557
Gemma2 report,observed_joint_recipe,1e+22,2048,1.1,-0.1,-0.05,3,True,exponential,True,0.030157983806056166
Gemma2 report,observed_joint_recipe,1e+22,2048,1.1,-0.1,0.0,3,True,exponential,True,0.028347667988043668
Gemma2 report,observed_joint_recipe,1e+22,2048,1.1,-0.1,0.05,3,True,exponential,True,0.0264673203128325
Gemma2 report,observed_joint_recipe,1e+22,2048,1.1,0.0,-0.05,3,True,exponential,True,0.02681255512547054
Gemma2 report,observed_joint_recipe,1e+22,2048,1.1,0.0,0.0,3,True,exponential,True,0.024904828178538452
Gemma2 report,observed_joint_recipe,1e+22,2048,1.1,0.0,0.05,3,True,exponential,True,0.022996455468543786
Gemma2 report,observed_joint_recipe,1e+22,2048,1.1,0.1,-0.05,3,True,exponential,True,0.02334199942299975
Gemma2 report,observed_joint_recipe,1e+22,2048,1.1,0.1,0.0,3,True,exponential,True,0.02145658410494633
Gemma2 report,observed_joint_recipe,1e+22,2048,1.1,0.1,0.05,3,False,,,
Gemma2 report,observed_joint_recipe,1e+22,8192,0.9,-0.1,-0.05,3,False,,,
Gemma2 report,observed_joint_recipe,1e+22,8192,0.9,-0.1,0.0,3,False,,,
Gemma2 report,observed_joint_recipe,1e+22,8192,0.9,-0.1,0.05,3,False,,,
Gemma2 report,observed_joint_recipe,1e+22,8192,0.9,0.0,-0.05,3,False,,,
Gemma2 report,observed_joint_recipe,1e+22,8192,0.9,0.0,0.0,3,False,,,
Gemma2 report,observed_joint_recipe,1e+22,8192,0.9,0.0,0.05,3,False,,,
Gemma2 report,observed_joint_recipe,1e+22,8192,0.9,0.1,-0.05,3,False,,,
Gemma2 report,observed_joint_recipe,1e+22,8192,0.9,0.1,0.0,3,True,exponential,True,0.026421915222869075
Gemma2 report,observed_joint_recipe,1e+22,8192,0.9,0.1,0.05,3,True,exponential,True,0.02555273366806432
Gemma2 report,observed_joint_recipe,1e+22,8192,1.0,-0.1,-0.05,3,False,,,
Gemma2 report,observed_joint_recipe,1e+22,8192,1.0,-0.1,0.0,3,True,exponential,True,0.029165934660412063
Gemma2 report,observed_joint_recipe,1e+22,8192,1.0,-0.1,0.05,3,True,exponential,True,0.028057705374003206
Gemma2 report,observed_joint_recipe,1e+22,8192,1.0,0.0,-0.05,3,True,exponential,True,0.0280577053739961
Gemma2 report,observed_joint_recipe,1e+22,8192,1.0,0.0,0.0,3,True,exponential,True,0.026818265127698027
Gemma2 report,observed_joint_recipe,1e+22,8192,1.0,0.0,0.05,3,True,exponential,True,0.02547621382010945
Gemma2 report,observed_joint_recipe,1e+22,8192,1.0,0.1,-0.05,3,True,exponential,True,0.025476213820105897
Gemma2 report,observed_joint_recipe,1e+22,8192,1.0,0.1,0.0,3,True,exponential,True,0.024060153876309442
Gemma2 report,observed_joint_recipe,1e+22,8192,1.0,0.1,0.05,3,True,exponential,True,0.02259759660349303
Gemma2 report,observed_joint_recipe,1e+22,8192,1.1,-0.1,-0.05,3,True,exponential,True,0.027889093266651344
Gemma2 report,observed_joint_recipe,1e+22,8192,1.1,-0.1,0.0,3,True,exponential,True,0.02616622896194798
Gemma2 report,observed_joint_recipe,1e+22,8192,1.1,-0.1,0.05,3,True,exponential,True,0.02438805890494322
Gemma2 report,observed_joint_recipe,1e+22,8192,1.1,0.0,-0.05,3,True,exponential,True,0.024713775487335
Gemma2 report,observed_joint_recipe,1e+22,8192,1.1,0.0,0.0,3,True,exponential,True,0.0229177099367206
Gemma2 report,observed_joint_recipe,1e+22,8192,1.1,0.0,0.05,3,True,exponential,True,0.021129468281042563
Gemma2 report,observed_joint_recipe,1e+22,8192,1.1,0.1,-0.05,3,True,exponential,True,0.021452690909050887
Gemma2 report,observed_joint_recipe,1e+22,8192,1.1,0.1,0.0,3,False,,,
Gemma2 report,observed_joint_recipe,1e+22,8192,1.1,0.1,0.05,3,False,,,
Gemma2 report,observed_joint_recipe,1e+22,131072,0.9,-0.1,-0.05,3,False,,,
Gemma2 report,observed_joint_recipe,1e+22,131072,0.9,-0.1,0.0,3,False,,,
Gemma2 report,observed_joint_recipe,1e+22,131072,0.9,-0.1,0.05,3,False,,,
Gemma2 report,observed_joint_recipe,1e+22,131072,0.9,0.0,-0.05,3,True,exponential,True,0.016049354393601334
Gemma2 report,observed_joint_recipe,1e+22,131072,0.9,0.0,0.0,3,True,exponential,True,0.015584813696271738
Gemma2 report,observed_joint_recipe,1e+22,131072,0.9,0.0,0.05,3,True,exponential,True,0.015051959206125787
Gemma2 report,observed_joint_recipe,1e+22,131072,0.9,0.1,-0.05,3,True,exponential,True,0.014925331169180822
Gemma2 report,observed_joint_recipe,1e+22,131072,0.9,0.1,0.0,3,True,exponential,True,0.014323526576713874
Gemma2 report,observed_joint_recipe,1e+22,131072,0.9,0.1,0.05,3,True,exponential,True,0.013677712558028077
Gemma2 report,observed_joint_recipe,1e+22,131072,1.0,-0.1,-0.05,3,True,exponential,True,0.016340896349944956
Gemma2 report,observed_joint_recipe,1e+22,131072,1.0,-0.1,0.0,3,True,exponential,True,0.015573086960838367
Gemma2 report,observed_joint_recipe,1e+22,131072,1.0,-0.1,0.05,3,True,exponential,True,0.01475235178547507
Gemma2 report,observed_joint_recipe,1e+22,131072,1.0,0.0,-0.05,3,True,exponential,True,0.01475235178547507
Gemma2 report,observed_joint_recipe,1e+22,131072,1.0,0.0,0.0,3,True,exponential,True,0.013895462489010413
Gemma2 report,observed_joint_recipe,1e+22,131072,1.0,0.0,0.05,3,True,exponential,True,0.013018276854197097
Gemma2 report,observed_joint_recipe,1e+22,131072,1.0,0.1,-0.05,3,True,exponential,True,0.013018276854204203
Gemma2 report,observed_joint_recipe,1e+22,131072,1.0,0.1,0.0,3,True,exponential,True,0.012135278070655175
Gemma2 report,observed_joint_recipe,1e+22,131072,1.0,0.1,0.05,3,True,exponential,True,0.011259255475490448
Gemma2 report,observed_joint_recipe,1e+22,131072,1.1,-0.1,-0.05,3,True,exponential,True,0.01399414385113218
Gemma2 report,observed_joint_recipe,1e+22,131072,1.1,-0.1,0.0,3,True,exponential,True,0.012927385938350966
Gemma2 report,observed_joint_recipe,1e+22,131072,1.1,-0.1,0.05,3,False,,,
Gemma2 report,observed_joint_recipe,1e+22,131072,1.1,0.0,-0.05,3,True,exponential,True,0.012065697246924856
Gemma2 report,observed_joint_recipe,1e+22,131072,1.1,0.0,0.0,3,False,,,
Gemma2 report,observed_joint_recipe,1e+22,131072,1.1,0.0,0.05,3,False,,,
Gemma2 report,observed_joint_recipe,1e+22,131072,1.1,0.1,-0.05,3,False,,,
Gemma2 report,observed_joint_recipe,1e+22,131072,1.1,0.1,0.0,3,False,,,
Gemma2 report,observed_joint_recipe,1e+22,131072,1.1,0.1,0.05,3,False,,,
Gemma2 report,observed_joint_recipe,1e+24,2048,0.9,-0.1,-0.05,3,False,,,
Gemma2 report,observed_joint_recipe,1e+24,2048,0.9,-0.1,0.0,3,False,,,
Gemma2 report,observed_joint_recipe,1e+24,2048,0.9,-0.1,0.05,3,False,,,
Gemma2 report,observed_joint_recipe,1e+24,2048,0.9,0.0,-0.05,3,False,,,
Gemma2 report,observed_joint_recipe,1e+24,2048,0.9,0.0,0.0,3,False,,,
Gemma2 report,observed_joint_recipe,1e+24,2048,0.9,0.0,0.05,3,False,,,
Gemma2 report,observed_joint_recipe,1e+24,2048,0.9,0.1,-0.05,3,False,,,
Gemma2 report,observed_joint_recipe,1e+24,2048,0.9,0.1,0.0,3,False,,,
Gemma2 report,observed_joint_recipe,1e+24,2048,0.9,0.1,0.05,3,True,exponential;power;logarithmic,False,0.0
Gemma2 report,observed_joint_recipe,1e+24,2048,1.0,-0.1,-0.05,3,False,,,
Gemma2 report,observed_joint_recipe,1e+24,2048,1.0,-0.1,0.0,3,False,,,
Gemma2 report,observed_joint_recipe,1e+24,2048,1.0,-0.1,0.05,3,True,exponential;power;logarithmic,False,0.0
Gemma2 report,observed_joint_recipe,1e+24,2048,1.0,0.0,-0.05,3,True,exponential;power;logarithmic,False,0.0
Gemma2 report,observed_joint_recipe,1e+24,2048,1.0,0.0,0.0,3,True,exponential;power;logarithmic,False,0.0
Gemma2 report,observed_joint_recipe,1e+24,2048,1.0,0.0,0.05,3,True,exponential;power;logarithmic,False,0.0
Gemma2 report,observed_joint_recipe,1e+24,2048,1.0,0.1,-0.05,3,True,exponential;power;logarithmic,False,0.0
Gemma2 report,observed_joint_recipe,1e+24,2048,1.0,0.1,0.0,3,True,exponential;power;logarithmic,False,0.0
Gemma2 report,observed_joint_recipe,1e+24,2048,1.0,0.1,0.05,3,True,exponential;power;logarithmic,False,0.0
Gemma2 report,observed_joint_recipe,1e+24,2048,1.1,-0.1,-0.05,3,True,exponential;power;logarithmic,False,0.0
Gemma2 report,observed_joint_recipe,1e+24,2048,1.1,-0.1,0.0,3,True,exponential;power;logarithmic,False,0.0
Gemma2 report,observed_joint_recipe,1e+24,2048,1.1,-0.1,0.05,3,True,exponential;power;logarithmic,False,0.0
Gemma2 report,observed_joint_recipe,1e+24,2048,1.1,0.0,-0.05,3,True,exponential;power;logarithmic,False,0.0
Gemma2 report,observed_joint_recipe,1e+24,2048,1.1,0.0,0.0,3,True,exponential;power;logarithmic,False,0.0
Gemma2 report,observed_joint_recipe,1e+24,2048,1.1,0.0,0.05,3,True,exponential;power;logarithmic,False,0.0
Gemma2 report,observed_joint_recipe,1e+24,2048,1.1,0.1,-0.05,3,True,exponential;power;logarithmic,False,0.0
Gemma2 report,observed_joint_recipe,1e+24,2048,1.1,0.1,0.0,3,True,exponential;power;logarithmic,False,0.0
Gemma2 report,observed_joint_recipe,1e+24,2048,1.1,0.1,0.05,3,True,exponential;power;logarithmic,False,0.0
Gemma2 report,observed_joint_recipe,1e+24,8192,0.9,-0.1,-0.05,3,False,,,
Gemma2 report,observed_joint_recipe,1e+24,8192,0.9,-0.1,0.0,3,False,,,
Gemma2 report,observed_joint_recipe,1e+24,8192,0.9,-0.1,0.05,3,False,,,
Gemma2 report,observed_joint_recipe,1e+24,8192,0.9,0.0,-0.05,3,False,,,
Gemma2 report,observed_joint_recipe,1e+24,8192,0.9,0.0,0.0,3,False,,,
Gemma2 report,observed_joint_recipe,1e+24,8192,0.9,0.0,0.05,3,False,,,
Gemma2 report,observed_joint_recipe,1e+24,8192,0.9,0.1,-0.05,3,False,,,
Gemma2 report,observed_joint_recipe,1e+24,8192,0.9,0.1,0.0,3,False,,,
Gemma2 report,observed_joint_recipe,1e+24,8192,0.9,0.1,0.05,3,True,exponential;power;logarithmic,False,0.0
Gemma2 report,observed_joint_recipe,1e+24,8192,1.0,-0.1,-0.05,3,False,,,
Gemma2 report,observed_joint_recipe,1e+24,8192,1.0,-0.1,0.0,3,False,,,
Gemma2 report,observed_joint_recipe,1e+24,8192,1.0,-0.1,0.05,3,True,exponential;power;logarithmic,False,0.0
Gemma2 report,observed_joint_recipe,1e+24,8192,1.0,0.0,-0.05,3,True,exponential;power;logarithmic,False,0.0
Gemma2 report,observed_joint_recipe,1e+24,8192,1.0,0.0,0.0,3,True,exponential;power;logarithmic,False,0.0
Gemma2 report,observed_joint_recipe,1e+24,8192,1.0,0.0,0.05,3,True,exponential;power;logarithmic,False,0.0
Gemma2 report,observed_joint_recipe,1e+24,8192,1.0,0.1,-0.05,3,True,exponential;power;logarithmic,False,0.0
Gemma2 report,observed_joint_recipe,1e+24,8192,1.0,0.1,0.0,3,True,exponential;power;logarithmic,False,0.0
Gemma2 report,observed_joint_recipe,1e+24,8192,1.0,0.1,0.05,3,True,exponential;power;logarithmic,False,0.0
Gemma2 report,observed_joint_recipe,1e+24,8192,1.1,-0.1,-0.05,3,True,exponential;power;logarithmic,False,0.0
Gemma2 report,observed_joint_recipe,1e+24,8192,1.1,-0.1,0.0,3,True,exponential;power;logarithmic,False,0.0
Gemma2 report,observed_joint_recipe,1e+24,8192,1.1,-0.1,0.05,3,True,exponential;power;logarithmic,False,0.0
Gemma2 report,observed_joint_recipe,1e+24,8192,1.1,0.0,-0.05,3,True,exponential;power;logarithmic,False,0.0
Gemma2 report,observed_joint_recipe,1e+24,8192,1.1,0.0,0.0,3,True,exponential;power;logarithmic,False,0.0
Gemma2 report,observed_joint_recipe,1e+24,8192,1.1,0.0,0.05,3,True,exponential;power;logarithmic,False,0.0
Gemma2 report,observed_joint_recipe,1e+24,8192,1.1,0.1,-0.05,3,True,exponential;power;logarithmic,False,0.0
Gemma2 report,observed_joint_recipe,1e+24,8192,1.1,0.1,0.0,3,True,exponential;power;logarithmic,False,0.0
Gemma2 report,observed_joint_recipe,1e+24,8192,1.1,0.1,0.05,3,True,exponential;power;logarithmic,False,0.0
Gemma2 report,observed_joint_recipe,1e+24,131072,0.9,-0.1,-0.05,3,False,,,
Gemma2 report,observed_joint_recipe,1e+24,131072,0.9,-0.1,0.0,3,False,,,
Gemma2 report,observed_joint_recipe,1e+24,131072,0.9,-0.1,0.05,3,False,,,
Gemma2 report,observed_joint_recipe,1e+24,131072,0.9,0.0,-0.05,3,False,,,
Gemma2 report,observed_joint_recipe,1e+24,131072,0.9,0.0,0.0,3,False,,,
Gemma2 report,observed_joint_recipe,1e+24,131072,0.9,0.0,0.05,3,False,,,
Gemma2 report,observed_joint_recipe,1e+24,131072,0.9,0.1,-0.05,3,False,,,
Gemma2 report,observed_joint_recipe,1e+24,131072,0.9,0.1,0.0,3,False,,,
Gemma2 report,observed_joint_recipe,1e+24,131072,0.9,0.1,0.05,3,True,exponential;power;logarithmic,False,0.0
Gemma2 report,observed_joint_recipe,1e+24,131072,1.0,-0.1,-0.05,3,False,,,
Gemma2 report,observed_joint_recipe,1e+24,131072,1.0,-0.1,0.0,3,False,,,
Gemma2 report,observed_joint_recipe,1e+24,131072,1.0,-0.1,0.05,3,True,exponential;power;logarithmic,False,0.0
Gemma2 report,observed_joint_recipe,1e+24,131072,1.0,0.0,-0.05,3,True,exponential;power;logarithmic,False,0.0
Gemma2 report,observed_joint_recipe,1e+24,131072,1.0,0.0,0.0,3,True,exponential;power;logarithmic,False,0.0
Gemma2 report,observed_joint_recipe,1e+24,131072,1.0,0.0,0.05,3,True,exponential;power;logarithmic,False,0.0
Gemma2 report,observed_joint_recipe,1e+24,131072,1.0,0.1,-0.05,3,True,exponential;power;logarithmic,False,0.0
Gemma2 report,observed_joint_recipe,1e+24,131072,1.0,0.1,0.0,3,True,exponential;power;logarithmic,False,0.0
Gemma2 report,observed_joint_recipe,1e+24,131072,1.0,0.1,0.05,3,True,exponential;power;logarithmic,False,0.0
Gemma2 report,observed_joint_recipe,1e+24,131072,1.1,-0.1,-0.05,3,True,exponential;power;logarithmic,False,0.0
Gemma2 report,observed_joint_recipe,1e+24,131072,1.1,-0.1,0.0,3,True,exponential;power;logarithmic,False,0.0
Gemma2 report,observed_joint_recipe,1e+24,131072,1.1,-0.1,0.05,3,True,exponential;power;logarithmic,False,0.0
Gemma2 report,observed_joint_recipe,1e+24,131072,1.1,0.0,-0.05,3,True,exponential;power;logarithmic,False,0.0
Gemma2 report,observed_joint_recipe,1e+24,131072,1.1,0.0,0.0,3,True,exponential;power;logarithmic,False,0.0
Gemma2 report,observed_joint_recipe,1e+24,131072,1.1,0.0,0.05,3,True,exponential;power;logarithmic,False,0.0
Gemma2 report,observed_joint_recipe,1e+24,131072,1.1,0.1,-0.05,3,True,exponential;power;logarithmic,False,0.0
Gemma2 report,observed_joint_recipe,1e+24,131072,1.1,0.1,0.0,3,True,exponential;power;logarithmic,False,0.0
Gemma2 report,observed_joint_recipe,1e+24,131072,1.1,0.1,0.05,3,True,exponential;power;logarithmic,False,0.0
"Pythia training log (Attachment B, final checkpoint D=299.9B tokens)",fixed_recipe,1e+19,2048,0.9,-0.1,-0.05,2,False,,,
"Pythia training log (Attachment B, final checkpoint D=299.9B tokens)",fixed_recipe,1e+19,2048,0.9,-0.1,0.0,2,False,,,
"Pythia training log (Attachment B, final checkpoint D=299.9B tokens)",fixed_recipe,1e+19,2048,0.9,-0.1,0.05,2,False,,,
"Pythia training log (Attachment B, final checkpoint D=299.9B tokens)",fixed_recipe,1e+19,2048,0.9,0.0,-0.05,2,False,,,
"Pythia training log (Attachment B, final checkpoint D=299.9B tokens)",fixed_recipe,1e+19,2048,0.9,0.0,0.0,2,False,,,
"Pythia training log (Attachment B, final checkpoint D=299.9B tokens)",fixed_recipe,1e+19,2048,0.9,0.0,0.05,2,False,,,
"Pythia training log (Attachment B, final checkpoint D=299.9B tokens)",fixed_recipe,1e+19,2048,0.9,0.1,-0.05,2,False,,,
"Pythia training log (Attachment B, final checkpoint D=299.9B tokens)",fixed_recipe,1e+19,2048,0.9,0.1,0.0,2,False,,,
"Pythia training log (Attachment B, final checkpoint D=299.9B tokens)",fixed_recipe,1e+19,2048,0.9,0.1,0.05,2,False,,,
"Pythia training log (Attachment B, final checkpoint D=299.9B tokens)",fixed_recipe,1e+19,2048,1.0,-0.1,-0.05,2,False,,,
"Pythia training log (Attachment B, final checkpoint D=299.9B tokens)",fixed_recipe,1e+19,2048,1.0,-0.1,0.0,2,False,,,
"Pythia training log (Attachment B, final checkpoint D=299.9B tokens)",fixed_recipe,1e+19,2048,1.0,-0.1,0.05,2,False,,,
"Pythia training log (Attachment B, final checkpoint D=299.9B tokens)",fixed_recipe,1e+19,2048,1.0,0.0,-0.05,2,False,,,
"Pythia training log (Attachment B, final checkpoint D=299.9B tokens)",fixed_recipe,1e+19,2048,1.0,0.0,0.0,2,False,,,
"Pythia training log (Attachment B, final checkpoint D=299.9B tokens)",fixed_recipe,1e+19,2048,1.0,0.0,0.05,2,False,,,
"Pythia training log (Attachment B, final checkpoint D=299.9B tokens)",fixed_recipe,1e+19,2048,1.0,0.1,-0.05,2,False,,,
"Pythia training log (Attachment B, final checkpoint D=299.9B tokens)",fixed_recipe,1e+19,2048,1.0,0.1,0.0,2,False,,,
"Pythia training log (Attachment B, final checkpoint D=299.9B tokens)",fixed_recipe,1e+19,2048,1.0,0.1,0.05,2,False,,,
"Pythia training log (Attachment B, final checkpoint D=299.9B tokens)",fixed_recipe,1e+19,2048,1.1,-0.1,-0.05,2,False,,,
"Pythia training log (Attachment B, final checkpoint D=299.9B tokens)",fixed_recipe,1e+19,2048,1.1,-0.1,0.0,2,False,,,
"Pythia training log (Attachment B, final checkpoint D=299.9B tokens)",fixed_recipe,1e+19,2048,1.1,-0.1,0.05,2,False,,,
"Pythia training log (Attachment B, final checkpoint D=299.9B tokens)",fixed_recipe,1e+19,2048,1.1,0.0,-0.05,2,False,,,
"Pythia training log (Attachment B, final checkpoint D=299.9B tokens)",fixed_recipe,1e+19,2048,1.1,0.0,0.0,2,False,,,
"Pythia training log (Attachment B, final checkpoint D=299.9B tokens)",fixed_recipe,1e+19,2048,1.1,0.0,0.05,2,False,,,
"Pythia training log (Attachment B, final checkpoint D=299.9B tokens)",fixed_recipe,1e+19,2048,1.1,0.1,-0.05,2,False,,,
"Pythia training log (Attachment B, final checkpoint D=299.9B tokens)",fixed_recipe,1e+19,2048,1.1,0.1,0.0,2,False,,,
"Pythia training log (Attachment B, final checkpoint D=299.9B tokens)",fixed_recipe,1e+19,2048,1.1,0.1,0.05,2,False,,,
"Pythia training log (Attachment B, final checkpoint D=299.9B tokens)",fixed_recipe,1e+19,8192,0.9,-0.1,-0.05,1,False,,,
"Pythia training log (Attachment B, final checkpoint D=299.9B tokens)",fixed_recipe,1e+19,8192,0.9,-0.1,0.0,1,False,,,
"Pythia training log (Attachment B, final checkpoint D=299.9B tokens)",fixed_recipe,1e+19,8192,0.9,-0.1,0.05,1,False,,,
"Pythia training log (Attachment B, final checkpoint D=299.9B tokens)",fixed_recipe,1e+19,8192,0.9,0.0,-0.05,1,False,,,
"Pythia training log (Attachment B, final checkpoint D=299.9B tokens)",fixed_recipe,1e+19,8192,0.9,0.0,0.0,1,False,,,
"Pythia training log (Attachment B, final checkpoint D=299.9B tokens)",fixed_recipe,1e+19,8192,0.9,0.0,0.05,1,False,,,
"Pythia training log (Attachment B, final checkpoint D=299.9B tokens)",fixed_recipe,1e+19,8192,0.9,0.1,-0.05,1,False,,,
"Pythia training log (Attachment B, final checkpoint D=299.9B tokens)",fixed_recipe,1e+19,8192,0.9,0.1,0.0,1,False,,,
"Pythia training log (Attachment B, final checkpoint D=299.9B tokens)",fixed_recipe,1e+19,8192,0.9,0.1,0.05,1,False,,,
"Pythia training log (Attachment B, final checkpoint D=299.9B tokens)",fixed_recipe,1e+19,8192,1.0,-0.1,-0.05,1,False,,,
"Pythia training log (Attachment B, final checkpoint D=299.9B tokens)",fixed_recipe,1e+19,8192,1.0,-0.1,0.0,1,False,,,
"Pythia training log (Attachment B, final checkpoint D=299.9B tokens)",fixed_recipe,1e+19,8192,1.0,-0.1,0.05,1,False,,,
"Pythia training log (Attachment B, final checkpoint D=299.9B tokens)",fixed_recipe,1e+19,8192,1.0,0.0,-0.05,1,False,,,
"Pythia training log (Attachment B, final checkpoint D=299.9B tokens)",fixed_recipe,1e+19,8192,1.0,0.0,0.0,1,False,,,
"Pythia training log (Attachment B, final checkpoint D=299.9B tokens)",fixed_recipe,1e+19,8192,1.0,0.0,0.05,1,False,,,
"Pythia training log (Attachment B, final checkpoint D=299.9B tokens)",fixed_recipe,1e+19,8192,1.0,0.1,-0.05,1,False,,,
"Pythia training log (Attachment B, final checkpoint D=299.9B tokens)",fixed_recipe,1e+19,8192,1.0,0.1,0.0,1,False,,,
"Pythia training log (Attachment B, final checkpoint D=299.9B tokens)",fixed_recipe,1e+19,8192,1.0,0.1,0.05,1,False,,,
"Pythia training log (Attachment B, final checkpoint D=299.9B tokens)",fixed_recipe,1e+19,8192,1.1,-0.1,-0.05,1,False,,,
"Pythia training log (Attachment B, final checkpoint D=299.9B tokens)",fixed_recipe,1e+19,8192,1.1,-0.1,0.0,1,False,,,
"Pythia training log (Attachment B, final checkpoint D=299.9B tokens)",fixed_recipe,1e+19,8192,1.1,-0.1,0.05,1,False,,,
"Pythia training log (Attachment B, final checkpoint D=299.9B tokens)",fixed_recipe,1e+19,8192,1.1,0.0,-0.05,1,False,,,
"Pythia training log (Attachment B, final checkpoint D=299.9B tokens)",fixed_recipe,1e+19,8192,1.1,0.0,0.0,1,False,,,
"Pythia training log (Attachment B, final checkpoint D=299.9B tokens)",fixed_recipe,1e+19,8192,1.1,0.0,0.05,1,False,,,
"Pythia training log (Attachment B, final checkpoint D=299.9B tokens)",fixed_recipe,1e+19,8192,1.1,0.1,-0.05,1,False,,,
"Pythia training log (Attachment B, final checkpoint D=299.9B tokens)",fixed_recipe,1e+19,8192,1.1,0.1,0.0,1,False,,,
"Pythia training log (Attachment B, final checkpoint D=299.9B tokens)",fixed_recipe,1e+19,8192,1.1,0.1,0.05,1,False,,,
"Pythia training log (Attachment B, final checkpoint D=299.9B tokens)",fixed_recipe,1e+19,131072,0.9,-0.1,-0.05,0,False,,,
"Pythia training log (Attachment B, final checkpoint D=299.9B tokens)",fixed_recipe,1e+19,131072,0.9,-0.1,0.0,0,False,,,
"Pythia training log (Attachment B, final checkpoint D=299.9B tokens)",fixed_recipe,1e+19,131072,0.9,-0.1,0.05,0,False,,,
"Pythia training log (Attachment B, final checkpoint D=299.9B tokens)",fixed_recipe,1e+19,131072,0.9,0.0,-0.05,0,False,,,
"Pythia training log (Attachment B, final checkpoint D=299.9B tokens)",fixed_recipe,1e+19,131072,0.9,0.0,0.0,0,False,,,
"Pythia training log (Attachment B, final checkpoint D=299.9B tokens)",fixed_recipe,1e+19,131072,0.9,0.0,0.05,0,False,,,
"Pythia training log (Attachment B, final checkpoint D=299.9B tokens)",fixed_recipe,1e+19,131072,0.9,0.1,-0.05,0,False,,,
"Pythia training log (Attachment B, final checkpoint D=299.9B tokens)",fixed_recipe,1e+19,131072,0.9,0.1,0.0,0,False,,,
"Pythia training log (Attachment B, final checkpoint D=299.9B tokens)",fixed_recipe,1e+19,131072,0.9,0.1,0.05,0,False,,,
"Pythia training log (Attachment B, final checkpoint D=299.9B tokens)",fixed_recipe,1e+19,131072,1.0,-0.1,-0.05,0,False,,,
"Pythia training log (Attachment B, final checkpoint D=299.9B tokens)",fixed_recipe,1e+19,131072,1.0,-0.1,0.0,0,False,,,
"Pythia training log (Attachment B, final checkpoint D=299.9B tokens)",fixed_recipe,1e+19,131072,1.0,-0.1,0.05,0,False,,,
"Pythia training log (Attachment B, final checkpoint D=299.9B tokens)",fixed_recipe,1e+19,131072,1.0,0.0,-0.05,0,False,,,
"Pythia training log (Attachment B, final checkpoint D=299.9B tokens)",fixed_recipe,1e+19,131072,1.0,0.0,0.0,0,False,,,
"Pythia training log (Attachment B, final checkpoint D=299.9B tokens)",fixed_recipe,1e+19,131072,1.0,0.0,0.05,0,False,,,
"Pythia training log (Attachment B, final checkpoint D=299.9B tokens)",fixed_recipe,1e+19,131072,1.0,0.1,-0.05,0,False,,,
"Pythia training log (Attachment B, final checkpoint D=299.9B tokens)",fixed_recipe,1e+19,131072,1.0,0.1,0.0,0,False,,,
"Pythia training log (Attachment B, final checkpoint D=299.9B tokens)",fixed_recipe,1e+19,131072,1.0,0.1,0.05,0,False,,,
"Pythia training log (Attachment B, final checkpoint D=299.9B tokens)",fixed_recipe,1e+19,131072,1.1,-0.1,-0.05,0,False,,,
"Pythia training log (Attachment B, final checkpoint D=299.9B tokens)",fixed_recipe,1e+19,131072,1.1,-0.1,0.0,0,False,,,
"Pythia training log (Attachment B, final checkpoint D=299.9B tokens)",fixed_recipe,1e+19,131072,1.1,-0.1,0.05,0,False,,,
"Pythia training log (Attachment B, final checkpoint D=299.9B tokens)",fixed_recipe,1e+19,131072,1.1,0.0,-0.05,0,False,,,
"Pythia training log (Attachment B, final checkpoint D=299.9B tokens)",fixed_recipe,1e+19,131072,1.1,0.0,0.0,0,False,,,
"Pythia training log (Attachment B, final checkpoint D=299.9B tokens)",fixed_recipe,1e+19,131072,1.1,0.0,0.05,0,False,,,
"Pythia training log (Attachment B, final checkpoint D=299.9B tokens)",fixed_recipe,1e+19,131072,1.1,0.1,-0.05,0,False,,,
"Pythia training log (Attachment B, final checkpoint D=299.9B tokens)",fixed_recipe,1e+19,131072,1.1,0.1,0.0,0,False,,,
"Pythia training log (Attachment B, final checkpoint D=299.9B tokens)",fixed_recipe,1e+19,131072,1.1,0.1,0.05,0,False,,,
"Pythia training log (Attachment B, final checkpoint D=299.9B tokens)",fixed_recipe,1e+20,2048,0.9,-0.1,-0.05,3,True,exponential,True,0.007007806142645734
"Pythia training log (Attachment B, final checkpoint D=299.9B tokens)",fixed_recipe,1e+20,2048,0.9,-0.1,0.0,3,True,exponential,True,0.006962188285538851
"Pythia training log (Attachment B, final checkpoint D=299.9B tokens)",fixed_recipe,1e+20,2048,0.9,-0.1,0.05,3,True,exponential,True,0.006916826946941512
"Pythia training log (Attachment B, final checkpoint D=299.9B tokens)",fixed_recipe,1e+20,2048,0.9,0.0,-0.05,3,True,exponential,True,0.006906781396808448
"Pythia training log (Attachment B, final checkpoint D=299.9B tokens)",fixed_recipe,1e+20,2048,0.9,0.0,0.0,3,True,exponential,True,0.0068617323839239575
"Pythia training log (Attachment B, final checkpoint D=299.9B tokens)",fixed_recipe,1e+20,2048,0.9,0.0,0.05,3,True,exponential,True,0.006816937924631894
"Pythia training log (Attachment B, final checkpoint D=299.9B tokens)",fixed_recipe,1e+20,2048,0.9,0.1,-0.05,3,True,exponential,True,0.006807018079662441
"Pythia training log (Attachment B, final checkpoint D=299.9B tokens)",fixed_recipe,1e+20,2048,0.9,0.1,0.0,3,True,exponential,True,0.006762533528798187
"Pythia training log (Attachment B, final checkpoint D=299.9B tokens)",fixed_recipe,1e+20,2048,0.9,0.1,0.05,3,True,exponential,True,0.006718301541307703
"Pythia training log (Attachment B, final checkpoint D=299.9B tokens)",fixed_recipe,1e+20,2048,1.0,-0.1,-0.05,3,True,exponential,True,0.007504961980592029
"Pythia training log (Attachment B, final checkpoint D=299.9B tokens)",fixed_recipe,1e+20,2048,1.0,-0.1,0.0,3,True,exponential,True,0.007450428476817983
"Pythia training log (Attachment B, final checkpoint D=299.9B tokens)",fixed_recipe,1e+20,2048,1.0,-0.1,0.05,3,True,exponential,True,0.007396239821082062
"Pythia training log (Attachment B, final checkpoint D=299.9B tokens)",fixed_recipe,1e+20,2048,1.0,0.0,-0.05,3,True,exponential,True,0.007396239821082062
"Pythia training log (Attachment B, final checkpoint D=299.9B tokens)",fixed_recipe,1e+20,2048,1.0,0.0,0.0,3,True,exponential,True,0.0073423946269910445
"Pythia training log (Attachment B, final checkpoint D=299.9B tokens)",fixed_recipe,1e+20,2048,1.0,0.0,0.05,3,False,,,
"Pythia training log (Attachment B, final checkpoint D=299.9B tokens)",fixed_recipe,1e+20,2048,1.0,0.1,-0.05,3,False,,,
"Pythia training log (Attachment B, final checkpoint D=299.9B tokens)",fixed_recipe,1e+20,2048,1.0,0.1,0.0,3,False,,,
"Pythia training log (Attachment B, final checkpoint D=299.9B tokens)",fixed_recipe,1e+20,2048,1.0,0.1,0.05,3,False,,,
"Pythia training log (Attachment B, final checkpoint D=299.9B tokens)",fixed_recipe,1e+20,2048,1.1,-0.1,-0.05,3,False,,,
"Pythia training log (Attachment B, final checkpoint D=299.9B tokens)",fixed_recipe,1e+20,2048,1.1,-0.1,0.0,3,False,,,
"Pythia training log (Attachment B, final checkpoint D=299.9B tokens)",fixed_recipe,1e+20,2048,1.1,-0.1,0.05,3,False,,,
"Pythia training log (Attachment B, final checkpoint D=299.9B tokens)",fixed_recipe,1e+20,2048,1.1,0.0,-0.05,3,False,,,
"Pythia training log (Attachment B, final checkpoint D=299.9B tokens)",fixed_recipe,1e+20,2048,1.1,0.0,0.0,3,False,,,
"Pythia training log (Attachment B, final checkpoint D=299.9B tokens)",fixed_recipe,1e+20,2048,1.1,0.0,0.05,3,False,,,
"Pythia training log (Attachment B, final checkpoint D=299.9B tokens)",fixed_recipe,1e+20,2048,1.1,0.1,-0.05,3,False,,,
"Pythia training log (Attachment B, final checkpoint D=299.9B tokens)",fixed_recipe,1e+20,2048,1.1,0.1,0.0,3,False,,,
"Pythia training log (Attachment B, final checkpoint D=299.9B tokens)",fixed_recipe,1e+20,2048,1.1,0.1,0.05,3,False,,,
"Pythia training log (Attachment B, final checkpoint D=299.9B tokens)",fixed_recipe,1e+20,8192,0.9,-0.1,-0.05,3,True,exponential,True,0.0066131850540447346
"Pythia training log (Attachment B, final checkpoint D=299.9B tokens)",fixed_recipe,1e+20,8192,0.9,-0.1,0.0,3,True,exponential,True,0.0065701171100398525
"Pythia training log (Attachment B, final checkpoint D=299.9B tokens)",fixed_recipe,1e+20,8192,0.9,-0.1,0.05,3,True,exponential,True,0.006527291608287911
"Pythia training log (Attachment B, final checkpoint D=299.9B tokens)",fixed_recipe,1e+20,8192,0.9,0.0,-0.05,3,True,exponential,True,0.006517807670322284
"Pythia training log (Attachment B, final checkpoint D=299.9B tokens)",fixed_recipe,1e+20,8192,0.9,0.0,0.0,3,True,exponential,True,0.0064752773503462535
"Pythia training log (Attachment B, final checkpoint D=299.9B tokens)",fixed_recipe,1e+20,8192,0.9,0.0,0.05,3,True,exponential,True,0.006432987606953766
"Pythia training log (Attachment B, final checkpoint D=299.9B tokens)",fixed_recipe,1e+20,8192,0.9,0.1,-0.05,3,True,exponential,True,0.006423622471948498
"Pythia training log (Attachment B, final checkpoint D=299.9B tokens)",fixed_recipe,1e+20,8192,0.9,0.1,0.0,3,True,exponential,True,0.0063816256154192175
"Pythia training log (Attachment B, final checkpoint D=299.9B tokens)",fixed_recipe,1e+20,8192,0.9,0.1,0.05,3,True,exponential,True,0.006339867446206071
"Pythia training log (Attachment B, final checkpoint D=299.9B tokens)",fixed_recipe,1e+20,8192,1.0,-0.1,-0.05,3,True,exponential,True,0.007079694958650684
"Pythia training log (Attachment B, final checkpoint D=299.9B tokens)",fixed_recipe,1e+20,8192,1.0,-0.1,0.0,3,True,exponential,True,0.007028227535192499
"Pythia training log (Attachment B, final checkpoint D=299.9B tokens)",fixed_recipe,1e+20,8192,1.0,-0.1,0.05,3,True,exponential,True,0.006977085942535766
"Pythia training log (Attachment B, final checkpoint D=299.9B tokens)",fixed_recipe,1e+20,8192,1.0,0.0,-0.05,3,True,exponential,True,0.006977085942535766
"Pythia training log (Attachment B, final checkpoint D=299.9B tokens)",fixed_recipe,1e+20,8192,1.0,0.0,0.0,3,False,,,
"Pythia training log (Attachment B, final checkpoint D=299.9B tokens)",fixed_recipe,1e+20,8192,1.0,0.0,0.05,3,False,,,
"Pythia training log (Attachment B, final checkpoint D=299.9B tokens)",fixed_recipe,1e+20,8192,1.0,0.1,-0.05,3,False,,,
"Pythia training log (Attachment B, final checkpoint D=299.9B tokens)",fixed_recipe,1e+20,8192,1.0,0.1,0.0,3,False,,,
"Pythia training log (Attachment B, final checkpoint D=299.9B tokens)",fixed_recipe,1e+20,8192,1.0,0.1,0.05,3,False,,,
"Pythia training log (Attachment B, final checkpoint D=299.9B tokens)",fixed_recipe,1e+20,8192,1.1,-0.1,-0.05,3,False,,,
"Pythia training log (Attachment B, final checkpoint D=299.9B tokens)",fixed_recipe,1e+20,8192,1.1,-0.1,0.0,3,False,,,
"Pythia training log (Attachment B, final checkpoint D=299.9B tokens)",fixed_recipe,1e+20,8192,1.1,-0.1,0.05,3,False,,,
"Pythia training log (Attachment B, final checkpoint D=299.9B tokens)",fixed_recipe,1e+20,8192,1.1,0.0,-0.05,3,False,,,
"Pythia training log (Attachment B, final checkpoint D=299.9B tokens)",fixed_recipe,1e+20,8192,1.1,0.0,0.0,3,False,,,
"Pythia training log (Attachment B, final checkpoint D=299.9B tokens)",fixed_recipe,1e+20,8192,1.1,0.0,0.05,3,False,,,
"Pythia training log (Attachment B, final checkpoint D=299.9B tokens)",fixed_recipe,1e+20,8192,1.1,0.1,-0.05,3,False,,,
"Pythia training log (Attachment B, final checkpoint D=299.9B tokens)",fixed_recipe,1e+20,8192,1.1,0.1,0.0,3,False,,,
"Pythia training log (Attachment B, final checkpoint D=299.9B tokens)",fixed_recipe,1e+20,8192,1.1,0.1,0.05,3,False,,,
"Pythia training log (Attachment B, final checkpoint D=299.9B tokens)",fixed_recipe,1e+20,131072,0.9,-0.1,-0.05,3,True,exponential,True,0.005287403882961783
"Pythia training log (Attachment B, final checkpoint D=299.9B tokens)",fixed_recipe,1e+20,131072,0.9,-0.1,0.0,3,True,exponential,True,0.005252829941264636
"Pythia training log (Attachment B, final checkpoint D=299.9B tokens)",fixed_recipe,1e+20,131072,0.9,-0.1,0.05,3,True,exponential,True,0.005218452576134069
"Pythia training log (Attachment B, final checkpoint D=299.9B tokens)",fixed_recipe,1e+20,131072,0.9,0.0,-0.05,3,True,exponential,True,0.005210839786163213
"Pythia training log (Attachment B, final checkpoint D=299.9B tokens)",fixed_recipe,1e+20,131072,0.9,0.0,0.0,3,True,exponential,True,0.005176701720381871
"Pythia training log (Attachment B, final checkpoint D=299.9B tokens)",fixed_recipe,1e+20,131072,0.9,0.0,0.05,3,False,,,
"Pythia training log (Attachment B, final checkpoint D=299.9B tokens)",fixed_recipe,1e+20,131072,0.9,0.1,-0.05,3,False,,,
"Pythia training log (Attachment B, final checkpoint D=299.9B tokens)",fixed_recipe,1e+20,131072,0.9,0.1,0.0,3,False,,,
"Pythia training log (Attachment B, final checkpoint D=299.9B tokens)",fixed_recipe,1e+20,131072,0.9,0.1,0.05,3,False,,,
"Pythia training log (Attachment B, final checkpoint D=299.9B tokens)",fixed_recipe,1e+20,131072,1.0,-0.1,-0.05,3,False,,,
"Pythia training log (Attachment B, final checkpoint D=299.9B tokens)",fixed_recipe,1e+20,131072,1.0,-0.1,0.0,3,False,,,
"Pythia training log (Attachment B, final checkpoint D=299.9B tokens)",fixed_recipe,1e+20,131072,1.0,-0.1,0.05,3,False,,,
"Pythia training log (Attachment B, final checkpoint D=299.9B tokens)",fixed_recipe,1e+20,131072,1.0,0.0,-0.05,3,False,,,
"Pythia training log (Attachment B, final checkpoint D=299.9B tokens)",fixed_recipe,1e+20,131072,1.0,0.0,0.0,3,False,,,
"Pythia training log (Attachment B, final checkpoint D=299.9B tokens)",fixed_recipe,1e+20,131072,1.0,0.0,0.05,3,False,,,
"Pythia training log (Attachment B, final checkpoint D=299.9B tokens)",fixed_recipe,1e+20,131072,1.0,0.1,-0.05,3,False,,,
"Pythia training log (Attachment B, final checkpoint D=299.9B tokens)",fixed_recipe,1e+20,131072,1.0,0.1,0.0,3,False,,,
"Pythia training log (Attachment B, final checkpoint D=299.9B tokens)",fixed_recipe,1e+20,131072,1.0,0.1,0.05,3,False,,,
"Pythia training log (Attachment B, final checkpoint D=299.9B tokens)",fixed_recipe,1e+20,131072,1.1,-0.1,-0.05,3,False,,,
"Pythia training log (Attachment B, final checkpoint D=299.9B tokens)",fixed_recipe,1e+20,131072,1.1,-0.1,0.0,3,False,,,
"Pythia training log (Attachment B, final checkpoint D=299.9B tokens)",fixed_recipe,1e+20,131072,1.1,-0.1,0.05,3,False,,,
"Pythia training log (Attachment B, final checkpoint D=299.9B tokens)",fixed_recipe,1e+20,131072,1.1,0.0,-0.05,3,False,,,
"Pythia training log (Attachment B, final checkpoint D=299.9B tokens)",fixed_recipe,1e+20,131072,1.1,0.0,0.0,3,False,,,
"Pythia training log (Attachment B, final checkpoint D=299.9B tokens)",fixed_recipe,1e+20,131072,1.1,0.0,0.05,3,False,,,
"Pythia training log (Attachment B, final checkpoint D=299.9B tokens)",fixed_recipe,1e+20,131072,1.1,0.1,-0.05,3,False,,,
"Pythia training log (Attachment B, final checkpoint D=299.9B tokens)",fixed_recipe,1e+20,131072,1.1,0.1,0.0,3,False,,,
"Pythia training log (Attachment B, final checkpoint D=299.9B tokens)",fixed_recipe,1e+20,131072,1.1,0.1,0.05,3,False,,,
"Pythia training log (Attachment B, final checkpoint D=299.9B tokens)",fixed_recipe,1e+22,2048,0.9,-0.1,-0.05,3,False,,,
"Pythia training log (Attachment B, final checkpoint D=299.9B tokens)",fixed_recipe,1e+22,2048,0.9,-0.1,0.0,3,False,,,
"Pythia training log (Attachment B, final checkpoint D=299.9B tokens)",fixed_recipe,1e+22,2048,0.9,-0.1,0.05,3,False,,,
"Pythia training log (Attachment B, final checkpoint D=299.9B tokens)",fixed_recipe,1e+22,2048,0.9,0.0,-0.05,3,False,,,
"Pythia training log (Attachment B, final checkpoint D=299.9B tokens)",fixed_recipe,1e+22,2048,0.9,0.0,0.0,3,False,,,
"Pythia training log (Attachment B, final checkpoint D=299.9B tokens)",fixed_recipe,1e+22,2048,0.9,0.0,0.05,3,False,,,
"Pythia training log (Attachment B, final checkpoint D=299.9B tokens)",fixed_recipe,1e+22,2048,0.9,0.1,-0.05,3,False,,,
"Pythia training log (Attachment B, final checkpoint D=299.9B tokens)",fixed_recipe,1e+22,2048,0.9,0.1,0.0,3,False,,,
"Pythia training log (Attachment B, final checkpoint D=299.9B tokens)",fixed_recipe,1e+22,2048,0.9,0.1,0.05,3,False,,,
"Pythia training log (Attachment B, final checkpoint D=299.9B tokens)",fixed_recipe,1e+22,2048,1.0,-0.1,-0.05,3,False,,,
"Pythia training log (Attachment B, final checkpoint D=299.9B tokens)",fixed_recipe,1e+22,2048,1.0,-0.1,0.0,3,False,,,
"Pythia training log (Attachment B, final checkpoint D=299.9B tokens)",fixed_recipe,1e+22,2048,1.0,-0.1,0.05,3,False,,,
"Pythia training log (Attachment B, final checkpoint D=299.9B tokens)",fixed_recipe,1e+22,2048,1.0,0.0,-0.05,3,False,,,
"Pythia training log (Attachment B, final checkpoint D=299.9B tokens)",fixed_recipe,1e+22,2048,1.0,0.0,0.0,3,False,,,
"Pythia training log (Attachment B, final checkpoint D=299.9B tokens)",fixed_recipe,1e+22,2048,1.0,0.0,0.05,3,True,exponential,True,0.0005006898493400413
"Pythia training log (Attachment B, final checkpoint D=299.9B tokens)",fixed_recipe,1e+22,2048,1.0,0.1,-0.05,3,True,exponential,True,0.0005006898493400413
"Pythia training log (Attachment B, final checkpoint D=299.9B tokens)",fixed_recipe,1e+22,2048,1.0,0.1,0.0,3,True,exponential,True,0.0004970730297975123
"Pythia training log (Attachment B, final checkpoint D=299.9B tokens)",fixed_recipe,1e+22,2048,1.0,0.1,0.05,3,True,exponential,True,0.0004934787531851725
"Pythia training log (Attachment B, final checkpoint D=299.9B tokens)",fixed_recipe,1e+22,2048,1.1,-0.1,-0.05,3,True,exponential,True,0.0005505142437831623
"Pythia training log (Attachment B, final checkpoint D=299.9B tokens)",fixed_recipe,1e+22,2048,1.1,-0.1,0.0,3,True,exponential,True,0.0005461409321929622
"Pythia training log (Attachment B, final checkpoint D=299.9B tokens)",fixed_recipe,1e+22,2048,1.1,-0.1,0.05,3,True,exponential,True,0.0005417976069796993
"Pythia training log (Attachment B, final checkpoint D=299.9B tokens)",fixed_recipe,1e+22,2048,1.1,0.0,-0.05,3,True,exponential,True,0.0005425850777056596
"Pythia training log (Attachment B, final checkpoint D=299.9B tokens)",fixed_recipe,1e+22,2048,1.1,0.0,0.0,3,True,exponential,True,0.0005382661938568845
"Pythia training log (Attachment B, final checkpoint D=299.9B tokens)",fixed_recipe,1e+22,2048,1.1,0.0,0.05,3,True,exponential,True,0.0005339770683852052
"Pythia training log (Attachment B, final checkpoint D=299.9B tokens)",fixed_recipe,1e+22,2048,1.1,0.1,-0.05,3,True,exponential,True,0.0005347547016469889
"Pythia training log (Attachment B, final checkpoint D=299.9B tokens)",fixed_recipe,1e+22,2048,1.1,0.1,0.0,3,True,exponential,True,0.0005304898297335825
"Pythia training log (Attachment B, final checkpoint D=299.9B tokens)",fixed_recipe,1e+22,2048,1.1,0.1,0.05,3,True,exponential,True,0.0005262544851705186
"Pythia training log (Attachment B, final checkpoint D=299.9B tokens)",fixed_recipe,1e+22,8192,0.9,-0.1,-0.05,3,False,,,
"Pythia training log (Attachment B, final checkpoint D=299.9B tokens)",fixed_recipe,1e+22,8192,0.9,-0.1,0.0,3,False,,,
"Pythia training log (Attachment B, final checkpoint D=299.9B tokens)",fixed_recipe,1e+22,8192,0.9,-0.1,0.05,3,False,,,
"Pythia training log (Attachment B, final checkpoint D=299.9B tokens)",fixed_recipe,1e+22,8192,0.9,0.0,-0.05,3,False,,,
"Pythia training log (Attachment B, final checkpoint D=299.9B tokens)",fixed_recipe,1e+22,8192,0.9,0.0,0.0,3,False,,,
"Pythia training log (Attachment B, final checkpoint D=299.9B tokens)",fixed_recipe,1e+22,8192,0.9,0.0,0.05,3,False,,,
"Pythia training log (Attachment B, final checkpoint D=299.9B tokens)",fixed_recipe,1e+22,8192,0.9,0.1,-0.05,3,False,,,
"Pythia training log (Attachment B, final checkpoint D=299.9B tokens)",fixed_recipe,1e+22,8192,0.9,0.1,0.0,3,False,,,
"Pythia training log (Attachment B, final checkpoint D=299.9B tokens)",fixed_recipe,1e+22,8192,0.9,0.1,0.05,3,False,,,
"Pythia training log (Attachment B, final checkpoint D=299.9B tokens)",fixed_recipe,1e+22,8192,1.0,-0.1,-0.05,3,False,,,
"Pythia training log (Attachment B, final checkpoint D=299.9B tokens)",fixed_recipe,1e+22,8192,1.0,-0.1,0.0,3,False,,,
"Pythia training log (Attachment B, final checkpoint D=299.9B tokens)",fixed_recipe,1e+22,8192,1.0,-0.1,0.05,3,False,,,
"Pythia training log (Attachment B, final checkpoint D=299.9B tokens)",fixed_recipe,1e+22,8192,1.0,0.0,-0.05,3,False,,,
"Pythia training log (Attachment B, final checkpoint D=299.9B tokens)",fixed_recipe,1e+22,8192,1.0,0.0,0.0,3,True,exponential,True,0.0004730003179487241
"Pythia training log (Attachment B, final checkpoint D=299.9B tokens)",fixed_recipe,1e+22,8192,1.0,0.0,0.05,3,True,exponential,True,0.00046958602307078934
"Pythia training log (Attachment B, final checkpoint D=299.9B tokens)",fixed_recipe,1e+22,8192,1.0,0.1,-0.05,3,True,exponential,True,0.0004695860230681248
"Pythia training log (Attachment B, final checkpoint D=299.9B tokens)",fixed_recipe,1e+22,8192,1.0,0.1,0.0,3,True,exponential,True,0.0004661929702676204
"Pythia training log (Attachment B, final checkpoint D=299.9B tokens)",fixed_recipe,1e+22,8192,1.0,0.1,0.05,3,True,exponential,True,0.0004628210798323096
"Pythia training log (Attachment B, final checkpoint D=299.9B tokens)",fixed_recipe,1e+22,8192,1.1,-0.1,-0.05,3,True,exponential,True,0.0005162140617596123
"Pythia training log (Attachment B, final checkpoint D=299.9B tokens)",fixed_recipe,1e+22,8192,1.1,-0.1,0.0,3,True,exponential,True,0.0005121120145510361
"Pythia training log (Attachment B, final checkpoint D=299.9B tokens)",fixed_recipe,1e+22,8192,1.1,-0.1,0.05,3,True,exponential,True,0.0005080381143791612
"Pythia training log (Attachment B, final checkpoint D=299.9B tokens)",fixed_recipe,1e+22,8192,1.1,0.0,-0.05,3,True,exponential,True,0.0005087767352147665
"Pythia training log (Attachment B, final checkpoint D=299.9B tokens)",fixed_recipe,1e+22,8192,1.1,0.0,0.0,3,True,exponential,True,0.0005047257769117408
"Pythia training log (Attachment B, final checkpoint D=299.9B tokens)",fixed_recipe,1e+22,8192,1.1,0.0,0.05,3,True,exponential,True,0.0005007027509522644
"Pythia training log (Attachment B, final checkpoint D=299.9B tokens)",fixed_recipe,1e+22,8192,1.1,0.1,-0.05,3,True,exponential,True,0.0005014321379714914
"Pythia training log (Attachment B, final checkpoint D=299.9B tokens)",fixed_recipe,1e+22,8192,1.1,0.1,0.0,3,True,exponential,True,0.0004974318770543107
"Pythia training log (Attachment B, final checkpoint D=299.9B tokens)",fixed_recipe,1e+22,8192,1.1,0.1,0.05,3,True,exponential,True,0.000493459330974666
"Pythia training log (Attachment B, final checkpoint D=299.9B tokens)",fixed_recipe,1e+22,131072,0.9,-0.1,-0.05,3,False,,,
"Pythia training log (Attachment B, final checkpoint D=299.9B tokens)",fixed_recipe,1e+22,131072,0.9,-0.1,0.0,3,False,,,
"Pythia training log (Attachment B, final checkpoint D=299.9B tokens)",fixed_recipe,1e+22,131072,0.9,-0.1,0.05,3,False,,,
"Pythia training log (Attachment B, final checkpoint D=299.9B tokens)",fixed_recipe,1e+22,131072,0.9,0.0,-0.05,3,False,,,
"Pythia training log (Attachment B, final checkpoint D=299.9B tokens)",fixed_recipe,1e+22,131072,0.9,0.0,0.0,3,False,,,
"Pythia training log (Attachment B, final checkpoint D=299.9B tokens)",fixed_recipe,1e+22,131072,0.9,0.0,0.05,3,False,,,
"Pythia training log (Attachment B, final checkpoint D=299.9B tokens)",fixed_recipe,1e+22,131072,0.9,0.1,-0.05,3,False,,,
"Pythia training log (Attachment B, final checkpoint D=299.9B tokens)",fixed_recipe,1e+22,131072,0.9,0.1,0.0,3,True,exponential,True,0.0002530121096038229
"Pythia training log (Attachment B, final checkpoint D=299.9B tokens)",fixed_recipe,1e+22,131072,0.9,0.1,0.05,3,True,exponential,True,0.0002513678331048652
"Pythia training log (Attachment B, final checkpoint D=299.9B tokens)",fixed_recipe,1e+22,131072,1.0,-0.1,-0.05,3,False,,,
"Pythia training log (Attachment B, final checkpoint D=299.9B tokens)",fixed_recipe,1e+22,131072,1.0,-0.1,0.0,3,True,exponential,True,0.0002802391011549332
"Pythia training log (Attachment B, final checkpoint D=299.9B tokens)",fixed_recipe,1e+22,131072,1.0,-0.1,0.05,3,True,exponential,True,0.0002782152679365879
"Pythia training log (Attachment B, final checkpoint D=299.9B tokens)",fixed_recipe,1e+22,131072,1.0,0.0,-0.05,3,True,exponential,True,0.0002782152679365879
"Pythia training log (Attachment B, final checkpoint D=299.9B tokens)",fixed_recipe,1e+22,131072,1.0,0.0,0.0,3,True,exponential,True,0.00027620404083350536
"Pythia training log (Attachment B, final checkpoint D=299.9B tokens)",fixed_recipe,1e+22,131072,1.0,0.0,0.05,3,True,exponential,True,0.0002742053723014948
"Pythia training log (Attachment B, final checkpoint D=299.9B tokens)",fixed_recipe,1e+22,131072,1.0,0.1,-0.05,3,True,exponential,True,0.0002742053723014948
"Pythia training log (Attachment B, final checkpoint D=299.9B tokens)",fixed_recipe,1e+22,131072,1.0,0.1,0.0,3,True,exponential,True,0.00027221921445441666
"Pythia training log (Attachment B, final checkpoint D=299.9B tokens)",fixed_recipe,1e+22,131072,1.0,0.1,0.05,3,True,exponential,True,0.0002702455190988218
"Pythia training log (Attachment B, final checkpoint D=299.9B tokens)",fixed_recipe,1e+22,131072,1.1,-0.1,-0.05,3,True,exponential,True,0.0003008912433770661
"Pythia training log (Attachment B, final checkpoint D=299.9B tokens)",fixed_recipe,1e+22,131072,1.1,-0.1,0.0,3,True,exponential,True,0.0002984938129779735
"Pythia training log (Attachment B, final checkpoint D=299.9B tokens)",fixed_recipe,1e+22,131072,1.1,-0.1,0.05,3,True,exponential,True,0.00029611294207576577
"Pythia training log (Attachment B, final checkpoint D=299.9B tokens)",fixed_recipe,1e+22,131072,1.1,0.0,-0.05,3,True,exponential,True,0.0002965445992009208
"Pythia training log (Attachment B, final checkpoint D=299.9B tokens)",fixed_recipe,1e+22,131072,1.1,0.0,0.0,3,True,exponential,True,0.00029417722400815194
"Pythia training log (Attachment B, final checkpoint D=299.9B tokens)",fixed_recipe,1e+22,131072,1.1,0.0,0.05,3,True,exponential,True,0.00029182627842327946
"Pythia training log (Attachment B, final checkpoint D=299.9B tokens)",fixed_recipe,1e+22,131072,1.1,0.1,-0.05,3,True,exponential,True,0.00029225250428321914
"Pythia training log (Attachment B, final checkpoint D=299.9B tokens)",fixed_recipe,1e+22,131072,1.1,0.1,0.0,3,True,exponential,True,0.00028991494751107183
"Pythia training log (Attachment B, final checkpoint D=299.9B tokens)",fixed_recipe,1e+22,131072,1.1,0.1,0.05,3,True,exponential,True,0.00028759368895148185
"Pythia training log (Attachment B, final checkpoint D=299.9B tokens)",fixed_recipe,1e+24,2048,0.9,-0.1,-0.05,3,False,,,
"Pythia training log (Attachment B, final checkpoint D=299.9B tokens)",fixed_recipe,1e+24,2048,0.9,-0.1,0.0,3,False,,,
"Pythia training log (Attachment B, final checkpoint D=299.9B tokens)",fixed_recipe,1e+24,2048,0.9,-0.1,0.05,3,False,,,
"Pythia training log (Attachment B, final checkpoint D=299.9B tokens)",fixed_recipe,1e+24,2048,0.9,0.0,-0.05,3,False,,,
"Pythia training log (Attachment B, final checkpoint D=299.9B tokens)",fixed_recipe,1e+24,2048,0.9,0.0,0.0,3,False,,,
"Pythia training log (Attachment B, final checkpoint D=299.9B tokens)",fixed_recipe,1e+24,2048,0.9,0.0,0.05,3,False,,,
"Pythia training log (Attachment B, final checkpoint D=299.9B tokens)",fixed_recipe,1e+24,2048,0.9,0.1,-0.05,3,False,,,
"Pythia training log (Attachment B, final checkpoint D=299.9B tokens)",fixed_recipe,1e+24,2048,0.9,0.1,0.0,3,False,,,
"Pythia training log (Attachment B, final checkpoint D=299.9B tokens)",fixed_recipe,1e+24,2048,0.9,0.1,0.05,3,False,,,
"Pythia training log (Attachment B, final checkpoint D=299.9B tokens)",fixed_recipe,1e+24,2048,1.0,-0.1,-0.05,3,False,,,
"Pythia training log (Attachment B, final checkpoint D=299.9B tokens)",fixed_recipe,1e+24,2048,1.0,-0.1,0.0,3,False,,,
"Pythia training log (Attachment B, final checkpoint D=299.9B tokens)",fixed_recipe,1e+24,2048,1.0,-0.1,0.05,3,False,,,
"Pythia training log (Attachment B, final checkpoint D=299.9B tokens)",fixed_recipe,1e+24,2048,1.0,0.0,-0.05,3,False,,,
"Pythia training log (Attachment B, final checkpoint D=299.9B tokens)",fixed_recipe,1e+24,2048,1.0,0.0,0.0,3,False,,,
"Pythia training log (Attachment B, final checkpoint D=299.9B tokens)",fixed_recipe,1e+24,2048,1.0,0.0,0.05,3,False,,,
"Pythia training log (Attachment B, final checkpoint D=299.9B tokens)",fixed_recipe,1e+24,2048,1.0,0.1,-0.05,3,False,,,
"Pythia training log (Attachment B, final checkpoint D=299.9B tokens)",fixed_recipe,1e+24,2048,1.0,0.1,0.0,3,True,exponential;power;logarithmic,False,0.0
"Pythia training log (Attachment B, final checkpoint D=299.9B tokens)",fixed_recipe,1e+24,2048,1.0,0.1,0.05,3,True,exponential;power;logarithmic,False,0.0
"Pythia training log (Attachment B, final checkpoint D=299.9B tokens)",fixed_recipe,1e+24,2048,1.1,-0.1,-0.05,3,False,,,
"Pythia training log (Attachment B, final checkpoint D=299.9B tokens)",fixed_recipe,1e+24,2048,1.1,-0.1,0.0,3,True,exponential;power;logarithmic,False,0.0
"Pythia training log (Attachment B, final checkpoint D=299.9B tokens)",fixed_recipe,1e+24,2048,1.1,-0.1,0.05,3,True,exponential;power;logarithmic,False,0.0
"Pythia training log (Attachment B, final checkpoint D=299.9B tokens)",fixed_recipe,1e+24,2048,1.1,0.0,-0.05,3,True,exponential;power;logarithmic,False,0.0
"Pythia training log (Attachment B, final checkpoint D=299.9B tokens)",fixed_recipe,1e+24,2048,1.1,0.0,0.0,3,True,exponential;power;logarithmic,False,0.0
"Pythia training log (Attachment B, final checkpoint D=299.9B tokens)",fixed_recipe,1e+24,2048,1.1,0.0,0.05,3,True,exponential;power;logarithmic,False,0.0
"Pythia training log (Attachment B, final checkpoint D=299.9B tokens)",fixed_recipe,1e+24,2048,1.1,0.1,-0.05,3,True,exponential;power;logarithmic,False,0.0
"Pythia training log (Attachment B, final checkpoint D=299.9B tokens)",fixed_recipe,1e+24,2048,1.1,0.1,0.0,3,True,exponential;power;logarithmic,False,0.0
"Pythia training log (Attachment B, final checkpoint D=299.9B tokens)",fixed_recipe,1e+24,2048,1.1,0.1,0.05,3,True,exponential;power;logarithmic,False,0.0
"Pythia training log (Attachment B, final checkpoint D=299.9B tokens)",fixed_recipe,1e+24,8192,0.9,-0.1,-0.05,3,False,,,
"Pythia training log (Attachment B, final checkpoint D=299.9B tokens)",fixed_recipe,1e+24,8192,0.9,-0.1,0.0,3,False,,,
"Pythia training log (Attachment B, final checkpoint D=299.9B tokens)",fixed_recipe,1e+24,8192,0.9,-0.1,0.05,3,False,,,
"Pythia training log (Attachment B, final checkpoint D=299.9B tokens)",fixed_recipe,1e+24,8192,0.9,0.0,-0.05,3,False,,,
"Pythia training log (Attachment B, final checkpoint D=299.9B tokens)",fixed_recipe,1e+24,8192,0.9,0.0,0.0,3,False,,,
"Pythia training log (Attachment B, final checkpoint D=299.9B tokens)",fixed_recipe,1e+24,8192,0.9,0.0,0.05,3,False,,,
"Pythia training log (Attachment B, final checkpoint D=299.9B tokens)",fixed_recipe,1e+24,8192,0.9,0.1,-0.05,3,False,,,
"Pythia training log (Attachment B, final checkpoint D=299.9B tokens)",fixed_recipe,1e+24,8192,0.9,0.1,0.0,3,False,,,
"Pythia training log (Attachment B, final checkpoint D=299.9B tokens)",fixed_recipe,1e+24,8192,0.9,0.1,0.05,3,False,,,
"Pythia training log (Attachment B, final checkpoint D=299.9B tokens)",fixed_recipe,1e+24,8192,1.0,-0.1,-0.05,3,False,,,
"Pythia training log (Attachment B, final checkpoint D=299.9B tokens)",fixed_recipe,1e+24,8192,1.0,-0.1,0.0,3,False,,,
"Pythia training log (Attachment B, final checkpoint D=299.9B tokens)",fixed_recipe,1e+24,8192,1.0,-0.1,0.05,3,False,,,
"Pythia training log (Attachment B, final checkpoint D=299.9B tokens)",fixed_recipe,1e+24,8192,1.0,0.0,-0.05,3,False,,,
"Pythia training log (Attachment B, final checkpoint D=299.9B tokens)",fixed_recipe,1e+24,8192,1.0,0.0,0.0,3,False,,,
"Pythia training log (Attachment B, final checkpoint D=299.9B tokens)",fixed_recipe,1e+24,8192,1.0,0.0,0.05,3,False,,,
"Pythia training log (Attachment B, final checkpoint D=299.9B tokens)",fixed_recipe,1e+24,8192,1.0,0.1,-0.05,3,False,,,
"Pythia training log (Attachment B, final checkpoint D=299.9B tokens)",fixed_recipe,1e+24,8192,1.0,0.1,0.0,3,True,exponential;power;logarithmic,False,0.0
"Pythia training log (Attachment B, final checkpoint D=299.9B tokens)",fixed_recipe,1e+24,8192,1.0,0.1,0.05,3,True,exponential;power;logarithmic,False,0.0
"Pythia training log (Attachment B, final checkpoint D=299.9B tokens)",fixed_recipe,1e+24,8192,1.1,-0.1,-0.05,3,False,,,
"Pythia training log (Attachment B, final checkpoint D=299.9B tokens)",fixed_recipe,1e+24,8192,1.1,-0.1,0.0,3,True,exponential;power;logarithmic,False,0.0
"Pythia training log (Attachment B, final checkpoint D=299.9B tokens)",fixed_recipe,1e+24,8192,1.1,-0.1,0.05,3,True,exponential;power;logarithmic,False,0.0
"Pythia training log (Attachment B, final checkpoint D=299.9B tokens)",fixed_recipe,1e+24,8192,1.1,0.0,-0.05,3,True,exponential;power;logarithmic,False,0.0
"Pythia training log (Attachment B, final checkpoint D=299.9B tokens)",fixed_recipe,1e+24,8192,1.1,0.0,0.0,3,True,exponential;power;logarithmic,False,0.0
"Pythia training log (Attachment B, final checkpoint D=299.9B tokens)",fixed_recipe,1e+24,8192,1.1,0.0,0.05,3,True,exponential;power;logarithmic,False,0.0
"Pythia training log (Attachment B, final checkpoint D=299.9B tokens)",fixed_recipe,1e+24,8192,1.1,0.1,-0.05,3,True,exponential;power;logarithmic,False,0.0
"Pythia training log (Attachment B, final checkpoint D=299.9B tokens)",fixed_recipe,1e+24,8192,1.1,0.1,0.0,3,True,exponential;power;logarithmic,False,0.0
"Pythia training log (Attachment B, final checkpoint D=299.9B tokens)",fixed_recipe,1e+24,8192,1.1,0.1,0.05,3,True,exponential;power;logarithmic,False,0.0
"Pythia training log (Attachment B, final checkpoint D=299.9B tokens)",fixed_recipe,1e+24,131072,0.9,-0.1,-0.05,3,False,,,
"Pythia training log (Attachment B, final checkpoint D=299.9B tokens)",fixed_recipe,1e+24,131072,0.9,-0.1,0.0,3,False,,,
"Pythia training log (Attachment B, final checkpoint D=299.9B tokens)",fixed_recipe,1e+24,131072,0.9,-0.1,0.05,3,False,,,
"Pythia training log (Attachment B, final checkpoint D=299.9B tokens)",fixed_recipe,1e+24,131072,0.9,0.0,-0.05,3,False,,,
"Pythia training log (Attachment B, final checkpoint D=299.9B tokens)",fixed_recipe,1e+24,131072,0.9,0.0,0.0,3,False,,,
"Pythia training log (Attachment B, final checkpoint D=299.9B tokens)",fixed_recipe,1e+24,131072,0.9,0.0,0.05,3,False,,,
"Pythia training log (Attachment B, final checkpoint D=299.9B tokens)",fixed_recipe,1e+24,131072,0.9,0.1,-0.05,3,False,,,
"Pythia training log (Attachment B, final checkpoint D=299.9B tokens)",fixed_recipe,1e+24,131072,0.9,0.1,0.0,3,False,,,
"Pythia training log (Attachment B, final checkpoint D=299.9B tokens)",fixed_recipe,1e+24,131072,0.9,0.1,0.05,3,False,,,
"Pythia training log (Attachment B, final checkpoint D=299.9B tokens)",fixed_recipe,1e+24,131072,1.0,-0.1,-0.05,3,False,,,
"Pythia training log (Attachment B, final checkpoint D=299.9B tokens)",fixed_recipe,1e+24,131072,1.0,-0.1,0.0,3,False,,,
"Pythia training log (Attachment B, final checkpoint D=299.9B tokens)",fixed_recipe,1e+24,131072,1.0,-0.1,0.05,3,False,,,
"Pythia training log (Attachment B, final checkpoint D=299.9B tokens)",fixed_recipe,1e+24,131072,1.0,0.0,-0.05,3,False,,,
"Pythia training log (Attachment B, final checkpoint D=299.9B tokens)",fixed_recipe,1e+24,131072,1.0,0.0,0.0,3,False,,,
"Pythia training log (Attachment B, final checkpoint D=299.9B tokens)",fixed_recipe,1e+24,131072,1.0,0.0,0.05,3,False,,,
"Pythia training log (Attachment B, final checkpoint D=299.9B tokens)",fixed_recipe,1e+24,131072,1.0,0.1,-0.05,3,False,,,
"Pythia training log (Attachment B, final checkpoint D=299.9B tokens)",fixed_recipe,1e+24,131072,1.0,0.1,0.0,3,True,exponential;power;logarithmic,False,0.0
"Pythia training log (Attachment B, final checkpoint D=299.9B tokens)",fixed_recipe,1e+24,131072,1.0,0.1,0.05,3,True,exponential;power;logarithmic,False,0.0
"Pythia training log (Attachment B, final checkpoint D=299.9B tokens)",fixed_recipe,1e+24,131072,1.1,-0.1,-0.05,3,False,,,
"Pythia training log (Attachment B, final checkpoint D=299.9B tokens)",fixed_recipe,1e+24,131072,1.1,-0.1,0.0,3,True,exponential;power;logarithmic,False,0.0
"Pythia training log (Attachment B, final checkpoint D=299.9B tokens)",fixed_recipe,1e+24,131072,1.1,-0.1,0.05,3,True,exponential;power;logarithmic,False,0.0
"Pythia training log (Attachment B, final checkpoint D=299.9B tokens)",fixed_recipe,1e+24,131072,1.1,0.0,-0.05,3,True,exponential;power;logarithmic,False,0.0
"Pythia training log (Attachment B, final checkpoint D=299.9B tokens)",fixed_recipe,1e+24,131072,1.1,0.0,0.0,3,True,exponential;power;logarithmic,False,0.0
"Pythia training log (Attachment B, final checkpoint D=299.9B tokens)",fixed_recipe,1e+24,131072,1.1,0.0,0.05,3,True,exponential;power;logarithmic,False,0.0
"Pythia training log (Attachment B, final checkpoint D=299.9B tokens)",fixed_recipe,1e+24,131072,1.1,0.1,-0.05,3,True,exponential;power;logarithmic,False,0.0
"Pythia training log (Attachment B, final checkpoint D=299.9B tokens)",fixed_recipe,1e+24,131072,1.1,0.1,0.0,3,True,exponential;power;logarithmic,False,0.0
"Pythia training log (Attachment B, final checkpoint D=299.9B tokens)",fixed_recipe,1e+24,131072,1.1,0.1,0.05,3,True,exponential;power;logarithmic,False,0.0
"Pythia training log (Attachment B, final checkpoint D=299.9B tokens)",independent_native_Q,1e+19,2048,0.9,-0.1,-0.05,3,False,,,
"Pythia training log (Attachment B, final checkpoint D=299.9B tokens)",independent_native_Q,1e+19,2048,0.9,-0.1,0.0,3,False,,,
"Pythia training log (Attachment B, final checkpoint D=299.9B tokens)",independent_native_Q,1e+19,2048,0.9,-0.1,0.05,3,False,,,
"Pythia training log (Attachment B, final checkpoint D=299.9B tokens)",independent_native_Q,1e+19,2048,0.9,0.0,-0.05,3,False,,,
"Pythia training log (Attachment B, final checkpoint D=299.9B tokens)",independent_native_Q,1e+19,2048,0.9,0.0,0.0,3,False,,,
"Pythia training log (Attachment B, final checkpoint D=299.9B tokens)",independent_native_Q,1e+19,2048,0.9,0.0,0.05,3,False,,,
"Pythia training log (Attachment B, final checkpoint D=299.9B tokens)",independent_native_Q,1e+19,2048,0.9,0.1,-0.05,3,False,,,
"Pythia training log (Attachment B, final checkpoint D=299.9B tokens)",independent_native_Q,1e+19,2048,0.9,0.1,0.0,3,False,,,
"Pythia training log (Attachment B, final checkpoint D=299.9B tokens)",independent_native_Q,1e+19,2048,0.9,0.1,0.05,3,False,,,
"Pythia training log (Attachment B, final checkpoint D=299.9B tokens)",independent_native_Q,1e+19,2048,1.0,-0.1,-0.05,3,False,,,
"Pythia training log (Attachment B, final checkpoint D=299.9B tokens)",independent_native_Q,1e+19,2048,1.0,-0.1,0.0,3,False,,,
"Pythia training log (Attachment B, final checkpoint D=299.9B tokens)",independent_native_Q,1e+19,2048,1.0,-0.1,0.05,3,False,,,
"Pythia training log (Attachment B, final checkpoint D=299.9B tokens)",independent_native_Q,1e+19,2048,1.0,0.0,-0.05,3,False,,,
"Pythia training log (Attachment B, final checkpoint D=299.9B tokens)",independent_native_Q,1e+19,2048,1.0,0.0,0.0,3,False,,,
"Pythia training log (Attachment B, final checkpoint D=299.9B tokens)",independent_native_Q,1e+19,2048,1.0,0.0,0.05,3,False,,,
"Pythia training log (Attachment B, final checkpoint D=299.9B tokens)",independent_native_Q,1e+19,2048,1.0,0.1,-0.05,3,False,,,
"Pythia training log (Attachment B, final checkpoint D=299.9B tokens)",independent_native_Q,1e+19,2048,1.0,0.1,0.0,3,False,,,
"Pythia training log (Attachment B, final checkpoint D=299.9B tokens)",independent_native_Q,1e+19,2048,1.0,0.1,0.05,3,False,,,
"Pythia training log (Attachment B, final checkpoint D=299.9B tokens)",independent_native_Q,1e+19,2048,1.1,-0.1,-0.05,3,False,,,
"Pythia training log (Attachment B, final checkpoint D=299.9B tokens)",independent_native_Q,1e+19,2048,1.1,-0.1,0.0,3,False,,,
"Pythia training log (Attachment B, final checkpoint D=299.9B tokens)",independent_native_Q,1e+19,2048,1.1,-0.1,0.05,3,False,,,
"Pythia training log (Attachment B, final checkpoint D=299.9B tokens)",independent_native_Q,1e+19,2048,1.1,0.0,-0.05,3,False,,,
"Pythia training log (Attachment B, final checkpoint D=299.9B tokens)",independent_native_Q,1e+19,2048,1.1,0.0,0.0,3,False,,,
"Pythia training log (Attachment B, final checkpoint D=299.9B tokens)",independent_native_Q,1e+19,2048,1.1,0.0,0.05,3,False,,,
"Pythia training log (Attachment B, final checkpoint D=299.9B tokens)",independent_native_Q,1e+19,2048,1.1,0.1,-0.05,3,False,,,
"Pythia training log (Attachment B, final checkpoint D=299.9B tokens)",independent_native_Q,1e+19,2048,1.1,0.1,0.0,3,False,,,
"Pythia training log (Attachment B, final checkpoint D=299.9B tokens)",independent_native_Q,1e+19,2048,1.1,0.1,0.05,3,False,,,
"Pythia training log (Attachment B, final checkpoint D=299.9B tokens)",independent_native_Q,1e+19,8192,0.9,-0.1,-0.05,3,False,,,
"Pythia training log (Attachment B, final checkpoint D=299.9B tokens)",independent_native_Q,1e+19,8192,0.9,-0.1,0.0,3,False,,,
"Pythia training log (Attachment B, final checkpoint D=299.9B tokens)",independent_native_Q,1e+19,8192,0.9,-0.1,0.05,3,False,,,
"Pythia training log (Attachment B, final checkpoint D=299.9B tokens)",independent_native_Q,1e+19,8192,0.9,0.0,-0.05,3,False,,,
"Pythia training log (Attachment B, final checkpoint D=299.9B tokens)",independent_native_Q,1e+19,8192,0.9,0.0,0.0,3,False,,,
"Pythia training log (Attachment B, final checkpoint D=299.9B tokens)",independent_native_Q,1e+19,8192,0.9,0.0,0.05,3,False,,,
"Pythia training log (Attachment B, final checkpoint D=299.9B tokens)",independent_native_Q,1e+19,8192,0.9,0.1,-0.05,3,False,,,
"Pythia training log (Attachment B, final checkpoint D=299.9B tokens)",independent_native_Q,1e+19,8192,0.9,0.1,0.0,3,False,,,
"Pythia training log (Attachment B, final checkpoint D=299.9B tokens)",independent_native_Q,1e+19,8192,0.9,0.1,0.05,3,False,,,
"Pythia training log (Attachment B, final checkpoint D=299.9B tokens)",independent_native_Q,1e+19,8192,1.0,-0.1,-0.05,3,False,,,
"Pythia training log (Attachment B, final checkpoint D=299.9B tokens)",independent_native_Q,1e+19,8192,1.0,-0.1,0.0,3,False,,,
"Pythia training log (Attachment B, final checkpoint D=299.9B tokens)",independent_native_Q,1e+19,8192,1.0,-0.1,0.05,3,False,,,
"Pythia training log (Attachment B, final checkpoint D=299.9B tokens)",independent_native_Q,1e+19,8192,1.0,0.0,-0.05,3,False,,,
"Pythia training log (Attachment B, final checkpoint D=299.9B tokens)",independent_native_Q,1e+19,8192,1.0,0.0,0.0,3,False,,,
"Pythia training log (Attachment B, final checkpoint D=299.9B tokens)",independent_native_Q,1e+19,8192,1.0,0.0,0.05,3,False,,,
"Pythia training log (Attachment B, final checkpoint D=299.9B tokens)",independent_native_Q,1e+19,8192,1.0,0.1,-0.05,3,False,,,
"Pythia training log (Attachment B, final checkpoint D=299.9B tokens)",independent_native_Q,1e+19,8192,1.0,0.1,0.0,3,False,,,
"Pythia training log (Attachment B, final checkpoint D=299.9B tokens)",independent_native_Q,1e+19,8192,1.0,0.1,0.05,3,False,,,
"Pythia training log (Attachment B, final checkpoint D=299.9B tokens)",independent_native_Q,1e+19,8192,1.1,-0.1,-0.05,3,False,,,
"Pythia training log (Attachment B, final checkpoint D=299.9B tokens)",independent_native_Q,1e+19,8192,1.1,-0.1,0.0,3,False,,,
"Pythia training log (Attachment B, final checkpoint D=299.9B tokens)",independent_native_Q,1e+19,8192,1.1,-0.1,0.05,3,False,,,
"Pythia training log (Attachment B, final checkpoint D=299.9B tokens)",independent_native_Q,1e+19,8192,1.1,0.0,-0.05,3,False,,,
"Pythia training log (Attachment B, final checkpoint D=299.9B tokens)",independent_native_Q,1e+19,8192,1.1,0.0,0.0,3,False,,,
"Pythia training log (Attachment B, final checkpoint D=299.9B tokens)",independent_native_Q,1e+19,8192,1.1,0.0,0.05,3,False,,,
"Pythia training log (Attachment B, final checkpoint D=299.9B tokens)",independent_native_Q,1e+19,8192,1.1,0.1,-0.05,3,False,,,
"Pythia training log (Attachment B, final checkpoint D=299.9B tokens)",independent_native_Q,1e+19,8192,1.1,0.1,0.0,3,False,,,
"Pythia training log (Attachment B, final checkpoint D=299.9B tokens)",independent_native_Q,1e+19,8192,1.1,0.1,0.05,3,False,,,
"Pythia training log (Attachment B, final checkpoint D=299.9B tokens)",independent_native_Q,1e+19,131072,0.9,-0.1,-0.05,0,False,,,
"Pythia training log (Attachment B, final checkpoint D=299.9B tokens)",independent_native_Q,1e+19,131072,0.9,-0.1,0.0,0,False,,,
"Pythia training log (Attachment B, final checkpoint D=299.9B tokens)",independent_native_Q,1e+19,131072,0.9,-0.1,0.05,0,False,,,
"Pythia training log (Attachment B, final checkpoint D=299.9B tokens)",independent_native_Q,1e+19,131072,0.9,0.0,-0.05,0,False,,,
"Pythia training log (Attachment B, final checkpoint D=299.9B tokens)",independent_native_Q,1e+19,131072,0.9,0.0,0.0,0,False,,,
"Pythia training log (Attachment B, final checkpoint D=299.9B tokens)",independent_native_Q,1e+19,131072,0.9,0.0,0.05,0,False,,,
"Pythia training log (Attachment B, final checkpoint D=299.9B tokens)",independent_native_Q,1e+19,131072,0.9,0.1,-0.05,0,False,,,
"Pythia training log (Attachment B, final checkpoint D=299.9B tokens)",independent_native_Q,1e+19,131072,0.9,0.1,0.0,0,False,,,
"Pythia training log (Attachment B, final checkpoint D=299.9B tokens)",independent_native_Q,1e+19,131072,0.9,0.1,0.05,0,False,,,
"Pythia training log (Attachment B, final checkpoint D=299.9B tokens)",independent_native_Q,1e+19,131072,1.0,-0.1,-0.05,0,False,,,
"Pythia training log (Attachment B, final checkpoint D=299.9B tokens)",independent_native_Q,1e+19,131072,1.0,-0.1,0.0,0,False,,,
"Pythia training log (Attachment B, final checkpoint D=299.9B tokens)",independent_native_Q,1e+19,131072,1.0,-0.1,0.05,0,False,,,
"Pythia training log (Attachment B, final checkpoint D=299.9B tokens)",independent_native_Q,1e+19,131072,1.0,0.0,-0.05,0,False,,,
"Pythia training log (Attachment B, final checkpoint D=299.9B tokens)",independent_native_Q,1e+19,131072,1.0,0.0,0.0,0,False,,,
"Pythia training log (Attachment B, final checkpoint D=299.9B tokens)",independent_native_Q,1e+19,131072,1.0,0.0,0.05,0,False,,,
"Pythia training log (Attachment B, final checkpoint D=299.9B tokens)",independent_native_Q,1e+19,131072,1.0,0.1,-0.05,0,False,,,
"Pythia training log (Attachment B, final checkpoint D=299.9B tokens)",independent_native_Q,1e+19,131072,1.0,0.1,0.0,0,False,,,
"Pythia training log (Attachment B, final checkpoint D=299.9B tokens)",independent_native_Q,1e+19,131072,1.0,0.1,0.05,0,False,,,
"Pythia training log (Attachment B, final checkpoint D=299.9B tokens)",independent_native_Q,1e+19,131072,1.1,-0.1,-0.05,0,False,,,
"Pythia training log (Attachment B, final checkpoint D=299.9B tokens)",independent_native_Q,1e+19,131072,1.1,-0.1,0.0,0,False,,,
"Pythia training log (Attachment B, final checkpoint D=299.9B tokens)",independent_native_Q,1e+19,131072,1.1,-0.1,0.05,0,False,,,
"Pythia training log (Attachment B, final checkpoint D=299.9B tokens)",independent_native_Q,1e+19,131072,1.1,0.0,-0.05,0,False,,,
"Pythia training log (Attachment B, final checkpoint D=299.9B tokens)",independent_native_Q,1e+19,131072,1.1,0.0,0.0,0,False,,,
"Pythia training log (Attachment B, final checkpoint D=299.9B tokens)",independent_native_Q,1e+19,131072,1.1,0.0,0.05,0,False,,,
"Pythia training log (Attachment B, final checkpoint D=299.9B tokens)",independent_native_Q,1e+19,131072,1.1,0.1,-0.05,0,False,,,
"Pythia training log (Attachment B, final checkpoint D=299.9B tokens)",independent_native_Q,1e+19,131072,1.1,0.1,0.0,0,False,,,
"Pythia training log (Attachment B, final checkpoint D=299.9B tokens)",independent_native_Q,1e+19,131072,1.1,0.1,0.05,0,False,,,
"Pythia training log (Attachment B, final checkpoint D=299.9B tokens)",independent_native_Q,1e+20,2048,0.9,-0.1,-0.05,3,False,,,
"Pythia training log (Attachment B, final checkpoint D=299.9B tokens)",independent_native_Q,1e+20,2048,0.9,-0.1,0.0,3,True,logarithmic,True,0.05442450389756548
"Pythia training log (Attachment B, final checkpoint D=299.9B tokens)",independent_native_Q,1e+20,2048,0.9,-0.1,0.05,3,True,logarithmic,True,0.05407038524133512
"Pythia training log (Attachment B, final checkpoint D=299.9B tokens)",independent_native_Q,1e+20,2048,0.9,0.0,-0.05,3,True,logarithmic,True,0.05399196256131411
"Pythia training log (Attachment B, final checkpoint D=299.9B tokens)",independent_native_Q,1e+20,2048,0.9,0.0,0.0,3,True,logarithmic,True,0.05364027402767135
"Pythia training log (Attachment B, final checkpoint D=299.9B tokens)",independent_native_Q,1e+20,2048,0.9,0.0,0.05,3,True,logarithmic,True,0.053290566216170454
"Pythia training log (Attachment B, final checkpoint D=299.9B tokens)",independent_native_Q,1e+20,2048,0.9,0.1,-0.05,3,True,logarithmic,True,0.05321312166799341
"Pythia training log (Attachment B, final checkpoint D=299.9B tokens)",independent_native_Q,1e+20,2048,0.9,0.1,0.0,3,True,logarithmic,True,0.05286582543444851
"Pythia training log (Attachment B, final checkpoint D=299.9B tokens)",independent_native_Q,1e+20,2048,0.9,0.1,0.05,3,True,logarithmic,True,0.05252049464934494
"Pythia training log (Attachment B, final checkpoint D=299.9B tokens)",independent_native_Q,1e+20,2048,1.0,-0.1,-0.05,3,True,logarithmic,True,0.058734302388225856
"Pythia training log (Attachment B, final checkpoint D=299.9B tokens)",independent_native_Q,1e+20,2048,1.0,-0.1,0.0,3,True,logarithmic,True,0.05830813728758777
"Pythia training log (Attachment B, final checkpoint D=299.9B tokens)",independent_native_Q,1e+20,2048,1.0,-0.1,0.05,3,True,logarithmic,True,0.057884657560397734
"Pythia training log (Attachment B, final checkpoint D=299.9B tokens)",independent_native_Q,1e+20,2048,1.0,0.0,-0.05,3,True,logarithmic,True,0.057884657560397734
"Pythia training log (Attachment B, final checkpoint D=299.9B tokens)",independent_native_Q,1e+20,2048,1.0,0.0,0.0,3,True,logarithmic,True,0.05746385256694175
"Pythia training log (Attachment B, final checkpoint D=299.9B tokens)",independent_native_Q,1e+20,2048,1.0,0.0,0.05,3,True,logarithmic,True,0.05704571160625349
"Pythia training log (Attachment B, final checkpoint D=299.9B tokens)",independent_native_Q,1e+20,2048,1.0,0.1,-0.05,3,True,logarithmic,True,0.05704571160625349
"Pythia training log (Attachment B, final checkpoint D=299.9B tokens)",independent_native_Q,1e+20,2048,1.0,0.1,0.0,3,False,,,
"Pythia training log (Attachment B, final checkpoint D=299.9B tokens)",independent_native_Q,1e+20,2048,1.0,0.1,0.05,3,False,,,
"Pythia training log (Attachment B, final checkpoint D=299.9B tokens)",independent_native_Q,1e+20,2048,1.1,-0.1,-0.05,3,False,,,
"Pythia training log (Attachment B, final checkpoint D=299.9B tokens)",independent_native_Q,1e+20,2048,1.1,-0.1,0.0,3,False,,,
"Pythia training log (Attachment B, final checkpoint D=299.9B tokens)",independent_native_Q,1e+20,2048,1.1,-0.1,0.05,3,False,,,
"Pythia training log (Attachment B, final checkpoint D=299.9B tokens)",independent_native_Q,1e+20,2048,1.1,0.0,-0.05,3,False,,,
"Pythia training log (Attachment B, final checkpoint D=299.9B tokens)",independent_native_Q,1e+20,2048,1.1,0.0,0.0,3,False,,,
"Pythia training log (Attachment B, final checkpoint D=299.9B tokens)",independent_native_Q,1e+20,2048,1.1,0.0,0.05,3,False,,,
"Pythia training log (Attachment B, final checkpoint D=299.9B tokens)",independent_native_Q,1e+20,2048,1.1,0.1,-0.05,3,False,,,
"Pythia training log (Attachment B, final checkpoint D=299.9B tokens)",independent_native_Q,1e+20,2048,1.1,0.1,0.0,3,False,,,
"Pythia training log (Attachment B, final checkpoint D=299.9B tokens)",independent_native_Q,1e+20,2048,1.1,0.1,0.05,3,False,,,
"Pythia training log (Attachment B, final checkpoint D=299.9B tokens)",independent_native_Q,1e+20,8192,0.9,-0.1,-0.05,3,True,logarithmic,True,0.05436271821210603
"Pythia training log (Attachment B, final checkpoint D=299.9B tokens)",independent_native_Q,1e+20,8192,0.9,-0.1,0.0,3,True,logarithmic,True,0.05400918326077342
"Pythia training log (Attachment B, final checkpoint D=299.9B tokens)",independent_native_Q,1e+20,8192,0.9,-0.1,0.05,3,True,logarithmic,True,0.05365763154698566
"Pythia training log (Attachment B, final checkpoint D=299.9B tokens)",independent_native_Q,1e+20,8192,0.9,0.0,-0.05,3,True,logarithmic,True,0.053579777595250455
"Pythia training log (Attachment B, final checkpoint D=299.9B tokens)",independent_native_Q,1e+20,8192,0.9,0.0,0.0,3,True,logarithmic,True,0.05323064068037109
"Pythia training log (Attachment B, final checkpoint D=299.9B tokens)",independent_native_Q,1e+20,8192,0.9,0.0,0.05,3,True,logarithmic,True,0.052883471966808315
"Pythia training log (Attachment B, final checkpoint D=299.9B tokens)",independent_native_Q,1e+20,8192,0.9,0.1,-0.05,3,True,logarithmic,True,0.05280658996383636
"Pythia training log (Attachment B, final checkpoint D=299.9B tokens)",independent_native_Q,1e+20,8192,0.9,0.1,0.0,3,True,logarithmic,True,0.05246181754658785
"Pythia training log (Attachment B, final checkpoint D=299.9B tokens)",independent_native_Q,1e+20,8192,0.9,0.1,0.05,3,True,logarithmic,True,0.052118998093114044
"Pythia training log (Attachment B, final checkpoint D=299.9B tokens)",independent_native_Q,1e+20,8192,1.0,-0.1,-0.05,3,True,logarithmic,True,0.05826722458571254
"Pythia training log (Attachment B, final checkpoint D=299.9B tokens)",independent_native_Q,1e+20,8192,1.0,-0.1,0.0,3,True,logarithmic,True,0.05784427360193689
"Pythia training log (Attachment B, final checkpoint D=299.9B tokens)",independent_native_Q,1e+20,8192,1.0,-0.1,0.05,3,True,logarithmic,True,0.05742399043846458
"Pythia training log (Attachment B, final checkpoint D=299.9B tokens)",independent_native_Q,1e+20,8192,1.0,0.0,-0.05,3,True,logarithmic,True,0.057423990438466355
"Pythia training log (Attachment B, final checkpoint D=299.9B tokens)",independent_native_Q,1e+20,8192,1.0,0.0,0.0,3,True,logarithmic,True,0.057006364480721494
"Pythia training log (Attachment B, final checkpoint D=299.9B tokens)",independent_native_Q,1e+20,8192,1.0,0.0,0.05,3,False,,,
"Pythia training log (Attachment B, final checkpoint D=299.9B tokens)",independent_native_Q,1e+20,8192,1.0,0.1,-0.05,3,False,,,
"Pythia training log (Attachment B, final checkpoint D=299.9B tokens)",independent_native_Q,1e+20,8192,1.0,0.1,0.0,3,False,,,
"Pythia training log (Attachment B, final checkpoint D=299.9B tokens)",independent_native_Q,1e+20,8192,1.0,0.1,0.05,3,False,,,
"Pythia training log (Attachment B, final checkpoint D=299.9B tokens)",independent_native_Q,1e+20,8192,1.1,-0.1,-0.05,3,False,,,
"Pythia training log (Attachment B, final checkpoint D=299.9B tokens)",independent_native_Q,1e+20,8192,1.1,-0.1,0.0,3,False,,,
"Pythia training log (Attachment B, final checkpoint D=299.9B tokens)",independent_native_Q,1e+20,8192,1.1,-0.1,0.05,3,False,,,
"Pythia training log (Attachment B, final checkpoint D=299.9B tokens)",independent_native_Q,1e+20,8192,1.1,0.0,-0.05,3,False,,,
"Pythia training log (Attachment B, final checkpoint D=299.9B tokens)",independent_native_Q,1e+20,8192,1.1,0.0,0.0,3,False,,,
"Pythia training log (Attachment B, final checkpoint D=299.9B tokens)",independent_native_Q,1e+20,8192,1.1,0.0,0.05,3,False,,,
"Pythia training log (Attachment B, final checkpoint D=299.9B tokens)",independent_native_Q,1e+20,8192,1.1,0.1,-0.05,3,False,,,
"Pythia training log (Attachment B, final checkpoint D=299.9B tokens)",independent_native_Q,1e+20,8192,1.1,0.1,0.0,3,False,,,
"Pythia training log (Attachment B, final checkpoint D=299.9B tokens)",independent_native_Q,1e+20,8192,1.1,0.1,0.05,3,False,,,
"Pythia training log (Attachment B, final checkpoint D=299.9B tokens)",independent_native_Q,1e+20,131072,0.9,-0.1,-0.05,3,True,logarithmic,True,0.06742334740991485
"Pythia training log (Attachment B, final checkpoint D=299.9B tokens)",independent_native_Q,1e+20,131072,0.9,-0.1,0.0,3,True,logarithmic,True,0.0669831734948172
"Pythia training log (Attachment B, final checkpoint D=299.9B tokens)",independent_native_Q,1e+20,131072,0.9,-0.1,0.05,3,True,logarithmic,True,0.06654549251764941
"Pythia training log (Attachment B, final checkpoint D=299.9B tokens)",independent_native_Q,1e+20,131072,0.9,0.0,-0.05,3,True,logarithmic,True,0.0664485677385187
"Pythia training log (Attachment B, final checkpoint D=299.9B tokens)",independent_native_Q,1e+20,131072,0.9,0.0,0.0,3,True,logarithmic,True,0.06601392169507392
"Pythia training log (Attachment B, final checkpoint D=299.9B tokens)",independent_native_Q,1e+20,131072,0.9,0.0,0.05,3,True,logarithmic,True,0.06558174891269175
"Pythia training log (Attachment B, final checkpoint D=299.9B tokens)",independent_native_Q,1e+20,131072,0.9,0.1,-0.05,3,True,logarithmic,True,0.06548604549425097
"Pythia training log (Attachment B, final checkpoint D=299.9B tokens)",independent_native_Q,1e+20,131072,0.9,0.1,0.0,3,False,,,
"Pythia training log (Attachment B, final checkpoint D=299.9B tokens)",independent_native_Q,1e+20,131072,0.9,0.1,0.05,3,False,,,
"Pythia training log (Attachment B, final checkpoint D=299.9B tokens)",independent_native_Q,1e+20,131072,1.0,-0.1,-0.05,3,False,,,
"Pythia training log (Attachment B, final checkpoint D=299.9B tokens)",independent_native_Q,1e+20,131072,1.0,-0.1,0.0,3,False,,,
"Pythia training log (Attachment B, final checkpoint D=299.9B tokens)",independent_native_Q,1e+20,131072,1.0,-0.1,0.05,3,False,,,
"Pythia training log (Attachment B, final checkpoint D=299.9B tokens)",independent_native_Q,1e+20,131072,1.0,0.0,-0.05,3,False,,,
"Pythia training log (Attachment B, final checkpoint D=299.9B tokens)",independent_native_Q,1e+20,131072,1.0,0.0,0.0,3,False,,,
"Pythia training log (Attachment B, final checkpoint D=299.9B tokens)",independent_native_Q,1e+20,131072,1.0,0.0,0.05,3,False,,,
"Pythia training log (Attachment B, final checkpoint D=299.9B tokens)",independent_native_Q,1e+20,131072,1.0,0.1,-0.05,3,False,,,
"Pythia training log (Attachment B, final checkpoint D=299.9B tokens)",independent_native_Q,1e+20,131072,1.0,0.1,0.0,3,False,,,
"Pythia training log (Attachment B, final checkpoint D=299.9B tokens)",independent_native_Q,1e+20,131072,1.0,0.1,0.05,3,False,,,
"Pythia training log (Attachment B, final checkpoint D=299.9B tokens)",independent_native_Q,1e+20,131072,1.1,-0.1,-0.05,3,False,,,
"Pythia training log (Attachment B, final checkpoint D=299.9B tokens)",independent_native_Q,1e+20,131072,1.1,-0.1,0.0,3,False,,,
"Pythia training log (Attachment B, final checkpoint D=299.9B tokens)",independent_native_Q,1e+20,131072,1.1,-0.1,0.05,3,False,,,
"Pythia training log (Attachment B, final checkpoint D=299.9B tokens)",independent_native_Q,1e+20,131072,1.1,0.0,-0.05,3,False,,,
"Pythia training log (Attachment B, final checkpoint D=299.9B tokens)",independent_native_Q,1e+20,131072,1.1,0.0,0.0,3,False,,,
"Pythia training log (Attachment B, final checkpoint D=299.9B tokens)",independent_native_Q,1e+20,131072,1.1,0.0,0.05,3,False,,,
"Pythia training log (Attachment B, final checkpoint D=299.9B tokens)",independent_native_Q,1e+20,131072,1.1,0.1,-0.05,3,False,,,
"Pythia training log (Attachment B, final checkpoint D=299.9B tokens)",independent_native_Q,1e+20,131072,1.1,0.1,0.0,3,False,,,
"Pythia training log (Attachment B, final checkpoint D=299.9B tokens)",independent_native_Q,1e+20,131072,1.1,0.1,0.05,3,False,,,
"Pythia training log (Attachment B, final checkpoint D=299.9B tokens)",independent_native_Q,1e+22,2048,0.9,-0.1,-0.05,3,False,,,
"Pythia training log (Attachment B, final checkpoint D=299.9B tokens)",independent_native_Q,1e+22,2048,0.9,-0.1,0.0,3,False,,,
"Pythia training log (Attachment B, final checkpoint D=299.9B tokens)",independent_native_Q,1e+22,2048,0.9,-0.1,0.05,3,False,,,
"Pythia training log (Attachment B, final checkpoint D=299.9B tokens)",independent_native_Q,1e+22,2048,0.9,0.0,-0.05,3,False,,,
"Pythia training log (Attachment B, final checkpoint D=299.9B tokens)",independent_native_Q,1e+22,2048,0.9,0.0,0.0,3,False,,,
"Pythia training log (Attachment B, final checkpoint D=299.9B tokens)",independent_native_Q,1e+22,2048,0.9,0.0,0.05,3,False,,,
"Pythia training log (Attachment B, final checkpoint D=299.9B tokens)",independent_native_Q,1e+22,2048,0.9,0.1,-0.05,3,False,,,
"Pythia training log (Attachment B, final checkpoint D=299.9B tokens)",independent_native_Q,1e+22,2048,0.9,0.1,0.0,3,False,,,
"Pythia training log (Attachment B, final checkpoint D=299.9B tokens)",independent_native_Q,1e+22,2048,0.9,0.1,0.05,3,False,,,
"Pythia training log (Attachment B, final checkpoint D=299.9B tokens)",independent_native_Q,1e+22,2048,1.0,-0.1,-0.05,3,False,,,
"Pythia training log (Attachment B, final checkpoint D=299.9B tokens)",independent_native_Q,1e+22,2048,1.0,-0.1,0.0,3,False,,,
"Pythia training log (Attachment B, final checkpoint D=299.9B tokens)",independent_native_Q,1e+22,2048,1.0,-0.1,0.05,3,False,,,
"Pythia training log (Attachment B, final checkpoint D=299.9B tokens)",independent_native_Q,1e+22,2048,1.0,0.0,-0.05,3,False,,,
"Pythia training log (Attachment B, final checkpoint D=299.9B tokens)",independent_native_Q,1e+22,2048,1.0,0.0,0.0,3,False,,,
"Pythia training log (Attachment B, final checkpoint D=299.9B tokens)",independent_native_Q,1e+22,2048,1.0,0.0,0.05,3,False,,,
"Pythia training log (Attachment B, final checkpoint D=299.9B tokens)",independent_native_Q,1e+22,2048,1.0,0.1,-0.05,3,False,,,
"Pythia training log (Attachment B, final checkpoint D=299.9B tokens)",independent_native_Q,1e+22,2048,1.0,0.1,0.0,3,True,logarithmic,True,0.005578918269383948
"Pythia training log (Attachment B, final checkpoint D=299.9B tokens)",independent_native_Q,1e+22,2048,1.0,0.1,0.05,3,True,logarithmic,True,0.005538635453134155
"Pythia training log (Attachment B, final checkpoint D=299.9B tokens)",independent_native_Q,1e+22,2048,1.1,-0.1,-0.05,3,False,,,
"Pythia training log (Attachment B, final checkpoint D=299.9B tokens)",independent_native_Q,1e+22,2048,1.1,-0.1,0.0,3,True,logarithmic,True,0.006136005224465002
"Pythia training log (Attachment B, final checkpoint D=299.9B tokens)",independent_native_Q,1e+22,2048,1.1,-0.1,0.05,3,True,logarithmic,True,0.006087283712345126
"Pythia training log (Attachment B, final checkpoint D=299.9B tokens)",independent_native_Q,1e+22,2048,1.1,0.0,-0.05,3,True,logarithmic,True,0.00609611730993187
"Pythia training log (Attachment B, final checkpoint D=299.9B tokens)",independent_native_Q,1e+22,2048,1.1,0.0,0.0,3,True,logarithmic,True,0.006047668907041448
"Pythia training log (Attachment B, final checkpoint D=299.9B tokens)",independent_native_Q,1e+22,2048,1.1,0.0,0.05,3,True,logarithmic,True,0.005999553047301376
"Pythia training log (Attachment B, final checkpoint D=299.9B tokens)",independent_native_Q,1e+22,2048,1.1,0.1,-0.05,3,True,logarithmic,True,0.006008276713464156
"Pythia training log (Attachment B, final checkpoint D=299.9B tokens)",independent_native_Q,1e+22,2048,1.1,0.1,0.0,3,True,logarithmic,True,0.005960431899039165
"Pythia training log (Attachment B, final checkpoint D=299.9B tokens)",independent_native_Q,1e+22,2048,1.1,0.1,0.05,3,True,logarithmic,True,0.0059129170878495785
"Pythia training log (Attachment B, final checkpoint D=299.9B tokens)",independent_native_Q,1e+22,8192,0.9,-0.1,-0.05,3,False,,,
"Pythia training log (Attachment B, final checkpoint D=299.9B tokens)",independent_native_Q,1e+22,8192,0.9,-0.1,0.0,3,False,,,
"Pythia training log (Attachment B, final checkpoint D=299.9B tokens)",independent_native_Q,1e+22,8192,0.9,-0.1,0.05,3,False,,,
"Pythia training log (Attachment B, final checkpoint D=299.9B tokens)",independent_native_Q,1e+22,8192,0.9,0.0,-0.05,3,False,,,
"Pythia training log (Attachment B, final checkpoint D=299.9B tokens)",independent_native_Q,1e+22,8192,0.9,0.0,0.0,3,False,,,
"Pythia training log (Attachment B, final checkpoint D=299.9B tokens)",independent_native_Q,1e+22,8192,0.9,0.0,0.05,3,False,,,
"Pythia training log (Attachment B, final checkpoint D=299.9B tokens)",independent_native_Q,1e+22,8192,0.9,0.1,-0.05,3,False,,,
"Pythia training log (Attachment B, final checkpoint D=299.9B tokens)",independent_native_Q,1e+22,8192,0.9,0.1,0.0,3,False,,,
"Pythia training log (Attachment B, final checkpoint D=299.9B tokens)",independent_native_Q,1e+22,8192,0.9,0.1,0.05,3,False,,,
"Pythia training log (Attachment B, final checkpoint D=299.9B tokens)",independent_native_Q,1e+22,8192,1.0,-0.1,-0.05,3,False,,,
"Pythia training log (Attachment B, final checkpoint D=299.9B tokens)",independent_native_Q,1e+22,8192,1.0,-0.1,0.0,3,False,,,
"Pythia training log (Attachment B, final checkpoint D=299.9B tokens)",independent_native_Q,1e+22,8192,1.0,-0.1,0.05,3,False,,,
"Pythia training log (Attachment B, final checkpoint D=299.9B tokens)",independent_native_Q,1e+22,8192,1.0,0.0,-0.05,3,False,,,
"Pythia training log (Attachment B, final checkpoint D=299.9B tokens)",independent_native_Q,1e+22,8192,1.0,0.0,0.0,3,False,,,
"Pythia training log (Attachment B, final checkpoint D=299.9B tokens)",independent_native_Q,1e+22,8192,1.0,0.0,0.05,3,False,,,
"Pythia training log (Attachment B, final checkpoint D=299.9B tokens)",independent_native_Q,1e+22,8192,1.0,0.1,-0.05,3,False,,,
"Pythia training log (Attachment B, final checkpoint D=299.9B tokens)",independent_native_Q,1e+22,8192,1.0,0.1,0.0,3,True,logarithmic,True,0.005248928562445521
"Pythia training log (Attachment B, final checkpoint D=299.9B tokens)",independent_native_Q,1e+22,8192,1.0,0.1,0.05,3,True,logarithmic,True,0.005211019898800018
"Pythia training log (Attachment B, final checkpoint D=299.9B tokens)",independent_native_Q,1e+22,8192,1.1,-0.1,-0.05,3,False,,,
"Pythia training log (Attachment B, final checkpoint D=299.9B tokens)",independent_native_Q,1e+22,8192,1.1,-0.1,0.0,3,True,logarithmic,True,0.005772124472830598
"Pythia training log (Attachment B, final checkpoint D=299.9B tokens)",independent_native_Q,1e+22,8192,1.1,-0.1,0.05,3,True,logarithmic,True,0.005726280905882675
"Pythia training log (Attachment B, final checkpoint D=299.9B tokens)",independent_native_Q,1e+22,8192,1.1,0.0,-0.05,3,True,logarithmic,True,0.005734592694683904
"Pythia training log (Attachment B, final checkpoint D=299.9B tokens)",independent_native_Q,1e+22,8192,1.1,0.0,0.0,3,True,logarithmic,True,0.005689006262368679
"Pythia training log (Attachment B, final checkpoint D=299.9B tokens)",independent_native_Q,1e+22,8192,1.1,0.0,0.05,3,True,logarithmic,True,0.0056437329190490715
"Pythia training log (Attachment B, final checkpoint D=299.9B tokens)",independent_native_Q,1e+22,8192,1.1,0.1,-0.05,3,True,logarithmic,True,0.005651941207538869
"Pythia training log (Attachment B, final checkpoint D=299.9B tokens)",independent_native_Q,1e+22,8192,1.1,0.1,0.0,3,True,logarithmic,True,0.005606923050513579
"Pythia training log (Attachment B, final checkpoint D=299.9B tokens)",independent_native_Q,1e+22,8192,1.1,0.1,0.05,3,True,logarithmic,True,0.005562215584954622
"Pythia training log (Attachment B, final checkpoint D=299.9B tokens)",independent_native_Q,1e+22,131072,0.9,-0.1,-0.05,3,False,,,
"Pythia training log (Attachment B, final checkpoint D=299.9B tokens)",independent_native_Q,1e+22,131072,0.9,-0.1,0.0,3,False,,,
"Pythia training log (Attachment B, final checkpoint D=299.9B tokens)",independent_native_Q,1e+22,131072,0.9,-0.1,0.05,3,False,,,
"Pythia training log (Attachment B, final checkpoint D=299.9B tokens)",independent_native_Q,1e+22,131072,0.9,0.0,-0.05,3,False,,,
"Pythia training log (Attachment B, final checkpoint D=299.9B tokens)",independent_native_Q,1e+22,131072,0.9,0.0,0.0,3,False,,,
"Pythia training log (Attachment B, final checkpoint D=299.9B tokens)",independent_native_Q,1e+22,131072,0.9,0.0,0.05,3,False,,,
"Pythia training log (Attachment B, final checkpoint D=299.9B tokens)",independent_native_Q,1e+22,131072,0.9,0.1,-0.05,3,False,,,
"Pythia training log (Attachment B, final checkpoint D=299.9B tokens)",independent_native_Q,1e+22,131072,0.9,0.1,0.0,3,False,,,
"Pythia training log (Attachment B, final checkpoint D=299.9B tokens)",independent_native_Q,1e+22,131072,0.9,0.1,0.05,3,False,,,
"Pythia training log (Attachment B, final checkpoint D=299.9B tokens)",independent_native_Q,1e+22,131072,1.0,-0.1,-0.05,3,False,,,
"Pythia training log (Attachment B, final checkpoint D=299.9B tokens)",independent_native_Q,1e+22,131072,1.0,-0.1,0.0,3,False,,,
"Pythia training log (Attachment B, final checkpoint D=299.9B tokens)",independent_native_Q,1e+22,131072,1.0,-0.1,0.05,3,False,,,
"Pythia training log (Attachment B, final checkpoint D=299.9B tokens)",independent_native_Q,1e+22,131072,1.0,0.0,-0.05,3,False,,,
"Pythia training log (Attachment B, final checkpoint D=299.9B tokens)",independent_native_Q,1e+22,131072,1.0,0.0,0.0,3,True,logarithmic,True,0.0031479422702469506
"Pythia training log (Attachment B, final checkpoint D=299.9B tokens)",independent_native_Q,1e+22,131072,1.0,0.0,0.05,3,True,logarithmic,True,0.003125204772391754
"Pythia training log (Attachment B, final checkpoint D=299.9B tokens)",independent_native_Q,1e+22,131072,1.0,0.1,-0.05,3,True,logarithmic,True,0.003125204772391754
"Pythia training log (Attachment B, final checkpoint D=299.9B tokens)",independent_native_Q,1e+22,131072,1.0,0.1,0.0,3,True,logarithmic,True,0.0031026089589527572
"Pythia training log (Attachment B, final checkpoint D=299.9B tokens)",independent_native_Q,1e+22,131072,1.0,0.1,0.05,3,True,logarithmic,True,0.003080154294608839
"Pythia training log (Attachment B, final checkpoint D=299.9B tokens)",independent_native_Q,1e+22,131072,1.1,-0.1,-0.05,3,True,logarithmic,True,0.003433946784467956
"Pythia training log (Attachment B, final checkpoint D=299.9B tokens)",independent_native_Q,1e+22,131072,1.1,-0.1,0.0,3,True,logarithmic,True,0.003406640330773314
"Pythia training log (Attachment B, final checkpoint D=299.9B tokens)",independent_native_Q,1e+22,131072,1.1,-0.1,0.05,3,True,logarithmic,True,0.003379521566371224
"Pythia training log (Attachment B, final checkpoint D=299.9B tokens)",independent_native_Q,1e+22,131072,1.1,0.0,-0.05,3,True,logarithmic,True,0.0033844383260195343
"Pythia training log (Attachment B, final checkpoint D=299.9B tokens)",independent_native_Q,1e+22,131072,1.1,0.0,0.0,3,True,logarithmic,True,0.003357472537642181
"Pythia training log (Attachment B, final checkpoint D=299.9B tokens)",independent_native_Q,1e+22,131072,1.1,0.0,0.05,3,True,logarithmic,True,0.0033306929964638243
"Pythia training log (Attachment B, final checkpoint D=299.9B tokens)",independent_native_Q,1e+22,131072,1.1,0.1,-0.05,3,True,logarithmic,True,0.003335548186893078
"Pythia training log (Attachment B, final checkpoint D=299.9B tokens)",independent_native_Q,1e+22,131072,1.1,0.1,0.0,3,True,logarithmic,True,0.0033089204342076073
"Pythia training log (Attachment B, final checkpoint D=299.9B tokens)",independent_native_Q,1e+22,131072,1.1,0.1,0.05,3,True,logarithmic,True,0.0032824774682778113
"Pythia training log (Attachment B, final checkpoint D=299.9B tokens)",independent_native_Q,1e+24,2048,0.9,-0.1,-0.05,3,False,,,
"Pythia training log (Attachment B, final checkpoint D=299.9B tokens)",independent_native_Q,1e+24,2048,0.9,-0.1,0.0,3,False,,,
"Pythia training log (Attachment B, final checkpoint D=299.9B tokens)",independent_native_Q,1e+24,2048,0.9,-0.1,0.05,3,False,,,
"Pythia training log (Attachment B, final checkpoint D=299.9B tokens)",independent_native_Q,1e+24,2048,0.9,0.0,-0.05,3,False,,,
"Pythia training log (Attachment B, final checkpoint D=299.9B tokens)",independent_native_Q,1e+24,2048,0.9,0.0,0.0,3,False,,,
"Pythia training log (Attachment B, final checkpoint D=299.9B tokens)",independent_native_Q,1e+24,2048,0.9,0.0,0.05,3,False,,,
"Pythia training log (Attachment B, final checkpoint D=299.9B tokens)",independent_native_Q,1e+24,2048,0.9,0.1,-0.05,3,False,,,
"Pythia training log (Attachment B, final checkpoint D=299.9B tokens)",independent_native_Q,1e+24,2048,0.9,0.1,0.0,3,False,,,
"Pythia training log (Attachment B, final checkpoint D=299.9B tokens)",independent_native_Q,1e+24,2048,0.9,0.1,0.05,3,False,,,
"Pythia training log (Attachment B, final checkpoint D=299.9B tokens)",independent_native_Q,1e+24,2048,1.0,-0.1,-0.05,3,False,,,
"Pythia training log (Attachment B, final checkpoint D=299.9B tokens)",independent_native_Q,1e+24,2048,1.0,-0.1,0.0,3,False,,,
"Pythia training log (Attachment B, final checkpoint D=299.9B tokens)",independent_native_Q,1e+24,2048,1.0,-0.1,0.05,3,False,,,
"Pythia training log (Attachment B, final checkpoint D=299.9B tokens)",independent_native_Q,1e+24,2048,1.0,0.0,-0.05,3,False,,,
"Pythia training log (Attachment B, final checkpoint D=299.9B tokens)",independent_native_Q,1e+24,2048,1.0,0.0,0.0,3,False,,,
"Pythia training log (Attachment B, final checkpoint D=299.9B tokens)",independent_native_Q,1e+24,2048,1.0,0.0,0.05,3,False,,,
"Pythia training log (Attachment B, final checkpoint D=299.9B tokens)",independent_native_Q,1e+24,2048,1.0,0.1,-0.05,3,False,,,
"Pythia training log (Attachment B, final checkpoint D=299.9B tokens)",independent_native_Q,1e+24,2048,1.0,0.1,0.0,3,False,,,
"Pythia training log (Attachment B, final checkpoint D=299.9B tokens)",independent_native_Q,1e+24,2048,1.0,0.1,0.05,3,True,exponential;power;logarithmic,False,0.0
"Pythia training log (Attachment B, final checkpoint D=299.9B tokens)",independent_native_Q,1e+24,2048,1.1,-0.1,-0.05,3,False,,,
"Pythia training log (Attachment B, final checkpoint D=299.9B tokens)",independent_native_Q,1e+24,2048,1.1,-0.1,0.0,3,False,,,
"Pythia training log (Attachment B, final checkpoint D=299.9B tokens)",independent_native_Q,1e+24,2048,1.1,-0.1,0.05,3,True,exponential;power;logarithmic,False,0.0
"Pythia training log (Attachment B, final checkpoint D=299.9B tokens)",independent_native_Q,1e+24,2048,1.1,0.0,-0.05,3,True,exponential;power;logarithmic,False,0.0
"Pythia training log (Attachment B, final checkpoint D=299.9B tokens)",independent_native_Q,1e+24,2048,1.1,0.0,0.0,3,True,exponential;power;logarithmic,False,0.0
"Pythia training log (Attachment B, final checkpoint D=299.9B tokens)",independent_native_Q,1e+24,2048,1.1,0.0,0.05,3,True,exponential;power;logarithmic,False,0.0
"Pythia training log (Attachment B, final checkpoint D=299.9B tokens)",independent_native_Q,1e+24,2048,1.1,0.1,-0.05,3,True,exponential;power;logarithmic,False,0.0
"Pythia training log (Attachment B, final checkpoint D=299.9B tokens)",independent_native_Q,1e+24,2048,1.1,0.1,0.0,3,True,exponential;power;logarithmic,False,0.0
"Pythia training log (Attachment B, final checkpoint D=299.9B tokens)",independent_native_Q,1e+24,2048,1.1,0.1,0.05,3,True,exponential;power;logarithmic,False,0.0
"Pythia training log (Attachment B, final checkpoint D=299.9B tokens)",independent_native_Q,1e+24,8192,0.9,-0.1,-0.05,3,False,,,
"Pythia training log (Attachment B, final checkpoint D=299.9B tokens)",independent_native_Q,1e+24,8192,0.9,-0.1,0.0,3,False,,,
"Pythia training log (Attachment B, final checkpoint D=299.9B tokens)",independent_native_Q,1e+24,8192,0.9,-0.1,0.05,3,False,,,
"Pythia training log (Attachment B, final checkpoint D=299.9B tokens)",independent_native_Q,1e+24,8192,0.9,0.0,-0.05,3,False,,,
"Pythia training log (Attachment B, final checkpoint D=299.9B tokens)",independent_native_Q,1e+24,8192,0.9,0.0,0.0,3,False,,,
"Pythia training log (Attachment B, final checkpoint D=299.9B tokens)",independent_native_Q,1e+24,8192,0.9,0.0,0.05,3,False,,,
"Pythia training log (Attachment B, final checkpoint D=299.9B tokens)",independent_native_Q,1e+24,8192,0.9,0.1,-0.05,3,False,,,
"Pythia training log (Attachment B, final checkpoint D=299.9B tokens)",independent_native_Q,1e+24,8192,0.9,0.1,0.0,3,False,,,
"Pythia training log (Attachment B, final checkpoint D=299.9B tokens)",independent_native_Q,1e+24,8192,0.9,0.1,0.05,3,False,,,
"Pythia training log (Attachment B, final checkpoint D=299.9B tokens)",independent_native_Q,1e+24,8192,1.0,-0.1,-0.05,3,False,,,
"Pythia training log (Attachment B, final checkpoint D=299.9B tokens)",independent_native_Q,1e+24,8192,1.0,-0.1,0.0,3,False,,,
"Pythia training log (Attachment B, final checkpoint D=299.9B tokens)",independent_native_Q,1e+24,8192,1.0,-0.1,0.05,3,False,,,
"Pythia training log (Attachment B, final checkpoint D=299.9B tokens)",independent_native_Q,1e+24,8192,1.0,0.0,-0.05,3,False,,,
"Pythia training log (Attachment B, final checkpoint D=299.9B tokens)",independent_native_Q,1e+24,8192,1.0,0.0,0.0,3,False,,,
"Pythia training log (Attachment B, final checkpoint D=299.9B tokens)",independent_native_Q,1e+24,8192,1.0,0.0,0.05,3,False,,,
"Pythia training log (Attachment B, final checkpoint D=299.9B tokens)",independent_native_Q,1e+24,8192,1.0,0.1,-0.05,3,False,,,
"Pythia training log (Attachment B, final checkpoint D=299.9B tokens)",independent_native_Q,1e+24,8192,1.0,0.1,0.0,3,False,,,
"Pythia training log (Attachment B, final checkpoint D=299.9B tokens)",independent_native_Q,1e+24,8192,1.0,0.1,0.05,3,True,exponential;power;logarithmic,False,0.0
"Pythia training log (Attachment B, final checkpoint D=299.9B tokens)",independent_native_Q,1e+24,8192,1.1,-0.1,-0.05,3,False,,,
"Pythia training log (Attachment B, final checkpoint D=299.9B tokens)",independent_native_Q,1e+24,8192,1.1,-0.1,0.0,3,False,,,
"Pythia training log (Attachment B, final checkpoint D=299.9B tokens)",independent_native_Q,1e+24,8192,1.1,-0.1,0.05,3,True,exponential;power;logarithmic,False,0.0
"Pythia training log (Attachment B, final checkpoint D=299.9B tokens)",independent_native_Q,1e+24,8192,1.1,0.0,-0.05,3,True,exponential;power;logarithmic,False,0.0
"Pythia training log (Attachment B, final checkpoint D=299.9B tokens)",independent_native_Q,1e+24,8192,1.1,0.0,0.0,3,True,exponential;power;logarithmic,False,0.0
"Pythia training log (Attachment B, final checkpoint D=299.9B tokens)",independent_native_Q,1e+24,8192,1.1,0.0,0.05,3,True,exponential;power;logarithmic,False,0.0
"Pythia training log (Attachment B, final checkpoint D=299.9B tokens)",independent_native_Q,1e+24,8192,1.1,0.1,-0.05,3,True,exponential;power;logarithmic,False,0.0
"Pythia training log (Attachment B, final checkpoint D=299.9B tokens)",independent_native_Q,1e+24,8192,1.1,0.1,0.0,3,True,exponential;power;logarithmic,False,0.0
"Pythia training log (Attachment B, final checkpoint D=299.9B tokens)",independent_native_Q,1e+24,8192,1.1,0.1,0.05,3,True,exponential;power;logarithmic,False,0.0
"Pythia training log (Attachment B, final checkpoint D=299.9B tokens)",independent_native_Q,1e+24,131072,0.9,-0.1,-0.05,3,False,,,
"Pythia training log (Attachment B, final checkpoint D=299.9B tokens)",independent_native_Q,1e+24,131072,0.9,-0.1,0.0,3,False,,,
"Pythia training log (Attachment B, final checkpoint D=299.9B tokens)",independent_native_Q,1e+24,131072,0.9,-0.1,0.05,3,False,,,
"Pythia training log (Attachment B, final checkpoint D=299.9B tokens)",independent_native_Q,1e+24,131072,0.9,0.0,-0.05,3,False,,,
"Pythia training log (Attachment B, final checkpoint D=299.9B tokens)",independent_native_Q,1e+24,131072,0.9,0.0,0.0,3,False,,,
"Pythia training log (Attachment B, final checkpoint D=299.9B tokens)",independent_native_Q,1e+24,131072,0.9,0.0,0.05,3,False,,,
"Pythia training log (Attachment B, final checkpoint D=299.9B tokens)",independent_native_Q,1e+24,131072,0.9,0.1,-0.05,3,False,,,
"Pythia training log (Attachment B, final checkpoint D=299.9B tokens)",independent_native_Q,1e+24,131072,0.9,0.1,0.0,3,False,,,
"Pythia training log (Attachment B, final checkpoint D=299.9B tokens)",independent_native_Q,1e+24,131072,0.9,0.1,0.05,3,False,,,
"Pythia training log (Attachment B, final checkpoint D=299.9B tokens)",independent_native_Q,1e+24,131072,1.0,-0.1,-0.05,3,False,,,
"Pythia training log (Attachment B, final checkpoint D=299.9B tokens)",independent_native_Q,1e+24,131072,1.0,-0.1,0.0,3,False,,,
"Pythia training log (Attachment B, final checkpoint D=299.9B tokens)",independent_native_Q,1e+24,131072,1.0,-0.1,0.05,3,False,,,
"Pythia training log (Attachment B, final checkpoint D=299.9B tokens)",independent_native_Q,1e+24,131072,1.0,0.0,-0.05,3,False,,,
"Pythia training log (Attachment B, final checkpoint D=299.9B tokens)",independent_native_Q,1e+24,131072,1.0,0.0,0.0,3,False,,,
"Pythia training log (Attachment B, final checkpoint D=299.9B tokens)",independent_native_Q,1e+24,131072,1.0,0.0,0.05,3,False,,,
"Pythia training log (Attachment B, final checkpoint D=299.9B tokens)",independent_native_Q,1e+24,131072,1.0,0.1,-0.05,3,False,,,
"Pythia training log (Attachment B, final checkpoint D=299.9B tokens)",independent_native_Q,1e+24,131072,1.0,0.1,0.0,3,False,,,
"Pythia training log (Attachment B, final checkpoint D=299.9B tokens)",independent_native_Q,1e+24,131072,1.0,0.1,0.05,3,True,exponential;power;logarithmic,False,0.0
"Pythia training log (Attachment B, final checkpoint D=299.9B tokens)",independent_native_Q,1e+24,131072,1.1,-0.1,-0.05,3,False,,,
"Pythia training log (Attachment B, final checkpoint D=299.9B tokens)",independent_native_Q,1e+24,131072,1.1,-0.1,0.0,3,False,,,
"Pythia training log (Attachment B, final checkpoint D=299.9B tokens)",independent_native_Q,1e+24,131072,1.1,-0.1,0.05,3,True,exponential;power;logarithmic,False,0.0
"Pythia training log (Attachment B, final checkpoint D=299.9B tokens)",independent_native_Q,1e+24,131072,1.1,0.0,-0.05,3,True,exponential;power;logarithmic,False,0.0
"Pythia training log (Attachment B, final checkpoint D=299.9B tokens)",independent_native_Q,1e+24,131072,1.1,0.0,0.0,3,True,exponential;power;logarithmic,False,0.0
"Pythia training log (Attachment B, final checkpoint D=299.9B tokens)",independent_native_Q,1e+24,131072,1.1,0.0,0.05,3,True,exponential;power;logarithmic,False,0.0
"Pythia training log (Attachment B, final checkpoint D=299.9B tokens)",independent_native_Q,1e+24,131072,1.1,0.1,-0.05,3,True,exponential;power;logarithmic,False,0.0
"Pythia training log (Attachment B, final checkpoint D=299.9B tokens)",independent_native_Q,1e+24,131072,1.1,0.1,0.0,3,True,exponential;power;logarithmic,False,0.0
"Pythia training log (Attachment B, final checkpoint D=299.9B tokens)",independent_native_Q,1e+24,131072,1.1,0.1,0.05,3,True,exponential;power;logarithmic,False,0.0
"Pythia training log (Attachment B, final checkpoint D=299.9B tokens)",observed_joint_recipe,1e+19,2048,0.9,-0.1,-0.05,3,False,,,
"Pythia training log (Attachment B, final checkpoint D=299.9B tokens)",observed_joint_recipe,1e+19,2048,0.9,-0.1,0.0,3,False,,,
"Pythia training log (Attachment B, final checkpoint D=299.9B tokens)",observed_joint_recipe,1e+19,2048,0.9,-0.1,0.05,3,False,,,
"Pythia training log (Attachment B, final checkpoint D=299.9B tokens)",observed_joint_recipe,1e+19,2048,0.9,0.0,-0.05,3,False,,,
"Pythia training log (Attachment B, final checkpoint D=299.9B tokens)",observed_joint_recipe,1e+19,2048,0.9,0.0,0.0,3,False,,,
"Pythia training log (Attachment B, final checkpoint D=299.9B tokens)",observed_joint_recipe,1e+19,2048,0.9,0.0,0.05,3,False,,,
"Pythia training log (Attachment B, final checkpoint D=299.9B tokens)",observed_joint_recipe,1e+19,2048,0.9,0.1,-0.05,3,False,,,
"Pythia training log (Attachment B, final checkpoint D=299.9B tokens)",observed_joint_recipe,1e+19,2048,0.9,0.1,0.0,3,False,,,
"Pythia training log (Attachment B, final checkpoint D=299.9B tokens)",observed_joint_recipe,1e+19,2048,0.9,0.1,0.05,3,False,,,
"Pythia training log (Attachment B, final checkpoint D=299.9B tokens)",observed_joint_recipe,1e+19,2048,1.0,-0.1,-0.05,3,False,,,
"Pythia training log (Attachment B, final checkpoint D=299.9B tokens)",observed_joint_recipe,1e+19,2048,1.0,-0.1,0.0,3,False,,,
"Pythia training log (Attachment B, final checkpoint D=299.9B tokens)",observed_joint_recipe,1e+19,2048,1.0,-0.1,0.05,3,False,,,
"Pythia training log (Attachment B, final checkpoint D=299.9B tokens)",observed_joint_recipe,1e+19,2048,1.0,0.0,-0.05,3,False,,,
"Pythia training log (Attachment B, final checkpoint D=299.9B tokens)",observed_joint_recipe,1e+19,2048,1.0,0.0,0.0,3,False,,,
"Pythia training log (Attachment B, final checkpoint D=299.9B tokens)",observed_joint_recipe,1e+19,2048,1.0,0.0,0.05,3,False,,,
"Pythia training log (Attachment B, final checkpoint D=299.9B tokens)",observed_joint_recipe,1e+19,2048,1.0,0.1,-0.05,3,False,,,
"Pythia training log (Attachment B, final checkpoint D=299.9B tokens)",observed_joint_recipe,1e+19,2048,1.0,0.1,0.0,3,False,,,
"Pythia training log (Attachment B, final checkpoint D=299.9B tokens)",observed_joint_recipe,1e+19,2048,1.0,0.1,0.05,3,False,,,
"Pythia training log (Attachment B, final checkpoint D=299.9B tokens)",observed_joint_recipe,1e+19,2048,1.1,-0.1,-0.05,3,False,,,
"Pythia training log (Attachment B, final checkpoint D=299.9B tokens)",observed_joint_recipe,1e+19,2048,1.1,-0.1,0.0,3,False,,,
"Pythia training log (Attachment B, final checkpoint D=299.9B tokens)",observed_joint_recipe,1e+19,2048,1.1,-0.1,0.05,3,False,,,
"Pythia training log (Attachment B, final checkpoint D=299.9B tokens)",observed_joint_recipe,1e+19,2048,1.1,0.0,-0.05,3,False,,,
"Pythia training log (Attachment B, final checkpoint D=299.9B tokens)",observed_joint_recipe,1e+19,2048,1.1,0.0,0.0,3,False,,,
"Pythia training log (Attachment B, final checkpoint D=299.9B tokens)",observed_joint_recipe,1e+19,2048,1.1,0.0,0.05,3,False,,,
"Pythia training log (Attachment B, final checkpoint D=299.9B tokens)",observed_joint_recipe,1e+19,2048,1.1,0.1,-0.05,3,False,,,
"Pythia training log (Attachment B, final checkpoint D=299.9B tokens)",observed_joint_recipe,1e+19,2048,1.1,0.1,0.0,3,False,,,
"Pythia training log (Attachment B, final checkpoint D=299.9B tokens)",observed_joint_recipe,1e+19,2048,1.1,0.1,0.05,3,False,,,
"Pythia training log (Attachment B, final checkpoint D=299.9B tokens)",observed_joint_recipe,1e+19,8192,0.9,-0.1,-0.05,3,False,,,
"Pythia training log (Attachment B, final checkpoint D=299.9B tokens)",observed_joint_recipe,1e+19,8192,0.9,-0.1,0.0,3,False,,,
"Pythia training log (Attachment B, final checkpoint D=299.9B tokens)",observed_joint_recipe,1e+19,8192,0.9,-0.1,0.05,3,False,,,
"Pythia training log (Attachment B, final checkpoint D=299.9B tokens)",observed_joint_recipe,1e+19,8192,0.9,0.0,-0.05,3,False,,,
"Pythia training log (Attachment B, final checkpoint D=299.9B tokens)",observed_joint_recipe,1e+19,8192,0.9,0.0,0.0,3,False,,,
"Pythia training log (Attachment B, final checkpoint D=299.9B tokens)",observed_joint_recipe,1e+19,8192,0.9,0.0,0.05,3,False,,,
"Pythia training log (Attachment B, final checkpoint D=299.9B tokens)",observed_joint_recipe,1e+19,8192,0.9,0.1,-0.05,3,False,,,
"Pythia training log (Attachment B, final checkpoint D=299.9B tokens)",observed_joint_recipe,1e+19,8192,0.9,0.1,0.0,3,False,,,
"Pythia training log (Attachment B, final checkpoint D=299.9B tokens)",observed_joint_recipe,1e+19,8192,0.9,0.1,0.05,3,False,,,
"Pythia training log (Attachment B, final checkpoint D=299.9B tokens)",observed_joint_recipe,1e+19,8192,1.0,-0.1,-0.05,3,False,,,
"Pythia training log (Attachment B, final checkpoint D=299.9B tokens)",observed_joint_recipe,1e+19,8192,1.0,-0.1,0.0,3,False,,,
"Pythia training log (Attachment B, final checkpoint D=299.9B tokens)",observed_joint_recipe,1e+19,8192,1.0,-0.1,0.05,3,False,,,
"Pythia training log (Attachment B, final checkpoint D=299.9B tokens)",observed_joint_recipe,1e+19,8192,1.0,0.0,-0.05,3,False,,,
"Pythia training log (Attachment B, final checkpoint D=299.9B tokens)",observed_joint_recipe,1e+19,8192,1.0,0.0,0.0,3,False,,,
"Pythia training log (Attachment B, final checkpoint D=299.9B tokens)",observed_joint_recipe,1e+19,8192,1.0,0.0,0.05,3,False,,,
"Pythia training log (Attachment B, final checkpoint D=299.9B tokens)",observed_joint_recipe,1e+19,8192,1.0,0.1,-0.05,3,False,,,
"Pythia training log (Attachment B, final checkpoint D=299.9B tokens)",observed_joint_recipe,1e+19,8192,1.0,0.1,0.0,3,False,,,
"Pythia training log (Attachment B, final checkpoint D=299.9B tokens)",observed_joint_recipe,1e+19,8192,1.0,0.1,0.05,3,False,,,
"Pythia training log (Attachment B, final checkpoint D=299.9B tokens)",observed_joint_recipe,1e+19,8192,1.1,-0.1,-0.05,3,False,,,
"Pythia training log (Attachment B, final checkpoint D=299.9B tokens)",observed_joint_recipe,1e+19,8192,1.1,-0.1,0.0,3,False,,,
"Pythia training log (Attachment B, final checkpoint D=299.9B tokens)",observed_joint_recipe,1e+19,8192,1.1,-0.1,0.05,3,False,,,
"Pythia training log (Attachment B, final checkpoint D=299.9B tokens)",observed_joint_recipe,1e+19,8192,1.1,0.0,-0.05,3,False,,,
"Pythia training log (Attachment B, final checkpoint D=299.9B tokens)",observed_joint_recipe,1e+19,8192,1.1,0.0,0.0,3,False,,,
"Pythia training log (Attachment B, final checkpoint D=299.9B tokens)",observed_joint_recipe,1e+19,8192,1.1,0.0,0.05,3,False,,,
"Pythia training log (Attachment B, final checkpoint D=299.9B tokens)",observed_joint_recipe,1e+19,8192,1.1,0.1,-0.05,3,False,,,
"Pythia training log (Attachment B, final checkpoint D=299.9B tokens)",observed_joint_recipe,1e+19,8192,1.1,0.1,0.0,3,False,,,
"Pythia training log (Attachment B, final checkpoint D=299.9B tokens)",observed_joint_recipe,1e+19,8192,1.1,0.1,0.05,3,False,,,
"Pythia training log (Attachment B, final checkpoint D=299.9B tokens)",observed_joint_recipe,1e+19,131072,0.9,-0.1,-0.05,0,False,,,
"Pythia training log (Attachment B, final checkpoint D=299.9B tokens)",observed_joint_recipe,1e+19,131072,0.9,-0.1,0.0,0,False,,,
"Pythia training log (Attachment B, final checkpoint D=299.9B tokens)",observed_joint_recipe,1e+19,131072,0.9,-0.1,0.05,0,False,,,
"Pythia training log (Attachment B, final checkpoint D=299.9B tokens)",observed_joint_recipe,1e+19,131072,0.9,0.0,-0.05,0,False,,,
"Pythia training log (Attachment B, final checkpoint D=299.9B tokens)",observed_joint_recipe,1e+19,131072,0.9,0.0,0.0,0,False,,,
"Pythia training log (Attachment B, final checkpoint D=299.9B tokens)",observed_joint_recipe,1e+19,131072,0.9,0.0,0.05,0,False,,,
"Pythia training log (Attachment B, final checkpoint D=299.9B tokens)",observed_joint_recipe,1e+19,131072,0.9,0.1,-0.05,0,False,,,
"Pythia training log (Attachment B, final checkpoint D=299.9B tokens)",observed_joint_recipe,1e+19,131072,0.9,0.1,0.0,0,False,,,
"Pythia training log (Attachment B, final checkpoint D=299.9B tokens)",observed_joint_recipe,1e+19,131072,0.9,0.1,0.05,0,False,,,
"Pythia training log (Attachment B, final checkpoint D=299.9B tokens)",observed_joint_recipe,1e+19,131072,1.0,-0.1,-0.05,0,False,,,
"Pythia training log (Attachment B, final checkpoint D=299.9B tokens)",observed_joint_recipe,1e+19,131072,1.0,-0.1,0.0,0,False,,,
"Pythia training log (Attachment B, final checkpoint D=299.9B tokens)",observed_joint_recipe,1e+19,131072,1.0,-0.1,0.05,0,False,,,
"Pythia training log (Attachment B, final checkpoint D=299.9B tokens)",observed_joint_recipe,1e+19,131072,1.0,0.0,-0.05,0,False,,,
"Pythia training log (Attachment B, final checkpoint D=299.9B tokens)",observed_joint_recipe,1e+19,131072,1.0,0.0,0.0,0,False,,,
"Pythia training log (Attachment B, final checkpoint D=299.9B tokens)",observed_joint_recipe,1e+19,131072,1.0,0.0,0.05,0,False,,,
"Pythia training log (Attachment B, final checkpoint D=299.9B tokens)",observed_joint_recipe,1e+19,131072,1.0,0.1,-0.05,0,False,,,
"Pythia training log (Attachment B, final checkpoint D=299.9B tokens)",observed_joint_recipe,1e+19,131072,1.0,0.1,0.0,0,False,,,
"Pythia training log (Attachment B, final checkpoint D=299.9B tokens)",observed_joint_recipe,1e+19,131072,1.0,0.1,0.05,0,False,,,
"Pythia training log (Attachment B, final checkpoint D=299.9B tokens)",observed_joint_recipe,1e+19,131072,1.1,-0.1,-0.05,0,False,,,
"Pythia training log (Attachment B, final checkpoint D=299.9B tokens)",observed_joint_recipe,1e+19,131072,1.1,-0.1,0.0,0,False,,,
"Pythia training log (Attachment B, final checkpoint D=299.9B tokens)",observed_joint_recipe,1e+19,131072,1.1,-0.1,0.05,0,False,,,
"Pythia training log (Attachment B, final checkpoint D=299.9B tokens)",observed_joint_recipe,1e+19,131072,1.1,0.0,-0.05,0,False,,,
"Pythia training log (Attachment B, final checkpoint D=299.9B tokens)",observed_joint_recipe,1e+19,131072,1.1,0.0,0.0,0,False,,,
"Pythia training log (Attachment B, final checkpoint D=299.9B tokens)",observed_joint_recipe,1e+19,131072,1.1,0.0,0.05,0,False,,,
"Pythia training log (Attachment B, final checkpoint D=299.9B tokens)",observed_joint_recipe,1e+19,131072,1.1,0.1,-0.05,0,False,,,
"Pythia training log (Attachment B, final checkpoint D=299.9B tokens)",observed_joint_recipe,1e+19,131072,1.1,0.1,0.0,0,False,,,
"Pythia training log (Attachment B, final checkpoint D=299.9B tokens)",observed_joint_recipe,1e+19,131072,1.1,0.1,0.05,0,False,,,
"Pythia training log (Attachment B, final checkpoint D=299.9B tokens)",observed_joint_recipe,1e+20,2048,0.9,-0.1,-0.05,3,True,exponential,True,0.007007806142645734
"Pythia training log (Attachment B, final checkpoint D=299.9B tokens)",observed_joint_recipe,1e+20,2048,0.9,-0.1,0.0,3,True,exponential,True,0.006962188285538851
"Pythia training log (Attachment B, final checkpoint D=299.9B tokens)",observed_joint_recipe,1e+20,2048,0.9,-0.1,0.05,3,True,exponential,True,0.006916826946941512
"Pythia training log (Attachment B, final checkpoint D=299.9B tokens)",observed_joint_recipe,1e+20,2048,0.9,0.0,-0.05,3,True,exponential,True,0.006906781396808448
"Pythia training log (Attachment B, final checkpoint D=299.9B tokens)",observed_joint_recipe,1e+20,2048,0.9,0.0,0.0,3,True,exponential,True,0.0068617323839239575
"Pythia training log (Attachment B, final checkpoint D=299.9B tokens)",observed_joint_recipe,1e+20,2048,0.9,0.0,0.05,3,True,exponential,True,0.006816937924631894
"Pythia training log (Attachment B, final checkpoint D=299.9B tokens)",observed_joint_recipe,1e+20,2048,0.9,0.1,-0.05,3,True,exponential,True,0.006807018079662441
"Pythia training log (Attachment B, final checkpoint D=299.9B tokens)",observed_joint_recipe,1e+20,2048,0.9,0.1,0.0,3,True,exponential,True,0.006762533528798187
"Pythia training log (Attachment B, final checkpoint D=299.9B tokens)",observed_joint_recipe,1e+20,2048,0.9,0.1,0.05,3,True,exponential,True,0.006718301541307703
"Pythia training log (Attachment B, final checkpoint D=299.9B tokens)",observed_joint_recipe,1e+20,2048,1.0,-0.1,-0.05,3,True,exponential,True,0.007504961980592029
"Pythia training log (Attachment B, final checkpoint D=299.9B tokens)",observed_joint_recipe,1e+20,2048,1.0,-0.1,0.0,3,True,exponential,True,0.007450428476817983
"Pythia training log (Attachment B, final checkpoint D=299.9B tokens)",observed_joint_recipe,1e+20,2048,1.0,-0.1,0.05,3,True,exponential,True,0.007396239821082062
"Pythia training log (Attachment B, final checkpoint D=299.9B tokens)",observed_joint_recipe,1e+20,2048,1.0,0.0,-0.05,3,True,exponential,True,0.007396239821082062
"Pythia training log (Attachment B, final checkpoint D=299.9B tokens)",observed_joint_recipe,1e+20,2048,1.0,0.0,0.0,3,True,exponential,True,0.0073423946269910445
"Pythia training log (Attachment B, final checkpoint D=299.9B tokens)",observed_joint_recipe,1e+20,2048,1.0,0.0,0.05,3,False,,,
"Pythia training log (Attachment B, final checkpoint D=299.9B tokens)",observed_joint_recipe,1e+20,2048,1.0,0.1,-0.05,3,False,,,
"Pythia training log (Attachment B, final checkpoint D=299.9B tokens)",observed_joint_recipe,1e+20,2048,1.0,0.1,0.0,3,False,,,
"Pythia training log (Attachment B, final checkpoint D=299.9B tokens)",observed_joint_recipe,1e+20,2048,1.0,0.1,0.05,3,False,,,
"Pythia training log (Attachment B, final checkpoint D=299.9B tokens)",observed_joint_recipe,1e+20,2048,1.1,-0.1,-0.05,3,False,,,
"Pythia training log (Attachment B, final checkpoint D=299.9B tokens)",observed_joint_recipe,1e+20,2048,1.1,-0.1,0.0,3,False,,,
"Pythia training log (Attachment B, final checkpoint D=299.9B tokens)",observed_joint_recipe,1e+20,2048,1.1,-0.1,0.05,3,False,,,
"Pythia training log (Attachment B, final checkpoint D=299.9B tokens)",observed_joint_recipe,1e+20,2048,1.1,0.0,-0.05,3,False,,,
"Pythia training log (Attachment B, final checkpoint D=299.9B tokens)",observed_joint_recipe,1e+20,2048,1.1,0.0,0.0,3,False,,,
"Pythia training log (Attachment B, final checkpoint D=299.9B tokens)",observed_joint_recipe,1e+20,2048,1.1,0.0,0.05,3,False,,,
"Pythia training log (Attachment B, final checkpoint D=299.9B tokens)",observed_joint_recipe,1e+20,2048,1.1,0.1,-0.05,3,False,,,
"Pythia training log (Attachment B, final checkpoint D=299.9B tokens)",observed_joint_recipe,1e+20,2048,1.1,0.1,0.0,3,False,,,
"Pythia training log (Attachment B, final checkpoint D=299.9B tokens)",observed_joint_recipe,1e+20,2048,1.1,0.1,0.05,3,False,,,
"Pythia training log (Attachment B, final checkpoint D=299.9B tokens)",observed_joint_recipe,1e+20,8192,0.9,-0.1,-0.05,3,True,exponential,True,0.0066131850540447346
"Pythia training log (Attachment B, final checkpoint D=299.9B tokens)",observed_joint_recipe,1e+20,8192,0.9,-0.1,0.0,3,True,exponential,True,0.0065701171100398525
"Pythia training log (Attachment B, final checkpoint D=299.9B tokens)",observed_joint_recipe,1e+20,8192,0.9,-0.1,0.05,3,True,exponential,True,0.006527291608287911
"Pythia training log (Attachment B, final checkpoint D=299.9B tokens)",observed_joint_recipe,1e+20,8192,0.9,0.0,-0.05,3,True,exponential,True,0.006517807670322284
"Pythia training log (Attachment B, final checkpoint D=299.9B tokens)",observed_joint_recipe,1e+20,8192,0.9,0.0,0.0,3,True,exponential,True,0.0064752773503462535
"Pythia training log (Attachment B, final checkpoint D=299.9B tokens)",observed_joint_recipe,1e+20,8192,0.9,0.0,0.05,3,True,exponential,True,0.006432987606953766
"Pythia training log (Attachment B, final checkpoint D=299.9B tokens)",observed_joint_recipe,1e+20,8192,0.9,0.1,-0.05,3,True,exponential,True,0.006423622471948498
"Pythia training log (Attachment B, final checkpoint D=299.9B tokens)",observed_joint_recipe,1e+20,8192,0.9,0.1,0.0,3,True,exponential,True,0.0063816256154192175
"Pythia training log (Attachment B, final checkpoint D=299.9B tokens)",observed_joint_recipe,1e+20,8192,0.9,0.1,0.05,3,True,exponential,True,0.006339867446206071
"Pythia training log (Attachment B, final checkpoint D=299.9B tokens)",observed_joint_recipe,1e+20,8192,1.0,-0.1,-0.05,3,True,exponential,True,0.007079694958650684
"Pythia training log (Attachment B, final checkpoint D=299.9B tokens)",observed_joint_recipe,1e+20,8192,1.0,-0.1,0.0,3,True,exponential,True,0.007028227535192499
"Pythia training log (Attachment B, final checkpoint D=299.9B tokens)",observed_joint_recipe,1e+20,8192,1.0,-0.1,0.05,3,True,exponential,True,0.006977085942535766
"Pythia training log (Attachment B, final checkpoint D=299.9B tokens)",observed_joint_recipe,1e+20,8192,1.0,0.0,-0.05,3,True,exponential,True,0.006977085942535766
"Pythia training log (Attachment B, final checkpoint D=299.9B tokens)",observed_joint_recipe,1e+20,8192,1.0,0.0,0.0,3,False,,,
"Pythia training log (Attachment B, final checkpoint D=299.9B tokens)",observed_joint_recipe,1e+20,8192,1.0,0.0,0.05,3,False,,,
"Pythia training log (Attachment B, final checkpoint D=299.9B tokens)",observed_joint_recipe,1e+20,8192,1.0,0.1,-0.05,3,False,,,
"Pythia training log (Attachment B, final checkpoint D=299.9B tokens)",observed_joint_recipe,1e+20,8192,1.0,0.1,0.0,3,False,,,
"Pythia training log (Attachment B, final checkpoint D=299.9B tokens)",observed_joint_recipe,1e+20,8192,1.0,0.1,0.05,3,False,,,
"Pythia training log (Attachment B, final checkpoint D=299.9B tokens)",observed_joint_recipe,1e+20,8192,1.1,-0.1,-0.05,3,False,,,
"Pythia training log (Attachment B, final checkpoint D=299.9B tokens)",observed_joint_recipe,1e+20,8192,1.1,-0.1,0.0,3,False,,,
"Pythia training log (Attachment B, final checkpoint D=299.9B tokens)",observed_joint_recipe,1e+20,8192,1.1,-0.1,0.05,3,False,,,
"Pythia training log (Attachment B, final checkpoint D=299.9B tokens)",observed_joint_recipe,1e+20,8192,1.1,0.0,-0.05,3,False,,,
"Pythia training log (Attachment B, final checkpoint D=299.9B tokens)",observed_joint_recipe,1e+20,8192,1.1,0.0,0.0,3,False,,,
"Pythia training log (Attachment B, final checkpoint D=299.9B tokens)",observed_joint_recipe,1e+20,8192,1.1,0.0,0.05,3,False,,,
"Pythia training log (Attachment B, final checkpoint D=299.9B tokens)",observed_joint_recipe,1e+20,8192,1.1,0.1,-0.05,3,False,,,
"Pythia training log (Attachment B, final checkpoint D=299.9B tokens)",observed_joint_recipe,1e+20,8192,1.1,0.1,0.0,3,False,,,
"Pythia training log (Attachment B, final checkpoint D=299.9B tokens)",observed_joint_recipe,1e+20,8192,1.1,0.1,0.05,3,False,,,
"Pythia training log (Attachment B, final checkpoint D=299.9B tokens)",observed_joint_recipe,1e+20,131072,0.9,-0.1,-0.05,3,True,exponential,True,0.005287403882961783
"Pythia training log (Attachment B, final checkpoint D=299.9B tokens)",observed_joint_recipe,1e+20,131072,0.9,-0.1,0.0,3,True,exponential,True,0.005252829941264636
"Pythia training log (Attachment B, final checkpoint D=299.9B tokens)",observed_joint_recipe,1e+20,131072,0.9,-0.1,0.05,3,True,exponential,True,0.005218452576134069
"Pythia training log (Attachment B, final checkpoint D=299.9B tokens)",observed_joint_recipe,1e+20,131072,0.9,0.0,-0.05,3,True,exponential,True,0.005210839786163213
"Pythia training log (Attachment B, final checkpoint D=299.9B tokens)",observed_joint_recipe,1e+20,131072,0.9,0.0,0.0,3,True,exponential,True,0.005176701720381871
"Pythia training log (Attachment B, final checkpoint D=299.9B tokens)",observed_joint_recipe,1e+20,131072,0.9,0.0,0.05,3,False,,,
"Pythia training log (Attachment B, final checkpoint D=299.9B tokens)",observed_joint_recipe,1e+20,131072,0.9,0.1,-0.05,3,False,,,
"Pythia training log (Attachment B, final checkpoint D=299.9B tokens)",observed_joint_recipe,1e+20,131072,0.9,0.1,0.0,3,False,,,
"Pythia training log (Attachment B, final checkpoint D=299.9B tokens)",observed_joint_recipe,1e+20,131072,0.9,0.1,0.05,3,False,,,
"Pythia training log (Attachment B, final checkpoint D=299.9B tokens)",observed_joint_recipe,1e+20,131072,1.0,-0.1,-0.05,3,False,,,
"Pythia training log (Attachment B, final checkpoint D=299.9B tokens)",observed_joint_recipe,1e+20,131072,1.0,-0.1,0.0,3,False,,,
"Pythia training log (Attachment B, final checkpoint D=299.9B tokens)",observed_joint_recipe,1e+20,131072,1.0,-0.1,0.05,3,False,,,
"Pythia training log (Attachment B, final checkpoint D=299.9B tokens)",observed_joint_recipe,1e+20,131072,1.0,0.0,-0.05,3,False,,,
"Pythia training log (Attachment B, final checkpoint D=299.9B tokens)",observed_joint_recipe,1e+20,131072,1.0,0.0,0.0,3,False,,,
"Pythia training log (Attachment B, final checkpoint D=299.9B tokens)",observed_joint_recipe,1e+20,131072,1.0,0.0,0.05,3,False,,,
"Pythia training log (Attachment B, final checkpoint D=299.9B tokens)",observed_joint_recipe,1e+20,131072,1.0,0.1,-0.05,3,False,,,
"Pythia training log (Attachment B, final checkpoint D=299.9B tokens)",observed_joint_recipe,1e+20,131072,1.0,0.1,0.0,3,False,,,
"Pythia training log (Attachment B, final checkpoint D=299.9B tokens)",observed_joint_recipe,1e+20,131072,1.0,0.1,0.05,3,False,,,
"Pythia training log (Attachment B, final checkpoint D=299.9B tokens)",observed_joint_recipe,1e+20,131072,1.1,-0.1,-0.05,3,False,,,
"Pythia training log (Attachment B, final checkpoint D=299.9B tokens)",observed_joint_recipe,1e+20,131072,1.1,-0.1,0.0,3,False,,,
"Pythia training log (Attachment B, final checkpoint D=299.9B tokens)",observed_joint_recipe,1e+20,131072,1.1,-0.1,0.05,3,False,,,
"Pythia training log (Attachment B, final checkpoint D=299.9B tokens)",observed_joint_recipe,1e+20,131072,1.1,0.0,-0.05,3,False,,,
"Pythia training log (Attachment B, final checkpoint D=299.9B tokens)",observed_joint_recipe,1e+20,131072,1.1,0.0,0.0,3,False,,,
"Pythia training log (Attachment B, final checkpoint D=299.9B tokens)",observed_joint_recipe,1e+20,131072,1.1,0.0,0.05,3,False,,,
"Pythia training log (Attachment B, final checkpoint D=299.9B tokens)",observed_joint_recipe,1e+20,131072,1.1,0.1,-0.05,3,False,,,
"Pythia training log (Attachment B, final checkpoint D=299.9B tokens)",observed_joint_recipe,1e+20,131072,1.1,0.1,0.0,3,False,,,
"Pythia training log (Attachment B, final checkpoint D=299.9B tokens)",observed_joint_recipe,1e+20,131072,1.1,0.1,0.05,3,False,,,
"Pythia training log (Attachment B, final checkpoint D=299.9B tokens)",observed_joint_recipe,1e+22,2048,0.9,-0.1,-0.05,3,False,,,
"Pythia training log (Attachment B, final checkpoint D=299.9B tokens)",observed_joint_recipe,1e+22,2048,0.9,-0.1,0.0,3,False,,,
"Pythia training log (Attachment B, final checkpoint D=299.9B tokens)",observed_joint_recipe,1e+22,2048,0.9,-0.1,0.05,3,False,,,
"Pythia training log (Attachment B, final checkpoint D=299.9B tokens)",observed_joint_recipe,1e+22,2048,0.9,0.0,-0.05,3,False,,,
"Pythia training log (Attachment B, final checkpoint D=299.9B tokens)",observed_joint_recipe,1e+22,2048,0.9,0.0,0.0,3,False,,,
"Pythia training log (Attachment B, final checkpoint D=299.9B tokens)",observed_joint_recipe,1e+22,2048,0.9,0.0,0.05,3,False,,,
"Pythia training log (Attachment B, final checkpoint D=299.9B tokens)",observed_joint_recipe,1e+22,2048,0.9,0.1,-0.05,3,False,,,
"Pythia training log (Attachment B, final checkpoint D=299.9B tokens)",observed_joint_recipe,1e+22,2048,0.9,0.1,0.0,3,False,,,
"Pythia training log (Attachment B, final checkpoint D=299.9B tokens)",observed_joint_recipe,1e+22,2048,0.9,0.1,0.05,3,False,,,
"Pythia training log (Attachment B, final checkpoint D=299.9B tokens)",observed_joint_recipe,1e+22,2048,1.0,-0.1,-0.05,3,False,,,
"Pythia training log (Attachment B, final checkpoint D=299.9B tokens)",observed_joint_recipe,1e+22,2048,1.0,-0.1,0.0,3,False,,,
"Pythia training log (Attachment B, final checkpoint D=299.9B tokens)",observed_joint_recipe,1e+22,2048,1.0,-0.1,0.05,3,False,,,
"Pythia training log (Attachment B, final checkpoint D=299.9B tokens)",observed_joint_recipe,1e+22,2048,1.0,0.0,-0.05,3,False,,,
"Pythia training log (Attachment B, final checkpoint D=299.9B tokens)",observed_joint_recipe,1e+22,2048,1.0,0.0,0.0,3,False,,,
"Pythia training log (Attachment B, final checkpoint D=299.9B tokens)",observed_joint_recipe,1e+22,2048,1.0,0.0,0.05,3,True,exponential,True,0.0005006898493400413
"Pythia training log (Attachment B, final checkpoint D=299.9B tokens)",observed_joint_recipe,1e+22,2048,1.0,0.1,-0.05,3,True,exponential,True,0.0005006898493400413
"Pythia training log (Attachment B, final checkpoint D=299.9B tokens)",observed_joint_recipe,1e+22,2048,1.0,0.1,0.0,3,True,exponential,True,0.0004970730297975123
"Pythia training log (Attachment B, final checkpoint D=299.9B tokens)",observed_joint_recipe,1e+22,2048,1.0,0.1,0.05,3,True,exponential,True,0.0004934787531851725
"Pythia training log (Attachment B, final checkpoint D=299.9B tokens)",observed_joint_recipe,1e+22,2048,1.1,-0.1,-0.05,3,True,exponential,True,0.0005505142437831623
"Pythia training log (Attachment B, final checkpoint D=299.9B tokens)",observed_joint_recipe,1e+22,2048,1.1,-0.1,0.0,3,True,exponential,True,0.0005461409321929622
"Pythia training log (Attachment B, final checkpoint D=299.9B tokens)",observed_joint_recipe,1e+22,2048,1.1,-0.1,0.05,3,True,exponential,True,0.0005417976069796993
"Pythia training log (Attachment B, final checkpoint D=299.9B tokens)",observed_joint_recipe,1e+22,2048,1.1,0.0,-0.05,3,True,exponential,True,0.0005425850777056596
"Pythia training log (Attachment B, final checkpoint D=299.9B tokens)",observed_joint_recipe,1e+22,2048,1.1,0.0,0.0,3,True,exponential,True,0.0005382661938568845
"Pythia training log (Attachment B, final checkpoint D=299.9B tokens)",observed_joint_recipe,1e+22,2048,1.1,0.0,0.05,3,True,exponential,True,0.0005339770683852052
"Pythia training log (Attachment B, final checkpoint D=299.9B tokens)",observed_joint_recipe,1e+22,2048,1.1,0.1,-0.05,3,True,exponential,True,0.0005347547016469889
"Pythia training log (Attachment B, final checkpoint D=299.9B tokens)",observed_joint_recipe,1e+22,2048,1.1,0.1,0.0,3,True,exponential,True,0.0005304898297335825
"Pythia training log (Attachment B, final checkpoint D=299.9B tokens)",observed_joint_recipe,1e+22,2048,1.1,0.1,0.05,3,True,exponential,True,0.0005262544851705186
"Pythia training log (Attachment B, final checkpoint D=299.9B tokens)",observed_joint_recipe,1e+22,8192,0.9,-0.1,-0.05,3,False,,,
"Pythia training log (Attachment B, final checkpoint D=299.9B tokens)",observed_joint_recipe,1e+22,8192,0.9,-0.1,0.0,3,False,,,
"Pythia training log (Attachment B, final checkpoint D=299.9B tokens)",observed_joint_recipe,1e+22,8192,0.9,-0.1,0.05,3,False,,,
"Pythia training log (Attachment B, final checkpoint D=299.9B tokens)",observed_joint_recipe,1e+22,8192,0.9,0.0,-0.05,3,False,,,
"Pythia training log (Attachment B, final checkpoint D=299.9B tokens)",observed_joint_recipe,1e+22,8192,0.9,0.0,0.0,3,False,,,
"Pythia training log (Attachment B, final checkpoint D=299.9B tokens)",observed_joint_recipe,1e+22,8192,0.9,0.0,0.05,3,False,,,
"Pythia training log (Attachment B, final checkpoint D=299.9B tokens)",observed_joint_recipe,1e+22,8192,0.9,0.1,-0.05,3,False,,,
"Pythia training log (Attachment B, final checkpoint D=299.9B tokens)",observed_joint_recipe,1e+22,8192,0.9,0.1,0.0,3,False,,,
"Pythia training log (Attachment B, final checkpoint D=299.9B tokens)",observed_joint_recipe,1e+22,8192,0.9,0.1,0.05,3,False,,,
"Pythia training log (Attachment B, final checkpoint D=299.9B tokens)",observed_joint_recipe,1e+22,8192,1.0,-0.1,-0.05,3,False,,,
"Pythia training log (Attachment B, final checkpoint D=299.9B tokens)",observed_joint_recipe,1e+22,8192,1.0,-0.1,0.0,3,False,,,
"Pythia training log (Attachment B, final checkpoint D=299.9B tokens)",observed_joint_recipe,1e+22,8192,1.0,-0.1,0.05,3,False,,,
"Pythia training log (Attachment B, final checkpoint D=299.9B tokens)",observed_joint_recipe,1e+22,8192,1.0,0.0,-0.05,3,False,,,
"Pythia training log (Attachment B, final checkpoint D=299.9B tokens)",observed_joint_recipe,1e+22,8192,1.0,0.0,0.0,3,True,exponential,True,0.0004730003179487241
"Pythia training log (Attachment B, final checkpoint D=299.9B tokens)",observed_joint_recipe,1e+22,8192,1.0,0.0,0.05,3,True,exponential,True,0.00046958602307078934
"Pythia training log (Attachment B, final checkpoint D=299.9B tokens)",observed_joint_recipe,1e+22,8192,1.0,0.1,-0.05,3,True,exponential,True,0.0004695860230681248
"Pythia training log (Attachment B, final checkpoint D=299.9B tokens)",observed_joint_recipe,1e+22,8192,1.0,0.1,0.0,3,True,exponential,True,0.0004661929702676204
"Pythia training log (Attachment B, final checkpoint D=299.9B tokens)",observed_joint_recipe,1e+22,8192,1.0,0.1,0.05,3,True,exponential,True,0.0004628210798323096
"Pythia training log (Attachment B, final checkpoint D=299.9B tokens)",observed_joint_recipe,1e+22,8192,1.1,-0.1,-0.05,3,True,exponential,True,0.0005162140617596123
"Pythia training log (Attachment B, final checkpoint D=299.9B tokens)",observed_joint_recipe,1e+22,8192,1.1,-0.1,0.0,3,True,exponential,True,0.0005121120145510361
"Pythia training log (Attachment B, final checkpoint D=299.9B tokens)",observed_joint_recipe,1e+22,8192,1.1,-0.1,0.05,3,True,exponential,True,0.0005080381143791612
"Pythia training log (Attachment B, final checkpoint D=299.9B tokens)",observed_joint_recipe,1e+22,8192,1.1,0.0,-0.05,3,True,exponential,True,0.0005087767352147665
"Pythia training log (Attachment B, final checkpoint D=299.9B tokens)",observed_joint_recipe,1e+22,8192,1.1,0.0,0.0,3,True,exponential,True,0.0005047257769117408
"Pythia training log (Attachment B, final checkpoint D=299.9B tokens)",observed_joint_recipe,1e+22,8192,1.1,0.0,0.05,3,True,exponential,True,0.0005007027509522644
"Pythia training log (Attachment B, final checkpoint D=299.9B tokens)",observed_joint_recipe,1e+22,8192,1.1,0.1,-0.05,3,True,exponential,True,0.0005014321379714914
"Pythia training log (Attachment B, final checkpoint D=299.9B tokens)",observed_joint_recipe,1e+22,8192,1.1,0.1,0.0,3,True,exponential,True,0.0004974318770543107
"Pythia training log (Attachment B, final checkpoint D=299.9B tokens)",observed_joint_recipe,1e+22,8192,1.1,0.1,0.05,3,True,exponential,True,0.000493459330974666
"Pythia training log (Attachment B, final checkpoint D=299.9B tokens)",observed_joint_recipe,1e+22,131072,0.9,-0.1,-0.05,3,False,,,
"Pythia training log (Attachment B, final checkpoint D=299.9B tokens)",observed_joint_recipe,1e+22,131072,0.9,-0.1,0.0,3,False,,,
"Pythia training log (Attachment B, final checkpoint D=299.9B tokens)",observed_joint_recipe,1e+22,131072,0.9,-0.1,0.05,3,False,,,
"Pythia training log (Attachment B, final checkpoint D=299.9B tokens)",observed_joint_recipe,1e+22,131072,0.9,0.0,-0.05,3,False,,,
"Pythia training log (Attachment B, final checkpoint D=299.9B tokens)",observed_joint_recipe,1e+22,131072,0.9,0.0,0.0,3,False,,,
"Pythia training log (Attachment B, final checkpoint D=299.9B tokens)",observed_joint_recipe,1e+22,131072,0.9,0.0,0.05,3,False,,,
"Pythia training log (Attachment B, final checkpoint D=299.9B tokens)",observed_joint_recipe,1e+22,131072,0.9,0.1,-0.05,3,False,,,
"Pythia training log (Attachment B, final checkpoint D=299.9B tokens)",observed_joint_recipe,1e+22,131072,0.9,0.1,0.0,3,True,exponential,True,0.0002530121096038229
"Pythia training log (Attachment B, final checkpoint D=299.9B tokens)",observed_joint_recipe,1e+22,131072,0.9,0.1,0.05,3,True,exponential,True,0.0002513678331048652
"Pythia training log (Attachment B, final checkpoint D=299.9B tokens)",observed_joint_recipe,1e+22,131072,1.0,-0.1,-0.05,3,False,,,
"Pythia training log (Attachment B, final checkpoint D=299.9B tokens)",observed_joint_recipe,1e+22,131072,1.0,-0.1,0.0,3,True,exponential,True,0.0002802391011549332
"Pythia training log (Attachment B, final checkpoint D=299.9B tokens)",observed_joint_recipe,1e+22,131072,1.0,-0.1,0.05,3,True,exponential,True,0.0002782152679365879
"Pythia training log (Attachment B, final checkpoint D=299.9B tokens)",observed_joint_recipe,1e+22,131072,1.0,0.0,-0.05,3,True,exponential,True,0.0002782152679365879
"Pythia training log (Attachment B, final checkpoint D=299.9B tokens)",observed_joint_recipe,1e+22,131072,1.0,0.0,0.0,3,True,exponential,True,0.00027620404083350536
"Pythia training log (Attachment B, final checkpoint D=299.9B tokens)",observed_joint_recipe,1e+22,131072,1.0,0.0,0.05,3,True,exponential,True,0.0002742053723014948
"Pythia training log (Attachment B, final checkpoint D=299.9B tokens)",observed_joint_recipe,1e+22,131072,1.0,0.1,-0.05,3,True,exponential,True,0.0002742053723014948
"Pythia training log (Attachment B, final checkpoint D=299.9B tokens)",observed_joint_recipe,1e+22,131072,1.0,0.1,0.0,3,True,exponential,True,0.00027221921445441666
"Pythia training log (Attachment B, final checkpoint D=299.9B tokens)",observed_joint_recipe,1e+22,131072,1.0,0.1,0.05,3,True,exponential,True,0.0002702455190988218
"Pythia training log (Attachment B, final checkpoint D=299.9B tokens)",observed_joint_recipe,1e+22,131072,1.1,-0.1,-0.05,3,True,exponential,True,0.0003008912433770661
"Pythia training log (Attachment B, final checkpoint D=299.9B tokens)",observed_joint_recipe,1e+22,131072,1.1,-0.1,0.0,3,True,exponential,True,0.0002984938129779735
"Pythia training log (Attachment B, final checkpoint D=299.9B tokens)",observed_joint_recipe,1e+22,131072,1.1,-0.1,0.05,3,True,exponential,True,0.00029611294207576577
"Pythia training log (Attachment B, final checkpoint D=299.9B tokens)",observed_joint_recipe,1e+22,131072,1.1,0.0,-0.05,3,True,exponential,True,0.0002965445992009208
"Pythia training log (Attachment B, final checkpoint D=299.9B tokens)",observed_joint_recipe,1e+22,131072,1.1,0.0,0.0,3,True,exponential,True,0.00029417722400815194
"Pythia training log (Attachment B, final checkpoint D=299.9B tokens)",observed_joint_recipe,1e+22,131072,1.1,0.0,0.05,3,True,exponential,True,0.00029182627842327946
"Pythia training log (Attachment B, final checkpoint D=299.9B tokens)",observed_joint_recipe,1e+22,131072,1.1,0.1,-0.05,3,True,exponential,True,0.00029225250428321914
"Pythia training log (Attachment B, final checkpoint D=299.9B tokens)",observed_joint_recipe,1e+22,131072,1.1,0.1,0.0,3,True,exponential,True,0.00028991494751107183
"Pythia training log (Attachment B, final checkpoint D=299.9B tokens)",observed_joint_recipe,1e+22,131072,1.1,0.1,0.05,3,True,exponential,True,0.00028759368895148185
"Pythia training log (Attachment B, final checkpoint D=299.9B tokens)",observed_joint_recipe,1e+24,2048,0.9,-0.1,-0.05,3,False,,,
"Pythia training log (Attachment B, final checkpoint D=299.9B tokens)",observed_joint_recipe,1e+24,2048,0.9,-0.1,0.0,3,False,,,
"Pythia training log (Attachment B, final checkpoint D=299.9B tokens)",observed_joint_recipe,1e+24,2048,0.9,-0.1,0.05,3,False,,,
"Pythia training log (Attachment B, final checkpoint D=299.9B tokens)",observed_joint_recipe,1e+24,2048,0.9,0.0,-0.05,3,False,,,
"Pythia training log (Attachment B, final checkpoint D=299.9B tokens)",observed_joint_recipe,1e+24,2048,0.9,0.0,0.0,3,False,,,
"Pythia training log (Attachment B, final checkpoint D=299.9B tokens)",observed_joint_recipe,1e+24,2048,0.9,0.0,0.05,3,False,,,
"Pythia training log (Attachment B, final checkpoint D=299.9B tokens)",observed_joint_recipe,1e+24,2048,0.9,0.1,-0.05,3,False,,,
"Pythia training log (Attachment B, final checkpoint D=299.9B tokens)",observed_joint_recipe,1e+24,2048,0.9,0.1,0.0,3,False,,,
"Pythia training log (Attachment B, final checkpoint D=299.9B tokens)",observed_joint_recipe,1e+24,2048,0.9,0.1,0.05,3,False,,,
"Pythia training log (Attachment B, final checkpoint D=299.9B tokens)",observed_joint_recipe,1e+24,2048,1.0,-0.1,-0.05,3,False,,,
"Pythia training log (Attachment B, final checkpoint D=299.9B tokens)",observed_joint_recipe,1e+24,2048,1.0,-0.1,0.0,3,False,,,
"Pythia training log (Attachment B, final checkpoint D=299.9B tokens)",observed_joint_recipe,1e+24,2048,1.0,-0.1,0.05,3,False,,,
"Pythia training log (Attachment B, final checkpoint D=299.9B tokens)",observed_joint_recipe,1e+24,2048,1.0,0.0,-0.05,3,False,,,
"Pythia training log (Attachment B, final checkpoint D=299.9B tokens)",observed_joint_recipe,1e+24,2048,1.0,0.0,0.0,3,False,,,
"Pythia training log (Attachment B, final checkpoint D=299.9B tokens)",observed_joint_recipe,1e+24,2048,1.0,0.0,0.05,3,False,,,
"Pythia training log (Attachment B, final checkpoint D=299.9B tokens)",observed_joint_recipe,1e+24,2048,1.0,0.1,-0.05,3,False,,,
"Pythia training log (Attachment B, final checkpoint D=299.9B tokens)",observed_joint_recipe,1e+24,2048,1.0,0.1,0.0,3,True,exponential;power;logarithmic,False,0.0
"Pythia training log (Attachment B, final checkpoint D=299.9B tokens)",observed_joint_recipe,1e+24,2048,1.0,0.1,0.05,3,True,exponential;power;logarithmic,False,0.0
"Pythia training log (Attachment B, final checkpoint D=299.9B tokens)",observed_joint_recipe,1e+24,2048,1.1,-0.1,-0.05,3,False,,,
"Pythia training log (Attachment B, final checkpoint D=299.9B tokens)",observed_joint_recipe,1e+24,2048,1.1,-0.1,0.0,3,True,exponential;power;logarithmic,False,0.0
"Pythia training log (Attachment B, final checkpoint D=299.9B tokens)",observed_joint_recipe,1e+24,2048,1.1,-0.1,0.05,3,True,exponential;power;logarithmic,False,0.0
"Pythia training log (Attachment B, final checkpoint D=299.9B tokens)",observed_joint_recipe,1e+24,2048,1.1,0.0,-0.05,3,True,exponential;power;logarithmic,False,0.0
"Pythia training log (Attachment B, final checkpoint D=299.9B tokens)",observed_joint_recipe,1e+24,2048,1.1,0.0,0.0,3,True,exponential;power;logarithmic,False,0.0
"Pythia training log (Attachment B, final checkpoint D=299.9B tokens)",observed_joint_recipe,1e+24,2048,1.1,0.0,0.05,3,True,exponential;power;logarithmic,False,0.0
"Pythia training log (Attachment B, final checkpoint D=299.9B tokens)",observed_joint_recipe,1e+24,2048,1.1,0.1,-0.05,3,True,exponential;power;logarithmic,False,0.0
"Pythia training log (Attachment B, final checkpoint D=299.9B tokens)",observed_joint_recipe,1e+24,2048,1.1,0.1,0.0,3,True,exponential;power;logarithmic,False,0.0
"Pythia training log (Attachment B, final checkpoint D=299.9B tokens)",observed_joint_recipe,1e+24,2048,1.1,0.1,0.05,3,True,exponential;power;logarithmic,False,0.0
"Pythia training log (Attachment B, final checkpoint D=299.9B tokens)",observed_joint_recipe,1e+24,8192,0.9,-0.1,-0.05,3,False,,,
"Pythia training log (Attachment B, final checkpoint D=299.9B tokens)",observed_joint_recipe,1e+24,8192,0.9,-0.1,0.0,3,False,,,
"Pythia training log (Attachment B, final checkpoint D=299.9B tokens)",observed_joint_recipe,1e+24,8192,0.9,-0.1,0.05,3,False,,,
"Pythia training log (Attachment B, final checkpoint D=299.9B tokens)",observed_joint_recipe,1e+24,8192,0.9,0.0,-0.05,3,False,,,
"Pythia training log (Attachment B, final checkpoint D=299.9B tokens)",observed_joint_recipe,1e+24,8192,0.9,0.0,0.0,3,False,,,
"Pythia training log (Attachment B, final checkpoint D=299.9B tokens)",observed_joint_recipe,1e+24,8192,0.9,0.0,0.05,3,False,,,
"Pythia training log (Attachment B, final checkpoint D=299.9B tokens)",observed_joint_recipe,1e+24,8192,0.9,0.1,-0.05,3,False,,,
"Pythia training log (Attachment B, final checkpoint D=299.9B tokens)",observed_joint_recipe,1e+24,8192,0.9,0.1,0.0,3,False,,,
"Pythia training log (Attachment B, final checkpoint D=299.9B tokens)",observed_joint_recipe,1e+24,8192,0.9,0.1,0.05,3,False,,,
"Pythia training log (Attachment B, final checkpoint D=299.9B tokens)",observed_joint_recipe,1e+24,8192,1.0,-0.1,-0.05,3,False,,,
"Pythia training log (Attachment B, final checkpoint D=299.9B tokens)",observed_joint_recipe,1e+24,8192,1.0,-0.1,0.0,3,False,,,
"Pythia training log (Attachment B, final checkpoint D=299.9B tokens)",observed_joint_recipe,1e+24,8192,1.0,-0.1,0.05,3,False,,,
"Pythia training log (Attachment B, final checkpoint D=299.9B tokens)",observed_joint_recipe,1e+24,8192,1.0,0.0,-0.05,3,False,,,
"Pythia training log (Attachment B, final checkpoint D=299.9B tokens)",observed_joint_recipe,1e+24,8192,1.0,0.0,0.0,3,False,,,
"Pythia training log (Attachment B, final checkpoint D=299.9B tokens)",observed_joint_recipe,1e+24,8192,1.0,0.0,0.05,3,False,,,
"Pythia training log (Attachment B, final checkpoint D=299.9B tokens)",observed_joint_recipe,1e+24,8192,1.0,0.1,-0.05,3,False,,,
"Pythia training log (Attachment B, final checkpoint D=299.9B tokens)",observed_joint_recipe,1e+24,8192,1.0,0.1,0.0,3,True,exponential;power;logarithmic,False,0.0
"Pythia training log (Attachment B, final checkpoint D=299.9B tokens)",observed_joint_recipe,1e+24,8192,1.0,0.1,0.05,3,True,exponential;power;logarithmic,False,0.0
"Pythia training log (Attachment B, final checkpoint D=299.9B tokens)",observed_joint_recipe,1e+24,8192,1.1,-0.1,-0.05,3,False,,,
"Pythia training log (Attachment B, final checkpoint D=299.9B tokens)",observed_joint_recipe,1e+24,8192,1.1,-0.1,0.0,3,True,exponential;power;logarithmic,False,0.0
"Pythia training log (Attachment B, final checkpoint D=299.9B tokens)",observed_joint_recipe,1e+24,8192,1.1,-0.1,0.05,3,True,exponential;power;logarithmic,False,0.0
"Pythia training log (Attachment B, final checkpoint D=299.9B tokens)",observed_joint_recipe,1e+24,8192,1.1,0.0,-0.05,3,True,exponential;power;logarithmic,False,0.0
"Pythia training log (Attachment B, final checkpoint D=299.9B tokens)",observed_joint_recipe,1e+24,8192,1.1,0.0,0.0,3,True,exponential;power;logarithmic,False,0.0
"Pythia training log (Attachment B, final checkpoint D=299.9B tokens)",observed_joint_recipe,1e+24,8192,1.1,0.0,0.05,3,True,exponential;power;logarithmic,False,0.0
"Pythia training log (Attachment B, final checkpoint D=299.9B tokens)",observed_joint_recipe,1e+24,8192,1.1,0.1,-0.05,3,True,exponential;power;logarithmic,False,0.0
"Pythia training log (Attachment B, final checkpoint D=299.9B tokens)",observed_joint_recipe,1e+24,8192,1.1,0.1,0.0,3,True,exponential;power;logarithmic,False,0.0
"Pythia training log (Attachment B, final checkpoint D=299.9B tokens)",observed_joint_recipe,1e+24,8192,1.1,0.1,0.05,3,True,exponential;power;logarithmic,False,0.0
"Pythia training log (Attachment B, final checkpoint D=299.9B tokens)",observed_joint_recipe,1e+24,131072,0.9,-0.1,-0.05,3,False,,,
"Pythia training log (Attachment B, final checkpoint D=299.9B tokens)",observed_joint_recipe,1e+24,131072,0.9,-0.1,0.0,3,False,,,
"Pythia training log (Attachment B, final checkpoint D=299.9B tokens)",observed_joint_recipe,1e+24,131072,0.9,-0.1,0.05,3,False,,,
"Pythia training log (Attachment B, final checkpoint D=299.9B tokens)",observed_joint_recipe,1e+24,131072,0.9,0.0,-0.05,3,False,,,
"Pythia training log (Attachment B, final checkpoint D=299.9B tokens)",observed_joint_recipe,1e+24,131072,0.9,0.0,0.0,3,False,,,
"Pythia training log (Attachment B, final checkpoint D=299.9B tokens)",observed_joint_recipe,1e+24,131072,0.9,0.0,0.05,3,False,,,
"Pythia training log (Attachment B, final checkpoint D=299.9B tokens)",observed_joint_recipe,1e+24,131072,0.9,0.1,-0.05,3,False,,,
"Pythia training log (Attachment B, final checkpoint D=299.9B tokens)",observed_joint_recipe,1e+24,131072,0.9,0.1,0.0,3,False,,,
"Pythia training log (Attachment B, final checkpoint D=299.9B tokens)",observed_joint_recipe,1e+24,131072,0.9,0.1,0.05,3,False,,,
"Pythia training log (Attachment B, final checkpoint D=299.9B tokens)",observed_joint_recipe,1e+24,131072,1.0,-0.1,-0.05,3,False,,,
"Pythia training log (Attachment B, final checkpoint D=299.9B tokens)",observed_joint_recipe,1e+24,131072,1.0,-0.1,0.0,3,False,,,
"Pythia training log (Attachment B, final checkpoint D=299.9B tokens)",observed_joint_recipe,1e+24,131072,1.0,-0.1,0.05,3,False,,,
"Pythia training log (Attachment B, final checkpoint D=299.9B tokens)",observed_joint_recipe,1e+24,131072,1.0,0.0,-0.05,3,False,,,
"Pythia training log (Attachment B, final checkpoint D=299.9B tokens)",observed_joint_recipe,1e+24,131072,1.0,0.0,0.0,3,False,,,
"Pythia training log (Attachment B, final checkpoint D=299.9B tokens)",observed_joint_recipe,1e+24,131072,1.0,0.0,0.05,3,False,,,
"Pythia training log (Attachment B, final checkpoint D=299.9B tokens)",observed_joint_recipe,1e+24,131072,1.0,0.1,-0.05,3,False,,,
"Pythia training log (Attachment B, final checkpoint D=299.9B tokens)",observed_joint_recipe,1e+24,131072,1.0,0.1,0.0,3,True,exponential;power;logarithmic,False,0.0
"Pythia training log (Attachment B, final checkpoint D=299.9B tokens)",observed_joint_recipe,1e+24,131072,1.0,0.1,0.05,3,True,exponential;power;logarithmic,False,0.0
"Pythia training log (Attachment B, final checkpoint D=299.9B tokens)",observed_joint_recipe,1e+24,131072,1.1,-0.1,-0.05,3,False,,,
"Pythia training log (Attachment B, final checkpoint D=299.9B tokens)",observed_joint_recipe,1e+24,131072,1.1,-0.1,0.0,3,True,exponential;power;logarithmic,False,0.0
"Pythia training log (Attachment B, final checkpoint D=299.9B tokens)",observed_joint_recipe,1e+24,131072,1.1,-0.1,0.05,3,True,exponential;power;logarithmic,False,0.0
"Pythia training log (Attachment B, final checkpoint D=299.9B tokens)",observed_joint_recipe,1e+24,131072,1.1,0.0,-0.05,3,True,exponential;power;logarithmic,False,0.0
"Pythia training log (Attachment B, final checkpoint D=299.9B tokens)",observed_joint_recipe,1e+24,131072,1.1,0.0,0.0,3,True,exponential;power;logarithmic,False,0.0
"Pythia training log (Attachment B, final checkpoint D=299.9B tokens)",observed_joint_recipe,1e+24,131072,1.1,0.0,0.05,3,True,exponential;power;logarithmic,False,0.0
"Pythia training log (Attachment B, final checkpoint D=299.9B tokens)",observed_joint_recipe,1e+24,131072,1.1,0.1,-0.05,3,True,exponential;power;logarithmic,False,0.0
"Pythia training log (Attachment B, final checkpoint D=299.9B tokens)",observed_joint_recipe,1e+24,131072,1.1,0.1,0.0,3,True,exponential;power;logarithmic,False,0.0
"Pythia training log (Attachment B, final checkpoint D=299.9B tokens)",observed_joint_recipe,1e+24,131072,1.1,0.1,0.05,3,True,exponential;power;logarithmic,False,0.0
"Qwen2 Technical Report (Alibaba, 2024), validation loss",fixed_recipe,1e+19,2048,0.9,-0.1,-0.05,2,False,,,
"Qwen2 Technical Report (Alibaba, 2024), validation loss",fixed_recipe,1e+19,2048,0.9,-0.1,0.0,2,False,,,
"Qwen2 Technical Report (Alibaba, 2024), validation loss",fixed_recipe,1e+19,2048,0.9,-0.1,0.05,2,False,,,
"Qwen2 Technical Report (Alibaba, 2024), validation loss",fixed_recipe,1e+19,2048,0.9,0.0,-0.05,2,False,,,
"Qwen2 Technical Report (Alibaba, 2024), validation loss",fixed_recipe,1e+19,2048,0.9,0.0,0.0,2,False,,,
"Qwen2 Technical Report (Alibaba, 2024), validation loss",fixed_recipe,1e+19,2048,0.9,0.0,0.05,2,False,,,
"Qwen2 Technical Report (Alibaba, 2024), validation loss",fixed_recipe,1e+19,2048,0.9,0.1,-0.05,2,False,,,
"Qwen2 Technical Report (Alibaba, 2024), validation loss",fixed_recipe,1e+19,2048,0.9,0.1,0.0,2,False,,,
"Qwen2 Technical Report (Alibaba, 2024), validation loss",fixed_recipe,1e+19,2048,0.9,0.1,0.05,2,False,,,
"Qwen2 Technical Report (Alibaba, 2024), validation loss",fixed_recipe,1e+19,2048,1.0,-0.1,-0.05,2,False,,,
"Qwen2 Technical Report (Alibaba, 2024), validation loss",fixed_recipe,1e+19,2048,1.0,-0.1,0.0,2,False,,,
"Qwen2 Technical Report (Alibaba, 2024), validation loss",fixed_recipe,1e+19,2048,1.0,-0.1,0.05,2,False,,,
"Qwen2 Technical Report (Alibaba, 2024), validation loss",fixed_recipe,1e+19,2048,1.0,0.0,-0.05,2,False,,,
"Qwen2 Technical Report (Alibaba, 2024), validation loss",fixed_recipe,1e+19,2048,1.0,0.0,0.0,2,False,,,
"Qwen2 Technical Report (Alibaba, 2024), validation loss",fixed_recipe,1e+19,2048,1.0,0.0,0.05,2,False,,,
"Qwen2 Technical Report (Alibaba, 2024), validation loss",fixed_recipe,1e+19,2048,1.0,0.1,-0.05,2,False,,,
"Qwen2 Technical Report (Alibaba, 2024), validation loss",fixed_recipe,1e+19,2048,1.0,0.1,0.0,2,False,,,
"Qwen2 Technical Report (Alibaba, 2024), validation loss",fixed_recipe,1e+19,2048,1.0,0.1,0.05,2,False,,,
"Qwen2 Technical Report (Alibaba, 2024), validation loss",fixed_recipe,1e+19,2048,1.1,-0.1,-0.05,2,False,,,
"Qwen2 Technical Report (Alibaba, 2024), validation loss",fixed_recipe,1e+19,2048,1.1,-0.1,0.0,2,False,,,
"Qwen2 Technical Report (Alibaba, 2024), validation loss",fixed_recipe,1e+19,2048,1.1,-0.1,0.05,2,False,,,
"Qwen2 Technical Report (Alibaba, 2024), validation loss",fixed_recipe,1e+19,2048,1.1,0.0,-0.05,2,False,,,
"Qwen2 Technical Report (Alibaba, 2024), validation loss",fixed_recipe,1e+19,2048,1.1,0.0,0.0,2,False,,,
"Qwen2 Technical Report (Alibaba, 2024), validation loss",fixed_recipe,1e+19,2048,1.1,0.0,0.05,2,False,,,
"Qwen2 Technical Report (Alibaba, 2024), validation loss",fixed_recipe,1e+19,2048,1.1,0.1,-0.05,2,False,,,
"Qwen2 Technical Report (Alibaba, 2024), validation loss",fixed_recipe,1e+19,2048,1.1,0.1,0.0,2,False,,,
"Qwen2 Technical Report (Alibaba, 2024), validation loss",fixed_recipe,1e+19,2048,1.1,0.1,0.05,2,False,,,
"Qwen2 Technical Report (Alibaba, 2024), validation loss",fixed_recipe,1e+19,8192,0.9,-0.1,-0.05,1,False,,,
"Qwen2 Technical Report (Alibaba, 2024), validation loss",fixed_recipe,1e+19,8192,0.9,-0.1,0.0,1,False,,,
"Qwen2 Technical Report (Alibaba, 2024), validation loss",fixed_recipe,1e+19,8192,0.9,-0.1,0.05,1,False,,,
"Qwen2 Technical Report (Alibaba, 2024), validation loss",fixed_recipe,1e+19,8192,0.9,0.0,-0.05,1,False,,,
"Qwen2 Technical Report (Alibaba, 2024), validation loss",fixed_recipe,1e+19,8192,0.9,0.0,0.0,1,False,,,
"Qwen2 Technical Report (Alibaba, 2024), validation loss",fixed_recipe,1e+19,8192,0.9,0.0,0.05,1,False,,,
"Qwen2 Technical Report (Alibaba, 2024), validation loss",fixed_recipe,1e+19,8192,0.9,0.1,-0.05,1,False,,,
"Qwen2 Technical Report (Alibaba, 2024), validation loss",fixed_recipe,1e+19,8192,0.9,0.1,0.0,1,False,,,
"Qwen2 Technical Report (Alibaba, 2024), validation loss",fixed_recipe,1e+19,8192,0.9,0.1,0.05,1,False,,,
"Qwen2 Technical Report (Alibaba, 2024), validation loss",fixed_recipe,1e+19,8192,1.0,-0.1,-0.05,1,False,,,
"Qwen2 Technical Report (Alibaba, 2024), validation loss",fixed_recipe,1e+19,8192,1.0,-0.1,0.0,1,False,,,
"Qwen2 Technical Report (Alibaba, 2024), validation loss",fixed_recipe,1e+19,8192,1.0,-0.1,0.05,1,False,,,
"Qwen2 Technical Report (Alibaba, 2024), validation loss",fixed_recipe,1e+19,8192,1.0,0.0,-0.05,1,False,,,
"Qwen2 Technical Report (Alibaba, 2024), validation loss",fixed_recipe,1e+19,8192,1.0,0.0,0.0,1,False,,,
"Qwen2 Technical Report (Alibaba, 2024), validation loss",fixed_recipe,1e+19,8192,1.0,0.0,0.05,1,False,,,
"Qwen2 Technical Report (Alibaba, 2024), validation loss",fixed_recipe,1e+19,8192,1.0,0.1,-0.05,1,False,,,
"Qwen2 Technical Report (Alibaba, 2024), validation loss",fixed_recipe,1e+19,8192,1.0,0.1,0.0,1,False,,,
"Qwen2 Technical Report (Alibaba, 2024), validation loss",fixed_recipe,1e+19,8192,1.0,0.1,0.05,1,False,,,
"Qwen2 Technical Report (Alibaba, 2024), validation loss",fixed_recipe,1e+19,8192,1.1,-0.1,-0.05,1,False,,,
"Qwen2 Technical Report (Alibaba, 2024), validation loss",fixed_recipe,1e+19,8192,1.1,-0.1,0.0,1,False,,,
"Qwen2 Technical Report (Alibaba, 2024), validation loss",fixed_recipe,1e+19,8192,1.1,-0.1,0.05,1,False,,,
"Qwen2 Technical Report (Alibaba, 2024), validation loss",fixed_recipe,1e+19,8192,1.1,0.0,-0.05,1,False,,,
"Qwen2 Technical Report (Alibaba, 2024), validation loss",fixed_recipe,1e+19,8192,1.1,0.0,0.0,1,False,,,
"Qwen2 Technical Report (Alibaba, 2024), validation loss",fixed_recipe,1e+19,8192,1.1,0.0,0.05,1,False,,,
"Qwen2 Technical Report (Alibaba, 2024), validation loss",fixed_recipe,1e+19,8192,1.1,0.1,-0.05,1,False,,,
"Qwen2 Technical Report (Alibaba, 2024), validation loss",fixed_recipe,1e+19,8192,1.1,0.1,0.0,1,False,,,
"Qwen2 Technical Report (Alibaba, 2024), validation loss",fixed_recipe,1e+19,8192,1.1,0.1,0.05,1,False,,,
"Qwen2 Technical Report (Alibaba, 2024), validation loss",fixed_recipe,1e+19,131072,0.9,-0.1,-0.05,0,False,,,
"Qwen2 Technical Report (Alibaba, 2024), validation loss",fixed_recipe,1e+19,131072,0.9,-0.1,0.0,0,False,,,
"Qwen2 Technical Report (Alibaba, 2024), validation loss",fixed_recipe,1e+19,131072,0.9,-0.1,0.05,0,False,,,
"Qwen2 Technical Report (Alibaba, 2024), validation loss",fixed_recipe,1e+19,131072,0.9,0.0,-0.05,0,False,,,
"Qwen2 Technical Report (Alibaba, 2024), validation loss",fixed_recipe,1e+19,131072,0.9,0.0,0.0,0,False,,,
"Qwen2 Technical Report (Alibaba, 2024), validation loss",fixed_recipe,1e+19,131072,0.9,0.0,0.05,0,False,,,
"Qwen2 Technical Report (Alibaba, 2024), validation loss",fixed_recipe,1e+19,131072,0.9,0.1,-0.05,0,False,,,
"Qwen2 Technical Report (Alibaba, 2024), validation loss",fixed_recipe,1e+19,131072,0.9,0.1,0.0,0,False,,,
"Qwen2 Technical Report (Alibaba, 2024), validation loss",fixed_recipe,1e+19,131072,0.9,0.1,0.05,0,False,,,
"Qwen2 Technical Report (Alibaba, 2024), validation loss",fixed_recipe,1e+19,131072,1.0,-0.1,-0.05,0,False,,,
"Qwen2 Technical Report (Alibaba, 2024), validation loss",fixed_recipe,1e+19,131072,1.0,-0.1,0.0,0,False,,,
"Qwen2 Technical Report (Alibaba, 2024), validation loss",fixed_recipe,1e+19,131072,1.0,-0.1,0.05,0,False,,,
"Qwen2 Technical Report (Alibaba, 2024), validation loss",fixed_recipe,1e+19,131072,1.0,0.0,-0.05,0,False,,,
"Qwen2 Technical Report (Alibaba, 2024), validation loss",fixed_recipe,1e+19,131072,1.0,0.0,0.0,0,False,,,
"Qwen2 Technical Report (Alibaba, 2024), validation loss",fixed_recipe,1e+19,131072,1.0,0.0,0.05,0,False,,,
"Qwen2 Technical Report (Alibaba, 2024), validation loss",fixed_recipe,1e+19,131072,1.0,0.1,-0.05,0,False,,,
"Qwen2 Technical Report (Alibaba, 2024), validation loss",fixed_recipe,1e+19,131072,1.0,0.1,0.0,0,False,,,
"Qwen2 Technical Report (Alibaba, 2024), validation loss",fixed_recipe,1e+19,131072,1.0,0.1,0.05,0,False,,,
"Qwen2 Technical Report (Alibaba, 2024), validation loss",fixed_recipe,1e+19,131072,1.1,-0.1,-0.05,0,False,,,
"Qwen2 Technical Report (Alibaba, 2024), validation loss",fixed_recipe,1e+19,131072,1.1,-0.1,0.0,0,False,,,
"Qwen2 Technical Report (Alibaba, 2024), validation loss",fixed_recipe,1e+19,131072,1.1,-0.1,0.05,0,False,,,
"Qwen2 Technical Report (Alibaba, 2024), validation loss",fixed_recipe,1e+19,131072,1.1,0.0,-0.05,0,False,,,
"Qwen2 Technical Report (Alibaba, 2024), validation loss",fixed_recipe,1e+19,131072,1.1,0.0,0.0,0,False,,,
"Qwen2 Technical Report (Alibaba, 2024), validation loss",fixed_recipe,1e+19,131072,1.1,0.0,0.05,0,False,,,
"Qwen2 Technical Report (Alibaba, 2024), validation loss",fixed_recipe,1e+19,131072,1.1,0.1,-0.05,0,False,,,
"Qwen2 Technical Report (Alibaba, 2024), validation loss",fixed_recipe,1e+19,131072,1.1,0.1,0.0,0,False,,,
"Qwen2 Technical Report (Alibaba, 2024), validation loss",fixed_recipe,1e+19,131072,1.1,0.1,0.05,0,False,,,
"Qwen2 Technical Report (Alibaba, 2024), validation loss",fixed_recipe,1e+20,2048,0.9,-0.1,-0.05,3,True,exponential,True,0.21013570435735573
"Qwen2 Technical Report (Alibaba, 2024), validation loss",fixed_recipe,1e+20,2048,0.9,-0.1,0.0,3,True,exponential,True,0.20076374280010967
"Qwen2 Technical Report (Alibaba, 2024), validation loss",fixed_recipe,1e+20,2048,0.9,-0.1,0.05,3,True,exponential,True,0.19148265544257725
"Qwen2 Technical Report (Alibaba, 2024), validation loss",fixed_recipe,1e+20,2048,0.9,0.0,-0.05,3,True,exponential,True,0.18943676291335976
"Qwen2 Technical Report (Alibaba, 2024), validation loss",fixed_recipe,1e+20,2048,0.9,0.0,0.0,3,True,exponential,True,0.1803220724774448
"Qwen2 Technical Report (Alibaba, 2024), validation loss",fixed_recipe,1e+20,2048,0.9,0.0,0.05,3,True,exponential,True,0.1713829789719643
"Qwen2 Technical Report (Alibaba, 2024), validation loss",fixed_recipe,1e+20,2048,0.9,0.1,-0.05,3,True,exponential,True,0.16942350633043546
"Qwen2 Technical Report (Alibaba, 2024), validation loss",fixed_recipe,1e+20,2048,0.9,0.1,0.0,3,True,exponential,True,0.16073979313363473
"Qwen2 Technical Report (Alibaba, 2024), validation loss",fixed_recipe,1e+20,2048,0.9,0.1,0.05,3,True,exponential,True,0.15229287894189802
"Qwen2 Technical Report (Alibaba, 2024), validation loss",fixed_recipe,1e+20,2048,1.0,-0.1,-0.05,3,True,exponential,True,0.17687163591112842
"Qwen2 Technical Report (Alibaba, 2024), validation loss",fixed_recipe,1e+20,2048,1.0,-0.1,0.0,3,True,exponential,True,0.16651691806924518
"Qwen2 Technical Report (Alibaba, 2024), validation loss",fixed_recipe,1e+20,2048,1.0,-0.1,0.05,3,True,exponential,True,0.15652196620743553
"Qwen2 Technical Report (Alibaba, 2024), validation loss",fixed_recipe,1e+20,2048,1.0,0.0,-0.05,3,True,exponential,True,0.15652196620742487
"Qwen2 Technical Report (Alibaba, 2024), validation loss",fixed_recipe,1e+20,2048,1.0,0.0,0.0,3,True,exponential,True,0.14690953337095358
"Qwen2 Technical Report (Alibaba, 2024), validation loss",fixed_recipe,1e+20,2048,1.0,0.0,0.05,3,True,exponential,True,0.1376961652666715
"Qwen2 Technical Report (Alibaba, 2024), validation loss",fixed_recipe,1e+20,2048,1.0,0.1,-0.05,3,True,exponential,True,0.13769616526667328
"Qwen2 Technical Report (Alibaba, 2024), validation loss",fixed_recipe,1e+20,2048,1.0,0.1,0.0,3,True,exponential,True,0.1288928084680787
"Qwen2 Technical Report (Alibaba, 2024), validation loss",fixed_recipe,1e+20,2048,1.0,0.1,0.05,3,True,exponential,True,0.12050542951408438
"Qwen2 Technical Report (Alibaba, 2024), validation loss",fixed_recipe,1e+20,2048,1.1,-0.1,-0.05,3,True,exponential,True,0.1411801041454055
"Qwen2 Technical Report (Alibaba, 2024), validation loss",fixed_recipe,1e+20,2048,1.1,-0.1,0.0,3,True,exponential,True,0.13108886907019013
"Qwen2 Technical Report (Alibaba, 2024), validation loss",fixed_recipe,1e+20,2048,1.1,-0.1,0.05,3,True,exponential,True,0.12155319184596003
"Qwen2 Technical Report (Alibaba, 2024), validation loss",fixed_recipe,1e+20,2048,1.1,0.0,-0.05,3,True,exponential,True,0.12324574838104319
"Qwen2 Technical Report (Alibaba, 2024), validation loss",fixed_recipe,1e+20,2048,1.1,0.0,0.0,3,False,,,
"Qwen2 Technical Report (Alibaba, 2024), validation loss",fixed_recipe,1e+20,2048,1.1,0.0,0.05,3,False,,,
"Qwen2 Technical Report (Alibaba, 2024), validation loss",fixed_recipe,1e+20,2048,1.1,0.1,-0.05,3,False,,,
"Qwen2 Technical Report (Alibaba, 2024), validation loss",fixed_recipe,1e+20,2048,1.1,0.1,0.0,3,False,,,
"Qwen2 Technical Report (Alibaba, 2024), validation loss",fixed_recipe,1e+20,2048,1.1,0.1,0.05,3,False,,,
"Qwen2 Technical Report (Alibaba, 2024), validation loss",fixed_recipe,1e+20,8192,0.9,-0.1,-0.05,3,True,exponential,True,0.19457205438772363
"Qwen2 Technical Report (Alibaba, 2024), validation loss",fixed_recipe,1e+20,8192,0.9,-0.1,0.0,3,True,exponential,True,0.18573653753203345
"Qwen2 Technical Report (Alibaba, 2024), validation loss",fixed_recipe,1e+20,8192,0.9,-0.1,0.05,3,True,exponential,True,0.17700675214909012
"Qwen2 Technical Report (Alibaba, 2024), validation loss",fixed_recipe,1e+20,8192,0.9,0.0,-0.05,3,True,exponential,True,0.17508493480502096
"Qwen2 Technical Report (Alibaba, 2024), validation loss",fixed_recipe,1e+20,8192,0.9,0.0,0.0,3,True,exponential,True,0.16653367382171957
"Qwen2 Technical Report (Alibaba, 2024), validation loss",fixed_recipe,1e+20,8192,0.9,0.0,0.05,3,True,exponential,True,0.15816333682762007
"Qwen2 Technical Report (Alibaba, 2024), validation loss",fixed_recipe,1e+20,8192,0.9,0.1,-0.05,3,True,exponential,True,0.15633058974318814
"Qwen2 Technical Report (Alibaba, 2024), validation loss",fixed_recipe,1e+20,8192,0.9,0.1,0.0,3,True,exponential,True,0.1482170256308759
"Qwen2 Technical Report (Alibaba, 2024), validation loss",fixed_recipe,1e+20,8192,0.9,0.1,0.05,3,True,exponential,True,0.14033762055397503
"Qwen2 Technical Report (Alibaba, 2024), validation loss",fixed_recipe,1e+20,8192,1.0,-0.1,-0.05,3,True,exponential,True,0.1625902348974151
"Qwen2 Technical Report (Alibaba, 2024), validation loss",fixed_recipe,1e+20,8192,1.0,-0.1,0.0,3,True,exponential,True,0.15295147785801433
"Qwen2 Technical Report (Alibaba, 2024), validation loss",fixed_recipe,1e+20,8192,1.0,-0.1,0.05,3,True,exponential,True,0.1436646734976108
"Qwen2 Technical Report (Alibaba, 2024), validation loss",fixed_recipe,1e+20,8192,1.0,0.0,-0.05,3,True,exponential,True,0.1436646734976108
"Qwen2 Technical Report (Alibaba, 2024), validation loss",fixed_recipe,1e+20,8192,1.0,0.0,0.0,3,True,exponential,True,0.13474840441336688
"Qwen2 Technical Report (Alibaba, 2024), validation loss",fixed_recipe,1e+20,8192,1.0,0.0,0.05,3,True,exponential,True,0.12621565706552573
"Qwen2 Technical Report (Alibaba, 2024), validation loss",fixed_recipe,1e+20,8192,1.0,0.1,-0.05,3,True,exponential,True,0.12621565706553284
"Qwen2 Technical Report (Alibaba, 2024), validation loss",fixed_recipe,1e+20,8192,1.0,0.1,0.0,3,True,exponential,True,0.1180744048889455
"Qwen2 Technical Report (Alibaba, 2024), validation loss",fixed_recipe,1e+20,8192,1.0,0.1,0.05,3,True,exponential,True,0.11032819333331645
"Qwen2 Technical Report (Alibaba, 2024), validation loss",fixed_recipe,1e+20,8192,1.1,-0.1,-0.05,3,True,exponential,True,0.12889805310772218
"Qwen2 Technical Report (Alibaba, 2024), validation loss",fixed_recipe,1e+20,8192,1.1,-0.1,0.0,3,True,exponential,True,0.11960307692844374
"Qwen2 Technical Report (Alibaba, 2024), validation loss",fixed_recipe,1e+20,8192,1.1,-0.1,0.05,3,True,exponential,True,0.11083273158701079
"Qwen2 Technical Report (Alibaba, 2024), validation loss",fixed_recipe,1e+20,8192,1.1,0.0,-0.05,3,True,exponential,True,0.11238854555782307
"Qwen2 Technical Report (Alibaba, 2024), validation loss",fixed_recipe,1e+20,8192,1.1,0.0,0.0,3,False,,,
"Qwen2 Technical Report (Alibaba, 2024), validation loss",fixed_recipe,1e+20,8192,1.1,0.0,0.05,3,False,,,
"Qwen2 Technical Report (Alibaba, 2024), validation loss",fixed_recipe,1e+20,8192,1.1,0.1,-0.05,3,False,,,
"Qwen2 Technical Report (Alibaba, 2024), validation loss",fixed_recipe,1e+20,8192,1.1,0.1,0.0,3,False,,,
"Qwen2 Technical Report (Alibaba, 2024), validation loss",fixed_recipe,1e+20,8192,1.1,0.1,0.05,3,False,,,
"Qwen2 Technical Report (Alibaba, 2024), validation loss",fixed_recipe,1e+20,131072,0.9,-0.1,-0.05,3,False,,,
"Qwen2 Technical Report (Alibaba, 2024), validation loss",fixed_recipe,1e+20,131072,0.9,-0.1,0.0,3,False,,,
"Qwen2 Technical Report (Alibaba, 2024), validation loss",fixed_recipe,1e+20,131072,0.9,-0.1,0.05,3,False,,,
"Qwen2 Technical Report (Alibaba, 2024), validation loss",fixed_recipe,1e+20,131072,0.9,0.0,-0.05,3,False,,,
"Qwen2 Technical Report (Alibaba, 2024), validation loss",fixed_recipe,1e+20,131072,0.9,0.0,0.0,3,False,,,
"Qwen2 Technical Report (Alibaba, 2024), validation loss",fixed_recipe,1e+20,131072,0.9,0.0,0.05,3,False,,,
"Qwen2 Technical Report (Alibaba, 2024), validation loss",fixed_recipe,1e+20,131072,0.9,0.1,-0.05,3,False,,,
"Qwen2 Technical Report (Alibaba, 2024), validation loss",fixed_recipe,1e+20,131072,0.9,0.1,0.0,3,False,,,
"Qwen2 Technical Report (Alibaba, 2024), validation loss",fixed_recipe,1e+20,131072,0.9,0.1,0.05,3,False,,,
"Qwen2 Technical Report (Alibaba, 2024), validation loss",fixed_recipe,1e+20,131072,1.0,-0.1,-0.05,3,False,,,
"Qwen2 Technical Report (Alibaba, 2024), validation loss",fixed_recipe,1e+20,131072,1.0,-0.1,0.0,3,False,,,
"Qwen2 Technical Report (Alibaba, 2024), validation loss",fixed_recipe,1e+20,131072,1.0,-0.1,0.05,3,False,,,
"Qwen2 Technical Report (Alibaba, 2024), validation loss",fixed_recipe,1e+20,131072,1.0,0.0,-0.05,3,False,,,
"Qwen2 Technical Report (Alibaba, 2024), validation loss",fixed_recipe,1e+20,131072,1.0,0.0,0.0,3,False,,,
"Qwen2 Technical Report (Alibaba, 2024), validation loss",fixed_recipe,1e+20,131072,1.0,0.0,0.05,3,False,,,
"Qwen2 Technical Report (Alibaba, 2024), validation loss",fixed_recipe,1e+20,131072,1.0,0.1,-0.05,3,False,,,
"Qwen2 Technical Report (Alibaba, 2024), validation loss",fixed_recipe,1e+20,131072,1.0,0.1,0.0,3,False,,,
"Qwen2 Technical Report (Alibaba, 2024), validation loss",fixed_recipe,1e+20,131072,1.0,0.1,0.05,3,False,,,
"Qwen2 Technical Report (Alibaba, 2024), validation loss",fixed_recipe,1e+20,131072,1.1,-0.1,-0.05,3,False,,,
"Qwen2 Technical Report (Alibaba, 2024), validation loss",fixed_recipe,1e+20,131072,1.1,-0.1,0.0,3,False,,,
"Qwen2 Technical Report (Alibaba, 2024), validation loss",fixed_recipe,1e+20,131072,1.1,-0.1,0.05,3,False,,,
"Qwen2 Technical Report (Alibaba, 2024), validation loss",fixed_recipe,1e+20,131072,1.1,0.0,-0.05,3,False,,,
"Qwen2 Technical Report (Alibaba, 2024), validation loss",fixed_recipe,1e+20,131072,1.1,0.0,0.0,3,False,,,
"Qwen2 Technical Report (Alibaba, 2024), validation loss",fixed_recipe,1e+20,131072,1.1,0.0,0.05,3,False,,,
"Qwen2 Technical Report (Alibaba, 2024), validation loss",fixed_recipe,1e+20,131072,1.1,0.1,-0.05,3,False,,,
"Qwen2 Technical Report (Alibaba, 2024), validation loss",fixed_recipe,1e+20,131072,1.1,0.1,0.0,3,False,,,
"Qwen2 Technical Report (Alibaba, 2024), validation loss",fixed_recipe,1e+20,131072,1.1,0.1,0.05,3,False,,,
"Qwen2 Technical Report (Alibaba, 2024), validation loss",fixed_recipe,1e+22,2048,0.9,-0.1,-0.05,3,False,,,
"Qwen2 Technical Report (Alibaba, 2024), validation loss",fixed_recipe,1e+22,2048,0.9,-0.1,0.0,3,False,,,
"Qwen2 Technical Report (Alibaba, 2024), validation loss",fixed_recipe,1e+22,2048,0.9,-0.1,0.05,3,False,,,
"Qwen2 Technical Report (Alibaba, 2024), validation loss",fixed_recipe,1e+22,2048,0.9,0.0,-0.05,3,False,,,
"Qwen2 Technical Report (Alibaba, 2024), validation loss",fixed_recipe,1e+22,2048,0.9,0.0,0.0,3,False,,,
"Qwen2 Technical Report (Alibaba, 2024), validation loss",fixed_recipe,1e+22,2048,0.9,0.0,0.05,3,True,exponential,True,0.01683731359365126
"Qwen2 Technical Report (Alibaba, 2024), validation loss",fixed_recipe,1e+22,2048,0.9,0.1,-0.05,3,True,exponential,True,0.016713211511625303
"Qwen2 Technical Report (Alibaba, 2024), validation loss",fixed_recipe,1e+22,2048,0.9,0.1,0.0,3,True,exponential,True,0.01614420002257333
"Qwen2 Technical Report (Alibaba, 2024), validation loss",fixed_recipe,1e+22,2048,0.9,0.1,0.05,3,True,exponential,True,0.015561081214070072
"Qwen2 Technical Report (Alibaba, 2024), validation loss",fixed_recipe,1e+22,2048,1.0,-0.1,-0.05,3,True,exponential,True,0.018527768031852077
"Qwen2 Technical Report (Alibaba, 2024), validation loss",fixed_recipe,1e+22,2048,1.0,-0.1,0.0,3,True,exponential,True,0.017822898963267164
"Qwen2 Technical Report (Alibaba, 2024), validation loss",fixed_recipe,1e+22,2048,1.0,-0.1,0.05,3,True,exponential,True,0.017099707133120035
"Qwen2 Technical Report (Alibaba, 2024), validation loss",fixed_recipe,1e+22,2048,1.0,0.0,-0.05,3,True,exponential,True,0.017099707133109376
"Qwen2 Technical Report (Alibaba, 2024), validation loss",fixed_recipe,1e+22,2048,1.0,0.0,0.0,3,True,exponential,True,0.016364416086986466
"Qwen2 Technical Report (Alibaba, 2024), validation loss",fixed_recipe,1e+22,2048,1.0,0.0,0.05,3,True,exponential,True,0.015622879219463925
"Qwen2 Technical Report (Alibaba, 2024), validation loss",fixed_recipe,1e+22,2048,1.0,0.1,-0.05,3,True,exponential,True,0.015622879219463925
"Qwen2 Technical Report (Alibaba, 2024), validation loss",fixed_recipe,1e+22,2048,1.0,0.1,0.0,3,True,exponential,True,0.014880515197091881
"Qwen2 Technical Report (Alibaba, 2024), validation loss",fixed_recipe,1e+22,2048,1.0,0.1,0.05,3,True,exponential,True,0.014142261285368107
"Qwen2 Technical Report (Alibaba, 2024), validation loss",fixed_recipe,1e+22,2048,1.1,-0.1,-0.05,3,True,exponential,True,0.017135079130515152
"Qwen2 Technical Report (Alibaba, 2024), validation loss",fixed_recipe,1e+22,2048,1.1,-0.1,0.0,3,True,exponential,True,0.016237139533856748
"Qwen2 Technical Report (Alibaba, 2024), validation loss",fixed_recipe,1e+22,2048,1.1,-0.1,0.05,3,True,exponential,True,0.01534565546543476
"Qwen2 Technical Report (Alibaba, 2024), validation loss",fixed_recipe,1e+22,2048,1.1,0.0,-0.05,3,True,exponential,True,0.015506967241570635
"Qwen2 Technical Report (Alibaba, 2024), validation loss",fixed_recipe,1e+22,2048,1.1,0.0,0.0,3,True,exponential,True,0.014625502713823124
"Qwen2 Technical Report (Alibaba, 2024), validation loss",fixed_recipe,1e+22,2048,1.1,0.0,0.05,3,True,exponential,True,0.013761351111870823
"Qwen2 Technical Report (Alibaba, 2024), validation loss",fixed_recipe,1e+22,2048,1.1,0.1,-0.05,3,True,exponential,True,0.01391695523508929
"Qwen2 Technical Report (Alibaba, 2024), validation loss",fixed_recipe,1e+22,2048,1.1,0.1,0.0,3,True,exponential,True,0.013070561619169752
"Qwen2 Technical Report (Alibaba, 2024), validation loss",fixed_recipe,1e+22,2048,1.1,0.1,0.05,3,True,exponential,True,0.012249558734721333
"Qwen2 Technical Report (Alibaba, 2024), validation loss",fixed_recipe,1e+22,8192,0.9,-0.1,-0.05,3,False,,,
"Qwen2 Technical Report (Alibaba, 2024), validation loss",fixed_recipe,1e+22,8192,0.9,-0.1,0.0,3,False,,,
"Qwen2 Technical Report (Alibaba, 2024), validation loss",fixed_recipe,1e+22,8192,0.9,-0.1,0.05,3,False,,,
"Qwen2 Technical Report (Alibaba, 2024), validation loss",fixed_recipe,1e+22,8192,0.9,0.0,-0.05,3,False,,,
"Qwen2 Technical Report (Alibaba, 2024), validation loss",fixed_recipe,1e+22,8192,0.9,0.0,0.0,3,False,,,
"Qwen2 Technical Report (Alibaba, 2024), validation loss",fixed_recipe,1e+22,8192,0.9,0.0,0.05,3,True,exponential,True,0.015680399654620203
"Qwen2 Technical Report (Alibaba, 2024), validation loss",fixed_recipe,1e+22,8192,0.9,0.1,-0.05,3,True,exponential,True,0.015562747307598102
"Qwen2 Technical Report (Alibaba, 2024), validation loss",fixed_recipe,1e+22,8192,0.9,0.1,0.0,3,True,exponential,True,0.015024064342018306
"Qwen2 Technical Report (Alibaba, 2024), validation loss",fixed_recipe,1e+22,8192,0.9,0.1,0.05,3,True,exponential,True,0.014473189760419558
"Qwen2 Technical Report (Alibaba, 2024), validation loss",fixed_recipe,1e+22,8192,1.0,-0.1,-0.05,3,True,exponential,True,0.017233930963957533
"Qwen2 Technical Report (Alibaba, 2024), validation loss",fixed_recipe,1e+22,8192,1.0,-0.1,0.0,3,True,exponential,True,0.016566308729611734
"Qwen2 Technical Report (Alibaba, 2024), validation loss",fixed_recipe,1e+22,8192,1.0,-0.1,0.05,3,True,exponential,True,0.01588307852940929
"Qwen2 Technical Report (Alibaba, 2024), validation loss",fixed_recipe,1e+22,8192,1.0,0.0,-0.05,3,True,exponential,True,0.015883078529419947
"Qwen2 Technical Report (Alibaba, 2024), validation loss",fixed_recipe,1e+22,8192,1.0,0.0,0.0,3,True,exponential,True,0.015190001712348078
"Qwen2 Technical Report (Alibaba, 2024), validation loss",fixed_recipe,1e+22,8192,1.0,0.0,0.05,3,True,exponential,True,0.014492473707861109
"Qwen2 Technical Report (Alibaba, 2024), validation loss",fixed_recipe,1e+22,8192,1.0,0.1,-0.05,3,True,exponential,True,0.014492473707857556
"Qwen2 Technical Report (Alibaba, 2024), validation loss",fixed_recipe,1e+22,8192,1.0,0.1,0.0,3,True,exponential,True,0.01379546794403197
"Qwen2 Technical Report (Alibaba, 2024), validation loss",fixed_recipe,1e+22,8192,1.0,0.1,0.05,3,True,exponential,True,0.013103496400070469
"Qwen2 Technical Report (Alibaba, 2024), validation loss",fixed_recipe,1e+22,8192,1.1,-0.1,-0.05,3,True,exponential,True,0.015873909942630604
"Qwen2 Technical Report (Alibaba, 2024), validation loss",fixed_recipe,1e+22,8192,1.1,-0.1,0.0,3,True,exponential,True,0.015031110314492224
"Qwen2 Technical Report (Alibaba, 2024), validation loss",fixed_recipe,1e+22,8192,1.1,-0.1,0.05,3,True,exponential,True,0.014196059110307857
"Qwen2 Technical Report (Alibaba, 2024), validation loss",fixed_recipe,1e+22,8192,1.1,0.0,-0.05,3,True,exponential,True,0.014347041667143401
"Qwen2 Technical Report (Alibaba, 2024), validation loss",fixed_recipe,1e+22,8192,1.1,0.0,0.0,3,True,exponential,True,0.013522622836248388
"Qwen2 Technical Report (Alibaba, 2024), validation loss",fixed_recipe,1e+22,8192,1.1,0.0,0.05,3,True,exponential,True,0.012715764522575057
"Qwen2 Technical Report (Alibaba, 2024), validation loss",fixed_recipe,1e+22,8192,1.1,0.1,-0.05,3,True,exponential,True,0.012860956560150072
"Qwen2 Technical Report (Alibaba, 2024), validation loss",fixed_recipe,1e+22,8192,1.1,0.1,0.0,3,True,exponential,True,0.012071684491420598
"Qwen2 Technical Report (Alibaba, 2024), validation loss",fixed_recipe,1e+22,8192,1.1,0.1,0.05,3,True,exponential,True,0.01130718543928566
"Qwen2 Technical Report (Alibaba, 2024), validation loss",fixed_recipe,1e+22,131072,0.9,-0.1,-0.05,3,False,,,
"Qwen2 Technical Report (Alibaba, 2024), validation loss",fixed_recipe,1e+22,131072,0.9,-0.1,0.0,3,False,,,
"Qwen2 Technical Report (Alibaba, 2024), validation loss",fixed_recipe,1e+22,131072,0.9,-0.1,0.05,3,True,exponential,True,0.009243223258078359
"Qwen2 Technical Report (Alibaba, 2024), validation loss",fixed_recipe,1e+22,131072,0.9,0.0,-0.05,3,True,exponential,True,0.00917274562441861
"Qwen2 Technical Report (Alibaba, 2024), validation loss",fixed_recipe,1e+22,131072,0.9,0.0,0.0,3,True,exponential,True,0.008850463837628553
"Qwen2 Technical Report (Alibaba, 2024), validation loss",fixed_recipe,1e+22,131072,0.9,0.0,0.05,3,True,exponential,True,0.008521514424650434
"Qwen2 Technical Report (Alibaba, 2024), validation loss",fixed_recipe,1e+22,131072,0.9,0.1,-0.05,3,True,exponential,True,0.008447737717418136
"Qwen2 Technical Report (Alibaba, 2024), validation loss",fixed_recipe,1e+22,131072,0.9,0.1,0.0,3,True,exponential,True,0.008113681594281275
"Qwen2 Technical Report (Alibaba, 2024), validation loss",fixed_recipe,1e+22,131072,0.9,0.1,0.05,3,True,exponential,True,0.007777782276043865
"Qwen2 Technical Report (Alibaba, 2024), validation loss",fixed_recipe,1e+22,131072,1.0,-0.1,-0.05,3,True,exponential,True,0.00924836641511817
"Qwen2 Technical Report (Alibaba, 2024), validation loss",fixed_recipe,1e+22,131072,1.0,-0.1,0.0,3,True,exponential,True,0.00883469525363978
"Qwen2 Technical Report (Alibaba, 2024), validation loss",fixed_recipe,1e+22,131072,1.0,-0.1,0.05,3,True,exponential,True,0.00841980783037144
"Qwen2 Technical Report (Alibaba, 2024), validation loss",fixed_recipe,1e+22,131072,1.0,0.0,-0.05,3,True,exponential,True,0.008419807830382098
"Qwen2 Technical Report (Alibaba, 2024), validation loss",fixed_recipe,1e+22,131072,1.0,0.0,0.0,3,True,exponential,True,0.008006533575120045
"Qwen2 Technical Report (Alibaba, 2024), validation loss",fixed_recipe,1e+22,131072,1.0,0.0,0.05,3,True,exponential,True,0.007597419774935332
"Qwen2 Technical Report (Alibaba, 2024), validation loss",fixed_recipe,1e+22,131072,1.0,0.1,-0.05,3,True,exponential,True,0.007597419774935332
"Qwen2 Technical Report (Alibaba, 2024), validation loss",fixed_recipe,1e+22,131072,1.0,0.1,0.0,3,True,exponential,True,0.007194721459953257
"Qwen2 Technical Report (Alibaba, 2024), validation loss",fixed_recipe,1e+22,131072,1.0,0.1,0.05,3,True,exponential,True,0.00680039917076769
"Qwen2 Technical Report (Alibaba, 2024), validation loss",fixed_recipe,1e+22,131072,1.1,-0.1,-0.05,3,True,exponential,True,0.008207616510933491
"Qwen2 Technical Report (Alibaba, 2024), validation loss",fixed_recipe,1e+22,131072,1.1,-0.1,0.0,3,True,exponential,True,0.007724017204488121
"Qwen2 Technical Report (Alibaba, 2024), validation loss",fixed_recipe,1e+22,131072,1.1,-0.1,0.05,3,True,exponential,True,0.007252575012623552
"Qwen2 Technical Report (Alibaba, 2024), validation loss",fixed_recipe,1e+22,131072,1.1,0.0,-0.05,3,True,exponential,True,0.00733728032448866
"Qwen2 Technical Report (Alibaba, 2024), validation loss",fixed_recipe,1e+22,131072,1.1,0.0,0.0,3,True,exponential,True,0.006877474934599448
"Qwen2 Technical Report (Alibaba, 2024), validation loss",fixed_recipe,1e+22,131072,1.1,0.0,0.05,3,True,exponential,True,0.006433581182639259
"Qwen2 Technical Report (Alibaba, 2024), validation loss",fixed_recipe,1e+22,131072,1.1,0.1,-0.05,3,True,exponential,True,0.006513034116714778
"Qwen2 Technical Report (Alibaba, 2024), validation loss",fixed_recipe,1e+22,131072,1.1,0.1,0.0,3,True,exponential,True,0.006083269314416384
"Qwen2 Technical Report (Alibaba, 2024), validation loss",fixed_recipe,1e+22,131072,1.1,0.1,0.05,3,True,exponential,True,0.005671801682872513
"Qwen2 Technical Report (Alibaba, 2024), validation loss",fixed_recipe,1e+24,2048,0.9,-0.1,-0.05,3,False,,,
"Qwen2 Technical Report (Alibaba, 2024), validation loss",fixed_recipe,1e+24,2048,0.9,-0.1,0.0,3,False,,,
"Qwen2 Technical Report (Alibaba, 2024), validation loss",fixed_recipe,1e+24,2048,0.9,-0.1,0.05,3,False,,,
"Qwen2 Technical Report (Alibaba, 2024), validation loss",fixed_recipe,1e+24,2048,0.9,0.0,-0.05,3,False,,,
"Qwen2 Technical Report (Alibaba, 2024), validation loss",fixed_recipe,1e+24,2048,0.9,0.0,0.0,3,False,,,
"Qwen2 Technical Report (Alibaba, 2024), validation loss",fixed_recipe,1e+24,2048,0.9,0.0,0.05,3,False,,,
"Qwen2 Technical Report (Alibaba, 2024), validation loss",fixed_recipe,1e+24,2048,0.9,0.1,-0.05,3,False,,,
"Qwen2 Technical Report (Alibaba, 2024), validation loss",fixed_recipe,1e+24,2048,0.9,0.1,0.0,3,True,exponential;power;logarithmic,False,0.0
"Qwen2 Technical Report (Alibaba, 2024), validation loss",fixed_recipe,1e+24,2048,0.9,0.1,0.05,3,True,exponential;power;logarithmic,False,0.0
"Qwen2 Technical Report (Alibaba, 2024), validation loss",fixed_recipe,1e+24,2048,1.0,-0.1,-0.05,3,False,,,
"Qwen2 Technical Report (Alibaba, 2024), validation loss",fixed_recipe,1e+24,2048,1.0,-0.1,0.0,3,True,exponential;power;logarithmic,False,0.0
"Qwen2 Technical Report (Alibaba, 2024), validation loss",fixed_recipe,1e+24,2048,1.0,-0.1,0.05,3,True,exponential;power;logarithmic,False,0.0
"Qwen2 Technical Report (Alibaba, 2024), validation loss",fixed_recipe,1e+24,2048,1.0,0.0,-0.05,3,True,exponential;power;logarithmic,False,0.0
"Qwen2 Technical Report (Alibaba, 2024), validation loss",fixed_recipe,1e+24,2048,1.0,0.0,0.0,3,True,exponential;power;logarithmic,False,0.0
"Qwen2 Technical Report (Alibaba, 2024), validation loss",fixed_recipe,1e+24,2048,1.0,0.0,0.05,3,True,exponential;power;logarithmic,False,0.0
"Qwen2 Technical Report (Alibaba, 2024), validation loss",fixed_recipe,1e+24,2048,1.0,0.1,-0.05,3,True,exponential;power;logarithmic,False,0.0
"Qwen2 Technical Report (Alibaba, 2024), validation loss",fixed_recipe,1e+24,2048,1.0,0.1,0.0,3,True,exponential;power;logarithmic,False,0.0
"Qwen2 Technical Report (Alibaba, 2024), validation loss",fixed_recipe,1e+24,2048,1.0,0.1,0.05,3,True,exponential;power;logarithmic,False,0.0
"Qwen2 Technical Report (Alibaba, 2024), validation loss",fixed_recipe,1e+24,2048,1.1,-0.1,-0.05,3,True,exponential;power;logarithmic,False,0.0
"Qwen2 Technical Report (Alibaba, 2024), validation loss",fixed_recipe,1e+24,2048,1.1,-0.1,0.0,3,True,exponential;power;logarithmic,False,0.0
"Qwen2 Technical Report (Alibaba, 2024), validation loss",fixed_recipe,1e+24,2048,1.1,-0.1,0.05,3,True,exponential;power;logarithmic,False,0.0
"Qwen2 Technical Report (Alibaba, 2024), validation loss",fixed_recipe,1e+24,2048,1.1,0.0,-0.05,3,True,exponential;power;logarithmic,False,0.0
"Qwen2 Technical Report (Alibaba, 2024), validation loss",fixed_recipe,1e+24,2048,1.1,0.0,0.0,3,True,exponential;power;logarithmic,False,0.0
"Qwen2 Technical Report (Alibaba, 2024), validation loss",fixed_recipe,1e+24,2048,1.1,0.0,0.05,3,True,exponential;power;logarithmic,False,0.0
"Qwen2 Technical Report (Alibaba, 2024), validation loss",fixed_recipe,1e+24,2048,1.1,0.1,-0.05,3,True,exponential;power;logarithmic,False,0.0
"Qwen2 Technical Report (Alibaba, 2024), validation loss",fixed_recipe,1e+24,2048,1.1,0.1,0.0,3,True,exponential;power;logarithmic,False,0.0
"Qwen2 Technical Report (Alibaba, 2024), validation loss",fixed_recipe,1e+24,2048,1.1,0.1,0.05,3,True,exponential;power;logarithmic,False,0.0
"Qwen2 Technical Report (Alibaba, 2024), validation loss",fixed_recipe,1e+24,8192,0.9,-0.1,-0.05,3,False,,,
"Qwen2 Technical Report (Alibaba, 2024), validation loss",fixed_recipe,1e+24,8192,0.9,-0.1,0.0,3,False,,,
"Qwen2 Technical Report (Alibaba, 2024), validation loss",fixed_recipe,1e+24,8192,0.9,-0.1,0.05,3,False,,,
"Qwen2 Technical Report (Alibaba, 2024), validation loss",fixed_recipe,1e+24,8192,0.9,0.0,-0.05,3,False,,,
"Qwen2 Technical Report (Alibaba, 2024), validation loss",fixed_recipe,1e+24,8192,0.9,0.0,0.0,3,False,,,
"Qwen2 Technical Report (Alibaba, 2024), validation loss",fixed_recipe,1e+24,8192,0.9,0.0,0.05,3,False,,,
"Qwen2 Technical Report (Alibaba, 2024), validation loss",fixed_recipe,1e+24,8192,0.9,0.1,-0.05,3,False,,,
"Qwen2 Technical Report (Alibaba, 2024), validation loss",fixed_recipe,1e+24,8192,0.9,0.1,0.0,3,True,exponential;power;logarithmic,False,0.0
"Qwen2 Technical Report (Alibaba, 2024), validation loss",fixed_recipe,1e+24,8192,0.9,0.1,0.05,3,True,exponential;power;logarithmic,False,0.0
"Qwen2 Technical Report (Alibaba, 2024), validation loss",fixed_recipe,1e+24,8192,1.0,-0.1,-0.05,3,False,,,
"Qwen2 Technical Report (Alibaba, 2024), validation loss",fixed_recipe,1e+24,8192,1.0,-0.1,0.0,3,True,exponential;power;logarithmic,False,0.0
"Qwen2 Technical Report (Alibaba, 2024), validation loss",fixed_recipe,1e+24,8192,1.0,-0.1,0.05,3,True,exponential;power;logarithmic,False,0.0
"Qwen2 Technical Report (Alibaba, 2024), validation loss",fixed_recipe,1e+24,8192,1.0,0.0,-0.05,3,True,exponential;power;logarithmic,False,0.0
"Qwen2 Technical Report (Alibaba, 2024), validation loss",fixed_recipe,1e+24,8192,1.0,0.0,0.0,3,True,exponential;power;logarithmic,False,0.0
"Qwen2 Technical Report (Alibaba, 2024), validation loss",fixed_recipe,1e+24,8192,1.0,0.0,0.05,3,True,exponential;power;logarithmic,False,0.0
"Qwen2 Technical Report (Alibaba, 2024), validation loss",fixed_recipe,1e+24,8192,1.0,0.1,-0.05,3,True,exponential;power;logarithmic,False,0.0
"Qwen2 Technical Report (Alibaba, 2024), validation loss",fixed_recipe,1e+24,8192,1.0,0.1,0.0,3,True,exponential;power;logarithmic,False,0.0
"Qwen2 Technical Report (Alibaba, 2024), validation loss",fixed_recipe,1e+24,8192,1.0,0.1,0.05,3,True,exponential;power;logarithmic,False,0.0
"Qwen2 Technical Report (Alibaba, 2024), validation loss",fixed_recipe,1e+24,8192,1.1,-0.1,-0.05,3,True,exponential;power;logarithmic,False,0.0
"Qwen2 Technical Report (Alibaba, 2024), validation loss",fixed_recipe,1e+24,8192,1.1,-0.1,0.0,3,True,exponential;power;logarithmic,False,0.0
"Qwen2 Technical Report (Alibaba, 2024), validation loss",fixed_recipe,1e+24,8192,1.1,-0.1,0.05,3,True,exponential;power;logarithmic,False,0.0
"Qwen2 Technical Report (Alibaba, 2024), validation loss",fixed_recipe,1e+24,8192,1.1,0.0,-0.05,3,True,exponential;power;logarithmic,False,0.0
"Qwen2 Technical Report (Alibaba, 2024), validation loss",fixed_recipe,1e+24,8192,1.1,0.0,0.0,3,True,exponential;power;logarithmic,False,0.0
"Qwen2 Technical Report (Alibaba, 2024), validation loss",fixed_recipe,1e+24,8192,1.1,0.0,0.05,3,True,exponential;power;logarithmic,False,0.0
"Qwen2 Technical Report (Alibaba, 2024), validation loss",fixed_recipe,1e+24,8192,1.1,0.1,-0.05,3,True,exponential;power;logarithmic,False,0.0
"Qwen2 Technical Report (Alibaba, 2024), validation loss",fixed_recipe,1e+24,8192,1.1,0.1,0.0,3,True,exponential;power;logarithmic,False,0.0
"Qwen2 Technical Report (Alibaba, 2024), validation loss",fixed_recipe,1e+24,8192,1.1,0.1,0.05,3,True,exponential;power;logarithmic,False,0.0
"Qwen2 Technical Report (Alibaba, 2024), validation loss",fixed_recipe,1e+24,131072,0.9,-0.1,-0.05,3,False,,,
"Qwen2 Technical Report (Alibaba, 2024), validation loss",fixed_recipe,1e+24,131072,0.9,-0.1,0.0,3,False,,,
"Qwen2 Technical Report (Alibaba, 2024), validation loss",fixed_recipe,1e+24,131072,0.9,-0.1,0.05,3,False,,,
"Qwen2 Technical Report (Alibaba, 2024), validation loss",fixed_recipe,1e+24,131072,0.9,0.0,-0.05,3,False,,,
"Qwen2 Technical Report (Alibaba, 2024), validation loss",fixed_recipe,1e+24,131072,0.9,0.0,0.0,3,False,,,
"Qwen2 Technical Report (Alibaba, 2024), validation loss",fixed_recipe,1e+24,131072,0.9,0.0,0.05,3,False,,,
"Qwen2 Technical Report (Alibaba, 2024), validation loss",fixed_recipe,1e+24,131072,0.9,0.1,-0.05,3,False,,,
"Qwen2 Technical Report (Alibaba, 2024), validation loss",fixed_recipe,1e+24,131072,0.9,0.1,0.0,3,True,exponential;power;logarithmic,False,0.0
"Qwen2 Technical Report (Alibaba, 2024), validation loss",fixed_recipe,1e+24,131072,0.9,0.1,0.05,3,True,exponential;power;logarithmic,False,0.0
"Qwen2 Technical Report (Alibaba, 2024), validation loss",fixed_recipe,1e+24,131072,1.0,-0.1,-0.05,3,False,,,
"Qwen2 Technical Report (Alibaba, 2024), validation loss",fixed_recipe,1e+24,131072,1.0,-0.1,0.0,3,True,exponential;power;logarithmic,False,0.0
"Qwen2 Technical Report (Alibaba, 2024), validation loss",fixed_recipe,1e+24,131072,1.0,-0.1,0.05,3,True,exponential;power;logarithmic,False,0.0
"Qwen2 Technical Report (Alibaba, 2024), validation loss",fixed_recipe,1e+24,131072,1.0,0.0,-0.05,3,True,exponential;power;logarithmic,False,0.0
"Qwen2 Technical Report (Alibaba, 2024), validation loss",fixed_recipe,1e+24,131072,1.0,0.0,0.0,3,True,exponential;power;logarithmic,False,0.0
"Qwen2 Technical Report (Alibaba, 2024), validation loss",fixed_recipe,1e+24,131072,1.0,0.0,0.05,3,True,exponential;power;logarithmic,False,0.0
"Qwen2 Technical Report (Alibaba, 2024), validation loss",fixed_recipe,1e+24,131072,1.0,0.1,-0.05,3,True,exponential;power;logarithmic,False,0.0
"Qwen2 Technical Report (Alibaba, 2024), validation loss",fixed_recipe,1e+24,131072,1.0,0.1,0.0,3,True,exponential;power;logarithmic,False,0.0
"Qwen2 Technical Report (Alibaba, 2024), validation loss",fixed_recipe,1e+24,131072,1.0,0.1,0.05,3,True,exponential;power;logarithmic,False,0.0
"Qwen2 Technical Report (Alibaba, 2024), validation loss",fixed_recipe,1e+24,131072,1.1,-0.1,-0.05,3,True,exponential;power;logarithmic,False,0.0
"Qwen2 Technical Report (Alibaba, 2024), validation loss",fixed_recipe,1e+24,131072,1.1,-0.1,0.0,3,True,exponential;power;logarithmic,False,0.0
"Qwen2 Technical Report (Alibaba, 2024), validation loss",fixed_recipe,1e+24,131072,1.1,-0.1,0.05,3,True,exponential;power;logarithmic,False,0.0
"Qwen2 Technical Report (Alibaba, 2024), validation loss",fixed_recipe,1e+24,131072,1.1,0.0,-0.05,3,True,exponential;power;logarithmic,False,0.0
"Qwen2 Technical Report (Alibaba, 2024), validation loss",fixed_recipe,1e+24,131072,1.1,0.0,0.0,3,True,exponential;power;logarithmic,False,0.0
"Qwen2 Technical Report (Alibaba, 2024), validation loss",fixed_recipe,1e+24,131072,1.1,0.0,0.05,3,True,exponential;power;logarithmic,False,0.0
"Qwen2 Technical Report (Alibaba, 2024), validation loss",fixed_recipe,1e+24,131072,1.1,0.1,-0.05,3,True,exponential;power;logarithmic,False,0.0
"Qwen2 Technical Report (Alibaba, 2024), validation loss",fixed_recipe,1e+24,131072,1.1,0.1,0.0,3,True,exponential;power;logarithmic,False,0.0
"Qwen2 Technical Report (Alibaba, 2024), validation loss",fixed_recipe,1e+24,131072,1.1,0.1,0.05,3,True,exponential;power;logarithmic,False,0.0
"Qwen2 Technical Report (Alibaba, 2024), validation loss",independent_native_Q,1e+19,2048,0.9,-0.1,-0.05,3,False,,,
"Qwen2 Technical Report (Alibaba, 2024), validation loss",independent_native_Q,1e+19,2048,0.9,-0.1,0.0,3,False,,,
"Qwen2 Technical Report (Alibaba, 2024), validation loss",independent_native_Q,1e+19,2048,0.9,-0.1,0.05,3,False,,,
"Qwen2 Technical Report (Alibaba, 2024), validation loss",independent_native_Q,1e+19,2048,0.9,0.0,-0.05,3,False,,,
"Qwen2 Technical Report (Alibaba, 2024), validation loss",independent_native_Q,1e+19,2048,0.9,0.0,0.0,3,False,,,
"Qwen2 Technical Report (Alibaba, 2024), validation loss",independent_native_Q,1e+19,2048,0.9,0.0,0.05,3,False,,,
"Qwen2 Technical Report (Alibaba, 2024), validation loss",independent_native_Q,1e+19,2048,0.9,0.1,-0.05,3,False,,,
"Qwen2 Technical Report (Alibaba, 2024), validation loss",independent_native_Q,1e+19,2048,0.9,0.1,0.0,3,False,,,
"Qwen2 Technical Report (Alibaba, 2024), validation loss",independent_native_Q,1e+19,2048,0.9,0.1,0.05,3,False,,,
"Qwen2 Technical Report (Alibaba, 2024), validation loss",independent_native_Q,1e+19,2048,1.0,-0.1,-0.05,3,False,,,
"Qwen2 Technical Report (Alibaba, 2024), validation loss",independent_native_Q,1e+19,2048,1.0,-0.1,0.0,3,False,,,
"Qwen2 Technical Report (Alibaba, 2024), validation loss",independent_native_Q,1e+19,2048,1.0,-0.1,0.05,3,False,,,
"Qwen2 Technical Report (Alibaba, 2024), validation loss",independent_native_Q,1e+19,2048,1.0,0.0,-0.05,3,False,,,
"Qwen2 Technical Report (Alibaba, 2024), validation loss",independent_native_Q,1e+19,2048,1.0,0.0,0.0,3,False,,,
"Qwen2 Technical Report (Alibaba, 2024), validation loss",independent_native_Q,1e+19,2048,1.0,0.0,0.05,3,False,,,
"Qwen2 Technical Report (Alibaba, 2024), validation loss",independent_native_Q,1e+19,2048,1.0,0.1,-0.05,3,False,,,
"Qwen2 Technical Report (Alibaba, 2024), validation loss",independent_native_Q,1e+19,2048,1.0,0.1,0.0,3,False,,,
"Qwen2 Technical Report (Alibaba, 2024), validation loss",independent_native_Q,1e+19,2048,1.0,0.1,0.05,3,False,,,
"Qwen2 Technical Report (Alibaba, 2024), validation loss",independent_native_Q,1e+19,2048,1.1,-0.1,-0.05,3,False,,,
"Qwen2 Technical Report (Alibaba, 2024), validation loss",independent_native_Q,1e+19,2048,1.1,-0.1,0.0,3,False,,,
"Qwen2 Technical Report (Alibaba, 2024), validation loss",independent_native_Q,1e+19,2048,1.1,-0.1,0.05,3,False,,,
"Qwen2 Technical Report (Alibaba, 2024), validation loss",independent_native_Q,1e+19,2048,1.1,0.0,-0.05,3,False,,,
"Qwen2 Technical Report (Alibaba, 2024), validation loss",independent_native_Q,1e+19,2048,1.1,0.0,0.0,3,False,,,
"Qwen2 Technical Report (Alibaba, 2024), validation loss",independent_native_Q,1e+19,2048,1.1,0.0,0.05,3,False,,,
"Qwen2 Technical Report (Alibaba, 2024), validation loss",independent_native_Q,1e+19,2048,1.1,0.1,-0.05,3,False,,,
"Qwen2 Technical Report (Alibaba, 2024), validation loss",independent_native_Q,1e+19,2048,1.1,0.1,0.0,3,False,,,
"Qwen2 Technical Report (Alibaba, 2024), validation loss",independent_native_Q,1e+19,2048,1.1,0.1,0.05,3,False,,,
"Qwen2 Technical Report (Alibaba, 2024), validation loss",independent_native_Q,1e+19,8192,0.9,-0.1,-0.05,3,False,,,
"Qwen2 Technical Report (Alibaba, 2024), validation loss",independent_native_Q,1e+19,8192,0.9,-0.1,0.0,3,False,,,
"Qwen2 Technical Report (Alibaba, 2024), validation loss",independent_native_Q,1e+19,8192,0.9,-0.1,0.05,3,False,,,
"Qwen2 Technical Report (Alibaba, 2024), validation loss",independent_native_Q,1e+19,8192,0.9,0.0,-0.05,3,False,,,
"Qwen2 Technical Report (Alibaba, 2024), validation loss",independent_native_Q,1e+19,8192,0.9,0.0,0.0,3,False,,,
"Qwen2 Technical Report (Alibaba, 2024), validation loss",independent_native_Q,1e+19,8192,0.9,0.0,0.05,3,False,,,
"Qwen2 Technical Report (Alibaba, 2024), validation loss",independent_native_Q,1e+19,8192,0.9,0.1,-0.05,3,False,,,
"Qwen2 Technical Report (Alibaba, 2024), validation loss",independent_native_Q,1e+19,8192,0.9,0.1,0.0,3,False,,,
"Qwen2 Technical Report (Alibaba, 2024), validation loss",independent_native_Q,1e+19,8192,0.9,0.1,0.05,3,False,,,
"Qwen2 Technical Report (Alibaba, 2024), validation loss",independent_native_Q,1e+19,8192,1.0,-0.1,-0.05,3,False,,,
"Qwen2 Technical Report (Alibaba, 2024), validation loss",independent_native_Q,1e+19,8192,1.0,-0.1,0.0,3,False,,,
"Qwen2 Technical Report (Alibaba, 2024), validation loss",independent_native_Q,1e+19,8192,1.0,-0.1,0.05,3,False,,,
"Qwen2 Technical Report (Alibaba, 2024), validation loss",independent_native_Q,1e+19,8192,1.0,0.0,-0.05,3,False,,,
"Qwen2 Technical Report (Alibaba, 2024), validation loss",independent_native_Q,1e+19,8192,1.0,0.0,0.0,3,False,,,
"Qwen2 Technical Report (Alibaba, 2024), validation loss",independent_native_Q,1e+19,8192,1.0,0.0,0.05,3,False,,,
"Qwen2 Technical Report (Alibaba, 2024), validation loss",independent_native_Q,1e+19,8192,1.0,0.1,-0.05,3,False,,,
"Qwen2 Technical Report (Alibaba, 2024), validation loss",independent_native_Q,1e+19,8192,1.0,0.1,0.0,3,False,,,
"Qwen2 Technical Report (Alibaba, 2024), validation loss",independent_native_Q,1e+19,8192,1.0,0.1,0.05,3,False,,,
"Qwen2 Technical Report (Alibaba, 2024), validation loss",independent_native_Q,1e+19,8192,1.1,-0.1,-0.05,3,False,,,
"Qwen2 Technical Report (Alibaba, 2024), validation loss",independent_native_Q,1e+19,8192,1.1,-0.1,0.0,3,False,,,
"Qwen2 Technical Report (Alibaba, 2024), validation loss",independent_native_Q,1e+19,8192,1.1,-0.1,0.05,3,False,,,
"Qwen2 Technical Report (Alibaba, 2024), validation loss",independent_native_Q,1e+19,8192,1.1,0.0,-0.05,3,False,,,
"Qwen2 Technical Report (Alibaba, 2024), validation loss",independent_native_Q,1e+19,8192,1.1,0.0,0.0,3,False,,,
"Qwen2 Technical Report (Alibaba, 2024), validation loss",independent_native_Q,1e+19,8192,1.1,0.0,0.05,3,False,,,
"Qwen2 Technical Report (Alibaba, 2024), validation loss",independent_native_Q,1e+19,8192,1.1,0.1,-0.05,3,False,,,
"Qwen2 Technical Report (Alibaba, 2024), validation loss",independent_native_Q,1e+19,8192,1.1,0.1,0.0,3,False,,,
"Qwen2 Technical Report (Alibaba, 2024), validation loss",independent_native_Q,1e+19,8192,1.1,0.1,0.05,3,False,,,
"Qwen2 Technical Report (Alibaba, 2024), validation loss",independent_native_Q,1e+19,131072,0.9,-0.1,-0.05,0,False,,,
"Qwen2 Technical Report (Alibaba, 2024), validation loss",independent_native_Q,1e+19,131072,0.9,-0.1,0.0,0,False,,,
"Qwen2 Technical Report (Alibaba, 2024), validation loss",independent_native_Q,1e+19,131072,0.9,-0.1,0.05,0,False,,,
"Qwen2 Technical Report (Alibaba, 2024), validation loss",independent_native_Q,1e+19,131072,0.9,0.0,-0.05,0,False,,,
"Qwen2 Technical Report (Alibaba, 2024), validation loss",independent_native_Q,1e+19,131072,0.9,0.0,0.0,0,False,,,
"Qwen2 Technical Report (Alibaba, 2024), validation loss",independent_native_Q,1e+19,131072,0.9,0.0,0.05,0,False,,,
"Qwen2 Technical Report (Alibaba, 2024), validation loss",independent_native_Q,1e+19,131072,0.9,0.1,-0.05,0,False,,,
"Qwen2 Technical Report (Alibaba, 2024), validation loss",independent_native_Q,1e+19,131072,0.9,0.1,0.0,0,False,,,
"Qwen2 Technical Report (Alibaba, 2024), validation loss",independent_native_Q,1e+19,131072,0.9,0.1,0.05,0,False,,,
"Qwen2 Technical Report (Alibaba, 2024), validation loss",independent_native_Q,1e+19,131072,1.0,-0.1,-0.05,0,False,,,
"Qwen2 Technical Report (Alibaba, 2024), validation loss",independent_native_Q,1e+19,131072,1.0,-0.1,0.0,0,False,,,
"Qwen2 Technical Report (Alibaba, 2024), validation loss",independent_native_Q,1e+19,131072,1.0,-0.1,0.05,0,False,,,
"Qwen2 Technical Report (Alibaba, 2024), validation loss",independent_native_Q,1e+19,131072,1.0,0.0,-0.05,0,False,,,
"Qwen2 Technical Report (Alibaba, 2024), validation loss",independent_native_Q,1e+19,131072,1.0,0.0,0.0,0,False,,,
"Qwen2 Technical Report (Alibaba, 2024), validation loss",independent_native_Q,1e+19,131072,1.0,0.0,0.05,0,False,,,
"Qwen2 Technical Report (Alibaba, 2024), validation loss",independent_native_Q,1e+19,131072,1.0,0.1,-0.05,0,False,,,
"Qwen2 Technical Report (Alibaba, 2024), validation loss",independent_native_Q,1e+19,131072,1.0,0.1,0.0,0,False,,,
"Qwen2 Technical Report (Alibaba, 2024), validation loss",independent_native_Q,1e+19,131072,1.0,0.1,0.05,0,False,,,
"Qwen2 Technical Report (Alibaba, 2024), validation loss",independent_native_Q,1e+19,131072,1.1,-0.1,-0.05,0,False,,,
"Qwen2 Technical Report (Alibaba, 2024), validation loss",independent_native_Q,1e+19,131072,1.1,-0.1,0.0,0,False,,,
"Qwen2 Technical Report (Alibaba, 2024), validation loss",independent_native_Q,1e+19,131072,1.1,-0.1,0.05,0,False,,,
"Qwen2 Technical Report (Alibaba, 2024), validation loss",independent_native_Q,1e+19,131072,1.1,0.0,-0.05,0,False,,,
"Qwen2 Technical Report (Alibaba, 2024), validation loss",independent_native_Q,1e+19,131072,1.1,0.0,0.0,0,False,,,
"Qwen2 Technical Report (Alibaba, 2024), validation loss",independent_native_Q,1e+19,131072,1.1,0.0,0.05,0,False,,,
"Qwen2 Technical Report (Alibaba, 2024), validation loss",independent_native_Q,1e+19,131072,1.1,0.1,-0.05,0,False,,,
"Qwen2 Technical Report (Alibaba, 2024), validation loss",independent_native_Q,1e+19,131072,1.1,0.1,0.0,0,False,,,
"Qwen2 Technical Report (Alibaba, 2024), validation loss",independent_native_Q,1e+19,131072,1.1,0.1,0.05,0,False,,,
"Qwen2 Technical Report (Alibaba, 2024), validation loss",independent_native_Q,1e+20,2048,0.9,-0.1,-0.05,3,True,logarithmic,True,1.7364810229669594
"Qwen2 Technical Report (Alibaba, 2024), validation loss",independent_native_Q,1e+20,2048,0.9,-0.1,0.0,3,True,logarithmic,True,1.6635918106719743
"Qwen2 Technical Report (Alibaba, 2024), validation loss",independent_native_Q,1e+20,2048,0.9,-0.1,0.05,3,True,logarithmic,True,1.5908527298848512
"Qwen2 Technical Report (Alibaba, 2024), validation loss",independent_native_Q,1e+20,2048,0.9,0.0,-0.05,3,True,logarithmic,True,1.5747472562561065
"Qwen2 Technical Report (Alibaba, 2024), validation loss",independent_native_Q,1e+20,2048,0.9,0.0,0.0,3,True,logarithmic,True,1.5026963593548146
"Qwen2 Technical Report (Alibaba, 2024), validation loss",independent_native_Q,1e+20,2048,0.9,0.0,0.05,3,True,logarithmic,True,1.4315770783123192
"Qwen2 Technical Report (Alibaba, 2024), validation loss",independent_native_Q,1e+20,2048,0.9,0.1,-0.05,3,True,logarithmic,True,1.4159293393668442
"Qwen2 Technical Report (Alibaba, 2024), validation loss",independent_native_Q,1e+20,2048,0.9,0.1,0.0,3,True,logarithmic,True,1.3463403858467586
"Qwen2 Technical Report (Alibaba, 2024), validation loss",independent_native_Q,1e+20,2048,0.9,0.1,0.05,3,True,logarithmic,True,1.278279447156505
"Qwen2 Technical Report (Alibaba, 2024), validation loss",independent_native_Q,1e+20,2048,1.0,-0.1,-0.05,3,True,logarithmic,True,1.494862490560294
"Qwen2 Technical Report (Alibaba, 2024), validation loss",independent_native_Q,1e+20,2048,1.0,-0.1,0.0,3,True,logarithmic,True,1.4109859086352188
"Qwen2 Technical Report (Alibaba, 2024), validation loss",independent_native_Q,1e+20,2048,1.0,-0.1,0.05,3,True,logarithmic,True,1.3295234522755681
"Qwen2 Technical Report (Alibaba, 2024), validation loss",independent_native_Q,1e+20,2048,1.0,0.0,-0.05,3,True,logarithmic,True,1.3295234522755681
"Qwen2 Technical Report (Alibaba, 2024), validation loss",independent_native_Q,1e+20,2048,1.0,0.0,0.0,3,True,logarithmic,True,1.250732295918409
"Qwen2 Technical Report (Alibaba, 2024), validation loss",independent_native_Q,1e+20,2048,1.0,0.0,0.05,3,True,logarithmic,True,1.174815030373038
"Qwen2 Technical Report (Alibaba, 2024), validation loss",independent_native_Q,1e+20,2048,1.0,0.1,-0.05,3,True,logarithmic,True,1.1748150303730487
"Qwen2 Technical Report (Alibaba, 2024), validation loss",independent_native_Q,1e+20,2048,1.0,0.1,0.0,3,True,logarithmic,True,1.101923914461615
"Qwen2 Technical Report (Alibaba, 2024), validation loss",independent_native_Q,1e+20,2048,1.0,0.1,0.05,3,True,logarithmic,True,1.032165466832188
"Qwen2 Technical Report (Alibaba, 2024), validation loss",independent_native_Q,1e+20,2048,1.1,-0.1,-0.05,3,True,logarithmic,True,1.2190148972758443
"Qwen2 Technical Report (Alibaba, 2024), validation loss",independent_native_Q,1e+20,2048,1.1,-0.1,0.0,3,True,logarithmic,True,1.13446709844788
"Qwen2 Technical Report (Alibaba, 2024), validation loss",independent_native_Q,1e+20,2048,1.1,-0.1,0.05,3,True,logarithmic,True,1.0541752891804705
"Qwen2 Technical Report (Alibaba, 2024), validation loss",independent_native_Q,1e+20,2048,1.1,0.0,-0.05,3,True,logarithmic,True,1.0684547175451335
"Qwen2 Technical Report (Alibaba, 2024), validation loss",independent_native_Q,1e+20,2048,1.1,0.0,0.0,3,True,logarithmic,True,0.9916772824311124
"Qwen2 Technical Report (Alibaba, 2024), validation loss",independent_native_Q,1e+20,2048,1.1,0.0,0.05,3,False,,,
"Qwen2 Technical Report (Alibaba, 2024), validation loss",independent_native_Q,1e+20,2048,1.1,0.1,-0.05,3,True,logarithmic,True,0.9320528345047574
"Qwen2 Technical Report (Alibaba, 2024), validation loss",independent_native_Q,1e+20,2048,1.1,0.1,0.0,3,False,,,
"Qwen2 Technical Report (Alibaba, 2024), validation loss",independent_native_Q,1e+20,2048,1.1,0.1,0.05,3,False,,,
"Qwen2 Technical Report (Alibaba, 2024), validation loss",independent_native_Q,1e+20,8192,0.9,-0.1,-0.05,3,True,logarithmic,True,1.6969281068590654
"Qwen2 Technical Report (Alibaba, 2024), validation loss",independent_native_Q,1e+20,8192,0.9,-0.1,0.0,3,True,logarithmic,True,1.62440804845615
"Qwen2 Technical Report (Alibaba, 2024), validation loss",independent_native_Q,1e+20,8192,0.9,-0.1,0.05,3,True,logarithmic,True,1.5522018323131235
"Qwen2 Technical Report (Alibaba, 2024), validation loss",independent_native_Q,1e+20,8192,0.9,0.0,-0.05,3,True,logarithmic,True,1.5362352471397607
"Qwen2 Technical Report (Alibaba, 2024), validation loss",independent_native_Q,1e+20,8192,0.9,0.0,0.0,3,True,logarithmic,True,1.4648934649328815
"Qwen2 Technical Report (Alibaba, 2024), validation loss",independent_native_Q,1e+20,8192,0.9,0.0,0.05,3,True,logarithmic,True,1.3946078340101664
"Qwen2 Technical Report (Alibaba, 2024), validation loss",independent_native_Q,1e+20,8192,0.9,0.1,-0.05,3,True,logarithmic,True,1.3791604969532525
"Qwen2 Technical Report (Alibaba, 2024), validation loss",independent_native_Q,1e+20,8192,0.9,0.1,0.0,3,True,logarithmic,True,1.3105337208395405
"Qwen2 Technical Report (Alibaba, 2024), validation loss",independent_native_Q,1e+20,8192,0.9,0.1,0.05,3,True,logarithmic,True,1.2435213800697795
"Qwen2 Technical Report (Alibaba, 2024), validation loss",independent_native_Q,1e+20,8192,1.0,-0.1,-0.05,3,True,logarithmic,True,1.4515015349401228
"Qwen2 Technical Report (Alibaba, 2024), validation loss",independent_native_Q,1e+20,8192,1.0,-0.1,0.0,3,True,logarithmic,True,1.3690277601660892
"Qwen2 Technical Report (Alibaba, 2024), validation loss",independent_native_Q,1e+20,8192,1.0,-0.1,0.05,3,True,logarithmic,True,1.2890732449470033
"Qwen2 Technical Report (Alibaba, 2024), validation loss",independent_native_Q,1e+20,8192,1.0,0.0,-0.05,3,True,logarithmic,True,1.2890732449469926
"Qwen2 Technical Report (Alibaba, 2024), validation loss",independent_native_Q,1e+20,8192,1.0,0.0,0.0,3,True,logarithmic,True,1.2118701031998445
"Qwen2 Technical Report (Alibaba, 2024), validation loss",independent_native_Q,1e+20,8192,1.0,0.0,0.05,3,True,logarithmic,True,1.137597892245319
"Qwen2 Technical Report (Alibaba, 2024), validation loss",independent_native_Q,1e+20,8192,1.0,0.1,-0.05,3,True,logarithmic,True,1.1375978922453154
"Qwen2 Technical Report (Alibaba, 2024), validation loss",independent_native_Q,1e+20,8192,1.0,0.1,0.0,3,True,logarithmic,True,1.0663880125240084
"Qwen2 Technical Report (Alibaba, 2024), validation loss",independent_native_Q,1e+20,8192,1.0,0.1,0.05,3,True,logarithmic,True,0.9983283673885506
"Qwen2 Technical Report (Alibaba, 2024), validation loss",independent_native_Q,1e+20,8192,1.1,-0.1,-0.05,3,True,logarithmic,True,1.1764641177965078
"Qwen2 Technical Report (Alibaba, 2024), validation loss",independent_native_Q,1e+20,8192,1.1,-0.1,0.0,3,True,logarithmic,True,1.0941361159987384
"Qwen2 Technical Report (Alibaba, 2024), validation loss",independent_native_Q,1e+20,8192,1.1,-0.1,0.05,3,True,logarithmic,True,1.016067271861715
"Qwen2 Technical Report (Alibaba, 2024), validation loss",independent_native_Q,1e+20,8192,1.1,0.0,-0.05,3,True,logarithmic,True,1.0299433551974282
"Qwen2 Technical Report (Alibaba, 2024), validation loss",independent_native_Q,1e+20,8192,1.1,0.0,0.0,3,True,logarithmic,True,0.9553745441054096
"Qwen2 Technical Report (Alibaba, 2024), validation loss",independent_native_Q,1e+20,8192,1.1,0.0,0.05,3,False,,,
"Qwen2 Technical Report (Alibaba, 2024), validation loss",independent_native_Q,1e+20,8192,1.1,0.1,-0.05,3,False,,,
"Qwen2 Technical Report (Alibaba, 2024), validation loss",independent_native_Q,1e+20,8192,1.1,0.1,0.0,3,False,,,
"Qwen2 Technical Report (Alibaba, 2024), validation loss",independent_native_Q,1e+20,8192,1.1,0.1,0.05,3,False,,,
"Qwen2 Technical Report (Alibaba, 2024), validation loss",independent_native_Q,1e+20,131072,0.9,-0.1,-0.05,3,False,,,
"Qwen2 Technical Report (Alibaba, 2024), validation loss",independent_native_Q,1e+20,131072,0.9,-0.1,0.0,3,False,,,
"Qwen2 Technical Report (Alibaba, 2024), validation loss",independent_native_Q,1e+20,131072,0.9,-0.1,0.05,3,False,,,
"Qwen2 Technical Report (Alibaba, 2024), validation loss",independent_native_Q,1e+20,131072,0.9,0.0,-0.05,3,False,,,
"Qwen2 Technical Report (Alibaba, 2024), validation loss",independent_native_Q,1e+20,131072,0.9,0.0,0.0,3,False,,,
"Qwen2 Technical Report (Alibaba, 2024), validation loss",independent_native_Q,1e+20,131072,0.9,0.0,0.05,3,False,,,
"Qwen2 Technical Report (Alibaba, 2024), validation loss",independent_native_Q,1e+20,131072,0.9,0.1,-0.05,3,False,,,
"Qwen2 Technical Report (Alibaba, 2024), validation loss",independent_native_Q,1e+20,131072,0.9,0.1,0.0,3,False,,,
"Qwen2 Technical Report (Alibaba, 2024), validation loss",independent_native_Q,1e+20,131072,0.9,0.1,0.05,3,False,,,
"Qwen2 Technical Report (Alibaba, 2024), validation loss",independent_native_Q,1e+20,131072,1.0,-0.1,-0.05,3,False,,,
"Qwen2 Technical Report (Alibaba, 2024), validation loss",independent_native_Q,1e+20,131072,1.0,-0.1,0.0,3,False,,,
"Qwen2 Technical Report (Alibaba, 2024), validation loss",independent_native_Q,1e+20,131072,1.0,-0.1,0.05,3,False,,,
"Qwen2 Technical Report (Alibaba, 2024), validation loss",independent_native_Q,1e+20,131072,1.0,0.0,-0.05,3,False,,,
"Qwen2 Technical Report (Alibaba, 2024), validation loss",independent_native_Q,1e+20,131072,1.0,0.0,0.0,3,False,,,
"Qwen2 Technical Report (Alibaba, 2024), validation loss",independent_native_Q,1e+20,131072,1.0,0.0,0.05,3,False,,,
"Qwen2 Technical Report (Alibaba, 2024), validation loss",independent_native_Q,1e+20,131072,1.0,0.1,-0.05,3,False,,,
"Qwen2 Technical Report (Alibaba, 2024), validation loss",independent_native_Q,1e+20,131072,1.0,0.1,0.0,3,False,,,
"Qwen2 Technical Report (Alibaba, 2024), validation loss",independent_native_Q,1e+20,131072,1.0,0.1,0.05,3,False,,,
"Qwen2 Technical Report (Alibaba, 2024), validation loss",independent_native_Q,1e+20,131072,1.1,-0.1,-0.05,3,False,,,
"Qwen2 Technical Report (Alibaba, 2024), validation loss",independent_native_Q,1e+20,131072,1.1,-0.1,0.0,3,False,,,
"Qwen2 Technical Report (Alibaba, 2024), validation loss",independent_native_Q,1e+20,131072,1.1,-0.1,0.05,3,False,,,
"Qwen2 Technical Report (Alibaba, 2024), validation loss",independent_native_Q,1e+20,131072,1.1,0.0,-0.05,3,False,,,
"Qwen2 Technical Report (Alibaba, 2024), validation loss",independent_native_Q,1e+20,131072,1.1,0.0,0.0,3,False,,,
"Qwen2 Technical Report (Alibaba, 2024), validation loss",independent_native_Q,1e+20,131072,1.1,0.0,0.05,3,False,,,
"Qwen2 Technical Report (Alibaba, 2024), validation loss",independent_native_Q,1e+20,131072,1.1,0.1,-0.05,3,False,,,
"Qwen2 Technical Report (Alibaba, 2024), validation loss",independent_native_Q,1e+20,131072,1.1,0.1,0.0,3,False,,,
"Qwen2 Technical Report (Alibaba, 2024), validation loss",independent_native_Q,1e+20,131072,1.1,0.1,0.05,3,False,,,
"Qwen2 Technical Report (Alibaba, 2024), validation loss",independent_native_Q,1e+22,2048,0.9,-0.1,-0.05,3,False,,,
"Qwen2 Technical Report (Alibaba, 2024), validation loss",independent_native_Q,1e+22,2048,0.9,-0.1,0.0,3,False,,,
"Qwen2 Technical Report (Alibaba, 2024), validation loss",independent_native_Q,1e+22,2048,0.9,-0.1,0.05,3,False,,,
"Qwen2 Technical Report (Alibaba, 2024), validation loss",independent_native_Q,1e+22,2048,0.9,0.0,-0.05,3,False,,,
"Qwen2 Technical Report (Alibaba, 2024), validation loss",independent_native_Q,1e+22,2048,0.9,0.0,0.0,3,False,,,
"Qwen2 Technical Report (Alibaba, 2024), validation loss",independent_native_Q,1e+22,2048,0.9,0.0,0.05,3,False,,,
"Qwen2 Technical Report (Alibaba, 2024), validation loss",independent_native_Q,1e+22,2048,0.9,0.1,-0.05,3,False,,,
"Qwen2 Technical Report (Alibaba, 2024), validation loss",independent_native_Q,1e+22,2048,0.9,0.1,0.0,3,True,logarithmic,True,0.18831377641573965
"Qwen2 Technical Report (Alibaba, 2024), validation loss",independent_native_Q,1e+22,2048,0.9,0.1,0.05,3,True,logarithmic,True,0.18207575304830215
"Qwen2 Technical Report (Alibaba, 2024), validation loss",independent_native_Q,1e+22,2048,1.0,-0.1,-0.05,3,False,,,
"Qwen2 Technical Report (Alibaba, 2024), validation loss",independent_native_Q,1e+22,2048,1.0,-0.1,0.0,3,True,logarithmic,True,0.2091003122325823
"Qwen2 Technical Report (Alibaba, 2024), validation loss",independent_native_Q,1e+22,2048,1.0,-0.1,0.05,3,True,logarithmic,True,0.20138102970814842
"Qwen2 Technical Report (Alibaba, 2024), validation loss",independent_native_Q,1e+22,2048,1.0,0.0,-0.05,3,True,logarithmic,True,0.20138102970815197
"Qwen2 Technical Report (Alibaba, 2024), validation loss",independent_native_Q,1e+22,2048,1.0,0.0,0.0,3,True,logarithmic,True,0.193427318571473
"Qwen2 Technical Report (Alibaba, 2024), validation loss",independent_native_Q,1e+22,2048,1.0,0.0,0.05,3,True,logarithmic,True,0.1853098103061548
"Qwen2 Technical Report (Alibaba, 2024), validation loss",independent_native_Q,1e+22,2048,1.0,0.1,-0.05,3,True,logarithmic,True,0.1853098103061548
"Qwen2 Technical Report (Alibaba, 2024), validation loss",independent_native_Q,1e+22,2048,1.0,0.1,0.0,3,True,logarithmic,True,0.17709539744707925
"Qwen2 Technical Report (Alibaba, 2024), validation loss",independent_native_Q,1e+22,2048,1.0,0.1,0.05,3,True,logarithmic,True,0.16884642885917245
"Qwen2 Technical Report (Alibaba, 2024), validation loss",independent_native_Q,1e+22,2048,1.1,-0.1,-0.05,3,True,logarithmic,True,0.20457697216482273
"Qwen2 Technical Report (Alibaba, 2024), validation loss",independent_native_Q,1e+22,2048,1.1,-0.1,0.0,3,True,logarithmic,True,0.19464074864815117
"Qwen2 Technical Report (Alibaba, 2024), validation loss",independent_native_Q,1e+22,2048,1.1,-0.1,0.05,3,True,logarithmic,True,0.18465985170664467
"Qwen2 Technical Report (Alibaba, 2024), validation loss",independent_native_Q,1e+22,2048,1.1,0.0,-0.05,3,True,logarithmic,True,0.18647401595781332
"Qwen2 Technical Report (Alibaba, 2024), validation loss",independent_native_Q,1e+22,2048,1.1,0.0,0.0,3,True,logarithmic,True,0.17651884803315454
"Qwen2 Technical Report (Alibaba, 2024), validation loss",independent_native_Q,1e+22,2048,1.1,0.0,0.05,3,True,logarithmic,True,0.1666635995027157
"Qwen2 Technical Report (Alibaba, 2024), validation loss",independent_native_Q,1e+22,2048,1.1,0.1,-0.05,3,True,logarithmic,True,0.16844490498847975
"Qwen2 Technical Report (Alibaba, 2024), validation loss",independent_native_Q,1e+22,2048,1.1,0.1,0.0,3,True,logarithmic,True,0.1587213373373224
"Qwen2 Technical Report (Alibaba, 2024), validation loss",independent_native_Q,1e+22,2048,1.1,0.1,0.05,3,True,logarithmic,True,0.14921168318473477
"Qwen2 Technical Report (Alibaba, 2024), validation loss",independent_native_Q,1e+22,8192,0.9,-0.1,-0.05,3,False,,,
"Qwen2 Technical Report (Alibaba, 2024), validation loss",independent_native_Q,1e+22,8192,0.9,-0.1,0.0,3,False,,,
"Qwen2 Technical Report (Alibaba, 2024), validation loss",independent_native_Q,1e+22,8192,0.9,-0.1,0.05,3,False,,,
"Qwen2 Technical Report (Alibaba, 2024), validation loss",independent_native_Q,1e+22,8192,0.9,0.0,-0.05,3,False,,,
"Qwen2 Technical Report (Alibaba, 2024), validation loss",independent_native_Q,1e+22,8192,0.9,0.0,0.0,3,False,,,
"Qwen2 Technical Report (Alibaba, 2024), validation loss",independent_native_Q,1e+22,8192,0.9,0.0,0.05,3,False,,,
"Qwen2 Technical Report (Alibaba, 2024), validation loss",independent_native_Q,1e+22,8192,0.9,0.1,-0.05,3,False,,,
"Qwen2 Technical Report (Alibaba, 2024), validation loss",independent_native_Q,1e+22,8192,0.9,0.1,0.0,3,True,logarithmic,True,0.1761599643124967
"Qwen2 Technical Report (Alibaba, 2024), validation loss",independent_native_Q,1e+22,8192,0.9,0.1,0.05,3,True,logarithmic,True,0.1702399459729662
"Qwen2 Technical Report (Alibaba, 2024), validation loss",independent_native_Q,1e+22,8192,1.0,-0.1,-0.05,3,False,,,
"Qwen2 Technical Report (Alibaba, 2024), validation loss",independent_native_Q,1e+22,8192,1.0,-0.1,0.0,3,True,logarithmic,True,0.19544117413540008
"Qwen2 Technical Report (Alibaba, 2024), validation loss",independent_native_Q,1e+22,8192,1.0,-0.1,0.05,3,True,logarithmic,True,0.18811107471890764
"Qwen2 Technical Report (Alibaba, 2024), validation loss",independent_native_Q,1e+22,8192,1.0,0.0,-0.05,3,True,logarithmic,True,0.18811107471890764
"Qwen2 Technical Report (Alibaba, 2024), validation loss",independent_native_Q,1e+22,8192,1.0,0.0,0.0,3,True,logarithmic,True,0.18057526763954357
"Qwen2 Technical Report (Alibaba, 2024), validation loss",independent_native_Q,1e+22,8192,1.0,0.0,0.05,3,True,logarithmic,True,0.1728995992139417
"Qwen2 Technical Report (Alibaba, 2024), validation loss",independent_native_Q,1e+22,8192,1.0,0.1,-0.05,3,True,logarithmic,True,0.1728995992139417
"Qwen2 Technical Report (Alibaba, 2024), validation loss",independent_native_Q,1e+22,8192,1.0,0.1,0.0,3,True,logarithmic,True,0.1651462052249144
"Qwen2 Technical Report (Alibaba, 2024), validation loss",independent_native_Q,1e+22,8192,1.0,0.1,0.05,3,True,logarithmic,True,0.15737279545309235
"Qwen2 Technical Report (Alibaba, 2024), validation loss",independent_native_Q,1e+22,8192,1.1,-0.1,-0.05,3,True,logarithmic,True,0.1906943397582488
"Qwen2 Technical Report (Alibaba, 2024), validation loss",independent_native_Q,1e+22,8192,1.1,-0.1,0.0,3,True,logarithmic,True,0.18131390500787248
"Qwen2 Technical Report (Alibaba, 2024), validation loss",independent_native_Q,1e+22,8192,1.1,-0.1,0.05,3,True,logarithmic,True,0.1719096935614246
"Qwen2 Technical Report (Alibaba, 2024), validation loss",independent_native_Q,1e+22,8192,1.1,0.0,-0.05,3,True,logarithmic,True,0.17361775642075372
"Qwen2 Technical Report (Alibaba, 2024), validation loss",independent_native_Q,1e+22,8192,1.1,0.0,0.0,3,True,logarithmic,True,0.1642514057592983
"Qwen2 Technical Report (Alibaba, 2024), validation loss",independent_native_Q,1e+22,8192,1.1,0.0,0.05,3,True,logarithmic,True,0.1549940801340739
"Qwen2 Technical Report (Alibaba, 2024), validation loss",independent_native_Q,1e+22,8192,1.1,0.1,-0.05,3,True,logarithmic,True,0.1566662650094166
"Qwen2 Technical Report (Alibaba, 2024), validation loss",independent_native_Q,1e+22,8192,1.1,0.1,0.0,3,True,logarithmic,True,0.1475437092460119
"Qwen2 Technical Report (Alibaba, 2024), validation loss",independent_native_Q,1e+22,8192,1.1,0.1,0.05,3,True,logarithmic,True,0.13863398319972653
"Qwen2 Technical Report (Alibaba, 2024), validation loss",independent_native_Q,1e+22,131072,0.9,-0.1,-0.05,3,False,,,
"Qwen2 Technical Report (Alibaba, 2024), validation loss",independent_native_Q,1e+22,131072,0.9,-0.1,0.0,3,False,,,
"Qwen2 Technical Report (Alibaba, 2024), validation loss",independent_native_Q,1e+22,131072,0.9,-0.1,0.05,3,False,,,
"Qwen2 Technical Report (Alibaba, 2024), validation loss",independent_native_Q,1e+22,131072,0.9,0.0,-0.05,3,False,,,
"Qwen2 Technical Report (Alibaba, 2024), validation loss",independent_native_Q,1e+22,131072,0.9,0.0,0.0,3,True,logarithmic,True,0.10612333451560474
"Qwen2 Technical Report (Alibaba, 2024), validation loss",independent_native_Q,1e+22,131072,0.9,0.0,0.05,3,True,logarithmic,True,0.10258226578320873
"Qwen2 Technical Report (Alibaba, 2024), validation loss",independent_native_Q,1e+22,131072,0.9,0.1,-0.05,3,True,logarithmic,True,0.10178122730904349
"Qwen2 Technical Report (Alibaba, 2024), validation loss",independent_native_Q,1e+22,131072,0.9,0.1,0.0,3,True,logarithmic,True,0.09812504267684474
"Qwen2 Technical Report (Alibaba, 2024), validation loss",independent_native_Q,1e+22,131072,0.9,0.1,0.05,3,True,logarithmic,True,0.0944037089906331
"Qwen2 Technical Report (Alibaba, 2024), validation loss",independent_native_Q,1e+22,131072,1.0,-0.1,-0.05,3,True,logarithmic,True,0.11241217718644592
"Qwen2 Technical Report (Alibaba, 2024), validation loss",independent_native_Q,1e+22,131072,1.0,-0.1,0.0,3,True,logarithmic,True,0.10787791891788245
"Qwen2 Technical Report (Alibaba, 2024), validation loss",independent_native_Q,1e+22,131072,1.0,-0.1,0.05,3,True,logarithmic,True,0.10326395136838684
"Qwen2 Technical Report (Alibaba, 2024), validation loss",independent_native_Q,1e+22,131072,1.0,0.0,-0.05,3,True,logarithmic,True,0.10326395136838329
"Qwen2 Technical Report (Alibaba, 2024), validation loss",independent_native_Q,1e+22,131072,1.0,0.0,0.0,3,True,logarithmic,True,0.09860729491594356
"Qwen2 Technical Report (Alibaba, 2024), validation loss",independent_native_Q,1e+22,131072,1.0,0.0,0.05,3,True,logarithmic,True,0.09394227295302571
"Qwen2 Technical Report (Alibaba, 2024), validation loss",independent_native_Q,1e+22,131072,1.0,0.1,-0.05,3,True,logarithmic,True,0.09394227295302571
"Qwen2 Technical Report (Alibaba, 2024), validation loss",independent_native_Q,1e+22,131072,1.0,0.1,0.0,3,True,logarithmic,True,0.08930020796379523
"Qwen2 Technical Report (Alibaba, 2024), validation loss",independent_native_Q,1e+22,131072,1.0,0.1,0.05,3,True,logarithmic,True,0.08470922472999476
"Qwen2 Technical Report (Alibaba, 2024), validation loss",independent_native_Q,1e+22,131072,1.1,-0.1,-0.05,3,True,logarithmic,True,0.10255988291846663
"Qwen2 Technical Report (Alibaba, 2024), validation loss",independent_native_Q,1e+22,131072,1.1,-0.1,0.0,3,True,logarithmic,True,0.09695312686702806
"Qwen2 Technical Report (Alibaba, 2024), validation loss",independent_native_Q,1e+22,131072,1.1,-0.1,0.05,3,True,logarithmic,True,0.09142301383103302
"Qwen2 Technical Report (Alibaba, 2024), validation loss",independent_native_Q,1e+22,131072,1.1,0.0,-0.05,3,True,logarithmic,True,0.09242114439958726
"Qwen2 Technical Report (Alibaba, 2024), validation loss",independent_native_Q,1e+22,131072,1.1,0.0,0.0,3,True,logarithmic,True,0.08697992881091565
"Qwen2 Technical Report (Alibaba, 2024), validation loss",independent_native_Q,1e+22,131072,1.1,0.0,0.05,3,True,logarithmic,True,0.08167483866546199
"Qwen2 Technical Report (Alibaba, 2024), validation loss",independent_native_Q,1e+22,131072,1.1,0.1,-0.05,3,True,logarithmic,True,0.08262806491651453
"Qwen2 Technical Report (Alibaba, 2024), validation loss",independent_native_Q,1e+22,131072,1.1,0.1,0.0,3,True,logarithmic,True,0.07745343767396129
"Qwen2 Technical Report (Alibaba, 2024), validation loss",independent_native_Q,1e+22,131072,1.1,0.1,0.05,3,True,logarithmic,True,0.07245735201881587
"Qwen2 Technical Report (Alibaba, 2024), validation loss",independent_native_Q,1e+24,2048,0.9,-0.1,-0.05,3,False,,,
"Qwen2 Technical Report (Alibaba, 2024), validation loss",independent_native_Q,1e+24,2048,0.9,-0.1,0.0,3,False,,,
"Qwen2 Technical Report (Alibaba, 2024), validation loss",independent_native_Q,1e+24,2048,0.9,-0.1,0.05,3,False,,,
"Qwen2 Technical Report (Alibaba, 2024), validation loss",independent_native_Q,1e+24,2048,0.9,0.0,-0.05,3,False,,,
"Qwen2 Technical Report (Alibaba, 2024), validation loss",independent_native_Q,1e+24,2048,0.9,0.0,0.0,3,False,,,
"Qwen2 Technical Report (Alibaba, 2024), validation loss",independent_native_Q,1e+24,2048,0.9,0.0,0.05,3,False,,,
"Qwen2 Technical Report (Alibaba, 2024), validation loss",independent_native_Q,1e+24,2048,0.9,0.1,-0.05,3,False,,,
"Qwen2 Technical Report (Alibaba, 2024), validation loss",independent_native_Q,1e+24,2048,0.9,0.1,0.0,3,False,,,
"Qwen2 Technical Report (Alibaba, 2024), validation loss",independent_native_Q,1e+24,2048,0.9,0.1,0.05,3,True,exponential;power;logarithmic,False,0.0
"Qwen2 Technical Report (Alibaba, 2024), validation loss",independent_native_Q,1e+24,2048,1.0,-0.1,-0.05,3,False,,,
"Qwen2 Technical Report (Alibaba, 2024), validation loss",independent_native_Q,1e+24,2048,1.0,-0.1,0.0,3,False,,,
"Qwen2 Technical Report (Alibaba, 2024), validation loss",independent_native_Q,1e+24,2048,1.0,-0.1,0.05,3,True,exponential;power;logarithmic,False,0.0
"Qwen2 Technical Report (Alibaba, 2024), validation loss",independent_native_Q,1e+24,2048,1.0,0.0,-0.05,3,True,exponential;power;logarithmic,False,0.0
"Qwen2 Technical Report (Alibaba, 2024), validation loss",independent_native_Q,1e+24,2048,1.0,0.0,0.0,3,True,exponential;power;logarithmic,False,0.0
"Qwen2 Technical Report (Alibaba, 2024), validation loss",independent_native_Q,1e+24,2048,1.0,0.0,0.05,3,True,exponential;power;logarithmic,False,0.0
"Qwen2 Technical Report (Alibaba, 2024), validation loss",independent_native_Q,1e+24,2048,1.0,0.1,-0.05,3,True,exponential;power;logarithmic,False,0.0
"Qwen2 Technical Report (Alibaba, 2024), validation loss",independent_native_Q,1e+24,2048,1.0,0.1,0.0,3,True,exponential;power;logarithmic,False,0.0
"Qwen2 Technical Report (Alibaba, 2024), validation loss",independent_native_Q,1e+24,2048,1.0,0.1,0.05,3,True,exponential;power;logarithmic,False,0.0
"Qwen2 Technical Report (Alibaba, 2024), validation loss",independent_native_Q,1e+24,2048,1.1,-0.1,-0.05,3,True,exponential;power;logarithmic,False,0.0
"Qwen2 Technical Report (Alibaba, 2024), validation loss",independent_native_Q,1e+24,2048,1.1,-0.1,0.0,3,True,exponential;power;logarithmic,False,0.0
"Qwen2 Technical Report (Alibaba, 2024), validation loss",independent_native_Q,1e+24,2048,1.1,-0.1,0.05,3,True,exponential;power;logarithmic,False,0.0
"Qwen2 Technical Report (Alibaba, 2024), validation loss",independent_native_Q,1e+24,2048,1.1,0.0,-0.05,3,True,exponential;power;logarithmic,False,0.0
"Qwen2 Technical Report (Alibaba, 2024), validation loss",independent_native_Q,1e+24,2048,1.1,0.0,0.0,3,True,exponential;power;logarithmic,False,0.0
"Qwen2 Technical Report (Alibaba, 2024), validation loss",independent_native_Q,1e+24,2048,1.1,0.0,0.05,3,True,exponential;power;logarithmic,False,0.0
"Qwen2 Technical Report (Alibaba, 2024), validation loss",independent_native_Q,1e+24,2048,1.1,0.1,-0.05,3,True,exponential;power;logarithmic,False,0.0
"Qwen2 Technical Report (Alibaba, 2024), validation loss",independent_native_Q,1e+24,2048,1.1,0.1,0.0,3,True,exponential;power;logarithmic,False,0.0
"Qwen2 Technical Report (Alibaba, 2024), validation loss",independent_native_Q,1e+24,2048,1.1,0.1,0.05,3,True,exponential;power;logarithmic,False,0.0
"Qwen2 Technical Report (Alibaba, 2024), validation loss",independent_native_Q,1e+24,8192,0.9,-0.1,-0.05,3,False,,,
"Qwen2 Technical Report (Alibaba, 2024), validation loss",independent_native_Q,1e+24,8192,0.9,-0.1,0.0,3,False,,,
"Qwen2 Technical Report (Alibaba, 2024), validation loss",independent_native_Q,1e+24,8192,0.9,-0.1,0.05,3,False,,,
"Qwen2 Technical Report (Alibaba, 2024), validation loss",independent_native_Q,1e+24,8192,0.9,0.0,-0.05,3,False,,,
"Qwen2 Technical Report (Alibaba, 2024), validation loss",independent_native_Q,1e+24,8192,0.9,0.0,0.0,3,False,,,
"Qwen2 Technical Report (Alibaba, 2024), validation loss",independent_native_Q,1e+24,8192,0.9,0.0,0.05,3,False,,,
"Qwen2 Technical Report (Alibaba, 2024), validation loss",independent_native_Q,1e+24,8192,0.9,0.1,-0.05,3,False,,,
"Qwen2 Technical Report (Alibaba, 2024), validation loss",independent_native_Q,1e+24,8192,0.9,0.1,0.0,3,False,,,
"Qwen2 Technical Report (Alibaba, 2024), validation loss",independent_native_Q,1e+24,8192,0.9,0.1,0.05,3,True,exponential;power;logarithmic,False,0.0
"Qwen2 Technical Report (Alibaba, 2024), validation loss",independent_native_Q,1e+24,8192,1.0,-0.1,-0.05,3,False,,,
"Qwen2 Technical Report (Alibaba, 2024), validation loss",independent_native_Q,1e+24,8192,1.0,-0.1,0.0,3,False,,,
"Qwen2 Technical Report (Alibaba, 2024), validation loss",independent_native_Q,1e+24,8192,1.0,-0.1,0.05,3,True,exponential;power;logarithmic,False,0.0
"Qwen2 Technical Report (Alibaba, 2024), validation loss",independent_native_Q,1e+24,8192,1.0,0.0,-0.05,3,True,exponential;power;logarithmic,False,0.0
"Qwen2 Technical Report (Alibaba, 2024), validation loss",independent_native_Q,1e+24,8192,1.0,0.0,0.0,3,True,exponential;power;logarithmic,False,0.0
"Qwen2 Technical Report (Alibaba, 2024), validation loss",independent_native_Q,1e+24,8192,1.0,0.0,0.05,3,True,exponential;power;logarithmic,False,0.0
"Qwen2 Technical Report (Alibaba, 2024), validation loss",independent_native_Q,1e+24,8192,1.0,0.1,-0.05,3,True,exponential;power;logarithmic,False,0.0
"Qwen2 Technical Report (Alibaba, 2024), validation loss",independent_native_Q,1e+24,8192,1.0,0.1,0.0,3,True,exponential;power;logarithmic,False,0.0
"Qwen2 Technical Report (Alibaba, 2024), validation loss",independent_native_Q,1e+24,8192,1.0,0.1,0.05,3,True,exponential;power;logarithmic,False,0.0
"Qwen2 Technical Report (Alibaba, 2024), validation loss",independent_native_Q,1e+24,8192,1.1,-0.1,-0.05,3,True,exponential;power;logarithmic,False,0.0
"Qwen2 Technical Report (Alibaba, 2024), validation loss",independent_native_Q,1e+24,8192,1.1,-0.1,0.0,3,True,exponential;power;logarithmic,False,0.0
"Qwen2 Technical Report (Alibaba, 2024), validation loss",independent_native_Q,1e+24,8192,1.1,-0.1,0.05,3,True,exponential;power;logarithmic,False,0.0
"Qwen2 Technical Report (Alibaba, 2024), validation loss",independent_native_Q,1e+24,8192,1.1,0.0,-0.05,3,True,exponential;power;logarithmic,False,0.0
"Qwen2 Technical Report (Alibaba, 2024), validation loss",independent_native_Q,1e+24,8192,1.1,0.0,0.0,3,True,exponential;power;logarithmic,False,0.0
"Qwen2 Technical Report (Alibaba, 2024), validation loss",independent_native_Q,1e+24,8192,1.1,0.0,0.05,3,True,exponential;power;logarithmic,False,0.0
"Qwen2 Technical Report (Alibaba, 2024), validation loss",independent_native_Q,1e+24,8192,1.1,0.1,-0.05,3,True,exponential;power;logarithmic,False,0.0
"Qwen2 Technical Report (Alibaba, 2024), validation loss",independent_native_Q,1e+24,8192,1.1,0.1,0.0,3,True,exponential;power;logarithmic,False,0.0
"Qwen2 Technical Report (Alibaba, 2024), validation loss",independent_native_Q,1e+24,8192,1.1,0.1,0.05,3,True,exponential;power;logarithmic,False,0.0
"Qwen2 Technical Report (Alibaba, 2024), validation loss",independent_native_Q,1e+24,131072,0.9,-0.1,-0.05,3,False,,,
"Qwen2 Technical Report (Alibaba, 2024), validation loss",independent_native_Q,1e+24,131072,0.9,-0.1,0.0,3,False,,,
"Qwen2 Technical Report (Alibaba, 2024), validation loss",independent_native_Q,1e+24,131072,0.9,-0.1,0.05,3,False,,,
"Qwen2 Technical Report (Alibaba, 2024), validation loss",independent_native_Q,1e+24,131072,0.9,0.0,-0.05,3,False,,,
"Qwen2 Technical Report (Alibaba, 2024), validation loss",independent_native_Q,1e+24,131072,0.9,0.0,0.0,3,False,,,
"Qwen2 Technical Report (Alibaba, 2024), validation loss",independent_native_Q,1e+24,131072,0.9,0.0,0.05,3,False,,,
"Qwen2 Technical Report (Alibaba, 2024), validation loss",independent_native_Q,1e+24,131072,0.9,0.1,-0.05,3,False,,,
"Qwen2 Technical Report (Alibaba, 2024), validation loss",independent_native_Q,1e+24,131072,0.9,0.1,0.0,3,False,,,
"Qwen2 Technical Report (Alibaba, 2024), validation loss",independent_native_Q,1e+24,131072,0.9,0.1,0.05,3,True,exponential;power;logarithmic,False,0.0
"Qwen2 Technical Report (Alibaba, 2024), validation loss",independent_native_Q,1e+24,131072,1.0,-0.1,-0.05,3,False,,,
"Qwen2 Technical Report (Alibaba, 2024), validation loss",independent_native_Q,1e+24,131072,1.0,-0.1,0.0,3,False,,,
"Qwen2 Technical Report (Alibaba, 2024), validation loss",independent_native_Q,1e+24,131072,1.0,-0.1,0.05,3,True,exponential;power;logarithmic,False,0.0
"Qwen2 Technical Report (Alibaba, 2024), validation loss",independent_native_Q,1e+24,131072,1.0,0.0,-0.05,3,True,exponential;power;logarithmic,False,0.0
"Qwen2 Technical Report (Alibaba, 2024), validation loss",independent_native_Q,1e+24,131072,1.0,0.0,0.0,3,True,exponential;power;logarithmic,False,0.0
"Qwen2 Technical Report (Alibaba, 2024), validation loss",independent_native_Q,1e+24,131072,1.0,0.0,0.05,3,True,exponential;power;logarithmic,False,0.0
"Qwen2 Technical Report (Alibaba, 2024), validation loss",independent_native_Q,1e+24,131072,1.0,0.1,-0.05,3,True,exponential;power;logarithmic,False,0.0
"Qwen2 Technical Report (Alibaba, 2024), validation loss",independent_native_Q,1e+24,131072,1.0,0.1,0.0,3,True,exponential;power;logarithmic,False,0.0
"Qwen2 Technical Report (Alibaba, 2024), validation loss",independent_native_Q,1e+24,131072,1.0,0.1,0.05,3,True,exponential;power;logarithmic,False,0.0
"Qwen2 Technical Report (Alibaba, 2024), validation loss",independent_native_Q,1e+24,131072,1.1,-0.1,-0.05,3,True,exponential;power;logarithmic,False,0.0
"Qwen2 Technical Report (Alibaba, 2024), validation loss",independent_native_Q,1e+24,131072,1.1,-0.1,0.0,3,True,exponential;power;logarithmic,False,0.0
"Qwen2 Technical Report (Alibaba, 2024), validation loss",independent_native_Q,1e+24,131072,1.1,-0.1,0.05,3,True,exponential;power;logarithmic,False,0.0
"Qwen2 Technical Report (Alibaba, 2024), validation loss",independent_native_Q,1e+24,131072,1.1,0.0,-0.05,3,True,exponential;power;logarithmic,False,0.0
"Qwen2 Technical Report (Alibaba, 2024), validation loss",independent_native_Q,1e+24,131072,1.1,0.0,0.0,3,True,exponential;power;logarithmic,False,0.0
"Qwen2 Technical Report (Alibaba, 2024), validation loss",independent_native_Q,1e+24,131072,1.1,0.0,0.05,3,True,exponential;power;logarithmic,False,0.0
"Qwen2 Technical Report (Alibaba, 2024), validation loss",independent_native_Q,1e+24,131072,1.1,0.1,-0.05,3,True,exponential;power;logarithmic,False,0.0
"Qwen2 Technical Report (Alibaba, 2024), validation loss",independent_native_Q,1e+24,131072,1.1,0.1,0.0,3,True,exponential;power;logarithmic,False,0.0
"Qwen2 Technical Report (Alibaba, 2024), validation loss",independent_native_Q,1e+24,131072,1.1,0.1,0.05,3,True,exponential;power;logarithmic,False,0.0
"Qwen2 Technical Report (Alibaba, 2024), validation loss",observed_joint_recipe,1e+19,2048,0.9,-0.1,-0.05,3,False,,,
"Qwen2 Technical Report (Alibaba, 2024), validation loss",observed_joint_recipe,1e+19,2048,0.9,-0.1,0.0,3,False,,,
"Qwen2 Technical Report (Alibaba, 2024), validation loss",observed_joint_recipe,1e+19,2048,0.9,-0.1,0.05,3,False,,,
"Qwen2 Technical Report (Alibaba, 2024), validation loss",observed_joint_recipe,1e+19,2048,0.9,0.0,-0.05,3,False,,,
"Qwen2 Technical Report (Alibaba, 2024), validation loss",observed_joint_recipe,1e+19,2048,0.9,0.0,0.0,3,False,,,
"Qwen2 Technical Report (Alibaba, 2024), validation loss",observed_joint_recipe,1e+19,2048,0.9,0.0,0.05,3,False,,,
"Qwen2 Technical Report (Alibaba, 2024), validation loss",observed_joint_recipe,1e+19,2048,0.9,0.1,-0.05,3,False,,,
"Qwen2 Technical Report (Alibaba, 2024), validation loss",observed_joint_recipe,1e+19,2048,0.9,0.1,0.0,3,False,,,
"Qwen2 Technical Report (Alibaba, 2024), validation loss",observed_joint_recipe,1e+19,2048,0.9,0.1,0.05,3,False,,,
"Qwen2 Technical Report (Alibaba, 2024), validation loss",observed_joint_recipe,1e+19,2048,1.0,-0.1,-0.05,3,False,,,
"Qwen2 Technical Report (Alibaba, 2024), validation loss",observed_joint_recipe,1e+19,2048,1.0,-0.1,0.0,3,False,,,
"Qwen2 Technical Report (Alibaba, 2024), validation loss",observed_joint_recipe,1e+19,2048,1.0,-0.1,0.05,3,False,,,
"Qwen2 Technical Report (Alibaba, 2024), validation loss",observed_joint_recipe,1e+19,2048,1.0,0.0,-0.05,3,False,,,
"Qwen2 Technical Report (Alibaba, 2024), validation loss",observed_joint_recipe,1e+19,2048,1.0,0.0,0.0,3,False,,,
"Qwen2 Technical Report (Alibaba, 2024), validation loss",observed_joint_recipe,1e+19,2048,1.0,0.0,0.05,3,False,,,
"Qwen2 Technical Report (Alibaba, 2024), validation loss",observed_joint_recipe,1e+19,2048,1.0,0.1,-0.05,3,False,,,
"Qwen2 Technical Report (Alibaba, 2024), validation loss",observed_joint_recipe,1e+19,2048,1.0,0.1,0.0,3,False,,,
"Qwen2 Technical Report (Alibaba, 2024), validation loss",observed_joint_recipe,1e+19,2048,1.0,0.1,0.05,3,False,,,
"Qwen2 Technical Report (Alibaba, 2024), validation loss",observed_joint_recipe,1e+19,2048,1.1,-0.1,-0.05,3,False,,,
"Qwen2 Technical Report (Alibaba, 2024), validation loss",observed_joint_recipe,1e+19,2048,1.1,-0.1,0.0,3,False,,,
"Qwen2 Technical Report (Alibaba, 2024), validation loss",observed_joint_recipe,1e+19,2048,1.1,-0.1,0.05,3,False,,,
"Qwen2 Technical Report (Alibaba, 2024), validation loss",observed_joint_recipe,1e+19,2048,1.1,0.0,-0.05,3,False,,,
"Qwen2 Technical Report (Alibaba, 2024), validation loss",observed_joint_recipe,1e+19,2048,1.1,0.0,0.0,3,False,,,
"Qwen2 Technical Report (Alibaba, 2024), validation loss",observed_joint_recipe,1e+19,2048,1.1,0.0,0.05,3,False,,,
"Qwen2 Technical Report (Alibaba, 2024), validation loss",observed_joint_recipe,1e+19,2048,1.1,0.1,-0.05,3,False,,,
"Qwen2 Technical Report (Alibaba, 2024), validation loss",observed_joint_recipe,1e+19,2048,1.1,0.1,0.0,3,False,,,
"Qwen2 Technical Report (Alibaba, 2024), validation loss",observed_joint_recipe,1e+19,2048,1.1,0.1,0.05,3,False,,,
"Qwen2 Technical Report (Alibaba, 2024), validation loss",observed_joint_recipe,1e+19,8192,0.9,-0.1,-0.05,3,False,,,
"Qwen2 Technical Report (Alibaba, 2024), validation loss",observed_joint_recipe,1e+19,8192,0.9,-0.1,0.0,3,False,,,
"Qwen2 Technical Report (Alibaba, 2024), validation loss",observed_joint_recipe,1e+19,8192,0.9,-0.1,0.05,3,False,,,
"Qwen2 Technical Report (Alibaba, 2024), validation loss",observed_joint_recipe,1e+19,8192,0.9,0.0,-0.05,3,False,,,
"Qwen2 Technical Report (Alibaba, 2024), validation loss",observed_joint_recipe,1e+19,8192,0.9,0.0,0.0,3,False,,,
"Qwen2 Technical Report (Alibaba, 2024), validation loss",observed_joint_recipe,1e+19,8192,0.9,0.0,0.05,3,False,,,
"Qwen2 Technical Report (Alibaba, 2024), validation loss",observed_joint_recipe,1e+19,8192,0.9,0.1,-0.05,3,False,,,
"Qwen2 Technical Report (Alibaba, 2024), validation loss",observed_joint_recipe,1e+19,8192,0.9,0.1,0.0,3,False,,,
"Qwen2 Technical Report (Alibaba, 2024), validation loss",observed_joint_recipe,1e+19,8192,0.9,0.1,0.05,3,False,,,
"Qwen2 Technical Report (Alibaba, 2024), validation loss",observed_joint_recipe,1e+19,8192,1.0,-0.1,-0.05,3,False,,,
"Qwen2 Technical Report (Alibaba, 2024), validation loss",observed_joint_recipe,1e+19,8192,1.0,-0.1,0.0,3,False,,,
"Qwen2 Technical Report (Alibaba, 2024), validation loss",observed_joint_recipe,1e+19,8192,1.0,-0.1,0.05,3,False,,,
"Qwen2 Technical Report (Alibaba, 2024), validation loss",observed_joint_recipe,1e+19,8192,1.0,0.0,-0.05,3,False,,,
"Qwen2 Technical Report (Alibaba, 2024), validation loss",observed_joint_recipe,1e+19,8192,1.0,0.0,0.0,3,False,,,
"Qwen2 Technical Report (Alibaba, 2024), validation loss",observed_joint_recipe,1e+19,8192,1.0,0.0,0.05,3,False,,,
"Qwen2 Technical Report (Alibaba, 2024), validation loss",observed_joint_recipe,1e+19,8192,1.0,0.1,-0.05,3,False,,,
"Qwen2 Technical Report (Alibaba, 2024), validation loss",observed_joint_recipe,1e+19,8192,1.0,0.1,0.0,3,False,,,
"Qwen2 Technical Report (Alibaba, 2024), validation loss",observed_joint_recipe,1e+19,8192,1.0,0.1,0.05,3,False,,,
"Qwen2 Technical Report (Alibaba, 2024), validation loss",observed_joint_recipe,1e+19,8192,1.1,-0.1,-0.05,3,False,,,
"Qwen2 Technical Report (Alibaba, 2024), validation loss",observed_joint_recipe,1e+19,8192,1.1,-0.1,0.0,3,False,,,
"Qwen2 Technical Report (Alibaba, 2024), validation loss",observed_joint_recipe,1e+19,8192,1.1,-0.1,0.05,3,False,,,
"Qwen2 Technical Report (Alibaba, 2024), validation loss",observed_joint_recipe,1e+19,8192,1.1,0.0,-0.05,3,False,,,
"Qwen2 Technical Report (Alibaba, 2024), validation loss",observed_joint_recipe,1e+19,8192,1.1,0.0,0.0,3,False,,,
"Qwen2 Technical Report (Alibaba, 2024), validation loss",observed_joint_recipe,1e+19,8192,1.1,0.0,0.05,3,False,,,
"Qwen2 Technical Report (Alibaba, 2024), validation loss",observed_joint_recipe,1e+19,8192,1.1,0.1,-0.05,3,False,,,
"Qwen2 Technical Report (Alibaba, 2024), validation loss",observed_joint_recipe,1e+19,8192,1.1,0.1,0.0,3,False,,,
"Qwen2 Technical Report (Alibaba, 2024), validation loss",observed_joint_recipe,1e+19,8192,1.1,0.1,0.05,3,False,,,
"Qwen2 Technical Report (Alibaba, 2024), validation loss",observed_joint_recipe,1e+19,131072,0.9,-0.1,-0.05,0,False,,,
"Qwen2 Technical Report (Alibaba, 2024), validation loss",observed_joint_recipe,1e+19,131072,0.9,-0.1,0.0,0,False,,,
"Qwen2 Technical Report (Alibaba, 2024), validation loss",observed_joint_recipe,1e+19,131072,0.9,-0.1,0.05,0,False,,,
"Qwen2 Technical Report (Alibaba, 2024), validation loss",observed_joint_recipe,1e+19,131072,0.9,0.0,-0.05,0,False,,,
"Qwen2 Technical Report (Alibaba, 2024), validation loss",observed_joint_recipe,1e+19,131072,0.9,0.0,0.0,0,False,,,
"Qwen2 Technical Report (Alibaba, 2024), validation loss",observed_joint_recipe,1e+19,131072,0.9,0.0,0.05,0,False,,,
"Qwen2 Technical Report (Alibaba, 2024), validation loss",observed_joint_recipe,1e+19,131072,0.9,0.1,-0.05,0,False,,,
"Qwen2 Technical Report (Alibaba, 2024), validation loss",observed_joint_recipe,1e+19,131072,0.9,0.1,0.0,0,False,,,
"Qwen2 Technical Report (Alibaba, 2024), validation loss",observed_joint_recipe,1e+19,131072,0.9,0.1,0.05,0,False,,,
"Qwen2 Technical Report (Alibaba, 2024), validation loss",observed_joint_recipe,1e+19,131072,1.0,-0.1,-0.05,0,False,,,
"Qwen2 Technical Report (Alibaba, 2024), validation loss",observed_joint_recipe,1e+19,131072,1.0,-0.1,0.0,0,False,,,
"Qwen2 Technical Report (Alibaba, 2024), validation loss",observed_joint_recipe,1e+19,131072,1.0,-0.1,0.05,0,False,,,
"Qwen2 Technical Report (Alibaba, 2024), validation loss",observed_joint_recipe,1e+19,131072,1.0,0.0,-0.05,0,False,,,
"Qwen2 Technical Report (Alibaba, 2024), validation loss",observed_joint_recipe,1e+19,131072,1.0,0.0,0.0,0,False,,,
"Qwen2 Technical Report (Alibaba, 2024), validation loss",observed_joint_recipe,1e+19,131072,1.0,0.0,0.05,0,False,,,
"Qwen2 Technical Report (Alibaba, 2024), validation loss",observed_joint_recipe,1e+19,131072,1.0,0.1,-0.05,0,False,,,
"Qwen2 Technical Report (Alibaba, 2024), validation loss",observed_joint_recipe,1e+19,131072,1.0,0.1,0.0,0,False,,,
"Qwen2 Technical Report (Alibaba, 2024), validation loss",observed_joint_recipe,1e+19,131072,1.0,0.1,0.05,0,False,,,
"Qwen2 Technical Report (Alibaba, 2024), validation loss",observed_joint_recipe,1e+19,131072,1.1,-0.1,-0.05,0,False,,,
"Qwen2 Technical Report (Alibaba, 2024), validation loss",observed_joint_recipe,1e+19,131072,1.1,-0.1,0.0,0,False,,,
"Qwen2 Technical Report (Alibaba, 2024), validation loss",observed_joint_recipe,1e+19,131072,1.1,-0.1,0.05,0,False,,,
"Qwen2 Technical Report (Alibaba, 2024), validation loss",observed_joint_recipe,1e+19,131072,1.1,0.0,-0.05,0,False,,,
"Qwen2 Technical Report (Alibaba, 2024), validation loss",observed_joint_recipe,1e+19,131072,1.1,0.0,0.0,0,False,,,
"Qwen2 Technical Report (Alibaba, 2024), validation loss",observed_joint_recipe,1e+19,131072,1.1,0.0,0.05,0,False,,,
"Qwen2 Technical Report (Alibaba, 2024), validation loss",observed_joint_recipe,1e+19,131072,1.1,0.1,-0.05,0,False,,,
"Qwen2 Technical Report (Alibaba, 2024), validation loss",observed_joint_recipe,1e+19,131072,1.1,0.1,0.0,0,False,,,
"Qwen2 Technical Report (Alibaba, 2024), validation loss",observed_joint_recipe,1e+19,131072,1.1,0.1,0.05,0,False,,,
"Qwen2 Technical Report (Alibaba, 2024), validation loss",observed_joint_recipe,1e+20,2048,0.9,-0.1,-0.05,3,True,exponential,True,0.21013570435735573
"Qwen2 Technical Report (Alibaba, 2024), validation loss",observed_joint_recipe,1e+20,2048,0.9,-0.1,0.0,3,True,exponential,True,0.20076374280010967
"Qwen2 Technical Report (Alibaba, 2024), validation loss",observed_joint_recipe,1e+20,2048,0.9,-0.1,0.05,3,True,exponential,True,0.19148265544257725
"Qwen2 Technical Report (Alibaba, 2024), validation loss",observed_joint_recipe,1e+20,2048,0.9,0.0,-0.05,3,True,exponential,True,0.18943676291335976
"Qwen2 Technical Report (Alibaba, 2024), validation loss",observed_joint_recipe,1e+20,2048,0.9,0.0,0.0,3,True,exponential,True,0.1803220724774448
"Qwen2 Technical Report (Alibaba, 2024), validation loss",observed_joint_recipe,1e+20,2048,0.9,0.0,0.05,3,True,exponential,True,0.1713829789719643
"Qwen2 Technical Report (Alibaba, 2024), validation loss",observed_joint_recipe,1e+20,2048,0.9,0.1,-0.05,3,True,exponential,True,0.16942350633043546
"Qwen2 Technical Report (Alibaba, 2024), validation loss",observed_joint_recipe,1e+20,2048,0.9,0.1,0.0,3,True,exponential,True,0.16073979313363473
"Qwen2 Technical Report (Alibaba, 2024), validation loss",observed_joint_recipe,1e+20,2048,0.9,0.1,0.05,3,True,exponential,True,0.15229287894189802
"Qwen2 Technical Report (Alibaba, 2024), validation loss",observed_joint_recipe,1e+20,2048,1.0,-0.1,-0.05,3,True,exponential,True,0.17687163591112842
"Qwen2 Technical Report (Alibaba, 2024), validation loss",observed_joint_recipe,1e+20,2048,1.0,-0.1,0.0,3,True,exponential,True,0.16651691806924518
"Qwen2 Technical Report (Alibaba, 2024), validation loss",observed_joint_recipe,1e+20,2048,1.0,-0.1,0.05,3,True,exponential,True,0.15652196620743553
"Qwen2 Technical Report (Alibaba, 2024), validation loss",observed_joint_recipe,1e+20,2048,1.0,0.0,-0.05,3,True,exponential,True,0.15652196620742487
"Qwen2 Technical Report (Alibaba, 2024), validation loss",observed_joint_recipe,1e+20,2048,1.0,0.0,0.0,3,True,exponential,True,0.14690953337095358
"Qwen2 Technical Report (Alibaba, 2024), validation loss",observed_joint_recipe,1e+20,2048,1.0,0.0,0.05,3,True,exponential,True,0.1376961652666715
"Qwen2 Technical Report (Alibaba, 2024), validation loss",observed_joint_recipe,1e+20,2048,1.0,0.1,-0.05,3,True,exponential,True,0.13769616526667328
"Qwen2 Technical Report (Alibaba, 2024), validation loss",observed_joint_recipe,1e+20,2048,1.0,0.1,0.0,3,True,exponential,True,0.1288928084680787
"Qwen2 Technical Report (Alibaba, 2024), validation loss",observed_joint_recipe,1e+20,2048,1.0,0.1,0.05,3,True,exponential,True,0.12050542951408438
"Qwen2 Technical Report (Alibaba, 2024), validation loss",observed_joint_recipe,1e+20,2048,1.1,-0.1,-0.05,3,True,exponential,True,0.1411801041454055
"Qwen2 Technical Report (Alibaba, 2024), validation loss",observed_joint_recipe,1e+20,2048,1.1,-0.1,0.0,3,True,exponential,True,0.13108886907019013
"Qwen2 Technical Report (Alibaba, 2024), validation loss",observed_joint_recipe,1e+20,2048,1.1,-0.1,0.05,3,True,exponential,True,0.12155319184596003
"Qwen2 Technical Report (Alibaba, 2024), validation loss",observed_joint_recipe,1e+20,2048,1.1,0.0,-0.05,3,True,exponential,True,0.12324574838104319
"Qwen2 Technical Report (Alibaba, 2024), validation loss",observed_joint_recipe,1e+20,2048,1.1,0.0,0.0,3,False,,,
"Qwen2 Technical Report (Alibaba, 2024), validation loss",observed_joint_recipe,1e+20,2048,1.1,0.0,0.05,3,False,,,
"Qwen2 Technical Report (Alibaba, 2024), validation loss",observed_joint_recipe,1e+20,2048,1.1,0.1,-0.05,3,False,,,
"Qwen2 Technical Report (Alibaba, 2024), validation loss",observed_joint_recipe,1e+20,2048,1.1,0.1,0.0,3,False,,,
"Qwen2 Technical Report (Alibaba, 2024), validation loss",observed_joint_recipe,1e+20,2048,1.1,0.1,0.05,3,False,,,
"Qwen2 Technical Report (Alibaba, 2024), validation loss",observed_joint_recipe,1e+20,8192,0.9,-0.1,-0.05,3,True,exponential,True,0.19457205438772363
"Qwen2 Technical Report (Alibaba, 2024), validation loss",observed_joint_recipe,1e+20,8192,0.9,-0.1,0.0,3,True,exponential,True,0.18573653753203345
"Qwen2 Technical Report (Alibaba, 2024), validation loss",observed_joint_recipe,1e+20,8192,0.9,-0.1,0.05,3,True,exponential,True,0.17700675214909012
"Qwen2 Technical Report (Alibaba, 2024), validation loss",observed_joint_recipe,1e+20,8192,0.9,0.0,-0.05,3,True,exponential,True,0.17508493480502096
"Qwen2 Technical Report (Alibaba, 2024), validation loss",observed_joint_recipe,1e+20,8192,0.9,0.0,0.0,3,True,exponential,True,0.16653367382171957
"Qwen2 Technical Report (Alibaba, 2024), validation loss",observed_joint_recipe,1e+20,8192,0.9,0.0,0.05,3,True,exponential,True,0.15816333682762007
"Qwen2 Technical Report (Alibaba, 2024), validation loss",observed_joint_recipe,1e+20,8192,0.9,0.1,-0.05,3,True,exponential,True,0.15633058974318814
"Qwen2 Technical Report (Alibaba, 2024), validation loss",observed_joint_recipe,1e+20,8192,0.9,0.1,0.0,3,True,exponential,True,0.1482170256308759
"Qwen2 Technical Report (Alibaba, 2024), validation loss",observed_joint_recipe,1e+20,8192,0.9,0.1,0.05,3,True,exponential,True,0.14033762055397503
"Qwen2 Technical Report (Alibaba, 2024), validation loss",observed_joint_recipe,1e+20,8192,1.0,-0.1,-0.05,3,True,exponential,True,0.1625902348974151
"Qwen2 Technical Report (Alibaba, 2024), validation loss",observed_joint_recipe,1e+20,8192,1.0,-0.1,0.0,3,True,exponential,True,0.15295147785801433
"Qwen2 Technical Report (Alibaba, 2024), validation loss",observed_joint_recipe,1e+20,8192,1.0,-0.1,0.05,3,True,exponential,True,0.1436646734976108
"Qwen2 Technical Report (Alibaba, 2024), validation loss",observed_joint_recipe,1e+20,8192,1.0,0.0,-0.05,3,True,exponential,True,0.1436646734976108
"Qwen2 Technical Report (Alibaba, 2024), validation loss",observed_joint_recipe,1e+20,8192,1.0,0.0,0.0,3,True,exponential,True,0.13474840441336688
"Qwen2 Technical Report (Alibaba, 2024), validation loss",observed_joint_recipe,1e+20,8192,1.0,0.0,0.05,3,True,exponential,True,0.12621565706552573
"Qwen2 Technical Report (Alibaba, 2024), validation loss",observed_joint_recipe,1e+20,8192,1.0,0.1,-0.05,3,True,exponential,True,0.12621565706553284
"Qwen2 Technical Report (Alibaba, 2024), validation loss",observed_joint_recipe,1e+20,8192,1.0,0.1,0.0,3,True,exponential,True,0.1180744048889455
"Qwen2 Technical Report (Alibaba, 2024), validation loss",observed_joint_recipe,1e+20,8192,1.0,0.1,0.05,3,True,exponential,True,0.11032819333331645
"Qwen2 Technical Report (Alibaba, 2024), validation loss",observed_joint_recipe,1e+20,8192,1.1,-0.1,-0.05,3,True,exponential,True,0.12889805310772218
"Qwen2 Technical Report (Alibaba, 2024), validation loss",observed_joint_recipe,1e+20,8192,1.1,-0.1,0.0,3,True,exponential,True,0.11960307692844374
"Qwen2 Technical Report (Alibaba, 2024), validation loss",observed_joint_recipe,1e+20,8192,1.1,-0.1,0.05,3,True,exponential,True,0.11083273158701079
"Qwen2 Technical Report (Alibaba, 2024), validation loss",observed_joint_recipe,1e+20,8192,1.1,0.0,-0.05,3,True,exponential,True,0.11238854555782307
"Qwen2 Technical Report (Alibaba, 2024), validation loss",observed_joint_recipe,1e+20,8192,1.1,0.0,0.0,3,False,,,
"Qwen2 Technical Report (Alibaba, 2024), validation loss",observed_joint_recipe,1e+20,8192,1.1,0.0,0.05,3,False,,,
"Qwen2 Technical Report (Alibaba, 2024), validation loss",observed_joint_recipe,1e+20,8192,1.1,0.1,-0.05,3,False,,,
"Qwen2 Technical Report (Alibaba, 2024), validation loss",observed_joint_recipe,1e+20,8192,1.1,0.1,0.0,3,False,,,
"Qwen2 Technical Report (Alibaba, 2024), validation loss",observed_joint_recipe,1e+20,8192,1.1,0.1,0.05,3,False,,,
"Qwen2 Technical Report (Alibaba, 2024), validation loss",observed_joint_recipe,1e+20,131072,0.9,-0.1,-0.05,3,False,,,
"Qwen2 Technical Report (Alibaba, 2024), validation loss",observed_joint_recipe,1e+20,131072,0.9,-0.1,0.0,3,False,,,
"Qwen2 Technical Report (Alibaba, 2024), validation loss",observed_joint_recipe,1e+20,131072,0.9,-0.1,0.05,3,False,,,
"Qwen2 Technical Report (Alibaba, 2024), validation loss",observed_joint_recipe,1e+20,131072,0.9,0.0,-0.05,3,False,,,
"Qwen2 Technical Report (Alibaba, 2024), validation loss",observed_joint_recipe,1e+20,131072,0.9,0.0,0.0,3,False,,,
"Qwen2 Technical Report (Alibaba, 2024), validation loss",observed_joint_recipe,1e+20,131072,0.9,0.0,0.05,3,False,,,
"Qwen2 Technical Report (Alibaba, 2024), validation loss",observed_joint_recipe,1e+20,131072,0.9,0.1,-0.05,3,False,,,
"Qwen2 Technical Report (Alibaba, 2024), validation loss",observed_joint_recipe,1e+20,131072,0.9,0.1,0.0,3,False,,,
"Qwen2 Technical Report (Alibaba, 2024), validation loss",observed_joint_recipe,1e+20,131072,0.9,0.1,0.05,3,False,,,
"Qwen2 Technical Report (Alibaba, 2024), validation loss",observed_joint_recipe,1e+20,131072,1.0,-0.1,-0.05,3,False,,,
"Qwen2 Technical Report (Alibaba, 2024), validation loss",observed_joint_recipe,1e+20,131072,1.0,-0.1,0.0,3,False,,,
"Qwen2 Technical Report (Alibaba, 2024), validation loss",observed_joint_recipe,1e+20,131072,1.0,-0.1,0.05,3,False,,,
"Qwen2 Technical Report (Alibaba, 2024), validation loss",observed_joint_recipe,1e+20,131072,1.0,0.0,-0.05,3,False,,,
"Qwen2 Technical Report (Alibaba, 2024), validation loss",observed_joint_recipe,1e+20,131072,1.0,0.0,0.0,3,False,,,
"Qwen2 Technical Report (Alibaba, 2024), validation loss",observed_joint_recipe,1e+20,131072,1.0,0.0,0.05,3,False,,,
"Qwen2 Technical Report (Alibaba, 2024), validation loss",observed_joint_recipe,1e+20,131072,1.0,0.1,-0.05,3,False,,,
"Qwen2 Technical Report (Alibaba, 2024), validation loss",observed_joint_recipe,1e+20,131072,1.0,0.1,0.0,3,False,,,
"Qwen2 Technical Report (Alibaba, 2024), validation loss",observed_joint_recipe,1e+20,131072,1.0,0.1,0.05,3,False,,,
"Qwen2 Technical Report (Alibaba, 2024), validation loss",observed_joint_recipe,1e+20,131072,1.1,-0.1,-0.05,3,False,,,
"Qwen2 Technical Report (Alibaba, 2024), validation loss",observed_joint_recipe,1e+20,131072,1.1,-0.1,0.0,3,False,,,
"Qwen2 Technical Report (Alibaba, 2024), validation loss",observed_joint_recipe,1e+20,131072,1.1,-0.1,0.05,3,False,,,
"Qwen2 Technical Report (Alibaba, 2024), validation loss",observed_joint_recipe,1e+20,131072,1.1,0.0,-0.05,3,False,,,
"Qwen2 Technical Report (Alibaba, 2024), validation loss",observed_joint_recipe,1e+20,131072,1.1,0.0,0.0,3,False,,,
"Qwen2 Technical Report (Alibaba, 2024), validation loss",observed_joint_recipe,1e+20,131072,1.1,0.0,0.05,3,False,,,
"Qwen2 Technical Report (Alibaba, 2024), validation loss",observed_joint_recipe,1e+20,131072,1.1,0.1,-0.05,3,False,,,
"Qwen2 Technical Report (Alibaba, 2024), validation loss",observed_joint_recipe,1e+20,131072,1.1,0.1,0.0,3,False,,,
"Qwen2 Technical Report (Alibaba, 2024), validation loss",observed_joint_recipe,1e+20,131072,1.1,0.1,0.05,3,False,,,
"Qwen2 Technical Report (Alibaba, 2024), validation loss",observed_joint_recipe,1e+22,2048,0.9,-0.1,-0.05,3,False,,,
"Qwen2 Technical Report (Alibaba, 2024), validation loss",observed_joint_recipe,1e+22,2048,0.9,-0.1,0.0,3,False,,,
"Qwen2 Technical Report (Alibaba, 2024), validation loss",observed_joint_recipe,1e+22,2048,0.9,-0.1,0.05,3,False,,,
"Qwen2 Technical Report (Alibaba, 2024), validation loss",observed_joint_recipe,1e+22,2048,0.9,0.0,-0.05,3,False,,,
"Qwen2 Technical Report (Alibaba, 2024), validation loss",observed_joint_recipe,1e+22,2048,0.9,0.0,0.0,3,False,,,
"Qwen2 Technical Report (Alibaba, 2024), validation loss",observed_joint_recipe,1e+22,2048,0.9,0.0,0.05,3,True,exponential,True,0.01683731359365126
"Qwen2 Technical Report (Alibaba, 2024), validation loss",observed_joint_recipe,1e+22,2048,0.9,0.1,-0.05,3,True,exponential,True,0.016713211511625303
"Qwen2 Technical Report (Alibaba, 2024), validation loss",observed_joint_recipe,1e+22,2048,0.9,0.1,0.0,3,True,exponential,True,0.01614420002257333
"Qwen2 Technical Report (Alibaba, 2024), validation loss",observed_joint_recipe,1e+22,2048,0.9,0.1,0.05,3,True,exponential,True,0.015561081214070072
"Qwen2 Technical Report (Alibaba, 2024), validation loss",observed_joint_recipe,1e+22,2048,1.0,-0.1,-0.05,3,True,exponential,True,0.018527768031852077
"Qwen2 Technical Report (Alibaba, 2024), validation loss",observed_joint_recipe,1e+22,2048,1.0,-0.1,0.0,3,True,exponential,True,0.017822898963267164
"Qwen2 Technical Report (Alibaba, 2024), validation loss",observed_joint_recipe,1e+22,2048,1.0,-0.1,0.05,3,True,exponential,True,0.017099707133120035
"Qwen2 Technical Report (Alibaba, 2024), validation loss",observed_joint_recipe,1e+22,2048,1.0,0.0,-0.05,3,True,exponential,True,0.017099707133109376
"Qwen2 Technical Report (Alibaba, 2024), validation loss",observed_joint_recipe,1e+22,2048,1.0,0.0,0.0,3,True,exponential,True,0.016364416086986466
"Qwen2 Technical Report (Alibaba, 2024), validation loss",observed_joint_recipe,1e+22,2048,1.0,0.0,0.05,3,True,exponential,True,0.015622879219463925
"Qwen2 Technical Report (Alibaba, 2024), validation loss",observed_joint_recipe,1e+22,2048,1.0,0.1,-0.05,3,True,exponential,True,0.015622879219463925
"Qwen2 Technical Report (Alibaba, 2024), validation loss",observed_joint_recipe,1e+22,2048,1.0,0.1,0.0,3,True,exponential,True,0.014880515197091881
"Qwen2 Technical Report (Alibaba, 2024), validation loss",observed_joint_recipe,1e+22,2048,1.0,0.1,0.05,3,True,exponential,True,0.014142261285368107
"Qwen2 Technical Report (Alibaba, 2024), validation loss",observed_joint_recipe,1e+22,2048,1.1,-0.1,-0.05,3,True,exponential,True,0.017135079130515152
"Qwen2 Technical Report (Alibaba, 2024), validation loss",observed_joint_recipe,1e+22,2048,1.1,-0.1,0.0,3,True,exponential,True,0.016237139533856748
"Qwen2 Technical Report (Alibaba, 2024), validation loss",observed_joint_recipe,1e+22,2048,1.1,-0.1,0.05,3,True,exponential,True,0.01534565546543476
"Qwen2 Technical Report (Alibaba, 2024), validation loss",observed_joint_recipe,1e+22,2048,1.1,0.0,-0.05,3,True,exponential,True,0.015506967241570635
"Qwen2 Technical Report (Alibaba, 2024), validation loss",observed_joint_recipe,1e+22,2048,1.1,0.0,0.0,3,True,exponential,True,0.014625502713823124
"Qwen2 Technical Report (Alibaba, 2024), validation loss",observed_joint_recipe,1e+22,2048,1.1,0.0,0.05,3,True,exponential,True,0.013761351111870823
"Qwen2 Technical Report (Alibaba, 2024), validation loss",observed_joint_recipe,1e+22,2048,1.1,0.1,-0.05,3,True,exponential,True,0.01391695523508929
"Qwen2 Technical Report (Alibaba, 2024), validation loss",observed_joint_recipe,1e+22,2048,1.1,0.1,0.0,3,True,exponential,True,0.013070561619169752
"Qwen2 Technical Report (Alibaba, 2024), validation loss",observed_joint_recipe,1e+22,2048,1.1,0.1,0.05,3,True,exponential,True,0.012249558734721333
"Qwen2 Technical Report (Alibaba, 2024), validation loss",observed_joint_recipe,1e+22,8192,0.9,-0.1,-0.05,3,False,,,
"Qwen2 Technical Report (Alibaba, 2024), validation loss",observed_joint_recipe,1e+22,8192,0.9,-0.1,0.0,3,False,,,
"Qwen2 Technical Report (Alibaba, 2024), validation loss",observed_joint_recipe,1e+22,8192,0.9,-0.1,0.05,3,False,,,
"Qwen2 Technical Report (Alibaba, 2024), validation loss",observed_joint_recipe,1e+22,8192,0.9,0.0,-0.05,3,False,,,
"Qwen2 Technical Report (Alibaba, 2024), validation loss",observed_joint_recipe,1e+22,8192,0.9,0.0,0.0,3,False,,,
"Qwen2 Technical Report (Alibaba, 2024), validation loss",observed_joint_recipe,1e+22,8192,0.9,0.0,0.05,3,True,exponential,True,0.015680399654620203
"Qwen2 Technical Report (Alibaba, 2024), validation loss",observed_joint_recipe,1e+22,8192,0.9,0.1,-0.05,3,True,exponential,True,0.015562747307598102
"Qwen2 Technical Report (Alibaba, 2024), validation loss",observed_joint_recipe,1e+22,8192,0.9,0.1,0.0,3,True,exponential,True,0.015024064342018306
"Qwen2 Technical Report (Alibaba, 2024), validation loss",observed_joint_recipe,1e+22,8192,0.9,0.1,0.05,3,True,exponential,True,0.014473189760419558
"Qwen2 Technical Report (Alibaba, 2024), validation loss",observed_joint_recipe,1e+22,8192,1.0,-0.1,-0.05,3,True,exponential,True,0.017233930963957533
"Qwen2 Technical Report (Alibaba, 2024), validation loss",observed_joint_recipe,1e+22,8192,1.0,-0.1,0.0,3,True,exponential,True,0.016566308729611734
"Qwen2 Technical Report (Alibaba, 2024), validation loss",observed_joint_recipe,1e+22,8192,1.0,-0.1,0.05,3,True,exponential,True,0.01588307852940929
"Qwen2 Technical Report (Alibaba, 2024), validation loss",observed_joint_recipe,1e+22,8192,1.0,0.0,-0.05,3,True,exponential,True,0.015883078529419947
"Qwen2 Technical Report (Alibaba, 2024), validation loss",observed_joint_recipe,1e+22,8192,1.0,0.0,0.0,3,True,exponential,True,0.015190001712348078
"Qwen2 Technical Report (Alibaba, 2024), validation loss",observed_joint_recipe,1e+22,8192,1.0,0.0,0.05,3,True,exponential,True,0.014492473707861109
"Qwen2 Technical Report (Alibaba, 2024), validation loss",observed_joint_recipe,1e+22,8192,1.0,0.1,-0.05,3,True,exponential,True,0.014492473707857556
"Qwen2 Technical Report (Alibaba, 2024), validation loss",observed_joint_recipe,1e+22,8192,1.0,0.1,0.0,3,True,exponential,True,0.01379546794403197
"Qwen2 Technical Report (Alibaba, 2024), validation loss",observed_joint_recipe,1e+22,8192,1.0,0.1,0.05,3,True,exponential,True,0.013103496400070469
"Qwen2 Technical Report (Alibaba, 2024), validation loss",observed_joint_recipe,1e+22,8192,1.1,-0.1,-0.05,3,True,exponential,True,0.015873909942630604
"Qwen2 Technical Report (Alibaba, 2024), validation loss",observed_joint_recipe,1e+22,8192,1.1,-0.1,0.0,3,True,exponential,True,0.015031110314492224
"Qwen2 Technical Report (Alibaba, 2024), validation loss",observed_joint_recipe,1e+22,8192,1.1,-0.1,0.05,3,True,exponential,True,0.014196059110307857
"Qwen2 Technical Report (Alibaba, 2024), validation loss",observed_joint_recipe,1e+22,8192,1.1,0.0,-0.05,3,True,exponential,True,0.014347041667143401
"Qwen2 Technical Report (Alibaba, 2024), validation loss",observed_joint_recipe,1e+22,8192,1.1,0.0,0.0,3,True,exponential,True,0.013522622836248388
"Qwen2 Technical Report (Alibaba, 2024), validation loss",observed_joint_recipe,1e+22,8192,1.1,0.0,0.05,3,True,exponential,True,0.012715764522575057
"Qwen2 Technical Report (Alibaba, 2024), validation loss",observed_joint_recipe,1e+22,8192,1.1,0.1,-0.05,3,True,exponential,True,0.012860956560150072
"Qwen2 Technical Report (Alibaba, 2024), validation loss",observed_joint_recipe,1e+22,8192,1.1,0.1,0.0,3,True,exponential,True,0.012071684491420598
"Qwen2 Technical Report (Alibaba, 2024), validation loss",observed_joint_recipe,1e+22,8192,1.1,0.1,0.05,3,True,exponential,True,0.01130718543928566
"Qwen2 Technical Report (Alibaba, 2024), validation loss",observed_joint_recipe,1e+22,131072,0.9,-0.1,-0.05,3,False,,,
"Qwen2 Technical Report (Alibaba, 2024), validation loss",observed_joint_recipe,1e+22,131072,0.9,-0.1,0.0,3,False,,,
"Qwen2 Technical Report (Alibaba, 2024), validation loss",observed_joint_recipe,1e+22,131072,0.9,-0.1,0.05,3,True,exponential,True,0.009243223258078359
"Qwen2 Technical Report (Alibaba, 2024), validation loss",observed_joint_recipe,1e+22,131072,0.9,0.0,-0.05,3,True,exponential,True,0.00917274562441861
"Qwen2 Technical Report (Alibaba, 2024), validation loss",observed_joint_recipe,1e+22,131072,0.9,0.0,0.0,3,True,exponential,True,0.008850463837628553
"Qwen2 Technical Report (Alibaba, 2024), validation loss",observed_joint_recipe,1e+22,131072,0.9,0.0,0.05,3,True,exponential,True,0.008521514424650434
"Qwen2 Technical Report (Alibaba, 2024), validation loss",observed_joint_recipe,1e+22,131072,0.9,0.1,-0.05,3,True,exponential,True,0.008447737717418136
"Qwen2 Technical Report (Alibaba, 2024), validation loss",observed_joint_recipe,1e+22,131072,0.9,0.1,0.0,3,True,exponential,True,0.008113681594281275
"Qwen2 Technical Report (Alibaba, 2024), validation loss",observed_joint_recipe,1e+22,131072,0.9,0.1,0.05,3,True,exponential,True,0.007777782276043865
"Qwen2 Technical Report (Alibaba, 2024), validation loss",observed_joint_recipe,1e+22,131072,1.0,-0.1,-0.05,3,True,exponential,True,0.00924836641511817
"Qwen2 Technical Report (Alibaba, 2024), validation loss",observed_joint_recipe,1e+22,131072,1.0,-0.1,0.0,3,True,exponential,True,0.00883469525363978
"Qwen2 Technical Report (Alibaba, 2024), validation loss",observed_joint_recipe,1e+22,131072,1.0,-0.1,0.05,3,True,exponential,True,0.00841980783037144
"Qwen2 Technical Report (Alibaba, 2024), validation loss",observed_joint_recipe,1e+22,131072,1.0,0.0,-0.05,3,True,exponential,True,0.008419807830382098
"Qwen2 Technical Report (Alibaba, 2024), validation loss",observed_joint_recipe,1e+22,131072,1.0,0.0,0.0,3,True,exponential,True,0.008006533575120045
"Qwen2 Technical Report (Alibaba, 2024), validation loss",observed_joint_recipe,1e+22,131072,1.0,0.0,0.05,3,True,exponential,True,0.007597419774935332
"Qwen2 Technical Report (Alibaba, 2024), validation loss",observed_joint_recipe,1e+22,131072,1.0,0.1,-0.05,3,True,exponential,True,0.007597419774935332
"Qwen2 Technical Report (Alibaba, 2024), validation loss",observed_joint_recipe,1e+22,131072,1.0,0.1,0.0,3,True,exponential,True,0.007194721459953257
"Qwen2 Technical Report (Alibaba, 2024), validation loss",observed_joint_recipe,1e+22,131072,1.0,0.1,0.05,3,True,exponential,True,0.00680039917076769
"Qwen2 Technical Report (Alibaba, 2024), validation loss",observed_joint_recipe,1e+22,131072,1.1,-0.1,-0.05,3,True,exponential,True,0.008207616510933491
"Qwen2 Technical Report (Alibaba, 2024), validation loss",observed_joint_recipe,1e+22,131072,1.1,-0.1,0.0,3,True,exponential,True,0.007724017204488121
"Qwen2 Technical Report (Alibaba, 2024), validation loss",observed_joint_recipe,1e+22,131072,1.1,-0.1,0.05,3,True,exponential,True,0.007252575012623552
"Qwen2 Technical Report (Alibaba, 2024), validation loss",observed_joint_recipe,1e+22,131072,1.1,0.0,-0.05,3,True,exponential,True,0.00733728032448866
"Qwen2 Technical Report (Alibaba, 2024), validation loss",observed_joint_recipe,1e+22,131072,1.1,0.0,0.0,3,True,exponential,True,0.006877474934599448
"Qwen2 Technical Report (Alibaba, 2024), validation loss",observed_joint_recipe,1e+22,131072,1.1,0.0,0.05,3,True,exponential,True,0.006433581182639259
"Qwen2 Technical Report (Alibaba, 2024), validation loss",observed_joint_recipe,1e+22,131072,1.1,0.1,-0.05,3,True,exponential,True,0.006513034116714778
"Qwen2 Technical Report (Alibaba, 2024), validation loss",observed_joint_recipe,1e+22,131072,1.1,0.1,0.0,3,True,exponential,True,0.006083269314416384
"Qwen2 Technical Report (Alibaba, 2024), validation loss",observed_joint_recipe,1e+22,131072,1.1,0.1,0.05,3,True,exponential,True,0.005671801682872513
"Qwen2 Technical Report (Alibaba, 2024), validation loss",observed_joint_recipe,1e+24,2048,0.9,-0.1,-0.05,3,False,,,
"Qwen2 Technical Report (Alibaba, 2024), validation loss",observed_joint_recipe,1e+24,2048,0.9,-0.1,0.0,3,False,,,
"Qwen2 Technical Report (Alibaba, 2024), validation loss",observed_joint_recipe,1e+24,2048,0.9,-0.1,0.05,3,False,,,
"Qwen2 Technical Report (Alibaba, 2024), validation loss",observed_joint_recipe,1e+24,2048,0.9,0.0,-0.05,3,False,,,
"Qwen2 Technical Report (Alibaba, 2024), validation loss",observed_joint_recipe,1e+24,2048,0.9,0.0,0.0,3,False,,,
"Qwen2 Technical Report (Alibaba, 2024), validation loss",observed_joint_recipe,1e+24,2048,0.9,0.0,0.05,3,False,,,
"Qwen2 Technical Report (Alibaba, 2024), validation loss",observed_joint_recipe,1e+24,2048,0.9,0.1,-0.05,3,False,,,
"Qwen2 Technical Report (Alibaba, 2024), validation loss",observed_joint_recipe,1e+24,2048,0.9,0.1,0.0,3,True,exponential;power;logarithmic,False,0.0
"Qwen2 Technical Report (Alibaba, 2024), validation loss",observed_joint_recipe,1e+24,2048,0.9,0.1,0.05,3,True,exponential;power;logarithmic,False,0.0
"Qwen2 Technical Report (Alibaba, 2024), validation loss",observed_joint_recipe,1e+24,2048,1.0,-0.1,-0.05,3,False,,,
"Qwen2 Technical Report (Alibaba, 2024), validation loss",observed_joint_recipe,1e+24,2048,1.0,-0.1,0.0,3,True,exponential;power;logarithmic,False,0.0
"Qwen2 Technical Report (Alibaba, 2024), validation loss",observed_joint_recipe,1e+24,2048,1.0,-0.1,0.05,3,True,exponential;power;logarithmic,False,0.0
"Qwen2 Technical Report (Alibaba, 2024), validation loss",observed_joint_recipe,1e+24,2048,1.0,0.0,-0.05,3,True,exponential;power;logarithmic,False,0.0
"Qwen2 Technical Report (Alibaba, 2024), validation loss",observed_joint_recipe,1e+24,2048,1.0,0.0,0.0,3,True,exponential;power;logarithmic,False,0.0
"Qwen2 Technical Report (Alibaba, 2024), validation loss",observed_joint_recipe,1e+24,2048,1.0,0.0,0.05,3,True,exponential;power;logarithmic,False,0.0
"Qwen2 Technical Report (Alibaba, 2024), validation loss",observed_joint_recipe,1e+24,2048,1.0,0.1,-0.05,3,True,exponential;power;logarithmic,False,0.0
"Qwen2 Technical Report (Alibaba, 2024), validation loss",observed_joint_recipe,1e+24,2048,1.0,0.1,0.0,3,True,exponential;power;logarithmic,False,0.0
"Qwen2 Technical Report (Alibaba, 2024), validation loss",observed_joint_recipe,1e+24,2048,1.0,0.1,0.05,3,True,exponential;power;logarithmic,False,0.0
"Qwen2 Technical Report (Alibaba, 2024), validation loss",observed_joint_recipe,1e+24,2048,1.1,-0.1,-0.05,3,True,exponential;power;logarithmic,False,0.0
"Qwen2 Technical Report (Alibaba, 2024), validation loss",observed_joint_recipe,1e+24,2048,1.1,-0.1,0.0,3,True,exponential;power;logarithmic,False,0.0
"Qwen2 Technical Report (Alibaba, 2024), validation loss",observed_joint_recipe,1e+24,2048,1.1,-0.1,0.05,3,True,exponential;power;logarithmic,False,0.0
"Qwen2 Technical Report (Alibaba, 2024), validation loss",observed_joint_recipe,1e+24,2048,1.1,0.0,-0.05,3,True,exponential;power;logarithmic,False,0.0
"Qwen2 Technical Report (Alibaba, 2024), validation loss",observed_joint_recipe,1e+24,2048,1.1,0.0,0.0,3,True,exponential;power;logarithmic,False,0.0
"Qwen2 Technical Report (Alibaba, 2024), validation loss",observed_joint_recipe,1e+24,2048,1.1,0.0,0.05,3,True,exponential;power;logarithmic,False,0.0
"Qwen2 Technical Report (Alibaba, 2024), validation loss",observed_joint_recipe,1e+24,2048,1.1,0.1,-0.05,3,True,exponential;power;logarithmic,False,0.0
"Qwen2 Technical Report (Alibaba, 2024), validation loss",observed_joint_recipe,1e+24,2048,1.1,0.1,0.0,3,True,exponential;power;logarithmic,False,0.0
"Qwen2 Technical Report (Alibaba, 2024), validation loss",observed_joint_recipe,1e+24,2048,1.1,0.1,0.05,3,True,exponential;power;logarithmic,False,0.0
"Qwen2 Technical Report (Alibaba, 2024), validation loss",observed_joint_recipe,1e+24,8192,0.9,-0.1,-0.05,3,False,,,
"Qwen2 Technical Report (Alibaba, 2024), validation loss",observed_joint_recipe,1e+24,8192,0.9,-0.1,0.0,3,False,,,
"Qwen2 Technical Report (Alibaba, 2024), validation loss",observed_joint_recipe,1e+24,8192,0.9,-0.1,0.05,3,False,,,
"Qwen2 Technical Report (Alibaba, 2024), validation loss",observed_joint_recipe,1e+24,8192,0.9,0.0,-0.05,3,False,,,
"Qwen2 Technical Report (Alibaba, 2024), validation loss",observed_joint_recipe,1e+24,8192,0.9,0.0,0.0,3,False,,,
"Qwen2 Technical Report (Alibaba, 2024), validation loss",observed_joint_recipe,1e+24,8192,0.9,0.0,0.05,3,False,,,
"Qwen2 Technical Report (Alibaba, 2024), validation loss",observed_joint_recipe,1e+24,8192,0.9,0.1,-0.05,3,False,,,
"Qwen2 Technical Report (Alibaba, 2024), validation loss",observed_joint_recipe,1e+24,8192,0.9,0.1,0.0,3,True,exponential;power;logarithmic,False,0.0
"Qwen2 Technical Report (Alibaba, 2024), validation loss",observed_joint_recipe,1e+24,8192,0.9,0.1,0.05,3,True,exponential;power;logarithmic,False,0.0
"Qwen2 Technical Report (Alibaba, 2024), validation loss",observed_joint_recipe,1e+24,8192,1.0,-0.1,-0.05,3,False,,,
"Qwen2 Technical Report (Alibaba, 2024), validation loss",observed_joint_recipe,1e+24,8192,1.0,-0.1,0.0,3,True,exponential;power;logarithmic,False,0.0
"Qwen2 Technical Report (Alibaba, 2024), validation loss",observed_joint_recipe,1e+24,8192,1.0,-0.1,0.05,3,True,exponential;power;logarithmic,False,0.0
"Qwen2 Technical Report (Alibaba, 2024), validation loss",observed_joint_recipe,1e+24,8192,1.0,0.0,-0.05,3,True,exponential;power;logarithmic,False,0.0
"Qwen2 Technical Report (Alibaba, 2024), validation loss",observed_joint_recipe,1e+24,8192,1.0,0.0,0.0,3,True,exponential;power;logarithmic,False,0.0
"Qwen2 Technical Report (Alibaba, 2024), validation loss",observed_joint_recipe,1e+24,8192,1.0,0.0,0.05,3,True,exponential;power;logarithmic,False,0.0
"Qwen2 Technical Report (Alibaba, 2024), validation loss",observed_joint_recipe,1e+24,8192,1.0,0.1,-0.05,3,True,exponential;power;logarithmic,False,0.0
"Qwen2 Technical Report (Alibaba, 2024), validation loss",observed_joint_recipe,1e+24,8192,1.0,0.1,0.0,3,True,exponential;power;logarithmic,False,0.0
"Qwen2 Technical Report (Alibaba, 2024), validation loss",observed_joint_recipe,1e+24,8192,1.0,0.1,0.05,3,True,exponential;power;logarithmic,False,0.0
"Qwen2 Technical Report (Alibaba, 2024), validation loss",observed_joint_recipe,1e+24,8192,1.1,-0.1,-0.05,3,True,exponential;power;logarithmic,False,0.0
"Qwen2 Technical Report (Alibaba, 2024), validation loss",observed_joint_recipe,1e+24,8192,1.1,-0.1,0.0,3,True,exponential;power;logarithmic,False,0.0
"Qwen2 Technical Report (Alibaba, 2024), validation loss",observed_joint_recipe,1e+24,8192,1.1,-0.1,0.05,3,True,exponential;power;logarithmic,False,0.0
"Qwen2 Technical Report (Alibaba, 2024), validation loss",observed_joint_recipe,1e+24,8192,1.1,0.0,-0.05,3,True,exponential;power;logarithmic,False,0.0
"Qwen2 Technical Report (Alibaba, 2024), validation loss",observed_joint_recipe,1e+24,8192,1.1,0.0,0.0,3,True,exponential;power;logarithmic,False,0.0
"Qwen2 Technical Report (Alibaba, 2024), validation loss",observed_joint_recipe,1e+24,8192,1.1,0.0,0.05,3,True,exponential;power;logarithmic,False,0.0
"Qwen2 Technical Report (Alibaba, 2024), validation loss",observed_joint_recipe,1e+24,8192,1.1,0.1,-0.05,3,True,exponential;power;logarithmic,False,0.0
"Qwen2 Technical Report (Alibaba, 2024), validation loss",observed_joint_recipe,1e+24,8192,1.1,0.1,0.0,3,True,exponential;power;logarithmic,False,0.0
"Qwen2 Technical Report (Alibaba, 2024), validation loss",observed_joint_recipe,1e+24,8192,1.1,0.1,0.05,3,True,exponential;power;logarithmic,False,0.0
"Qwen2 Technical Report (Alibaba, 2024), validation loss",observed_joint_recipe,1e+24,131072,0.9,-0.1,-0.05,3,False,,,
"Qwen2 Technical Report (Alibaba, 2024), validation loss",observed_joint_recipe,1e+24,131072,0.9,-0.1,0.0,3,False,,,
"Qwen2 Technical Report (Alibaba, 2024), validation loss",observed_joint_recipe,1e+24,131072,0.9,-0.1,0.05,3,False,,,
"Qwen2 Technical Report (Alibaba, 2024), validation loss",observed_joint_recipe,1e+24,131072,0.9,0.0,-0.05,3,False,,,
"Qwen2 Technical Report (Alibaba, 2024), validation loss",observed_joint_recipe,1e+24,131072,0.9,0.0,0.0,3,False,,,
"Qwen2 Technical Report (Alibaba, 2024), validation loss",observed_joint_recipe,1e+24,131072,0.9,0.0,0.05,3,False,,,
"Qwen2 Technical Report (Alibaba, 2024), validation loss",observed_joint_recipe,1e+24,131072,0.9,0.1,-0.05,3,False,,,
"Qwen2 Technical Report (Alibaba, 2024), validation loss",observed_joint_recipe,1e+24,131072,0.9,0.1,0.0,3,True,exponential;power;logarithmic,False,0.0
"Qwen2 Technical Report (Alibaba, 2024), validation loss",observed_joint_recipe,1e+24,131072,0.9,0.1,0.05,3,True,exponential;power;logarithmic,False,0.0
"Qwen2 Technical Report (Alibaba, 2024), validation loss",observed_joint_recipe,1e+24,131072,1.0,-0.1,-0.05,3,False,,,
"Qwen2 Technical Report (Alibaba, 2024), validation loss",observed_joint_recipe,1e+24,131072,1.0,-0.1,0.0,3,True,exponential;power;logarithmic,False,0.0
"Qwen2 Technical Report (Alibaba, 2024), validation loss",observed_joint_recipe,1e+24,131072,1.0,-0.1,0.05,3,True,exponential;power;logarithmic,False,0.0
"Qwen2 Technical Report (Alibaba, 2024), validation loss",observed_joint_recipe,1e+24,131072,1.0,0.0,-0.05,3,True,exponential;power;logarithmic,False,0.0
"Qwen2 Technical Report (Alibaba, 2024), validation loss",observed_joint_recipe,1e+24,131072,1.0,0.0,0.0,3,True,exponential;power;logarithmic,False,0.0
"Qwen2 Technical Report (Alibaba, 2024), validation loss",observed_joint_recipe,1e+24,131072,1.0,0.0,0.05,3,True,exponential;power;logarithmic,False,0.0
"Qwen2 Technical Report (Alibaba, 2024), validation loss",observed_joint_recipe,1e+24,131072,1.0,0.1,-0.05,3,True,exponential;power;logarithmic,False,0.0
"Qwen2 Technical Report (Alibaba, 2024), validation loss",observed_joint_recipe,1e+24,131072,1.0,0.1,0.0,3,True,exponential;power;logarithmic,False,0.0
"Qwen2 Technical Report (Alibaba, 2024), validation loss",observed_joint_recipe,1e+24,131072,1.0,0.1,0.05,3,True,exponential;power;logarithmic,False,0.0
"Qwen2 Technical Report (Alibaba, 2024), validation loss",observed_joint_recipe,1e+24,131072,1.1,-0.1,-0.05,3,True,exponential;power;logarithmic,False,0.0
"Qwen2 Technical Report (Alibaba, 2024), validation loss",observed_joint_recipe,1e+24,131072,1.1,-0.1,0.0,3,True,exponential;power;logarithmic,False,0.0
"Qwen2 Technical Report (Alibaba, 2024), validation loss",observed_joint_recipe,1e+24,131072,1.1,-0.1,0.05,3,True,exponential;power;logarithmic,False,0.0
"Qwen2 Technical Report (Alibaba, 2024), validation loss",observed_joint_recipe,1e+24,131072,1.1,0.0,-0.05,3,True,exponential;power;logarithmic,False,0.0
"Qwen2 Technical Report (Alibaba, 2024), validation loss",observed_joint_recipe,1e+24,131072,1.1,0.0,0.0,3,True,exponential;power;logarithmic,False,0.0
"Qwen2 Technical Report (Alibaba, 2024), validation loss",observed_joint_recipe,1e+24,131072,1.1,0.0,0.05,3,True,exponential;power;logarithmic,False,0.0
"Qwen2 Technical Report (Alibaba, 2024), validation loss",observed_joint_recipe,1e+24,131072,1.1,0.1,-0.05,3,True,exponential;power;logarithmic,False,0.0
"Qwen2 Technical Report (Alibaba, 2024), validation loss",observed_joint_recipe,1e+24,131072,1.1,0.1,0.0,3,True,exponential;power;logarithmic,False,0.0
"Qwen2 Technical Report (Alibaba, 2024), validation loss",observed_joint_recipe,1e+24,131072,1.1,0.1,0.05,3,True,exponential;power;logarithmic,False,0.0
"Qwen2.5 Technical Report (Alibaba, 2024), validation loss",fixed_recipe,1e+19,2048,0.9,-0.1,-0.05,2,False,,,
"Qwen2.5 Technical Report (Alibaba, 2024), validation loss",fixed_recipe,1e+19,2048,0.9,-0.1,0.0,2,False,,,
"Qwen2.5 Technical Report (Alibaba, 2024), validation loss",fixed_recipe,1e+19,2048,0.9,-0.1,0.05,2,False,,,
"Qwen2.5 Technical Report (Alibaba, 2024), validation loss",fixed_recipe,1e+19,2048,0.9,0.0,-0.05,2,False,,,
"Qwen2.5 Technical Report (Alibaba, 2024), validation loss",fixed_recipe,1e+19,2048,0.9,0.0,0.0,2,False,,,
"Qwen2.5 Technical Report (Alibaba, 2024), validation loss",fixed_recipe,1e+19,2048,0.9,0.0,0.05,2,False,,,
"Qwen2.5 Technical Report (Alibaba, 2024), validation loss",fixed_recipe,1e+19,2048,0.9,0.1,-0.05,2,False,,,
"Qwen2.5 Technical Report (Alibaba, 2024), validation loss",fixed_recipe,1e+19,2048,0.9,0.1,0.0,2,False,,,
"Qwen2.5 Technical Report (Alibaba, 2024), validation loss",fixed_recipe,1e+19,2048,0.9,0.1,0.05,2,False,,,
"Qwen2.5 Technical Report (Alibaba, 2024), validation loss",fixed_recipe,1e+19,2048,1.0,-0.1,-0.05,2,False,,,
"Qwen2.5 Technical Report (Alibaba, 2024), validation loss",fixed_recipe,1e+19,2048,1.0,-0.1,0.0,2,False,,,
"Qwen2.5 Technical Report (Alibaba, 2024), validation loss",fixed_recipe,1e+19,2048,1.0,-0.1,0.05,2,False,,,
"Qwen2.5 Technical Report (Alibaba, 2024), validation loss",fixed_recipe,1e+19,2048,1.0,0.0,-0.05,2,False,,,
"Qwen2.5 Technical Report (Alibaba, 2024), validation loss",fixed_recipe,1e+19,2048,1.0,0.0,0.0,2,False,,,
"Qwen2.5 Technical Report (Alibaba, 2024), validation loss",fixed_recipe,1e+19,2048,1.0,0.0,0.05,2,False,,,
"Qwen2.5 Technical Report (Alibaba, 2024), validation loss",fixed_recipe,1e+19,2048,1.0,0.1,-0.05,2,False,,,
"Qwen2.5 Technical Report (Alibaba, 2024), validation loss",fixed_recipe,1e+19,2048,1.0,0.1,0.0,2,False,,,
"Qwen2.5 Technical Report (Alibaba, 2024), validation loss",fixed_recipe,1e+19,2048,1.0,0.1,0.05,2,False,,,
"Qwen2.5 Technical Report (Alibaba, 2024), validation loss",fixed_recipe,1e+19,2048,1.1,-0.1,-0.05,2,False,,,
"Qwen2.5 Technical Report (Alibaba, 2024), validation loss",fixed_recipe,1e+19,2048,1.1,-0.1,0.0,2,False,,,
"Qwen2.5 Technical Report (Alibaba, 2024), validation loss",fixed_recipe,1e+19,2048,1.1,-0.1,0.05,2,False,,,
"Qwen2.5 Technical Report (Alibaba, 2024), validation loss",fixed_recipe,1e+19,2048,1.1,0.0,-0.05,2,False,,,
"Qwen2.5 Technical Report (Alibaba, 2024), validation loss",fixed_recipe,1e+19,2048,1.1,0.0,0.0,2,False,,,
"Qwen2.5 Technical Report (Alibaba, 2024), validation loss",fixed_recipe,1e+19,2048,1.1,0.0,0.05,2,False,,,
"Qwen2.5 Technical Report (Alibaba, 2024), validation loss",fixed_recipe,1e+19,2048,1.1,0.1,-0.05,2,False,,,
"Qwen2.5 Technical Report (Alibaba, 2024), validation loss",fixed_recipe,1e+19,2048,1.1,0.1,0.0,2,False,,,
"Qwen2.5 Technical Report (Alibaba, 2024), validation loss",fixed_recipe,1e+19,2048,1.1,0.1,0.05,2,False,,,
"Qwen2.5 Technical Report (Alibaba, 2024), validation loss",fixed_recipe,1e+19,8192,0.9,-0.1,-0.05,1,False,,,
"Qwen2.5 Technical Report (Alibaba, 2024), validation loss",fixed_recipe,1e+19,8192,0.9,-0.1,0.0,1,False,,,
"Qwen2.5 Technical Report (Alibaba, 2024), validation loss",fixed_recipe,1e+19,8192,0.9,-0.1,0.05,1,False,,,
"Qwen2.5 Technical Report (Alibaba, 2024), validation loss",fixed_recipe,1e+19,8192,0.9,0.0,-0.05,1,False,,,
"Qwen2.5 Technical Report (Alibaba, 2024), validation loss",fixed_recipe,1e+19,8192,0.9,0.0,0.0,1,False,,,
"Qwen2.5 Technical Report (Alibaba, 2024), validation loss",fixed_recipe,1e+19,8192,0.9,0.0,0.05,1,False,,,
"Qwen2.5 Technical Report (Alibaba, 2024), validation loss",fixed_recipe,1e+19,8192,0.9,0.1,-0.05,1,False,,,
"Qwen2.5 Technical Report (Alibaba, 2024), validation loss",fixed_recipe,1e+19,8192,0.9,0.1,0.0,1,False,,,
"Qwen2.5 Technical Report (Alibaba, 2024), validation loss",fixed_recipe,1e+19,8192,0.9,0.1,0.05,1,False,,,
"Qwen2.5 Technical Report (Alibaba, 2024), validation loss",fixed_recipe,1e+19,8192,1.0,-0.1,-0.05,1,False,,,
"Qwen2.5 Technical Report (Alibaba, 2024), validation loss",fixed_recipe,1e+19,8192,1.0,-0.1,0.0,1,False,,,
"Qwen2.5 Technical Report (Alibaba, 2024), validation loss",fixed_recipe,1e+19,8192,1.0,-0.1,0.05,1,False,,,
"Qwen2.5 Technical Report (Alibaba, 2024), validation loss",fixed_recipe,1e+19,8192,1.0,0.0,-0.05,1,False,,,
"Qwen2.5 Technical Report (Alibaba, 2024), validation loss",fixed_recipe,1e+19,8192,1.0,0.0,0.0,1,False,,,
"Qwen2.5 Technical Report (Alibaba, 2024), validation loss",fixed_recipe,1e+19,8192,1.0,0.0,0.05,1,False,,,
"Qwen2.5 Technical Report (Alibaba, 2024), validation loss",fixed_recipe,1e+19,8192,1.0,0.1,-0.05,1,False,,,
"Qwen2.5 Technical Report (Alibaba, 2024), validation loss",fixed_recipe,1e+19,8192,1.0,0.1,0.0,1,False,,,
"Qwen2.5 Technical Report (Alibaba, 2024), validation loss",fixed_recipe,1e+19,8192,1.0,0.1,0.05,1,False,,,
"Qwen2.5 Technical Report (Alibaba, 2024), validation loss",fixed_recipe,1e+19,8192,1.1,-0.1,-0.05,1,False,,,
"Qwen2.5 Technical Report (Alibaba, 2024), validation loss",fixed_recipe,1e+19,8192,1.1,-0.1,0.0,1,False,,,
"Qwen2.5 Technical Report (Alibaba, 2024), validation loss",fixed_recipe,1e+19,8192,1.1,-0.1,0.05,1,False,,,
"Qwen2.5 Technical Report (Alibaba, 2024), validation loss",fixed_recipe,1e+19,8192,1.1,0.0,-0.05,1,False,,,
"Qwen2.5 Technical Report (Alibaba, 2024), validation loss",fixed_recipe,1e+19,8192,1.1,0.0,0.0,1,False,,,
"Qwen2.5 Technical Report (Alibaba, 2024), validation loss",fixed_recipe,1e+19,8192,1.1,0.0,0.05,1,False,,,
"Qwen2.5 Technical Report (Alibaba, 2024), validation loss",fixed_recipe,1e+19,8192,1.1,0.1,-0.05,1,False,,,
"Qwen2.5 Technical Report (Alibaba, 2024), validation loss",fixed_recipe,1e+19,8192,1.1,0.1,0.0,1,False,,,
"Qwen2.5 Technical Report (Alibaba, 2024), validation loss",fixed_recipe,1e+19,8192,1.1,0.1,0.05,1,False,,,
"Qwen2.5 Technical Report (Alibaba, 2024), validation loss",fixed_recipe,1e+19,131072,0.9,-0.1,-0.05,0,False,,,
"Qwen2.5 Technical Report (Alibaba, 2024), validation loss",fixed_recipe,1e+19,131072,0.9,-0.1,0.0,0,False,,,
"Qwen2.5 Technical Report (Alibaba, 2024), validation loss",fixed_recipe,1e+19,131072,0.9,-0.1,0.05,0,False,,,
"Qwen2.5 Technical Report (Alibaba, 2024), validation loss",fixed_recipe,1e+19,131072,0.9,0.0,-0.05,0,False,,,
"Qwen2.5 Technical Report (Alibaba, 2024), validation loss",fixed_recipe,1e+19,131072,0.9,0.0,0.0,0,False,,,
"Qwen2.5 Technical Report (Alibaba, 2024), validation loss",fixed_recipe,1e+19,131072,0.9,0.0,0.05,0,False,,,
"Qwen2.5 Technical Report (Alibaba, 2024), validation loss",fixed_recipe,1e+19,131072,0.9,0.1,-0.05,0,False,,,
"Qwen2.5 Technical Report (Alibaba, 2024), validation loss",fixed_recipe,1e+19,131072,0.9,0.1,0.0,0,False,,,
"Qwen2.5 Technical Report (Alibaba, 2024), validation loss",fixed_recipe,1e+19,131072,0.9,0.1,0.05,0,False,,,
"Qwen2.5 Technical Report (Alibaba, 2024), validation loss",fixed_recipe,1e+19,131072,1.0,-0.1,-0.05,0,False,,,
"Qwen2.5 Technical Report (Alibaba, 2024), validation loss",fixed_recipe,1e+19,131072,1.0,-0.1,0.0,0,False,,,
"Qwen2.5 Technical Report (Alibaba, 2024), validation loss",fixed_recipe,1e+19,131072,1.0,-0.1,0.05,0,False,,,
"Qwen2.5 Technical Report (Alibaba, 2024), validation loss",fixed_recipe,1e+19,131072,1.0,0.0,-0.05,0,False,,,
"Qwen2.5 Technical Report (Alibaba, 2024), validation loss",fixed_recipe,1e+19,131072,1.0,0.0,0.0,0,False,,,
"Qwen2.5 Technical Report (Alibaba, 2024), validation loss",fixed_recipe,1e+19,131072,1.0,0.0,0.05,0,False,,,
"Qwen2.5 Technical Report (Alibaba, 2024), validation loss",fixed_recipe,1e+19,131072,1.0,0.1,-0.05,0,False,,,
"Qwen2.5 Technical Report (Alibaba, 2024), validation loss",fixed_recipe,1e+19,131072,1.0,0.1,0.0,0,False,,,
"Qwen2.5 Technical Report (Alibaba, 2024), validation loss",fixed_recipe,1e+19,131072,1.0,0.1,0.05,0,False,,,
"Qwen2.5 Technical Report (Alibaba, 2024), validation loss",fixed_recipe,1e+19,131072,1.1,-0.1,-0.05,0,False,,,
"Qwen2.5 Technical Report (Alibaba, 2024), validation loss",fixed_recipe,1e+19,131072,1.1,-0.1,0.0,0,False,,,
"Qwen2.5 Technical Report (Alibaba, 2024), validation loss",fixed_recipe,1e+19,131072,1.1,-0.1,0.05,0,False,,,
"Qwen2.5 Technical Report (Alibaba, 2024), validation loss",fixed_recipe,1e+19,131072,1.1,0.0,-0.05,0,False,,,
"Qwen2.5 Technical Report (Alibaba, 2024), validation loss",fixed_recipe,1e+19,131072,1.1,0.0,0.0,0,False,,,
"Qwen2.5 Technical Report (Alibaba, 2024), validation loss",fixed_recipe,1e+19,131072,1.1,0.0,0.05,0,False,,,
"Qwen2.5 Technical Report (Alibaba, 2024), validation loss",fixed_recipe,1e+19,131072,1.1,0.1,-0.05,0,False,,,
"Qwen2.5 Technical Report (Alibaba, 2024), validation loss",fixed_recipe,1e+19,131072,1.1,0.1,0.0,0,False,,,
"Qwen2.5 Technical Report (Alibaba, 2024), validation loss",fixed_recipe,1e+19,131072,1.1,0.1,0.05,0,False,,,
"Qwen2.5 Technical Report (Alibaba, 2024), validation loss",fixed_recipe,1e+20,2048,0.9,-0.1,-0.05,3,True,exponential,True,0.3332328767111221
"Qwen2.5 Technical Report (Alibaba, 2024), validation loss",fixed_recipe,1e+20,2048,0.9,-0.1,0.0,3,True,exponential,True,0.31617220075396446
"Qwen2.5 Technical Report (Alibaba, 2024), validation loss",fixed_recipe,1e+20,2048,0.9,-0.1,0.05,3,True,exponential,True,0.2988937216460812
"Qwen2.5 Technical Report (Alibaba, 2024), validation loss",fixed_recipe,1e+20,2048,0.9,0.0,-0.05,3,True,exponential,True,0.2950439983611517
"Qwen2.5 Technical Report (Alibaba, 2024), validation loss",fixed_recipe,1e+20,2048,0.9,0.0,0.0,3,True,exponential,True,0.2777556089465776
"Qwen2.5 Technical Report (Alibaba, 2024), validation loss",fixed_recipe,1e+20,2048,0.9,0.0,0.05,3,True,exponential,True,0.2606443484702723
"Qwen2.5 Technical Report (Alibaba, 2024), validation loss",fixed_recipe,1e+20,2048,0.9,0.1,-0.05,3,True,exponential,True,0.2568807408586693
"Qwen2.5 Technical Report (Alibaba, 2024), validation loss",fixed_recipe,1e+20,2048,0.9,0.1,0.0,3,True,exponential,True,0.24017816636387046
"Qwen2.5 Technical Report (Alibaba, 2024), validation loss",fixed_recipe,1e+20,2048,0.9,0.1,0.05,3,True,exponential,True,0.22394064418636006
"Qwen2.5 Technical Report (Alibaba, 2024), validation loss",fixed_recipe,1e+20,2048,1.0,-0.1,-0.05,3,True,exponential,True,0.26353983524817615
"Qwen2.5 Technical Report (Alibaba, 2024), validation loss",fixed_recipe,1e+20,2048,1.0,-0.1,0.0,3,True,exponential,True,0.24364907690349646
"Qwen2.5 Technical Report (Alibaba, 2024), validation loss",fixed_recipe,1e+20,2048,1.0,-0.1,0.05,3,True,exponential,True,0.2245575193969156
"Qwen2.5 Technical Report (Alibaba, 2024), validation loss",fixed_recipe,1e+20,2048,1.0,0.0,-0.05,3,True,exponential,True,0.2245575193969156
"Qwen2.5 Technical Report (Alibaba, 2024), validation loss",fixed_recipe,1e+20,2048,1.0,0.0,0.0,3,True,exponential,True,0.20636731451156898
"Qwen2.5 Technical Report (Alibaba, 2024), validation loss",fixed_recipe,1e+20,2048,1.0,0.0,0.05,3,True,exponential,True,0.18914978411684125
"Qwen2.5 Technical Report (Alibaba, 2024), validation loss",fixed_recipe,1e+20,2048,1.0,0.1,-0.05,3,True,exponential,True,0.18914978411684302
"Qwen2.5 Technical Report (Alibaba, 2024), validation loss",fixed_recipe,1e+20,2048,1.0,0.1,0.0,3,True,exponential,True,0.17294904357961194
"Qwen2.5 Technical Report (Alibaba, 2024), validation loss",fixed_recipe,1e+20,2048,1.0,0.1,0.05,3,True,exponential,True,0.15778581697188265
"Qwen2.5 Technical Report (Alibaba, 2024), validation loss",fixed_recipe,1e+20,2048,1.1,-0.1,-0.05,3,True,exponential,True,0.18914631224535583
"Qwen2.5 Technical Report (Alibaba, 2024), validation loss",fixed_recipe,1e+20,2048,1.1,-0.1,0.0,3,True,exponential,True,0.17094211435688145
"Qwen2.5 Technical Report (Alibaba, 2024), validation loss",fixed_recipe,1e+20,2048,1.1,-0.1,0.05,3,True,exponential,True,0.15411808205496502
"Qwen2.5 Technical Report (Alibaba, 2024), validation loss",fixed_recipe,1e+20,2048,1.1,0.0,-0.05,3,True,exponential,True,0.15707522486365555
"Qwen2.5 Technical Report (Alibaba, 2024), validation loss",fixed_recipe,1e+20,2048,1.1,0.0,0.0,3,False,,,
"Qwen2.5 Technical Report (Alibaba, 2024), validation loss",fixed_recipe,1e+20,2048,1.1,0.0,0.05,3,False,,,
"Qwen2.5 Technical Report (Alibaba, 2024), validation loss",fixed_recipe,1e+20,2048,1.1,0.1,-0.05,3,False,,,
"Qwen2.5 Technical Report (Alibaba, 2024), validation loss",fixed_recipe,1e+20,2048,1.1,0.1,0.0,3,False,,,
"Qwen2.5 Technical Report (Alibaba, 2024), validation loss",fixed_recipe,1e+20,2048,1.1,0.1,0.05,3,False,,,
"Qwen2.5 Technical Report (Alibaba, 2024), validation loss",fixed_recipe,1e+20,8192,0.9,-0.1,-0.05,3,True,exponential,True,0.30758001857119766
"Qwen2.5 Technical Report (Alibaba, 2024), validation loss",fixed_recipe,1e+20,8192,0.9,-0.1,0.0,3,True,exponential,True,0.29130335051406675
"Qwen2.5 Technical Report (Alibaba, 2024), validation loss",fixed_recipe,1e+20,8192,0.9,-0.1,0.05,3,True,exponential,True,0.2749112404998826
"Qwen2.5 Technical Report (Alibaba, 2024), validation loss",fixed_recipe,1e+20,8192,0.9,0.0,-0.05,3,True,exponential,True,0.27127044194652683
"Qwen2.5 Technical Report (Alibaba, 2024), validation loss",fixed_recipe,1e+20,8192,0.9,0.0,0.0,3,True,exponential,True,0.2549672781491523
"Qwen2.5 Technical Report (Alibaba, 2024), validation loss",fixed_recipe,1e+20,8192,0.9,0.0,0.05,3,True,exponential,True,0.23890105118699978
"Qwen2.5 Technical Report (Alibaba, 2024), validation loss",fixed_recipe,1e+20,8192,0.9,0.1,-0.05,3,True,exponential,True,0.23537596000525696
"Qwen2.5 Technical Report (Alibaba, 2024), validation loss",fixed_recipe,1e+20,8192,0.9,0.1,0.0,3,True,exponential,True,0.21976718170279774
"Qwen2.5 Technical Report (Alibaba, 2024), validation loss",fixed_recipe,1e+20,8192,0.9,0.1,0.05,3,True,exponential,True,0.20464504627647884
"Qwen2.5 Technical Report (Alibaba, 2024), validation loss",fixed_recipe,1e+20,8192,1.0,-0.1,-0.05,3,True,exponential,True,0.2401585132725863
"Qwen2.5 Technical Report (Alibaba, 2024), validation loss",fixed_recipe,1e+20,8192,1.0,-0.1,0.0,3,True,exponential,True,0.2216852320135878
"Qwen2.5 Technical Report (Alibaba, 2024), validation loss",fixed_recipe,1e+20,8192,1.0,-0.1,0.05,3,True,exponential,True,0.2040199431412031
"Qwen2.5 Technical Report (Alibaba, 2024), validation loss",fixed_recipe,1e+20,8192,1.0,0.0,-0.05,3,True,exponential,True,0.20401994314121374
"Qwen2.5 Technical Report (Alibaba, 2024), validation loss",fixed_recipe,1e+20,8192,1.0,0.0,0.0,3,True,exponential,True,0.1872446060629187
"Qwen2.5 Technical Report (Alibaba, 2024), validation loss",fixed_recipe,1e+20,8192,1.0,0.0,0.05,3,True,exponential,True,0.17141364097246026
"Qwen2.5 Technical Report (Alibaba, 2024), validation loss",fixed_recipe,1e+20,8192,1.0,0.1,-0.05,3,True,exponential,True,0.17141364097245848
"Qwen2.5 Technical Report (Alibaba, 2024), validation loss",fixed_recipe,1e+20,8192,1.0,0.1,0.0,3,True,exponential,True,0.15655747685880428
"Qwen2.5 Technical Report (Alibaba, 2024), validation loss",fixed_recipe,1e+20,8192,1.0,0.1,0.05,3,True,exponential,True,0.1426861760352054
"Qwen2.5 Technical Report (Alibaba, 2024), validation loss",fixed_recipe,1e+20,8192,1.1,-0.1,-0.05,3,True,exponential,True,0.17043635772731847
"Qwen2.5 Technical Report (Alibaba, 2024), validation loss",fixed_recipe,1e+20,8192,1.1,-0.1,0.0,3,True,exponential,True,0.15384582305441796
"Qwen2.5 Technical Report (Alibaba, 2024), validation loss",fixed_recipe,1e+20,8192,1.1,-0.1,0.05,3,False,,,
"Qwen2.5 Technical Report (Alibaba, 2024), validation loss",fixed_recipe,1e+20,8192,1.1,0.0,-0.05,3,False,,,
"Qwen2.5 Technical Report (Alibaba, 2024), validation loss",fixed_recipe,1e+20,8192,1.1,0.0,0.0,3,False,,,
"Qwen2.5 Technical Report (Alibaba, 2024), validation loss",fixed_recipe,1e+20,8192,1.1,0.0,0.05,3,False,,,
"Qwen2.5 Technical Report (Alibaba, 2024), validation loss",fixed_recipe,1e+20,8192,1.1,0.1,-0.05,3,False,,,
"Qwen2.5 Technical Report (Alibaba, 2024), validation loss",fixed_recipe,1e+20,8192,1.1,0.1,0.0,3,False,,,
"Qwen2.5 Technical Report (Alibaba, 2024), validation loss",fixed_recipe,1e+20,8192,1.1,0.1,0.05,3,False,,,
"Qwen2.5 Technical Report (Alibaba, 2024), validation loss",fixed_recipe,1e+20,131072,0.9,-0.1,-0.05,3,False,,,
"Qwen2.5 Technical Report (Alibaba, 2024), validation loss",fixed_recipe,1e+20,131072,0.9,-0.1,0.0,3,False,,,
"Qwen2.5 Technical Report (Alibaba, 2024), validation loss",fixed_recipe,1e+20,131072,0.9,-0.1,0.05,3,False,,,
"Qwen2.5 Technical Report (Alibaba, 2024), validation loss",fixed_recipe,1e+20,131072,0.9,0.0,-0.05,3,False,,,
"Qwen2.5 Technical Report (Alibaba, 2024), validation loss",fixed_recipe,1e+20,131072,0.9,0.0,0.0,3,False,,,
"Qwen2.5 Technical Report (Alibaba, 2024), validation loss",fixed_recipe,1e+20,131072,0.9,0.0,0.05,3,False,,,
"Qwen2.5 Technical Report (Alibaba, 2024), validation loss",fixed_recipe,1e+20,131072,0.9,0.1,-0.05,3,False,,,
"Qwen2.5 Technical Report (Alibaba, 2024), validation loss",fixed_recipe,1e+20,131072,0.9,0.1,0.0,3,False,,,
"Qwen2.5 Technical Report (Alibaba, 2024), validation loss",fixed_recipe,1e+20,131072,0.9,0.1,0.05,3,False,,,
"Qwen2.5 Technical Report (Alibaba, 2024), validation loss",fixed_recipe,1e+20,131072,1.0,-0.1,-0.05,3,False,,,
"Qwen2.5 Technical Report (Alibaba, 2024), validation loss",fixed_recipe,1e+20,131072,1.0,-0.1,0.0,3,False,,,
"Qwen2.5 Technical Report (Alibaba, 2024), validation loss",fixed_recipe,1e+20,131072,1.0,-0.1,0.05,3,False,,,
"Qwen2.5 Technical Report (Alibaba, 2024), validation loss",fixed_recipe,1e+20,131072,1.0,0.0,-0.05,3,False,,,
"Qwen2.5 Technical Report (Alibaba, 2024), validation loss",fixed_recipe,1e+20,131072,1.0,0.0,0.0,3,False,,,
"Qwen2.5 Technical Report (Alibaba, 2024), validation loss",fixed_recipe,1e+20,131072,1.0,0.0,0.05,3,False,,,
"Qwen2.5 Technical Report (Alibaba, 2024), validation loss",fixed_recipe,1e+20,131072,1.0,0.1,-0.05,3,False,,,
"Qwen2.5 Technical Report (Alibaba, 2024), validation loss",fixed_recipe,1e+20,131072,1.0,0.1,0.0,3,False,,,
"Qwen2.5 Technical Report (Alibaba, 2024), validation loss",fixed_recipe,1e+20,131072,1.0,0.1,0.05,3,False,,,
"Qwen2.5 Technical Report (Alibaba, 2024), validation loss",fixed_recipe,1e+20,131072,1.1,-0.1,-0.05,3,False,,,
"Qwen2.5 Technical Report (Alibaba, 2024), validation loss",fixed_recipe,1e+20,131072,1.1,-0.1,0.0,3,False,,,
"Qwen2.5 Technical Report (Alibaba, 2024), validation loss",fixed_recipe,1e+20,131072,1.1,-0.1,0.05,3,False,,,
"Qwen2.5 Technical Report (Alibaba, 2024), validation loss",fixed_recipe,1e+20,131072,1.1,0.0,-0.05,3,False,,,
"Qwen2.5 Technical Report (Alibaba, 2024), validation loss",fixed_recipe,1e+20,131072,1.1,0.0,0.0,3,False,,,
"Qwen2.5 Technical Report (Alibaba, 2024), validation loss",fixed_recipe,1e+20,131072,1.1,0.0,0.05,3,False,,,
"Qwen2.5 Technical Report (Alibaba, 2024), validation loss",fixed_recipe,1e+20,131072,1.1,0.1,-0.05,3,False,,,
"Qwen2.5 Technical Report (Alibaba, 2024), validation loss",fixed_recipe,1e+20,131072,1.1,0.1,0.0,3,False,,,
"Qwen2.5 Technical Report (Alibaba, 2024), validation loss",fixed_recipe,1e+20,131072,1.1,0.1,0.05,3,False,,,
"Qwen2.5 Technical Report (Alibaba, 2024), validation loss",fixed_recipe,1e+22,2048,0.9,-0.1,-0.05,3,False,,,
"Qwen2.5 Technical Report (Alibaba, 2024), validation loss",fixed_recipe,1e+22,2048,0.9,-0.1,0.0,3,False,,,
"Qwen2.5 Technical Report (Alibaba, 2024), validation loss",fixed_recipe,1e+22,2048,0.9,-0.1,0.05,3,False,,,
"Qwen2.5 Technical Report (Alibaba, 2024), validation loss",fixed_recipe,1e+22,2048,0.9,0.0,-0.05,3,False,,,
"Qwen2.5 Technical Report (Alibaba, 2024), validation loss",fixed_recipe,1e+22,2048,0.9,0.0,0.0,3,True,exponential,True,0.02722283418335536
"Qwen2.5 Technical Report (Alibaba, 2024), validation loss",fixed_recipe,1e+22,2048,0.9,0.0,0.05,3,True,exponential,True,0.02660481669451542
"Qwen2.5 Technical Report (Alibaba, 2024), validation loss",fixed_recipe,1e+22,2048,0.9,0.1,-0.05,3,True,exponential,True,0.0264520296441475
"Qwen2.5 Technical Report (Alibaba, 2024), validation loss",fixed_recipe,1e+22,2048,0.9,0.1,0.0,3,True,exponential,True,0.025700703300465477
"Qwen2.5 Technical Report (Alibaba, 2024), validation loss",fixed_recipe,1e+22,2048,0.9,0.1,0.05,3,True,exponential,True,0.024855170506953073
"Qwen2.5 Technical Report (Alibaba, 2024), validation loss",fixed_recipe,1e+22,2048,1.0,-0.1,-0.05,3,True,exponential,True,0.029337921334153805
"Qwen2.5 Technical Report (Alibaba, 2024), validation loss",fixed_recipe,1e+22,2048,1.0,-0.1,0.0,3,True,exponential,True,0.02839520862086431
"Qwen2.5 Technical Report (Alibaba, 2024), validation loss",fixed_recipe,1e+22,2048,1.0,-0.1,0.05,3,True,exponential,True,0.027326765214194637
"Qwen2.5 Technical Report (Alibaba, 2024), validation loss",fixed_recipe,1e+22,2048,1.0,0.0,-0.05,3,True,exponential,True,0.027326765214215953
"Qwen2.5 Technical Report (Alibaba, 2024), validation loss",fixed_recipe,1e+22,2048,1.0,0.0,0.0,3,True,exponential,True,0.026154819900678916
"Qwen2.5 Technical Report (Alibaba, 2024), validation loss",fixed_recipe,1e+22,2048,1.0,0.0,0.05,3,True,exponential,True,0.02490218814351408
"Qwen2.5 Technical Report (Alibaba, 2024), validation loss",fixed_recipe,1e+22,2048,1.0,0.1,-0.05,3,True,exponential,True,0.024902188143496318
"Qwen2.5 Technical Report (Alibaba, 2024), validation loss",fixed_recipe,1e+22,2048,1.0,0.1,0.0,3,True,exponential,True,0.02359144296199389
"Qwen2.5 Technical Report (Alibaba, 2024), validation loss",fixed_recipe,1e+22,2048,1.0,0.1,0.05,3,True,exponential,True,0.022244197364244656
"Qwen2.5 Technical Report (Alibaba, 2024), validation loss",fixed_recipe,1e+22,2048,1.1,-0.1,-0.05,3,True,exponential,True,0.02730561630014705
"Qwen2.5 Technical Report (Alibaba, 2024), validation loss",fixed_recipe,1e+22,2048,1.1,-0.1,0.0,3,True,exponential,True,0.0257136623446641
"Qwen2.5 Technical Report (Alibaba, 2024), validation loss",fixed_recipe,1e+22,2048,1.1,-0.1,0.05,3,True,exponential,True,0.024077553897232207
"Qwen2.5 Technical Report (Alibaba, 2024), validation loss",fixed_recipe,1e+22,2048,1.1,0.0,-0.05,3,True,exponential,True,0.02437697291318841
"Qwen2.5 Technical Report (Alibaba, 2024), validation loss",fixed_recipe,1e+22,2048,1.1,0.0,0.0,3,True,exponential,True,0.022726309808970058
"Qwen2.5 Technical Report (Alibaba, 2024), validation loss",fixed_recipe,1e+22,2048,1.1,0.0,0.05,3,True,exponential,True,0.02108144581006144
"Qwen2.5 Technical Report (Alibaba, 2024), validation loss",fixed_recipe,1e+22,2048,1.1,0.1,-0.05,3,True,exponential,True,0.021379015766402887
"Qwen2.5 Technical Report (Alibaba, 2024), validation loss",fixed_recipe,1e+22,2048,1.1,0.1,0.0,3,True,exponential,True,0.019755800530042222
"Qwen2.5 Technical Report (Alibaba, 2024), validation loss",fixed_recipe,1e+22,2048,1.1,0.1,0.05,3,True,exponential,True,0.01817641412628035
"Qwen2.5 Technical Report (Alibaba, 2024), validation loss",fixed_recipe,1e+22,8192,0.9,-0.1,-0.05,3,False,,,
"Qwen2.5 Technical Report (Alibaba, 2024), validation loss",fixed_recipe,1e+22,8192,0.9,-0.1,0.0,3,False,,,
"Qwen2.5 Technical Report (Alibaba, 2024), validation loss",fixed_recipe,1e+22,8192,0.9,-0.1,0.05,3,False,,,
"Qwen2.5 Technical Report (Alibaba, 2024), validation loss",fixed_recipe,1e+22,8192,0.9,0.0,-0.05,3,False,,,
"Qwen2.5 Technical Report (Alibaba, 2024), validation loss",fixed_recipe,1e+22,8192,0.9,0.0,0.0,3,True,exponential,True,0.02543572444193387
"Qwen2.5 Technical Report (Alibaba, 2024), validation loss",fixed_recipe,1e+22,8192,0.9,0.0,0.05,3,True,exponential,True,0.024825761619887032
"Qwen2.5 Technical Report (Alibaba, 2024), validation loss",fixed_recipe,1e+22,8192,0.9,0.1,-0.05,3,True,exponential,True,0.024676120754712372
"Qwen2.5 Technical Report (Alibaba, 2024), validation loss",fixed_recipe,1e+22,8192,0.9,0.1,0.0,3,True,exponential,True,0.023944874941712158
"Qwen2.5 Technical Report (Alibaba, 2024), validation loss",fixed_recipe,1e+22,8192,0.9,0.1,0.05,3,True,exponential,True,0.023128698409227155
"Qwen2.5 Technical Report (Alibaba, 2024), validation loss",fixed_recipe,1e+22,8192,1.0,-0.1,-0.05,3,True,exponential,True,0.02734277173696853
"Qwen2.5 Technical Report (Alibaba, 2024), validation loss",fixed_recipe,1e+22,8192,1.0,-0.1,0.0,3,True,exponential,True,0.026422972780331122
"Qwen2.5 Technical Report (Alibaba, 2024), validation loss",fixed_recipe,1e+22,8192,1.0,-0.1,0.05,3,True,exponential,True,0.02539056451825772
"Qwen2.5 Technical Report (Alibaba, 2024), validation loss",fixed_recipe,1e+22,8192,1.0,0.0,-0.05,3,True,exponential,True,0.02539056451826127
"Qwen2.5 Technical Report (Alibaba, 2024), validation loss",fixed_recipe,1e+22,8192,1.0,0.0,0.0,3,True,exponential,True,0.024266666015364535
"Qwen2.5 Technical Report (Alibaba, 2024), validation loss",fixed_recipe,1e+22,8192,1.0,0.0,0.05,3,True,exponential,True,0.02307272882301703
"Qwen2.5 Technical Report (Alibaba, 2024), validation loss",fixed_recipe,1e+22,8192,1.0,0.1,-0.05,3,True,exponential,True,0.02307272882301703
"Qwen2.5 Technical Report (Alibaba, 2024), validation loss",fixed_recipe,1e+22,8192,1.0,0.1,0.0,3,True,exponential,True,0.021829782822880617
"Qwen2.5 Technical Report (Alibaba, 2024), validation loss",fixed_recipe,1e+22,8192,1.0,0.1,0.05,3,True,exponential,True,0.0205577952268996
"Qwen2.5 Technical Report (Alibaba, 2024), validation loss",fixed_recipe,1e+22,8192,1.1,-0.1,-0.05,3,True,exponential,True,0.025261092937650886
"Qwen2.5 Technical Report (Alibaba, 2024), validation loss",fixed_recipe,1e+22,8192,1.1,-0.1,0.0,3,True,exponential,True,0.02375107523517883
"Qwen2.5 Technical Report (Alibaba, 2024), validation loss",fixed_recipe,1e+22,8192,1.1,-0.1,0.05,3,True,exponential,True,0.02220715281670138
"Qwen2.5 Technical Report (Alibaba, 2024), validation loss",fixed_recipe,1e+22,8192,1.1,0.0,-0.05,3,True,exponential,True,0.0224891622831791
"Qwen2.5 Technical Report (Alibaba, 2024), validation loss",fixed_recipe,1e+22,8192,1.1,0.0,0.0,3,True,exponential,True,0.020937194609064846
"Qwen2.5 Technical Report (Alibaba, 2024), validation loss",fixed_recipe,1e+22,8192,1.1,0.0,0.05,3,True,exponential,True,0.019396738205848862
"Qwen2.5 Technical Report (Alibaba, 2024), validation loss",fixed_recipe,1e+22,8192,1.1,0.1,-0.05,3,True,exponential,True,0.019675007537671263
"Qwen2.5 Technical Report (Alibaba, 2024), validation loss",fixed_recipe,1e+22,8192,1.1,0.1,0.0,3,True,exponential,True,0.018159133906127778
"Qwen2.5 Technical Report (Alibaba, 2024), validation loss",fixed_recipe,1e+22,8192,1.1,0.1,0.05,3,True,exponential,True,0.016688731946020496
"Qwen2.5 Technical Report (Alibaba, 2024), validation loss",fixed_recipe,1e+22,131072,0.9,-0.1,-0.05,3,True,exponential,True,0.015350125917990454
"Qwen2.5 Technical Report (Alibaba, 2024), validation loss",fixed_recipe,1e+22,131072,0.9,-0.1,0.0,3,True,exponential,True,0.01503683687646884
"Qwen2.5 Technical Report (Alibaba, 2024), validation loss",fixed_recipe,1e+22,131072,0.9,-0.1,0.05,3,True,exponential,True,0.014658571660874031
"Qwen2.5 Technical Report (Alibaba, 2024), validation loss",fixed_recipe,1e+22,131072,0.9,0.0,-0.05,3,True,exponential,True,0.014566375753801708
"Qwen2.5 Technical Report (Alibaba, 2024), validation loss",fixed_recipe,1e+22,131072,0.9,0.0,0.0,3,True,exponential,True,0.014118265937277386
"Qwen2.5 Technical Report (Alibaba, 2024), validation loss",fixed_recipe,1e+22,131072,0.9,0.0,0.05,3,True,exponential,True,0.013621675766476216
"Qwen2.5 Technical Report (Alibaba, 2024), validation loss",fixed_recipe,1e+22,131072,0.9,0.1,-0.05,3,True,exponential,True,0.013505563310989288
"Qwen2.5 Technical Report (Alibaba, 2024), validation loss",fixed_recipe,1e+22,131072,0.9,0.1,0.0,3,True,exponential,True,0.01296092993003839
"Qwen2.5 Technical Report (Alibaba, 2024), validation loss",fixed_recipe,1e+22,131072,0.9,0.1,0.05,3,True,exponential,True,0.012386287254926742
"Qwen2.5 Technical Report (Alibaba, 2024), validation loss",fixed_recipe,1e+22,131072,1.0,-0.1,-0.05,3,True,exponential,True,0.01478503887633309
"Qwen2.5 Technical Report (Alibaba, 2024), validation loss",fixed_recipe,1e+22,131072,1.0,-0.1,0.0,3,True,exponential,True,0.014095620756748417
"Qwen2.5 Technical Report (Alibaba, 2024), validation loss",fixed_recipe,1e+22,131072,1.0,-0.1,0.05,3,True,exponential,True,0.013370528158745287
"Qwen2.5 Technical Report (Alibaba, 2024), validation loss",fixed_recipe,1e+22,131072,1.0,0.0,-0.05,3,True,exponential,True,0.013370528158763051
"Qwen2.5 Technical Report (Alibaba, 2024), validation loss",fixed_recipe,1e+22,131072,1.0,0.0,0.0,3,True,exponential,True,0.012622007678011471
"Qwen2.5 Technical Report (Alibaba, 2024), validation loss",fixed_recipe,1e+22,131072,1.0,0.0,0.05,3,True,exponential,True,0.011861521508205186
"Qwen2.5 Technical Report (Alibaba, 2024), validation loss",fixed_recipe,1e+22,131072,1.0,0.1,-0.05,3,True,exponential,True,0.011861521508208739
"Qwen2.5 Technical Report (Alibaba, 2024), validation loss",fixed_recipe,1e+22,131072,1.0,0.1,0.0,3,True,exponential,True,0.011099486501496614
"Qwen2.5 Technical Report (Alibaba, 2024), validation loss",fixed_recipe,1e+22,131072,1.0,0.1,0.05,3,True,exponential,True,0.010345097780540158
"Qwen2.5 Technical Report (Alibaba, 2024), validation loss",fixed_recipe,1e+22,131072,1.1,-0.1,-0.05,3,True,exponential,True,0.012766048557054432
"Qwen2.5 Technical Report (Alibaba, 2024), validation loss",fixed_recipe,1e+22,131072,1.1,-0.1,0.0,3,True,exponential,True,0.011846413315712567
"Qwen2.5 Technical Report (Alibaba, 2024), validation loss",fixed_recipe,1e+22,131072,1.1,-0.1,0.05,3,True,exponential,True,0.01094171008768896
"Qwen2.5 Technical Report (Alibaba, 2024), validation loss",fixed_recipe,1e+22,131072,1.1,0.0,-0.05,3,True,exponential,True,0.011104585305876213
"Qwen2.5 Technical Report (Alibaba, 2024), validation loss",fixed_recipe,1e+22,131072,1.1,0.0,0.0,3,True,exponential,True,0.010220062371731231
"Qwen2.5 Technical Report (Alibaba, 2024), validation loss",fixed_recipe,1e+22,131072,1.1,0.0,0.05,3,True,exponential,True,0.009368096917441449
"Qwen2.5 Technical Report (Alibaba, 2024), validation loss",fixed_recipe,1e+22,131072,1.1,0.1,-0.05,3,True,exponential,True,0.009520247671300552
"Qwen2.5 Technical Report (Alibaba, 2024), validation loss",fixed_recipe,1e+22,131072,1.1,0.1,0.0,3,True,exponential,True,0.008700023079766694
"Qwen2.5 Technical Report (Alibaba, 2024), validation loss",fixed_recipe,1e+22,131072,1.1,0.1,0.05,3,True,exponential,True,0.007923184092550883
"Qwen2.5 Technical Report (Alibaba, 2024), validation loss",fixed_recipe,1e+24,2048,0.9,-0.1,-0.05,3,False,,,
"Qwen2.5 Technical Report (Alibaba, 2024), validation loss",fixed_recipe,1e+24,2048,0.9,-0.1,0.0,3,False,,,
"Qwen2.5 Technical Report (Alibaba, 2024), validation loss",fixed_recipe,1e+24,2048,0.9,-0.1,0.05,3,False,,,
"Qwen2.5 Technical Report (Alibaba, 2024), validation loss",fixed_recipe,1e+24,2048,0.9,0.0,-0.05,3,False,,,
"Qwen2.5 Technical Report (Alibaba, 2024), validation loss",fixed_recipe,1e+24,2048,0.9,0.0,0.0,3,False,,,
"Qwen2.5 Technical Report (Alibaba, 2024), validation loss",fixed_recipe,1e+24,2048,0.9,0.0,0.05,3,True,exponential;power;logarithmic,False,0.0
"Qwen2.5 Technical Report (Alibaba, 2024), validation loss",fixed_recipe,1e+24,2048,0.9,0.1,-0.05,3,True,exponential;power;logarithmic,False,0.0
"Qwen2.5 Technical Report (Alibaba, 2024), validation loss",fixed_recipe,1e+24,2048,0.9,0.1,0.0,3,True,exponential;power;logarithmic,False,0.0
"Qwen2.5 Technical Report (Alibaba, 2024), validation loss",fixed_recipe,1e+24,2048,0.9,0.1,0.05,3,True,exponential;power;logarithmic,False,0.0
"Qwen2.5 Technical Report (Alibaba, 2024), validation loss",fixed_recipe,1e+24,2048,1.0,-0.1,-0.05,3,True,exponential;power;logarithmic,False,0.0
"Qwen2.5 Technical Report (Alibaba, 2024), validation loss",fixed_recipe,1e+24,2048,1.0,-0.1,0.0,3,True,exponential;power;logarithmic,False,0.0
"Qwen2.5 Technical Report (Alibaba, 2024), validation loss",fixed_recipe,1e+24,2048,1.0,-0.1,0.05,3,True,exponential;power;logarithmic,False,0.0
"Qwen2.5 Technical Report (Alibaba, 2024), validation loss",fixed_recipe,1e+24,2048,1.0,0.0,-0.05,3,True,exponential;power;logarithmic,False,0.0
"Qwen2.5 Technical Report (Alibaba, 2024), validation loss",fixed_recipe,1e+24,2048,1.0,0.0,0.0,3,True,exponential;power;logarithmic,False,0.0
"Qwen2.5 Technical Report (Alibaba, 2024), validation loss",fixed_recipe,1e+24,2048,1.0,0.0,0.05,3,True,exponential;power;logarithmic,False,0.0
"Qwen2.5 Technical Report (Alibaba, 2024), validation loss",fixed_recipe,1e+24,2048,1.0,0.1,-0.05,3,True,exponential;power;logarithmic,False,0.0
"Qwen2.5 Technical Report (Alibaba, 2024), validation loss",fixed_recipe,1e+24,2048,1.0,0.1,0.0,3,True,exponential;power;logarithmic,False,0.0
"Qwen2.5 Technical Report (Alibaba, 2024), validation loss",fixed_recipe,1e+24,2048,1.0,0.1,0.05,3,True,exponential;power;logarithmic,False,0.0
"Qwen2.5 Technical Report (Alibaba, 2024), validation loss",fixed_recipe,1e+24,2048,1.1,-0.1,-0.05,3,True,exponential;power;logarithmic,False,0.0
"Qwen2.5 Technical Report (Alibaba, 2024), validation loss",fixed_recipe,1e+24,2048,1.1,-0.1,0.0,3,True,exponential;power;logarithmic,False,0.0
"Qwen2.5 Technical Report (Alibaba, 2024), validation loss",fixed_recipe,1e+24,2048,1.1,-0.1,0.05,3,True,exponential;power;logarithmic,False,0.0
"Qwen2.5 Technical Report (Alibaba, 2024), validation loss",fixed_recipe,1e+24,2048,1.1,0.0,-0.05,3,True,exponential;power;logarithmic,False,0.0
"Qwen2.5 Technical Report (Alibaba, 2024), validation loss",fixed_recipe,1e+24,2048,1.1,0.0,0.0,3,True,exponential;power;logarithmic,False,0.0
"Qwen2.5 Technical Report (Alibaba, 2024), validation loss",fixed_recipe,1e+24,2048,1.1,0.0,0.05,3,True,exponential;power;logarithmic,False,0.0
"Qwen2.5 Technical Report (Alibaba, 2024), validation loss",fixed_recipe,1e+24,2048,1.1,0.1,-0.05,3,True,exponential;power;logarithmic,False,0.0
"Qwen2.5 Technical Report (Alibaba, 2024), validation loss",fixed_recipe,1e+24,2048,1.1,0.1,0.0,3,True,exponential;power;logarithmic,False,0.0
"Qwen2.5 Technical Report (Alibaba, 2024), validation loss",fixed_recipe,1e+24,2048,1.1,0.1,0.05,3,True,exponential;power;logarithmic,False,0.0
"Qwen2.5 Technical Report (Alibaba, 2024), validation loss",fixed_recipe,1e+24,8192,0.9,-0.1,-0.05,3,False,,,
"Qwen2.5 Technical Report (Alibaba, 2024), validation loss",fixed_recipe,1e+24,8192,0.9,-0.1,0.0,3,False,,,
"Qwen2.5 Technical Report (Alibaba, 2024), validation loss",fixed_recipe,1e+24,8192,0.9,-0.1,0.05,3,False,,,
"Qwen2.5 Technical Report (Alibaba, 2024), validation loss",fixed_recipe,1e+24,8192,0.9,0.0,-0.05,3,False,,,
"Qwen2.5 Technical Report (Alibaba, 2024), validation loss",fixed_recipe,1e+24,8192,0.9,0.0,0.0,3,False,,,
"Qwen2.5 Technical Report (Alibaba, 2024), validation loss",fixed_recipe,1e+24,8192,0.9,0.0,0.05,3,True,exponential;power;logarithmic,False,0.0
"Qwen2.5 Technical Report (Alibaba, 2024), validation loss",fixed_recipe,1e+24,8192,0.9,0.1,-0.05,3,True,exponential;power;logarithmic,False,0.0
"Qwen2.5 Technical Report (Alibaba, 2024), validation loss",fixed_recipe,1e+24,8192,0.9,0.1,0.0,3,True,exponential;power;logarithmic,False,0.0
"Qwen2.5 Technical Report (Alibaba, 2024), validation loss",fixed_recipe,1e+24,8192,0.9,0.1,0.05,3,True,exponential;power;logarithmic,False,0.0
"Qwen2.5 Technical Report (Alibaba, 2024), validation loss",fixed_recipe,1e+24,8192,1.0,-0.1,-0.05,3,True,exponential;power;logarithmic,False,0.0
"Qwen2.5 Technical Report (Alibaba, 2024), validation loss",fixed_recipe,1e+24,8192,1.0,-0.1,0.0,3,True,exponential;power;logarithmic,False,0.0
"Qwen2.5 Technical Report (Alibaba, 2024), validation loss",fixed_recipe,1e+24,8192,1.0,-0.1,0.05,3,True,exponential;power;logarithmic,False,0.0
"Qwen2.5 Technical Report (Alibaba, 2024), validation loss",fixed_recipe,1e+24,8192,1.0,0.0,-0.05,3,True,exponential;power;logarithmic,False,0.0
"Qwen2.5 Technical Report (Alibaba, 2024), validation loss",fixed_recipe,1e+24,8192,1.0,0.0,0.0,3,True,exponential;power;logarithmic,False,0.0
"Qwen2.5 Technical Report (Alibaba, 2024), validation loss",fixed_recipe,1e+24,8192,1.0,0.0,0.05,3,True,exponential;power;logarithmic,False,0.0
"Qwen2.5 Technical Report (Alibaba, 2024), validation loss",fixed_recipe,1e+24,8192,1.0,0.1,-0.05,3,True,exponential;power;logarithmic,False,0.0
"Qwen2.5 Technical Report (Alibaba, 2024), validation loss",fixed_recipe,1e+24,8192,1.0,0.1,0.0,3,True,exponential;power;logarithmic,False,0.0
"Qwen2.5 Technical Report (Alibaba, 2024), validation loss",fixed_recipe,1e+24,8192,1.0,0.1,0.05,3,True,exponential;power;logarithmic,False,0.0
"Qwen2.5 Technical Report (Alibaba, 2024), validation loss",fixed_recipe,1e+24,8192,1.1,-0.1,-0.05,3,True,exponential;power;logarithmic,False,0.0
"Qwen2.5 Technical Report (Alibaba, 2024), validation loss",fixed_recipe,1e+24,8192,1.1,-0.1,0.0,3,True,exponential;power;logarithmic,False,0.0
"Qwen2.5 Technical Report (Alibaba, 2024), validation loss",fixed_recipe,1e+24,8192,1.1,-0.1,0.05,3,True,exponential;power;logarithmic,False,0.0
"Qwen2.5 Technical Report (Alibaba, 2024), validation loss",fixed_recipe,1e+24,8192,1.1,0.0,-0.05,3,True,exponential;power;logarithmic,False,0.0
"Qwen2.5 Technical Report (Alibaba, 2024), validation loss",fixed_recipe,1e+24,8192,1.1,0.0,0.0,3,True,exponential;power;logarithmic,False,0.0
"Qwen2.5 Technical Report (Alibaba, 2024), validation loss",fixed_recipe,1e+24,8192,1.1,0.0,0.05,3,True,exponential;power;logarithmic,False,0.0
"Qwen2.5 Technical Report (Alibaba, 2024), validation loss",fixed_recipe,1e+24,8192,1.1,0.1,-0.05,3,True,exponential;power;logarithmic,False,0.0
"Qwen2.5 Technical Report (Alibaba, 2024), validation loss",fixed_recipe,1e+24,8192,1.1,0.1,0.0,3,True,exponential;power;logarithmic,False,0.0
"Qwen2.5 Technical Report (Alibaba, 2024), validation loss",fixed_recipe,1e+24,8192,1.1,0.1,0.05,3,True,exponential;power;logarithmic,False,0.0
"Qwen2.5 Technical Report (Alibaba, 2024), validation loss",fixed_recipe,1e+24,131072,0.9,-0.1,-0.05,3,False,,,
"Qwen2.5 Technical Report (Alibaba, 2024), validation loss",fixed_recipe,1e+24,131072,0.9,-0.1,0.0,3,False,,,
"Qwen2.5 Technical Report (Alibaba, 2024), validation loss",fixed_recipe,1e+24,131072,0.9,-0.1,0.05,3,False,,,
"Qwen2.5 Technical Report (Alibaba, 2024), validation loss",fixed_recipe,1e+24,131072,0.9,0.0,-0.05,3,False,,,
"Qwen2.5 Technical Report (Alibaba, 2024), validation loss",fixed_recipe,1e+24,131072,0.9,0.0,0.0,3,False,,,
"Qwen2.5 Technical Report (Alibaba, 2024), validation loss",fixed_recipe,1e+24,131072,0.9,0.0,0.05,3,True,exponential;power;logarithmic,False,0.0
"Qwen2.5 Technical Report (Alibaba, 2024), validation loss",fixed_recipe,1e+24,131072,0.9,0.1,-0.05,3,True,exponential;power;logarithmic,False,0.0
"Qwen2.5 Technical Report (Alibaba, 2024), validation loss",fixed_recipe,1e+24,131072,0.9,0.1,0.0,3,True,exponential;power;logarithmic,False,0.0
"Qwen2.5 Technical Report (Alibaba, 2024), validation loss",fixed_recipe,1e+24,131072,0.9,0.1,0.05,3,True,exponential;power;logarithmic,False,0.0
"Qwen2.5 Technical Report (Alibaba, 2024), validation loss",fixed_recipe,1e+24,131072,1.0,-0.1,-0.05,3,True,exponential;power;logarithmic,False,0.0
"Qwen2.5 Technical Report (Alibaba, 2024), validation loss",fixed_recipe,1e+24,131072,1.0,-0.1,0.0,3,True,exponential;power;logarithmic,False,0.0
"Qwen2.5 Technical Report (Alibaba, 2024), validation loss",fixed_recipe,1e+24,131072,1.0,-0.1,0.05,3,True,exponential;power;logarithmic,False,0.0
"Qwen2.5 Technical Report (Alibaba, 2024), validation loss",fixed_recipe,1e+24,131072,1.0,0.0,-0.05,3,True,exponential;power;logarithmic,False,0.0
"Qwen2.5 Technical Report (Alibaba, 2024), validation loss",fixed_recipe,1e+24,131072,1.0,0.0,0.0,3,True,exponential;power;logarithmic,False,0.0
"Qwen2.5 Technical Report (Alibaba, 2024), validation loss",fixed_recipe,1e+24,131072,1.0,0.0,0.05,3,True,exponential;power;logarithmic,False,0.0
"Qwen2.5 Technical Report (Alibaba, 2024), validation loss",fixed_recipe,1e+24,131072,1.0,0.1,-0.05,3,True,exponential;power;logarithmic,False,0.0
"Qwen2.5 Technical Report (Alibaba, 2024), validation loss",fixed_recipe,1e+24,131072,1.0,0.1,0.0,3,True,exponential;power;logarithmic,False,0.0
"Qwen2.5 Technical Report (Alibaba, 2024), validation loss",fixed_recipe,1e+24,131072,1.0,0.1,0.05,3,True,exponential;power;logarithmic,False,0.0
"Qwen2.5 Technical Report (Alibaba, 2024), validation loss",fixed_recipe,1e+24,131072,1.1,-0.1,-0.05,3,True,exponential;power;logarithmic,False,0.0
"Qwen2.5 Technical Report (Alibaba, 2024), validation loss",fixed_recipe,1e+24,131072,1.1,-0.1,0.0,3,True,exponential;power;logarithmic,False,0.0
"Qwen2.5 Technical Report (Alibaba, 2024), validation loss",fixed_recipe,1e+24,131072,1.1,-0.1,0.05,3,True,exponential;power;logarithmic,False,0.0
"Qwen2.5 Technical Report (Alibaba, 2024), validation loss",fixed_recipe,1e+24,131072,1.1,0.0,-0.05,3,True,exponential;power;logarithmic,False,0.0
"Qwen2.5 Technical Report (Alibaba, 2024), validation loss",fixed_recipe,1e+24,131072,1.1,0.0,0.0,3,True,exponential;power;logarithmic,False,0.0
"Qwen2.5 Technical Report (Alibaba, 2024), validation loss",fixed_recipe,1e+24,131072,1.1,0.0,0.05,3,True,exponential;power;logarithmic,False,0.0
"Qwen2.5 Technical Report (Alibaba, 2024), validation loss",fixed_recipe,1e+24,131072,1.1,0.1,-0.05,3,True,exponential;power;logarithmic,False,0.0
"Qwen2.5 Technical Report (Alibaba, 2024), validation loss",fixed_recipe,1e+24,131072,1.1,0.1,0.0,3,True,exponential;power;logarithmic,False,0.0
"Qwen2.5 Technical Report (Alibaba, 2024), validation loss",fixed_recipe,1e+24,131072,1.1,0.1,0.05,3,True,exponential;power;logarithmic,False,0.0
"Qwen2.5 Technical Report (Alibaba, 2024), validation loss",independent_native_Q,1e+19,2048,0.9,-0.1,-0.05,3,False,,,
"Qwen2.5 Technical Report (Alibaba, 2024), validation loss",independent_native_Q,1e+19,2048,0.9,-0.1,0.0,3,False,,,
"Qwen2.5 Technical Report (Alibaba, 2024), validation loss",independent_native_Q,1e+19,2048,0.9,-0.1,0.05,3,False,,,
"Qwen2.5 Technical Report (Alibaba, 2024), validation loss",independent_native_Q,1e+19,2048,0.9,0.0,-0.05,3,False,,,
"Qwen2.5 Technical Report (Alibaba, 2024), validation loss",independent_native_Q,1e+19,2048,0.9,0.0,0.0,3,False,,,
"Qwen2.5 Technical Report (Alibaba, 2024), validation loss",independent_native_Q,1e+19,2048,0.9,0.0,0.05,3,False,,,
"Qwen2.5 Technical Report (Alibaba, 2024), validation loss",independent_native_Q,1e+19,2048,0.9,0.1,-0.05,3,False,,,
"Qwen2.5 Technical Report (Alibaba, 2024), validation loss",independent_native_Q,1e+19,2048,0.9,0.1,0.0,3,False,,,
"Qwen2.5 Technical Report (Alibaba, 2024), validation loss",independent_native_Q,1e+19,2048,0.9,0.1,0.05,3,False,,,
"Qwen2.5 Technical Report (Alibaba, 2024), validation loss",independent_native_Q,1e+19,2048,1.0,-0.1,-0.05,3,False,,,
"Qwen2.5 Technical Report (Alibaba, 2024), validation loss",independent_native_Q,1e+19,2048,1.0,-0.1,0.0,3,False,,,
"Qwen2.5 Technical Report (Alibaba, 2024), validation loss",independent_native_Q,1e+19,2048,1.0,-0.1,0.05,3,False,,,
"Qwen2.5 Technical Report (Alibaba, 2024), validation loss",independent_native_Q,1e+19,2048,1.0,0.0,-0.05,3,False,,,
"Qwen2.5 Technical Report (Alibaba, 2024), validation loss",independent_native_Q,1e+19,2048,1.0,0.0,0.0,3,False,,,
"Qwen2.5 Technical Report (Alibaba, 2024), validation loss",independent_native_Q,1e+19,2048,1.0,0.0,0.05,3,False,,,
"Qwen2.5 Technical Report (Alibaba, 2024), validation loss",independent_native_Q,1e+19,2048,1.0,0.1,-0.05,3,False,,,
"Qwen2.5 Technical Report (Alibaba, 2024), validation loss",independent_native_Q,1e+19,2048,1.0,0.1,0.0,3,False,,,
"Qwen2.5 Technical Report (Alibaba, 2024), validation loss",independent_native_Q,1e+19,2048,1.0,0.1,0.05,3,False,,,
"Qwen2.5 Technical Report (Alibaba, 2024), validation loss",independent_native_Q,1e+19,2048,1.1,-0.1,-0.05,3,False,,,
"Qwen2.5 Technical Report (Alibaba, 2024), validation loss",independent_native_Q,1e+19,2048,1.1,-0.1,0.0,3,False,,,
"Qwen2.5 Technical Report (Alibaba, 2024), validation loss",independent_native_Q,1e+19,2048,1.1,-0.1,0.05,3,False,,,
"Qwen2.5 Technical Report (Alibaba, 2024), validation loss",independent_native_Q,1e+19,2048,1.1,0.0,-0.05,3,False,,,
"Qwen2.5 Technical Report (Alibaba, 2024), validation loss",independent_native_Q,1e+19,2048,1.1,0.0,0.0,3,False,,,
"Qwen2.5 Technical Report (Alibaba, 2024), validation loss",independent_native_Q,1e+19,2048,1.1,0.0,0.05,3,False,,,
"Qwen2.5 Technical Report (Alibaba, 2024), validation loss",independent_native_Q,1e+19,2048,1.1,0.1,-0.05,3,False,,,
"Qwen2.5 Technical Report (Alibaba, 2024), validation loss",independent_native_Q,1e+19,2048,1.1,0.1,0.0,3,False,,,
"Qwen2.5 Technical Report (Alibaba, 2024), validation loss",independent_native_Q,1e+19,2048,1.1,0.1,0.05,3,False,,,
"Qwen2.5 Technical Report (Alibaba, 2024), validation loss",independent_native_Q,1e+19,8192,0.9,-0.1,-0.05,3,False,,,
"Qwen2.5 Technical Report (Alibaba, 2024), validation loss",independent_native_Q,1e+19,8192,0.9,-0.1,0.0,3,False,,,
"Qwen2.5 Technical Report (Alibaba, 2024), validation loss",independent_native_Q,1e+19,8192,0.9,-0.1,0.05,3,False,,,
"Qwen2.5 Technical Report (Alibaba, 2024), validation loss",independent_native_Q,1e+19,8192,0.9,0.0,-0.05,3,False,,,
"Qwen2.5 Technical Report (Alibaba, 2024), validation loss",independent_native_Q,1e+19,8192,0.9,0.0,0.0,3,False,,,
"Qwen2.5 Technical Report (Alibaba, 2024), validation loss",independent_native_Q,1e+19,8192,0.9,0.0,0.05,3,False,,,
"Qwen2.5 Technical Report (Alibaba, 2024), validation loss",independent_native_Q,1e+19,8192,0.9,0.1,-0.05,3,False,,,
"Qwen2.5 Technical Report (Alibaba, 2024), validation loss",independent_native_Q,1e+19,8192,0.9,0.1,0.0,3,False,,,
"Qwen2.5 Technical Report (Alibaba, 2024), validation loss",independent_native_Q,1e+19,8192,0.9,0.1,0.05,3,False,,,
"Qwen2.5 Technical Report (Alibaba, 2024), validation loss",independent_native_Q,1e+19,8192,1.0,-0.1,-0.05,3,False,,,
"Qwen2.5 Technical Report (Alibaba, 2024), validation loss",independent_native_Q,1e+19,8192,1.0,-0.1,0.0,3,False,,,
"Qwen2.5 Technical Report (Alibaba, 2024), validation loss",independent_native_Q,1e+19,8192,1.0,-0.1,0.05,3,False,,,
"Qwen2.5 Technical Report (Alibaba, 2024), validation loss",independent_native_Q,1e+19,8192,1.0,0.0,-0.05,3,False,,,
"Qwen2.5 Technical Report (Alibaba, 2024), validation loss",independent_native_Q,1e+19,8192,1.0,0.0,0.0,3,False,,,
"Qwen2.5 Technical Report (Alibaba, 2024), validation loss",independent_native_Q,1e+19,8192,1.0,0.0,0.05,3,False,,,
"Qwen2.5 Technical Report (Alibaba, 2024), validation loss",independent_native_Q,1e+19,8192,1.0,0.1,-0.05,3,False,,,
"Qwen2.5 Technical Report (Alibaba, 2024), validation loss",independent_native_Q,1e+19,8192,1.0,0.1,0.0,3,False,,,
"Qwen2.5 Technical Report (Alibaba, 2024), validation loss",independent_native_Q,1e+19,8192,1.0,0.1,0.05,3,False,,,
"Qwen2.5 Technical Report (Alibaba, 2024), validation loss",independent_native_Q,1e+19,8192,1.1,-0.1,-0.05,3,False,,,
"Qwen2.5 Technical Report (Alibaba, 2024), validation loss",independent_native_Q,1e+19,8192,1.1,-0.1,0.0,3,False,,,
"Qwen2.5 Technical Report (Alibaba, 2024), validation loss",independent_native_Q,1e+19,8192,1.1,-0.1,0.05,3,False,,,
"Qwen2.5 Technical Report (Alibaba, 2024), validation loss",independent_native_Q,1e+19,8192,1.1,0.0,-0.05,3,False,,,
"Qwen2.5 Technical Report (Alibaba, 2024), validation loss",independent_native_Q,1e+19,8192,1.1,0.0,0.0,3,False,,,
"Qwen2.5 Technical Report (Alibaba, 2024), validation loss",independent_native_Q,1e+19,8192,1.1,0.0,0.05,3,False,,,
"Qwen2.5 Technical Report (Alibaba, 2024), validation loss",independent_native_Q,1e+19,8192,1.1,0.1,-0.05,3,False,,,
"Qwen2.5 Technical Report (Alibaba, 2024), validation loss",independent_native_Q,1e+19,8192,1.1,0.1,0.0,3,False,,,
"Qwen2.5 Technical Report (Alibaba, 2024), validation loss",independent_native_Q,1e+19,8192,1.1,0.1,0.05,3,False,,,
"Qwen2.5 Technical Report (Alibaba, 2024), validation loss",independent_native_Q,1e+19,131072,0.9,-0.1,-0.05,0,False,,,
"Qwen2.5 Technical Report (Alibaba, 2024), validation loss",independent_native_Q,1e+19,131072,0.9,-0.1,0.0,0,False,,,
"Qwen2.5 Technical Report (Alibaba, 2024), validation loss",independent_native_Q,1e+19,131072,0.9,-0.1,0.05,0,False,,,
"Qwen2.5 Technical Report (Alibaba, 2024), validation loss",independent_native_Q,1e+19,131072,0.9,0.0,-0.05,0,False,,,
"Qwen2.5 Technical Report (Alibaba, 2024), validation loss",independent_native_Q,1e+19,131072,0.9,0.0,0.0,0,False,,,
"Qwen2.5 Technical Report (Alibaba, 2024), validation loss",independent_native_Q,1e+19,131072,0.9,0.0,0.05,0,False,,,
"Qwen2.5 Technical Report (Alibaba, 2024), validation loss",independent_native_Q,1e+19,131072,0.9,0.1,-0.05,0,False,,,
"Qwen2.5 Technical Report (Alibaba, 2024), validation loss",independent_native_Q,1e+19,131072,0.9,0.1,0.0,0,False,,,
"Qwen2.5 Technical Report (Alibaba, 2024), validation loss",independent_native_Q,1e+19,131072,0.9,0.1,0.05,0,False,,,
"Qwen2.5 Technical Report (Alibaba, 2024), validation loss",independent_native_Q,1e+19,131072,1.0,-0.1,-0.05,0,False,,,
"Qwen2.5 Technical Report (Alibaba, 2024), validation loss",independent_native_Q,1e+19,131072,1.0,-0.1,0.0,0,False,,,
"Qwen2.5 Technical Report (Alibaba, 2024), validation loss",independent_native_Q,1e+19,131072,1.0,-0.1,0.05,0,False,,,
"Qwen2.5 Technical Report (Alibaba, 2024), validation loss",independent_native_Q,1e+19,131072,1.0,0.0,-0.05,0,False,,,
"Qwen2.5 Technical Report (Alibaba, 2024), validation loss",independent_native_Q,1e+19,131072,1.0,0.0,0.0,0,False,,,
"Qwen2.5 Technical Report (Alibaba, 2024), validation loss",independent_native_Q,1e+19,131072,1.0,0.0,0.05,0,False,,,
"Qwen2.5 Technical Report (Alibaba, 2024), validation loss",independent_native_Q,1e+19,131072,1.0,0.1,-0.05,0,False,,,
"Qwen2.5 Technical Report (Alibaba, 2024), validation loss",independent_native_Q,1e+19,131072,1.0,0.1,0.0,0,False,,,
"Qwen2.5 Technical Report (Alibaba, 2024), validation loss",independent_native_Q,1e+19,131072,1.0,0.1,0.05,0,False,,,
"Qwen2.5 Technical Report (Alibaba, 2024), validation loss",independent_native_Q,1e+19,131072,1.1,-0.1,-0.05,0,False,,,
"Qwen2.5 Technical Report (Alibaba, 2024), validation loss",independent_native_Q,1e+19,131072,1.1,-0.1,0.0,0,False,,,
"Qwen2.5 Technical Report (Alibaba, 2024), validation loss",independent_native_Q,1e+19,131072,1.1,-0.1,0.05,0,False,,,
"Qwen2.5 Technical Report (Alibaba, 2024), validation loss",independent_native_Q,1e+19,131072,1.1,0.0,-0.05,0,False,,,
"Qwen2.5 Technical Report (Alibaba, 2024), validation loss",independent_native_Q,1e+19,131072,1.1,0.0,0.0,0,False,,,
"Qwen2.5 Technical Report (Alibaba, 2024), validation loss",independent_native_Q,1e+19,131072,1.1,0.0,0.05,0,False,,,
"Qwen2.5 Technical Report (Alibaba, 2024), validation loss",independent_native_Q,1e+19,131072,1.1,0.1,-0.05,0,False,,,
"Qwen2.5 Technical Report (Alibaba, 2024), validation loss",independent_native_Q,1e+19,131072,1.1,0.1,0.0,0,False,,,
"Qwen2.5 Technical Report (Alibaba, 2024), validation loss",independent_native_Q,1e+19,131072,1.1,0.1,0.05,0,False,,,
"Qwen2.5 Technical Report (Alibaba, 2024), validation loss",independent_native_Q,1e+20,2048,0.9,-0.1,-0.05,3,True,logarithmic,True,2.77133153578529
"Qwen2.5 Technical Report (Alibaba, 2024), validation loss",independent_native_Q,1e+20,2048,0.9,-0.1,0.0,3,True,logarithmic,True,2.6450296180356574
"Qwen2.5 Technical Report (Alibaba, 2024), validation loss",independent_native_Q,1e+20,2048,0.9,-0.1,0.05,3,True,logarithmic,True,2.5145632065117134
"Qwen2.5 Technical Report (Alibaba, 2024), validation loss",independent_native_Q,1e+20,2048,0.9,0.0,-0.05,3,True,logarithmic,True,2.4851750127300605
"Qwen2.5 Technical Report (Alibaba, 2024), validation loss",independent_native_Q,1e+20,2048,0.9,0.0,0.0,3,True,logarithmic,True,2.3518703353275754
"Qwen2.5 Technical Report (Alibaba, 2024), validation loss",independent_native_Q,1e+20,2048,0.9,0.0,0.05,3,True,logarithmic,True,2.21793487598789
"Qwen2.5 Technical Report (Alibaba, 2024), validation loss",independent_native_Q,1e+20,2048,0.9,0.1,-0.05,3,True,logarithmic,True,2.1882258113152595
"Qwen2.5 Technical Report (Alibaba, 2024), validation loss",independent_native_Q,1e+20,2048,0.9,0.1,0.0,3,True,logarithmic,True,2.055350531980501
"Qwen2.5 Technical Report (Alibaba, 2024), validation loss",independent_native_Q,1e+20,2048,0.9,0.1,0.05,3,True,logarithmic,True,1.9246423058413473
"Qwen2.5 Technical Report (Alibaba, 2024), validation loss",independent_native_Q,1e+20,2048,1.0,-0.1,-0.05,3,True,logarithmic,True,2.281654843626775
"Qwen2.5 Technical Report (Alibaba, 2024), validation loss",independent_native_Q,1e+20,2048,1.0,-0.1,0.0,3,True,logarithmic,True,2.120555259507624
"Qwen2.5 Technical Report (Alibaba, 2024), validation loss",independent_native_Q,1e+20,2048,1.0,-0.1,0.05,3,True,logarithmic,True,1.963923733184762
"Qwen2.5 Technical Report (Alibaba, 2024), validation loss",independent_native_Q,1e+20,2048,1.0,0.0,-0.05,3,True,logarithmic,True,1.9639237331847585
"Qwen2.5 Technical Report (Alibaba, 2024), validation loss",independent_native_Q,1e+20,2048,1.0,0.0,0.0,3,True,logarithmic,True,1.812956456967548
"Qwen2.5 Technical Report (Alibaba, 2024), validation loss",independent_native_Q,1e+20,2048,1.0,0.0,0.05,3,True,logarithmic,True,1.6685767545731665
"Qwen2.5 Technical Report (Alibaba, 2024), validation loss",independent_native_Q,1e+20,2048,1.0,0.1,-0.05,3,True,logarithmic,True,1.6685767545731665
"Qwen2.5 Technical Report (Alibaba, 2024), validation loss",independent_native_Q,1e+20,2048,1.0,0.1,0.0,3,True,logarithmic,True,1.531456634835843
"Qwen2.5 Technical Report (Alibaba, 2024), validation loss",independent_native_Q,1e+20,2048,1.0,0.1,0.05,3,True,logarithmic,True,1.4020431432075604
"Qwen2.5 Technical Report (Alibaba, 2024), validation loss",independent_native_Q,1e+20,2048,1.1,-0.1,-0.05,3,True,logarithmic,True,1.6975355724076397
"Qwen2.5 Technical Report (Alibaba, 2024), validation loss",independent_native_Q,1e+20,2048,1.1,-0.1,0.0,3,True,logarithmic,True,1.5406008136688634
"Qwen2.5 Technical Report (Alibaba, 2024), validation loss",independent_native_Q,1e+20,2048,1.1,-0.1,0.05,3,True,logarithmic,True,1.3942529372032268
"Qwen2.5 Technical Report (Alibaba, 2024), validation loss",independent_native_Q,1e+20,2048,1.1,0.0,-0.05,3,True,logarithmic,True,1.4200659885590703
"Qwen2.5 Technical Report (Alibaba, 2024), validation loss",independent_native_Q,1e+20,2048,1.1,0.0,0.0,3,True,logarithmic,True,1.282473406335007
"Qwen2.5 Technical Report (Alibaba, 2024), validation loss",independent_native_Q,1e+20,2048,1.1,0.0,0.05,3,False,,,
"Qwen2.5 Technical Report (Alibaba, 2024), validation loss",independent_native_Q,1e+20,2048,1.1,0.1,-0.05,3,False,,,
"Qwen2.5 Technical Report (Alibaba, 2024), validation loss",independent_native_Q,1e+20,2048,1.1,0.1,0.0,3,False,,,
"Qwen2.5 Technical Report (Alibaba, 2024), validation loss",independent_native_Q,1e+20,2048,1.1,0.1,0.05,3,False,,,
"Qwen2.5 Technical Report (Alibaba, 2024), validation loss",independent_native_Q,1e+20,8192,0.9,-0.1,-0.05,3,True,logarithmic,True,2.7045558989599776
"Qwen2.5 Technical Report (Alibaba, 2024), validation loss",independent_native_Q,1e+20,8192,0.9,-0.1,0.0,3,True,logarithmic,True,2.57687557404223
"Qwen2.5 Technical Report (Alibaba, 2024), validation loss",independent_native_Q,1e+20,8192,0.9,-0.1,0.05,3,True,logarithmic,True,2.4457763664536287
"Qwen2.5 Technical Report (Alibaba, 2024), validation loss",independent_native_Q,1e+20,8192,0.9,0.0,-0.05,3,True,logarithmic,True,2.416343279123083
"Qwen2.5 Technical Report (Alibaba, 2024), validation loss",independent_native_Q,1e+20,8192,0.9,0.0,0.0,3,True,logarithmic,True,2.283238105223205
"Qwen2.5 Technical Report (Alibaba, 2024), validation loss",independent_native_Q,1e+20,8192,0.9,0.0,0.05,3,True,logarithmic,True,2.1501061354068334
"Qwen2.5 Technical Report (Alibaba, 2024), validation loss",independent_native_Q,1e+20,8192,0.9,0.1,-0.05,3,True,logarithmic,True,2.1206500665505637
"Qwen2.5 Technical Report (Alibaba, 2024), validation loss",independent_native_Q,1e+20,8192,0.9,0.1,0.0,3,True,logarithmic,True,1.9892128037643424
"Qwen2.5 Technical Report (Alibaba, 2024), validation loss",independent_native_Q,1e+20,8192,0.9,0.1,0.05,3,True,logarithmic,True,1.8603741217917396
"Qwen2.5 Technical Report (Alibaba, 2024), validation loss",independent_native_Q,1e+20,8192,1.0,-0.1,-0.05,3,True,logarithmic,True,2.2013025344800283
"Qwen2.5 Technical Report (Alibaba, 2024), validation loss",independent_native_Q,1e+20,8192,1.0,-0.1,0.0,3,True,logarithmic,True,2.0427278982310426
"Qwen2.5 Technical Report (Alibaba, 2024), validation loss",independent_native_Q,1e+20,8192,1.0,-0.1,0.05,3,True,logarithmic,True,1.8891453554581528
"Qwen2.5 Technical Report (Alibaba, 2024), validation loss",independent_native_Q,1e+20,8192,1.0,0.0,-0.05,3,True,logarithmic,True,1.8891453554581403
"Qwen2.5 Technical Report (Alibaba, 2024), validation loss",independent_native_Q,1e+20,8192,1.0,0.0,0.0,3,True,logarithmic,True,1.7416264793667846
"Qwen2.5 Technical Report (Alibaba, 2024), validation loss",independent_native_Q,1e+20,8192,1.0,0.0,0.05,3,True,logarithmic,True,1.600979755704266
"Qwen2.5 Technical Report (Alibaba, 2024), validation loss",independent_native_Q,1e+20,8192,1.0,0.1,-0.05,3,True,logarithmic,True,1.600979755704273
"Qwen2.5 Technical Report (Alibaba, 2024), validation loss",independent_native_Q,1e+20,8192,1.0,0.1,0.0,3,True,logarithmic,True,1.467774386752028
"Qwen2.5 Technical Report (Alibaba, 2024), validation loss",independent_native_Q,1e+20,8192,1.0,0.1,0.05,3,True,logarithmic,True,1.3423678466473579
"Qwen2.5 Technical Report (Alibaba, 2024), validation loss",independent_native_Q,1e+20,8192,1.1,-0.1,-0.05,3,True,logarithmic,True,1.6209722484837101
"Qwen2.5 Technical Report (Alibaba, 2024), validation loss",independent_native_Q,1e+20,8192,1.1,-0.1,0.0,3,True,logarithmic,True,1.4692919814659895
"Qwen2.5 Technical Report (Alibaba, 2024), validation loss",independent_native_Q,1e+20,8192,1.1,-0.1,0.05,3,True,logarithmic,True,1.3282247024278586
"Qwen2.5 Technical Report (Alibaba, 2024), validation loss",independent_native_Q,1e+20,8192,1.1,0.0,-0.05,3,True,logarithmic,True,1.3530804808676464
"Qwen2.5 Technical Report (Alibaba, 2024), validation loss",independent_native_Q,1e+20,8192,1.1,0.0,0.0,3,False,,,
"Qwen2.5 Technical Report (Alibaba, 2024), validation loss",independent_native_Q,1e+20,8192,1.1,0.0,0.05,3,False,,,
"Qwen2.5 Technical Report (Alibaba, 2024), validation loss",independent_native_Q,1e+20,8192,1.1,0.1,-0.05,3,False,,,
"Qwen2.5 Technical Report (Alibaba, 2024), validation loss",independent_native_Q,1e+20,8192,1.1,0.1,0.0,3,False,,,
"Qwen2.5 Technical Report (Alibaba, 2024), validation loss",independent_native_Q,1e+20,8192,1.1,0.1,0.05,3,False,,,
"Qwen2.5 Technical Report (Alibaba, 2024), validation loss",independent_native_Q,1e+20,131072,0.9,-0.1,-0.05,3,False,,,
"Qwen2.5 Technical Report (Alibaba, 2024), validation loss",independent_native_Q,1e+20,131072,0.9,-0.1,0.0,3,False,,,
"Qwen2.5 Technical Report (Alibaba, 2024), validation loss",independent_native_Q,1e+20,131072,0.9,-0.1,0.05,3,False,,,
"Qwen2.5 Technical Report (Alibaba, 2024), validation loss",independent_native_Q,1e+20,131072,0.9,0.0,-0.05,3,False,,,
"Qwen2.5 Technical Report (Alibaba, 2024), validation loss",independent_native_Q,1e+20,131072,0.9,0.0,0.0,3,False,,,
"Qwen2.5 Technical Report (Alibaba, 2024), validation loss",independent_native_Q,1e+20,131072,0.9,0.0,0.05,3,False,,,
"Qwen2.5 Technical Report (Alibaba, 2024), validation loss",independent_native_Q,1e+20,131072,0.9,0.1,-0.05,3,False,,,
"Qwen2.5 Technical Report (Alibaba, 2024), validation loss",independent_native_Q,1e+20,131072,0.9,0.1,0.0,3,False,,,
"Qwen2.5 Technical Report (Alibaba, 2024), validation loss",independent_native_Q,1e+20,131072,0.9,0.1,0.05,3,False,,,
"Qwen2.5 Technical Report (Alibaba, 2024), validation loss",independent_native_Q,1e+20,131072,1.0,-0.1,-0.05,3,False,,,
"Qwen2.5 Technical Report (Alibaba, 2024), validation loss",independent_native_Q,1e+20,131072,1.0,-0.1,0.0,3,False,,,
"Qwen2.5 Technical Report (Alibaba, 2024), validation loss",independent_native_Q,1e+20,131072,1.0,-0.1,0.05,3,False,,,
"Qwen2.5 Technical Report (Alibaba, 2024), validation loss",independent_native_Q,1e+20,131072,1.0,0.0,-0.05,3,False,,,
"Qwen2.5 Technical Report (Alibaba, 2024), validation loss",independent_native_Q,1e+20,131072,1.0,0.0,0.0,3,False,,,
"Qwen2.5 Technical Report (Alibaba, 2024), validation loss",independent_native_Q,1e+20,131072,1.0,0.0,0.05,3,False,,,
"Qwen2.5 Technical Report (Alibaba, 2024), validation loss",independent_native_Q,1e+20,131072,1.0,0.1,-0.05,3,False,,,
"Qwen2.5 Technical Report (Alibaba, 2024), validation loss",independent_native_Q,1e+20,131072,1.0,0.1,0.0,3,False,,,
"Qwen2.5 Technical Report (Alibaba, 2024), validation loss",independent_native_Q,1e+20,131072,1.0,0.1,0.05,3,False,,,
"Qwen2.5 Technical Report (Alibaba, 2024), validation loss",independent_native_Q,1e+20,131072,1.1,-0.1,-0.05,3,False,,,
"Qwen2.5 Technical Report (Alibaba, 2024), validation loss",independent_native_Q,1e+20,131072,1.1,-0.1,0.0,3,False,,,
"Qwen2.5 Technical Report (Alibaba, 2024), validation loss",independent_native_Q,1e+20,131072,1.1,-0.1,0.05,3,False,,,
"Qwen2.5 Technical Report (Alibaba, 2024), validation loss",independent_native_Q,1e+20,131072,1.1,0.0,-0.05,3,False,,,
"Qwen2.5 Technical Report (Alibaba, 2024), validation loss",independent_native_Q,1e+20,131072,1.1,0.0,0.0,3,False,,,
"Qwen2.5 Technical Report (Alibaba, 2024), validation loss",independent_native_Q,1e+20,131072,1.1,0.0,0.05,3,False,,,
"Qwen2.5 Technical Report (Alibaba, 2024), validation loss",independent_native_Q,1e+20,131072,1.1,0.1,-0.05,3,False,,,
"Qwen2.5 Technical Report (Alibaba, 2024), validation loss",independent_native_Q,1e+20,131072,1.1,0.1,0.0,3,False,,,
"Qwen2.5 Technical Report (Alibaba, 2024), validation loss",independent_native_Q,1e+20,131072,1.1,0.1,0.05,3,False,,,
"Qwen2.5 Technical Report (Alibaba, 2024), validation loss",independent_native_Q,1e+22,2048,0.9,-0.1,-0.05,3,False,,,
"Qwen2.5 Technical Report (Alibaba, 2024), validation loss",independent_native_Q,1e+22,2048,0.9,-0.1,0.0,3,False,,,
"Qwen2.5 Technical Report (Alibaba, 2024), validation loss",independent_native_Q,1e+22,2048,0.9,-0.1,0.05,3,False,,,
"Qwen2.5 Technical Report (Alibaba, 2024), validation loss",independent_native_Q,1e+22,2048,0.9,0.0,-0.05,3,False,,,
"Qwen2.5 Technical Report (Alibaba, 2024), validation loss",independent_native_Q,1e+22,2048,0.9,0.0,0.0,3,False,,,
"Qwen2.5 Technical Report (Alibaba, 2024), validation loss",independent_native_Q,1e+22,2048,0.9,0.0,0.05,3,True,logarithmic,True,0.30493303509815206
"Qwen2.5 Technical Report (Alibaba, 2024), validation loss",independent_native_Q,1e+22,2048,0.9,0.1,-0.05,3,True,logarithmic,True,0.30365212523877716
"Qwen2.5 Technical Report (Alibaba, 2024), validation loss",independent_native_Q,1e+22,2048,0.9,0.1,0.0,3,True,logarithmic,True,0.2970618981201625
"Qwen2.5 Technical Report (Alibaba, 2024), validation loss",independent_native_Q,1e+22,2048,0.9,0.1,0.05,3,True,logarithmic,True,0.28921556421347816
"Qwen2.5 Technical Report (Alibaba, 2024), validation loss",independent_native_Q,1e+22,2048,1.0,-0.1,-0.05,3,True,logarithmic,True,0.33798301551503585
"Qwen2.5 Technical Report (Alibaba, 2024), validation loss",independent_native_Q,1e+22,2048,1.0,-0.1,0.0,3,True,logarithmic,True,0.3299063956529906
"Qwen2.5 Technical Report (Alibaba, 2024), validation loss",independent_native_Q,1e+22,2048,1.0,-0.1,0.05,3,True,logarithmic,True,0.32011094932438766
"Qwen2.5 Technical Report (Alibaba, 2024), validation loss",independent_native_Q,1e+22,2048,1.0,0.0,-0.05,3,True,logarithmic,True,0.32011094932437345
"Qwen2.5 Technical Report (Alibaba, 2024), validation loss",independent_native_Q,1e+22,2048,1.0,0.0,0.0,3,True,logarithmic,True,0.3088168092154646
"Qwen2.5 Technical Report (Alibaba, 2024), validation loss",independent_native_Q,1e+22,2048,1.0,0.0,0.05,3,True,logarithmic,True,0.2962650028481342
"Qwen2.5 Technical Report (Alibaba, 2024), validation loss",independent_native_Q,1e+22,2048,1.0,0.1,-0.05,3,True,logarithmic,True,0.2962650028481342
"Qwen2.5 Technical Report (Alibaba, 2024), validation loss",independent_native_Q,1e+22,2048,1.0,0.1,0.0,3,True,logarithmic,True,0.2827073233280757
"Qwen2.5 Technical Report (Alibaba, 2024), validation loss",independent_native_Q,1e+22,2048,1.0,0.1,0.05,3,True,logarithmic,True,0.2683967207279565
"Qwen2.5 Technical Report (Alibaba, 2024), validation loss",independent_native_Q,1e+22,2048,1.1,-0.1,-0.05,3,True,logarithmic,True,0.3270673960399151
"Qwen2.5 Technical Report (Alibaba, 2024), validation loss",independent_native_Q,1e+22,2048,1.1,-0.1,0.0,3,True,logarithmic,True,0.31069940182068834
"Qwen2.5 Technical Report (Alibaba, 2024), validation loss",independent_native_Q,1e+22,2048,1.1,-0.1,0.05,3,True,logarithmic,True,0.2933351248266227
"Qwen2.5 Technical Report (Alibaba, 2024), validation loss",independent_native_Q,1e+22,2048,1.1,0.0,-0.05,3,True,logarithmic,True,0.29654996471508355
"Qwen2.5 Technical Report (Alibaba, 2024), validation loss",independent_native_Q,1e+22,2048,1.1,0.0,0.0,3,True,logarithmic,True,0.27863786542349445
"Qwen2.5 Technical Report (Alibaba, 2024), validation loss",independent_native_Q,1e+22,2048,1.1,0.0,0.05,3,True,logarithmic,True,0.26036283737522226
"Qwen2.5 Technical Report (Alibaba, 2024), validation loss",independent_native_Q,1e+22,2048,1.1,0.1,-0.05,3,True,logarithmic,True,0.2636982552074798
"Qwen2.5 Technical Report (Alibaba, 2024), validation loss",independent_native_Q,1e+22,2048,1.1,0.1,0.0,3,True,logarithmic,True,0.24535603184286003
"Qwen2.5 Technical Report (Alibaba, 2024), validation loss",independent_native_Q,1e+22,2048,1.1,0.1,0.05,3,True,logarithmic,True,0.22717971158801475
"Qwen2.5 Technical Report (Alibaba, 2024), validation loss",independent_native_Q,1e+22,8192,0.9,-0.1,-0.05,3,False,,,
"Qwen2.5 Technical Report (Alibaba, 2024), validation loss",independent_native_Q,1e+22,8192,0.9,-0.1,0.0,3,False,,,
"Qwen2.5 Technical Report (Alibaba, 2024), validation loss",independent_native_Q,1e+22,8192,0.9,-0.1,0.05,3,False,,,
"Qwen2.5 Technical Report (Alibaba, 2024), validation loss",independent_native_Q,1e+22,8192,0.9,0.0,-0.05,3,False,,,
"Qwen2.5 Technical Report (Alibaba, 2024), validation loss",independent_native_Q,1e+22,8192,0.9,0.0,0.0,3,False,,,
"Qwen2.5 Technical Report (Alibaba, 2024), validation loss",independent_native_Q,1e+22,8192,0.9,0.0,0.05,3,True,logarithmic,True,0.2861431513695365
"Qwen2.5 Technical Report (Alibaba, 2024), validation loss",independent_native_Q,1e+22,8192,0.9,0.1,-0.05,3,True,logarithmic,True,0.2848709856920024
"Qwen2.5 Technical Report (Alibaba, 2024), validation loss",independent_native_Q,1e+22,8192,0.9,0.1,0.0,3,True,logarithmic,True,0.27838358694005194
"Qwen2.5 Technical Report (Alibaba, 2024), validation loss",independent_native_Q,1e+22,8192,0.9,0.1,0.05,3,True,logarithmic,True,0.27074148050450475
"Qwen2.5 Technical Report (Alibaba, 2024), validation loss",independent_native_Q,1e+22,8192,1.0,-0.1,-0.05,3,True,logarithmic,True,0.3169505120498286
"Qwen2.5 Technical Report (Alibaba, 2024), validation loss",independent_native_Q,1e+22,8192,1.0,-0.1,0.0,3,True,logarithmic,True,0.3089586442597465
"Qwen2.5 Technical Report (Alibaba, 2024), validation loss",independent_native_Q,1e+22,8192,1.0,-0.1,0.05,3,True,logarithmic,True,0.2993913759669269
"Qwen2.5 Technical Report (Alibaba, 2024), validation loss",independent_native_Q,1e+22,8192,1.0,0.0,-0.05,3,True,logarithmic,True,0.2993913759669198
"Qwen2.5 Technical Report (Alibaba, 2024), validation loss",independent_native_Q,1e+22,8192,1.0,0.0,0.0,3,True,logarithmic,True,0.2884614156540337
"Qwen2.5 Technical Report (Alibaba, 2024), validation loss",independent_native_Q,1e+22,8192,1.0,0.0,0.05,3,True,logarithmic,True,0.27639900633057124
"Qwen2.5 Technical Report (Alibaba, 2024), validation loss",independent_native_Q,1e+22,8192,1.0,0.1,-0.05,3,True,logarithmic,True,0.27639900633057124
"Qwen2.5 Technical Report (Alibaba, 2024), validation loss",independent_native_Q,1e+22,8192,1.0,0.1,0.0,3,True,logarithmic,True,0.26344243926453004
"Qwen2.5 Technical Report (Alibaba, 2024), validation loss",independent_native_Q,1e+22,8192,1.0,0.1,0.05,3,True,logarithmic,True,0.249829183623703
"Qwen2.5 Technical Report (Alibaba, 2024), validation loss",independent_native_Q,1e+22,8192,1.1,-0.1,-0.05,3,True,logarithmic,True,0.3048573809732922
"Qwen2.5 Technical Report (Alibaba, 2024), validation loss",independent_native_Q,1e+22,8192,1.1,-0.1,0.0,3,True,logarithmic,True,0.2891913399418158
"Qwen2.5 Technical Report (Alibaba, 2024), validation loss",independent_native_Q,1e+22,8192,1.1,-0.1,0.05,3,True,logarithmic,True,0.27266368113147266
"Qwen2.5 Technical Report (Alibaba, 2024), validation loss",independent_native_Q,1e+22,8192,1.1,0.0,-0.05,3,True,logarithmic,True,0.27571749608018337
"Qwen2.5 Technical Report (Alibaba, 2024), validation loss",independent_native_Q,1e+22,8192,1.1,0.0,0.0,3,True,logarithmic,True,0.25873373085138596
"Qwen2.5 Technical Report (Alibaba, 2024), validation loss",independent_native_Q,1e+22,8192,1.1,0.0,0.05,3,True,logarithmic,True,0.241475774400417
"Qwen2.5 Technical Report (Alibaba, 2024), validation loss",independent_native_Q,1e+22,8192,1.1,0.1,-0.05,3,True,logarithmic,True,0.24462082829073495
"Qwen2.5 Technical Report (Alibaba, 2024), validation loss",independent_native_Q,1e+22,8192,1.1,0.1,0.0,3,True,logarithmic,True,0.22734930740553594
"Qwen2.5 Technical Report (Alibaba, 2024), validation loss",independent_native_Q,1e+22,8192,1.1,0.1,0.05,3,True,logarithmic,True,0.21028705814340753
"Qwen2.5 Technical Report (Alibaba, 2024), validation loss",independent_native_Q,1e+22,131072,0.9,-0.1,-0.05,3,False,,,
"Qwen2.5 Technical Report (Alibaba, 2024), validation loss",independent_native_Q,1e+22,131072,0.9,-0.1,0.0,3,False,,,
"Qwen2.5 Technical Report (Alibaba, 2024), validation loss",independent_native_Q,1e+22,131072,0.9,-0.1,0.05,3,True,logarithmic,True,0.1721160010705205
"Qwen2.5 Technical Report (Alibaba, 2024), validation loss",independent_native_Q,1e+22,131072,0.9,0.0,-0.05,3,True,logarithmic,True,0.1713717718529253
"Qwen2.5 Technical Report (Alibaba, 2024), validation loss",independent_native_Q,1e+22,131072,0.9,0.0,0.0,3,True,logarithmic,True,0.1675601941024496
"Qwen2.5 Technical Report (Alibaba, 2024), validation loss",independent_native_Q,1e+22,131072,0.9,0.0,0.05,3,True,logarithmic,True,0.16304681038637625
"Qwen2.5 Technical Report (Alibaba, 2024), validation loss",independent_native_Q,1e+22,131072,0.9,0.1,-0.05,3,True,logarithmic,True,0.16195662943430023
"Qwen2.5 Technical Report (Alibaba, 2024), validation loss",independent_native_Q,1e+22,131072,0.9,0.1,0.0,3,True,logarithmic,True,0.1566977502356579
"Qwen2.5 Technical Report (Alibaba, 2024), validation loss",independent_native_Q,1e+22,131072,0.9,0.1,0.05,3,True,logarithmic,True,0.15092876568741787
"Qwen2.5 Technical Report (Alibaba, 2024), validation loss",independent_native_Q,1e+22,131072,1.0,-0.1,-0.05,3,True,logarithmic,True,0.17901148149569934
"Qwen2.5 Technical Report (Alibaba, 2024), validation loss",independent_native_Q,1e+22,131072,1.0,-0.1,0.0,3,True,logarithmic,True,0.1723691799649103
"Qwen2.5 Technical Report (Alibaba, 2024), validation loss",independent_native_Q,1e+22,131072,1.0,-0.1,0.05,3,True,logarithmic,True,0.1650628254450659
"Qwen2.5 Technical Report (Alibaba, 2024), validation loss",independent_native_Q,1e+22,131072,1.0,0.0,-0.05,3,True,logarithmic,True,0.16506282544506945
"Qwen2.5 Technical Report (Alibaba, 2024), validation loss",independent_native_Q,1e+22,131072,1.0,0.0,0.0,3,True,logarithmic,True,0.1572356420161043
"Qwen2.5 Technical Report (Alibaba, 2024), validation loss",independent_native_Q,1e+22,131072,1.0,0.0,0.05,3,True,logarithmic,True,0.14902980796212972
"Qwen2.5 Technical Report (Alibaba, 2024), validation loss",independent_native_Q,1e+22,131072,1.0,0.1,-0.05,3,True,logarithmic,True,0.14902980796212972
"Qwen2.5 Technical Report (Alibaba, 2024), validation loss",independent_native_Q,1e+22,131072,1.0,0.1,0.0,3,True,logarithmic,True,0.14058187059515248
"Qwen2.5 Technical Report (Alibaba, 2024), validation loss",independent_native_Q,1e+22,131072,1.0,0.1,0.05,3,True,logarithmic,True,0.13201902046758462
"Qwen2.5 Technical Report (Alibaba, 2024), validation loss",independent_native_Q,1e+22,131072,1.1,-0.1,-0.05,3,True,logarithmic,True,0.162537394872313
"Qwen2.5 Technical Report (Alibaba, 2024), validation loss",independent_native_Q,1e+22,131072,1.1,-0.1,0.0,3,True,logarithmic,True,0.1522767348230758
"Qwen2.5 Technical Report (Alibaba, 2024), validation loss",independent_native_Q,1e+22,131072,1.1,-0.1,0.05,3,True,logarithmic,True,0.14190299705952825
"Qwen2.5 Technical Report (Alibaba, 2024), validation loss",independent_native_Q,1e+22,131072,1.1,0.0,-0.05,3,True,logarithmic,True,0.14378992230918897
"Qwen2.5 Technical Report (Alibaba, 2024), validation loss",independent_native_Q,1e+22,131072,1.1,0.0,0.0,3,True,logarithmic,True,0.1334455096605751
"Qwen2.5 Technical Report (Alibaba, 2024), validation loss",independent_native_Q,1e+22,131072,1.1,0.0,0.05,3,True,logarithmic,True,0.12326621848980324
"Qwen2.5 Technical Report (Alibaba, 2024), validation loss",independent_native_Q,1e+22,131072,1.1,0.1,-0.05,3,True,logarithmic,True,0.12509900705759947
"Qwen2.5 Technical Report (Alibaba, 2024), validation loss",independent_native_Q,1e+22,131072,1.1,0.1,0.0,3,True,logarithmic,True,0.11514475739627272
"Qwen2.5 Technical Report (Alibaba, 2024), validation loss",independent_native_Q,1e+22,131072,1.1,0.1,0.05,3,True,logarithmic,True,0.10555478394878648
"Qwen2.5 Technical Report (Alibaba, 2024), validation loss",independent_native_Q,1e+24,2048,0.9,-0.1,-0.05,3,False,,,
"Qwen2.5 Technical Report (Alibaba, 2024), validation loss",independent_native_Q,1e+24,2048,0.9,-0.1,0.0,3,False,,,
"Qwen2.5 Technical Report (Alibaba, 2024), validation loss",independent_native_Q,1e+24,2048,0.9,-0.1,0.05,3,False,,,
"Qwen2.5 Technical Report (Alibaba, 2024), validation loss",independent_native_Q,1e+24,2048,0.9,0.0,-0.05,3,False,,,
"Qwen2.5 Technical Report (Alibaba, 2024), validation loss",independent_native_Q,1e+24,2048,0.9,0.0,0.0,3,False,,,
"Qwen2.5 Technical Report (Alibaba, 2024), validation loss",independent_native_Q,1e+24,2048,0.9,0.0,0.05,3,False,,,
"Qwen2.5 Technical Report (Alibaba, 2024), validation loss",independent_native_Q,1e+24,2048,0.9,0.1,-0.05,3,False,,,
"Qwen2.5 Technical Report (Alibaba, 2024), validation loss",independent_native_Q,1e+24,2048,0.9,0.1,0.0,3,True,exponential;power;logarithmic,False,0.0
"Qwen2.5 Technical Report (Alibaba, 2024), validation loss",independent_native_Q,1e+24,2048,0.9,0.1,0.05,3,True,exponential;power;logarithmic,False,0.0
"Qwen2.5 Technical Report (Alibaba, 2024), validation loss",independent_native_Q,1e+24,2048,1.0,-0.1,-0.05,3,False,,,
"Qwen2.5 Technical Report (Alibaba, 2024), validation loss",independent_native_Q,1e+24,2048,1.0,-0.1,0.0,3,True,exponential;power;logarithmic,False,0.0
"Qwen2.5 Technical Report (Alibaba, 2024), validation loss",independent_native_Q,1e+24,2048,1.0,-0.1,0.05,3,True,exponential;power;logarithmic,False,0.0
"Qwen2.5 Technical Report (Alibaba, 2024), validation loss",independent_native_Q,1e+24,2048,1.0,0.0,-0.05,3,True,exponential;power;logarithmic,False,0.0
"Qwen2.5 Technical Report (Alibaba, 2024), validation loss",independent_native_Q,1e+24,2048,1.0,0.0,0.0,3,True,exponential;power;logarithmic,False,0.0
"Qwen2.5 Technical Report (Alibaba, 2024), validation loss",independent_native_Q,1e+24,2048,1.0,0.0,0.05,3,True,exponential;power;logarithmic,False,0.0
"Qwen2.5 Technical Report (Alibaba, 2024), validation loss",independent_native_Q,1e+24,2048,1.0,0.1,-0.05,3,True,exponential;power;logarithmic,False,0.0
"Qwen2.5 Technical Report (Alibaba, 2024), validation loss",independent_native_Q,1e+24,2048,1.0,0.1,0.0,3,True,exponential;power;logarithmic,False,0.0
"Qwen2.5 Technical Report (Alibaba, 2024), validation loss",independent_native_Q,1e+24,2048,1.0,0.1,0.05,3,True,exponential;power;logarithmic,False,0.0
"Qwen2.5 Technical Report (Alibaba, 2024), validation loss",independent_native_Q,1e+24,2048,1.1,-0.1,-0.05,3,True,exponential;power;logarithmic,False,0.0
"Qwen2.5 Technical Report (Alibaba, 2024), validation loss",independent_native_Q,1e+24,2048,1.1,-0.1,0.0,3,True,exponential;power;logarithmic,False,0.0
"Qwen2.5 Technical Report (Alibaba, 2024), validation loss",independent_native_Q,1e+24,2048,1.1,-0.1,0.05,3,True,exponential;power;logarithmic,False,0.0
"Qwen2.5 Technical Report (Alibaba, 2024), validation loss",independent_native_Q,1e+24,2048,1.1,0.0,-0.05,3,True,exponential;power;logarithmic,False,0.0
"Qwen2.5 Technical Report (Alibaba, 2024), validation loss",independent_native_Q,1e+24,2048,1.1,0.0,0.0,3,True,exponential;power;logarithmic,False,0.0
"Qwen2.5 Technical Report (Alibaba, 2024), validation loss",independent_native_Q,1e+24,2048,1.1,0.0,0.05,3,True,exponential;power;logarithmic,False,0.0
"Qwen2.5 Technical Report (Alibaba, 2024), validation loss",independent_native_Q,1e+24,2048,1.1,0.1,-0.05,3,True,exponential;power;logarithmic,False,0.0
"Qwen2.5 Technical Report (Alibaba, 2024), validation loss",independent_native_Q,1e+24,2048,1.1,0.1,0.0,3,True,exponential;power;logarithmic,False,0.0
"Qwen2.5 Technical Report (Alibaba, 2024), validation loss",independent_native_Q,1e+24,2048,1.1,0.1,0.05,3,True,exponential;power;logarithmic,False,0.0
"Qwen2.5 Technical Report (Alibaba, 2024), validation loss",independent_native_Q,1e+24,8192,0.9,-0.1,-0.05,3,False,,,
"Qwen2.5 Technical Report (Alibaba, 2024), validation loss",independent_native_Q,1e+24,8192,0.9,-0.1,0.0,3,False,,,
"Qwen2.5 Technical Report (Alibaba, 2024), validation loss",independent_native_Q,1e+24,8192,0.9,-0.1,0.05,3,False,,,
"Qwen2.5 Technical Report (Alibaba, 2024), validation loss",independent_native_Q,1e+24,8192,0.9,0.0,-0.05,3,False,,,
"Qwen2.5 Technical Report (Alibaba, 2024), validation loss",independent_native_Q,1e+24,8192,0.9,0.0,0.0,3,False,,,
"Qwen2.5 Technical Report (Alibaba, 2024), validation loss",independent_native_Q,1e+24,8192,0.9,0.0,0.05,3,False,,,
"Qwen2.5 Technical Report (Alibaba, 2024), validation loss",independent_native_Q,1e+24,8192,0.9,0.1,-0.05,3,False,,,
"Qwen2.5 Technical Report (Alibaba, 2024), validation loss",independent_native_Q,1e+24,8192,0.9,0.1,0.0,3,True,exponential;power;logarithmic,False,0.0
"Qwen2.5 Technical Report (Alibaba, 2024), validation loss",independent_native_Q,1e+24,8192,0.9,0.1,0.05,3,True,exponential;power;logarithmic,False,0.0
"Qwen2.5 Technical Report (Alibaba, 2024), validation loss",independent_native_Q,1e+24,8192,1.0,-0.1,-0.05,3,False,,,
"Qwen2.5 Technical Report (Alibaba, 2024), validation loss",independent_native_Q,1e+24,8192,1.0,-0.1,0.0,3,True,exponential;power;logarithmic,False,0.0
"Qwen2.5 Technical Report (Alibaba, 2024), validation loss",independent_native_Q,1e+24,8192,1.0,-0.1,0.05,3,True,exponential;power;logarithmic,False,0.0
"Qwen2.5 Technical Report (Alibaba, 2024), validation loss",independent_native_Q,1e+24,8192,1.0,0.0,-0.05,3,True,exponential;power;logarithmic,False,0.0
"Qwen2.5 Technical Report (Alibaba, 2024), validation loss",independent_native_Q,1e+24,8192,1.0,0.0,0.0,3,True,exponential;power;logarithmic,False,0.0
"Qwen2.5 Technical Report (Alibaba, 2024), validation loss",independent_native_Q,1e+24,8192,1.0,0.0,0.05,3,True,exponential;power;logarithmic,False,0.0
"Qwen2.5 Technical Report (Alibaba, 2024), validation loss",independent_native_Q,1e+24,8192,1.0,0.1,-0.05,3,True,exponential;power;logarithmic,False,0.0
"Qwen2.5 Technical Report (Alibaba, 2024), validation loss",independent_native_Q,1e+24,8192,1.0,0.1,0.0,3,True,exponential;power;logarithmic,False,0.0
"Qwen2.5 Technical Report (Alibaba, 2024), validation loss",independent_native_Q,1e+24,8192,1.0,0.1,0.05,3,True,exponential;power;logarithmic,False,0.0
"Qwen2.5 Technical Report (Alibaba, 2024), validation loss",independent_native_Q,1e+24,8192,1.1,-0.1,-0.05,3,True,exponential;power;logarithmic,False,0.0
"Qwen2.5 Technical Report (Alibaba, 2024), validation loss",independent_native_Q,1e+24,8192,1.1,-0.1,0.0,3,True,exponential;power;logarithmic,False,0.0
"Qwen2.5 Technical Report (Alibaba, 2024), validation loss",independent_native_Q,1e+24,8192,1.1,-0.1,0.05,3,True,exponential;power;logarithmic,False,0.0
"Qwen2.5 Technical Report (Alibaba, 2024), validation loss",independent_native_Q,1e+24,8192,1.1,0.0,-0.05,3,True,exponential;power;logarithmic,False,0.0
"Qwen2.5 Technical Report (Alibaba, 2024), validation loss",independent_native_Q,1e+24,8192,1.1,0.0,0.0,3,True,exponential;power;logarithmic,False,0.0
"Qwen2.5 Technical Report (Alibaba, 2024), validation loss",independent_native_Q,1e+24,8192,1.1,0.0,0.05,3,True,exponential;power;logarithmic,False,0.0
"Qwen2.5 Technical Report (Alibaba, 2024), validation loss",independent_native_Q,1e+24,8192,1.1,0.1,-0.05,3,True,exponential;power;logarithmic,False,0.0
"Qwen2.5 Technical Report (Alibaba, 2024), validation loss",independent_native_Q,1e+24,8192,1.1,0.1,0.0,3,True,exponential;power;logarithmic,False,0.0
"Qwen2.5 Technical Report (Alibaba, 2024), validation loss",independent_native_Q,1e+24,8192,1.1,0.1,0.05,3,True,exponential;power;logarithmic,False,0.0
"Qwen2.5 Technical Report (Alibaba, 2024), validation loss",independent_native_Q,1e+24,131072,0.9,-0.1,-0.05,3,False,,,
"Qwen2.5 Technical Report (Alibaba, 2024), validation loss",independent_native_Q,1e+24,131072,0.9,-0.1,0.0,3,False,,,
"Qwen2.5 Technical Report (Alibaba, 2024), validation loss",independent_native_Q,1e+24,131072,0.9,-0.1,0.05,3,False,,,
"Qwen2.5 Technical Report (Alibaba, 2024), validation loss",independent_native_Q,1e+24,131072,0.9,0.0,-0.05,3,False,,,
"Qwen2.5 Technical Report (Alibaba, 2024), validation loss",independent_native_Q,1e+24,131072,0.9,0.0,0.0,3,False,,,
"Qwen2.5 Technical Report (Alibaba, 2024), validation loss",independent_native_Q,1e+24,131072,0.9,0.0,0.05,3,False,,,
"Qwen2.5 Technical Report (Alibaba, 2024), validation loss",independent_native_Q,1e+24,131072,0.9,0.1,-0.05,3,False,,,
"Qwen2.5 Technical Report (Alibaba, 2024), validation loss",independent_native_Q,1e+24,131072,0.9,0.1,0.0,3,True,exponential;power;logarithmic,False,0.0
"Qwen2.5 Technical Report (Alibaba, 2024), validation loss",independent_native_Q,1e+24,131072,0.9,0.1,0.05,3,True,exponential;power;logarithmic,False,0.0
"Qwen2.5 Technical Report (Alibaba, 2024), validation loss",independent_native_Q,1e+24,131072,1.0,-0.1,-0.05,3,False,,,
"Qwen2.5 Technical Report (Alibaba, 2024), validation loss",independent_native_Q,1e+24,131072,1.0,-0.1,0.0,3,True,exponential;power;logarithmic,False,0.0
"Qwen2.5 Technical Report (Alibaba, 2024), validation loss",independent_native_Q,1e+24,131072,1.0,-0.1,0.05,3,True,exponential;power;logarithmic,False,0.0
"Qwen2.5 Technical Report (Alibaba, 2024), validation loss",independent_native_Q,1e+24,131072,1.0,0.0,-0.05,3,True,exponential;power;logarithmic,False,0.0
"Qwen2.5 Technical Report (Alibaba, 2024), validation loss",independent_native_Q,1e+24,131072,1.0,0.0,0.0,3,True,exponential;power;logarithmic,False,0.0
"Qwen2.5 Technical Report (Alibaba, 2024), validation loss",independent_native_Q,1e+24,131072,1.0,0.0,0.05,3,True,exponential;power;logarithmic,False,0.0
"Qwen2.5 Technical Report (Alibaba, 2024), validation loss",independent_native_Q,1e+24,131072,1.0,0.1,-0.05,3,True,exponential;power;logarithmic,False,0.0
"Qwen2.5 Technical Report (Alibaba, 2024), validation loss",independent_native_Q,1e+24,131072,1.0,0.1,0.0,3,True,exponential;power;logarithmic,False,0.0
"Qwen2.5 Technical Report (Alibaba, 2024), validation loss",independent_native_Q,1e+24,131072,1.0,0.1,0.05,3,True,exponential;power;logarithmic,False,0.0
"Qwen2.5 Technical Report (Alibaba, 2024), validation loss",independent_native_Q,1e+24,131072,1.1,-0.1,-0.05,3,True,exponential;power;logarithmic,False,0.0
"Qwen2.5 Technical Report (Alibaba, 2024), validation loss",independent_native_Q,1e+24,131072,1.1,-0.1,0.0,3,True,exponential;power;logarithmic,False,0.0
"Qwen2.5 Technical Report (Alibaba, 2024), validation loss",independent_native_Q,1e+24,131072,1.1,-0.1,0.05,3,True,exponential;power;logarithmic,False,0.0
"Qwen2.5 Technical Report (Alibaba, 2024), validation loss",independent_native_Q,1e+24,131072,1.1,0.0,-0.05,3,True,exponential;power;logarithmic,False,0.0
"Qwen2.5 Technical Report (Alibaba, 2024), validation loss",independent_native_Q,1e+24,131072,1.1,0.0,0.0,3,True,exponential;power;logarithmic,False,0.0
"Qwen2.5 Technical Report (Alibaba, 2024), validation loss",independent_native_Q,1e+24,131072,1.1,0.0,0.05,3,True,exponential;power;logarithmic,False,0.0
"Qwen2.5 Technical Report (Alibaba, 2024), validation loss",independent_native_Q,1e+24,131072,1.1,0.1,-0.05,3,True,exponential;power;logarithmic,False,0.0
"Qwen2.5 Technical Report (Alibaba, 2024), validation loss",independent_native_Q,1e+24,131072,1.1,0.1,0.0,3,True,exponential;power;logarithmic,False,0.0
"Qwen2.5 Technical Report (Alibaba, 2024), validation loss",independent_native_Q,1e+24,131072,1.1,0.1,0.05,3,True,exponential;power;logarithmic,False,0.0
"Qwen2.5 Technical Report (Alibaba, 2024), validation loss",observed_joint_recipe,1e+19,2048,0.9,-0.1,-0.05,3,False,,,
"Qwen2.5 Technical Report (Alibaba, 2024), validation loss",observed_joint_recipe,1e+19,2048,0.9,-0.1,0.0,3,False,,,
"Qwen2.5 Technical Report (Alibaba, 2024), validation loss",observed_joint_recipe,1e+19,2048,0.9,-0.1,0.05,3,False,,,
"Qwen2.5 Technical Report (Alibaba, 2024), validation loss",observed_joint_recipe,1e+19,2048,0.9,0.0,-0.05,3,False,,,
"Qwen2.5 Technical Report (Alibaba, 2024), validation loss",observed_joint_recipe,1e+19,2048,0.9,0.0,0.0,3,False,,,
"Qwen2.5 Technical Report (Alibaba, 2024), validation loss",observed_joint_recipe,1e+19,2048,0.9,0.0,0.05,3,False,,,
"Qwen2.5 Technical Report (Alibaba, 2024), validation loss",observed_joint_recipe,1e+19,2048,0.9,0.1,-0.05,3,False,,,
"Qwen2.5 Technical Report (Alibaba, 2024), validation loss",observed_joint_recipe,1e+19,2048,0.9,0.1,0.0,3,False,,,
"Qwen2.5 Technical Report (Alibaba, 2024), validation loss",observed_joint_recipe,1e+19,2048,0.9,0.1,0.05,3,False,,,
"Qwen2.5 Technical Report (Alibaba, 2024), validation loss",observed_joint_recipe,1e+19,2048,1.0,-0.1,-0.05,3,False,,,
"Qwen2.5 Technical Report (Alibaba, 2024), validation loss",observed_joint_recipe,1e+19,2048,1.0,-0.1,0.0,3,False,,,
"Qwen2.5 Technical Report (Alibaba, 2024), validation loss",observed_joint_recipe,1e+19,2048,1.0,-0.1,0.05,3,False,,,
"Qwen2.5 Technical Report (Alibaba, 2024), validation loss",observed_joint_recipe,1e+19,2048,1.0,0.0,-0.05,3,False,,,
"Qwen2.5 Technical Report (Alibaba, 2024), validation loss",observed_joint_recipe,1e+19,2048,1.0,0.0,0.0,3,False,,,
"Qwen2.5 Technical Report (Alibaba, 2024), validation loss",observed_joint_recipe,1e+19,2048,1.0,0.0,0.05,3,False,,,
"Qwen2.5 Technical Report (Alibaba, 2024), validation loss",observed_joint_recipe,1e+19,2048,1.0,0.1,-0.05,3,False,,,
"Qwen2.5 Technical Report (Alibaba, 2024), validation loss",observed_joint_recipe,1e+19,2048,1.0,0.1,0.0,3,False,,,
"Qwen2.5 Technical Report (Alibaba, 2024), validation loss",observed_joint_recipe,1e+19,2048,1.0,0.1,0.05,3,False,,,
"Qwen2.5 Technical Report (Alibaba, 2024), validation loss",observed_joint_recipe,1e+19,2048,1.1,-0.1,-0.05,3,False,,,
"Qwen2.5 Technical Report (Alibaba, 2024), validation loss",observed_joint_recipe,1e+19,2048,1.1,-0.1,0.0,3,False,,,
"Qwen2.5 Technical Report (Alibaba, 2024), validation loss",observed_joint_recipe,1e+19,2048,1.1,-0.1,0.05,3,False,,,
"Qwen2.5 Technical Report (Alibaba, 2024), validation loss",observed_joint_recipe,1e+19,2048,1.1,0.0,-0.05,3,False,,,
"Qwen2.5 Technical Report (Alibaba, 2024), validation loss",observed_joint_recipe,1e+19,2048,1.1,0.0,0.0,3,False,,,
"Qwen2.5 Technical Report (Alibaba, 2024), validation loss",observed_joint_recipe,1e+19,2048,1.1,0.0,0.05,3,False,,,
"Qwen2.5 Technical Report (Alibaba, 2024), validation loss",observed_joint_recipe,1e+19,2048,1.1,0.1,-0.05,3,False,,,
"Qwen2.5 Technical Report (Alibaba, 2024), validation loss",observed_joint_recipe,1e+19,2048,1.1,0.1,0.0,3,False,,,
"Qwen2.5 Technical Report (Alibaba, 2024), validation loss",observed_joint_recipe,1e+19,2048,1.1,0.1,0.05,3,False,,,
"Qwen2.5 Technical Report (Alibaba, 2024), validation loss",observed_joint_recipe,1e+19,8192,0.9,-0.1,-0.05,3,False,,,
"Qwen2.5 Technical Report (Alibaba, 2024), validation loss",observed_joint_recipe,1e+19,8192,0.9,-0.1,0.0,3,False,,,
"Qwen2.5 Technical Report (Alibaba, 2024), validation loss",observed_joint_recipe,1e+19,8192,0.9,-0.1,0.05,3,False,,,
"Qwen2.5 Technical Report (Alibaba, 2024), validation loss",observed_joint_recipe,1e+19,8192,0.9,0.0,-0.05,3,False,,,
"Qwen2.5 Technical Report (Alibaba, 2024), validation loss",observed_joint_recipe,1e+19,8192,0.9,0.0,0.0,3,False,,,
"Qwen2.5 Technical Report (Alibaba, 2024), validation loss",observed_joint_recipe,1e+19,8192,0.9,0.0,0.05,3,False,,,
"Qwen2.5 Technical Report (Alibaba, 2024), validation loss",observed_joint_recipe,1e+19,8192,0.9,0.1,-0.05,3,False,,,
"Qwen2.5 Technical Report (Alibaba, 2024), validation loss",observed_joint_recipe,1e+19,8192,0.9,0.1,0.0,3,False,,,
"Qwen2.5 Technical Report (Alibaba, 2024), validation loss",observed_joint_recipe,1e+19,8192,0.9,0.1,0.05,3,False,,,
"Qwen2.5 Technical Report (Alibaba, 2024), validation loss",observed_joint_recipe,1e+19,8192,1.0,-0.1,-0.05,3,False,,,
"Qwen2.5 Technical Report (Alibaba, 2024), validation loss",observed_joint_recipe,1e+19,8192,1.0,-0.1,0.0,3,False,,,
"Qwen2.5 Technical Report (Alibaba, 2024), validation loss",observed_joint_recipe,1e+19,8192,1.0,-0.1,0.05,3,False,,,
"Qwen2.5 Technical Report (Alibaba, 2024), validation loss",observed_joint_recipe,1e+19,8192,1.0,0.0,-0.05,3,False,,,
"Qwen2.5 Technical Report (Alibaba, 2024), validation loss",observed_joint_recipe,1e+19,8192,1.0,0.0,0.0,3,False,,,
"Qwen2.5 Technical Report (Alibaba, 2024), validation loss",observed_joint_recipe,1e+19,8192,1.0,0.0,0.05,3,False,,,
"Qwen2.5 Technical Report (Alibaba, 2024), validation loss",observed_joint_recipe,1e+19,8192,1.0,0.1,-0.05,3,False,,,
"Qwen2.5 Technical Report (Alibaba, 2024), validation loss",observed_joint_recipe,1e+19,8192,1.0,0.1,0.0,3,False,,,
"Qwen2.5 Technical Report (Alibaba, 2024), validation loss",observed_joint_recipe,1e+19,8192,1.0,0.1,0.05,3,False,,,
"Qwen2.5 Technical Report (Alibaba, 2024), validation loss",observed_joint_recipe,1e+19,8192,1.1,-0.1,-0.05,3,False,,,
"Qwen2.5 Technical Report (Alibaba, 2024), validation loss",observed_joint_recipe,1e+19,8192,1.1,-0.1,0.0,3,False,,,
"Qwen2.5 Technical Report (Alibaba, 2024), validation loss",observed_joint_recipe,1e+19,8192,1.1,-0.1,0.05,3,False,,,
"Qwen2.5 Technical Report (Alibaba, 2024), validation loss",observed_joint_recipe,1e+19,8192,1.1,0.0,-0.05,3,False,,,
"Qwen2.5 Technical Report (Alibaba, 2024), validation loss",observed_joint_recipe,1e+19,8192,1.1,0.0,0.0,3,False,,,
"Qwen2.5 Technical Report (Alibaba, 2024), validation loss",observed_joint_recipe,1e+19,8192,1.1,0.0,0.05,3,False,,,
"Qwen2.5 Technical Report (Alibaba, 2024), validation loss",observed_joint_recipe,1e+19,8192,1.1,0.1,-0.05,3,False,,,
"Qwen2.5 Technical Report (Alibaba, 2024), validation loss",observed_joint_recipe,1e+19,8192,1.1,0.1,0.0,3,False,,,
"Qwen2.5 Technical Report (Alibaba, 2024), validation loss",observed_joint_recipe,1e+19,8192,1.1,0.1,0.05,3,False,,,
"Qwen2.5 Technical Report (Alibaba, 2024), validation loss",observed_joint_recipe,1e+19,131072,0.9,-0.1,-0.05,0,False,,,
"Qwen2.5 Technical Report (Alibaba, 2024), validation loss",observed_joint_recipe,1e+19,131072,0.9,-0.1,0.0,0,False,,,
"Qwen2.5 Technical Report (Alibaba, 2024), validation loss",observed_joint_recipe,1e+19,131072,0.9,-0.1,0.05,0,False,,,
"Qwen2.5 Technical Report (Alibaba, 2024), validation loss",observed_joint_recipe,1e+19,131072,0.9,0.0,-0.05,0,False,,,
"Qwen2.5 Technical Report (Alibaba, 2024), validation loss",observed_joint_recipe,1e+19,131072,0.9,0.0,0.0,0,False,,,
"Qwen2.5 Technical Report (Alibaba, 2024), validation loss",observed_joint_recipe,1e+19,131072,0.9,0.0,0.05,0,False,,,
"Qwen2.5 Technical Report (Alibaba, 2024), validation loss",observed_joint_recipe,1e+19,131072,0.9,0.1,-0.05,0,False,,,
"Qwen2.5 Technical Report (Alibaba, 2024), validation loss",observed_joint_recipe,1e+19,131072,0.9,0.1,0.0,0,False,,,
"Qwen2.5 Technical Report (Alibaba, 2024), validation loss",observed_joint_recipe,1e+19,131072,0.9,0.1,0.05,0,False,,,
"Qwen2.5 Technical Report (Alibaba, 2024), validation loss",observed_joint_recipe,1e+19,131072,1.0,-0.1,-0.05,0,False,,,
"Qwen2.5 Technical Report (Alibaba, 2024), validation loss",observed_joint_recipe,1e+19,131072,1.0,-0.1,0.0,0,False,,,
"Qwen2.5 Technical Report (Alibaba, 2024), validation loss",observed_joint_recipe,1e+19,131072,1.0,-0.1,0.05,0,False,,,
"Qwen2.5 Technical Report (Alibaba, 2024), validation loss",observed_joint_recipe,1e+19,131072,1.0,0.0,-0.05,0,False,,,
"Qwen2.5 Technical Report (Alibaba, 2024), validation loss",observed_joint_recipe,1e+19,131072,1.0,0.0,0.0,0,False,,,
"Qwen2.5 Technical Report (Alibaba, 2024), validation loss",observed_joint_recipe,1e+19,131072,1.0,0.0,0.05,0,False,,,
"Qwen2.5 Technical Report (Alibaba, 2024), validation loss",observed_joint_recipe,1e+19,131072,1.0,0.1,-0.05,0,False,,,
"Qwen2.5 Technical Report (Alibaba, 2024), validation loss",observed_joint_recipe,1e+19,131072,1.0,0.1,0.0,0,False,,,
"Qwen2.5 Technical Report (Alibaba, 2024), validation loss",observed_joint_recipe,1e+19,131072,1.0,0.1,0.05,0,False,,,
"Qwen2.5 Technical Report (Alibaba, 2024), validation loss",observed_joint_recipe,1e+19,131072,1.1,-0.1,-0.05,0,False,,,
"Qwen2.5 Technical Report (Alibaba, 2024), validation loss",observed_joint_recipe,1e+19,131072,1.1,-0.1,0.0,0,False,,,
"Qwen2.5 Technical Report (Alibaba, 2024), validation loss",observed_joint_recipe,1e+19,131072,1.1,-0.1,0.05,0,False,,,
"Qwen2.5 Technical Report (Alibaba, 2024), validation loss",observed_joint_recipe,1e+19,131072,1.1,0.0,-0.05,0,False,,,
"Qwen2.5 Technical Report (Alibaba, 2024), validation loss",observed_joint_recipe,1e+19,131072,1.1,0.0,0.0,0,False,,,
"Qwen2.5 Technical Report (Alibaba, 2024), validation loss",observed_joint_recipe,1e+19,131072,1.1,0.0,0.05,0,False,,,
"Qwen2.5 Technical Report (Alibaba, 2024), validation loss",observed_joint_recipe,1e+19,131072,1.1,0.1,-0.05,0,False,,,
"Qwen2.5 Technical Report (Alibaba, 2024), validation loss",observed_joint_recipe,1e+19,131072,1.1,0.1,0.0,0,False,,,
"Qwen2.5 Technical Report (Alibaba, 2024), validation loss",observed_joint_recipe,1e+19,131072,1.1,0.1,0.05,0,False,,,
"Qwen2.5 Technical Report (Alibaba, 2024), validation loss",observed_joint_recipe,1e+20,2048,0.9,-0.1,-0.05,3,True,exponential,True,0.3332328767111221
"Qwen2.5 Technical Report (Alibaba, 2024), validation loss",observed_joint_recipe,1e+20,2048,0.9,-0.1,0.0,3,True,exponential,True,0.31617220075396446
"Qwen2.5 Technical Report (Alibaba, 2024), validation loss",observed_joint_recipe,1e+20,2048,0.9,-0.1,0.05,3,True,exponential,True,0.2988937216460812
"Qwen2.5 Technical Report (Alibaba, 2024), validation loss",observed_joint_recipe,1e+20,2048,0.9,0.0,-0.05,3,True,exponential,True,0.2950439983611517
"Qwen2.5 Technical Report (Alibaba, 2024), validation loss",observed_joint_recipe,1e+20,2048,0.9,0.0,0.0,3,True,exponential,True,0.2777556089465776
"Qwen2.5 Technical Report (Alibaba, 2024), validation loss",observed_joint_recipe,1e+20,2048,0.9,0.0,0.05,3,True,exponential,True,0.2606443484702723
"Qwen2.5 Technical Report (Alibaba, 2024), validation loss",observed_joint_recipe,1e+20,2048,0.9,0.1,-0.05,3,True,exponential,True,0.2568807408586693
"Qwen2.5 Technical Report (Alibaba, 2024), validation loss",observed_joint_recipe,1e+20,2048,0.9,0.1,0.0,3,True,exponential,True,0.24017816636387046
"Qwen2.5 Technical Report (Alibaba, 2024), validation loss",observed_joint_recipe,1e+20,2048,0.9,0.1,0.05,3,True,exponential,True,0.22394064418636006
"Qwen2.5 Technical Report (Alibaba, 2024), validation loss",observed_joint_recipe,1e+20,2048,1.0,-0.1,-0.05,3,True,exponential,True,0.26353983524817615
"Qwen2.5 Technical Report (Alibaba, 2024), validation loss",observed_joint_recipe,1e+20,2048,1.0,-0.1,0.0,3,True,exponential,True,0.24364907690349646
"Qwen2.5 Technical Report (Alibaba, 2024), validation loss",observed_joint_recipe,1e+20,2048,1.0,-0.1,0.05,3,True,exponential,True,0.2245575193969156
"Qwen2.5 Technical Report (Alibaba, 2024), validation loss",observed_joint_recipe,1e+20,2048,1.0,0.0,-0.05,3,True,exponential,True,0.2245575193969156
"Qwen2.5 Technical Report (Alibaba, 2024), validation loss",observed_joint_recipe,1e+20,2048,1.0,0.0,0.0,3,True,exponential,True,0.20636731451156898
"Qwen2.5 Technical Report (Alibaba, 2024), validation loss",observed_joint_recipe,1e+20,2048,1.0,0.0,0.05,3,True,exponential,True,0.18914978411684125
"Qwen2.5 Technical Report (Alibaba, 2024), validation loss",observed_joint_recipe,1e+20,2048,1.0,0.1,-0.05,3,True,exponential,True,0.18914978411684302
"Qwen2.5 Technical Report (Alibaba, 2024), validation loss",observed_joint_recipe,1e+20,2048,1.0,0.1,0.0,3,True,exponential,True,0.17294904357961194
"Qwen2.5 Technical Report (Alibaba, 2024), validation loss",observed_joint_recipe,1e+20,2048,1.0,0.1,0.05,3,True,exponential,True,0.15778581697188265
"Qwen2.5 Technical Report (Alibaba, 2024), validation loss",observed_joint_recipe,1e+20,2048,1.1,-0.1,-0.05,3,True,exponential,True,0.18914631224535583
"Qwen2.5 Technical Report (Alibaba, 2024), validation loss",observed_joint_recipe,1e+20,2048,1.1,-0.1,0.0,3,True,exponential,True,0.17094211435688145
"Qwen2.5 Technical Report (Alibaba, 2024), validation loss",observed_joint_recipe,1e+20,2048,1.1,-0.1,0.05,3,True,exponential,True,0.15411808205496502
"Qwen2.5 Technical Report (Alibaba, 2024), validation loss",observed_joint_recipe,1e+20,2048,1.1,0.0,-0.05,3,True,exponential,True,0.15707522486365555
"Qwen2.5 Technical Report (Alibaba, 2024), validation loss",observed_joint_recipe,1e+20,2048,1.1,0.0,0.0,3,False,,,
"Qwen2.5 Technical Report (Alibaba, 2024), validation loss",observed_joint_recipe,1e+20,2048,1.1,0.0,0.05,3,False,,,
"Qwen2.5 Technical Report (Alibaba, 2024), validation loss",observed_joint_recipe,1e+20,2048,1.1,0.1,-0.05,3,False,,,
"Qwen2.5 Technical Report (Alibaba, 2024), validation loss",observed_joint_recipe,1e+20,2048,1.1,0.1,0.0,3,False,,,
"Qwen2.5 Technical Report (Alibaba, 2024), validation loss",observed_joint_recipe,1e+20,2048,1.1,0.1,0.05,3,False,,,
"Qwen2.5 Technical Report (Alibaba, 2024), validation loss",observed_joint_recipe,1e+20,8192,0.9,-0.1,-0.05,3,True,exponential,True,0.30758001857119766
"Qwen2.5 Technical Report (Alibaba, 2024), validation loss",observed_joint_recipe,1e+20,8192,0.9,-0.1,0.0,3,True,exponential,True,0.29130335051406675
"Qwen2.5 Technical Report (Alibaba, 2024), validation loss",observed_joint_recipe,1e+20,8192,0.9,-0.1,0.05,3,True,exponential,True,0.2749112404998826
"Qwen2.5 Technical Report (Alibaba, 2024), validation loss",observed_joint_recipe,1e+20,8192,0.9,0.0,-0.05,3,True,exponential,True,0.27127044194652683
"Qwen2.5 Technical Report (Alibaba, 2024), validation loss",observed_joint_recipe,1e+20,8192,0.9,0.0,0.0,3,True,exponential,True,0.2549672781491523
"Qwen2.5 Technical Report (Alibaba, 2024), validation loss",observed_joint_recipe,1e+20,8192,0.9,0.0,0.05,3,True,exponential,True,0.23890105118699978
"Qwen2.5 Technical Report (Alibaba, 2024), validation loss",observed_joint_recipe,1e+20,8192,0.9,0.1,-0.05,3,True,exponential,True,0.23537596000525696
"Qwen2.5 Technical Report (Alibaba, 2024), validation loss",observed_joint_recipe,1e+20,8192,0.9,0.1,0.0,3,True,exponential,True,0.21976718170279774
"Qwen2.5 Technical Report (Alibaba, 2024), validation loss",observed_joint_recipe,1e+20,8192,0.9,0.1,0.05,3,True,exponential,True,0.20464504627647884
"Qwen2.5 Technical Report (Alibaba, 2024), validation loss",observed_joint_recipe,1e+20,8192,1.0,-0.1,-0.05,3,True,exponential,True,0.2401585132725863
"Qwen2.5 Technical Report (Alibaba, 2024), validation loss",observed_joint_recipe,1e+20,8192,1.0,-0.1,0.0,3,True,exponential,True,0.2216852320135878
"Qwen2.5 Technical Report (Alibaba, 2024), validation loss",observed_joint_recipe,1e+20,8192,1.0,-0.1,0.05,3,True,exponential,True,0.2040199431412031
"Qwen2.5 Technical Report (Alibaba, 2024), validation loss",observed_joint_recipe,1e+20,8192,1.0,0.0,-0.05,3,True,exponential,True,0.20401994314121374
"Qwen2.5 Technical Report (Alibaba, 2024), validation loss",observed_joint_recipe,1e+20,8192,1.0,0.0,0.0,3,True,exponential,True,0.1872446060629187
"Qwen2.5 Technical Report (Alibaba, 2024), validation loss",observed_joint_recipe,1e+20,8192,1.0,0.0,0.05,3,True,exponential,True,0.17141364097246026
"Qwen2.5 Technical Report (Alibaba, 2024), validation loss",observed_joint_recipe,1e+20,8192,1.0,0.1,-0.05,3,True,exponential,True,0.17141364097245848
"Qwen2.5 Technical Report (Alibaba, 2024), validation loss",observed_joint_recipe,1e+20,8192,1.0,0.1,0.0,3,True,exponential,True,0.15655747685880428
"Qwen2.5 Technical Report (Alibaba, 2024), validation loss",observed_joint_recipe,1e+20,8192,1.0,0.1,0.05,3,True,exponential,True,0.1426861760352054
"Qwen2.5 Technical Report (Alibaba, 2024), validation loss",observed_joint_recipe,1e+20,8192,1.1,-0.1,-0.05,3,True,exponential,True,0.17043635772731847
"Qwen2.5 Technical Report (Alibaba, 2024), validation loss",observed_joint_recipe,1e+20,8192,1.1,-0.1,0.0,3,True,exponential,True,0.15384582305441796
"Qwen2.5 Technical Report (Alibaba, 2024), validation loss",observed_joint_recipe,1e+20,8192,1.1,-0.1,0.05,3,False,,,
"Qwen2.5 Technical Report (Alibaba, 2024), validation loss",observed_joint_recipe,1e+20,8192,1.1,0.0,-0.05,3,False,,,
"Qwen2.5 Technical Report (Alibaba, 2024), validation loss",observed_joint_recipe,1e+20,8192,1.1,0.0,0.0,3,False,,,
"Qwen2.5 Technical Report (Alibaba, 2024), validation loss",observed_joint_recipe,1e+20,8192,1.1,0.0,0.05,3,False,,,
"Qwen2.5 Technical Report (Alibaba, 2024), validation loss",observed_joint_recipe,1e+20,8192,1.1,0.1,-0.05,3,False,,,
"Qwen2.5 Technical Report (Alibaba, 2024), validation loss",observed_joint_recipe,1e+20,8192,1.1,0.1,0.0,3,False,,,
"Qwen2.5 Technical Report (Alibaba, 2024), validation loss",observed_joint_recipe,1e+20,8192,1.1,0.1,0.05,3,False,,,
"Qwen2.5 Technical Report (Alibaba, 2024), validation loss",observed_joint_recipe,1e+20,131072,0.9,-0.1,-0.05,3,False,,,
"Qwen2.5 Technical Report (Alibaba, 2024), validation loss",observed_joint_recipe,1e+20,131072,0.9,-0.1,0.0,3,False,,,
"Qwen2.5 Technical Report (Alibaba, 2024), validation loss",observed_joint_recipe,1e+20,131072,0.9,-0.1,0.05,3,False,,,
"Qwen2.5 Technical Report (Alibaba, 2024), validation loss",observed_joint_recipe,1e+20,131072,0.9,0.0,-0.05,3,False,,,
"Qwen2.5 Technical Report (Alibaba, 2024), validation loss",observed_joint_recipe,1e+20,131072,0.9,0.0,0.0,3,False,,,
"Qwen2.5 Technical Report (Alibaba, 2024), validation loss",observed_joint_recipe,1e+20,131072,0.9,0.0,0.05,3,False,,,
"Qwen2.5 Technical Report (Alibaba, 2024), validation loss",observed_joint_recipe,1e+20,131072,0.9,0.1,-0.05,3,False,,,
"Qwen2.5 Technical Report (Alibaba, 2024), validation loss",observed_joint_recipe,1e+20,131072,0.9,0.1,0.0,3,False,,,
"Qwen2.5 Technical Report (Alibaba, 2024), validation loss",observed_joint_recipe,1e+20,131072,0.9,0.1,0.05,3,False,,,
"Qwen2.5 Technical Report (Alibaba, 2024), validation loss",observed_joint_recipe,1e+20,131072,1.0,-0.1,-0.05,3,False,,,
"Qwen2.5 Technical Report (Alibaba, 2024), validation loss",observed_joint_recipe,1e+20,131072,1.0,-0.1,0.0,3,False,,,
"Qwen2.5 Technical Report (Alibaba, 2024), validation loss",observed_joint_recipe,1e+20,131072,1.0,-0.1,0.05,3,False,,,
"Qwen2.5 Technical Report (Alibaba, 2024), validation loss",observed_joint_recipe,1e+20,131072,1.0,0.0,-0.05,3,False,,,
"Qwen2.5 Technical Report (Alibaba, 2024), validation loss",observed_joint_recipe,1e+20,131072,1.0,0.0,0.0,3,False,,,
"Qwen2.5 Technical Report (Alibaba, 2024), validation loss",observed_joint_recipe,1e+20,131072,1.0,0.0,0.05,3,False,,,
"Qwen2.5 Technical Report (Alibaba, 2024), validation loss",observed_joint_recipe,1e+20,131072,1.0,0.1,-0.05,3,False,,,
"Qwen2.5 Technical Report (Alibaba, 2024), validation loss",observed_joint_recipe,1e+20,131072,1.0,0.1,0.0,3,False,,,
"Qwen2.5 Technical Report (Alibaba, 2024), validation loss",observed_joint_recipe,1e+20,131072,1.0,0.1,0.05,3,False,,,
"Qwen2.5 Technical Report (Alibaba, 2024), validation loss",observed_joint_recipe,1e+20,131072,1.1,-0.1,-0.05,3,False,,,
"Qwen2.5 Technical Report (Alibaba, 2024), validation loss",observed_joint_recipe,1e+20,131072,1.1,-0.1,0.0,3,False,,,
"Qwen2.5 Technical Report (Alibaba, 2024), validation loss",observed_joint_recipe,1e+20,131072,1.1,-0.1,0.05,3,False,,,
"Qwen2.5 Technical Report (Alibaba, 2024), validation loss",observed_joint_recipe,1e+20,131072,1.1,0.0,-0.05,3,False,,,
"Qwen2.5 Technical Report (Alibaba, 2024), validation loss",observed_joint_recipe,1e+20,131072,1.1,0.0,0.0,3,False,,,
"Qwen2.5 Technical Report (Alibaba, 2024), validation loss",observed_joint_recipe,1e+20,131072,1.1,0.0,0.05,3,False,,,
"Qwen2.5 Technical Report (Alibaba, 2024), validation loss",observed_joint_recipe,1e+20,131072,1.1,0.1,-0.05,3,False,,,
"Qwen2.5 Technical Report (Alibaba, 2024), validation loss",observed_joint_recipe,1e+20,131072,1.1,0.1,0.0,3,False,,,
"Qwen2.5 Technical Report (Alibaba, 2024), validation loss",observed_joint_recipe,1e+20,131072,1.1,0.1,0.05,3,False,,,
"Qwen2.5 Technical Report (Alibaba, 2024), validation loss",observed_joint_recipe,1e+22,2048,0.9,-0.1,-0.05,3,False,,,
"Qwen2.5 Technical Report (Alibaba, 2024), validation loss",observed_joint_recipe,1e+22,2048,0.9,-0.1,0.0,3,False,,,
"Qwen2.5 Technical Report (Alibaba, 2024), validation loss",observed_joint_recipe,1e+22,2048,0.9,-0.1,0.05,3,False,,,
"Qwen2.5 Technical Report (Alibaba, 2024), validation loss",observed_joint_recipe,1e+22,2048,0.9,0.0,-0.05,3,False,,,
"Qwen2.5 Technical Report (Alibaba, 2024), validation loss",observed_joint_recipe,1e+22,2048,0.9,0.0,0.0,3,True,exponential,True,0.02722283418335536
"Qwen2.5 Technical Report (Alibaba, 2024), validation loss",observed_joint_recipe,1e+22,2048,0.9,0.0,0.05,3,True,exponential,True,0.02660481669451542
"Qwen2.5 Technical Report (Alibaba, 2024), validation loss",observed_joint_recipe,1e+22,2048,0.9,0.1,-0.05,3,True,exponential,True,0.0264520296441475
"Qwen2.5 Technical Report (Alibaba, 2024), validation loss",observed_joint_recipe,1e+22,2048,0.9,0.1,0.0,3,True,exponential,True,0.025700703300465477
"Qwen2.5 Technical Report (Alibaba, 2024), validation loss",observed_joint_recipe,1e+22,2048,0.9,0.1,0.05,3,True,exponential,True,0.024855170506953073
"Qwen2.5 Technical Report (Alibaba, 2024), validation loss",observed_joint_recipe,1e+22,2048,1.0,-0.1,-0.05,3,True,exponential,True,0.029337921334153805
"Qwen2.5 Technical Report (Alibaba, 2024), validation loss",observed_joint_recipe,1e+22,2048,1.0,-0.1,0.0,3,True,exponential,True,0.02839520862086431
"Qwen2.5 Technical Report (Alibaba, 2024), validation loss",observed_joint_recipe,1e+22,2048,1.0,-0.1,0.05,3,True,exponential,True,0.027326765214194637
"Qwen2.5 Technical Report (Alibaba, 2024), validation loss",observed_joint_recipe,1e+22,2048,1.0,0.0,-0.05,3,True,exponential,True,0.027326765214215953
"Qwen2.5 Technical Report (Alibaba, 2024), validation loss",observed_joint_recipe,1e+22,2048,1.0,0.0,0.0,3,True,exponential,True,0.026154819900678916
"Qwen2.5 Technical Report (Alibaba, 2024), validation loss",observed_joint_recipe,1e+22,2048,1.0,0.0,0.05,3,True,exponential,True,0.02490218814351408
"Qwen2.5 Technical Report (Alibaba, 2024), validation loss",observed_joint_recipe,1e+22,2048,1.0,0.1,-0.05,3,True,exponential,True,0.024902188143496318
"Qwen2.5 Technical Report (Alibaba, 2024), validation loss",observed_joint_recipe,1e+22,2048,1.0,0.1,0.0,3,True,exponential,True,0.02359144296199389
"Qwen2.5 Technical Report (Alibaba, 2024), validation loss",observed_joint_recipe,1e+22,2048,1.0,0.1,0.05,3,True,exponential,True,0.022244197364244656
"Qwen2.5 Technical Report (Alibaba, 2024), validation loss",observed_joint_recipe,1e+22,2048,1.1,-0.1,-0.05,3,True,exponential,True,0.02730561630014705
"Qwen2.5 Technical Report (Alibaba, 2024), validation loss",observed_joint_recipe,1e+22,2048,1.1,-0.1,0.0,3,True,exponential,True,0.0257136623446641
"Qwen2.5 Technical Report (Alibaba, 2024), validation loss",observed_joint_recipe,1e+22,2048,1.1,-0.1,0.05,3,True,exponential,True,0.024077553897232207
"Qwen2.5 Technical Report (Alibaba, 2024), validation loss",observed_joint_recipe,1e+22,2048,1.1,0.0,-0.05,3,True,exponential,True,0.02437697291318841
"Qwen2.5 Technical Report (Alibaba, 2024), validation loss",observed_joint_recipe,1e+22,2048,1.1,0.0,0.0,3,True,exponential,True,0.022726309808970058
"Qwen2.5 Technical Report (Alibaba, 2024), validation loss",observed_joint_recipe,1e+22,2048,1.1,0.0,0.05,3,True,exponential,True,0.02108144581006144
"Qwen2.5 Technical Report (Alibaba, 2024), validation loss",observed_joint_recipe,1e+22,2048,1.1,0.1,-0.05,3,True,exponential,True,0.021379015766402887
"Qwen2.5 Technical Report (Alibaba, 2024), validation loss",observed_joint_recipe,1e+22,2048,1.1,0.1,0.0,3,True,exponential,True,0.019755800530042222
"Qwen2.5 Technical Report (Alibaba, 2024), validation loss",observed_joint_recipe,1e+22,2048,1.1,0.1,0.05,3,True,exponential,True,0.01817641412628035
"Qwen2.5 Technical Report (Alibaba, 2024), validation loss",observed_joint_recipe,1e+22,8192,0.9,-0.1,-0.05,3,False,,,
"Qwen2.5 Technical Report (Alibaba, 2024), validation loss",observed_joint_recipe,1e+22,8192,0.9,-0.1,0.0,3,False,,,
"Qwen2.5 Technical Report (Alibaba, 2024), validation loss",observed_joint_recipe,1e+22,8192,0.9,-0.1,0.05,3,False,,,
"Qwen2.5 Technical Report (Alibaba, 2024), validation loss",observed_joint_recipe,1e+22,8192,0.9,0.0,-0.05,3,False,,,
"Qwen2.5 Technical Report (Alibaba, 2024), validation loss",observed_joint_recipe,1e+22,8192,0.9,0.0,0.0,3,True,exponential,True,0.02543572444193387
"Qwen2.5 Technical Report (Alibaba, 2024), validation loss",observed_joint_recipe,1e+22,8192,0.9,0.0,0.05,3,True,exponential,True,0.024825761619887032
"Qwen2.5 Technical Report (Alibaba, 2024), validation loss",observed_joint_recipe,1e+22,8192,0.9,0.1,-0.05,3,True,exponential,True,0.024676120754712372
"Qwen2.5 Technical Report (Alibaba, 2024), validation loss",observed_joint_recipe,1e+22,8192,0.9,0.1,0.0,3,True,exponential,True,0.023944874941712158
"Qwen2.5 Technical Report (Alibaba, 2024), validation loss",observed_joint_recipe,1e+22,8192,0.9,0.1,0.05,3,True,exponential,True,0.023128698409227155
"Qwen2.5 Technical Report (Alibaba, 2024), validation loss",observed_joint_recipe,1e+22,8192,1.0,-0.1,-0.05,3,True,exponential,True,0.02734277173696853
"Qwen2.5 Technical Report (Alibaba, 2024), validation loss",observed_joint_recipe,1e+22,8192,1.0,-0.1,0.0,3,True,exponential,True,0.026422972780331122
"Qwen2.5 Technical Report (Alibaba, 2024), validation loss",observed_joint_recipe,1e+22,8192,1.0,-0.1,0.05,3,True,exponential,True,0.02539056451825772
"Qwen2.5 Technical Report (Alibaba, 2024), validation loss",observed_joint_recipe,1e+22,8192,1.0,0.0,-0.05,3,True,exponential,True,0.02539056451826127
"Qwen2.5 Technical Report (Alibaba, 2024), validation loss",observed_joint_recipe,1e+22,8192,1.0,0.0,0.0,3,True,exponential,True,0.024266666015364535
"Qwen2.5 Technical Report (Alibaba, 2024), validation loss",observed_joint_recipe,1e+22,8192,1.0,0.0,0.05,3,True,exponential,True,0.02307272882301703
"Qwen2.5 Technical Report (Alibaba, 2024), validation loss",observed_joint_recipe,1e+22,8192,1.0,0.1,-0.05,3,True,exponential,True,0.02307272882301703
"Qwen2.5 Technical Report (Alibaba, 2024), validation loss",observed_joint_recipe,1e+22,8192,1.0,0.1,0.0,3,True,exponential,True,0.021829782822880617
"Qwen2.5 Technical Report (Alibaba, 2024), validation loss",observed_joint_recipe,1e+22,8192,1.0,0.1,0.05,3,True,exponential,True,0.0205577952268996
"Qwen2.5 Technical Report (Alibaba, 2024), validation loss",observed_joint_recipe,1e+22,8192,1.1,-0.1,-0.05,3,True,exponential,True,0.025261092937650886
"Qwen2.5 Technical Report (Alibaba, 2024), validation loss",observed_joint_recipe,1e+22,8192,1.1,-0.1,0.0,3,True,exponential,True,0.02375107523517883
"Qwen2.5 Technical Report (Alibaba, 2024), validation loss",observed_joint_recipe,1e+22,8192,1.1,-0.1,0.05,3,True,exponential,True,0.02220715281670138
"Qwen2.5 Technical Report (Alibaba, 2024), validation loss",observed_joint_recipe,1e+22,8192,1.1,0.0,-0.05,3,True,exponential,True,0.0224891622831791
"Qwen2.5 Technical Report (Alibaba, 2024), validation loss",observed_joint_recipe,1e+22,8192,1.1,0.0,0.0,3,True,exponential,True,0.020937194609064846
"Qwen2.5 Technical Report (Alibaba, 2024), validation loss",observed_joint_recipe,1e+22,8192,1.1,0.0,0.05,3,True,exponential,True,0.019396738205848862
"Qwen2.5 Technical Report (Alibaba, 2024), validation loss",observed_joint_recipe,1e+22,8192,1.1,0.1,-0.05,3,True,exponential,True,0.019675007537671263
"Qwen2.5 Technical Report (Alibaba, 2024), validation loss",observed_joint_recipe,1e+22,8192,1.1,0.1,0.0,3,True,exponential,True,0.018159133906127778
"Qwen2.5 Technical Report (Alibaba, 2024), validation loss",observed_joint_recipe,1e+22,8192,1.1,0.1,0.05,3,True,exponential,True,0.016688731946020496
"Qwen2.5 Technical Report (Alibaba, 2024), validation loss",observed_joint_recipe,1e+22,131072,0.9,-0.1,-0.05,3,True,exponential,True,0.015350125917990454
"Qwen2.5 Technical Report (Alibaba, 2024), validation loss",observed_joint_recipe,1e+22,131072,0.9,-0.1,0.0,3,True,exponential,True,0.01503683687646884
"Qwen2.5 Technical Report (Alibaba, 2024), validation loss",observed_joint_recipe,1e+22,131072,0.9,-0.1,0.05,3,True,exponential,True,0.014658571660874031
"Qwen2.5 Technical Report (Alibaba, 2024), validation loss",observed_joint_recipe,1e+22,131072,0.9,0.0,-0.05,3,True,exponential,True,0.014566375753801708
"Qwen2.5 Technical Report (Alibaba, 2024), validation loss",observed_joint_recipe,1e+22,131072,0.9,0.0,0.0,3,True,exponential,True,0.014118265937277386
"Qwen2.5 Technical Report (Alibaba, 2024), validation loss",observed_joint_recipe,1e+22,131072,0.9,0.0,0.05,3,True,exponential,True,0.013621675766476216
"Qwen2.5 Technical Report (Alibaba, 2024), validation loss",observed_joint_recipe,1e+22,131072,0.9,0.1,-0.05,3,True,exponential,True,0.013505563310989288
"Qwen2.5 Technical Report (Alibaba, 2024), validation loss",observed_joint_recipe,1e+22,131072,0.9,0.1,0.0,3,True,exponential,True,0.01296092993003839
"Qwen2.5 Technical Report (Alibaba, 2024), validation loss",observed_joint_recipe,1e+22,131072,0.9,0.1,0.05,3,True,exponential,True,0.012386287254926742
"Qwen2.5 Technical Report (Alibaba, 2024), validation loss",observed_joint_recipe,1e+22,131072,1.0,-0.1,-0.05,3,True,exponential,True,0.01478503887633309
"Qwen2.5 Technical Report (Alibaba, 2024), validation loss",observed_joint_recipe,1e+22,131072,1.0,-0.1,0.0,3,True,exponential,True,0.014095620756748417
"Qwen2.5 Technical Report (Alibaba, 2024), validation loss",observed_joint_recipe,1e+22,131072,1.0,-0.1,0.05,3,True,exponential,True,0.013370528158745287
"Qwen2.5 Technical Report (Alibaba, 2024), validation loss",observed_joint_recipe,1e+22,131072,1.0,0.0,-0.05,3,True,exponential,True,0.013370528158763051
"Qwen2.5 Technical Report (Alibaba, 2024), validation loss",observed_joint_recipe,1e+22,131072,1.0,0.0,0.0,3,True,exponential,True,0.012622007678011471
"Qwen2.5 Technical Report (Alibaba, 2024), validation loss",observed_joint_recipe,1e+22,131072,1.0,0.0,0.05,3,True,exponential,True,0.011861521508205186
"Qwen2.5 Technical Report (Alibaba, 2024), validation loss",observed_joint_recipe,1e+22,131072,1.0,0.1,-0.05,3,True,exponential,True,0.011861521508208739
"Qwen2.5 Technical Report (Alibaba, 2024), validation loss",observed_joint_recipe,1e+22,131072,1.0,0.1,0.0,3,True,exponential,True,0.011099486501496614
"Qwen2.5 Technical Report (Alibaba, 2024), validation loss",observed_joint_recipe,1e+22,131072,1.0,0.1,0.05,3,True,exponential,True,0.010345097780540158
"Qwen2.5 Technical Report (Alibaba, 2024), validation loss",observed_joint_recipe,1e+22,131072,1.1,-0.1,-0.05,3,True,exponential,True,0.012766048557054432
"Qwen2.5 Technical Report (Alibaba, 2024), validation loss",observed_joint_recipe,1e+22,131072,1.1,-0.1,0.0,3,True,exponential,True,0.011846413315712567
"Qwen2.5 Technical Report (Alibaba, 2024), validation loss",observed_joint_recipe,1e+22,131072,1.1,-0.1,0.05,3,True,exponential,True,0.01094171008768896
"Qwen2.5 Technical Report (Alibaba, 2024), validation loss",observed_joint_recipe,1e+22,131072,1.1,0.0,-0.05,3,True,exponential,True,0.011104585305876213
"Qwen2.5 Technical Report (Alibaba, 2024), validation loss",observed_joint_recipe,1e+22,131072,1.1,0.0,0.0,3,True,exponential,True,0.010220062371731231
"Qwen2.5 Technical Report (Alibaba, 2024), validation loss",observed_joint_recipe,1e+22,131072,1.1,0.0,0.05,3,True,exponential,True,0.009368096917441449
"Qwen2.5 Technical Report (Alibaba, 2024), validation loss",observed_joint_recipe,1e+22,131072,1.1,0.1,-0.05,3,True,exponential,True,0.009520247671300552
"Qwen2.5 Technical Report (Alibaba, 2024), validation loss",observed_joint_recipe,1e+22,131072,1.1,0.1,0.0,3,True,exponential,True,0.008700023079766694
"Qwen2.5 Technical Report (Alibaba, 2024), validation loss",observed_joint_recipe,1e+22,131072,1.1,0.1,0.05,3,True,exponential,True,0.007923184092550883
"Qwen2.5 Technical Report (Alibaba, 2024), validation loss",observed_joint_recipe,1e+24,2048,0.9,-0.1,-0.05,3,False,,,
"Qwen2.5 Technical Report (Alibaba, 2024), validation loss",observed_joint_recipe,1e+24,2048,0.9,-0.1,0.0,3,False,,,
"Qwen2.5 Technical Report (Alibaba, 2024), validation loss",observed_joint_recipe,1e+24,2048,0.9,-0.1,0.05,3,False,,,
"Qwen2.5 Technical Report (Alibaba, 2024), validation loss",observed_joint_recipe,1e+24,2048,0.9,0.0,-0.05,3,False,,,
"Qwen2.5 Technical Report (Alibaba, 2024), validation loss",observed_joint_recipe,1e+24,2048,0.9,0.0,0.0,3,False,,,
"Qwen2.5 Technical Report (Alibaba, 2024), validation loss",observed_joint_recipe,1e+24,2048,0.9,0.0,0.05,3,True,exponential;power;logarithmic,False,0.0
"Qwen2.5 Technical Report (Alibaba, 2024), validation loss",observed_joint_recipe,1e+24,2048,0.9,0.1,-0.05,3,True,exponential;power;logarithmic,False,0.0
"Qwen2.5 Technical Report (Alibaba, 2024), validation loss",observed_joint_recipe,1e+24,2048,0.9,0.1,0.0,3,True,exponential;power;logarithmic,False,0.0
"Qwen2.5 Technical Report (Alibaba, 2024), validation loss",observed_joint_recipe,1e+24,2048,0.9,0.1,0.05,3,True,exponential;power;logarithmic,False,0.0
"Qwen2.5 Technical Report (Alibaba, 2024), validation loss",observed_joint_recipe,1e+24,2048,1.0,-0.1,-0.05,3,True,exponential;power;logarithmic,False,0.0
"Qwen2.5 Technical Report (Alibaba, 2024), validation loss",observed_joint_recipe,1e+24,2048,1.0,-0.1,0.0,3,True,exponential;power;logarithmic,False,0.0
"Qwen2.5 Technical Report (Alibaba, 2024), validation loss",observed_joint_recipe,1e+24,2048,1.0,-0.1,0.05,3,True,exponential;power;logarithmic,False,0.0
"Qwen2.5 Technical Report (Alibaba, 2024), validation loss",observed_joint_recipe,1e+24,2048,1.0,0.0,-0.05,3,True,exponential;power;logarithmic,False,0.0
"Qwen2.5 Technical Report (Alibaba, 2024), validation loss",observed_joint_recipe,1e+24,2048,1.0,0.0,0.0,3,True,exponential;power;logarithmic,False,0.0
"Qwen2.5 Technical Report (Alibaba, 2024), validation loss",observed_joint_recipe,1e+24,2048,1.0,0.0,0.05,3,True,exponential;power;logarithmic,False,0.0
"Qwen2.5 Technical Report (Alibaba, 2024), validation loss",observed_joint_recipe,1e+24,2048,1.0,0.1,-0.05,3,True,exponential;power;logarithmic,False,0.0
"Qwen2.5 Technical Report (Alibaba, 2024), validation loss",observed_joint_recipe,1e+24,2048,1.0,0.1,0.0,3,True,exponential;power;logarithmic,False,0.0
"Qwen2.5 Technical Report (Alibaba, 2024), validation loss",observed_joint_recipe,1e+24,2048,1.0,0.1,0.05,3,True,exponential;power;logarithmic,False,0.0
"Qwen2.5 Technical Report (Alibaba, 2024), validation loss",observed_joint_recipe,1e+24,2048,1.1,-0.1,-0.05,3,True,exponential;power;logarithmic,False,0.0
"Qwen2.5 Technical Report (Alibaba, 2024), validation loss",observed_joint_recipe,1e+24,2048,1.1,-0.1,0.0,3,True,exponential;power;logarithmic,False,0.0
"Qwen2.5 Technical Report (Alibaba, 2024), validation loss",observed_joint_recipe,1e+24,2048,1.1,-0.1,0.05,3,True,exponential;power;logarithmic,False,0.0
"Qwen2.5 Technical Report (Alibaba, 2024), validation loss",observed_joint_recipe,1e+24,2048,1.1,0.0,-0.05,3,True,exponential;power;logarithmic,False,0.0
"Qwen2.5 Technical Report (Alibaba, 2024), validation loss",observed_joint_recipe,1e+24,2048,1.1,0.0,0.0,3,True,exponential;power;logarithmic,False,0.0
"Qwen2.5 Technical Report (Alibaba, 2024), validation loss",observed_joint_recipe,1e+24,2048,1.1,0.0,0.05,3,True,exponential;power;logarithmic,False,0.0
"Qwen2.5 Technical Report (Alibaba, 2024), validation loss",observed_joint_recipe,1e+24,2048,1.1,0.1,-0.05,3,True,exponential;power;logarithmic,False,0.0
"Qwen2.5 Technical Report (Alibaba, 2024), validation loss",observed_joint_recipe,1e+24,2048,1.1,0.1,0.0,3,True,exponential;power;logarithmic,False,0.0
"Qwen2.5 Technical Report (Alibaba, 2024), validation loss",observed_joint_recipe,1e+24,2048,1.1,0.1,0.05,3,True,exponential;power;logarithmic,False,0.0
"Qwen2.5 Technical Report (Alibaba, 2024), validation loss",observed_joint_recipe,1e+24,8192,0.9,-0.1,-0.05,3,False,,,
"Qwen2.5 Technical Report (Alibaba, 2024), validation loss",observed_joint_recipe,1e+24,8192,0.9,-0.1,0.0,3,False,,,
"Qwen2.5 Technical Report (Alibaba, 2024), validation loss",observed_joint_recipe,1e+24,8192,0.9,-0.1,0.05,3,False,,,
"Qwen2.5 Technical Report (Alibaba, 2024), validation loss",observed_joint_recipe,1e+24,8192,0.9,0.0,-0.05,3,False,,,
"Qwen2.5 Technical Report (Alibaba, 2024), validation loss",observed_joint_recipe,1e+24,8192,0.9,0.0,0.0,3,False,,,
"Qwen2.5 Technical Report (Alibaba, 2024), validation loss",observed_joint_recipe,1e+24,8192,0.9,0.0,0.05,3,True,exponential;power;logarithmic,False,0.0
"Qwen2.5 Technical Report (Alibaba, 2024), validation loss",observed_joint_recipe,1e+24,8192,0.9,0.1,-0.05,3,True,exponential;power;logarithmic,False,0.0
"Qwen2.5 Technical Report (Alibaba, 2024), validation loss",observed_joint_recipe,1e+24,8192,0.9,0.1,0.0,3,True,exponential;power;logarithmic,False,0.0
"Qwen2.5 Technical Report (Alibaba, 2024), validation loss",observed_joint_recipe,1e+24,8192,0.9,0.1,0.05,3,True,exponential;power;logarithmic,False,0.0
"Qwen2.5 Technical Report (Alibaba, 2024), validation loss",observed_joint_recipe,1e+24,8192,1.0,-0.1,-0.05,3,True,exponential;power;logarithmic,False,0.0
"Qwen2.5 Technical Report (Alibaba, 2024), validation loss",observed_joint_recipe,1e+24,8192,1.0,-0.1,0.0,3,True,exponential;power;logarithmic,False,0.0
"Qwen2.5 Technical Report (Alibaba, 2024), validation loss",observed_joint_recipe,1e+24,8192,1.0,-0.1,0.05,3,True,exponential;power;logarithmic,False,0.0
"Qwen2.5 Technical Report (Alibaba, 2024), validation loss",observed_joint_recipe,1e+24,8192,1.0,0.0,-0.05,3,True,exponential;power;logarithmic,False,0.0
"Qwen2.5 Technical Report (Alibaba, 2024), validation loss",observed_joint_recipe,1e+24,8192,1.0,0.0,0.0,3,True,exponential;power;logarithmic,False,0.0
"Qwen2.5 Technical Report (Alibaba, 2024), validation loss",observed_joint_recipe,1e+24,8192,1.0,0.0,0.05,3,True,exponential;power;logarithmic,False,0.0
"Qwen2.5 Technical Report (Alibaba, 2024), validation loss",observed_joint_recipe,1e+24,8192,1.0,0.1,-0.05,3,True,exponential;power;logarithmic,False,0.0
"Qwen2.5 Technical Report (Alibaba, 2024), validation loss",observed_joint_recipe,1e+24,8192,1.0,0.1,0.0,3,True,exponential;power;logarithmic,False,0.0
"Qwen2.5 Technical Report (Alibaba, 2024), validation loss",observed_joint_recipe,1e+24,8192,1.0,0.1,0.05,3,True,exponential;power;logarithmic,False,0.0
"Qwen2.5 Technical Report (Alibaba, 2024), validation loss",observed_joint_recipe,1e+24,8192,1.1,-0.1,-0.05,3,True,exponential;power;logarithmic,False,0.0
"Qwen2.5 Technical Report (Alibaba, 2024), validation loss",observed_joint_recipe,1e+24,8192,1.1,-0.1,0.0,3,True,exponential;power;logarithmic,False,0.0
"Qwen2.5 Technical Report (Alibaba, 2024), validation loss",observed_joint_recipe,1e+24,8192,1.1,-0.1,0.05,3,True,exponential;power;logarithmic,False,0.0
"Qwen2.5 Technical Report (Alibaba, 2024), validation loss",observed_joint_recipe,1e+24,8192,1.1,0.0,-0.05,3,True,exponential;power;logarithmic,False,0.0
"Qwen2.5 Technical Report (Alibaba, 2024), validation loss",observed_joint_recipe,1e+24,8192,1.1,0.0,0.0,3,True,exponential;power;logarithmic,False,0.0
"Qwen2.5 Technical Report (Alibaba, 2024), validation loss",observed_joint_recipe,1e+24,8192,1.1,0.0,0.05,3,True,exponential;power;logarithmic,False,0.0
"Qwen2.5 Technical Report (Alibaba, 2024), validation loss",observed_joint_recipe,1e+24,8192,1.1,0.1,-0.05,3,True,exponential;power;logarithmic,False,0.0
"Qwen2.5 Technical Report (Alibaba, 2024), validation loss",observed_joint_recipe,1e+24,8192,1.1,0.1,0.0,3,True,exponential;power;logarithmic,False,0.0
"Qwen2.5 Technical Report (Alibaba, 2024), validation loss",observed_joint_recipe,1e+24,8192,1.1,0.1,0.05,3,True,exponential;power;logarithmic,False,0.0
"Qwen2.5 Technical Report (Alibaba, 2024), validation loss",observed_joint_recipe,1e+24,131072,0.9,-0.1,-0.05,3,False,,,
"Qwen2.5 Technical Report (Alibaba, 2024), validation loss",observed_joint_recipe,1e+24,131072,0.9,-0.1,0.0,3,False,,,
"Qwen2.5 Technical Report (Alibaba, 2024), validation loss",observed_joint_recipe,1e+24,131072,0.9,-0.1,0.05,3,False,,,
"Qwen2.5 Technical Report (Alibaba, 2024), validation loss",observed_joint_recipe,1e+24,131072,0.9,0.0,-0.05,3,False,,,
"Qwen2.5 Technical Report (Alibaba, 2024), validation loss",observed_joint_recipe,1e+24,131072,0.9,0.0,0.0,3,False,,,
"Qwen2.5 Technical Report (Alibaba, 2024), validation loss",observed_joint_recipe,1e+24,131072,0.9,0.0,0.05,3,True,exponential;power;logarithmic,False,0.0
"Qwen2.5 Technical Report (Alibaba, 2024), validation loss",observed_joint_recipe,1e+24,131072,0.9,0.1,-0.05,3,True,exponential;power;logarithmic,False,0.0
"Qwen2.5 Technical Report (Alibaba, 2024), validation loss",observed_joint_recipe,1e+24,131072,0.9,0.1,0.0,3,True,exponential;power;logarithmic,False,0.0
"Qwen2.5 Technical Report (Alibaba, 2024), validation loss",observed_joint_recipe,1e+24,131072,0.9,0.1,0.05,3,True,exponential;power;logarithmic,False,0.0
"Qwen2.5 Technical Report (Alibaba, 2024), validation loss",observed_joint_recipe,1e+24,131072,1.0,-0.1,-0.05,3,True,exponential;power;logarithmic,False,0.0
"Qwen2.5 Technical Report (Alibaba, 2024), validation loss",observed_joint_recipe,1e+24,131072,1.0,-0.1,0.0,3,True,exponential;power;logarithmic,False,0.0
"Qwen2.5 Technical Report (Alibaba, 2024), validation loss",observed_joint_recipe,1e+24,131072,1.0,-0.1,0.05,3,True,exponential;power;logarithmic,False,0.0
"Qwen2.5 Technical Report (Alibaba, 2024), validation loss",observed_joint_recipe,1e+24,131072,1.0,0.0,-0.05,3,True,exponential;power;logarithmic,False,0.0
"Qwen2.5 Technical Report (Alibaba, 2024), validation loss",observed_joint_recipe,1e+24,131072,1.0,0.0,0.0,3,True,exponential;power;logarithmic,False,0.0
"Qwen2.5 Technical Report (Alibaba, 2024), validation loss",observed_joint_recipe,1e+24,131072,1.0,0.0,0.05,3,True,exponential;power;logarithmic,False,0.0
"Qwen2.5 Technical Report (Alibaba, 2024), validation loss",observed_joint_recipe,1e+24,131072,1.0,0.1,-0.05,3,True,exponential;power;logarithmic,False,0.0
"Qwen2.5 Technical Report (Alibaba, 2024), validation loss",observed_joint_recipe,1e+24,131072,1.0,0.1,0.0,3,True,exponential;power;logarithmic,False,0.0
"Qwen2.5 Technical Report (Alibaba, 2024), validation loss",observed_joint_recipe,1e+24,131072,1.0,0.1,0.05,3,True,exponential;power;logarithmic,False,0.0
"Qwen2.5 Technical Report (Alibaba, 2024), validation loss",observed_joint_recipe,1e+24,131072,1.1,-0.1,-0.05,3,True,exponential;power;logarithmic,False,0.0
"Qwen2.5 Technical Report (Alibaba, 2024), validation loss",observed_joint_recipe,1e+24,131072,1.1,-0.1,0.0,3,True,exponential;power;logarithmic,False,0.0
"Qwen2.5 Technical Report (Alibaba, 2024), validation loss",observed_joint_recipe,1e+24,131072,1.1,-0.1,0.05,3,True,exponential;power;logarithmic,False,0.0
"Qwen2.5 Technical Report (Alibaba, 2024), validation loss",observed_joint_recipe,1e+24,131072,1.1,0.0,-0.05,3,True,exponential;power;logarithmic,False,0.0
"Qwen2.5 Technical Report (Alibaba, 2024), validation loss",observed_joint_recipe,1e+24,131072,1.1,0.0,0.0,3,True,exponential;power;logarithmic,False,0.0
"Qwen2.5 Technical Report (Alibaba, 2024), validation loss",observed_joint_recipe,1e+24,131072,1.1,0.0,0.05,3,True,exponential;power;logarithmic,False,0.0
"Qwen2.5 Technical Report (Alibaba, 2024), validation loss",observed_joint_recipe,1e+24,131072,1.1,0.1,-0.05,3,True,exponential;power;logarithmic,False,0.0
"Qwen2.5 Technical Report (Alibaba, 2024), validation loss",observed_joint_recipe,1e+24,131072,1.1,0.1,0.0,3,True,exponential;power;logarithmic,False,0.0
"Qwen2.5 Technical Report (Alibaba, 2024), validation loss",observed_joint_recipe,1e+24,131072,1.1,0.1,0.05,3,True,exponential;power;logarithmic,False,0.0
Qwen2.5 report,fixed_recipe,1e+19,2048,0.9,-0.1,-0.05,2,False,,,
Qwen2.5 report,fixed_recipe,1e+19,2048,0.9,-0.1,0.0,2,False,,,
Qwen2.5 report,fixed_recipe,1e+19,2048,0.9,-0.1,0.05,2,False,,,
Qwen2.5 report,fixed_recipe,1e+19,2048,0.9,0.0,-0.05,2,False,,,
Qwen2.5 report,fixed_recipe,1e+19,2048,0.9,0.0,0.0,2,False,,,
Qwen2.5 report,fixed_recipe,1e+19,2048,0.9,0.0,0.05,2,False,,,
Qwen2.5 report,fixed_recipe,1e+19,2048,0.9,0.1,-0.05,2,False,,,
Qwen2.5 report,fixed_recipe,1e+19,2048,0.9,0.1,0.0,2,False,,,
Qwen2.5 report,fixed_recipe,1e+19,2048,0.9,0.1,0.05,2,False,,,
Qwen2.5 report,fixed_recipe,1e+19,2048,1.0,-0.1,-0.05,2,False,,,
Qwen2.5 report,fixed_recipe,1e+19,2048,1.0,-0.1,0.0,2,False,,,
Qwen2.5 report,fixed_recipe,1e+19,2048,1.0,-0.1,0.05,2,False,,,
Qwen2.5 report,fixed_recipe,1e+19,2048,1.0,0.0,-0.05,2,False,,,
Qwen2.5 report,fixed_recipe,1e+19,2048,1.0,0.0,0.0,2,False,,,
Qwen2.5 report,fixed_recipe,1e+19,2048,1.0,0.0,0.05,2,False,,,
Qwen2.5 report,fixed_recipe,1e+19,2048,1.0,0.1,-0.05,2,False,,,
Qwen2.5 report,fixed_recipe,1e+19,2048,1.0,0.1,0.0,2,False,,,
Qwen2.5 report,fixed_recipe,1e+19,2048,1.0,0.1,0.05,2,False,,,
Qwen2.5 report,fixed_recipe,1e+19,2048,1.1,-0.1,-0.05,2,False,,,
Qwen2.5 report,fixed_recipe,1e+19,2048,1.1,-0.1,0.0,2,False,,,
Qwen2.5 report,fixed_recipe,1e+19,2048,1.1,-0.1,0.05,2,False,,,
Qwen2.5 report,fixed_recipe,1e+19,2048,1.1,0.0,-0.05,2,False,,,
Qwen2.5 report,fixed_recipe,1e+19,2048,1.1,0.0,0.0,2,False,,,
Qwen2.5 report,fixed_recipe,1e+19,2048,1.1,0.0,0.05,2,False,,,
Qwen2.5 report,fixed_recipe,1e+19,2048,1.1,0.1,-0.05,2,False,,,
Qwen2.5 report,fixed_recipe,1e+19,2048,1.1,0.1,0.0,2,False,,,
Qwen2.5 report,fixed_recipe,1e+19,2048,1.1,0.1,0.05,2,False,,,
Qwen2.5 report,fixed_recipe,1e+19,8192,0.9,-0.1,-0.05,1,False,,,
Qwen2.5 report,fixed_recipe,1e+19,8192,0.9,-0.1,0.0,1,False,,,
Qwen2.5 report,fixed_recipe,1e+19,8192,0.9,-0.1,0.05,1,False,,,
Qwen2.5 report,fixed_recipe,1e+19,8192,0.9,0.0,-0.05,1,False,,,
Qwen2.5 report,fixed_recipe,1e+19,8192,0.9,0.0,0.0,1,False,,,
Qwen2.5 report,fixed_recipe,1e+19,8192,0.9,0.0,0.05,1,False,,,
Qwen2.5 report,fixed_recipe,1e+19,8192,0.9,0.1,-0.05,1,False,,,
Qwen2.5 report,fixed_recipe,1e+19,8192,0.9,0.1,0.0,1,False,,,
Qwen2.5 report,fixed_recipe,1e+19,8192,0.9,0.1,0.05,1,False,,,
Qwen2.5 report,fixed_recipe,1e+19,8192,1.0,-0.1,-0.05,1,False,,,
Qwen2.5 report,fixed_recipe,1e+19,8192,1.0,-0.1,0.0,1,False,,,
Qwen2.5 report,fixed_recipe,1e+19,8192,1.0,-0.1,0.05,1,False,,,
Qwen2.5 report,fixed_recipe,1e+19,8192,1.0,0.0,-0.05,1,False,,,
Qwen2.5 report,fixed_recipe,1e+19,8192,1.0,0.0,0.0,1,False,,,
Qwen2.5 report,fixed_recipe,1e+19,8192,1.0,0.0,0.05,1,False,,,
Qwen2.5 report,fixed_recipe,1e+19,8192,1.0,0.1,-0.05,1,False,,,
Qwen2.5 report,fixed_recipe,1e+19,8192,1.0,0.1,0.0,1,False,,,
Qwen2.5 report,fixed_recipe,1e+19,8192,1.0,0.1,0.05,1,False,,,
Qwen2.5 report,fixed_recipe,1e+19,8192,1.1,-0.1,-0.05,1,False,,,
Qwen2.5 report,fixed_recipe,1e+19,8192,1.1,-0.1,0.0,1,False,,,
Qwen2.5 report,fixed_recipe,1e+19,8192,1.1,-0.1,0.05,1,False,,,
Qwen2.5 report,fixed_recipe,1e+19,8192,1.1,0.0,-0.05,1,False,,,
Qwen2.5 report,fixed_recipe,1e+19,8192,1.1,0.0,0.0,1,False,,,
Qwen2.5 report,fixed_recipe,1e+19,8192,1.1,0.0,0.05,1,False,,,
Qwen2.5 report,fixed_recipe,1e+19,8192,1.1,0.1,-0.05,1,False,,,
Qwen2.5 report,fixed_recipe,1e+19,8192,1.1,0.1,0.0,1,False,,,
Qwen2.5 report,fixed_recipe,1e+19,8192,1.1,0.1,0.05,1,False,,,
Qwen2.5 report,fixed_recipe,1e+19,131072,0.9,-0.1,-0.05,0,False,,,
Qwen2.5 report,fixed_recipe,1e+19,131072,0.9,-0.1,0.0,0,False,,,
Qwen2.5 report,fixed_recipe,1e+19,131072,0.9,-0.1,0.05,0,False,,,
Qwen2.5 report,fixed_recipe,1e+19,131072,0.9,0.0,-0.05,0,False,,,
Qwen2.5 report,fixed_recipe,1e+19,131072,0.9,0.0,0.0,0,False,,,
Qwen2.5 report,fixed_recipe,1e+19,131072,0.9,0.0,0.05,0,False,,,
Qwen2.5 report,fixed_recipe,1e+19,131072,0.9,0.1,-0.05,0,False,,,
Qwen2.5 report,fixed_recipe,1e+19,131072,0.9,0.1,0.0,0,False,,,
Qwen2.5 report,fixed_recipe,1e+19,131072,0.9,0.1,0.05,0,False,,,
Qwen2.5 report,fixed_recipe,1e+19,131072,1.0,-0.1,-0.05,0,False,,,
Qwen2.5 report,fixed_recipe,1e+19,131072,1.0,-0.1,0.0,0,False,,,
Qwen2.5 report,fixed_recipe,1e+19,131072,1.0,-0.1,0.05,0,False,,,
Qwen2.5 report,fixed_recipe,1e+19,131072,1.0,0.0,-0.05,0,False,,,
Qwen2.5 report,fixed_recipe,1e+19,131072,1.0,0.0,0.0,0,False,,,
Qwen2.5 report,fixed_recipe,1e+19,131072,1.0,0.0,0.05,0,False,,,
Qwen2.5 report,fixed_recipe,1e+19,131072,1.0,0.1,-0.05,0,False,,,
Qwen2.5 report,fixed_recipe,1e+19,131072,1.0,0.1,0.0,0,False,,,
Qwen2.5 report,fixed_recipe,1e+19,131072,1.0,0.1,0.05,0,False,,,
Qwen2.5 report,fixed_recipe,1e+19,131072,1.1,-0.1,-0.05,0,False,,,
Qwen2.5 report,fixed_recipe,1e+19,131072,1.1,-0.1,0.0,0,False,,,
Qwen2.5 report,fixed_recipe,1e+19,131072,1.1,-0.1,0.05,0,False,,,
Qwen2.5 report,fixed_recipe,1e+19,131072,1.1,0.0,-0.05,0,False,,,
Qwen2.5 report,fixed_recipe,1e+19,131072,1.1,0.0,0.0,0,False,,,
Qwen2.5 report,fixed_recipe,1e+19,131072,1.1,0.0,0.05,0,False,,,
Qwen2.5 report,fixed_recipe,1e+19,131072,1.1,0.1,-0.05,0,False,,,
Qwen2.5 report,fixed_recipe,1e+19,131072,1.1,0.1,0.0,0,False,,,
Qwen2.5 report,fixed_recipe,1e+19,131072,1.1,0.1,0.05,0,False,,,
Qwen2.5 report,fixed_recipe,1e+20,2048,0.9,-0.1,-0.05,3,True,exponential,True,0.3843318612716118
Qwen2.5 report,fixed_recipe,1e+20,2048,0.9,-0.1,0.0,3,True,exponential,True,0.3707574152777475
Qwen2.5 report,fixed_recipe,1e+20,2048,0.9,-0.1,0.05,3,True,exponential,True,0.3561701790892364
Qwen2.5 report,fixed_recipe,1e+20,2048,0.9,0.0,-0.05,3,True,exponential,True,0.35281271184853225
Qwen2.5 report,fixed_recipe,1e+20,2048,0.9,0.0,0.0,3,True,exponential,True,0.33727955469239745
Qwen2.5 report,fixed_recipe,1e+20,2048,0.9,0.0,0.05,3,True,exponential,True,0.32120615099386285
Qwen2.5 report,fixed_recipe,1e+20,2048,0.9,0.1,-0.05,3,True,exponential,True,0.31758128818452747
Qwen2.5 report,fixed_recipe,1e+20,2048,0.9,0.1,0.0,3,True,exponential,True,0.30111797886300096
Qwen2.5 report,fixed_recipe,1e+20,2048,0.9,0.1,0.05,3,True,exponential,True,0.28454009591900586
Qwen2.5 report,fixed_recipe,1e+20,2048,1.0,-0.1,-0.05,3,True,exponential,True,0.3312273837282831
Qwen2.5 report,fixed_recipe,1e+20,2048,1.0,-0.1,0.0,3,True,exponential,True,0.31076018378091064
Qwen2.5 report,fixed_recipe,1e+20,2048,1.0,-0.1,0.05,3,True,exponential,True,0.29042435038581615
Qwen2.5 report,fixed_recipe,1e+20,2048,1.0,0.0,-0.05,3,True,exponential,True,0.2904243503858126
Qwen2.5 report,fixed_recipe,1e+20,2048,1.0,0.0,0.0,3,True,exponential,True,0.2704330648558617
Qwen2.5 report,fixed_recipe,1e+20,2048,1.0,0.0,0.05,3,True,exponential,True,0.25096570917214933
Qwen2.5 report,fixed_recipe,1e+20,2048,1.0,0.1,-0.05,3,True,exponential,True,0.2509657091721511
Qwen2.5 report,fixed_recipe,1e+20,2048,1.0,0.1,0.0,3,True,exponential,True,0.23216818281777307
Qwen2.5 report,fixed_recipe,1e+20,2048,1.0,0.1,0.05,3,True,exponential,True,0.2141543984979819
Qwen2.5 report,fixed_recipe,1e+20,2048,1.1,-0.1,-0.05,3,True,exponential,True,0.25409462109226766
Qwen2.5 report,fixed_recipe,1e+20,2048,1.1,-0.1,0.0,3,True,exponential,True,0.23241382087025997
Qwen2.5 report,fixed_recipe,1e+20,2048,1.1,-0.1,0.05,3,True,exponential,True,0.21190262559979267
Qwen2.5 report,fixed_recipe,1e+20,2048,1.1,0.0,-0.05,3,True,exponential,True,0.21554096192181937
Qwen2.5 report,fixed_recipe,1e+20,2048,1.1,0.0,0.0,3,False,,,
Qwen2.5 report,fixed_recipe,1e+20,2048,1.1,0.0,0.05,3,False,,,
Qwen2.5 report,fixed_recipe,1e+20,2048,1.1,0.1,-0.05,3,False,,,
Qwen2.5 report,fixed_recipe,1e+20,2048,1.1,0.1,0.0,3,False,,,
Qwen2.5 report,fixed_recipe,1e+20,2048,1.1,0.1,0.05,3,False,,,
Qwen2.5 report,fixed_recipe,1e+20,8192,0.9,-0.1,-0.05,3,True,exponential,True,0.3576731515507241
Qwen2.5 report,fixed_recipe,1e+20,8192,0.9,-0.1,0.0,3,True,exponential,True,0.34432531407417954
Qwen2.5 report,fixed_recipe,1e+20,8192,0.9,-0.1,0.05,3,True,exponential,True,0.33011885142882136
Qwen2.5 report,fixed_recipe,1e+20,8192,0.9,0.0,-0.05,3,True,exponential,True,0.3268657220802993
Qwen2.5 report,fixed_recipe,1e+20,8192,0.9,0.0,0.0,3,True,exponential,True,0.3118844690596063
Qwen2.5 report,fixed_recipe,1e+20,8192,0.9,0.0,0.05,3,True,exponential,True,0.2964862389463079
Qwen2.5 report,fixed_recipe,1e+20,8192,0.9,0.1,-0.05,3,True,exponential,True,0.29302650081897497
Qwen2.5 report,fixed_recipe,1e+20,8192,0.9,0.1,0.0,3,True,exponential,True,0.27736634890332823
Qwen2.5 report,fixed_recipe,1e+20,8192,0.9,0.1,0.05,3,True,exponential,True,0.26167696610565017
Qwen2.5 report,fixed_recipe,1e+20,8192,1.0,-0.1,-0.05,3,True,exponential,True,0.3040572844471079
Qwen2.5 report,fixed_recipe,1e+20,8192,1.0,-0.1,0.0,3,True,exponential,True,0.28471443413098285
Qwen2.5 report,fixed_recipe,1e+20,8192,1.0,-0.1,0.05,3,True,exponential,True,0.26559908872877
Qwen2.5 report,fixed_recipe,1e+20,8192,1.0,0.0,-0.05,3,True,exponential,True,0.2655990887287736
Qwen2.5 report,fixed_recipe,1e+20,8192,1.0,0.0,0.0,3,True,exponential,True,0.2468973930795073
Qwen2.5 report,fixed_recipe,1e+20,8192,1.0,0.0,0.05,3,True,exponential,True,0.2287634824399678
Qwen2.5 report,fixed_recipe,1e+20,8192,1.0,0.1,-0.05,3,True,exponential,True,0.2287634824399678
Qwen2.5 report,fixed_recipe,1e+20,8192,1.0,0.1,0.0,3,True,exponential,True,0.21132036829156853
Qwen2.5 report,fixed_recipe,1e+20,8192,1.0,0.1,0.05,3,True,exponential,True,0.1946617935714965
Qwen2.5 report,fixed_recipe,1e+20,8192,1.1,-0.1,-0.05,3,True,exponential,True,0.23033872834146862
Qwen2.5 report,fixed_recipe,1e+20,8192,1.1,-0.1,0.0,3,True,exponential,True,0.21034567217065536
Qwen2.5 report,fixed_recipe,1e+20,8192,1.1,-0.1,0.05,3,False,,,
Qwen2.5 report,fixed_recipe,1e+20,8192,1.1,0.0,-0.05,3,False,,,
Qwen2.5 report,fixed_recipe,1e+20,8192,1.1,0.0,0.0,3,False,,,
Qwen2.5 report,fixed_recipe,1e+20,8192,1.1,0.0,0.05,3,False,,,
Qwen2.5 report,fixed_recipe,1e+20,8192,1.1,0.1,-0.05,3,False,,,
Qwen2.5 report,fixed_recipe,1e+20,8192,1.1,0.1,0.0,3,False,,,
Qwen2.5 report,fixed_recipe,1e+20,8192,1.1,0.1,0.05,3,False,,,
Qwen2.5 report,fixed_recipe,1e+20,131072,0.9,-0.1,-0.05,3,False,,,
Qwen2.5 report,fixed_recipe,1e+20,131072,0.9,-0.1,0.0,3,False,,,
Qwen2.5 report,fixed_recipe,1e+20,131072,0.9,-0.1,0.05,3,False,,,
Qwen2.5 report,fixed_recipe,1e+20,131072,0.9,0.0,-0.05,3,False,,,
Qwen2.5 report,fixed_recipe,1e+20,131072,0.9,0.0,0.0,3,False,,,
Qwen2.5 report,fixed_recipe,1e+20,131072,0.9,0.0,0.05,3,False,,,
Qwen2.5 report,fixed_recipe,1e+20,131072,0.9,0.1,-0.05,3,False,,,
Qwen2.5 report,fixed_recipe,1e+20,131072,0.9,0.1,0.0,3,False,,,
Qwen2.5 report,fixed_recipe,1e+20,131072,0.9,0.1,0.05,3,False,,,
Qwen2.5 report,fixed_recipe,1e+20,131072,1.0,-0.1,-0.05,3,False,,,
Qwen2.5 report,fixed_recipe,1e+20,131072,1.0,-0.1,0.0,3,False,,,
Qwen2.5 report,fixed_recipe,1e+20,131072,1.0,-0.1,0.05,3,False,,,
Qwen2.5 report,fixed_recipe,1e+20,131072,1.0,0.0,-0.05,3,False,,,
Qwen2.5 report,fixed_recipe,1e+20,131072,1.0,0.0,0.0,3,False,,,
Qwen2.5 report,fixed_recipe,1e+20,131072,1.0,0.0,0.05,3,False,,,
Qwen2.5 report,fixed_recipe,1e+20,131072,1.0,0.1,-0.05,3,False,,,
Qwen2.5 report,fixed_recipe,1e+20,131072,1.0,0.1,0.0,3,False,,,
Qwen2.5 report,fixed_recipe,1e+20,131072,1.0,0.1,0.05,3,False,,,
Qwen2.5 report,fixed_recipe,1e+20,131072,1.1,-0.1,-0.05,3,False,,,
Qwen2.5 report,fixed_recipe,1e+20,131072,1.1,-0.1,0.0,3,False,,,
Qwen2.5 report,fixed_recipe,1e+20,131072,1.1,-0.1,0.05,3,False,,,
Qwen2.5 report,fixed_recipe,1e+20,131072,1.1,0.0,-0.05,3,False,,,
Qwen2.5 report,fixed_recipe,1e+20,131072,1.1,0.0,0.0,3,False,,,
Qwen2.5 report,fixed_recipe,1e+20,131072,1.1,0.0,0.05,3,False,,,
Qwen2.5 report,fixed_recipe,1e+20,131072,1.1,0.1,-0.05,3,False,,,
Qwen2.5 report,fixed_recipe,1e+20,131072,1.1,0.1,0.0,3,False,,,
Qwen2.5 report,fixed_recipe,1e+20,131072,1.1,0.1,0.05,3,False,,,
Qwen2.5 report,fixed_recipe,1e+22,2048,0.9,-0.1,-0.05,3,False,,,
Qwen2.5 report,fixed_recipe,1e+22,2048,0.9,-0.1,0.0,3,False,,,
Qwen2.5 report,fixed_recipe,1e+22,2048,0.9,-0.1,0.05,3,False,,,
Qwen2.5 report,fixed_recipe,1e+22,2048,0.9,0.0,-0.05,3,False,,,
Qwen2.5 report,fixed_recipe,1e+22,2048,0.9,0.0,0.0,3,True,exponential,True,0.02776942860103304
Qwen2.5 report,fixed_recipe,1e+22,2048,0.9,0.0,0.05,3,True,exponential,True,0.02765024120549242
Qwen2.5 report,fixed_recipe,1e+22,2048,0.9,0.1,-0.05,3,True,exponential,True,0.027605482957547167
Qwen2.5 report,fixed_recipe,1e+22,2048,0.9,0.1,0.0,3,True,exponential,True,0.027323616594848943
Qwen2.5 report,fixed_recipe,1e+22,2048,0.9,0.1,0.05,3,True,exponential,True,0.026914466591847486
Qwen2.5 report,fixed_recipe,1e+22,2048,1.0,-0.1,-0.05,3,True,exponential,True,0.030656053975178565
Qwen2.5 report,fixed_recipe,1e+22,2048,1.0,-0.1,0.0,3,True,exponential,True,0.030288284158856982
Qwen2.5 report,fixed_recipe,1e+22,2048,1.0,-0.1,0.05,3,True,exponential,True,0.0297476508763026
Qwen2.5 report,fixed_recipe,1e+22,2048,1.0,0.0,-0.05,3,True,exponential,True,0.0297476508763026
Qwen2.5 report,fixed_recipe,1e+22,2048,1.0,0.0,0.0,3,True,exponential,True,0.02904666383735588
Qwen2.5 report,fixed_recipe,1e+22,2048,1.0,0.0,0.05,3,True,exponential,True,0.02820103557587572
Qwen2.5 report,fixed_recipe,1e+22,2048,1.0,0.1,-0.05,3,True,exponential,True,0.0282010355758473
Qwen2.5 report,fixed_recipe,1e+22,2048,1.0,0.1,0.0,3,True,exponential,True,0.02722895772496514
Qwen2.5 report,fixed_recipe,1e+22,2048,1.0,0.1,0.05,3,True,exponential,True,0.02615031089721498
Qwen2.5 report,fixed_recipe,1e+22,2048,1.1,-0.1,-0.05,3,True,exponential,True,0.030959380181037943
Qwen2.5 report,fixed_recipe,1e+22,2048,1.1,-0.1,0.0,3,True,exponential,True,0.029767809372309273
Qwen2.5 report,fixed_recipe,1e+22,2048,1.1,-0.1,0.05,3,True,exponential,True,0.028438819189723574
Qwen2.5 report,fixed_recipe,1e+22,2048,1.1,0.0,-0.05,3,True,exponential,True,0.02868930587487384
Qwen2.5 report,fixed_recipe,1e+22,2048,1.1,0.0,0.0,3,True,exponential,True,0.027270560558001478
Qwen2.5 report,fixed_recipe,1e+22,2048,1.1,0.0,0.05,3,True,exponential,True,0.025769848252501504
Qwen2.5 report,fixed_recipe,1e+22,2048,1.1,0.1,-0.05,3,True,exponential,True,0.026047451281332457
Qwen2.5 report,fixed_recipe,1e+22,2048,1.1,0.1,0.0,3,True,exponential,True,0.024501676325769495
Qwen2.5 report,fixed_recipe,1e+22,2048,1.1,0.1,0.05,3,True,exponential,True,0.022926055258039924
Qwen2.5 report,fixed_recipe,1e+22,8192,0.9,-0.1,-0.05,3,False,,,
Qwen2.5 report,fixed_recipe,1e+22,8192,0.9,-0.1,0.0,3,False,,,
Qwen2.5 report,fixed_recipe,1e+22,8192,0.9,-0.1,0.05,3,False,,,
Qwen2.5 report,fixed_recipe,1e+22,8192,0.9,0.0,-0.05,3,False,,,
Qwen2.5 report,fixed_recipe,1e+22,8192,0.9,0.0,0.0,3,True,exponential,True,0.026077665984679754
Qwen2.5 report,fixed_recipe,1e+22,8192,0.9,0.0,0.05,3,True,exponential,True,0.025931434275619836
Qwen2.5 report,fixed_recipe,1e+22,8192,0.9,0.1,-0.05,3,True,exponential,True,0.025881881854658673
Qwen2.5 report,fixed_recipe,1e+22,8192,0.9,0.1,0.0,3,True,exponential,True,0.025584095585259092
Qwen2.5 report,fixed_recipe,1e+22,8192,0.9,0.1,0.05,3,True,exponential,True,0.025168456102754533
Qwen2.5 report,fixed_recipe,1e+22,8192,1.0,-0.1,-0.05,3,True,exponential,True,0.02873116959843003
Qwen2.5 report,fixed_recipe,1e+22,8192,1.0,-0.1,0.0,3,True,exponential,True,0.028340718754627403
Qwen2.5 report,fixed_recipe,1e+22,8192,1.0,-0.1,0.05,3,True,exponential,True,0.027790669864408812
Qwen2.5 report,fixed_recipe,1e+22,8192,1.0,0.0,-0.05,3,True,exponential,True,0.027790669864415918
Qwen2.5 report,fixed_recipe,1e+22,8192,1.0,0.0,0.0,3,True,exponential,True,0.02709365310528966
Qwen2.5 report,fixed_recipe,1e+22,8192,1.0,0.0,0.05,3,True,exponential,True,0.026265133813510033
Qwen2.5 report,fixed_recipe,1e+22,8192,1.0,0.1,-0.05,3,True,exponential,True,0.02626513381351714
Qwen2.5 report,fixed_recipe,1e+22,8192,1.0,0.1,0.0,3,True,exponential,True,0.025322710315059282
Qwen2.5 report,fixed_recipe,1e+22,8192,1.0,0.1,0.05,3,True,exponential,True,0.02428536363116862
Qwen2.5 report,fixed_recipe,1e+22,8192,1.1,-0.1,-0.05,3,True,exponential,True,0.028804840988264857
Qwen2.5 report,fixed_recipe,1e+22,8192,1.1,-0.1,0.0,3,True,exponential,True,0.0276474298212932
Qwen2.5 report,fixed_recipe,1e+22,8192,1.1,-0.1,0.05,3,True,exponential,True,0.0263685689503923
Qwen2.5 report,fixed_recipe,1e+22,8192,1.1,0.0,-0.05,3,True,exponential,True,0.02660882732181591
Qwen2.5 report,fixed_recipe,1e+22,8192,1.1,0.0,0.0,3,True,exponential,True,0.025251994176286985
Qwen2.5 report,fixed_recipe,1e+22,8192,1.1,0.0,0.05,3,True,exponential,True,0.023825757036401995
Qwen2.5 report,fixed_recipe,1e+22,8192,1.1,0.1,-0.05,3,True,exponential,True,0.02408898245545288
Qwen2.5 report,fixed_recipe,1e+22,8192,1.1,0.1,0.0,3,True,exponential,True,0.022626323985498686
Qwen2.5 report,fixed_recipe,1e+22,8192,1.1,0.1,0.05,3,True,exponential,True,0.021142298700407736
Qwen2.5 report,fixed_recipe,1e+22,131072,0.9,-0.1,-0.05,3,True,exponential,True,0.015518786016365027
Qwen2.5 report,fixed_recipe,1e+22,131072,0.9,-0.1,0.0,3,True,exponential,True,0.015488536064154346
Qwen2.5 report,fixed_recipe,1e+22,131072,0.9,-0.1,0.05,3,True,exponential,True,0.01538285950227447
Qwen2.5 report,fixed_recipe,1e+22,131072,0.9,0.0,-0.05,3,True,exponential,True,0.01534931125122796
Qwen2.5 report,fixed_recipe,1e+22,131072,0.9,0.0,0.0,3,True,exponential,True,0.015154371759926732
Qwen2.5 report,fixed_recipe,1e+22,131072,0.9,0.0,0.05,3,True,exponential,True,0.014890417290509106
Qwen2.5 report,fixed_recipe,1e+22,131072,0.9,0.1,-0.05,3,True,exponential,True,0.014822861626051065
Qwen2.5 report,fixed_recipe,1e+22,131072,0.9,0.1,0.0,3,True,exponential,True,0.014481337326643029
Qwen2.5 report,fixed_recipe,1e+22,131072,0.9,0.1,0.05,3,True,exponential,True,0.014083073610649421
Qwen2.5 report,fixed_recipe,1e+22,131072,1.0,-0.1,-0.05,3,True,exponential,True,0.016336183188514042
Qwen2.5 report,fixed_recipe,1e+22,131072,1.0,-0.1,0.0,3,True,exponential,True,0.015883631986625346
Qwen2.5 report,fixed_recipe,1e+22,131072,1.0,-0.1,0.05,3,True,exponential,True,0.015357714608491335
Qwen2.5 report,fixed_recipe,1e+22,131072,1.0,0.0,-0.05,3,True,exponential,True,0.015357714608519757
Qwen2.5 report,fixed_recipe,1e+22,131072,1.0,0.0,0.0,3,True,exponential,True,0.014769337861736176
Qwen2.5 report,fixed_recipe,1e+22,131072,1.0,0.0,0.05,3,True,exponential,True,0.014130018694515911
Qwen2.5 report,fixed_recipe,1e+22,131072,1.0,0.1,-0.05,3,True,exponential,True,0.014130018694515911
Qwen2.5 report,fixed_recipe,1e+22,131072,1.0,0.1,0.0,3,True,exponential,True,0.013451450513024099
Qwen2.5 report,fixed_recipe,1e+22,131072,1.0,0.1,0.05,3,True,exponential,True,0.01274510901106396
Qwen2.5 report,fixed_recipe,1e+22,131072,1.1,-0.1,-0.05,3,True,exponential,True,0.015296723830648062
Qwen2.5 report,fixed_recipe,1e+22,131072,1.1,-0.1,0.0,3,True,exponential,True,0.01446120282531993
Qwen2.5 report,fixed_recipe,1e+22,131072,1.1,-0.1,0.05,3,True,exponential,True,0.01359514494789238
Qwen2.5 report,fixed_recipe,1e+22,131072,1.1,0.0,-0.05,3,True,exponential,True,0.013754167373182469
Qwen2.5 report,fixed_recipe,1e+22,131072,1.1,0.0,0.0,3,True,exponential,True,0.012874671571406537
Qwen2.5 report,fixed_recipe,1e+22,131072,1.1,0.0,0.05,3,True,exponential,True,0.011991605521693316
Qwen2.5 report,fixed_recipe,1e+22,131072,1.1,0.1,-0.05,3,True,exponential,True,0.012151840472395037
Qwen2.5 report,fixed_recipe,1e+22,131072,1.1,0.1,0.0,3,True,exponential,True,0.011275233621290681
Qwen2.5 report,fixed_recipe,1e+22,131072,1.1,0.1,0.05,3,True,exponential,True,0.010416372225144244
Qwen2.5 report,fixed_recipe,1e+24,2048,0.9,-0.1,-0.05,3,False,,,
Qwen2.5 report,fixed_recipe,1e+24,2048,0.9,-0.1,0.0,3,False,,,
Qwen2.5 report,fixed_recipe,1e+24,2048,0.9,-0.1,0.05,3,False,,,
Qwen2.5 report,fixed_recipe,1e+24,2048,0.9,0.0,-0.05,3,False,,,
Qwen2.5 report,fixed_recipe,1e+24,2048,0.9,0.0,0.0,3,False,,,
Qwen2.5 report,fixed_recipe,1e+24,2048,0.9,0.0,0.05,3,True,exponential;power;logarithmic,False,0.0
Qwen2.5 report,fixed_recipe,1e+24,2048,0.9,0.1,-0.05,3,True,exponential;power;logarithmic,False,0.0
Qwen2.5 report,fixed_recipe,1e+24,2048,0.9,0.1,0.0,3,True,exponential;power;logarithmic,False,0.0
Qwen2.5 report,fixed_recipe,1e+24,2048,0.9,0.1,0.05,3,True,exponential;power;logarithmic,False,0.0
Qwen2.5 report,fixed_recipe,1e+24,2048,1.0,-0.1,-0.05,3,True,exponential;power;logarithmic,False,0.0
Qwen2.5 report,fixed_recipe,1e+24,2048,1.0,-0.1,0.0,3,True,exponential;power;logarithmic,False,0.0
Qwen2.5 report,fixed_recipe,1e+24,2048,1.0,-0.1,0.05,3,True,exponential;power;logarithmic,False,0.0
Qwen2.5 report,fixed_recipe,1e+24,2048,1.0,0.0,-0.05,3,True,exponential;power;logarithmic,False,0.0
Qwen2.5 report,fixed_recipe,1e+24,2048,1.0,0.0,0.0,3,True,exponential;power;logarithmic,False,0.0
Qwen2.5 report,fixed_recipe,1e+24,2048,1.0,0.0,0.05,3,True,exponential;power;logarithmic,False,0.0
Qwen2.5 report,fixed_recipe,1e+24,2048,1.0,0.1,-0.05,3,True,exponential;power;logarithmic,False,0.0
Qwen2.5 report,fixed_recipe,1e+24,2048,1.0,0.1,0.0,3,True,exponential;power;logarithmic,False,0.0
Qwen2.5 report,fixed_recipe,1e+24,2048,1.0,0.1,0.05,3,True,exponential;power;logarithmic,False,0.0
Qwen2.5 report,fixed_recipe,1e+24,2048,1.1,-0.1,-0.05,3,True,exponential;power;logarithmic,False,0.0
Qwen2.5 report,fixed_recipe,1e+24,2048,1.1,-0.1,0.0,3,True,exponential;power;logarithmic,False,0.0
Qwen2.5 report,fixed_recipe,1e+24,2048,1.1,-0.1,0.05,3,True,exponential;power;logarithmic,False,0.0
Qwen2.5 report,fixed_recipe,1e+24,2048,1.1,0.0,-0.05,3,True,exponential;power;logarithmic,False,0.0
Qwen2.5 report,fixed_recipe,1e+24,2048,1.1,0.0,0.0,3,True,exponential;power;logarithmic,False,0.0
Qwen2.5 report,fixed_recipe,1e+24,2048,1.1,0.0,0.05,3,True,exponential;power;logarithmic,False,0.0
Qwen2.5 report,fixed_recipe,1e+24,2048,1.1,0.1,-0.05,3,True,exponential;power;logarithmic,False,0.0
Qwen2.5 report,fixed_recipe,1e+24,2048,1.1,0.1,0.0,3,True,exponential;power;logarithmic,False,0.0
Qwen2.5 report,fixed_recipe,1e+24,2048,1.1,0.1,0.05,3,True,exponential;power;logarithmic,False,0.0
Qwen2.5 report,fixed_recipe,1e+24,8192,0.9,-0.1,-0.05,3,False,,,
Qwen2.5 report,fixed_recipe,1e+24,8192,0.9,-0.1,0.0,3,False,,,
Qwen2.5 report,fixed_recipe,1e+24,8192,0.9,-0.1,0.05,3,False,,,
Qwen2.5 report,fixed_recipe,1e+24,8192,0.9,0.0,-0.05,3,False,,,
Qwen2.5 report,fixed_recipe,1e+24,8192,0.9,0.0,0.0,3,False,,,
Qwen2.5 report,fixed_recipe,1e+24,8192,0.9,0.0,0.05,3,True,exponential;power;logarithmic,False,0.0
Qwen2.5 report,fixed_recipe,1e+24,8192,0.9,0.1,-0.05,3,True,exponential;power;logarithmic,False,0.0
Qwen2.5 report,fixed_recipe,1e+24,8192,0.9,0.1,0.0,3,True,exponential;power;logarithmic,False,0.0
Qwen2.5 report,fixed_recipe,1e+24,8192,0.9,0.1,0.05,3,True,exponential;power;logarithmic,False,0.0
Qwen2.5 report,fixed_recipe,1e+24,8192,1.0,-0.1,-0.05,3,True,exponential;power;logarithmic,False,0.0
Qwen2.5 report,fixed_recipe,1e+24,8192,1.0,-0.1,0.0,3,True,exponential;power;logarithmic,False,0.0
Qwen2.5 report,fixed_recipe,1e+24,8192,1.0,-0.1,0.05,3,True,exponential;power;logarithmic,False,0.0
Qwen2.5 report,fixed_recipe,1e+24,8192,1.0,0.0,-0.05,3,True,exponential;power;logarithmic,False,0.0
Qwen2.5 report,fixed_recipe,1e+24,8192,1.0,0.0,0.0,3,True,exponential;power;logarithmic,False,0.0
Qwen2.5 report,fixed_recipe,1e+24,8192,1.0,0.0,0.05,3,True,exponential;power;logarithmic,False,0.0
Qwen2.5 report,fixed_recipe,1e+24,8192,1.0,0.1,-0.05,3,True,exponential;power;logarithmic,False,0.0
Qwen2.5 report,fixed_recipe,1e+24,8192,1.0,0.1,0.0,3,True,exponential;power;logarithmic,False,0.0
Qwen2.5 report,fixed_recipe,1e+24,8192,1.0,0.1,0.05,3,True,exponential;power;logarithmic,False,0.0
Qwen2.5 report,fixed_recipe,1e+24,8192,1.1,-0.1,-0.05,3,True,exponential;power;logarithmic,False,0.0
Qwen2.5 report,fixed_recipe,1e+24,8192,1.1,-0.1,0.0,3,True,exponential;power;logarithmic,False,0.0
Qwen2.5 report,fixed_recipe,1e+24,8192,1.1,-0.1,0.05,3,True,exponential;power;logarithmic,False,0.0
Qwen2.5 report,fixed_recipe,1e+24,8192,1.1,0.0,-0.05,3,True,exponential;power;logarithmic,False,0.0
Qwen2.5 report,fixed_recipe,1e+24,8192,1.1,0.0,0.0,3,True,exponential;power;logarithmic,False,0.0
Qwen2.5 report,fixed_recipe,1e+24,8192,1.1,0.0,0.05,3,True,exponential;power;logarithmic,False,0.0
Qwen2.5 report,fixed_recipe,1e+24,8192,1.1,0.1,-0.05,3,True,exponential;power;logarithmic,False,0.0
Qwen2.5 report,fixed_recipe,1e+24,8192,1.1,0.1,0.0,3,True,exponential;power;logarithmic,False,0.0
Qwen2.5 report,fixed_recipe,1e+24,8192,1.1,0.1,0.05,3,True,exponential;power;logarithmic,False,0.0
Qwen2.5 report,fixed_recipe,1e+24,131072,0.9,-0.1,-0.05,3,False,,,
Qwen2.5 report,fixed_recipe,1e+24,131072,0.9,-0.1,0.0,3,False,,,
Qwen2.5 report,fixed_recipe,1e+24,131072,0.9,-0.1,0.05,3,False,,,
Qwen2.5 report,fixed_recipe,1e+24,131072,0.9,0.0,-0.05,3,False,,,
Qwen2.5 report,fixed_recipe,1e+24,131072,0.9,0.0,0.0,3,False,,,
Qwen2.5 report,fixed_recipe,1e+24,131072,0.9,0.0,0.05,3,True,exponential;power;logarithmic,False,0.0
Qwen2.5 report,fixed_recipe,1e+24,131072,0.9,0.1,-0.05,3,True,exponential;power;logarithmic,False,0.0
Qwen2.5 report,fixed_recipe,1e+24,131072,0.9,0.1,0.0,3,True,exponential;power;logarithmic,False,0.0
Qwen2.5 report,fixed_recipe,1e+24,131072,0.9,0.1,0.05,3,True,exponential;power;logarithmic,False,0.0
Qwen2.5 report,fixed_recipe,1e+24,131072,1.0,-0.1,-0.05,3,True,exponential;power;logarithmic,False,0.0
Qwen2.5 report,fixed_recipe,1e+24,131072,1.0,-0.1,0.0,3,True,exponential;power;logarithmic,False,0.0
Qwen2.5 report,fixed_recipe,1e+24,131072,1.0,-0.1,0.05,3,True,exponential;power;logarithmic,False,0.0
Qwen2.5 report,fixed_recipe,1e+24,131072,1.0,0.0,-0.05,3,True,exponential;power;logarithmic,False,0.0
Qwen2.5 report,fixed_recipe,1e+24,131072,1.0,0.0,0.0,3,True,exponential;power;logarithmic,False,0.0
Qwen2.5 report,fixed_recipe,1e+24,131072,1.0,0.0,0.05,3,True,exponential;power;logarithmic,False,0.0
Qwen2.5 report,fixed_recipe,1e+24,131072,1.0,0.1,-0.05,3,True,exponential;power;logarithmic,False,0.0
Qwen2.5 report,fixed_recipe,1e+24,131072,1.0,0.1,0.0,3,True,exponential;power;logarithmic,False,0.0
Qwen2.5 report,fixed_recipe,1e+24,131072,1.0,0.1,0.05,3,True,exponential;power;logarithmic,False,0.0
Qwen2.5 report,fixed_recipe,1e+24,131072,1.1,-0.1,-0.05,3,True,exponential;power;logarithmic,False,0.0
Qwen2.5 report,fixed_recipe,1e+24,131072,1.1,-0.1,0.0,3,True,exponential;power;logarithmic,False,0.0
Qwen2.5 report,fixed_recipe,1e+24,131072,1.1,-0.1,0.05,3,True,exponential;power;logarithmic,False,0.0
Qwen2.5 report,fixed_recipe,1e+24,131072,1.1,0.0,-0.05,3,True,exponential;power;logarithmic,False,0.0
Qwen2.5 report,fixed_recipe,1e+24,131072,1.1,0.0,0.0,3,True,exponential;power;logarithmic,False,0.0
Qwen2.5 report,fixed_recipe,1e+24,131072,1.1,0.0,0.05,3,True,exponential;power;logarithmic,False,0.0
Qwen2.5 report,fixed_recipe,1e+24,131072,1.1,0.1,-0.05,3,True,exponential;power;logarithmic,False,0.0
Qwen2.5 report,fixed_recipe,1e+24,131072,1.1,0.1,0.0,3,True,exponential;power;logarithmic,False,0.0
Qwen2.5 report,fixed_recipe,1e+24,131072,1.1,0.1,0.05,3,True,exponential;power;logarithmic,False,0.0
Qwen2.5 report,independent_native_Q,1e+19,2048,0.9,-0.1,-0.05,3,False,,,
Qwen2.5 report,independent_native_Q,1e+19,2048,0.9,-0.1,0.0,3,False,,,
Qwen2.5 report,independent_native_Q,1e+19,2048,0.9,-0.1,0.05,3,False,,,
Qwen2.5 report,independent_native_Q,1e+19,2048,0.9,0.0,-0.05,3,False,,,
Qwen2.5 report,independent_native_Q,1e+19,2048,0.9,0.0,0.0,3,False,,,
Qwen2.5 report,independent_native_Q,1e+19,2048,0.9,0.0,0.05,3,False,,,
Qwen2.5 report,independent_native_Q,1e+19,2048,0.9,0.1,-0.05,3,False,,,
Qwen2.5 report,independent_native_Q,1e+19,2048,0.9,0.1,0.0,3,False,,,
Qwen2.5 report,independent_native_Q,1e+19,2048,0.9,0.1,0.05,3,False,,,
Qwen2.5 report,independent_native_Q,1e+19,2048,1.0,-0.1,-0.05,3,False,,,
Qwen2.5 report,independent_native_Q,1e+19,2048,1.0,-0.1,0.0,3,False,,,
Qwen2.5 report,independent_native_Q,1e+19,2048,1.0,-0.1,0.05,3,False,,,
Qwen2.5 report,independent_native_Q,1e+19,2048,1.0,0.0,-0.05,3,False,,,
Qwen2.5 report,independent_native_Q,1e+19,2048,1.0,0.0,0.0,3,False,,,
Qwen2.5 report,independent_native_Q,1e+19,2048,1.0,0.0,0.05,3,False,,,
Qwen2.5 report,independent_native_Q,1e+19,2048,1.0,0.1,-0.05,3,False,,,
Qwen2.5 report,independent_native_Q,1e+19,2048,1.0,0.1,0.0,3,False,,,
Qwen2.5 report,independent_native_Q,1e+19,2048,1.0,0.1,0.05,3,False,,,
Qwen2.5 report,independent_native_Q,1e+19,2048,1.1,-0.1,-0.05,3,False,,,
Qwen2.5 report,independent_native_Q,1e+19,2048,1.1,-0.1,0.0,3,False,,,
Qwen2.5 report,independent_native_Q,1e+19,2048,1.1,-0.1,0.05,3,False,,,
Qwen2.5 report,independent_native_Q,1e+19,2048,1.1,0.0,-0.05,3,False,,,
Qwen2.5 report,independent_native_Q,1e+19,2048,1.1,0.0,0.0,3,False,,,
Qwen2.5 report,independent_native_Q,1e+19,2048,1.1,0.0,0.05,3,False,,,
Qwen2.5 report,independent_native_Q,1e+19,2048,1.1,0.1,-0.05,3,False,,,
Qwen2.5 report,independent_native_Q,1e+19,2048,1.1,0.1,0.0,3,False,,,
Qwen2.5 report,independent_native_Q,1e+19,2048,1.1,0.1,0.05,3,False,,,
Qwen2.5 report,independent_native_Q,1e+19,8192,0.9,-0.1,-0.05,3,False,,,
Qwen2.5 report,independent_native_Q,1e+19,8192,0.9,-0.1,0.0,3,False,,,
Qwen2.5 report,independent_native_Q,1e+19,8192,0.9,-0.1,0.05,3,False,,,
Qwen2.5 report,independent_native_Q,1e+19,8192,0.9,0.0,-0.05,3,False,,,
Qwen2.5 report,independent_native_Q,1e+19,8192,0.9,0.0,0.0,3,False,,,
Qwen2.5 report,independent_native_Q,1e+19,8192,0.9,0.0,0.05,3,False,,,
Qwen2.5 report,independent_native_Q,1e+19,8192,0.9,0.1,-0.05,3,False,,,
Qwen2.5 report,independent_native_Q,1e+19,8192,0.9,0.1,0.0,3,False,,,
Qwen2.5 report,independent_native_Q,1e+19,8192,0.9,0.1,0.05,3,False,,,
Qwen2.5 report,independent_native_Q,1e+19,8192,1.0,-0.1,-0.05,3,False,,,
Qwen2.5 report,independent_native_Q,1e+19,8192,1.0,-0.1,0.0,3,False,,,
Qwen2.5 report,independent_native_Q,1e+19,8192,1.0,-0.1,0.05,3,False,,,
Qwen2.5 report,independent_native_Q,1e+19,8192,1.0,0.0,-0.05,3,False,,,
Qwen2.5 report,independent_native_Q,1e+19,8192,1.0,0.0,0.0,3,False,,,
Qwen2.5 report,independent_native_Q,1e+19,8192,1.0,0.0,0.05,3,False,,,
Qwen2.5 report,independent_native_Q,1e+19,8192,1.0,0.1,-0.05,3,False,,,
Qwen2.5 report,independent_native_Q,1e+19,8192,1.0,0.1,0.0,3,False,,,
Qwen2.5 report,independent_native_Q,1e+19,8192,1.0,0.1,0.05,3,False,,,
Qwen2.5 report,independent_native_Q,1e+19,8192,1.1,-0.1,-0.05,3,False,,,
Qwen2.5 report,independent_native_Q,1e+19,8192,1.1,-0.1,0.0,3,False,,,
Qwen2.5 report,independent_native_Q,1e+19,8192,1.1,-0.1,0.05,3,False,,,
Qwen2.5 report,independent_native_Q,1e+19,8192,1.1,0.0,-0.05,3,False,,,
Qwen2.5 report,independent_native_Q,1e+19,8192,1.1,0.0,0.0,3,False,,,
Qwen2.5 report,independent_native_Q,1e+19,8192,1.1,0.0,0.05,3,False,,,
Qwen2.5 report,independent_native_Q,1e+19,8192,1.1,0.1,-0.05,3,False,,,
Qwen2.5 report,independent_native_Q,1e+19,8192,1.1,0.1,0.0,3,False,,,
Qwen2.5 report,independent_native_Q,1e+19,8192,1.1,0.1,0.05,3,False,,,
Qwen2.5 report,independent_native_Q,1e+19,131072,0.9,-0.1,-0.05,0,False,,,
Qwen2.5 report,independent_native_Q,1e+19,131072,0.9,-0.1,0.0,0,False,,,
Qwen2.5 report,independent_native_Q,1e+19,131072,0.9,-0.1,0.05,0,False,,,
Qwen2.5 report,independent_native_Q,1e+19,131072,0.9,0.0,-0.05,0,False,,,
Qwen2.5 report,independent_native_Q,1e+19,131072,0.9,0.0,0.0,0,False,,,
Qwen2.5 report,independent_native_Q,1e+19,131072,0.9,0.0,0.05,0,False,,,
Qwen2.5 report,independent_native_Q,1e+19,131072,0.9,0.1,-0.05,0,False,,,
Qwen2.5 report,independent_native_Q,1e+19,131072,0.9,0.1,0.0,0,False,,,
Qwen2.5 report,independent_native_Q,1e+19,131072,0.9,0.1,0.05,0,False,,,
Qwen2.5 report,independent_native_Q,1e+19,131072,1.0,-0.1,-0.05,0,False,,,
Qwen2.5 report,independent_native_Q,1e+19,131072,1.0,-0.1,0.0,0,False,,,
Qwen2.5 report,independent_native_Q,1e+19,131072,1.0,-0.1,0.05,0,False,,,
Qwen2.5 report,independent_native_Q,1e+19,131072,1.0,0.0,-0.05,0,False,,,
Qwen2.5 report,independent_native_Q,1e+19,131072,1.0,0.0,0.0,0,False,,,
Qwen2.5 report,independent_native_Q,1e+19,131072,1.0,0.0,0.05,0,False,,,
Qwen2.5 report,independent_native_Q,1e+19,131072,1.0,0.1,-0.05,0,False,,,
Qwen2.5 report,independent_native_Q,1e+19,131072,1.0,0.1,0.0,0,False,,,
Qwen2.5 report,independent_native_Q,1e+19,131072,1.0,0.1,0.05,0,False,,,
Qwen2.5 report,independent_native_Q,1e+19,131072,1.1,-0.1,-0.05,0,False,,,
Qwen2.5 report,independent_native_Q,1e+19,131072,1.1,-0.1,0.0,0,False,,,
Qwen2.5 report,independent_native_Q,1e+19,131072,1.1,-0.1,0.05,0,False,,,
Qwen2.5 report,independent_native_Q,1e+19,131072,1.1,0.0,-0.05,0,False,,,
Qwen2.5 report,independent_native_Q,1e+19,131072,1.1,0.0,0.0,0,False,,,
Qwen2.5 report,independent_native_Q,1e+19,131072,1.1,0.0,0.05,0,False,,,
Qwen2.5 report,independent_native_Q,1e+19,131072,1.1,0.1,-0.05,0,False,,,
Qwen2.5 report,independent_native_Q,1e+19,131072,1.1,0.1,0.0,0,False,,,
Qwen2.5 report,independent_native_Q,1e+19,131072,1.1,0.1,0.05,0,False,,,
Qwen2.5 report,independent_native_Q,1e+20,2048,0.9,-0.1,-0.05,3,True,logarithmic,True,3.1140422442572344
Qwen2.5 report,independent_native_Q,1e+20,2048,0.9,-0.1,0.0,3,True,logarithmic,True,3.0240081726149484
Qwen2.5 report,independent_native_Q,1e+20,2048,0.9,-0.1,0.05,3,True,logarithmic,True,2.923676007002893
Qwen2.5 report,independent_native_Q,1e+20,2048,0.9,0.0,-0.05,3,True,logarithmic,True,2.9001431295114095
Qwen2.5 report,independent_native_Q,1e+20,2048,0.9,0.0,0.0,3,True,logarithmic,True,2.7894275001491486
Qwen2.5 report,independent_native_Q,1e+20,2048,0.9,0.0,0.05,3,True,logarithmic,True,2.672061509417645
Qwen2.5 report,independent_native_Q,1e+20,2048,0.9,0.1,-0.05,3,True,logarithmic,True,2.645243477300575
Qwen2.5 report,independent_native_Q,1e+20,2048,0.9,0.1,0.0,3,True,logarithmic,True,2.5219795508471066
Qwen2.5 report,independent_native_Q,1e+20,2048,0.9,0.1,0.05,3,True,logarithmic,True,2.395641960431096
Qwen2.5 report,independent_native_Q,1e+20,2048,1.0,-0.1,-0.05,3,True,logarithmic,True,2.800136368626365
Qwen2.5 report,independent_native_Q,1e+20,2048,1.0,-0.1,0.0,3,True,logarithmic,True,2.6440187212033166
Qwen2.5 report,independent_native_Q,1e+20,2048,1.0,-0.1,0.05,3,True,logarithmic,True,2.4859422022948365
Qwen2.5 report,independent_native_Q,1e+20,2048,1.0,0.0,-0.05,3,True,logarithmic,True,2.485942202294833
Qwen2.5 report,independent_native_Q,1e+20,2048,1.0,0.0,0.0,3,True,logarithmic,True,2.3279277731088825
Qwen2.5 report,independent_native_Q,1e+20,2048,1.0,0.0,0.05,3,True,logarithmic,True,2.1717546581639375
Qwen2.5 report,independent_native_Q,1e+20,2048,1.0,0.1,-0.05,3,True,logarithmic,True,2.1717546581639375
Qwen2.5 report,independent_native_Q,1e+20,2048,1.0,0.1,0.0,3,True,logarithmic,True,2.0189444415730513
Qwen2.5 report,independent_native_Q,1e+20,2048,1.0,0.1,0.05,3,True,logarithmic,True,1.8707577801355786
Qwen2.5 report,independent_native_Q,1e+20,2048,1.1,-0.1,-0.05,3,True,logarithmic,True,2.235365569091705
Qwen2.5 report,independent_native_Q,1e+20,2048,1.1,-0.1,0.0,3,True,logarithmic,True,2.0558595445676264
Qwen2.5 report,independent_native_Q,1e+20,2048,1.1,-0.1,0.05,3,True,logarithmic,True,1.8838520255597349
Qwen2.5 report,independent_native_Q,1e+20,2048,1.1,0.0,-0.05,3,True,logarithmic,True,1.9145137290815946
Qwen2.5 report,independent_native_Q,1e+20,2048,1.1,0.0,0.0,3,True,logarithmic,True,1.749479102651426
Qwen2.5 report,independent_native_Q,1e+20,2048,1.1,0.0,0.05,3,False,,,
Qwen2.5 report,independent_native_Q,1e+20,2048,1.1,0.1,-0.05,3,False,,,
Qwen2.5 report,independent_native_Q,1e+20,2048,1.1,0.1,0.0,3,False,,,
Qwen2.5 report,independent_native_Q,1e+20,2048,1.1,0.1,0.05,3,False,,,
Qwen2.5 report,independent_native_Q,1e+20,8192,0.9,-0.1,-0.05,3,True,logarithmic,True,3.0618440732112475
Qwen2.5 report,independent_native_Q,1e+20,8192,0.9,-0.1,0.0,3,True,logarithmic,True,2.9676523651351907
Qwen2.5 report,independent_native_Q,1e+20,8192,0.9,-0.1,0.05,3,True,logarithmic,True,2.8638957800662865
Qwen2.5 report,independent_native_Q,1e+20,8192,0.9,0.0,-0.05,3,True,logarithmic,True,2.8397035087195803
Qwen2.5 report,independent_native_Q,1e+20,8192,0.9,0.0,0.0,3,True,logarithmic,True,2.7264789454471554
Qwen2.5 report,independent_native_Q,1e+20,8192,0.9,0.0,0.05,3,True,logarithmic,True,2.6073440765375295
Qwen2.5 report,independent_native_Q,1e+20,8192,0.9,0.1,-0.05,3,True,logarithmic,True,2.5802309913819315
Qwen2.5 report,independent_native_Q,1e+20,8192,0.9,0.1,0.0,3,True,logarithmic,True,2.456063455131499
Qwen2.5 report,independent_native_Q,1e+20,8192,0.9,0.1,0.05,3,True,logarithmic,True,2.329480429736048
Qwen2.5 report,independent_native_Q,1e+20,8192,1.0,-0.1,-0.05,3,True,logarithmic,True,2.7202386512698595
Qwen2.5 report,independent_native_Q,1e+20,8192,1.0,-0.1,0.0,3,True,logarithmic,True,2.563778301636212
Qwen2.5 report,independent_native_Q,1e+20,8192,1.0,-0.1,0.05,3,True,logarithmic,True,2.4062601419412992
Qwen2.5 report,independent_native_Q,1e+20,8192,1.0,0.0,-0.05,3,True,logarithmic,True,2.4062601419413028
Qwen2.5 report,independent_native_Q,1e+20,8192,1.0,0.0,0.0,3,True,logarithmic,True,2.2495948937098937
Qwen2.5 report,independent_native_Q,1e+20,8192,1.0,0.0,0.05,3,True,logarithmic,True,2.0954442387178016
Qwen2.5 report,independent_native_Q,1e+20,8192,1.0,0.1,-0.05,3,True,logarithmic,True,2.0954442387178016
Qwen2.5 report,independent_native_Q,1e+20,8192,1.0,0.1,0.0,3,True,logarithmic,True,1.945210641089984
Qwen2.5 report,independent_native_Q,1e+20,8192,1.0,0.1,0.05,3,True,logarithmic,True,1.8000387907565294
Qwen2.5 report,independent_native_Q,1e+20,8192,1.1,-0.1,-0.05,3,True,logarithmic,True,2.1469990185028642
Qwen2.5 report,independent_native_Q,1e+20,8192,1.1,-0.1,0.0,3,True,logarithmic,True,1.9714075419763084
Qwen2.5 report,independent_native_Q,1e+20,8192,1.1,-0.1,0.05,3,True,logarithmic,True,1.8037953110151506
Qwen2.5 report,independent_native_Q,1e+20,8192,1.1,0.0,-0.05,3,True,logarithmic,True,1.833629513537561
Qwen2.5 report,independent_native_Q,1e+20,8192,1.1,0.0,0.0,3,False,,,
Qwen2.5 report,independent_native_Q,1e+20,8192,1.1,0.0,0.05,3,False,,,
Qwen2.5 report,independent_native_Q,1e+20,8192,1.1,0.1,-0.05,3,False,,,
Qwen2.5 report,independent_native_Q,1e+20,8192,1.1,0.1,0.0,3,False,,,
Qwen2.5 report,independent_native_Q,1e+20,8192,1.1,0.1,0.05,3,False,,,
Qwen2.5 report,independent_native_Q,1e+20,131072,0.9,-0.1,-0.05,3,False,,,
Qwen2.5 report,independent_native_Q,1e+20,131072,0.9,-0.1,0.0,3,False,,,
Qwen2.5 report,independent_native_Q,1e+20,131072,0.9,-0.1,0.05,3,False,,,
Qwen2.5 report,independent_native_Q,1e+20,131072,0.9,0.0,-0.05,3,False,,,
Qwen2.5 report,independent_native_Q,1e+20,131072,0.9,0.0,0.0,3,False,,,
Qwen2.5 report,independent_native_Q,1e+20,131072,0.9,0.0,0.05,3,False,,,
Qwen2.5 report,independent_native_Q,1e+20,131072,0.9,0.1,-0.05,3,False,,,
Qwen2.5 report,independent_native_Q,1e+20,131072,0.9,0.1,0.0,3,False,,,
Qwen2.5 report,independent_native_Q,1e+20,131072,0.9,0.1,0.05,3,False,,,
Qwen2.5 report,independent_native_Q,1e+20,131072,1.0,-0.1,-0.05,3,False,,,
Qwen2.5 report,independent_native_Q,1e+20,131072,1.0,-0.1,0.0,3,False,,,
Qwen2.5 report,independent_native_Q,1e+20,131072,1.0,-0.1,0.05,3,False,,,
Qwen2.5 report,independent_native_Q,1e+20,131072,1.0,0.0,-0.05,3,False,,,
Qwen2.5 report,independent_native_Q,1e+20,131072,1.0,0.0,0.0,3,False,,,
Qwen2.5 report,independent_native_Q,1e+20,131072,1.0,0.0,0.05,3,False,,,
Qwen2.5 report,independent_native_Q,1e+20,131072,1.0,0.1,-0.05,3,False,,,
Qwen2.5 report,independent_native_Q,1e+20,131072,1.0,0.1,0.0,3,False,,,
Qwen2.5 report,independent_native_Q,1e+20,131072,1.0,0.1,0.05,3,False,,,
Qwen2.5 report,independent_native_Q,1e+20,131072,1.1,-0.1,-0.05,3,False,,,
Qwen2.5 report,independent_native_Q,1e+20,131072,1.1,-0.1,0.0,3,False,,,
Qwen2.5 report,independent_native_Q,1e+20,131072,1.1,-0.1,0.05,3,False,,,
Qwen2.5 report,independent_native_Q,1e+20,131072,1.1,0.0,-0.05,3,False,,,
Qwen2.5 report,independent_native_Q,1e+20,131072,1.1,0.0,0.0,3,False,,,
Qwen2.5 report,independent_native_Q,1e+20,131072,1.1,0.0,0.05,3,False,,,
Qwen2.5 report,independent_native_Q,1e+20,131072,1.1,0.1,-0.05,3,False,,,
Qwen2.5 report,independent_native_Q,1e+20,131072,1.1,0.1,0.0,3,False,,,
Qwen2.5 report,independent_native_Q,1e+20,131072,1.1,0.1,0.05,3,False,,,
Qwen2.5 report,independent_native_Q,1e+22,2048,0.9,-0.1,-0.05,3,False,,,
Qwen2.5 report,independent_native_Q,1e+22,2048,0.9,-0.1,0.0,3,False,,,
Qwen2.5 report,independent_native_Q,1e+22,2048,0.9,-0.1,0.05,3,False,,,
Qwen2.5 report,independent_native_Q,1e+22,2048,0.9,0.0,-0.05,3,False,,,
Qwen2.5 report,independent_native_Q,1e+22,2048,0.9,0.0,0.0,3,False,,,
Qwen2.5 report,independent_native_Q,1e+22,2048,0.9,0.0,0.05,3,True,logarithmic,True,0.30855773489670923
Qwen2.5 report,independent_native_Q,1e+22,2048,0.9,0.1,-0.05,3,True,logarithmic,True,0.308538710304191
Qwen2.5 report,independent_native_Q,1e+22,2048,0.9,0.1,0.0,3,True,logarithmic,True,0.3075301521961933
Qwen2.5 report,independent_native_Q,1e+22,2048,0.9,0.1,0.05,3,True,logarithmic,True,0.3050301310999828
Qwen2.5 report,independent_native_Q,1e+22,2048,1.0,-0.1,-0.05,3,True,logarithmic,True,0.3428392323303413
Qwen2.5 report,independent_native_Q,1e+22,2048,1.0,-0.1,0.0,3,True,logarithmic,True,0.34166023231622233
Qwen2.5 report,independent_native_Q,1e+22,2048,1.0,-0.1,0.05,3,True,logarithmic,True,0.33843706029995957
Qwen2.5 report,independent_native_Q,1e+22,2048,1.0,0.0,-0.05,3,True,logarithmic,True,0.33843706029995957
Qwen2.5 report,independent_native_Q,1e+22,2048,1.0,0.0,0.0,3,True,logarithmic,True,0.33324653615286337
Qwen2.5 report,independent_native_Q,1e+22,2048,1.0,0.0,0.05,3,True,logarithmic,True,0.3262100767783451
Qwen2.5 report,independent_native_Q,1e+22,2048,1.0,0.1,-0.05,3,True,logarithmic,True,0.3262100767783451
Qwen2.5 report,independent_native_Q,1e+22,2048,1.0,0.1,0.0,3,True,logarithmic,True,0.3174877626927852
Qwen2.5 report,independent_native_Q,1e+22,2048,1.0,0.1,0.05,3,True,logarithmic,True,0.3072708097642831
Qwen2.5 report,independent_native_Q,1e+22,2048,1.1,-0.1,-0.05,3,True,logarithmic,True,0.35953701802445437
Qwen2.5 report,independent_native_Q,1e+22,2048,1.1,-0.1,0.0,3,True,logarithmic,True,0.349046728897342
Qwen2.5 report,independent_native_Q,1e+22,2048,1.1,-0.1,0.05,3,True,logarithmic,True,0.3365725249167397
Qwen2.5 report,independent_native_Q,1e+22,2048,1.1,0.0,-0.05,3,True,logarithmic,True,0.33897431220258767
Qwen2.5 report,independent_native_Q,1e+22,2048,1.1,0.0,0.0,3,True,logarithmic,True,0.32510969085523556
Qwen2.5 report,independent_native_Q,1e+22,2048,1.1,0.0,0.05,3,True,logarithmic,True,0.3098487875318341
Qwen2.5 report,independent_native_Q,1e+22,2048,1.1,0.1,-0.05,3,True,logarithmic,True,0.31271201473573385
Qwen2.5 report,independent_native_Q,1e+22,2048,1.1,0.1,0.0,3,True,logarithmic,True,0.29656177784775295
Qwen2.5 report,independent_native_Q,1e+22,2048,1.1,0.1,0.05,3,True,logarithmic,True,0.2796295583163939
Qwen2.5 report,independent_native_Q,1e+22,8192,0.9,-0.1,-0.05,3,False,,,
Qwen2.5 report,independent_native_Q,1e+22,8192,0.9,-0.1,0.0,3,False,,,
Qwen2.5 report,independent_native_Q,1e+22,8192,0.9,-0.1,0.05,3,False,,,
Qwen2.5 report,independent_native_Q,1e+22,8192,0.9,0.0,-0.05,3,False,,,
Qwen2.5 report,independent_native_Q,1e+22,8192,0.9,0.0,0.0,3,False,,,
Qwen2.5 report,independent_native_Q,1e+22,8192,0.9,0.0,0.05,3,True,logarithmic,True,0.29076111937464333
Qwen2.5 report,independent_native_Q,1e+22,8192,0.9,0.1,-0.05,3,True,logarithmic,True,0.2906719899041619
Qwen2.5 report,independent_native_Q,1e+22,8192,0.9,0.1,0.0,3,True,logarithmic,True,0.2894032015870067
Qwen2.5 report,independent_native_Q,1e+22,8192,0.9,0.1,0.05,3,True,logarithmic,True,0.2867368150327394
Qwen2.5 report,independent_native_Q,1e+22,8192,1.0,-0.1,-0.05,3,True,logarithmic,True,0.32300625775524594
Qwen2.5 report,independent_native_Q,1e+22,8192,1.0,-0.1,0.0,3,True,logarithmic,True,0.3214584445190667
Qwen2.5 report,independent_native_Q,1e+22,8192,1.0,-0.1,0.05,3,True,logarithmic,True,0.3179966166630521
Qwen2.5 report,independent_native_Q,1e+22,8192,1.0,0.0,-0.05,3,True,logarithmic,True,0.3179966166630308
Qwen2.5 report,independent_native_Q,1e+22,8192,1.0,0.0,0.0,3,True,logarithmic,True,0.3127030013069785
Qwen2.5 report,independent_native_Q,1e+22,8192,1.0,0.0,0.05,3,True,logarithmic,True,0.3057007537092531
Qwen2.5 report,independent_native_Q,1e+22,8192,1.0,0.1,-0.05,3,True,logarithmic,True,0.3057007537092531
Qwen2.5 report,independent_native_Q,1e+22,8192,1.0,0.1,0.0,3,True,logarithmic,True,0.29714798364546624
Qwen2.5 report,independent_native_Q,1e+22,8192,1.0,0.1,0.05,3,True,logarithmic,True,0.28723039743712775
Qwen2.5 report,independent_native_Q,1e+22,8192,1.1,-0.1,-0.05,3,True,logarithmic,True,0.3367778955196741
Qwen2.5 report,independent_native_Q,1e+22,8192,1.1,-0.1,0.0,3,True,logarithmic,True,0.3264477238507837
Qwen2.5 report,independent_native_Q,1e+22,8192,1.1,-0.1,0.05,3,True,logarithmic,True,0.31431207994211263
Qwen2.5 report,independent_native_Q,1e+22,8192,1.1,0.0,-0.05,3,True,logarithmic,True,0.31663953665211864
Qwen2.5 report,independent_native_Q,1e+22,8192,1.1,0.0,0.0,3,True,logarithmic,True,0.3032503816555554
Qwen2.5 report,independent_native_Q,1e+22,8192,1.1,0.0,0.05,3,True,logarithmic,True,0.28861725123678283
Qwen2.5 report,independent_native_Q,1e+22,8192,1.1,0.1,-0.05,3,True,logarithmic,True,0.2913558645898142
Qwen2.5 report,independent_native_Q,1e+22,8192,1.1,0.1,0.0,3,True,logarithmic,True,0.2759433902994459
Qwen2.5 report,independent_native_Q,1e+22,8192,1.1,0.1,0.05,3,True,logarithmic,True,0.2598633875234775
Qwen2.5 report,independent_native_Q,1e+22,131072,0.9,-0.1,-0.05,3,False,,,
Qwen2.5 report,independent_native_Q,1e+22,131072,0.9,-0.1,0.0,3,False,,,
Qwen2.5 report,independent_native_Q,1e+22,131072,0.9,-0.1,0.05,3,True,logarithmic,True,0.17452910082604944
Qwen2.5 report,independent_native_Q,1e+22,131072,0.9,0.0,-0.05,3,True,logarithmic,True,0.17449686974775602
Qwen2.5 report,independent_native_Q,1e+22,131072,0.9,0.0,0.0,3,True,logarithmic,True,0.17383033885125343
Qwen2.5 report,independent_native_Q,1e+22,131072,0.9,0.0,0.05,3,True,logarithmic,True,0.1723224771255829
Qwen2.5 report,independent_native_Q,1e+22,131072,0.9,0.1,-0.05,3,True,logarithmic,True,0.1718757689602768
Qwen2.5 report,independent_native_Q,1e+22,131072,0.9,0.1,0.0,3,True,logarithmic,True,0.16938070125407734
Qwen2.5 report,independent_native_Q,1e+22,131072,0.9,0.1,0.05,3,True,logarithmic,True,0.1661291555835902
Qwen2.5 report,independent_native_Q,1e+22,131072,1.0,-0.1,-0.05,3,True,logarithmic,True,0.19056731363056656
Qwen2.5 report,independent_native_Q,1e+22,131072,1.0,-0.1,0.0,3,True,logarithmic,True,0.18727271948023372
Qwen2.5 report,independent_native_Q,1e+22,131072,1.0,-0.1,0.05,3,True,logarithmic,True,0.18296210128536217
Qwen2.5 report,independent_native_Q,1e+22,131072,1.0,0.0,-0.05,3,True,logarithmic,True,0.18296210128536927
Qwen2.5 report,independent_native_Q,1e+22,131072,1.0,0.0,0.0,3,True,logarithmic,True,0.1777324175939512
Qwen2.5 report,independent_native_Q,1e+22,131072,1.0,0.0,0.05,3,True,logarithmic,True,0.17169666673482453
Qwen2.5 report,independent_native_Q,1e+22,131072,1.0,0.1,-0.05,3,True,logarithmic,True,0.17169666673482453
Qwen2.5 report,independent_native_Q,1e+22,131072,1.0,0.1,0.0,3,True,logarithmic,True,0.16497894764564336
Qwen2.5 report,independent_native_Q,1e+22,131072,1.0,0.1,0.05,3,True,logarithmic,True,0.15770941886389878
Qwen2.5 report,independent_native_Q,1e+22,131072,1.1,-0.1,-0.05,3,True,logarithmic,True,0.18779070097168216
Qwen2.5 report,independent_native_Q,1e+22,131072,1.1,-0.1,0.0,3,True,logarithmic,True,0.17951623537101824
Qwen2.5 report,independent_native_Q,1e+22,131072,1.1,-0.1,0.05,3,True,logarithmic,True,0.17055140164567817
Qwen2.5 report,independent_native_Q,1e+22,131072,1.1,0.0,-0.05,3,True,logarithmic,True,0.1722240334059748
Qwen2.5 report,independent_native_Q,1e+22,131072,1.1,0.0,0.0,3,True,logarithmic,True,0.16283700670693335
Qwen2.5 report,independent_native_Q,1e+22,131072,1.1,0.0,0.05,3,True,logarithmic,True,0.1531027016117399
Qwen2.5 report,independent_native_Q,1e+22,131072,1.1,0.1,-0.05,3,True,logarithmic,True,0.15489036348239793
Qwen2.5 report,independent_native_Q,1e+22,131072,1.1,0.1,0.0,3,True,logarithmic,True,0.14500200804783248
Qwen2.5 report,independent_native_Q,1e+22,131072,1.1,0.1,0.05,3,True,logarithmic,True,0.13507027926570458
Qwen2.5 report,independent_native_Q,1e+24,2048,0.9,-0.1,-0.05,3,False,,,
Qwen2.5 report,independent_native_Q,1e+24,2048,0.9,-0.1,0.0,3,False,,,
Qwen2.5 report,independent_native_Q,1e+24,2048,0.9,-0.1,0.05,3,False,,,
Qwen2.5 report,independent_native_Q,1e+24,2048,0.9,0.0,-0.05,3,False,,,
Qwen2.5 report,independent_native_Q,1e+24,2048,0.9,0.0,0.0,3,False,,,
Qwen2.5 report,independent_native_Q,1e+24,2048,0.9,0.0,0.05,3,False,,,
Qwen2.5 report,independent_native_Q,1e+24,2048,0.9,0.1,-0.05,3,False,,,
Qwen2.5 report,independent_native_Q,1e+24,2048,0.9,0.1,0.0,3,True,exponential;power;logarithmic,False,0.0
Qwen2.5 report,independent_native_Q,1e+24,2048,0.9,0.1,0.05,3,True,exponential;power;logarithmic,False,0.0
Qwen2.5 report,independent_native_Q,1e+24,2048,1.0,-0.1,-0.05,3,False,,,
Qwen2.5 report,independent_native_Q,1e+24,2048,1.0,-0.1,0.0,3,True,exponential;power;logarithmic,False,0.0
Qwen2.5 report,independent_native_Q,1e+24,2048,1.0,-0.1,0.05,3,True,exponential;power;logarithmic,False,0.0
Qwen2.5 report,independent_native_Q,1e+24,2048,1.0,0.0,-0.05,3,True,exponential;power;logarithmic,False,0.0
Qwen2.5 report,independent_native_Q,1e+24,2048,1.0,0.0,0.0,3,True,exponential;power;logarithmic,False,0.0
Qwen2.5 report,independent_native_Q,1e+24,2048,1.0,0.0,0.05,3,True,exponential;power;logarithmic,False,0.0
Qwen2.5 report,independent_native_Q,1e+24,2048,1.0,0.1,-0.05,3,True,exponential;power;logarithmic,False,0.0
Qwen2.5 report,independent_native_Q,1e+24,2048,1.0,0.1,0.0,3,True,exponential;power;logarithmic,False,0.0
Qwen2.5 report,independent_native_Q,1e+24,2048,1.0,0.1,0.05,3,True,exponential;power;logarithmic,False,0.0
Qwen2.5 report,independent_native_Q,1e+24,2048,1.1,-0.1,-0.05,3,True,exponential;power;logarithmic,False,0.0
Qwen2.5 report,independent_native_Q,1e+24,2048,1.1,-0.1,0.0,3,True,exponential;power;logarithmic,False,0.0
Qwen2.5 report,independent_native_Q,1e+24,2048,1.1,-0.1,0.05,3,True,exponential;power;logarithmic,False,0.0
Qwen2.5 report,independent_native_Q,1e+24,2048,1.1,0.0,-0.05,3,True,exponential;power;logarithmic,False,0.0
Qwen2.5 report,independent_native_Q,1e+24,2048,1.1,0.0,0.0,3,True,exponential;power;logarithmic,False,0.0
Qwen2.5 report,independent_native_Q,1e+24,2048,1.1,0.0,0.05,3,True,exponential;power;logarithmic,False,0.0
Qwen2.5 report,independent_native_Q,1e+24,2048,1.1,0.1,-0.05,3,True,exponential;power;logarithmic,False,0.0
Qwen2.5 report,independent_native_Q,1e+24,2048,1.1,0.1,0.0,3,True,exponential;power;logarithmic,False,0.0
Qwen2.5 report,independent_native_Q,1e+24,2048,1.1,0.1,0.05,3,True,exponential;power;logarithmic,False,0.0
Qwen2.5 report,independent_native_Q,1e+24,8192,0.9,-0.1,-0.05,3,False,,,
Qwen2.5 report,independent_native_Q,1e+24,8192,0.9,-0.1,0.0,3,False,,,
Qwen2.5 report,independent_native_Q,1e+24,8192,0.9,-0.1,0.05,3,False,,,
Qwen2.5 report,independent_native_Q,1e+24,8192,0.9,0.0,-0.05,3,False,,,
Qwen2.5 report,independent_native_Q,1e+24,8192,0.9,0.0,0.0,3,False,,,
Qwen2.5 report,independent_native_Q,1e+24,8192,0.9,0.0,0.05,3,False,,,
Qwen2.5 report,independent_native_Q,1e+24,8192,0.9,0.1,-0.05,3,False,,,
Qwen2.5 report,independent_native_Q,1e+24,8192,0.9,0.1,0.0,3,True,exponential;power;logarithmic,False,0.0
Qwen2.5 report,independent_native_Q,1e+24,8192,0.9,0.1,0.05,3,True,exponential;power;logarithmic,False,0.0
Qwen2.5 report,independent_native_Q,1e+24,8192,1.0,-0.1,-0.05,3,False,,,
Qwen2.5 report,independent_native_Q,1e+24,8192,1.0,-0.1,0.0,3,True,exponential;power;logarithmic,False,0.0
Qwen2.5 report,independent_native_Q,1e+24,8192,1.0,-0.1,0.05,3,True,exponential;power;logarithmic,False,0.0
Qwen2.5 report,independent_native_Q,1e+24,8192,1.0,0.0,-0.05,3,True,exponential;power;logarithmic,False,0.0
Qwen2.5 report,independent_native_Q,1e+24,8192,1.0,0.0,0.0,3,True,exponential;power;logarithmic,False,0.0
Qwen2.5 report,independent_native_Q,1e+24,8192,1.0,0.0,0.05,3,True,exponential;power;logarithmic,False,0.0
Qwen2.5 report,independent_native_Q,1e+24,8192,1.0,0.1,-0.05,3,True,exponential;power;logarithmic,False,0.0
Qwen2.5 report,independent_native_Q,1e+24,8192,1.0,0.1,0.0,3,True,exponential;power;logarithmic,False,0.0
Qwen2.5 report,independent_native_Q,1e+24,8192,1.0,0.1,0.05,3,True,exponential;power;logarithmic,False,0.0
Qwen2.5 report,independent_native_Q,1e+24,8192,1.1,-0.1,-0.05,3,True,exponential;power;logarithmic,False,0.0
Qwen2.5 report,independent_native_Q,1e+24,8192,1.1,-0.1,0.0,3,True,exponential;power;logarithmic,False,0.0
Qwen2.5 report,independent_native_Q,1e+24,8192,1.1,-0.1,0.05,3,True,exponential;power;logarithmic,False,0.0
Qwen2.5 report,independent_native_Q,1e+24,8192,1.1,0.0,-0.05,3,True,exponential;power;logarithmic,False,0.0
Qwen2.5 report,independent_native_Q,1e+24,8192,1.1,0.0,0.0,3,True,exponential;power;logarithmic,False,0.0
Qwen2.5 report,independent_native_Q,1e+24,8192,1.1,0.0,0.05,3,True,exponential;power;logarithmic,False,0.0
Qwen2.5 report,independent_native_Q,1e+24,8192,1.1,0.1,-0.05,3,True,exponential;power;logarithmic,False,0.0
Qwen2.5 report,independent_native_Q,1e+24,8192,1.1,0.1,0.0,3,True,exponential;power;logarithmic,False,0.0
Qwen2.5 report,independent_native_Q,1e+24,8192,1.1,0.1,0.05,3,True,exponential;power;logarithmic,False,0.0
Qwen2.5 report,independent_native_Q,1e+24,131072,0.9,-0.1,-0.05,3,False,,,
Qwen2.5 report,independent_native_Q,1e+24,131072,0.9,-0.1,0.0,3,False,,,
Qwen2.5 report,independent_native_Q,1e+24,131072,0.9,-0.1,0.05,3,False,,,
Qwen2.5 report,independent_native_Q,1e+24,131072,0.9,0.0,-0.05,3,False,,,
Qwen2.5 report,independent_native_Q,1e+24,131072,0.9,0.0,0.0,3,False,,,
Qwen2.5 report,independent_native_Q,1e+24,131072,0.9,0.0,0.05,3,False,,,
Qwen2.5 report,independent_native_Q,1e+24,131072,0.9,0.1,-0.05,3,False,,,
Qwen2.5 report,independent_native_Q,1e+24,131072,0.9,0.1,0.0,3,True,exponential;power;logarithmic,False,0.0
Qwen2.5 report,independent_native_Q,1e+24,131072,0.9,0.1,0.05,3,True,exponential;power;logarithmic,False,0.0
Qwen2.5 report,independent_native_Q,1e+24,131072,1.0,-0.1,-0.05,3,False,,,
Qwen2.5 report,independent_native_Q,1e+24,131072,1.0,-0.1,0.0,3,True,exponential;power;logarithmic,False,0.0
Qwen2.5 report,independent_native_Q,1e+24,131072,1.0,-0.1,0.05,3,True,exponential;power;logarithmic,False,0.0
Qwen2.5 report,independent_native_Q,1e+24,131072,1.0,0.0,-0.05,3,True,exponential;power;logarithmic,False,0.0
Qwen2.5 report,independent_native_Q,1e+24,131072,1.0,0.0,0.0,3,True,exponential;power;logarithmic,False,0.0
Qwen2.5 report,independent_native_Q,1e+24,131072,1.0,0.0,0.05,3,True,exponential;power;logarithmic,False,0.0
Qwen2.5 report,independent_native_Q,1e+24,131072,1.0,0.1,-0.05,3,True,exponential;power;logarithmic,False,0.0
Qwen2.5 report,independent_native_Q,1e+24,131072,1.0,0.1,0.0,3,True,exponential;power;logarithmic,False,0.0
Qwen2.5 report,independent_native_Q,1e+24,131072,1.0,0.1,0.05,3,True,exponential;power;logarithmic,False,0.0
Qwen2.5 report,independent_native_Q,1e+24,131072,1.1,-0.1,-0.05,3,True,exponential;power;logarithmic,False,0.0
Qwen2.5 report,independent_native_Q,1e+24,131072,1.1,-0.1,0.0,3,True,exponential;power;logarithmic,False,0.0
Qwen2.5 report,independent_native_Q,1e+24,131072,1.1,-0.1,0.05,3,True,exponential;power;logarithmic,False,0.0
Qwen2.5 report,independent_native_Q,1e+24,131072,1.1,0.0,-0.05,3,True,exponential;power;logarithmic,False,0.0
Qwen2.5 report,independent_native_Q,1e+24,131072,1.1,0.0,0.0,3,True,exponential;power;logarithmic,False,0.0
Qwen2.5 report,independent_native_Q,1e+24,131072,1.1,0.0,0.05,3,True,exponential;power;logarithmic,False,0.0
Qwen2.5 report,independent_native_Q,1e+24,131072,1.1,0.1,-0.05,3,True,exponential;power;logarithmic,False,0.0
Qwen2.5 report,independent_native_Q,1e+24,131072,1.1,0.1,0.0,3,True,exponential;power;logarithmic,False,0.0
Qwen2.5 report,independent_native_Q,1e+24,131072,1.1,0.1,0.05,3,True,exponential;power;logarithmic,False,0.0
Qwen2.5 report,observed_joint_recipe,1e+19,2048,0.9,-0.1,-0.05,3,False,,,
Qwen2.5 report,observed_joint_recipe,1e+19,2048,0.9,-0.1,0.0,3,False,,,
Qwen2.5 report,observed_joint_recipe,1e+19,2048,0.9,-0.1,0.05,3,False,,,
Qwen2.5 report,observed_joint_recipe,1e+19,2048,0.9,0.0,-0.05,3,False,,,
Qwen2.5 report,observed_joint_recipe,1e+19,2048,0.9,0.0,0.0,3,False,,,
Qwen2.5 report,observed_joint_recipe,1e+19,2048,0.9,0.0,0.05,3,False,,,
Qwen2.5 report,observed_joint_recipe,1e+19,2048,0.9,0.1,-0.05,3,False,,,
Qwen2.5 report,observed_joint_recipe,1e+19,2048,0.9,0.1,0.0,3,False,,,
Qwen2.5 report,observed_joint_recipe,1e+19,2048,0.9,0.1,0.05,3,False,,,
Qwen2.5 report,observed_joint_recipe,1e+19,2048,1.0,-0.1,-0.05,3,False,,,
Qwen2.5 report,observed_joint_recipe,1e+19,2048,1.0,-0.1,0.0,3,False,,,
Qwen2.5 report,observed_joint_recipe,1e+19,2048,1.0,-0.1,0.05,3,False,,,
Qwen2.5 report,observed_joint_recipe,1e+19,2048,1.0,0.0,-0.05,3,False,,,
Qwen2.5 report,observed_joint_recipe,1e+19,2048,1.0,0.0,0.0,3,False,,,
Qwen2.5 report,observed_joint_recipe,1e+19,2048,1.0,0.0,0.05,3,False,,,
Qwen2.5 report,observed_joint_recipe,1e+19,2048,1.0,0.1,-0.05,3,False,,,
Qwen2.5 report,observed_joint_recipe,1e+19,2048,1.0,0.1,0.0,3,False,,,
Qwen2.5 report,observed_joint_recipe,1e+19,2048,1.0,0.1,0.05,3,False,,,
Qwen2.5 report,observed_joint_recipe,1e+19,2048,1.1,-0.1,-0.05,3,False,,,
Qwen2.5 report,observed_joint_recipe,1e+19,2048,1.1,-0.1,0.0,3,False,,,
Qwen2.5 report,observed_joint_recipe,1e+19,2048,1.1,-0.1,0.05,3,False,,,
Qwen2.5 report,observed_joint_recipe,1e+19,2048,1.1,0.0,-0.05,3,False,,,
Qwen2.5 report,observed_joint_recipe,1e+19,2048,1.1,0.0,0.0,3,False,,,
Qwen2.5 report,observed_joint_recipe,1e+19,2048,1.1,0.0,0.05,3,False,,,
Qwen2.5 report,observed_joint_recipe,1e+19,2048,1.1,0.1,-0.05,3,False,,,
Qwen2.5 report,observed_joint_recipe,1e+19,2048,1.1,0.1,0.0,3,False,,,
Qwen2.5 report,observed_joint_recipe,1e+19,2048,1.1,0.1,0.05,3,False,,,
Qwen2.5 report,observed_joint_recipe,1e+19,8192,0.9,-0.1,-0.05,3,False,,,
Qwen2.5 report,observed_joint_recipe,1e+19,8192,0.9,-0.1,0.0,3,False,,,
Qwen2.5 report,observed_joint_recipe,1e+19,8192,0.9,-0.1,0.05,3,False,,,
Qwen2.5 report,observed_joint_recipe,1e+19,8192,0.9,0.0,-0.05,3,False,,,
Qwen2.5 report,observed_joint_recipe,1e+19,8192,0.9,0.0,0.0,3,False,,,
Qwen2.5 report,observed_joint_recipe,1e+19,8192,0.9,0.0,0.05,3,False,,,
Qwen2.5 report,observed_joint_recipe,1e+19,8192,0.9,0.1,-0.05,3,False,,,
Qwen2.5 report,observed_joint_recipe,1e+19,8192,0.9,0.1,0.0,3,False,,,
Qwen2.5 report,observed_joint_recipe,1e+19,8192,0.9,0.1,0.05,3,False,,,
Qwen2.5 report,observed_joint_recipe,1e+19,8192,1.0,-0.1,-0.05,3,False,,,
Qwen2.5 report,observed_joint_recipe,1e+19,8192,1.0,-0.1,0.0,3,False,,,
Qwen2.5 report,observed_joint_recipe,1e+19,8192,1.0,-0.1,0.05,3,False,,,
Qwen2.5 report,observed_joint_recipe,1e+19,8192,1.0,0.0,-0.05,3,False,,,
Qwen2.5 report,observed_joint_recipe,1e+19,8192,1.0,0.0,0.0,3,False,,,
Qwen2.5 report,observed_joint_recipe,1e+19,8192,1.0,0.0,0.05,3,False,,,
Qwen2.5 report,observed_joint_recipe,1e+19,8192,1.0,0.1,-0.05,3,False,,,
Qwen2.5 report,observed_joint_recipe,1e+19,8192,1.0,0.1,0.0,3,False,,,
Qwen2.5 report,observed_joint_recipe,1e+19,8192,1.0,0.1,0.05,3,False,,,
Qwen2.5 report,observed_joint_recipe,1e+19,8192,1.1,-0.1,-0.05,3,False,,,
Qwen2.5 report,observed_joint_recipe,1e+19,8192,1.1,-0.1,0.0,3,False,,,
Qwen2.5 report,observed_joint_recipe,1e+19,8192,1.1,-0.1,0.05,3,False,,,
Qwen2.5 report,observed_joint_recipe,1e+19,8192,1.1,0.0,-0.05,3,False,,,
Qwen2.5 report,observed_joint_recipe,1e+19,8192,1.1,0.0,0.0,3,False,,,
Qwen2.5 report,observed_joint_recipe,1e+19,8192,1.1,0.0,0.05,3,False,,,
Qwen2.5 report,observed_joint_recipe,1e+19,8192,1.1,0.1,-0.05,3,False,,,
Qwen2.5 report,observed_joint_recipe,1e+19,8192,1.1,0.1,0.0,3,False,,,
Qwen2.5 report,observed_joint_recipe,1e+19,8192,1.1,0.1,0.05,3,False,,,
Qwen2.5 report,observed_joint_recipe,1e+19,131072,0.9,-0.1,-0.05,0,False,,,
Qwen2.5 report,observed_joint_recipe,1e+19,131072,0.9,-0.1,0.0,0,False,,,
Qwen2.5 report,observed_joint_recipe,1e+19,131072,0.9,-0.1,0.05,0,False,,,
Qwen2.5 report,observed_joint_recipe,1e+19,131072,0.9,0.0,-0.05,0,False,,,
Qwen2.5 report,observed_joint_recipe,1e+19,131072,0.9,0.0,0.0,0,False,,,
Qwen2.5 report,observed_joint_recipe,1e+19,131072,0.9,0.0,0.05,0,False,,,
Qwen2.5 report,observed_joint_recipe,1e+19,131072,0.9,0.1,-0.05,0,False,,,
Qwen2.5 report,observed_joint_recipe,1e+19,131072,0.9,0.1,0.0,0,False,,,
Qwen2.5 report,observed_joint_recipe,1e+19,131072,0.9,0.1,0.05,0,False,,,
Qwen2.5 report,observed_joint_recipe,1e+19,131072,1.0,-0.1,-0.05,0,False,,,
Qwen2.5 report,observed_joint_recipe,1e+19,131072,1.0,-0.1,0.0,0,False,,,
Qwen2.5 report,observed_joint_recipe,1e+19,131072,1.0,-0.1,0.05,0,False,,,
Qwen2.5 report,observed_joint_recipe,1e+19,131072,1.0,0.0,-0.05,0,False,,,
Qwen2.5 report,observed_joint_recipe,1e+19,131072,1.0,0.0,0.0,0,False,,,
Qwen2.5 report,observed_joint_recipe,1e+19,131072,1.0,0.0,0.05,0,False,,,
Qwen2.5 report,observed_joint_recipe,1e+19,131072,1.0,0.1,-0.05,0,False,,,
Qwen2.5 report,observed_joint_recipe,1e+19,131072,1.0,0.1,0.0,0,False,,,
Qwen2.5 report,observed_joint_recipe,1e+19,131072,1.0,0.1,0.05,0,False,,,
Qwen2.5 report,observed_joint_recipe,1e+19,131072,1.1,-0.1,-0.05,0,False,,,
Qwen2.5 report,observed_joint_recipe,1e+19,131072,1.1,-0.1,0.0,0,False,,,
Qwen2.5 report,observed_joint_recipe,1e+19,131072,1.1,-0.1,0.05,0,False,,,
Qwen2.5 report,observed_joint_recipe,1e+19,131072,1.1,0.0,-0.05,0,False,,,
Qwen2.5 report,observed_joint_recipe,1e+19,131072,1.1,0.0,0.0,0,False,,,
Qwen2.5 report,observed_joint_recipe,1e+19,131072,1.1,0.0,0.05,0,False,,,
Qwen2.5 report,observed_joint_recipe,1e+19,131072,1.1,0.1,-0.05,0,False,,,
Qwen2.5 report,observed_joint_recipe,1e+19,131072,1.1,0.1,0.0,0,False,,,
Qwen2.5 report,observed_joint_recipe,1e+19,131072,1.1,0.1,0.05,0,False,,,
Qwen2.5 report,observed_joint_recipe,1e+20,2048,0.9,-0.1,-0.05,3,True,exponential,True,0.3843318612716118
Qwen2.5 report,observed_joint_recipe,1e+20,2048,0.9,-0.1,0.0,3,True,exponential,True,0.3707574152777475
Qwen2.5 report,observed_joint_recipe,1e+20,2048,0.9,-0.1,0.05,3,True,exponential,True,0.3561701790892364
Qwen2.5 report,observed_joint_recipe,1e+20,2048,0.9,0.0,-0.05,3,True,exponential,True,0.35281271184853225
Qwen2.5 report,observed_joint_recipe,1e+20,2048,0.9,0.0,0.0,3,True,exponential,True,0.33727955469239745
Qwen2.5 report,observed_joint_recipe,1e+20,2048,0.9,0.0,0.05,3,True,exponential,True,0.32120615099386285
Qwen2.5 report,observed_joint_recipe,1e+20,2048,0.9,0.1,-0.05,3,True,exponential,True,0.31758128818452747
Qwen2.5 report,observed_joint_recipe,1e+20,2048,0.9,0.1,0.0,3,True,exponential,True,0.30111797886300096
Qwen2.5 report,observed_joint_recipe,1e+20,2048,0.9,0.1,0.05,3,True,exponential,True,0.28454009591900586
Qwen2.5 report,observed_joint_recipe,1e+20,2048,1.0,-0.1,-0.05,3,True,exponential,True,0.3312273837282831
Qwen2.5 report,observed_joint_recipe,1e+20,2048,1.0,-0.1,0.0,3,True,exponential,True,0.31076018378091064
Qwen2.5 report,observed_joint_recipe,1e+20,2048,1.0,-0.1,0.05,3,True,exponential,True,0.29042435038581615
Qwen2.5 report,observed_joint_recipe,1e+20,2048,1.0,0.0,-0.05,3,True,exponential,True,0.2904243503858126
Qwen2.5 report,observed_joint_recipe,1e+20,2048,1.0,0.0,0.0,3,True,exponential,True,0.2704330648558617
Qwen2.5 report,observed_joint_recipe,1e+20,2048,1.0,0.0,0.05,3,True,exponential,True,0.25096570917214933
Qwen2.5 report,observed_joint_recipe,1e+20,2048,1.0,0.1,-0.05,3,True,exponential,True,0.2509657091721511
Qwen2.5 report,observed_joint_recipe,1e+20,2048,1.0,0.1,0.0,3,True,exponential,True,0.23216818281777307
Qwen2.5 report,observed_joint_recipe,1e+20,2048,1.0,0.1,0.05,3,True,exponential,True,0.2141543984979819
Qwen2.5 report,observed_joint_recipe,1e+20,2048,1.1,-0.1,-0.05,3,True,exponential,True,0.25409462109226766
Qwen2.5 report,observed_joint_recipe,1e+20,2048,1.1,-0.1,0.0,3,True,exponential,True,0.23241382087025997
Qwen2.5 report,observed_joint_recipe,1e+20,2048,1.1,-0.1,0.05,3,True,exponential,True,0.21190262559979267
Qwen2.5 report,observed_joint_recipe,1e+20,2048,1.1,0.0,-0.05,3,True,exponential,True,0.21554096192181937
Qwen2.5 report,observed_joint_recipe,1e+20,2048,1.1,0.0,0.0,3,False,,,
Qwen2.5 report,observed_joint_recipe,1e+20,2048,1.1,0.0,0.05,3,False,,,
Qwen2.5 report,observed_joint_recipe,1e+20,2048,1.1,0.1,-0.05,3,False,,,
Qwen2.5 report,observed_joint_recipe,1e+20,2048,1.1,0.1,0.0,3,False,,,
Qwen2.5 report,observed_joint_recipe,1e+20,2048,1.1,0.1,0.05,3,False,,,
Qwen2.5 report,observed_joint_recipe,1e+20,8192,0.9,-0.1,-0.05,3,True,exponential,True,0.3576731515507241
Qwen2.5 report,observed_joint_recipe,1e+20,8192,0.9,-0.1,0.0,3,True,exponential,True,0.34432531407417954
Qwen2.5 report,observed_joint_recipe,1e+20,8192,0.9,-0.1,0.05,3,True,exponential,True,0.33011885142882136
Qwen2.5 report,observed_joint_recipe,1e+20,8192,0.9,0.0,-0.05,3,True,exponential,True,0.3268657220802993
Qwen2.5 report,observed_joint_recipe,1e+20,8192,0.9,0.0,0.0,3,True,exponential,True,0.3118844690596063
Qwen2.5 report,observed_joint_recipe,1e+20,8192,0.9,0.0,0.05,3,True,exponential,True,0.2964862389463079
Qwen2.5 report,observed_joint_recipe,1e+20,8192,0.9,0.1,-0.05,3,True,exponential,True,0.29302650081897497
Qwen2.5 report,observed_joint_recipe,1e+20,8192,0.9,0.1,0.0,3,True,exponential,True,0.27736634890332823
Qwen2.5 report,observed_joint_recipe,1e+20,8192,0.9,0.1,0.05,3,True,exponential,True,0.26167696610565017
Qwen2.5 report,observed_joint_recipe,1e+20,8192,1.0,-0.1,-0.05,3,True,exponential,True,0.3040572844471079
Qwen2.5 report,observed_joint_recipe,1e+20,8192,1.0,-0.1,0.0,3,True,exponential,True,0.28471443413098285
Qwen2.5 report,observed_joint_recipe,1e+20,8192,1.0,-0.1,0.05,3,True,exponential,True,0.26559908872877
Qwen2.5 report,observed_joint_recipe,1e+20,8192,1.0,0.0,-0.05,3,True,exponential,True,0.2655990887287736
Qwen2.5 report,observed_joint_recipe,1e+20,8192,1.0,0.0,0.0,3,True,exponential,True,0.2468973930795073
Qwen2.5 report,observed_joint_recipe,1e+20,8192,1.0,0.0,0.05,3,True,exponential,True,0.2287634824399678
Qwen2.5 report,observed_joint_recipe,1e+20,8192,1.0,0.1,-0.05,3,True,exponential,True,0.2287634824399678
Qwen2.5 report,observed_joint_recipe,1e+20,8192,1.0,0.1,0.0,3,True,exponential,True,0.21132036829156853
Qwen2.5 report,observed_joint_recipe,1e+20,8192,1.0,0.1,0.05,3,True,exponential,True,0.1946617935714965
Qwen2.5 report,observed_joint_recipe,1e+20,8192,1.1,-0.1,-0.05,3,True,exponential,True,0.23033872834146862
Qwen2.5 report,observed_joint_recipe,1e+20,8192,1.1,-0.1,0.0,3,True,exponential,True,0.21034567217065536
Qwen2.5 report,observed_joint_recipe,1e+20,8192,1.1,-0.1,0.05,3,False,,,
Qwen2.5 report,observed_joint_recipe,1e+20,8192,1.1,0.0,-0.05,3,False,,,
Qwen2.5 report,observed_joint_recipe,1e+20,8192,1.1,0.0,0.0,3,False,,,
Qwen2.5 report,observed_joint_recipe,1e+20,8192,1.1,0.0,0.05,3,False,,,
Qwen2.5 report,observed_joint_recipe,1e+20,8192,1.1,0.1,-0.05,3,False,,,
Qwen2.5 report,observed_joint_recipe,1e+20,8192,1.1,0.1,0.0,3,False,,,
Qwen2.5 report,observed_joint_recipe,1e+20,8192,1.1,0.1,0.05,3,False,,,
Qwen2.5 report,observed_joint_recipe,1e+20,131072,0.9,-0.1,-0.05,3,False,,,
Qwen2.5 report,observed_joint_recipe,1e+20,131072,0.9,-0.1,0.0,3,False,,,
Qwen2.5 report,observed_joint_recipe,1e+20,131072,0.9,-0.1,0.05,3,False,,,
Qwen2.5 report,observed_joint_recipe,1e+20,131072,0.9,0.0,-0.05,3,False,,,
Qwen2.5 report,observed_joint_recipe,1e+20,131072,0.9,0.0,0.0,3,False,,,
Qwen2.5 report,observed_joint_recipe,1e+20,131072,0.9,0.0,0.05,3,False,,,
Qwen2.5 report,observed_joint_recipe,1e+20,131072,0.9,0.1,-0.05,3,False,,,
Qwen2.5 report,observed_joint_recipe,1e+20,131072,0.9,0.1,0.0,3,False,,,
Qwen2.5 report,observed_joint_recipe,1e+20,131072,0.9,0.1,0.05,3,False,,,
Qwen2.5 report,observed_joint_recipe,1e+20,131072,1.0,-0.1,-0.05,3,False,,,
Qwen2.5 report,observed_joint_recipe,1e+20,131072,1.0,-0.1,0.0,3,False,,,
Qwen2.5 report,observed_joint_recipe,1e+20,131072,1.0,-0.1,0.05,3,False,,,
Qwen2.5 report,observed_joint_recipe,1e+20,131072,1.0,0.0,-0.05,3,False,,,
Qwen2.5 report,observed_joint_recipe,1e+20,131072,1.0,0.0,0.0,3,False,,,
Qwen2.5 report,observed_joint_recipe,1e+20,131072,1.0,0.0,0.05,3,False,,,
Qwen2.5 report,observed_joint_recipe,1e+20,131072,1.0,0.1,-0.05,3,False,,,
Qwen2.5 report,observed_joint_recipe,1e+20,131072,1.0,0.1,0.0,3,False,,,
Qwen2.5 report,observed_joint_recipe,1e+20,131072,1.0,0.1,0.05,3,False,,,
Qwen2.5 report,observed_joint_recipe,1e+20,131072,1.1,-0.1,-0.05,3,False,,,
Qwen2.5 report,observed_joint_recipe,1e+20,131072,1.1,-0.1,0.0,3,False,,,
Qwen2.5 report,observed_joint_recipe,1e+20,131072,1.1,-0.1,0.05,3,False,,,
Qwen2.5 report,observed_joint_recipe,1e+20,131072,1.1,0.0,-0.05,3,False,,,
Qwen2.5 report,observed_joint_recipe,1e+20,131072,1.1,0.0,0.0,3,False,,,
Qwen2.5 report,observed_joint_recipe,1e+20,131072,1.1,0.0,0.05,3,False,,,
Qwen2.5 report,observed_joint_recipe,1e+20,131072,1.1,0.1,-0.05,3,False,,,
Qwen2.5 report,observed_joint_recipe,1e+20,131072,1.1,0.1,0.0,3,False,,,
Qwen2.5 report,observed_joint_recipe,1e+20,131072,1.1,0.1,0.05,3,False,,,
Qwen2.5 report,observed_joint_recipe,1e+22,2048,0.9,-0.1,-0.05,3,False,,,
Qwen2.5 report,observed_joint_recipe,1e+22,2048,0.9,-0.1,0.0,3,False,,,
Qwen2.5 report,observed_joint_recipe,1e+22,2048,0.9,-0.1,0.05,3,False,,,
Qwen2.5 report,observed_joint_recipe,1e+22,2048,0.9,0.0,-0.05,3,False,,,
Qwen2.5 report,observed_joint_recipe,1e+22,2048,0.9,0.0,0.0,3,True,exponential,True,0.02776942860103304
Qwen2.5 report,observed_joint_recipe,1e+22,2048,0.9,0.0,0.05,3,True,exponential,True,0.02765024120549242
Qwen2.5 report,observed_joint_recipe,1e+22,2048,0.9,0.1,-0.05,3,True,exponential,True,0.027605482957547167
Qwen2.5 report,observed_joint_recipe,1e+22,2048,0.9,0.1,0.0,3,True,exponential,True,0.027323616594848943
Qwen2.5 report,observed_joint_recipe,1e+22,2048,0.9,0.1,0.05,3,True,exponential,True,0.026914466591847486
Qwen2.5 report,observed_joint_recipe,1e+22,2048,1.0,-0.1,-0.05,3,True,exponential,True,0.030656053975178565
Qwen2.5 report,observed_joint_recipe,1e+22,2048,1.0,-0.1,0.0,3,True,exponential,True,0.030288284158856982
Qwen2.5 report,observed_joint_recipe,1e+22,2048,1.0,-0.1,0.05,3,True,exponential,True,0.0297476508763026
Qwen2.5 report,observed_joint_recipe,1e+22,2048,1.0,0.0,-0.05,3,True,exponential,True,0.0297476508763026
Qwen2.5 report,observed_joint_recipe,1e+22,2048,1.0,0.0,0.0,3,True,exponential,True,0.02904666383735588
Qwen2.5 report,observed_joint_recipe,1e+22,2048,1.0,0.0,0.05,3,True,exponential,True,0.02820103557587572
Qwen2.5 report,observed_joint_recipe,1e+22,2048,1.0,0.1,-0.05,3,True,exponential,True,0.0282010355758473
Qwen2.5 report,observed_joint_recipe,1e+22,2048,1.0,0.1,0.0,3,True,exponential,True,0.02722895772496514
Qwen2.5 report,observed_joint_recipe,1e+22,2048,1.0,0.1,0.05,3,True,exponential,True,0.02615031089721498
Qwen2.5 report,observed_joint_recipe,1e+22,2048,1.1,-0.1,-0.05,3,True,exponential,True,0.030959380181037943
Qwen2.5 report,observed_joint_recipe,1e+22,2048,1.1,-0.1,0.0,3,True,exponential,True,0.029767809372309273
Qwen2.5 report,observed_joint_recipe,1e+22,2048,1.1,-0.1,0.05,3,True,exponential,True,0.028438819189723574
Qwen2.5 report,observed_joint_recipe,1e+22,2048,1.1,0.0,-0.05,3,True,exponential,True,0.02868930587487384
Qwen2.5 report,observed_joint_recipe,1e+22,2048,1.1,0.0,0.0,3,True,exponential,True,0.027270560558001478
Qwen2.5 report,observed_joint_recipe,1e+22,2048,1.1,0.0,0.05,3,True,exponential,True,0.025769848252501504
Qwen2.5 report,observed_joint_recipe,1e+22,2048,1.1,0.1,-0.05,3,True,exponential,True,0.026047451281332457
Qwen2.5 report,observed_joint_recipe,1e+22,2048,1.1,0.1,0.0,3,True,exponential,True,0.024501676325769495
Qwen2.5 report,observed_joint_recipe,1e+22,2048,1.1,0.1,0.05,3,True,exponential,True,0.022926055258039924
Qwen2.5 report,observed_joint_recipe,1e+22,8192,0.9,-0.1,-0.05,3,False,,,
Qwen2.5 report,observed_joint_recipe,1e+22,8192,0.9,-0.1,0.0,3,False,,,
Qwen2.5 report,observed_joint_recipe,1e+22,8192,0.9,-0.1,0.05,3,False,,,
Qwen2.5 report,observed_joint_recipe,1e+22,8192,0.9,0.0,-0.05,3,False,,,
Qwen2.5 report,observed_joint_recipe,1e+22,8192,0.9,0.0,0.0,3,True,exponential,True,0.026077665984679754
Qwen2.5 report,observed_joint_recipe,1e+22,8192,0.9,0.0,0.05,3,True,exponential,True,0.025931434275619836
Qwen2.5 report,observed_joint_recipe,1e+22,8192,0.9,0.1,-0.05,3,True,exponential,True,0.025881881854658673
Qwen2.5 report,observed_joint_recipe,1e+22,8192,0.9,0.1,0.0,3,True,exponential,True,0.025584095585259092
Qwen2.5 report,observed_joint_recipe,1e+22,8192,0.9,0.1,0.05,3,True,exponential,True,0.025168456102754533
Qwen2.5 report,observed_joint_recipe,1e+22,8192,1.0,-0.1,-0.05,3,True,exponential,True,0.02873116959843003
Qwen2.5 report,observed_joint_recipe,1e+22,8192,1.0,-0.1,0.0,3,True,exponential,True,0.028340718754627403
Qwen2.5 report,observed_joint_recipe,1e+22,8192,1.0,-0.1,0.05,3,True,exponential,True,0.027790669864408812
Qwen2.5 report,observed_joint_recipe,1e+22,8192,1.0,0.0,-0.05,3,True,exponential,True,0.027790669864415918
Qwen2.5 report,observed_joint_recipe,1e+22,8192,1.0,0.0,0.0,3,True,exponential,True,0.02709365310528966
Qwen2.5 report,observed_joint_recipe,1e+22,8192,1.0,0.0,0.05,3,True,exponential,True,0.026265133813510033
Qwen2.5 report,observed_joint_recipe,1e+22,8192,1.0,0.1,-0.05,3,True,exponential,True,0.02626513381351714
Qwen2.5 report,observed_joint_recipe,1e+22,8192,1.0,0.1,0.0,3,True,exponential,True,0.025322710315059282
Qwen2.5 report,observed_joint_recipe,1e+22,8192,1.0,0.1,0.05,3,True,exponential,True,0.02428536363116862
Qwen2.5 report,observed_joint_recipe,1e+22,8192,1.1,-0.1,-0.05,3,True,exponential,True,0.028804840988264857
Qwen2.5 report,observed_joint_recipe,1e+22,8192,1.1,-0.1,0.0,3,True,exponential,True,0.0276474298212932
Qwen2.5 report,observed_joint_recipe,1e+22,8192,1.1,-0.1,0.05,3,True,exponential,True,0.0263685689503923
Qwen2.5 report,observed_joint_recipe,1e+22,8192,1.1,0.0,-0.05,3,True,exponential,True,0.02660882732181591
Qwen2.5 report,observed_joint_recipe,1e+22,8192,1.1,0.0,0.0,3,True,exponential,True,0.025251994176286985
Qwen2.5 report,observed_joint_recipe,1e+22,8192,1.1,0.0,0.05,3,True,exponential,True,0.023825757036401995
Qwen2.5 report,observed_joint_recipe,1e+22,8192,1.1,0.1,-0.05,3,True,exponential,True,0.02408898245545288
Qwen2.5 report,observed_joint_recipe,1e+22,8192,1.1,0.1,0.0,3,True,exponential,True,0.022626323985498686
Qwen2.5 report,observed_joint_recipe,1e+22,8192,1.1,0.1,0.05,3,True,exponential,True,0.021142298700407736
Qwen2.5 report,observed_joint_recipe,1e+22,131072,0.9,-0.1,-0.05,3,True,exponential,True,0.015518786016365027
Qwen2.5 report,observed_joint_recipe,1e+22,131072,0.9,-0.1,0.0,3,True,exponential,True,0.015488536064154346
Qwen2.5 report,observed_joint_recipe,1e+22,131072,0.9,-0.1,0.05,3,True,exponential,True,0.01538285950227447
Qwen2.5 report,observed_joint_recipe,1e+22,131072,0.9,0.0,-0.05,3,True,exponential,True,0.01534931125122796
Qwen2.5 report,observed_joint_recipe,1e+22,131072,0.9,0.0,0.0,3,True,exponential,True,0.015154371759926732
Qwen2.5 report,observed_joint_recipe,1e+22,131072,0.9,0.0,0.05,3,True,exponential,True,0.014890417290509106
Qwen2.5 report,observed_joint_recipe,1e+22,131072,0.9,0.1,-0.05,3,True,exponential,True,0.014822861626051065
Qwen2.5 report,observed_joint_recipe,1e+22,131072,0.9,0.1,0.0,3,True,exponential,True,0.014481337326643029
Qwen2.5 report,observed_joint_recipe,1e+22,131072,0.9,0.1,0.05,3,True,exponential,True,0.014083073610649421
Qwen2.5 report,observed_joint_recipe,1e+22,131072,1.0,-0.1,-0.05,3,True,exponential,True,0.016336183188514042
Qwen2.5 report,observed_joint_recipe,1e+22,131072,1.0,-0.1,0.0,3,True,exponential,True,0.015883631986625346
Qwen2.5 report,observed_joint_recipe,1e+22,131072,1.0,-0.1,0.05,3,True,exponential,True,0.015357714608491335
Qwen2.5 report,observed_joint_recipe,1e+22,131072,1.0,0.0,-0.05,3,True,exponential,True,0.015357714608519757
Qwen2.5 report,observed_joint_recipe,1e+22,131072,1.0,0.0,0.0,3,True,exponential,True,0.014769337861736176
Qwen2.5 report,observed_joint_recipe,1e+22,131072,1.0,0.0,0.05,3,True,exponential,True,0.014130018694515911
Qwen2.5 report,observed_joint_recipe,1e+22,131072,1.0,0.1,-0.05,3,True,exponential,True,0.014130018694515911
Qwen2.5 report,observed_joint_recipe,1e+22,131072,1.0,0.1,0.0,3,True,exponential,True,0.013451450513024099
Qwen2.5 report,observed_joint_recipe,1e+22,131072,1.0,0.1,0.05,3,True,exponential,True,0.01274510901106396
Qwen2.5 report,observed_joint_recipe,1e+22,131072,1.1,-0.1,-0.05,3,True,exponential,True,0.015296723830648062
Qwen2.5 report,observed_joint_recipe,1e+22,131072,1.1,-0.1,0.0,3,True,exponential,True,0.01446120282531993
Qwen2.5 report,observed_joint_recipe,1e+22,131072,1.1,-0.1,0.05,3,True,exponential,True,0.01359514494789238
Qwen2.5 report,observed_joint_recipe,1e+22,131072,1.1,0.0,-0.05,3,True,exponential,True,0.013754167373182469
Qwen2.5 report,observed_joint_recipe,1e+22,131072,1.1,0.0,0.0,3,True,exponential,True,0.012874671571406537
Qwen2.5 report,observed_joint_recipe,1e+22,131072,1.1,0.0,0.05,3,True,exponential,True,0.011991605521693316
Qwen2.5 report,observed_joint_recipe,1e+22,131072,1.1,0.1,-0.05,3,True,exponential,True,0.012151840472395037
Qwen2.5 report,observed_joint_recipe,1e+22,131072,1.1,0.1,0.0,3,True,exponential,True,0.011275233621290681
Qwen2.5 report,observed_joint_recipe,1e+22,131072,1.1,0.1,0.05,3,True,exponential,True,0.010416372225144244
Qwen2.5 report,observed_joint_recipe,1e+24,2048,0.9,-0.1,-0.05,3,False,,,
Qwen2.5 report,observed_joint_recipe,1e+24,2048,0.9,-0.1,0.0,3,False,,,
Qwen2.5 report,observed_joint_recipe,1e+24,2048,0.9,-0.1,0.05,3,False,,,
Qwen2.5 report,observed_joint_recipe,1e+24,2048,0.9,0.0,-0.05,3,False,,,
Qwen2.5 report,observed_joint_recipe,1e+24,2048,0.9,0.0,0.0,3,False,,,
Qwen2.5 report,observed_joint_recipe,1e+24,2048,0.9,0.0,0.05,3,True,exponential;power;logarithmic,False,0.0
Qwen2.5 report,observed_joint_recipe,1e+24,2048,0.9,0.1,-0.05,3,True,exponential;power;logarithmic,False,0.0
Qwen2.5 report,observed_joint_recipe,1e+24,2048,0.9,0.1,0.0,3,True,exponential;power;logarithmic,False,0.0
Qwen2.5 report,observed_joint_recipe,1e+24,2048,0.9,0.1,0.05,3,True,exponential;power;logarithmic,False,0.0
Qwen2.5 report,observed_joint_recipe,1e+24,2048,1.0,-0.1,-0.05,3,True,exponential;power;logarithmic,False,0.0
Qwen2.5 report,observed_joint_recipe,1e+24,2048,1.0,-0.1,0.0,3,True,exponential;power;logarithmic,False,0.0
Qwen2.5 report,observed_joint_recipe,1e+24,2048,1.0,-0.1,0.05,3,True,exponential;power;logarithmic,False,0.0
Qwen2.5 report,observed_joint_recipe,1e+24,2048,1.0,0.0,-0.05,3,True,exponential;power;logarithmic,False,0.0
Qwen2.5 report,observed_joint_recipe,1e+24,2048,1.0,0.0,0.0,3,True,exponential;power;logarithmic,False,0.0
Qwen2.5 report,observed_joint_recipe,1e+24,2048,1.0,0.0,0.05,3,True,exponential;power;logarithmic,False,0.0
Qwen2.5 report,observed_joint_recipe,1e+24,2048,1.0,0.1,-0.05,3,True,exponential;power;logarithmic,False,0.0
Qwen2.5 report,observed_joint_recipe,1e+24,2048,1.0,0.1,0.0,3,True,exponential;power;logarithmic,False,0.0
Qwen2.5 report,observed_joint_recipe,1e+24,2048,1.0,0.1,0.05,3,True,exponential;power;logarithmic,False,0.0
Qwen2.5 report,observed_joint_recipe,1e+24,2048,1.1,-0.1,-0.05,3,True,exponential;power;logarithmic,False,0.0
Qwen2.5 report,observed_joint_recipe,1e+24,2048,1.1,-0.1,0.0,3,True,exponential;power;logarithmic,False,0.0
Qwen2.5 report,observed_joint_recipe,1e+24,2048,1.1,-0.1,0.05,3,True,exponential;power;logarithmic,False,0.0
Qwen2.5 report,observed_joint_recipe,1e+24,2048,1.1,0.0,-0.05,3,True,exponential;power;logarithmic,False,0.0
Qwen2.5 report,observed_joint_recipe,1e+24,2048,1.1,0.0,0.0,3,True,exponential;power;logarithmic,False,0.0
Qwen2.5 report,observed_joint_recipe,1e+24,2048,1.1,0.0,0.05,3,True,exponential;power;logarithmic,False,0.0
Qwen2.5 report,observed_joint_recipe,1e+24,2048,1.1,0.1,-0.05,3,True,exponential;power;logarithmic,False,0.0
Qwen2.5 report,observed_joint_recipe,1e+24,2048,1.1,0.1,0.0,3,True,exponential;power;logarithmic,False,0.0
Qwen2.5 report,observed_joint_recipe,1e+24,2048,1.1,0.1,0.05,3,True,exponential;power;logarithmic,False,0.0
Qwen2.5 report,observed_joint_recipe,1e+24,8192,0.9,-0.1,-0.05,3,False,,,
Qwen2.5 report,observed_joint_recipe,1e+24,8192,0.9,-0.1,0.0,3,False,,,
Qwen2.5 report,observed_joint_recipe,1e+24,8192,0.9,-0.1,0.05,3,False,,,
Qwen2.5 report,observed_joint_recipe,1e+24,8192,0.9,0.0,-0.05,3,False,,,
Qwen2.5 report,observed_joint_recipe,1e+24,8192,0.9,0.0,0.0,3,False,,,
Qwen2.5 report,observed_joint_recipe,1e+24,8192,0.9,0.0,0.05,3,True,exponential;power;logarithmic,False,0.0
Qwen2.5 report,observed_joint_recipe,1e+24,8192,0.9,0.1,-0.05,3,True,exponential;power;logarithmic,False,0.0
Qwen2.5 report,observed_joint_recipe,1e+24,8192,0.9,0.1,0.0,3,True,exponential;power;logarithmic,False,0.0
Qwen2.5 report,observed_joint_recipe,1e+24,8192,0.9,0.1,0.05,3,True,exponential;power;logarithmic,False,0.0
Qwen2.5 report,observed_joint_recipe,1e+24,8192,1.0,-0.1,-0.05,3,True,exponential;power;logarithmic,False,0.0
Qwen2.5 report,observed_joint_recipe,1e+24,8192,1.0,-0.1,0.0,3,True,exponential;power;logarithmic,False,0.0
Qwen2.5 report,observed_joint_recipe,1e+24,8192,1.0,-0.1,0.05,3,True,exponential;power;logarithmic,False,0.0
Qwen2.5 report,observed_joint_recipe,1e+24,8192,1.0,0.0,-0.05,3,True,exponential;power;logarithmic,False,0.0
Qwen2.5 report,observed_joint_recipe,1e+24,8192,1.0,0.0,0.0,3,True,exponential;power;logarithmic,False,0.0
Qwen2.5 report,observed_joint_recipe,1e+24,8192,1.0,0.0,0.05,3,True,exponential;power;logarithmic,False,0.0
Qwen2.5 report,observed_joint_recipe,1e+24,8192,1.0,0.1,-0.05,3,True,exponential;power;logarithmic,False,0.0
Qwen2.5 report,observed_joint_recipe,1e+24,8192,1.0,0.1,0.0,3,True,exponential;power;logarithmic,False,0.0
Qwen2.5 report,observed_joint_recipe,1e+24,8192,1.0,0.1,0.05,3,True,exponential;power;logarithmic,False,0.0
Qwen2.5 report,observed_joint_recipe,1e+24,8192,1.1,-0.1,-0.05,3,True,exponential;power;logarithmic,False,0.0
Qwen2.5 report,observed_joint_recipe,1e+24,8192,1.1,-0.1,0.0,3,True,exponential;power;logarithmic,False,0.0
Qwen2.5 report,observed_joint_recipe,1e+24,8192,1.1,-0.1,0.05,3,True,exponential;power;logarithmic,False,0.0
Qwen2.5 report,observed_joint_recipe,1e+24,8192,1.1,0.0,-0.05,3,True,exponential;power;logarithmic,False,0.0
Qwen2.5 report,observed_joint_recipe,1e+24,8192,1.1,0.0,0.0,3,True,exponential;power;logarithmic,False,0.0
Qwen2.5 report,observed_joint_recipe,1e+24,8192,1.1,0.0,0.05,3,True,exponential;power;logarithmic,False,0.0
Qwen2.5 report,observed_joint_recipe,1e+24,8192,1.1,0.1,-0.05,3,True,exponential;power;logarithmic,False,0.0
Qwen2.5 report,observed_joint_recipe,1e+24,8192,1.1,0.1,0.0,3,True,exponential;power;logarithmic,False,0.0
Qwen2.5 report,observed_joint_recipe,1e+24,8192,1.1,0.1,0.05,3,True,exponential;power;logarithmic,False,0.0
Qwen2.5 report,observed_joint_recipe,1e+24,131072,0.9,-0.1,-0.05,3,False,,,
Qwen2.5 report,observed_joint_recipe,1e+24,131072,0.9,-0.1,0.0,3,False,,,
Qwen2.5 report,observed_joint_recipe,1e+24,131072,0.9,-0.1,0.05,3,False,,,
Qwen2.5 report,observed_joint_recipe,1e+24,131072,0.9,0.0,-0.05,3,False,,,
Qwen2.5 report,observed_joint_recipe,1e+24,131072,0.9,0.0,0.0,3,False,,,
Qwen2.5 report,observed_joint_recipe,1e+24,131072,0.9,0.0,0.05,3,True,exponential;power;logarithmic,False,0.0
Qwen2.5 report,observed_joint_recipe,1e+24,131072,0.9,0.1,-0.05,3,True,exponential;power;logarithmic,False,0.0
Qwen2.5 report,observed_joint_recipe,1e+24,131072,0.9,0.1,0.0,3,True,exponential;power;logarithmic,False,0.0
Qwen2.5 report,observed_joint_recipe,1e+24,131072,0.9,0.1,0.05,3,True,exponential;power;logarithmic,False,0.0
Qwen2.5 report,observed_joint_recipe,1e+24,131072,1.0,-0.1,-0.05,3,True,exponential;power;logarithmic,False,0.0
Qwen2.5 report,observed_joint_recipe,1e+24,131072,1.0,-0.1,0.0,3,True,exponential;power;logarithmic,False,0.0
Qwen2.5 report,observed_joint_recipe,1e+24,131072,1.0,-0.1,0.05,3,True,exponential;power;logarithmic,False,0.0
Qwen2.5 report,observed_joint_recipe,1e+24,131072,1.0,0.0,-0.05,3,True,exponential;power;logarithmic,False,0.0
Qwen2.5 report,observed_joint_recipe,1e+24,131072,1.0,0.0,0.0,3,True,exponential;power;logarithmic,False,0.0
Qwen2.5 report,observed_joint_recipe,1e+24,131072,1.0,0.0,0.05,3,True,exponential;power;logarithmic,False,0.0
Qwen2.5 report,observed_joint_recipe,1e+24,131072,1.0,0.1,-0.05,3,True,exponential;power;logarithmic,False,0.0
Qwen2.5 report,observed_joint_recipe,1e+24,131072,1.0,0.1,0.0,3,True,exponential;power;logarithmic,False,0.0
Qwen2.5 report,observed_joint_recipe,1e+24,131072,1.0,0.1,0.05,3,True,exponential;power;logarithmic,False,0.0
Qwen2.5 report,observed_joint_recipe,1e+24,131072,1.1,-0.1,-0.05,3,True,exponential;power;logarithmic,False,0.0
Qwen2.5 report,observed_joint_recipe,1e+24,131072,1.1,-0.1,0.0,3,True,exponential;power;logarithmic,False,0.0
Qwen2.5 report,observed_joint_recipe,1e+24,131072,1.1,-0.1,0.05,3,True,exponential;power;logarithmic,False,0.0
Qwen2.5 report,observed_joint_recipe,1e+24,131072,1.1,0.0,-0.05,3,True,exponential;power;logarithmic,False,0.0
Qwen2.5 report,observed_joint_recipe,1e+24,131072,1.1,0.0,0.0,3,True,exponential;power;logarithmic,False,0.0
Qwen2.5 report,observed_joint_recipe,1e+24,131072,1.1,0.0,0.05,3,True,exponential;power;logarithmic,False,0.0
Qwen2.5 report,observed_joint_recipe,1e+24,131072,1.1,0.1,-0.05,3,True,exponential;power;logarithmic,False,0.0
Qwen2.5 report,observed_joint_recipe,1e+24,131072,1.1,0.1,0.0,3,True,exponential;power;logarithmic,False,0.0
Qwen2.5 report,observed_joint_recipe,1e+24,131072,1.1,0.1,0.05,3,True,exponential;power;logarithmic,False,0.0
