protocol,fold,held_out_group,sample_id,N_params_B,D_tokens_B,actual_loss,predicted_loss,residual_pred_minus_actual
leave_one_model_size_out,1,N=0.070542B,B1:0.070542:64,0.070542,0.134,4.7388,4.738678199518765,-0.00012180048123511256
leave_one_model_size_out,1,N=0.070542B,B1:0.070542:128,0.070542,0.268,4.3541,4.354802427054194,0.0007024270541942101
leave_one_model_size_out,1,N=0.070542B,B1:0.070542:256,0.070542,0.537,4.0384,4.03784942168311,-0.0005505783168899825
leave_one_model_size_out,1,N=0.070542B,B1:0.070542:512,0.070542,1.074,3.7776,3.777558430435403,-4.156956459722139e-05
leave_one_model_size_out,1,N=0.070542B,B1:0.070542:1000,0.070542,2.097,3.5698,3.5699247736582516,0.00012477365825169784
leave_one_model_size_out,1,N=0.070542B,B1:0.070542:2000,0.070542,4.194,3.3922,3.3921480385041933,-5.196149580655174e-05
leave_one_model_size_out,1,N=0.070542B,B1:0.070542:3000,0.070542,6.291,3.3024,3.303066724477313,0.0006667244773130854
leave_one_model_size_out,1,N=0.070542B,B1:0.070542:4000,0.070542,8.389,3.2452,3.2456977946962087,0.0004977946962085866
leave_one_model_size_out,1,N=0.070542B,B1:0.070542:5000,0.070542,10.486,3.2041,3.2042955654370058,0.00019556543700582907
leave_one_model_size_out,1,N=0.070542B,B1:0.070542:6000,0.070542,12.583,3.172,3.172334398273388,0.00033439827338765937
leave_one_model_size_out,1,N=0.070542B,B1:0.070542:7000,0.070542,14.68,3.1466,3.146554871486445,-4.512851355498171e-05
leave_one_model_size_out,1,N=0.070542B,B1:0.070542:8000,0.070542,16.777,3.1248,3.1251049357861604,0.0003049357861604207
leave_one_model_size_out,1,N=0.070542B,B1:0.070542:9000,0.070542,18.874,3.1064,3.106838650900868,0.00043865090086825376
leave_one_model_size_out,1,N=0.070542B,B1:0.070542:10000,0.070542,20.972,3.0913,3.0909942159029056,-0.0003057840970943637
leave_one_model_size_out,1,N=0.070542B,B1:0.070542:11000,0.070542,23.069,3.077,3.0770651105215583,6.511052155833141e-05
leave_one_model_size_out,1,N=0.070542B,B1:0.070542:12000,0.070542,25.166,3.0646,3.0646691098946954,6.910989469544049e-05
leave_one_model_size_out,1,N=0.070542B,B1:0.070542:13000,0.070542,27.263,3.0531,3.0535293301551616,0.0004293301551614448
leave_one_model_size_out,1,N=0.070542B,B1:0.070542:14000,0.070542,29.36,3.0432,3.043435568202254,0.00023556820225367758
leave_one_model_size_out,1,N=0.070542B,B1:0.070542:15000,0.070542,31.457,3.0342,3.034224775117284,2.477511728438131e-05
leave_one_model_size_out,1,N=0.070542B,B1:0.070542:16000,0.070542,33.554,3.0254,3.0257681335842195,0.00036813358421960984
leave_one_model_size_out,1,N=0.070542B,B1:0.070542:17000,0.070542,35.652,3.018,3.0179586609573463,-4.133904265346544e-05
leave_one_model_size_out,1,N=0.070542B,B1:0.070542:18000,0.070542,37.749,3.0105,3.010719613322236,0.00021961332223607855
leave_one_model_size_out,1,N=0.070542B,B1:0.070542:19000,0.070542,39.846,3.0039,3.003977787721392,7.778772139221957e-05
leave_one_model_size_out,1,N=0.070542B,B1:0.070542:20000,0.070542,41.943,2.9975,2.9976754375481076,0.00017543754810755985
leave_one_model_size_out,1,N=0.070542B,B1:0.070542:21000,0.070542,44.04,2.9921,2.99176399807171,-0.00033600192829030817
leave_one_model_size_out,1,N=0.070542B,B1:0.070542:22000,0.070542,46.137,2.9861,2.9862022692234516,0.00010226922345157874
leave_one_model_size_out,1,N=0.070542B,B1:0.070542:23000,0.070542,48.234,2.9807,2.9809550225050514,0.0002550225050512722
leave_one_model_size_out,1,N=0.070542B,B1:0.070542:24000,0.070542,50.332,2.9761,2.9759896159493064,-0.0001103840506937459
leave_one_model_size_out,1,N=0.070542B,B1:0.070542:25000,0.070542,52.429,2.971,2.9712844748080927,0.00028447480809257186
leave_one_model_size_out,1,N=0.070542B,B1:0.070542:26000,0.070542,54.526,2.9668,2.9668142350550455,1.4235055045386247e-05
leave_one_model_size_out,1,N=0.070542B,B1:0.070542:27000,0.070542,56.623,2.9621,2.962558789131795,0.00045878913179508984
leave_one_model_size_out,1,N=0.070542B,B1:0.070542:28000,0.070542,58.72,2.9582,2.958500416223848,0.00030041622384802125
leave_one_model_size_out,1,N=0.070542B,B1:0.070542:29000,0.070542,60.817,2.9546,2.954623425466005,2.3425466004756146e-05
leave_one_model_size_out,1,N=0.070542B,B1:0.070542:30000,0.070542,62.915,2.951,2.950912131648972,-8.786835102814194e-05
leave_one_model_size_out,1,N=0.070542B,B1:0.070542:31000,0.070542,65.012,2.9473,2.9473576080215658,5.760802156595801e-05
leave_one_model_size_out,1,N=0.070542B,B1:0.070542:32000,0.070542,67.109,2.9439,2.9439468791752623,4.687917526213781e-05
leave_one_model_size_out,1,N=0.070542B,B1:0.070542:33000,0.070542,69.206,2.9406,2.9406698999382748,6.989993827488661e-05
leave_one_model_size_out,1,N=0.070542B,B1:0.070542:34000,0.070542,71.303,2.9372,2.937517604703596,0.00031760470359598614
leave_one_model_size_out,1,N=0.070542B,B1:0.070542:35000,0.070542,73.4,2.9343,2.9344817863746897,0.0001817863746897963
leave_one_model_size_out,1,N=0.070542B,B1:0.070542:36000,0.070542,75.497,2.9314,2.9315549932493434,0.00015499324934342695
leave_one_model_size_out,1,N=0.070542B,B1:0.070542:37000,0.070542,77.595,2.9289,2.928729117199497,-0.00017088280050314708
leave_one_model_size_out,1,N=0.070542B,B1:0.070542:38000,0.070542,79.692,2.926,2.926000656478222,6.564782220053189e-07
leave_one_model_size_out,1,N=0.070542B,B1:0.070542:39000,0.070542,81.789,2.923,2.923362572998196,0.00036257299819597577
leave_one_model_size_out,1,N=0.070542B,B1:0.070542:40000,0.070542,83.886,2.9208,2.9208096684406692,9.668440669408085e-06
leave_one_model_size_out,1,N=0.070542B,B1:0.070542:41000,0.070542,85.983,2.9182,2.9183371640600995,0.00013716406009933735
leave_one_model_size_out,1,N=0.070542B,B1:0.070542:42000,0.070542,88.08,2.9158,2.915940657553781,0.00014065755378123157
leave_one_model_size_out,1,N=0.070542B,B1:0.070542:43000,0.070542,90.178,2.9137,2.9136149933007567,-8.500669924327298e-05
leave_one_model_size_out,1,N=0.070542B,B1:0.070542:44000,0.070542,92.275,2.9115,2.911358628693795,-0.00014137130620506255
leave_one_model_size_out,1,N=0.070542B,B1:0.070542:45000,0.070542,94.372,2.9093,2.9091669564415406,-0.0001330435584594447
leave_one_model_size_out,1,N=0.070542B,B1:0.070542:46000,0.070542,96.469,2.9068,2.90703674484905,0.00023674484905011894
leave_one_model_size_out,1,N=0.070542B,B1:0.070542:47000,0.070542,98.566,2.9049,2.904964989496827,6.49894968267617e-05
leave_one_model_size_out,1,N=0.070542B,B1:0.070542:48000,0.070542,100.663,2.903,2.9029488928212723,-5.110717872769399e-05
leave_one_model_size_out,1,N=0.070542B,B1:0.070542:49000,0.070542,102.76,2.9011,2.9009858459119116,-0.0001141540880884584
leave_one_model_size_out,1,N=0.070542B,B1:0.070542:50000,0.070542,104.858,2.8989,2.899072511964717,0.00017251196471734787
leave_one_model_size_out,1,N=0.070542B,B1:0.070542:51000,0.070542,106.955,2.8971,2.89720843536185,0.00010843536185012326
leave_one_model_size_out,1,N=0.070542B,B1:0.070542:52000,0.070542,109.052,2.8951,2.8953905583370965,0.0002905583370966802
leave_one_model_size_out,1,N=0.070542B,B1:0.070542:53000,0.070542,111.149,2.8933,2.893616879947001,0.00031687994700080324
leave_one_model_size_out,1,N=0.070542B,B1:0.070542:54000,0.070542,113.246,2.892,2.8918855216008503,-0.0001144783991495757
leave_one_model_size_out,1,N=0.070542B,B1:0.070542:55000,0.070542,115.343,2.8904,2.890194717476538,-0.00020528252346219134
leave_one_model_size_out,1,N=0.070542B,B1:0.070542:56000,0.070542,117.441,2.8885,2.888542027121128,4.202712112810758e-05
leave_one_model_size_out,1,N=0.070542B,B1:0.070542:57000,0.070542,119.538,2.8871,2.8869274599254307,-0.00017254007456957154
leave_one_model_size_out,1,N=0.070542B,B1:0.070542:58000,0.070542,121.635,2.8854,2.8853487426222513,-5.125737774891448e-05
leave_one_model_size_out,1,N=0.070542B,B1:0.070542:59000,0.070542,123.732,2.8836,2.883804481412942,0.00020448141294204802
leave_one_model_size_out,1,N=0.070542B,B1:0.070542:60000,0.070542,125.829,2.8823,2.8822933591505717,-6.640849428141138e-06
leave_one_model_size_out,1,N=0.070542B,B1:0.070542:61000,0.070542,127.926,2.8811,2.880814129929859,-0.0002858700701411365
leave_one_model_size_out,1,N=0.070542B,B1:0.070542:62000,0.070542,130.023,2.8793,2.879365614140524,6.561414052397296e-05
leave_one_model_size_out,1,N=0.070542B,B1:0.070542:63000,0.070542,132.121,2.8782,2.8779460241838577,-0.0002539758161423933
leave_one_model_size_out,1,N=0.070542B,B1:0.070542:64000,0.070542,134.218,2.876,2.876555652697354,0.0005556526973542475
leave_one_model_size_out,1,N=0.070542B,B1:0.070542:65000,0.070542,136.315,2.8753,2.8751928096594868,-0.00010719034051343002
leave_one_model_size_out,1,N=0.070542B,B1:0.070542:66000,0.070542,138.412,2.8738,2.873856538946008,5.6538946007655966e-05
leave_one_model_size_out,1,N=0.070542B,B1:0.070542:67000,0.070542,140.509,2.8724,2.8725459314905604,0.00014593149056052468
leave_one_model_size_out,1,N=0.070542B,B1:0.070542:68000,0.070542,142.606,2.8712,2.8712601223071137,6.012230711371913e-05
leave_one_model_size_out,1,N=0.070542B,B1:0.070542:69000,0.070542,144.703,2.8696,2.869998287741438,0.00039828774143790824
leave_one_model_size_out,1,N=0.070542B,B1:0.070542:70000,0.070542,146.801,2.8687,2.8687590576677446,5.905766774461085e-05
leave_one_model_size_out,1,N=0.070542B,B1:0.070542:71000,0.070542,148.898,2.8676,2.867542864719942,-5.713528005779622e-05
leave_one_model_size_out,1,N=0.070542B,B1:0.070542:72000,0.070542,150.995,2.8666,2.866348398616609,-0.00025160138339108684
leave_one_model_size_out,1,N=0.070542B,B1:0.070542:73000,0.070542,153.092,2.865,2.8651749774613324,0.00017497746133221526
leave_one_model_size_out,1,N=0.070542B,B1:0.070542:74000,0.070542,155.189,2.8638,2.864021949728282,0.00022194972828204484
leave_one_model_size_out,1,N=0.070542B,B1:0.070542:75000,0.070542,157.286,2.8628,2.862888692520772,8.869252077214895e-05
leave_one_model_size_out,1,N=0.070542B,B1:0.070542:76000,0.070542,159.384,2.8619,2.8617740831592955,-0.00012591684070439868
leave_one_model_size_out,1,N=0.070542B,B1:0.070542:77000,0.070542,161.481,2.8607,2.8606786135812303,-2.1386418769697713e-05
leave_one_model_size_out,1,N=0.070542B,B1:0.070542:78000,0.070542,163.578,2.8595,2.8596012017086694,0.00010120170866922962
leave_one_model_size_out,1,N=0.070542B,B1:0.070542:79000,0.070542,165.675,2.8586,2.8585413240449133,-5.867595508668444e-05
leave_one_model_size_out,1,N=0.070542B,B1:0.070542:80000,0.070542,167.772,2.8575,2.857498478652227,-1.5213477730924296e-06
leave_one_model_size_out,1,N=0.070542B,B1:0.070542:81000,0.070542,169.869,2.8566,2.8564721840076377,-0.0001278159923621125
leave_one_model_size_out,1,N=0.070542B,B1:0.070542:82000,0.070542,171.966,2.8553,2.855461977932743,0.00016197793274264072
leave_one_model_size_out,1,N=0.070542B,B1:0.070542:83000,0.070542,174.064,2.8544,2.8544669459772445,6.694597724443696e-05
leave_one_model_size_out,1,N=0.070542B,B1:0.070542:84000,0.070542,176.161,2.8534,2.8534876100970337,8.761009703350808e-05
leave_one_model_size_out,1,N=0.070542B,B1:0.070542:85000,0.070542,178.258,2.8522,2.85252308242032,0.00032308242032019763
leave_one_model_size_out,1,N=0.070542B,B1:0.070542:86000,0.070542,180.355,2.8516,2.8515729687453737,-2.7031254626219692e-05
leave_one_model_size_out,1,N=0.070542B,B1:0.070542:87000,0.070542,182.452,2.8506,2.8506368897929972,3.688979299720785e-05
leave_one_model_size_out,1,N=0.070542B,B1:0.070542:88000,0.070542,184.549,2.8497,2.849714480477807,1.4480477807055081e-05
leave_one_model_size_out,1,N=0.070542B,B1:0.070542:89000,0.070542,186.647,2.8487,2.8488049588256477,0.00010495882564764969
leave_one_model_size_out,1,N=0.070542B,B1:0.070542:90000,0.070542,188.744,2.8476,2.847908853028385,0.00030885302838523643
leave_one_model_size_out,1,N=0.070542B,B1:0.070542:91000,0.070542,190.841,2.8469,2.847025399968086,0.00012539996808591525
leave_one_model_size_out,1,N=0.070542B,B1:0.070542:92000,0.070542,192.938,2.8461,2.846154284876817,5.4284876817245475e-05
leave_one_model_size_out,1,N=0.070542B,B1:0.070542:93000,0.070542,195.035,2.8451,2.8452952041304176,0.00019520413041762552
leave_one_model_size_out,1,N=0.070542B,B1:0.070542:94000,0.070542,197.132,2.8444,2.844447864739181,4.786473918105827e-05
leave_one_model_size_out,1,N=0.070542B,B1:0.070542:95000,0.070542,199.229,2.8436,2.843611983866953,1.1983866953002575e-05
leave_one_model_size_out,1,N=0.070542B,B1:0.070542:96000,0.070542,201.327,2.8431,2.842786897728754,-0.00031310227124636825
leave_one_model_size_out,1,N=0.070542B,B1:0.070542:97000,0.070542,203.424,2.842,2.8419731288999768,-2.6871100023306838e-05
leave_one_model_size_out,1,N=0.070542B,B1:0.070542:98000,0.070542,205.521,2.8412,2.841170026462472,-2.997353752798304e-05
leave_one_model_size_out,1,N=0.070542B,B1:0.070542:99000,0.070542,207.618,2.8403,2.84037734389506,7.73438950600891e-05
leave_one_model_size_out,1,N=0.070542B,B1:0.070542:100000,0.070542,209.715,2.8392,2.8395948427910107,0.00039484279101076325
leave_one_model_size_out,1,N=0.070542B,B1:0.070542:101000,0.070542,211.812,2.8388,2.838822292512978,2.229251297780621e-05
leave_one_model_size_out,1,N=0.070542B,B1:0.070542:102000,0.070542,213.91,2.838,2.8380591083831828,5.910838318268219e-05
leave_one_model_size_out,1,N=0.070542B,B1:0.070542:103000,0.070542,216.007,2.8377,2.8373058017891446,-0.00039419821085528994
leave_one_model_size_out,1,N=0.070542B,B1:0.070542:104000,0.070542,218.104,2.8365,2.8365617974388875,6.179743888745648e-05
leave_one_model_size_out,1,N=0.070542B,B1:0.070542:105000,0.070542,220.201,2.8358,2.835826892667487,2.6892667487121713e-05
leave_one_model_size_out,1,N=0.070542B,B1:0.070542:106000,0.070542,222.298,2.8351,2.8351008911019973,8.911019970803125e-07
leave_one_model_size_out,1,N=0.070542B,B1:0.070542:107000,0.070542,224.395,2.8341,2.834383602408942,0.00028360240894231836
leave_one_model_size_out,1,N=0.070542B,B1:0.070542:108000,0.070542,226.492,2.8338,2.833674842054186,-0.00012515794581391404
leave_one_model_size_out,1,N=0.070542B,B1:0.070542:109000,0.070542,228.59,2.8331,2.8329740990322088,-0.00012590096779119264
leave_one_model_size_out,1,N=0.070542B,B1:0.070542:110000,0.070542,230.687,2.8324,2.8322818676759454,-0.00011813232405444296
leave_one_model_size_out,1,N=0.070542B,B1:0.070542:111000,0.070542,232.784,2.8314,2.831597643542319,0.00019764354231899262
leave_one_model_size_out,1,N=0.070542B,B1:0.070542:112000,0.070542,234.881,2.8311,2.830921263119253,-0.00017873688074709904
leave_one_model_size_out,1,N=0.070542B,B1:0.070542:113000,0.070542,236.978,2.83,2.8302525676556156,0.0002525676556155432
leave_one_model_size_out,1,N=0.070542B,B1:0.070542:114000,0.070542,239.075,2.8297,2.829591402981923,-0.00010859701807675037
leave_one_model_size_out,1,N=0.070542B,B1:0.070542:115000,0.070542,241.172,2.8293,2.8289376193392983,-0.0003623806607016
leave_one_model_size_out,1,N=0.070542B,B1:0.070542:116000,0.070542,243.27,2.8281,2.8282907645991004,0.00019076459910039034
leave_one_model_size_out,1,N=0.070542B,B1:0.070542:117000,0.070542,245.367,2.8275,2.8276513139255197,0.00015131392551959166
leave_one_model_size_out,1,N=0.070542B,B1:0.070542:118000,0.070542,247.464,2.827,2.8270188198096213,1.8819809621373196e-05
leave_one_model_size_out,1,N=0.070542B,B1:0.070542:119000,0.070542,249.561,2.8263,2.8263931485763685,9.314857636866236e-05
leave_one_model_size_out,1,N=0.070542B,B1:0.070542:120000,0.070542,251.658,2.8255,2.825774170215174,0.00027417021517406326
leave_one_model_size_out,1,N=0.070542B,B1:0.070542:121000,0.070542,253.755,2.8251,2.825161758249908,6.175824990783951e-05
leave_one_model_size_out,1,N=0.070542B,B1:0.070542:122000,0.070542,255.853,2.8243,2.824555502163108,0.00025550216310810114
leave_one_model_size_out,1,N=0.070542B,B1:0.070542:123000,0.070542,257.95,2.824,2.8239558600701784,-4.413992982144066e-05
leave_one_model_size_out,1,N=0.070542B,B1:0.070542:124000,0.070542,260.047,2.8232,2.82336242487962,0.0001624248796199268
leave_one_model_size_out,1,N=0.070542B,B1:0.070542:125000,0.070542,262.144,2.823,2.8227750830632203,-0.00022491693677961777
leave_one_model_size_out,1,N=0.070542B,B1:0.070542:126000,0.070542,264.241,2.822,2.8221937240563033,0.00019372405630324607
leave_one_model_size_out,1,N=0.070542B,B1:0.070542:127000,0.070542,266.338,2.8215,2.8216182401575756,0.00011824015757566642
leave_one_model_size_out,1,N=0.070542B,B1:0.070542:128000,0.070542,268.435,2.8212,2.8210485264331226,-0.00015147356687750246
leave_one_model_size_out,1,N=0.070542B,B1:0.070542:129000,0.070542,270.533,2.8202,2.820484212982969,0.00028421298296921194
leave_one_model_size_out,1,N=0.070542B,B1:0.070542:130000,0.070542,272.63,2.8199,2.8199257380502143,2.5738050214219044e-05
leave_one_model_size_out,1,N=0.070542B,B1:0.070542:131000,0.070542,274.727,2.8196,2.8193727341464063,-0.00022726585359356122
leave_one_model_size_out,1,N=0.070542B,B1:0.070542:132000,0.070542,276.824,2.8185,2.8188251065242156,0.00032510652421580133
leave_one_model_size_out,1,N=0.070542B,B1:0.070542:133000,0.070542,278.921,2.8183,2.8182827627790616,-1.7237220938159936e-05
leave_one_model_size_out,1,N=0.070542B,B1:0.070542:134000,0.070542,281.018,2.8178,2.817745612774091,-5.438722590911382e-05
leave_one_model_size_out,1,N=0.070542B,B1:0.070542:135000,0.070542,283.116,2.8173,2.8172133160555104,-8.668394448951844e-05
leave_one_model_size_out,1,N=0.070542B,B1:0.070542:136000,0.070542,285.213,2.8164,2.816686294207394,0.0002862942073940111
leave_one_model_size_out,1,N=0.070542B,B1:0.070542:137000,0.070542,287.31,2.8159,2.8161642085488787,0.00026420854887865275
leave_one_model_size_out,1,N=0.070542B,B1:0.070542:138000,0.070542,289.407,2.8157,2.815646977321554,-5.3022678446090765e-05
leave_one_model_size_out,1,N=0.070542B,B1:0.070542:139000,0.070542,291.504,2.8152,2.8151345207010987,-6.547929890121651e-05
leave_one_model_size_out,1,N=0.070542B,B1:0.070542:140000,0.070542,293.601,2.8146,2.8146267607380056,2.6760738005560114e-05
leave_one_model_size_out,1,N=0.070542B,B1:0.070542:141000,0.070542,295.698,2.8142,2.8141236213005327,-7.637869946730547e-05
leave_one_model_size_out,1,N=0.070542B,B1:0.070542:142000,0.070542,297.796,2.8135,2.813624791327601,0.0001247913276012369
leave_one_model_size_out,1,N=0.070542B,B1:0.070542:143000,0.070542,299.893,2.8131,2.8131306736608295,3.067366082953882e-05
leave_one_model_size_out,2,N=0.162405B,B1:0.162405:64,0.162405,0.134,4.5235,4.523349825112675,-0.0001501748873256048
leave_one_model_size_out,2,N=0.162405B,B1:0.162405:128,0.162405,0.268,4.1397,4.1394687841370335,-0.00023121586296692698
leave_one_model_size_out,2,N=0.162405B,B1:0.162405:256,0.162405,0.537,3.8226,3.822514113135788,-8.588686421218128e-05
leave_one_model_size_out,2,N=0.162405B,B1:0.162405:512,0.162405,1.074,3.5629,3.5622239588939713,-0.0006760411060287019
leave_one_model_size_out,2,N=0.162405B,B1:0.162405:1000,0.162405,2.097,3.3548,3.354592697575975,-0.0002073024240250021
leave_one_model_size_out,2,N=0.162405B,B1:0.162405:2000,0.162405,4.194,3.1771,3.1768194894350597,-0.0002805105649401618
leave_one_model_size_out,2,N=0.162405B,B1:0.162405:3000,0.162405,6.291,3.0883,3.0877405478775257,-0.0005594521224741023
leave_one_model_size_out,2,N=0.162405B,B1:0.162405:4000,0.162405,8.389,3.0304,3.0303733899803773,-2.6610019622896885e-05
leave_one_model_size_out,2,N=0.162405B,B1:0.162405:5000,0.162405,10.486,2.9888,2.9889725689159934,0.00017256891599348734
leave_one_model_size_out,2,N=0.162405B,B1:0.162405:6000,0.162405,12.583,2.9568,2.9570125680447052,0.0002125680447053746
leave_one_model_size_out,2,N=0.162405B,B1:0.162405:7000,0.162405,14.68,2.9311,2.9312340349658257,0.00013403496582586882
leave_one_model_size_out,2,N=0.162405B,B1:0.162405:8000,0.162405,16.777,2.9098,2.9097849637673283,-1.5036232671850058e-05
leave_one_model_size_out,2,N=0.162405B,B1:0.162405:9000,0.162405,18.874,2.8916,2.891519443100208,-8.055689979213909e-05
leave_one_model_size_out,2,N=0.162405B,B1:0.162405:10000,0.162405,20.972,2.8757,2.875675692583797,-2.4307416202962173e-05
leave_one_model_size_out,2,N=0.162405B,B1:0.162405:11000,0.162405,23.069,2.8619,2.8617472060067626,-0.00015279399323731013
leave_one_model_size_out,2,N=0.162405B,B1:0.162405:12000,0.162405,25.166,2.8494,2.849351769869192,-4.823013080823557e-05
leave_one_model_size_out,2,N=0.162405B,B1:0.162405:13000,0.162405,27.263,2.8385,2.838212508770224,-0.00028749122977567154
leave_one_model_size_out,2,N=0.162405B,B1:0.162405:14000,0.162405,29.36,2.8281,2.8281192262532766,1.92262532765497e-05
leave_one_model_size_out,2,N=0.162405B,B1:0.162405:15000,0.162405,31.457,2.8195,2.8189088787081835,-0.0005911212918165987
leave_one_model_size_out,2,N=0.162405B,B1:0.162405:16000,0.162405,33.554,2.8106,2.8104526531263483,-0.00014734687365169918
leave_one_model_size_out,2,N=0.162405B,B1:0.162405:17000,0.162405,35.652,2.8025,2.8026435705846997,0.0001435705846994928
leave_one_model_size_out,2,N=0.162405B,B1:0.162405:18000,0.162405,37.749,2.7952,2.795404889745883,0.00020488974588328546
leave_one_model_size_out,2,N=0.162405B,B1:0.162405:19000,0.162405,39.846,2.7888,2.7886634103229833,-0.00013658967701690727
leave_one_model_size_out,2,N=0.162405B,B1:0.162405:20000,0.162405,41.943,2.7823,2.782361387813159,6.138781315856434e-05
leave_one_model_size_out,2,N=0.162405B,B1:0.162405:21000,0.162405,44.04,2.7766,2.776450259286441,-0.00014974071355933205
leave_one_model_size_out,2,N=0.162405B,B1:0.162405:22000,0.162405,46.137,2.771,2.7708888262269777,-0.00011117377302216624
leave_one_model_size_out,2,N=0.162405B,B1:0.162405:23000,0.162405,48.234,2.7656,2.7656418614848675,4.186148486740038e-05
leave_one_model_size_out,2,N=0.162405B,B1:0.162405:24000,0.162405,50.332,2.7605,2.7606767243966197,0.00017672439661975403
leave_one_model_size_out,2,N=0.162405B,B1:0.162405:25000,0.162405,52.429,2.7557,2.755971840992847,0.00027184099284705
leave_one_model_size_out,2,N=0.162405B,B1:0.162405:26000,0.162405,54.526,2.7514,2.751501848292957,0.0001018482929571185
leave_one_model_size_out,2,N=0.162405B,B1:0.162405:27000,0.162405,56.623,2.7474,2.747246639550214,-0.00015336044978564445
leave_one_model_size_out,2,N=0.162405B,B1:0.162405:28000,0.162405,58.72,2.7432,2.743188494673762,-1.150532623794831e-05
leave_one_model_size_out,2,N=0.162405B,B1:0.162405:29000,0.162405,60.817,2.7391,2.7393117234462525,0.0002117234462524209
leave_one_model_size_out,2,N=0.162405B,B1:0.162405:30000,0.162405,62.915,2.7356,2.735600641339743,6.413397430904411e-07
leave_one_model_size_out,2,N=0.162405B,B1:0.162405:31000,0.162405,65.012,2.7321,2.73204632192658,-5.3678073419938244e-05
leave_one_model_size_out,2,N=0.162405B,B1:0.162405:32000,0.162405,67.109,2.7285,2.728635790376231,0.00013579037623090429
leave_one_model_size_out,2,N=0.162405B,B1:0.162405:33000,0.162405,69.206,2.7254,2.7253590019483425,-4.0998051657581414e-05
leave_one_model_size_out,2,N=0.162405B,B1:0.162405:34000,0.162405,71.303,2.7222,2.7222068914287325,6.8914287325583246e-06
leave_one_model_size_out,2,N=0.162405B,B1:0.162405:35000,0.162405,73.4,2.719,2.719171252079531,0.000171252079530948
leave_one_model_size_out,2,N=0.162405B,B1:0.162405:36000,0.162405,75.497,2.7163,2.716244632526857,-5.536747314272006e-05
leave_one_model_size_out,2,N=0.162405B,B1:0.162405:37000,0.162405,77.595,2.7135,2.7134189250231207,-8.107497687914744e-05
leave_one_model_size_out,2,N=0.162405B,B1:0.162405:38000,0.162405,79.692,2.7109,2.710690627937976,-0.00020937206202420455
leave_one_model_size_out,2,N=0.162405B,B1:0.162405:39000,0.162405,81.789,2.7082,2.7080527035211137,-0.00014729647888644948
leave_one_model_size_out,2,N=0.162405B,B1:0.162405:40000,0.162405,83.886,2.7053,2.705499953689798,0.00019995368979808248
leave_one_model_size_out,2,N=0.162405B,B1:0.162405:41000,0.162405,85.983,2.7029,2.7030275999169495,0.00012759991694943906
leave_one_model_size_out,2,N=0.162405B,B1:0.162405:42000,0.162405,88.08,2.7007,2.7006312401024584,-6.87598975415149e-05
leave_one_model_size_out,2,N=0.162405B,B1:0.162405:43000,0.162405,90.178,2.6984,2.6983057188809045,-9.428111909537407e-05
leave_one_model_size_out,2,N=0.162405B,B1:0.162405:44000,0.162405,92.275,2.6961,2.696049493683941,-5.050631605874045e-05
leave_one_model_size_out,2,N=0.162405B,B1:0.162405:45000,0.162405,94.372,2.6945,2.6938579574525434,-0.0006420425474567004
leave_one_model_size_out,2,N=0.162405B,B1:0.162405:46000,0.162405,96.469,2.6918,2.691727878644211,-7.212135578926748e-05
leave_one_model_size_out,2,N=0.162405B,B1:0.162405:47000,0.162405,98.566,2.6898,2.689656252981984,-0.00014374701801589396
leave_one_model_size_out,2,N=0.162405B,B1:0.162405:48000,0.162405,100.663,2.6878,2.687640283035732,-0.00015971696426797521
leave_one_model_size_out,2,N=0.162405B,B1:0.162405:49000,0.162405,102.76,2.6858,2.6856773600201236,-0.0001226399798763822
leave_one_model_size_out,2,N=0.162405B,B1:0.162405:50000,0.162405,104.858,2.6837,2.683764147305781,6.41473057809705e-05
leave_one_model_size_out,2,N=0.162405B,B1:0.162405:51000,0.162405,106.955,2.682,2.6819001892697907,-9.98107302092599e-05
leave_one_model_size_out,2,N=0.162405B,B1:0.162405:52000,0.162405,109.052,2.68,2.6800824283083178,8.242830831761694e-05
leave_one_model_size_out,2,N=0.162405B,B1:0.162405:53000,0.162405,111.149,2.6783,2.6783088635758645,8.8635758643818e-06
leave_one_model_size_out,2,N=0.162405B,B1:0.162405:54000,0.162405,113.246,2.6765,2.676577616574126,7.761657412608258e-05
leave_one_model_size_out,2,N=0.162405B,B1:0.162405:55000,0.162405,115.343,2.6749,2.6748869215682625,-1.3078431737589824e-05
leave_one_model_size_out,2,N=0.162405B,B1:0.162405:56000,0.162405,117.441,2.6736,2.6732343382383545,-0.0003656617616454305
leave_one_model_size_out,2,N=0.162405B,B1:0.162405:57000,0.162405,119.538,2.6713,2.671619875951283,0.0003198759512827998
leave_one_model_size_out,2,N=0.162405B,B1:0.162405:58000,0.162405,121.635,2.6702,2.67004126156532,-0.0001587384346799503
leave_one_model_size_out,2,N=0.162405B,B1:0.162405:59000,0.162405,123.732,2.6683,2.6684971013519263,0.00019710135192640976
leave_one_model_size_out,2,N=0.162405B,B1:0.162405:60000,0.162405,125.829,2.6669,2.666986078230703,8.607823070283516e-05
leave_one_model_size_out,2,N=0.162405B,B1:0.162405:61000,0.162405,127.926,2.6657,2.665506946359557,-0.00019305364044308604
leave_one_model_size_out,2,N=0.162405B,B1:0.162405:62000,0.162405,130.023,2.6641,2.6640585261882794,-4.14738117204827e-05
leave_one_model_size_out,2,N=0.162405B,B1:0.162405:63000,0.162405,132.121,2.6625,2.6626390302197143,0.00013903021971417573
leave_one_model_size_out,2,N=0.162405B,B1:0.162405:64000,0.162405,134.218,2.6611,2.6612487510561893,0.00014875105618950002
leave_one_model_size_out,2,N=0.162405B,B1:0.162405:65000,0.162405,136.315,2.66,2.6598859987732157,-0.00011400122678439928
leave_one_model_size_out,2,N=0.162405B,B1:0.162405:66000,0.162405,138.412,2.6584,2.65854981729598,0.00014981729598018134
leave_one_model_size_out,2,N=0.162405B,B1:0.162405:67000,0.162405,140.509,2.6573,2.657239297605298,-6.070239470234995e-05
leave_one_model_size_out,2,N=0.162405B,B1:0.162405:68000,0.162405,142.606,2.656,2.655953574760184,-4.642523981601698e-05
leave_one_model_size_out,2,N=0.162405B,B1:0.162405:69000,0.162405,144.703,2.6546,2.6546918251494525,9.182514945260678e-05
leave_one_model_size_out,2,N=0.162405B,B1:0.162405:70000,0.162405,146.801,2.6538,2.6534526787280295,-0.0003473212719704577
leave_one_model_size_out,2,N=0.162405B,B1:0.162405:71000,0.162405,148.898,2.6523,2.6522365680894713,-6.343191052859964e-05
leave_one_model_size_out,2,N=0.162405B,B1:0.162405:72000,0.162405,150.995,2.6507,2.6510421830302464,0.0003421830302463569
leave_one_model_size_out,2,N=0.162405B,B1:0.162405:73000,0.162405,153.092,2.6499,2.649868841690055,-3.1158309945045204e-05
leave_one_model_size_out,2,N=0.162405B,B1:0.162405:74000,0.162405,155.189,2.6486,2.648715892577684,0.00011589257768385153
leave_one_model_size_out,2,N=0.162405B,B1:0.162405:75000,0.162405,157.286,2.6477,2.647582712829646,-0.00011728717035408565
leave_one_model_size_out,2,N=0.162405B,B1:0.162405:76000,0.162405,159.384,2.6464,2.646468179834427,6.817983442708453e-05
leave_one_model_size_out,2,N=0.162405B,B1:0.162405:77000,0.162405,161.481,2.6454,2.645372785487206,-2.721451279397158e-05
leave_one_model_size_out,2,N=0.162405B,B1:0.162405:78000,0.162405,163.578,2.6444,2.644295447776124,-0.00010455222387628638
leave_one_model_size_out,2,N=0.162405B,B1:0.162405:79000,0.162405,165.675,2.6434,2.6432356432327224,-0.00016435676727777349
leave_one_model_size_out,2,N=0.162405B,B1:0.162405:80000,0.162405,167.772,2.642,2.6421928699464203,0.00019286994642042643
leave_one_model_size_out,2,N=0.162405B,B1:0.162405:81000,0.162405,169.869,2.6411,2.6411666464203725,6.664642037268464e-05
leave_one_model_size_out,2,N=0.162405B,B1:0.162405:82000,0.162405,171.966,2.6401,2.6401565105013214,5.651050132149393e-05
leave_one_model_size_out,2,N=0.162405B,B1:0.162405:83000,0.162405,174.064,2.6391,2.6391615477959722,6.15477959722277e-05
leave_one_model_size_out,2,N=0.162405B,B1:0.162405:84000,0.162405,176.161,2.6385,2.6381822802175394,-0.0003177197824606459
leave_one_model_size_out,2,N=0.162405B,B1:0.162405:85000,0.162405,178.258,2.6373,2.637217819949947,-8.218005005300455e-05
leave_one_model_size_out,2,N=0.162405B,B1:0.162405:86000,0.162405,180.355,2.6361,2.6362677728131474,0.00016777281314750425
leave_one_model_size_out,2,N=0.162405B,B1:0.162405:87000,0.162405,182.452,2.6355,2.635331759548857,-0.0001682404511429425
leave_one_model_size_out,2,N=0.162405B,B1:0.162405:88000,0.162405,184.549,2.6347,2.634409415091876,-0.00029058490812383653
leave_one_model_size_out,2,N=0.162405B,B1:0.162405:89000,0.162405,186.647,2.6337,2.63349995751789,-0.000200042482110252
leave_one_model_size_out,2,N=0.162405B,B1:0.162405:90000,0.162405,188.744,2.6324,2.6326039149765057,0.00020391497650562584
leave_one_model_size_out,2,N=0.162405B,B1:0.162405:91000,0.162405,190.841,2.6317,2.6317205243987085,2.052439870858791e-05
leave_one_model_size_out,2,N=0.162405B,B1:0.162405:92000,0.162405,192.938,2.6311,2.6308494710341424,-0.0002505289658576437
leave_one_model_size_out,2,N=0.162405B,B1:0.162405:93000,0.162405,195.035,2.6299,2.6299904512756394,9.045127563922506e-05
leave_one_model_size_out,2,N=0.162405B,B1:0.162405:94000,0.162405,197.132,2.6292,2.6291431721499317,-5.6827850068330577e-05
leave_one_model_size_out,2,N=0.162405B,B1:0.162405:95000,0.162405,199.229,2.6284,2.6283073508367707,-9.264916322937466e-05
leave_one_model_size_out,2,N=0.162405B,B1:0.162405:96000,0.162405,201.327,2.6274,2.6274823235944824,8.232359448223647e-05
leave_one_model_size_out,2,N=0.162405B,B1:0.162405:97000,0.162405,203.424,2.6267,2.6266686129572276,-3.138704277239057e-05
leave_one_model_size_out,2,N=0.162405B,B1:0.162405:98000,0.162405,205.521,2.6254,2.625865568049531,0.00046556804953112874
leave_one_model_size_out,2,N=0.162405B,B1:0.162405:99000,0.162405,207.618,2.6249,2.6250729423642025,0.0001729423642027328
leave_one_model_size_out,2,N=0.162405B,B1:0.162405:100000,0.162405,209.715,2.6243,2.6242904975080705,-9.502491929325174e-06
leave_one_model_size_out,2,N=0.162405B,B1:0.162405:101000,0.162405,211.812,2.6234,2.623518002856934,0.00011800285693386314
leave_one_model_size_out,2,N=0.162405B,B1:0.162405:102000,0.162405,213.91,2.623,2.6227548737718562,-0.0002451262281439881
leave_one_model_size_out,2,N=0.162405B,B1:0.162405:103000,0.162405,216.007,2.6218,2.622001621600255,0.00020162160025494202
leave_one_model_size_out,2,N=0.162405B,B1:0.162405:104000,0.162405,218.104,2.6212,2.621257671088535,5.767108853493852e-05
leave_one_model_size_out,2,N=0.162405B,B1:0.162405:105000,0.162405,220.201,2.6206,2.620522819583421,-7.718041657911456e-05
leave_one_model_size_out,2,N=0.162405B,B1:0.162405:106000,0.162405,222.298,2.62,2.6197968707232766,-0.00020312927672350156
leave_one_model_size_out,2,N=0.162405B,B1:0.162405:107000,0.162405,224.395,2.6189,2.619079634185609,0.00017963418560906774
leave_one_model_size_out,2,N=0.162405B,B1:0.162405:108000,0.162405,226.492,2.6186,2.6183709254469543,-0.00022907455304554958
leave_one_model_size_out,2,N=0.162405B,B1:0.162405:109000,0.162405,228.59,2.6177,2.6176702335363977,-2.9766463602420856e-05
leave_one_model_size_out,2,N=0.162405B,B1:0.162405:110000,0.162405,230.687,2.6169,2.616978052748234,7.805274823402542e-05
leave_one_model_size_out,2,N=0.162405B,B1:0.162405:111000,0.162405,232.784,2.6164,2.6162938786736705,-0.00010612132632958904
leave_one_model_size_out,2,N=0.162405B,B1:0.162405:112000,0.162405,234.881,2.6157,2.61561754781016,-8.245218983971014e-05
leave_one_model_size_out,2,N=0.162405B,B1:0.162405:113000,0.162405,236.978,2.6149,2.6149489014158394,4.8901415839353035e-05
leave_one_model_size_out,2,N=0.162405B,B1:0.162405:114000,0.162405,239.075,2.6143,2.614287785330242,-1.2214669757870666e-05
leave_one_model_size_out,2,N=0.162405B,B1:0.162405:115000,0.162405,241.172,2.6136,2.6136340498032684,3.404980326848772e-05
leave_one_model_size_out,2,N=0.162405B,B1:0.162405:116000,0.162405,243.27,2.613,2.6129872427374337,-1.2757262566331917e-05
leave_one_model_size_out,2,N=0.162405B,B1:0.162405:117000,0.162405,245.367,2.6125,2.6123478392598014,-0.00015216074019841486
leave_one_model_size_out,2,N=0.162405B,B1:0.162405:118000,0.162405,247.464,2.612,2.6117153918923712,-0.0002846081076288698
leave_one_model_size_out,2,N=0.162405B,B1:0.162405:119000,0.162405,249.561,2.6109,2.6110897669679956,0.0001897669679955527
leave_one_model_size_out,2,N=0.162405B,B1:0.162405:120000,0.162405,251.658,2.6108,2.6104708344837757,-0.00032916551622408363
leave_one_model_size_out,2,N=0.162405B,B1:0.162405:121000,0.162405,253.755,2.6096,2.609858467971072,0.0002584679710722071
leave_one_model_size_out,2,N=0.162405B,B1:0.162405:122000,0.162405,255.853,2.6092,2.6092522569411023,5.2256941102335475e-05
leave_one_model_size_out,2,N=0.162405B,B1:0.162405:123000,0.162405,257.95,2.6088,2.608652659473439,-0.00014734052656084629
leave_one_model_size_out,2,N=0.162405B,B1:0.162405:124000,0.162405,260.047,2.6081,2.6080592685051,-4.073149490002592e-05
leave_one_model_size_out,2,N=0.162405B,B1:0.162405:125000,0.162405,262.144,2.6074,2.607471970514643,7.197051464302717e-05
leave_one_model_size_out,2,N=0.162405B,B1:0.162405:126000,0.162405,264.241,2.6069,2.6068906549439954,-9.345056004583796e-06
leave_one_model_size_out,2,N=0.162405B,B1:0.162405:127000,0.162405,266.338,2.6063,2.606315214098308,1.5214098307847479e-05
leave_one_model_size_out,2,N=0.162405B,B1:0.162405:128000,0.162405,268.435,2.6057,2.6057455430499536,4.554304995352254e-05
leave_one_model_size_out,2,N=0.162405B,B1:0.162405:129000,0.162405,270.533,2.6053,2.6051812719251823,-0.00011872807481783099
leave_one_model_size_out,2,N=0.162405B,B1:0.162405:130000,0.162405,272.63,2.6047,2.6046228389327384,-7.716106726141092e-05
leave_one_model_size_out,2,N=0.162405B,B1:0.162405:131000,0.162405,274.727,2.604,2.604069876610283,6.987661028290404e-05
leave_one_model_size_out,2,N=0.162405B,B1:0.162405:132000,0.162405,276.824,2.6037,2.6035222902162003,-0.00017770978379960667
leave_one_model_size_out,2,N=0.162405B,B1:0.162405:133000,0.162405,278.921,2.603,2.6029799873514916,-2.0012648508593855e-05
leave_one_model_size_out,2,N=0.162405B,B1:0.162405:134000,0.162405,281.018,2.6026,2.602442877884755,-0.0001571221152447677
leave_one_model_size_out,2,N=0.162405B,B1:0.162405:135000,0.162405,283.116,2.602,2.601910621386616,-8.937861338376152e-05
leave_one_model_size_out,2,N=0.162405B,B1:0.162405:136000,0.162405,285.213,2.6013,2.6013836394080165,8.363940801636716e-05
leave_one_model_size_out,2,N=0.162405B,B1:0.162405:137000,0.162405,287.31,2.6008,2.6008615932924335,6.159329243349276e-05
leave_one_model_size_out,2,N=0.162405B,B1:0.162405:138000,0.162405,289.407,2.6005,2.600344401286431,-0.0001555987135688497
leave_one_model_size_out,2,N=0.162405B,B1:0.162405:139000,0.162405,291.504,2.5999,2.599831983570553,-6.801642944687103e-05
leave_one_model_size_out,2,N=0.162405B,B1:0.162405:140000,0.162405,293.601,2.5993,2.5993242622000494,2.4262200049474103e-05
leave_one_model_size_out,2,N=0.162405B,B1:0.162405:141000,0.162405,295.698,2.5989,2.598821161047832,-7.883895216798109e-05
leave_one_model_size_out,2,N=0.162405B,B1:0.162405:142000,0.162405,297.796,2.5985,2.598322369075414,-0.0001776309245862251
leave_one_model_size_out,2,N=0.162405B,B1:0.162405:143000,0.162405,299.893,2.5978,2.5978282890926443,2.828909264440682e-05
leave_one_model_size_out,3,N=0.409009B,B1:0.409009:64,0.409009,0.134,4.3461,4.346422953102995,0.0003229531029953492
leave_one_model_size_out,3,N=0.409009B,B1:0.409009:128,0.409009,0.268,3.9625,3.9625312429060378,3.1242906037842744e-05
leave_one_model_size_out,3,N=0.409009B,B1:0.409009:256,0.409009,0.537,3.6458,3.6455685491086465,-0.00023145089135345742
leave_one_model_size_out,3,N=0.409009B,B1:0.409009:512,0.409009,1.074,3.3856,3.3852724522385227,-0.0003275477614774758
leave_one_model_size_out,3,N=0.409009B,B1:0.409009:1000,0.409009,2.097,3.1777,3.1776369566506624,-6.30433493378213e-05
leave_one_model_size_out,3,N=0.409009B,B1:0.409009:2000,0.409009,4.194,2.9999,2.9998605555051205,-3.944449487924828e-05
leave_one_model_size_out,3,N=0.409009B,B1:0.409009:3000,0.409009,6.291,2.9109,2.9107801912506903,-0.00011980874930950236
leave_one_model_size_out,3,N=0.409009B,B1:0.409009:4000,0.409009,8.389,2.8533,2.8534121886052755,0.00011218860527550945
leave_one_model_size_out,3,N=0.409009B,B1:0.409009:5000,0.409009,10.486,2.8125,2.8120107958223284,-0.0004892041776716205
leave_one_model_size_out,3,N=0.409009B,B1:0.409009:6000,0.409009,12.583,2.7799,2.780050376807345,0.00015037680734497627
leave_one_model_size_out,3,N=0.409009B,B1:0.409009:7000,0.409009,14.68,2.754,2.754271521981027,0.00027152198102697866
leave_one_model_size_out,3,N=0.409009B,B1:0.409009:8000,0.409009,16.777,2.733,2.7328221941106214,-0.00017780588937865716
leave_one_model_size_out,3,N=0.409009B,B1:0.409009:9000,0.409009,18.874,2.7147,2.7145564630778507,-0.00014353692214941205
leave_one_model_size_out,3,N=0.409009B,B1:0.409009:10000,0.409009,20.972,2.6988,2.6987125364111684,-8.746358883149341e-05
leave_one_model_size_out,3,N=0.409009B,B1:0.409009:11000,0.409009,23.069,2.6849,2.684783899976543,-0.00011610002345685544
leave_one_model_size_out,3,N=0.409009B,B1:0.409009:12000,0.409009,25.166,2.6724,2.6723883345160697,-1.1665483930389797e-05
leave_one_model_size_out,3,N=0.409009B,B1:0.409009:13000,0.409009,27.263,2.6611,2.661248960526784,0.00014896052678414762
leave_one_model_size_out,3,N=0.409009B,B1:0.409009:14000,0.409009,29.36,2.6512,2.6511555785013785,-4.442149862127209e-05
leave_one_model_size_out,3,N=0.409009B,B1:0.409009:15000,0.409009,31.457,2.6418,2.6419451425086873,0.000145142508687357
leave_one_model_size_out,3,N=0.409009B,B1:0.409009:16000,0.409009,33.554,2.6336,2.633488837739625,-0.0001111622603748863
leave_one_model_size_out,3,N=0.409009B,B1:0.409009:17000,0.409009,35.652,2.6256,2.625679683818387,7.968381838718841e-05
leave_one_model_size_out,3,N=0.409009B,B1:0.409009:18000,0.409009,37.749,2.6183,2.6184409383381535,0.00014093833815342904
leave_one_model_size_out,3,N=0.409009B,B1:0.409009:19000,0.409009,39.846,2.6116,2.611699400054112,9.940005411168684e-05
leave_one_model_size_out,3,N=0.409009B,B1:0.409009:20000,0.409009,41.943,2.6055,2.6053973237069457,-0.00010267629305449333
leave_one_model_size_out,3,N=0.409009B,B1:0.409009:21000,0.409009,44.04,2.5994,2.59948614573968,8.614573967991035e-05
leave_one_model_size_out,3,N=0.409009B,B1:0.409009:22000,0.409009,46.137,2.5938,2.5939246671119403,0.0001246671119403686
leave_one_model_size_out,3,N=0.409009B,B1:0.409009:23000,0.409009,48.234,2.5887,2.5886776602313493,-2.2339768650514458e-05
leave_one_model_size_out,3,N=0.409009B,B1:0.409009:24000,0.409009,50.332,2.5837,2.5837124840403445,1.2484040344595826e-05
leave_one_model_size_out,3,N=0.409009B,B1:0.409009:25000,0.409009,52.429,2.5789,2.579007564284777,0.00010756428477698421
leave_one_model_size_out,3,N=0.409009B,B1:0.409009:26000,0.409009,54.526,2.5745,2.5745375376874353,3.7537687435307276e-05
leave_one_model_size_out,3,N=0.409009B,B1:0.409009:27000,0.409009,56.623,2.5703,2.570282297261339,-1.7702738661196094e-05
leave_one_model_size_out,3,N=0.409009B,B1:0.409009:28000,0.409009,58.72,2.566,2.5662241227063434,0.00022412270634353249
leave_one_model_size_out,3,N=0.409009B,B1:0.409009:29000,0.409009,60.817,2.5621,2.5623473236218737,0.00024732362187362966
leave_one_model_size_out,3,N=0.409009B,B1:0.409009:30000,0.409009,62.915,2.5585,2.5586362153067035,0.00013621530670349102
leave_one_model_size_out,3,N=0.409009B,B1:0.409009:31000,0.409009,65.012,2.555,2.5550818712157435,8.187121574332323e-05
leave_one_model_size_out,3,N=0.409009B,B1:0.409009:32000,0.409009,67.109,2.5517,2.55167131637932,-2.8683620679981203e-05
leave_one_model_size_out,3,N=0.409009B,B1:0.409009:33000,0.409009,69.206,2.5486,2.548394505944665,-0.00020549405533509812
leave_one_model_size_out,3,N=0.409009B,B1:0.409009:34000,0.409009,71.303,2.5454,2.545242374597158,-0.00015762540284169901
leave_one_model_size_out,3,N=0.409009B,B1:0.409009:35000,0.409009,73.4,2.5422,2.542206715508894,6.715508894306055e-06
leave_one_model_size_out,3,N=0.409009B,B1:0.409009:36000,0.409009,75.497,2.5393,2.539280077225028,-1.9922774971981028e-05
leave_one_model_size_out,3,N=0.409009B,B1:0.409009:37000,0.409009,77.595,2.5363,2.536454351916673,0.00015435191667290127
leave_one_model_size_out,3,N=0.409009B,B1:0.409009:38000,0.409009,79.692,2.5337,2.5337260379043904,2.6037904390374678e-05
leave_one_model_size_out,3,N=0.409009B,B1:0.409009:39000,0.409009,81.789,2.531,2.531088097369283,8.809736928272471e-05
leave_one_model_size_out,3,N=0.409009B,B1:0.409009:40000,0.409009,83.886,2.5286,2.528535332174176,-6.466782582403852e-05
leave_one_model_size_out,3,N=0.409009B,B1:0.409009:41000,0.409009,85.983,2.5259,2.526062963742382,0.00016296374238189415
leave_one_model_size_out,3,N=0.409009B,B1:0.409009:42000,0.409009,88.08,2.5237,2.523666589928487,-3.3410071512918194e-05
leave_one_model_size_out,3,N=0.409009B,B1:0.409009:43000,0.409009,90.178,2.5215,2.5213410553193656,-0.0001589446806344874
leave_one_model_size_out,3,N=0.409009B,B1:0.409009:44000,0.409009,92.275,2.5191,2.5190848173213904,-1.5182678609448885e-05
leave_one_model_size_out,3,N=0.409009B,B1:0.409009:45000,0.409009,94.372,2.5169,2.5168932688340684,-6.7311659317503825e-06
leave_one_model_size_out,3,N=0.409009B,B1:0.409009:46000,0.409009,96.469,2.5148,2.5147631782827307,-3.682171726948624e-05
leave_one_model_size_out,3,N=0.409009B,B1:0.409009:47000,0.409009,98.566,2.5126,2.5126915413607493,9.154136074940311e-05
leave_one_model_size_out,3,N=0.409009B,B1:0.409009:48000,0.409009,100.663,2.5107,2.5106755606105864,-2.4439389413544177e-05
leave_one_model_size_out,3,N=0.409009B,B1:0.409009:49000,0.409009,102.76,2.5087,2.50871262722155,1.2627221549710299e-05
leave_one_model_size_out,3,N=0.409009B,B1:0.409009:50000,0.409009,104.858,2.5068,2.5067994045360997,-5.954639004102091e-07
leave_one_model_size_out,3,N=0.409009B,B1:0.409009:51000,0.409009,106.955,2.5048,2.504935436919005,0.00013543691900519406
leave_one_model_size_out,3,N=0.409009B,B1:0.409009:52000,0.409009,109.052,2.5031,2.503117666741307,1.7666741307209577e-05
leave_one_model_size_out,3,N=0.409009B,B1:0.409009:53000,0.409009,111.149,2.5014,2.5013440931386364,-5.5906861363475e-05
leave_one_model_size_out,3,N=0.409009B,B1:0.409009:54000,0.409009,113.246,2.4998,2.4996128375950986,-0.00018716240490146419
leave_one_model_size_out,3,N=0.409009B,B1:0.409009:55000,0.409009,115.343,2.498,2.497922134359441,-7.786564055933809e-05
leave_one_model_size_out,3,N=0.409009B,B1:0.409009:56000,0.409009,117.441,2.4965,2.496269543092693,-0.00023045690730727486
leave_one_model_size_out,3,N=0.409009B,B1:0.409009:57000,0.409009,119.538,2.4946,2.49465507315495,5.5073154949791814e-05
leave_one_model_size_out,3,N=0.409009B,B1:0.409009:58000,0.409009,121.635,2.4932,2.4930764513871964,-0.0001235486128035035
leave_one_model_size_out,3,N=0.409009B,B1:0.409009:59000,0.409009,123.732,2.4916,2.4915322840482967,-6.771595170329547e-05
leave_one_model_size_out,3,N=0.409009B,B1:0.409009:60000,0.409009,125.829,2.4903,2.490021254046029,-0.0002787459539708159
leave_one_model_size_out,3,N=0.409009B,B1:0.409009:61000,0.409009,127.926,2.4884,2.488542115527195,0.00014211552719523013
leave_one_model_size_out,3,N=0.409009B,B1:0.409009:62000,0.409009,130.023,2.487,2.4870936889311377,9.368893113759214e-05
leave_one_model_size_out,3,N=0.409009B,B1:0.409009:63000,0.409009,132.121,2.4856,2.4856741867479553,7.418674795545144e-05
leave_one_model_size_out,3,N=0.409009B,B1:0.409009:64000,0.409009,134.218,2.484,2.484283901576631,0.00028390157663116256
leave_one_model_size_out,3,N=0.409009B,B1:0.409009:65000,0.409009,136.315,2.4829,2.482921143480926,2.1143480926077984e-05
leave_one_model_size_out,3,N=0.409009B,B1:0.409009:66000,0.409009,138.412,2.4815,2.481584956377778,8.495637777805598e-05
leave_one_model_size_out,3,N=0.409009B,B1:0.409009:67000,0.409009,140.509,2.4803,2.4802744312402116,-2.556875978854123e-05
leave_one_model_size_out,3,N=0.409009B,B1:0.409009:68000,0.409009,142.606,2.479,2.4789887031198736,-1.129688012646568e-05
leave_one_model_size_out,3,N=0.409009B,B1:0.409009:69000,0.409009,144.703,2.478,2.477726948398607,-0.00027305160139334816
leave_one_model_size_out,3,N=0.409009B,B1:0.409009:70000,0.409009,146.801,2.4766,2.476487797022411,-0.00011220297758907094
leave_one_model_size_out,3,N=0.409009B,B1:0.409009:71000,0.409009,148.898,2.4752,2.4752716815833065,7.168158330639329e-05
leave_one_model_size_out,3,N=0.409009B,B1:0.409009:72000,0.409009,150.995,2.474,2.47407729186943,7.729186942961874e-05
leave_one_model_size_out,3,N=0.409009B,B1:0.409009:73000,0.409009,153.092,2.473,2.47290394601485,-9.605398514977992e-05
leave_one_model_size_out,3,N=0.409009B,B1:0.409009:74000,0.409009,155.189,2.4716,2.4717509925230057,0.00015099252300565524
leave_one_model_size_out,3,N=0.409009B,B1:0.409009:75000,0.409009,157.286,2.4708,2.4706178085253274,-0.00018219147467268826
leave_one_model_size_out,3,N=0.409009B,B1:0.409009:76000,0.409009,159.384,2.4696,2.46950327140353,-9.672859646991938e-05
leave_one_model_size_out,3,N=0.409009B,B1:0.409009:77000,0.409009,161.481,2.4683,2.4684078730521253,0.00010787305212511811
leave_one_model_size_out,3,N=0.409009B,B1:0.409009:78000,0.409009,163.578,2.4671,2.467330531452878,0.00023053145287832422
leave_one_model_size_out,3,N=0.409009B,B1:0.409009:79000,0.409009,165.675,2.4664,2.466270723133159,-0.00012927686684127693
leave_one_model_size_out,3,N=0.409009B,B1:0.409009:80000,0.409009,167.772,2.4652,2.4652279461784086,2.7946178408733147e-05
leave_one_model_size_out,3,N=0.409009B,B1:0.409009:81000,0.409009,169.869,2.4644,2.464201719087988,-0.00019828091201201659
leave_one_model_size_out,3,N=0.409009B,B1:0.409009:82000,0.409009,171.966,2.463,2.4631915797050183,0.00019157970501826327
leave_one_model_size_out,3,N=0.409009B,B1:0.409009:83000,0.409009,174.064,2.4621,2.462196613631166,9.661363116597599e-05
leave_one_model_size_out,3,N=0.409009B,B1:0.409009:84000,0.409009,176.161,2.4612,2.461217342779551,1.7342779551121623e-05
leave_one_model_size_out,3,N=0.409009B,B1:0.409009:85000,0.409009,178.258,2.4603,2.460252879329311,-4.7120670689349e-05
leave_one_model_size_out,3,N=0.409009B,B1:0.409009:86000,0.409009,180.355,2.4592,2.4593028290973784,0.0001028290973783541
leave_one_model_size_out,3,N=0.409009B,B1:0.409009:87000,0.409009,182.452,2.4584,2.4583668128225815,-3.3187177418625424e-05
leave_one_model_size_out,3,N=0.409009B,B1:0.409009:88000,0.409009,184.549,2.4573,2.457444465436953,0.00014446543695312286
leave_one_model_size_out,3,N=0.409009B,B1:0.409009:89000,0.409009,186.647,2.4565,2.4565350050121886,3.5005012188449314e-05
leave_one_model_size_out,3,N=0.409009B,B1:0.409009:90000,0.409009,188.744,2.4557,2.4556389596980734,-6.104030192677357e-05
leave_one_model_size_out,3,N=0.409009B,B1:0.409009:91000,0.409009,190.841,2.4548,2.454755566421782,-4.4433578218150416e-05
leave_one_model_size_out,3,N=0.409009B,B1:0.409009:92000,0.409009,192.938,2.454,2.4538845104306226,-0.00011548956937756927
leave_one_model_size_out,3,N=0.409009B,B1:0.409009:93000,0.409009,195.035,2.4529,2.4530254881151894,0.00012548811518930947
leave_one_model_size_out,3,N=0.409009B,B1:0.409009:94000,0.409009,197.132,2.452,2.452178206500064,0.00017820650006417083
leave_one_model_size_out,3,N=0.409009B,B1:0.409009:95000,0.409009,199.229,2.4515,2.4513423827629337,-0.00015761723706608777
leave_one_model_size_out,3,N=0.409009B,B1:0.409009:96000,0.409009,201.327,2.4506,2.4505173531590296,-8.264684097047947e-05
leave_one_model_size_out,3,N=0.409009B,B1:0.409009:97000,0.409009,203.424,2.4496,2.4497036402228582,0.00010364022285802577
leave_one_model_size_out,3,N=0.409009B,B1:0.409009:98000,0.409009,205.521,2.4491,2.448900593075971,-0.00019940692402897753
leave_one_model_size_out,3,N=0.409009B,B1:0.409009:99000,0.409009,207.618,2.4481,2.448107965209415,7.965209414706464e-06
leave_one_model_size_out,3,N=0.409009B,B1:0.409009:100000,0.409009,209.715,2.4475,2.447325518228323,-0.00017448177167667112
leave_one_model_size_out,3,N=0.409009B,B1:0.409009:101000,0.409009,211.812,2.4466,2.4465530215068627,-4.6978493137395105e-05
leave_one_model_size_out,3,N=0.409009B,B1:0.409009:102000,0.409009,213.91,2.446,2.4457898904035753,-0.00021010959642486782
leave_one_model_size_out,3,N=0.409009B,B1:0.409009:103000,0.409009,216.007,2.4452,2.445036636266288,-0.00016336373371172996
leave_one_model_size_out,3,N=0.409009B,B1:0.409009:104000,0.409009,218.104,2.4443,2.4442926838389747,-7.316161025450185e-06
leave_one_model_size_out,3,N=0.409009B,B1:0.409009:105000,0.409009,220.201,2.4437,2.4435578304669523,-0.00014216953304790891
leave_one_model_size_out,3,N=0.409009B,B1:0.409009:106000,0.409009,222.298,2.4429,2.4428318797872306,-6.812021276925151e-05
leave_one_model_size_out,3,N=0.409009B,B1:0.409009:107000,0.409009,224.395,2.4423,2.4421146414760093,-0.0001853585239905975
leave_one_model_size_out,3,N=0.409009B,B1:0.409009:108000,0.409009,226.492,2.4413,2.4414059310085636,0.00010593100856359783
leave_one_model_size_out,3,N=0.409009B,B1:0.409009:109000,0.409009,228.59,2.4408,2.440705237411968,-9.476258803164939e-05
leave_one_model_size_out,3,N=0.409009B,B1:0.409009:110000,0.409009,230.687,2.4401,2.44001305498095,-8.694501905015528e-05
leave_one_model_size_out,3,N=0.409009B,B1:0.409009:111000,0.409009,232.784,2.4391,2.439328879304768,0.00022887930476800378
leave_one_model_size_out,3,N=0.409009B,B1:0.409009:112000,0.409009,234.881,2.4385,2.4386525468797786,0.0001525468797787255
leave_one_model_size_out,3,N=0.409009B,B1:0.409009:113000,0.409009,236.978,2.4377,2.4379838989630604,0.00028389896306046936
leave_one_model_size_out,3,N=0.409009B,B1:0.409009:114000,0.409009,239.075,2.4373,2.437322781393124,2.2781393123949556e-05
leave_one_model_size_out,3,N=0.409009B,B1:0.409009:115000,0.409009,241.172,2.4368,2.4366690444188794,-0.00013095558112041772
leave_one_model_size_out,3,N=0.409009B,B1:0.409009:116000,0.409009,243.27,2.4362,2.4360222359412216,-0.00017776405877834023
leave_one_model_size_out,3,N=0.409009B,B1:0.409009:117000,0.409009,245.367,2.4354,2.4353828310876344,-1.716891236558382e-05
leave_one_model_size_out,3,N=0.409009B,B1:0.409009:118000,0.409009,247.464,2.4349,2.4347503823785397,-0.0001496176214601519
leave_one_model_size_out,3,N=0.409009B,B1:0.409009:119000,0.409009,249.561,2.434,2.4341247561459247,0.00012475614592455386
leave_one_model_size_out,3,N=0.409009B,B1:0.409009:120000,0.409009,251.658,2.4333,2.4335058223860506,0.00020582238605060255
leave_one_model_size_out,3,N=0.409009B,B1:0.409009:121000,0.409009,253.755,2.4329,2.4328934546294665,-6.545370533572736e-06
leave_one_model_size_out,3,N=0.409009B,B1:0.409009:122000,0.409009,255.853,2.4323,2.432287242386032,-1.2757613968350512e-05
leave_one_model_size_out,3,N=0.409009B,B1:0.409009:123000,0.409009,257.95,2.4317,2.4316876437357138,-1.2356264286417229e-05
leave_one_model_size_out,3,N=0.409009B,B1:0.409009:124000,0.409009,260.047,2.4309,2.431094251614206,0.0001942516142059425
leave_one_model_size_out,3,N=0.409009B,B1:0.409009:125000,0.409009,262.144,2.4305,2.430506952499351,6.952499350898478e-06
leave_one_model_size_out,3,N=0.409009B,B1:0.409009:126000,0.409009,264.241,2.4298,2.4299256358323817,0.0001256358323815654
leave_one_model_size_out,3,N=0.409009B,B1:0.409009:127000,0.409009,266.338,2.4294,2.429350193917776,-4.980608222382443e-05
leave_one_model_size_out,3,N=0.409009B,B1:0.409009:128000,0.409009,268.435,2.4288,2.428780521827256,-1.9478172744058497e-05
leave_one_model_size_out,3,N=0.409009B,B1:0.409009:129000,0.409009,270.533,2.4281,2.4282162496859576,0.0001162496859574702
leave_one_model_size_out,3,N=0.409009B,B1:0.409009:130000,0.409009,272.63,2.4276,2.4276578157029816,5.7815702981578454e-05
leave_one_model_size_out,3,N=0.409009B,B1:0.409009:131000,0.409009,274.727,2.427,2.427104852414902,0.00010485241490210129
leave_one_model_size_out,3,N=0.409009B,B1:0.409009:132000,0.409009,276.824,2.4266,2.4265572650795244,-4.273492047568439e-05
leave_one_model_size_out,3,N=0.409009B,B1:0.409009:133000,0.409009,278.921,2.4261,2.426014961297288,-8.503870271203695e-05
leave_one_model_size_out,3,N=0.409009B,B1:0.409009:134000,0.409009,281.018,2.4254,2.4254778509362453,7.785093624557149e-05
leave_one_model_size_out,3,N=0.409009B,B1:0.409009:135000,0.409009,283.116,2.425,2.424945593566082,-5.440643391763089e-05
leave_one_model_size_out,3,N=0.409009B,B1:0.409009:136000,0.409009,285.213,2.4244,2.4244186107380563,1.861073805642377e-05
leave_one_model_size_out,3,N=0.409009B,B1:0.409009:137000,0.409009,287.31,2.4238,2.423896563794724,9.656379472389176e-05
leave_one_model_size_out,3,N=0.409009B,B1:0.409009:138000,0.409009,289.407,2.4234,2.423379370982162,-2.0629017837947572e-05
leave_one_model_size_out,3,N=0.409009B,B1:0.409009:139000,0.409009,291.504,2.4228,2.422866952480443,6.695248044286117e-05
leave_one_model_size_out,3,N=0.409009B,B1:0.409009:140000,0.409009,293.601,2.4223,2.422359230344357,5.923034435717511e-05
leave_one_model_size_out,3,N=0.409009B,B1:0.409009:141000,0.409009,295.698,2.4217,2.4218561284463687,0.00015612844636869738
leave_one_model_size_out,3,N=0.409009B,B1:0.409009:142000,0.409009,297.796,2.4216,2.4213573357472153,-0.00024266425278485215
leave_one_model_size_out,3,N=0.409009B,B1:0.409009:143000,0.409009,299.893,2.4209,2.4208632550570157,-3.674494298433473e-05
leave_one_model_size_out,4,N=1.040867B,B1:1.040867:64,1.040867,0.134,4.2153,4.215987919558625,0.0006879195586249054
leave_one_model_size_out,4,N=1.040867B,B1:1.040867:128,1.040867,0.268,3.8315,3.8320692454259593,0.0005692454259591528
leave_one_model_size_out,4,N=1.040867B,B1:1.040867:256,1.040867,0.537,3.5146,3.5150871364556746,0.00048713645567444175
leave_one_model_size_out,4,N=1.040867B,B1:1.040867:512,1.040867,1.074,3.2545,3.254777434493803,0.0002774344938027973
leave_one_model_size_out,4,N=1.040867B,B1:1.040867:1000,1.040867,2.097,3.0476,3.0471329191615526,-0.0004670808384474867
leave_one_model_size_out,4,N=1.040867B,B1:1.040867:2000,1.040867,4.194,2.8697,2.8693503611509796,-0.00034963884902028397
leave_one_model_size_out,4,N=1.040867B,B1:1.040867:3000,1.040867,6.291,2.7802,2.780267553746306,6.75537463061815e-05
leave_one_model_size_out,4,N=1.040867B,B1:1.040867:4000,1.040867,8.389,2.723,2.7228982365417114,-0.0001017634582884952
leave_one_model_size_out,4,N=1.040867B,B1:1.040867:5000,1.040867,10.486,2.6816,2.68149603239291,-0.00010396760709019404
leave_one_model_size_out,4,N=1.040867B,B1:1.040867:6000,1.040867,12.583,2.6501,2.649535071060265,-0.0005649289397351431
leave_one_model_size_out,4,N=1.040867B,B1:1.040867:7000,1.040867,14.68,2.6239,2.6237558350188177,-0.00014416498118219323
leave_one_model_size_out,4,N=1.040867B,B1:1.040867:8000,1.040867,16.777,2.6023,2.6023062299328417,6.229932841606001e-06
leave_one_model_size_out,4,N=1.040867B,B1:1.040867:9000,1.040867,18.874,2.5839,2.584040292561712,0.0001402925617122186
leave_one_model_size_out,4,N=1.040867B,B1:1.040867:10000,1.040867,20.972,2.5679,2.5681962098147535,0.00029620981475364516
leave_one_model_size_out,4,N=1.040867B,B1:1.040867:11000,1.040867,23.069,2.5543,2.554267454270233,-3.254572976718606e-05
leave_one_model_size_out,4,N=1.040867B,B1:1.040867:12000,1.040867,25.166,2.5417,2.541871797441904,0.00017179744190398694
leave_one_model_size_out,4,N=1.040867B,B1:1.040867:13000,1.040867,27.263,2.5305,2.5307323533916177,0.0002323533916177567
leave_one_model_size_out,4,N=1.040867B,B1:1.040867:14000,1.040867,29.36,2.5205,2.520638917956551,0.00013891795655096573
leave_one_model_size_out,4,N=1.040867B,B1:1.040867:15000,1.040867,31.457,2.5113,2.511428441758658,0.0001284417586582265
leave_one_model_size_out,4,N=1.040867B,B1:1.040867:16000,1.040867,33.554,2.5032,2.5029721073859545,-0.00022789261404554395
leave_one_model_size_out,4,N=1.040867B,B1:1.040867:17000,1.040867,35.652,2.4953,2.4951629324550915,-0.0001370675449083869
leave_one_model_size_out,4,N=1.040867B,B1:1.040867:18000,1.040867,37.749,2.4879,2.487924173020105,2.4173020105155985e-05
leave_one_model_size_out,4,N=1.040867B,B1:1.040867:19000,1.040867,39.846,2.4814,2.4811826265933807,-0.00021737340661909244
leave_one_model_size_out,4,N=1.040867B,B1:1.040867:20000,1.040867,41.943,2.4749,2.4748805469322,-1.9453067799712898e-05
leave_one_model_size_out,4,N=1.040867B,B1:1.040867:21000,1.040867,44.04,2.4688,2.4689693696858184,0.00016936968581848788
leave_one_model_size_out,4,N=1.040867B,B1:1.040867:22000,1.040867,46.137,2.4636,2.46340789516726,-0.00019210483274001433
leave_one_model_size_out,4,N=1.040867B,B1:1.040867:23000,1.040867,48.234,2.4582,2.458160895253078,-3.9104746922369316e-05
leave_one_model_size_out,4,N=1.040867B,B1:1.040867:24000,1.040867,50.332,2.453,2.4531957284512687,0.00019572845126880623
leave_one_model_size_out,4,N=1.040867B,B1:1.040867:25000,1.040867,52.429,2.4485,2.4484908201325433,-9.179867456854396e-06
leave_one_model_size_out,4,N=1.040867B,B1:1.040867:26000,1.040867,54.526,2.4439,2.4440208067168427,0.00012080671684255861
leave_one_model_size_out,4,N=1.040867B,B1:1.040867:27000,1.040867,56.623,2.4396,2.439765580958633,0.00016558095863317135
leave_one_model_size_out,4,N=1.040867B,B1:1.040867:28000,1.040867,58.72,2.4358,2.4357074223387567,-9.257766124326494e-05
leave_one_model_size_out,4,N=1.040867B,B1:1.040867:29000,1.040867,60.817,2.4321,2.4318306402702534,-0.00026935972974673206
leave_one_model_size_out,4,N=1.040867B,B1:1.040867:30000,1.040867,62.915,2.4279,2.428119549901362,0.00021954990136174857
leave_one_model_size_out,4,N=1.040867B,B1:1.040867:31000,1.040867,65.012,2.4246,2.424565224533179,-3.4775466820846646e-05
leave_one_model_size_out,4,N=1.040867B,B1:1.040867:32000,1.040867,67.109,2.4211,2.4211546890867255,5.4689086725456804e-05
leave_one_model_size_out,4,N=1.040867B,B1:1.040867:33000,1.040867,69.206,2.4178,2.417877898607611,7.789860761064915e-05
leave_one_model_size_out,4,N=1.040867B,B1:1.040867:34000,1.040867,71.303,2.4146,2.414725787693176,0.00012578769317572736
leave_one_model_size_out,4,N=1.040867B,B1:1.040867:35000,1.040867,73.4,2.4116,2.4116901494390377,9.014943903773442e-05
leave_one_model_size_out,4,N=1.040867B,B1:1.040867:36000,1.040867,75.497,2.4088,2.4087635323237553,-3.646767624454483e-05
leave_one_model_size_out,4,N=1.040867B,B1:1.040867:37000,1.040867,77.595,2.4058,2.4059378284706066,0.0001378284706063937
leave_one_model_size_out,4,N=1.040867B,B1:1.040867:38000,1.040867,79.692,2.4032,2.4032095361288537,9.536128853682158e-06
leave_one_model_size_out,4,N=1.040867B,B1:1.040867:39000,1.040867,81.789,2.4006,2.400571617445244,-2.8382554755790323e-05
leave_one_model_size_out,4,N=1.040867B,B1:1.040867:40000,1.040867,83.886,2.398,2.3980188742435367,1.8874243536526336e-05
leave_one_model_size_out,4,N=1.040867B,B1:1.040867:41000,1.040867,85.983,2.3954,2.395546527912721,0.0001465279127210728
leave_one_model_size_out,4,N=1.040867B,B1:1.040867:42000,1.040867,88.08,2.3931,2.393150176277189,5.017627718917339e-05
leave_one_model_size_out,4,N=1.040867B,B1:1.040867:43000,1.040867,90.178,2.3909,2.3908246639078374,-7.533609216237025e-05
leave_one_model_size_out,4,N=1.040867B,B1:1.040867:44000,1.040867,92.275,2.3886,2.3885684481664016,-3.155183359826452e-05
leave_one_model_size_out,4,N=1.040867B,B1:1.040867:45000,1.040867,94.372,2.3863,2.38637692194232,7.692194232022942e-05
leave_one_model_size_out,4,N=1.040867B,B1:1.040867:46000,1.040867,96.469,2.3842,2.3842468536427055,4.685364270562431e-05
leave_one_model_size_out,4,N=1.040867B,B1:1.040867:47000,1.040867,98.566,2.3822,2.382175238944855,-2.4761055144928434e-05
leave_one_model_size_out,4,N=1.040867B,B1:1.040867:48000,1.040867,100.663,2.38,2.3801592803770513,0.000159280377051374
leave_one_model_size_out,4,N=1.040867B,B1:1.040867:49000,1.040867,102.76,2.3782,2.3781963691160986,-3.630883901539761e-06
leave_one_model_size_out,4,N=1.040867B,B1:1.040867:50000,1.040867,104.858,2.3762,2.3762831685039396,8.316850393974562e-05
leave_one_model_size_out,4,N=1.040867B,B1:1.040867:51000,1.040867,106.955,2.3745,2.3744192228745944,-8.077712540544013e-05
leave_one_model_size_out,4,N=1.040867B,B1:1.040867:52000,1.040867,109.052,2.3725,2.372601474601107,0.00010147460110676576
leave_one_model_size_out,4,N=1.040867B,B1:1.040867:53000,1.040867,111.149,2.3706,2.370827922811614,0.00022792281161398975
leave_one_model_size_out,4,N=1.040867B,B1:1.040867:54000,1.040867,113.246,2.3689,2.369096688983652,0.00019668898365221565
leave_one_model_size_out,4,N=1.040867B,B1:1.040867:55000,1.040867,115.343,2.3674,2.367406007360228,6.007360227933134e-06
leave_one_model_size_out,4,N=1.040867B,B1:1.040867:56000,1.040867,117.441,2.3658,2.3657534376075917,-4.656239240841131e-05
leave_one_model_size_out,4,N=1.040867B,B1:1.040867:57000,1.040867,119.538,2.364,2.3641389890609825,0.00013898906098264163
leave_one_model_size_out,4,N=1.040867B,B1:1.040867:58000,1.040867,121.635,2.3626,2.362560388567908,-3.961143209219031e-05
leave_one_model_size_out,4,N=1.040867B,B1:1.040867:59000,1.040867,123.732,2.3608,2.3610162423840015,0.00021624238400175244
leave_one_model_size_out,4,N=1.040867B,B1:1.040867:60000,1.040867,125.829,2.3595,2.359505233414282,5.233414281935467e-06
leave_one_model_size_out,4,N=1.040867B,B1:1.040867:61000,1.040867,127.926,2.3579,2.3580261158032148,0.0001261158032148657
leave_one_model_size_out,4,N=1.040867B,B1:1.040867:62000,1.040867,130.023,2.3565,2.356577709988186,7.77099881861254e-05
leave_one_model_size_out,4,N=1.040867B,B1:1.040867:63000,1.040867,132.121,2.3552,2.3551582284674946,-4.177153250539689e-05
leave_one_model_size_out,4,N=1.040867B,B1:1.040867:64000,1.040867,134.218,2.3537,2.353767963819112,6.796381911211569e-05
leave_one_model_size_out,4,N=1.040867B,B1:1.040867:65000,1.040867,136.315,2.3524,2.35240522611564,5.226115640244444e-06
leave_one_model_size_out,4,N=1.040867B,B1:1.040867:66000,1.040867,138.412,2.3512,2.3510690592732235,-0.00013094072677644064
leave_one_model_size_out,4,N=1.040867B,B1:1.040867:67000,1.040867,140.509,2.3497,2.3497585542643127,5.855426431278232e-05
leave_one_model_size_out,4,N=1.040867B,B1:1.040867:68000,1.040867,142.606,2.3485,2.348472846140179,-2.7153859821105186e-05
leave_one_model_size_out,4,N=1.040867B,B1:1.040867:69000,1.040867,144.703,2.3471,2.347211111282465,0.00011111128246499291
leave_one_model_size_out,4,N=1.040867B,B1:1.040867:70000,1.040867,146.801,2.346,2.3459719796465093,-2.802035349080967e-05
leave_one_model_size_out,4,N=1.040867B,B1:1.040867:71000,1.040867,148.898,2.3449,2.344755883805616,-0.00014411619438403633
leave_one_model_size_out,4,N=1.040867B,B1:1.040867:72000,1.040867,150.995,2.3433,2.3435615135575913,0.00026151355759118644
leave_one_model_size_out,4,N=1.040867B,B1:1.040867:73000,1.040867,153.092,2.3423,2.3423881870368493,8.818703684942975e-05
leave_one_model_size_out,4,N=1.040867B,B1:1.040867:74000,1.040867,155.189,2.3413,2.341235252747273,-6.47472527268711e-05
leave_one_model_size_out,4,N=1.040867B,B1:1.040867:75000,1.040867,157.286,2.3401,2.34010208782083,2.087820829999032e-06
leave_one_model_size_out,4,N=1.040867B,B1:1.040867:76000,1.040867,159.384,2.339,2.338987569648854,-1.2430351146175411e-05
leave_one_model_size_out,4,N=1.040867B,B1:1.040867:77000,1.040867,161.481,2.3378,2.3378921901084815,9.219010848138254e-05
leave_one_model_size_out,4,N=1.040867B,B1:1.040867:78000,1.040867,163.578,2.3368,2.3368148671912947,1.4867191294509752e-05
leave_one_model_size_out,4,N=1.040867B,B1:1.040867:79000,1.040867,165.675,2.3357,2.335755077425474,5.5077425473726294e-05
leave_one_model_size_out,4,N=1.040867B,B1:1.040867:80000,1.040867,167.772,2.3348,2.3347123188973202,-8.76811026797597e-05
leave_one_model_size_out,4,N=1.040867B,B1:1.040867:81000,1.040867,169.869,2.3337,2.3336861101070983,-1.3889892901630674e-05
leave_one_model_size_out,4,N=1.040867B,B1:1.040867:82000,1.040867,171.966,2.3327,2.3326759888988726,-2.40111011273747e-05
leave_one_model_size_out,4,N=1.040867B,B1:1.040867:83000,1.040867,174.064,2.3316,2.3316810408838626,8.104088386273745e-05
leave_one_model_size_out,4,N=1.040867B,B1:1.040867:84000,1.040867,176.161,2.3306,2.3307017879589784,0.00010178795897841653
leave_one_model_size_out,4,N=1.040867B,B1:1.040867:85000,1.040867,178.258,2.3297,2.329737342313026,3.7342313026211826e-05
leave_one_model_size_out,4,N=1.040867B,B1:1.040867:86000,1.040867,180.355,2.3288,2.328787309763989,-1.269023601135899e-05
leave_one_model_size_out,4,N=1.040867B,B1:1.040867:87000,1.040867,182.452,2.3278,2.3278513110517642,5.13110517643689e-05
leave_one_model_size_out,4,N=1.040867B,B1:1.040867:88000,1.040867,184.549,2.3269,2.3269289811094698,2.8981109469583544e-05
leave_one_model_size_out,4,N=1.040867B,B1:1.040867:89000,1.040867,186.647,2.3262,2.32601953801813,-0.00018046198186993934
leave_one_model_size_out,4,N=1.040867B,B1:1.040867:90000,1.040867,188.744,2.3252,2.3251235099121152,-7.649008788490619e-05
leave_one_model_size_out,4,N=1.040867B,B1:1.040867:91000,1.040867,190.841,2.3242,2.3242401337280016,4.0133728001823243e-05
leave_one_model_size_out,4,N=1.040867B,B1:1.040867:92000,1.040867,192.938,2.3235,2.323369094714218,-0.0001309052857823012
leave_one_model_size_out,4,N=1.040867B,B1:1.040867:93000,1.040867,195.035,2.3225,2.32251008926248,1.0089262480139638e-05
leave_one_model_size_out,4,N=1.040867B,B1:1.040867:94000,1.040867,197.132,2.3215,2.3216628243984947,0.00016282439849479857
leave_one_model_size_out,4,N=1.040867B,B1:1.040867:95000,1.040867,199.229,2.3207,2.320827017301074,0.00012701730107389508
leave_one_model_size_out,4,N=1.040867B,B1:1.040867:96000,1.040867,201.327,2.3198,2.32000200423443,0.0002020042344299533
leave_one_model_size_out,4,N=1.040867B,B1:1.040867:97000,1.040867,203.424,2.3191,2.3191883077184254,8.830771842527341e-05
leave_one_model_size_out,4,N=1.040867B,B1:1.040867:98000,1.040867,205.521,2.3184,2.3183852768836393,-1.4723116360748634e-05
leave_one_model_size_out,4,N=1.040867B,B1:1.040867:99000,1.040867,207.618,2.3178,2.317592665222233,-0.0002073347777669099
leave_one_model_size_out,4,N=1.040867B,B1:1.040867:100000,1.040867,209.715,2.3168,2.3168102343404495,1.0234340449333246e-05
leave_one_model_size_out,4,N=1.040867B,B1:1.040867:101000,1.040867,211.812,2.316,2.316037753613558,3.7753613558066945e-05
leave_one_model_size_out,4,N=1.040867B,B1:1.040867:102000,1.040867,213.91,2.3153,2.3152746384087495,-2.5361591250661064e-05
leave_one_model_size_out,4,N=1.040867B,B1:1.040867:103000,1.040867,216.007,2.3143,2.3145214000597862,0.0002214000597864363
leave_one_model_size_out,4,N=1.040867B,B1:1.040867:104000,1.040867,218.104,2.3138,2.313777463319324,-2.253668067586645e-05
leave_one_model_size_out,4,N=1.040867B,B1:1.040867:105000,1.040867,220.201,2.3131,2.3130426255337544,-5.73744662455411e-05
leave_one_model_size_out,4,N=1.040867B,B1:1.040867:106000,1.040867,222.298,2.3122,2.3123166903411496,0.00011669034114980548
leave_one_model_size_out,4,N=1.040867B,B1:1.040867:107000,1.040867,224.395,2.3117,2.311599467418764,-0.00010053258123621234
leave_one_model_size_out,4,N=1.040867B,B1:1.040867:108000,1.040867,226.492,2.3109,2.310890772242918,-9.227757082008736e-06
leave_one_model_size_out,4,N=1.040867B,B1:1.040867:109000,1.040867,228.59,2.3101,2.3101900938489455,9.009384894564931e-05
leave_one_model_size_out,4,N=1.040867B,B1:1.040867:110000,1.040867,230.687,2.3096,2.3094979265181053,-0.00010207348189483767
leave_one_model_size_out,4,N=1.040867B,B1:1.040867:111000,1.040867,232.784,2.309,2.3088137658479404,-0.00018623415205976102
leave_one_model_size_out,4,N=1.040867B,B1:1.040867:112000,1.040867,234.881,2.3081,2.308137448335812,3.744833581187379e-05
leave_one_model_size_out,4,N=1.040867B,B1:1.040867:113000,1.040867,236.978,2.3075,2.307468815239791,-3.118476020924632e-05
leave_one_model_size_out,4,N=1.040867B,B1:1.040867:114000,1.040867,239.075,2.3068,2.3068077123993707,7.712399370696232e-06
leave_one_model_size_out,4,N=1.040867B,B1:1.040867:115000,1.040867,241.172,2.3061,2.3061539900644323,5.3990064432518636e-05
leave_one_model_size_out,4,N=1.040867B,B1:1.040867:116000,1.040867,243.27,2.3056,2.3055071961437497,-9.280385625043408e-05
leave_one_model_size_out,4,N=1.040867B,B1:1.040867:117000,1.040867,245.367,2.3048,2.3048678057518783,6.780575187814719e-05
leave_one_model_size_out,4,N=1.040867B,B1:1.040867:118000,1.040867,247.464,2.3042,2.3042353714171386,3.537141713882974e-05
leave_one_model_size_out,4,N=1.040867B,B1:1.040867:119000,1.040867,249.561,2.3036,2.3036097594724443,9.759472444414996e-06
leave_one_model_size_out,4,N=1.040867B,B1:1.040867:120000,1.040867,251.658,2.303,2.3029908399149734,-9.160085026493903e-06
leave_one_model_size_out,4,N=1.040867B,B1:1.040867:121000,1.040867,253.755,2.3024,2.3023784862761785,-2.1513723821531272e-05
leave_one_model_size_out,4,N=1.040867B,B1:1.040867:122000,1.040867,255.853,2.3019,2.301772288073487,-0.00012771192651284125
leave_one_model_size_out,4,N=1.040867B,B1:1.040867:123000,1.040867,257.95,2.3011,2.301172703374363,7.270337436304786e-05
leave_one_model_size_out,4,N=1.040867B,B1:1.040867:124000,1.040867,260.047,2.3005,2.3005793251220847,7.932512208475018e-05
leave_one_model_size_out,4,N=1.040867B,B1:1.040867:125000,1.040867,262.144,2.2999,2.2999920397953546,9.20397953545482e-05
leave_one_model_size_out,4,N=1.040867B,B1:1.040867:126000,1.040867,264.241,2.2994,2.299410736836255,1.0736836255187399e-05
leave_one_model_size_out,4,N=1.040867B,B1:1.040867:127000,1.040867,266.338,2.2989,2.2988353085501037,-6.469144989651454e-05
leave_one_model_size_out,4,N=1.040867B,B1:1.040867:128000,1.040867,268.435,2.2983,2.2982656500094496,-3.4349990550186504e-05
leave_one_model_size_out,4,N=1.040867B,B1:1.040867:129000,1.040867,270.533,2.2976,2.2977013913466533,0.00010139134665321237
leave_one_model_size_out,4,N=1.040867B,B1:1.040867:130000,1.040867,272.63,2.2972,2.2971429707587725,-5.70292412276352e-05
leave_one_model_size_out,4,N=1.040867B,B1:1.040867:131000,1.040867,274.727,2.2967,2.2965900207896213,-0.00010997921037869673
leave_one_model_size_out,4,N=1.040867B,B1:1.040867:132000,1.040867,276.824,2.2961,2.2960424466977902,-5.7553302209800705e-05
leave_one_model_size_out,4,N=1.040867B,B1:1.040867:133000,1.040867,278.921,2.2957,2.2955001560844943,-0.00019984391550575964
leave_one_model_size_out,4,N=1.040867B,B1:1.040867:134000,1.040867,281.018,2.2949,2.2949630588185523,6.305881855217521e-05
leave_one_model_size_out,4,N=1.040867B,B1:1.040867:135000,1.040867,283.116,2.2943,2.2944308144765966,0.00013081447659679668
leave_one_model_size_out,4,N=1.040867B,B1:1.040867:136000,1.040867,285.213,2.2937,2.2939038445982116,0.00020384459821176648
leave_one_model_size_out,4,N=1.040867B,B1:1.040867:137000,1.040867,287.31,2.2935,2.293381810532915,-0.00011818946708475053
leave_one_model_size_out,4,N=1.040867B,B1:1.040867:138000,1.040867,289.407,2.2929,2.2928646305275113,-3.536947248861111e-05
leave_one_model_size_out,4,N=1.040867B,B1:1.040867:139000,1.040867,291.504,2.2923,2.292352224762787,5.222476278721189e-05
leave_one_model_size_out,4,N=1.040867B,B1:1.040867:140000,1.040867,293.601,2.2919,2.291844515294241,-5.5484705759223374e-05
leave_one_model_size_out,4,N=1.040867B,B1:1.040867:141000,1.040867,295.698,2.2912,2.2913414259950327,0.00014142599503275122
leave_one_model_size_out,4,N=1.040867B,B1:1.040867:142000,1.040867,297.796,2.2911,2.290842645832548,-0.0002573541674522062
leave_one_model_size_out,4,N=1.040867B,B1:1.040867:143000,1.040867,299.893,2.2904,2.2903485776056334,-5.142239436661811e-05
leave_one_model_size_out,5,N=1.416184B,B1:1.416184:64,1.416184,0.134,4.1816,4.181128377023059,-0.000471622976941255
leave_one_model_size_out,5,N=1.416184B,B1:1.416184:128,1.416184,0.268,3.7976,3.7972670790857457,-0.00033292091425440873
leave_one_model_size_out,5,N=1.416184B,B1:1.416184:256,1.416184,0.537,3.4805,3.4803252268158835,-0.0001747731841166278
leave_one_model_size_out,5,N=1.416184B,B1:1.416184:512,1.416184,1.074,3.22,3.2200427393475057,4.2739347505538205e-05
leave_one_model_size_out,5,N=1.416184B,B1:1.416184:1000,1.416184,2.097,3.0125,3.0124153523741386,-8.464762586157804e-05
leave_one_model_size_out,5,N=1.416184B,B1:1.416184:2000,1.416184,4.194,2.8347,2.834643546647254,-5.645335274628849e-05
leave_one_model_size_out,5,N=1.416184B,B1:1.416184:3000,1.416184,6.291,2.7458,2.745564522782058,-0.00023547721794203724
leave_one_model_size_out,5,N=1.416184B,B1:1.416184:4000,1.416184,8.389,2.6879,2.6881969953400815,0.0002969953400815406
leave_one_model_size_out,5,N=1.416184B,B1:1.416184:5000,1.416184,10.486,2.6471,2.6467957396399604,-0.0003042603600396099
leave_one_model_size_out,5,N=1.416184B,B1:1.416184:6000,1.416184,12.583,2.6148,2.6148353004826284,3.530048262856411e-05
leave_one_model_size_out,5,N=1.416184B,B1:1.416184:7000,1.416184,14.68,2.589,2.589056345143907,5.634514390706613e-05
leave_one_model_size_out,5,N=1.416184B,B1:1.416184:8000,1.416184,16.777,2.5674,2.5676068737155253,0.00020687371552519096
leave_one_model_size_out,5,N=1.416184B,B1:1.416184:9000,1.416184,18.874,2.5491,2.549340975861139,0.00024097586113880354
leave_one_model_size_out,5,N=1.416184B,B1:1.416184:10000,1.416184,20.972,2.5336,2.533496870161216,-0.0001031298387839108
leave_one_model_size_out,5,N=1.416184B,B1:1.416184:11000,1.416184,23.069,2.5196,2.51956804919773,-3.195080227014202e-05
leave_one_model_size_out,5,N=1.416184B,B1:1.416184:12000,1.416184,25.166,2.507,2.5071722975834794,0.00017229758347925284
leave_one_model_size_out,5,N=1.416184B,B1:1.416184:13000,1.416184,27.263,2.4958,2.49603273824494,0.0002327382449398563
leave_one_model_size_out,5,N=1.416184B,B1:1.416184:14000,1.416184,29.36,2.4859,2.4859391731745264,3.917317452639679e-05
leave_one_model_size_out,5,N=1.416184B,B1:1.416184:15000,1.416184,31.457,2.4769,2.4767285573581073,-0.0001714426418928383
leave_one_model_size_out,5,N=1.416184B,B1:1.416184:16000,1.416184,33.554,2.4682,2.468272076530738,7.20765307380411e-05
leave_one_model_size_out,5,N=1.416184B,B1:1.416184:17000,1.416184,35.652,2.4602,2.4604627505374257,0.00026275053742574883
leave_one_model_size_out,5,N=1.416184B,B1:1.416184:18000,1.416184,37.749,2.4532,2.453223837278215,2.3837278215310675e-05
leave_one_model_size_out,5,N=1.416184B,B1:1.416184:19000,1.416184,39.846,2.4464,2.4464821354632136,8.213546321345078e-05
leave_one_model_size_out,5,N=1.416184B,B1:1.416184:20000,1.416184,41.943,2.4398,2.440179899802058,0.00037989980205788143
leave_one_model_size_out,5,N=1.416184B,B1:1.416184:21000,1.416184,44.04,2.4342,2.434268566661793,6.856666179277937e-05
leave_one_model_size_out,5,N=1.416184B,B1:1.416184:22000,1.416184,46.137,2.4287,2.4287069368974143,6.9368974142669515e-06
leave_one_model_size_out,5,N=1.416184B,B1:1.416184:23000,1.416184,48.234,2.4235,2.4234597827943833,-4.0217205616865925e-05
leave_one_model_size_out,5,N=1.416184B,B1:1.416184:24000,1.416184,50.332,2.4187,2.4184944630955414,-0.00020553690445845874
leave_one_model_size_out,5,N=1.416184B,B1:1.416184:25000,1.416184,52.429,2.4139,2.4137894035467324,-0.00011059645326749745
leave_one_model_size_out,5,N=1.416184B,B1:1.416184:26000,1.416184,54.526,2.4093,2.40931924066359,1.9240663589936702e-05
leave_one_model_size_out,5,N=1.416184B,B1:1.416184:27000,1.416184,56.623,2.4049,2.4050638673225944,0.00016386732259432435
leave_one_model_size_out,5,N=1.416184B,B1:1.416184:28000,1.416184,58.72,2.4013,2.401005563090006,-0.00029443690999420014
leave_one_model_size_out,5,N=1.416184B,B1:1.416184:29000,1.416184,60.817,2.3971,2.3971286374356495,2.8637435649514487e-05
leave_one_model_size_out,5,N=1.416184B,B1:1.416184:30000,1.416184,62.915,2.3934,2.393417405475107,1.740547510697965e-05
leave_one_model_size_out,5,N=1.416184B,B1:1.416184:31000,1.416184,65.012,2.3898,2.3898629406611853,6.29406611851735e-05
leave_one_model_size_out,5,N=1.416184B,B1:1.416184:32000,1.416184,67.109,2.3865,2.386452267849844,-4.773215015596577e-05
leave_one_model_size_out,5,N=1.416184B,B1:1.416184:33000,1.416184,69.206,2.3831,2.3831753420788147,7.534207881443322e-05
leave_one_model_size_out,5,N=1.416184B,B1:1.416184:34000,1.416184,71.303,2.3799,2.3800230979291492,0.00012309792914910744
leave_one_model_size_out,5,N=1.416184B,B1:1.416184:35000,1.416184,73.4,2.3769,2.3769873284736573,8.73284736573332e-05
leave_one_model_size_out,5,N=1.416184B,B1:1.416184:36000,1.416184,75.497,2.374,2.374060582163089,6.058216308879594e-05
leave_one_model_size_out,5,N=1.416184B,B1:1.416184:37000,1.416184,77.595,2.3712,2.3712347510289185,3.4751028918478255e-05
leave_one_model_size_out,5,N=1.416184B,B1:1.416184:38000,1.416184,79.692,2.3684,2.3685063334073106,0.0001063334073108102
leave_one_model_size_out,5,N=1.416184B,B1:1.416184:39000,1.416184,81.789,2.3659,2.365868291347415,-3.1708652584949704e-05
leave_one_model_size_out,5,N=1.416184B,B1:1.416184:40000,1.416184,83.886,2.3633,2.3633154266351166,1.5426635116444487e-05
leave_one_model_size_out,5,N=1.416184B,B1:1.416184:41000,1.416184,85.983,2.361,2.3608429606206185,-0.0001570393793817182
leave_one_model_size_out,5,N=1.416184B,B1:1.416184:42000,1.416184,88.08,2.3581,2.358446491089017,0.0003464910890169648
leave_one_model_size_out,5,N=1.416184B,B1:1.416184:43000,1.416184,90.178,2.3562,2.356120862516749,-7.913748325094616e-05
leave_one_model_size_out,5,N=1.416184B,B1:1.416184:44000,1.416184,92.275,2.354,2.353864532336897,-0.0001354676631031282
leave_one_model_size_out,5,N=1.416184B,B1:1.416184:45000,1.416184,94.372,2.3514,2.3516728933439595,0.0002728933439595238
leave_one_model_size_out,5,N=1.416184B,B1:1.416184:46000,1.416184,96.469,2.3495,2.3495427139063447,4.271390634480454e-05
leave_one_model_size_out,5,N=1.416184B,B1:1.416184:47000,1.416184,98.566,2.3474,2.347470989663207,7.09896632069551e-05
leave_one_model_size_out,5,N=1.416184B,B1:1.416184:48000,1.416184,100.663,2.3453,2.3454549231053403,0.00015492310534037657
leave_one_model_size_out,5,N=1.416184B,B1:1.416184:49000,1.416184,102.76,2.3434,2.343491905372794,9.190537279391009e-05
leave_one_model_size_out,5,N=1.416184B,B1:1.416184:50000,1.416184,104.858,2.3414,2.341578599721822,0.00017859972182199257
leave_one_model_size_out,5,N=1.416184B,B1:1.416184:51000,1.416184,106.955,2.3399,2.339714550551416,-0.00018544944858422951
leave_one_model_size_out,5,N=1.416184B,B1:1.416184:52000,1.416184,109.052,2.338,2.3378967001499076,-0.00010329985009249754
leave_one_model_size_out,5,N=1.416184B,B1:1.416184:53000,1.416184,111.149,2.3362,2.3361230476120047,-7.695238799509951e-05
leave_one_model_size_out,5,N=1.416184B,B1:1.416184:54000,1.416184,113.246,2.3345,2.3343917143826918,-0.00010828561730802377
leave_one_model_size_out,5,N=1.416184B,B1:1.416184:55000,1.416184,115.343,2.3326,2.332700934673295,0.00010093467329541639
leave_one_model_size_out,5,N=1.416184B,B1:1.416184:56000,1.416184,117.441,2.331,2.3310482680734,4.8268073399970746e-05
leave_one_model_size_out,5,N=1.416184B,B1:1.416184:57000,1.416184,119.538,2.3295,2.3294337239806113,-6.627601938857808e-05
leave_one_model_size_out,5,N=1.416184B,B1:1.416184:58000,1.416184,121.635,2.3277,2.3278550291668783,0.00015502916687815116
leave_one_model_size_out,5,N=1.416184B,B1:1.416184:59000,1.416184,123.732,2.3264,2.326310789859577,-8.921014042284625e-05
leave_one_model_size_out,5,N=1.416184B,B1:1.416184:60000,1.416184,125.829,2.3248,2.3247996889362885,-3.1106371167766156e-07
leave_one_model_size_out,5,N=1.416184B,B1:1.416184:61000,1.416184,127.926,2.3233,2.3233204805148393,2.048051483916069e-05
leave_one_model_size_out,5,N=1.416184B,B1:1.416184:62000,1.416184,130.023,2.3219,2.3218719850067595,-2.8014993240343955e-05
leave_one_model_size_out,5,N=1.416184B,B1:1.416184:63000,1.416184,132.121,2.3205,2.320452414843257,-4.758515674296859e-05
leave_one_model_size_out,5,N=1.416184B,B1:1.416184:64000,1.416184,134.218,2.319,2.3190620626624407,6.206266244079828e-05
leave_one_model_size_out,5,N=1.416184B,B1:1.416184:65000,1.416184,136.315,2.3178,2.3176992384707655,-0.00010076152923454984
leave_one_model_size_out,5,N=1.416184B,B1:1.416184:66000,1.416184,138.412,2.3162,2.316362986161437,0.00016298616143739508
leave_one_model_size_out,5,N=1.416184B,B1:1.416184:67000,1.416184,140.509,2.3151,2.315052396684643,-4.7603315357136466e-05
leave_one_model_size_out,5,N=1.416184B,B1:1.416184:68000,1.416184,142.606,2.3138,2.313766605070047,-3.339492995291238e-05
leave_one_model_size_out,5,N=1.416184B,B1:1.416184:69000,1.416184,144.703,2.3125,2.31250478767832,4.787678320017363e-06
leave_one_model_size_out,5,N=1.416184B,B1:1.416184:70000,1.416184,146.801,2.3113,2.3112655744057484,-3.442559425170799e-05
leave_one_model_size_out,5,N=1.416184B,B1:1.416184:71000,1.416184,148.898,2.3099,2.3100493978836893,0.00014939788368950602
leave_one_model_size_out,5,N=1.416184B,B1:1.416184:72000,1.416184,150.995,2.3089,2.3088549478516263,-4.505214837369209e-05
leave_one_model_size_out,5,N=1.416184B,B1:1.416184:73000,1.416184,153.092,2.3077,2.3076815424253385,-1.8457574661567833e-05
leave_one_model_size_out,5,N=1.416184B,B1:1.416184:74000,1.416184,155.189,2.3065,2.3065285300906133,2.853009061309919e-05
leave_one_model_size_out,5,N=1.416184B,B1:1.416184:75000,1.416184,157.286,2.3055,2.3053952879618405,-0.00010471203815942687
leave_one_model_size_out,5,N=1.416184B,B1:1.416184:76000,1.416184,159.384,2.3042,2.3042806933770503,8.069337705052249e-05
leave_one_model_size_out,5,N=1.416184B,B1:1.416184:77000,1.416184,161.481,2.303,2.303185238269626,0.00018523826962590917
leave_one_model_size_out,5,N=1.416184B,B1:1.416184:78000,1.416184,163.578,2.3019,2.3021078405784086,0.0002078405784087245
leave_one_model_size_out,5,N=1.416184B,B1:1.416184:79000,1.416184,165.675,2.3011,2.301047976815908,-5.202318409214257e-05
leave_one_model_size_out,5,N=1.416184B,B1:1.416184:80000,1.416184,167.772,2.2999,2.300005145053193,0.00010514505319303424
leave_one_model_size_out,5,N=1.416184B,B1:1.416184:81000,1.416184,169.869,2.2991,2.2989788637757167,-0.00012113622428344684
leave_one_model_size_out,5,N=1.416184B,B1:1.416184:82000,1.416184,171.966,2.2978,2.2979686708131415,0.00016867081314142496
leave_one_model_size_out,5,N=1.416184B,B1:1.416184:83000,1.416184,174.064,2.2971,2.296973651728972,-0.00012634827102786517
leave_one_model_size_out,5,N=1.416184B,B1:1.416184:84000,1.416184,176.161,2.296,2.295994328474236,-5.671525763695229e-06
leave_one_model_size_out,5,N=1.416184B,B1:1.416184:85000,1.416184,178.258,2.295,2.2950298131904354,2.9813190435490355e-05
leave_one_model_size_out,5,N=1.416184B,B1:1.416184:86000,1.416184,180.355,2.294,2.2940797116826497,7.971168264964135e-05
leave_one_model_size_out,5,N=1.416184B,B1:1.416184:87000,1.416184,182.452,2.2932,2.293143644678218,-5.635532178205338e-05
leave_one_model_size_out,5,N=1.416184B,B1:1.416184:88000,1.416184,184.549,2.2922,2.2922212470980314,2.1247098031640377e-05
leave_one_model_size_out,5,N=1.416184B,B1:1.416184:89000,1.416184,186.647,2.2914,2.2913117369794134,-8.826302058650981e-05
leave_one_model_size_out,5,N=1.416184B,B1:1.416184:90000,1.416184,188.744,2.2904,2.290415642509031,1.5642509031188467e-05
leave_one_model_size_out,5,N=1.416184B,B1:1.416184:91000,1.416184,190.841,2.2895,2.289532200580069,3.220058006903059e-05
leave_one_model_size_out,5,N=1.416184B,B1:1.416184:92000,1.416184,192.938,2.2886,2.288661096429953,6.109642995300035e-05
leave_one_model_size_out,5,N=1.416184B,B1:1.416184:93000,1.416184,195.035,2.2878,2.2878020264396803,2.026439680502534e-06
leave_one_model_size_out,5,N=1.416184B,B1:1.416184:94000,1.416184,197.132,2.287,2.286954697624509,-4.530237549094096e-05
leave_one_model_size_out,5,N=1.416184B,B1:1.416184:95000,1.416184,199.229,2.286,2.286118827153067,0.00011882715306699154
leave_one_model_size_out,5,N=1.416184B,B1:1.416184:96000,1.416184,201.327,2.2852,2.285293751249821,9.375124982069494e-05
leave_one_model_size_out,5,N=1.416184B,B1:1.416184:97000,1.416184,203.424,2.2845,2.2844799924848496,-2.000751515041088e-05
leave_one_model_size_out,5,N=1.416184B,B1:1.416184:98000,1.416184,205.521,2.2837,2.2836768999492043,-2.3100050795754612e-05
leave_one_model_size_out,5,N=1.416184B,B1:1.416184:99000,1.416184,207.618,2.2829,2.282884227125836,-1.577287416409945e-05
leave_one_model_size_out,5,N=1.416184B,B1:1.416184:100000,1.416184,209.715,2.2821,2.2821017356120006,1.735612000786091e-06
leave_one_model_size_out,5,N=1.416184B,B1:1.416184:101000,1.416184,211.812,2.2814,2.2813291947742,-7.080522580027448e-05
leave_one_model_size_out,5,N=1.416184B,B1:1.416184:102000,1.416184,213.91,2.2805,2.280566019942767,6.601994276689283e-05
leave_one_model_size_out,5,N=1.416184B,B1:1.416184:103000,1.416184,216.007,2.2797,2.2798127224999476,0.00011272249994753736
leave_one_model_size_out,5,N=1.416184B,B1:1.416184:104000,1.416184,218.104,2.2791,2.2790687271617007,-3.1272838299400973e-05
leave_one_model_size_out,5,N=1.416184B,B1:1.416184:105000,1.416184,220.201,2.2782,2.278333831266453,0.00013383126645294396
leave_one_model_size_out,5,N=1.416184B,B1:1.416184:106000,1.416184,222.298,2.2776,2.2776078384445007,7.83844450058524e-06
leave_one_model_size_out,5,N=1.416184B,B1:1.416184:107000,1.416184,224.395,2.2767,2.276890558365501,0.00019055836550085914
leave_one_model_size_out,5,N=1.416184B,B1:1.416184:108000,1.416184,226.492,2.2763,2.276181806498352,-0.00011819350164810061
leave_one_model_size_out,5,N=1.416184B,B1:1.416184:109000,1.416184,228.59,2.2755,2.275481071844428,-1.8928155572250915e-05
leave_one_model_size_out,5,N=1.416184B,B1:1.416184:110000,1.416184,230.687,2.2748,2.2747888487315295,-1.11512684703996e-05
leave_one_model_size_out,5,N=1.416184B,B1:1.416184:111000,1.416184,232.784,2.2742,2.2741046327233496,-9.536727665038214e-05
leave_one_model_size_out,5,N=1.416184B,B1:1.416184:112000,1.416184,234.881,2.2736,2.2734282603104767,-0.0001717396895233314
leave_one_model_size_out,5,N=1.416184B,B1:1.416184:113000,1.416184,236.978,2.2728,2.2727595727443624,-4.0427255637798254e-05
leave_one_model_size_out,5,N=1.416184B,B1:1.416184:114000,1.416184,239.075,2.2719,2.272098415858025,0.00019841585802504724
leave_one_model_size_out,5,N=1.416184B,B1:1.416184:115000,1.416184,241.172,2.2713,2.271444639895016,0.00014463989501578567
leave_one_model_size_out,5,N=1.416184B,B1:1.416184:116000,1.416184,243.27,2.2707,2.270797792732633,9.77927326326622e-05
leave_one_model_size_out,5,N=1.416184B,B1:1.416184:117000,1.416184,245.367,2.2702,2.2701583495301265,-4.165046987347765e-05
leave_one_model_size_out,5,N=1.416184B,B1:1.416184:118000,1.416184,247.464,2.2696,2.2695258627844135,-7.413721558657826e-05
leave_one_model_size_out,5,N=1.416184B,B1:1.416184:119000,1.416184,249.561,2.2688,2.2689001988226067,0.00010019882260658974
leave_one_model_size_out,5,N=1.416184B,B1:1.416184:120000,1.416184,251.658,2.2683,2.268281227636205,-1.8772363794994362e-05
leave_one_model_size_out,5,N=1.416184B,B1:1.416184:121000,1.416184,253.755,2.2676,2.2676688227511046,6.882275110475788e-05
leave_one_model_size_out,5,N=1.416184B,B1:1.416184:122000,1.416184,255.853,2.267,2.267062573655121,6.257365512096769e-05
leave_one_model_size_out,5,N=1.416184B,B1:1.416184:123000,1.416184,257.95,2.2663,2.266462938458905,0.0001629384589048044
leave_one_model_size_out,5,N=1.416184B,B1:1.416184:124000,1.416184,260.047,2.2658,2.26586951007617,6.95100761700651e-05
leave_one_model_size_out,5,N=1.416184B,B1:1.416184:125000,1.416184,262.144,2.2652,2.2652821749805083,8.217498050822059e-05
leave_one_model_size_out,5,N=1.416184B,B1:1.416184:126000,1.416184,264.241,2.2646,2.2647008226089977,0.000100822608997575
leave_one_model_size_out,5,N=1.416184B,B1:1.416184:127000,1.416184,266.338,2.2642,2.2641253452620513,-7.4654737948876e-05
leave_one_model_size_out,5,N=1.416184B,B1:1.416184:128000,1.416184,268.435,2.2635,2.2635556380074133,5.563800741326119e-05
leave_one_model_size_out,5,N=1.416184B,B1:1.416184:129000,1.416184,270.533,2.2632,2.2629913309497507,-0.00020866905024918836
leave_one_model_size_out,5,N=1.416184B,B1:1.416184:130000,1.416184,272.63,2.2625,2.262432862327639,-6.713767236110613e-05
leave_one_model_size_out,5,N=1.416184B,B1:1.416184:131000,1.416184,274.727,2.2619,2.261879864657221,-2.013534277889306e-05
leave_one_model_size_out,5,N=1.416184B,B1:1.416184:132000,1.416184,276.824,2.2613,2.261332243192654,3.224319265404674e-05
leave_one_model_size_out,5,N=1.416184B,B1:1.416184:133000,1.416184,278.921,2.2609,2.2607899055308063,-0.00011009446919363342
leave_one_model_size_out,5,N=1.416184B,B1:1.416184:134000,1.416184,281.018,2.2602,2.2602527615362336,5.276153623334778e-05
leave_one_model_size_out,5,N=1.416184B,B1:1.416184:135000,1.416184,283.116,2.2597,2.2597204707593312,2.047075933120368e-05
leave_one_model_size_out,5,N=1.416184B,B1:1.416184:136000,1.416184,285.213,2.2594,2.259193454779848,-0.00020654522015206567
leave_one_model_size_out,5,N=1.416184B,B1:1.416184:137000,1.416184,287.31,2.2587,2.2586713749210725,-2.862507892764654e-05
leave_one_model_size_out,5,N=1.416184B,B1:1.416184:138000,1.416184,289.407,2.2583,2.258154149425865,-0.0001458505741354088
leave_one_model_size_out,5,N=1.416184B,B1:1.416184:139000,1.416184,291.504,2.2576,2.257641698471141,4.169847114088299e-05
leave_one_model_size_out,5,N=1.416184B,B1:1.416184:140000,1.416184,293.601,2.2571,2.2571339441086016,3.394410860169117e-05
leave_one_model_size_out,5,N=1.416184B,B1:1.416184:141000,1.416184,295.698,2.2568,2.256630810207681,-0.00016918979231927977
leave_one_model_size_out,5,N=1.416184B,B1:1.416184:142000,1.416184,297.796,2.2561,2.256131985711042,3.19857110420152e-05
leave_one_model_size_out,5,N=1.416184B,B1:1.416184:143000,1.416184,299.893,2.2558,2.255637873456205,-0.0001621265437949937
leave_one_model_size_out,6,N=2.782831B,B1:2.782831:64,2.782831,0.134,4.1162,4.116685575333859,0.00048557533385906737
leave_one_model_size_out,6,N=2.782831B,B1:2.782831:128,2.782831,0.268,3.7324,3.732790275604441,0.00039027560444093723
leave_one_model_size_out,6,N=2.782831B,B1:2.782831:256,2.782831,0.537,3.4164,3.4158244345514426,-0.0005755654485573025
leave_one_model_size_out,6,N=2.782831B,B1:2.782831:512,2.782831,1.074,3.1558,3.1555256023434852,-0.0002743976565149353
leave_one_model_size_out,6,N=2.782831B,B1:2.782831:1000,2.782831,2.097,2.9476,2.9478878066754914,0.0002878066754914421
leave_one_model_size_out,6,N=2.782831B,B1:2.782831:2000,2.782831,4.194,2.7702,2.7701093352979353,-9.066470206464672e-05
leave_one_model_size_out,6,N=2.782831B,B1:2.782831:3000,2.782831,6.291,2.6811,2.6810278923163504,-7.210768364940279e-05
leave_one_model_size_out,6,N=2.782831B,B1:2.782831:4000,2.782831,8.389,2.6238,2.6236591782853274,-0.0001408217146727786
leave_one_model_size_out,6,N=2.782831B,B1:2.782831:5000,2.782831,10.486,2.5824,2.5822572632580707,-0.0001427367419291059
leave_one_model_size_out,6,N=2.782831B,B1:2.782831:6000,2.782831,12.583,2.5504,2.5502964356730877,-0.00010356432691205342
leave_one_model_size_out,6,N=2.782831B,B1:2.782831:7000,2.782831,14.68,2.5246,2.524517247676652,-8.275232334797877e-05
leave_one_model_size_out,6,N=2.782831B,B1:2.782831:8000,2.782831,16.777,2.503,2.503067640015175,6.764001517467477e-05
leave_one_model_size_out,6,N=2.782831B,B1:2.782831:9000,2.782831,18.874,2.4846,2.4848016688027923,0.0002016688027923763
leave_one_model_size_out,6,N=2.782831B,B1:2.782831:10000,2.782831,20.972,2.469,2.4689575323252995,-4.246767470039714e-05
leave_one_model_size_out,6,N=2.782831B,B1:2.782831:11000,2.782831,23.069,2.455,2.455028710276048,2.8710276048116157e-05
leave_one_model_size_out,6,N=2.782831B,B1:2.782831:12000,2.782831,25.166,2.4427,2.4426329786877585,-6.702131224134433e-05
leave_one_model_size_out,6,N=2.782831B,B1:2.782831:13000,2.782831,27.263,2.4313,2.4314934546298943,0.00019345462989450724
leave_one_model_size_out,6,N=2.782831B,B1:2.782831:14000,2.782831,29.36,2.4212,2.4213999359782106,0.00019993597821077458
leave_one_model_size_out,6,N=2.782831B,B1:2.782831:15000,2.782831,31.457,2.4123,2.412189374761067,-0.00011062523893290432
leave_one_model_size_out,6,N=2.782831B,B1:2.782831:16000,2.782831,33.554,2.4037,2.4037329545495423,3.295454954210797e-05
leave_one_model_size_out,6,N=2.782831B,B1:2.782831:17000,2.782831,35.652,2.396,2.3959236936126267,-7.630638737321505e-05
leave_one_model_size_out,6,N=2.782831B,B1:2.782831:18000,2.782831,37.749,2.3887,2.388684848577727,-1.5151422273262938e-05
leave_one_model_size_out,6,N=2.782831B,B1:2.782831:19000,2.782831,39.846,2.3819,2.381943217264297,4.3217264297013e-05
leave_one_model_size_out,6,N=2.782831B,B1:2.782831:20000,2.782831,41.943,2.3757,2.3756410536750567,-5.894632494340968e-05
leave_one_model_size_out,6,N=2.782831B,B1:2.782831:21000,2.782831,44.04,2.3697,2.3697297936302624,2.979363026245352e-05
leave_one_model_size_out,6,N=2.782831B,B1:2.782831:22000,2.782831,46.137,2.3642,2.364168237559483,-3.1762440516835966e-05
leave_one_model_size_out,6,N=2.782831B,B1:2.782831:23000,2.782831,48.234,2.3589,2.3589211574157076,2.1157415707406813e-05
leave_one_model_size_out,6,N=2.782831B,B1:2.782831:24000,2.782831,50.332,2.3539,2.3539559117164055,5.591171640562109e-05
leave_one_model_size_out,6,N=2.782831B,B1:2.782831:25000,2.782831,52.429,2.3492,2.349250925932215,5.092593221478481e-05
leave_one_model_size_out,6,N=2.782831B,B1:2.782831:26000,2.782831,54.526,2.3448,2.34478083645347,-1.9163546530087672e-05
leave_one_model_size_out,6,N=2.782831B,B1:2.782831:27000,2.782831,56.623,2.3405,2.3405255360308246,2.5536030824557798e-05
leave_one_model_size_out,6,N=2.782831B,B1:2.782831:28000,2.782831,58.72,2.3366,2.336467304132342,-0.00013269586765796149
leave_one_model_size_out,6,N=2.782831B,B1:2.782831:29000,2.782831,60.817,2.3325,2.3325904501517174,9.045015171738058e-05
leave_one_model_size_out,6,N=2.782831B,B1:2.782831:30000,2.782831,62.915,2.3288,2.3288792891797683,7.92891797680717e-05
leave_one_model_size_out,6,N=2.782831B,B1:2.782831:31000,2.782831,65.012,2.3253,2.3253248945574425,2.4894557442589615e-05
leave_one_model_size_out,6,N=2.782831B,B1:2.782831:32000,2.782831,67.109,2.3221,2.3219142911420536,-0.00018570885794622072
leave_one_model_size_out,6,N=2.782831B,B1:2.782831:33000,2.782831,69.206,2.3186,2.3186374339479885,3.743394798849664e-05
leave_one_model_size_out,6,N=2.782831B,B1:2.782831:34000,2.782831,71.303,2.3156,2.3154852575404994,-0.00011474245950049422
leave_one_model_size_out,6,N=2.782831B,B1:2.782831:35000,2.782831,73.4,2.3123,2.3124495549827215,0.00014955498272151146
leave_one_model_size_out,6,N=2.782831B,B1:2.782831:36000,2.782831,75.497,2.3095,2.3095228747206966,2.2874720696730577e-05
leave_one_model_size_out,6,N=2.782831B,B1:2.782831:37000,2.782831,77.595,2.3068,2.3066971088161066,-0.00010289118389339436
leave_one_model_size_out,6,N=2.782831B,B1:2.782831:38000,2.782831,79.692,2.304,2.303968755545514,-3.12444544858792e-05
leave_one_model_size_out,6,N=2.782831B,B1:2.782831:39000,2.782831,81.789,2.3014,2.3013307769945706,-6.922300542955284e-05
leave_one_model_size_out,6,N=2.782831B,B1:2.782831:40000,2.782831,83.886,2.2987,2.2987779749564825,7.797495648231845e-05
leave_one_model_size_out,6,N=2.782831B,B1:2.782831:41000,2.782831,85.983,2.2964,2.2963055707904623,-9.442920953794953e-05
leave_one_model_size_out,6,N=2.782831B,B1:2.782831:42000,2.782831,88.08,2.2941,2.2939091622919516,-0.0001908377080481749
leave_one_model_size_out,6,N=2.782831B,B1:2.782831:43000,2.782831,90.178,2.2915,2.291583593977312,8.359397731183549e-05
leave_one_model_size_out,6,N=2.782831B,B1:2.782831:44000,2.782831,92.275,2.2893,2.2893273232343856,2.7323234385701056e-05
leave_one_model_size_out,6,N=2.782831B,B1:2.782831:45000,2.782831,94.372,2.2873,2.2871357428993946,-0.0001642571006055249
leave_one_model_size_out,6,N=2.782831B,B1:2.782831:46000,2.782831,96.469,2.2851,2.285005621353999,-9.437864600103651e-05
leave_one_model_size_out,6,N=2.782831B,B1:2.782831:47000,2.782831,98.566,2.2829,2.2829339542509155,3.395425091534676e-05
leave_one_model_size_out,6,N=2.782831B,B1:2.782831:48000,2.782831,100.663,2.2809,2.2809179440946985,1.7944094698574276e-05
leave_one_model_size_out,6,N=2.782831B,B1:2.782831:49000,2.782831,102.76,2.2789,2.278954982039259,5.498203925879963e-05
leave_one_model_size_out,6,N=2.782831B,B1:2.782831:50000,2.782831,104.858,2.2769,2.2770417313807867,0.00014173138078676928
leave_one_model_size_out,6,N=2.782831B,B1:2.782831:51000,2.782831,106.955,2.2751,2.2751777364797094,7.773647970932274e-05
leave_one_model_size_out,6,N=2.782831B,B1:2.782831:52000,2.782831,109.052,2.2733,2.2733599396645072,5.993966450734689e-05
leave_one_model_size_out,6,N=2.782831B,B1:2.782831:53000,2.782831,111.149,2.2715,2.2715863400435286,8.634004352847668e-05
leave_one_model_size_out,6,N=2.782831B,B1:2.782831:54000,2.782831,113.246,2.2698,2.2698550590752324,5.5059075232399834e-05
leave_one_model_size_out,6,N=2.782831B,B1:2.782831:55000,2.782831,115.343,2.2682,2.268164330984233,-3.56690157672368e-05
leave_one_model_size_out,6,N=2.782831B,B1:2.782831:56000,2.782831,117.441,2.2666,2.2665117153973573,-8.828460264265203e-05
leave_one_model_size_out,6,N=2.782831B,B1:2.782831:57000,2.782831,119.538,2.2648,2.264897221676433,9.722167643300139e-05
leave_one_model_size_out,6,N=2.782831B,B1:2.782831:58000,2.782831,121.635,2.2634,2.2633185766304798,-8.142336952010609e-05
leave_one_model_size_out,6,N=2.782831B,B1:2.782831:59000,2.782831,123.732,2.2617,2.2617743864992277,7.438649922786311e-05
leave_one_model_size_out,6,N=2.782831B,B1:2.782831:60000,2.782831,125.829,2.2603,2.2602633341723557,-3.6665827644277726e-05
leave_one_model_size_out,6,N=2.782831B,B1:2.782831:61000,2.782831,127.926,2.2588,2.2587841737795262,-1.582622047369142e-05
leave_one_model_size_out,6,N=2.782831B,B1:2.782831:62000,2.782831,130.023,2.2572,2.2573357257438404,0.00013572574384035363
leave_one_model_size_out,6,N=2.782831B,B1:2.782831:63000,2.782831,132.121,2.2559,2.2559162025300616,1.620253006162642e-05
leave_one_model_size_out,6,N=2.782831B,B1:2.782831:64000,2.782831,134.218,2.2545,2.254525896742588,2.5896742587683264e-05
leave_one_model_size_out,6,N=2.782831B,B1:2.782831:65000,2.782831,136.315,2.2532,2.253163118421158,-3.688157884207399e-05
leave_one_model_size_out,6,N=2.782831B,B1:2.782831:66000,2.782831,138.412,2.2518,2.251826911469495,2.6911469495072282e-05
leave_one_model_size_out,6,N=2.782831B,B1:2.782831:67000,2.782831,140.509,2.2507,2.2505163668480437,-0.0001836331519564638
leave_one_model_size_out,6,N=2.782831B,B1:2.782831:68000,2.782831,142.606,2.2492,2.249230619596473,3.061959647299162e-05
leave_one_model_size_out,6,N=2.782831B,B1:2.782831:69000,2.782831,144.703,2.2479,2.247968846085209,6.884608520918434e-05
leave_one_model_size_out,6,N=2.782831B,B1:2.782831:70000,2.782831,146.801,2.2467,2.246729676240636,2.9676240635989615e-05
leave_one_model_size_out,6,N=2.782831B,B1:2.782831:71000,2.782831,148.898,2.2455,2.2455135426619854,1.3542661985610494e-05
leave_one_model_size_out,6,N=2.782831B,B1:2.782831:72000,2.782831,150.995,2.2443,2.244319135118587,1.913511858697703e-05
leave_one_model_size_out,6,N=2.782831B,B1:2.782831:73000,2.782831,153.092,2.2432,2.243145771735026,-5.4228264974032214e-05
leave_one_model_size_out,6,N=2.782831B,B1:2.782831:74000,2.782831,155.189,2.2421,2.241992801005671,-0.00010719899432931612
leave_one_model_size_out,6,N=2.782831B,B1:2.782831:75000,2.782831,157.286,2.2408,2.2408596000532737,5.960005327354523e-05
leave_one_model_size_out,6,N=2.782831B,B1:2.782831:76000,2.782831,159.384,2.2397,2.239745046243351,4.504624335099905e-05
leave_one_model_size_out,6,N=2.782831B,B1:2.782831:77000,2.782831,161.481,2.2387,2.2386496314783604,-5.036852163975425e-05
leave_one_model_size_out,6,N=2.782831B,B1:2.782831:78000,2.782831,163.578,2.2375,2.2375722737244184,7.227372441853674e-05
leave_one_model_size_out,6,N=2.782831B,B1:2.782831:79000,2.782831,165.675,2.2366,2.236512449501579,-8.755049842124052e-05
leave_one_model_size_out,6,N=2.782831B,B1:2.782831:80000,2.782831,167.772,2.2355,2.235469656888262,-3.0343111737884954e-05
leave_one_model_size_out,6,N=2.782831B,B1:2.782831:81000,2.782831,169.869,2.2343,2.234443414377089,0.00014341437708864646
leave_one_model_size_out,6,N=2.782831B,B1:2.782831:82000,2.782831,171.966,2.2336,2.233433259804707,-0.00016674019529316908
leave_one_model_size_out,6,N=2.782831B,B1:2.782831:83000,2.782831,174.064,2.2326,2.232438278759476,-0.00016172124052404868
leave_one_model_size_out,6,N=2.782831B,B1:2.782831:84000,2.782831,176.161,2.2314,2.231458993162804,5.899316280411071e-05
leave_one_model_size_out,6,N=2.782831B,B1:2.782831:85000,2.782831,178.258,2.2305,2.2304945151808857,-5.484819114442985e-06
leave_one_model_size_out,6,N=2.782831B,B1:2.782831:86000,2.782831,180.355,2.2296,2.2295444506251156,-5.554937488438938e-05
leave_one_model_size_out,6,N=2.782831B,B1:2.782831:87000,2.782831,182.452,2.2286,2.228608420228989,8.420228988725853e-06
leave_one_model_size_out,6,N=2.782831B,B1:2.782831:88000,2.782831,184.549,2.2277,2.227686058919403,-1.3941080597046351e-05
leave_one_model_size_out,6,N=2.782831B,B1:2.782831:89000,2.782831,186.647,2.2269,2.2267765847566006,-0.00012341524339953835
leave_one_model_size_out,6,N=2.782831B,B1:2.782831:90000,2.782831,188.744,2.2259,2.225880525898691,-1.9474101309313596e-05
leave_one_model_size_out,6,N=2.782831B,B1:2.782831:91000,2.782831,190.841,2.2249,2.224997119261652,9.711926165190121e-05
leave_one_model_size_out,6,N=2.782831B,B1:2.782831:92000,2.782831,192.938,2.224,2.224126050088352,0.00012605008835198106
leave_one_model_size_out,6,N=2.782831B,B1:2.782831:93000,2.782831,195.035,2.2232,2.2232670147651006,6.70147651007369e-05
leave_one_model_size_out,6,N=2.782831B,B1:2.782831:94000,2.782831,197.132,2.2224,2.22241972031234,1.9720312339988055e-05
leave_one_model_size_out,6,N=2.782831B,B1:2.782831:95000,2.782831,199.229,2.2217,2.2215838839037607,-0.00011611609623907171
leave_one_model_size_out,6,N=2.782831B,B1:2.782831:96000,2.782831,201.327,2.2207,2.2207588417848045,5.884178480464186e-05
leave_one_model_size_out,6,N=2.782831B,B1:2.782831:97000,2.782831,203.424,2.22,2.2199451164981725,-5.488350182769608e-05
leave_one_model_size_out,6,N=2.782831B,B1:2.782831:98000,2.782831,205.521,2.2191,2.2191420571558016,4.205715580152258e-05
leave_one_model_size_out,6,N=2.782831B,B1:2.782831:99000,2.782831,207.618,2.2184,2.2183494172452463,-5.058275475366969e-05
leave_one_model_size_out,6,N=2.782831B,B1:2.782831:100000,2.782831,209.715,2.2178,2.2175669583682605,-0.00023304163173953896
leave_one_model_size_out,6,N=2.782831B,B1:2.782831:101000,2.782831,211.812,2.2168,2.216794449895739,-5.550104261065059e-06
leave_one_model_size_out,6,N=2.782831B,B1:2.782831:102000,2.782831,213.91,2.216,2.2160313071775533,3.130717755306378e-05
leave_one_model_size_out,6,N=2.782831B,B1:2.782831:103000,2.782831,216.007,2.2154,2.2152780415695332,-0.00012195843046658439
leave_one_model_size_out,6,N=2.782831B,B1:2.782831:104000,2.782831,218.104,2.2146,2.214534077807109,-6.592219289069945e-05
leave_one_model_size_out,6,N=2.782831B,B1:2.782831:105000,2.782831,220.201,2.214,2.2137992132327176,-0.00020078676728241263
leave_one_model_size_out,6,N=2.782831B,B1:2.782831:106000,2.782831,222.298,2.2131,2.213073251480574,-2.6748519425634498e-05
leave_one_model_size_out,6,N=2.782831B,B1:2.782831:107000,2.782831,224.395,2.2123,2.21235600222417,5.6002224170015324e-05
leave_one_model_size_out,6,N=2.782831B,B1:2.782831:108000,2.782831,226.492,2.2117,2.2116472809361514,-5.2719063848627457e-05
leave_one_model_size_out,6,N=2.782831B,B1:2.782831:109000,2.782831,228.59,2.211,2.2109465766359704,-5.342336402947012e-05
leave_one_model_size_out,6,N=2.782831B,B1:2.782831:110000,2.782831,230.687,2.2103,2.210254383626081,-4.561637391908846e-05
leave_one_model_size_out,6,N=2.782831B,B1:2.782831:111000,2.782831,232.784,2.2096,2.2095701974882087,-2.9802511791299224e-05
leave_one_model_size_out,6,N=2.782831B,B1:2.782831:112000,2.782831,234.881,2.209,2.208893854716377,-0.00010614528362307141
leave_one_model_size_out,6,N=2.782831B,B1:2.782831:113000,2.782831,236.978,2.2083,2.2082251965653965,-7.480343460342098e-05
leave_one_model_size_out,6,N=2.782831B,B1:2.782831:114000,2.782831,239.075,2.2077,2.207564068871575,-0.00013593112842480437
leave_one_model_size_out,6,N=2.782831B,B1:2.782831:115000,2.782831,241.172,2.207,2.2069103218816823,-8.967811831750439e-05
leave_one_model_size_out,6,N=2.782831B,B1:2.782831:116000,2.782831,243.27,2.2063,2.206263503489832,-3.649651016823796e-05
leave_one_model_size_out,6,N=2.782831B,B1:2.782831:117000,2.782831,245.367,2.2056,2.205624088830934,2.4088830933965966e-05
leave_one_model_size_out,6,N=2.782831B,B1:2.782831:118000,2.782831,247.464,2.2051,2.204991630418691,-0.00010836958130866492
leave_one_model_size_out,6,N=2.782831B,B1:2.782831:119000,2.782831,249.561,2.2043,2.204365994583177,6.599458317690932e-05
leave_one_model_size_out,6,N=2.782831B,B1:2.782831:120000,2.782831,251.658,2.2038,2.2037470513187882,-5.2948681211972826e-05
leave_one_model_size_out,6,N=2.782831B,B1:2.782831:121000,2.782831,253.755,2.2031,2.2031346741542617,3.46741542616158e-05
leave_one_model_size_out,6,N=2.782831B,B1:2.782831:122000,2.782831,255.853,2.2025,2.2025284525932722,2.845259327211025e-05
leave_one_model_size_out,6,N=2.782831B,B1:2.782831:123000,2.782831,257.95,2.202,2.20192884472295,-7.115527705003899e-05
leave_one_model_size_out,6,N=2.782831B,B1:2.782831:124000,2.782831,260.047,2.2014,2.2013354434728503,-6.455652714976168e-05
leave_one_model_size_out,6,N=2.782831B,B1:2.782831:125000,2.782831,262.144,2.2008,2.2007481353191856,-5.186468081452844e-05
leave_one_model_size_out,6,N=2.782831B,B1:2.782831:126000,2.782831,264.241,2.2001,2.200166809701599,6.680970159900212e-05
leave_one_model_size_out,6,N=2.782831B,B1:2.782831:127000,2.782831,266.338,2.1997,2.19959135892302,-0.00010864107697994285
leave_one_model_size_out,6,N=2.782831B,B1:2.782831:128000,2.782831,268.435,2.1991,2.1990216780536613,-7.832194633872192e-05
leave_one_model_size_out,6,N=2.782831B,B1:2.782831:129000,2.782831,270.533,2.1986,2.1984573972130614,-0.00014260278693845052
leave_one_model_size_out,6,N=2.782831B,B1:2.782831:130000,2.782831,272.63,2.1979,2.1978989546171768,-1.0453828234169293e-06
leave_one_model_size_out,6,N=2.782831B,B1:2.782831:131000,2.782831,274.727,2.1974,2.1973459827970165,-5.401720298348067e-05
leave_one_model_size_out,6,N=2.782831B,B1:2.782831:132000,2.782831,276.824,2.1968,2.19679838700902,-1.612990979893425e-06
leave_one_model_size_out,6,N=2.782831B,B1:2.782831:133000,2.782831,278.921,2.1964,2.1962560748522946,-0.0001439251477055592
leave_one_model_size_out,6,N=2.782831B,B1:2.782831:134000,2.782831,281.018,2.1957,2.195718956193593,1.89561935930449e-05
leave_one_model_size_out,6,N=2.782831B,B1:2.782831:135000,2.782831,283.116,2.1952,2.1951866905974287,-1.3309402571159978e-05
leave_one_model_size_out,6,N=2.782831B,B1:2.782831:136000,2.782831,285.213,2.1947,2.194659699621662,-4.030037833802069e-05
leave_one_model_size_out,6,N=2.782831B,B1:2.782831:137000,2.782831,287.31,2.1942,2.1941376446036998,-6.235539630017328e-05
leave_one_model_size_out,6,N=2.782831B,B1:2.782831:138000,2.782831,289.407,2.1936,2.1936204437884395,2.0443788439461485e-05
leave_one_model_size_out,6,N=2.782831B,B1:2.782831:139000,2.782831,291.504,2.1931,2.193108017354798,8.017354798273146e-06
leave_one_model_size_out,6,N=2.782831B,B1:2.782831:140000,2.782831,293.601,2.1927,2.1926002873564396,-9.971264356023468e-05
leave_one_model_size_out,6,N=2.782831B,B1:2.782831:141000,2.782831,295.698,2.192,2.1920971776647264,9.717766472627787e-05
leave_one_model_size_out,6,N=2.782831B,B1:2.782831:142000,2.782831,297.796,2.1916,2.1915983772356515,-1.622764348674366e-06
leave_one_model_size_out,6,N=2.782831B,B1:2.782831:143000,2.782831,299.893,2.1911,2.1911042888856502,4.288885650183261e-06
leave_one_model_size_out,7,N=6.86104B,B1:6.86104:64,6.86104,0.134,4.0512,4.050648410806751,-0.0005515891932486028
leave_one_model_size_out,7,N=6.86104B,B1:6.86104:128,6.86104,0.268,3.6658,3.6667567118343323,0.0009567118343323244
leave_one_model_size_out,7,N=6.86104B,B1:6.86104:256,6.86104,0.537,3.3494,3.3497931871171804,0.00039318711718028254
leave_one_model_size_out,7,N=6.86104B,B1:6.86104:512,6.86104,1.074,3.0899,3.089495717778813,-0.0004042822211869357
leave_one_model_size_out,7,N=6.86104B,B1:6.86104:1000,6.86104,2.097,2.8818,2.8818585866103446,5.858661034441326e-05
leave_one_model_size_out,7,N=6.86104B,B1:6.86104:2000,6.86104,4.194,2.7039,2.7040803231135198,0.00018032311351978692
leave_one_model_size_out,7,N=6.86104B,B1:6.86104:3000,6.86104,6.291,2.6151,2.6149988362693684,-0.00010116373063162598
leave_one_model_size_out,7,N=6.86104B,B1:6.86104:4000,6.86104,8.389,2.5577,2.5576300343038327,-6.996569616735115e-05
leave_one_model_size_out,7,N=6.86104B,B1:6.86104:5000,6.86104,10.486,2.5161,2.5162280241486825,0.00012802414868273715
leave_one_model_size_out,7,N=6.86104B,B1:6.86104:6000,6.86104,12.583,2.4841,2.4842671037514665,0.00016710375146633538
leave_one_model_size_out,7,N=6.86104B,B1:6.86104:7000,6.86104,14.68,2.4586,2.4584878279316036,-0.00011217206839653215
leave_one_model_size_out,7,N=6.86104B,B1:6.86104:8000,6.86104,16.777,2.4371,2.4370381379782895,-6.186202171054589e-05
leave_one_model_size_out,7,N=6.86104B,B1:6.86104:9000,6.86104,18.874,2.4187,2.418772089831986,7.208983198614405e-05
leave_one_model_size_out,7,N=6.86104B,B1:6.86104:10000,6.86104,20.972,2.4032,2.402927881340204,-0.000272118659796039
leave_one_model_size_out,7,N=6.86104B,B1:6.86104:11000,6.86104,23.069,2.3889,2.3889989918075907,9.899180759065374e-05
leave_one_model_size_out,7,N=6.86104B,B1:6.86104:12000,6.86104,25.166,2.3764,2.3766031967893784,0.0002031967893785236
leave_one_model_size_out,7,N=6.86104B,B1:6.86104:13000,6.86104,27.263,2.3654,2.365463612951531,6.361295153078927e-05
leave_one_model_size_out,7,N=6.86104B,B1:6.86104:14000,6.86104,29.36,2.3553,2.3553700378104607,7.00378104605548e-05
leave_one_model_size_out,7,N=6.86104B,B1:6.86104:15000,6.86104,31.457,2.3462,2.3461594230779146,-4.057692208547792e-05
leave_one_model_size_out,7,N=6.86104B,B1:6.86104:16000,6.86104,33.554,2.3377,2.3377029520470862,2.952047086335341e-06
leave_one_model_size_out,7,N=6.86104B,B1:6.86104:17000,6.86104,35.652,2.3299,2.329893642720633,-6.357279366930868e-06
leave_one_model_size_out,7,N=6.86104B,B1:6.86104:18000,6.86104,37.749,2.3225,2.322654751557746,0.00015475155774602456
leave_one_model_size_out,7,N=6.86104B,B1:6.86104:19000,6.86104,39.846,2.3161,2.3159130761654656,-0.00018692383453444705
leave_one_model_size_out,7,N=6.86104B,B1:6.86104:20000,6.86104,41.943,2.3096,2.309610870379643,1.08703796430909e-05
leave_one_model_size_out,7,N=6.86104B,B1:6.86104:21000,6.86104,44.04,2.3038,2.303699569872525,-0.00010043012747473767
leave_one_model_size_out,7,N=6.86104B,B1:6.86104:22000,6.86104,46.137,2.2982,2.2981379749419397,-6.20250580602999e-05
leave_one_model_size_out,7,N=6.86104B,B1:6.86104:23000,6.86104,48.234,2.2929,2.292890857423198,-9.142576801846047e-06
leave_one_model_size_out,7,N=6.86104B,B1:6.86104:24000,6.86104,50.332,2.288,2.2879255757114425,-7.442428855730654e-05
leave_one_model_size_out,7,N=6.86104B,B1:6.86104:25000,6.86104,52.429,2.2832,2.283220555216748,2.055521674826366e-05
leave_one_model_size_out,7,N=6.86104B,B1:6.86104:26000,6.86104,54.526,2.2788,2.2787504322263894,-4.95677736105371e-05
leave_one_model_size_out,7,N=6.86104B,B1:6.86104:27000,6.86104,56.623,2.2746,2.2744950994135746,-0.00010490058642531608
leave_one_model_size_out,7,N=6.86104B,B1:6.86104:28000,6.86104,58.72,2.2704,2.2704368361760747,3.6836176074750426e-05
leave_one_model_size_out,7,N=6.86104B,B1:6.86104:29000,6.86104,60.817,2.2666,2.2665599518436066,-4.004815639335746e-05
leave_one_model_size_out,7,N=6.86104B,B1:6.86104:30000,6.86104,62.915,2.2628,2.2628487614347788,4.8761434778832324e-05
leave_one_model_size_out,7,N=6.86104B,B1:6.86104:31000,6.86104,65.012,2.2594,2.2592943382651596,-0.00010566173484027885
leave_one_model_size_out,7,N=6.86104B,B1:6.86104:32000,6.86104,67.109,2.2558,2.255883707128818,8.370712881822229e-05
leave_one_model_size_out,7,N=6.86104B,B1:6.86104:33000,6.86104,69.206,2.2528,2.2526068229951015,-0.00019317700489862588
leave_one_model_size_out,7,N=6.86104B,B1:6.86104:34000,6.86104,71.303,2.2494,2.249454620387767,5.46203877669349e-05
leave_one_model_size_out,7,N=6.86104B,B1:6.86104:35000,6.86104,73.4,2.2463,2.24641889233164,0.00011889233163975277
leave_one_model_size_out,7,N=6.86104B,B1:6.86104:36000,6.86104,75.497,2.2435,2.243492187237324,-7.81276267591835e-06
leave_one_model_size_out,7,N=6.86104B,B1:6.86104:37000,6.86104,77.595,2.2406,2.2406663971222613,6.639712226119698e-05
leave_one_model_size_out,7,N=6.86104B,B1:6.86104:38000,6.86104,79.692,2.238,2.237938020255586,-6.197974441413123e-05
leave_one_model_size_out,7,N=6.86104B,B1:6.86104:39000,6.86104,81.789,2.2352,2.2353000186828957,0.000100018682895886
leave_one_model_size_out,7,N=6.86104B,B1:6.86104:40000,6.86104,83.886,2.2327,2.2327471941709707,4.7194170970765725e-05
leave_one_model_size_out,7,N=6.86104B,B1:6.86104:41000,6.86104,85.983,2.2301,2.2302747680543633,0.00017476805436311693
leave_one_model_size_out,7,N=6.86104B,B1:6.86104:42000,6.86104,88.08,2.2278,2.227878338105469,7.833810546920006e-05
leave_one_model_size_out,7,N=6.86104B,B1:6.86104:43000,6.86104,90.178,2.2253,2.225552748809189,0.00025274880918901843
leave_one_model_size_out,7,N=6.86104B,B1:6.86104:44000,6.86104,92.275,2.2231,2.223296457553145,0.000196457553145013
leave_one_model_size_out,7,N=6.86104B,B1:6.86104:45000,6.86104,94.372,2.2212,2.221104857144473,-9.514285552691959e-05
leave_one_model_size_out,7,N=6.86104B,B1:6.86104:46000,6.86104,96.469,2.219,2.2189747159470063,-2.5284052993512773e-05
leave_one_model_size_out,7,N=6.86104B,B1:6.86104:47000,6.86104,98.566,2.2169,2.216903029596688,3.0295966881865866e-06
leave_one_model_size_out,7,N=6.86104B,B1:6.86104:48000,6.86104,100.663,2.2148,2.2148870005822725,8.700058227262275e-05
leave_one_model_size_out,7,N=6.86104B,B1:6.86104:49000,6.86104,102.76,2.2129,2.21292402004277,2.402004276991221e-05
leave_one_model_size_out,7,N=6.86104B,B1:6.86104:50000,6.86104,104.858,2.211,2.211010751251743,1.0751251743101875e-05
leave_one_model_size_out,7,N=6.86104B,B1:6.86104:51000,6.86104,106.955,2.209,2.209146738573605,0.00014673857360492093
leave_one_model_size_out,7,N=6.86104B,B1:6.86104:52000,6.86104,109.052,2.2074,2.207328924315531,-7.107568446862444e-05
leave_one_model_size_out,7,N=6.86104B,B1:6.86104:53000,6.86104,111.149,2.2056,2.205555307573957,-4.469242604310253e-05
leave_one_model_size_out,7,N=6.86104B,B1:6.86104:54000,6.86104,113.246,2.2038,2.203824009796052,2.400979605177156e-05
leave_one_model_size_out,7,N=6.86104B,B1:6.86104:55000,6.86104,115.343,2.2021,2.2021332651957164,3.326519571622555e-05
leave_one_model_size_out,7,N=6.86104B,B1:6.86104:56000,6.86104,117.441,2.2005,2.200480633381938,-1.9366618062122143e-05
leave_one_model_size_out,7,N=6.86104B,B1:6.86104:57000,6.86104,119.538,2.1987,2.1988661237223406,0.00016612372234048323
leave_one_model_size_out,7,N=6.86104B,B1:6.86104:58000,6.86104,121.635,2.1973,2.1972874630089425,-1.2536991057299218e-05
leave_one_model_size_out,7,N=6.86104B,B1:6.86104:59000,6.86104,123.732,2.1957,2.195743257472719,4.325747271893832e-05
leave_one_model_size_out,7,N=6.86104B,B1:6.86104:60000,6.86104,125.829,2.1941,2.194232189995006,0.00013218999500574924
leave_one_model_size_out,7,N=6.86104B,B1:6.86104:61000,6.86104,127.926,2.1927,2.1927530146975127,5.3014697512843156e-05
leave_one_model_size_out,7,N=6.86104B,B1:6.86104:62000,6.86104,130.023,2.1914,2.1913045519957497,-9.544800425009825e-05
leave_one_model_size_out,7,N=6.86104B,B1:6.86104:63000,6.86104,132.121,2.1899,2.189885014340405,-1.4985659595012635e-05
leave_one_model_size_out,7,N=6.86104B,B1:6.86104:64000,6.86104,134.218,2.1884,2.1884946943427157,9.469434271558441e-05
leave_one_model_size_out,7,N=6.86104B,B1:6.86104:65000,6.86104,136.315,2.1872,2.187131902028862,-6.809797113760396e-05
leave_one_model_size_out,7,N=6.86104B,B1:6.86104:66000,6.86104,138.412,2.1859,2.1857956812962325,-0.00010431870376770291
leave_one_model_size_out,7,N=6.86104B,B1:6.86104:67000,6.86104,140.509,2.1845,2.184485123099208,-1.4876900791715997e-05
leave_one_model_size_out,7,N=6.86104B,B1:6.86104:68000,6.86104,142.606,2.1832,2.183199362471647,-6.375283527759734e-07
leave_one_model_size_out,7,N=6.86104B,B1:6.86104:69000,6.86104,144.703,2.1819,2.181937575778407,3.7575778407017424e-05
leave_one_model_size_out,7,N=6.86104B,B1:6.86104:70000,6.86104,146.801,2.1807,2.1806983929343806,-1.607065619246839e-06
leave_one_model_size_out,7,N=6.86104B,B1:6.86104:71000,6.86104,148.898,2.1795,2.1794822465460624,-1.7753453937618957e-05
leave_one_model_size_out,7,N=6.86104B,B1:6.86104:72000,6.86104,150.995,2.1783,2.178287826371622,-1.217362837824254e-05
leave_one_model_size_out,7,N=6.86104B,B1:6.86104:73000,6.86104,153.092,2.1772,2.1771144505309166,-8.554946908345684e-05
leave_one_model_size_out,7,N=6.86104B,B1:6.86104:74000,6.86104,155.189,2.176,2.1759614675137704,-3.853248622975869e-05
leave_one_model_size_out,7,N=6.86104B,B1:6.86104:75000,6.86104,157.286,2.1748,2.174828254438566,2.825443856613319e-05
leave_one_model_size_out,7,N=6.86104B,B1:6.86104:76000,6.86104,159.384,2.1738,2.1737136886609494,-8.631133905057098e-05
leave_one_model_size_out,7,N=6.86104B,B1:6.86104:77000,6.86104,161.481,2.1726,2.1726182620907375,1.8262090737408698e-05
leave_one_model_size_out,7,N=6.86104B,B1:6.86104:78000,6.86104,163.578,2.1717,2.1715408926844075,-0.00015910731559243274
leave_one_model_size_out,7,N=6.86104B,B1:6.86104:79000,6.86104,165.675,2.1704,2.1704810569582578,8.105695825788573e-05
leave_one_model_size_out,7,N=6.86104B,B1:6.86104:80000,6.86104,167.772,2.1696,2.1694382529870886,-0.00016174701291138405
leave_one_model_size_out,7,N=6.86104B,B1:6.86104:81000,6.86104,169.869,2.1684,2.16841199926003,1.1999260030037817e-05
leave_one_model_size_out,7,N=6.86104B,B1:6.86104:82000,6.86104,171.966,2.1673,2.1674018336103615,0.00010183361036153471
leave_one_model_size_out,7,N=6.86104B,B1:6.86104:83000,6.86104,174.064,2.1664,2.166406841618007,6.84161800723615e-06
leave_one_model_size_out,7,N=6.86104B,B1:6.86104:84000,6.86104,176.161,2.1654,2.1654275452116707,2.7545211670698677e-05
leave_one_model_size_out,7,N=6.86104B,B1:6.86104:85000,6.86104,178.258,2.1645,2.164463056549265,-3.694345073501637e-05
leave_one_model_size_out,7,N=6.86104B,B1:6.86104:86000,6.86104,180.355,2.1635,2.163512981439254,1.298143925421158e-05
leave_one_model_size_out,7,N=6.86104B,B1:6.86104:87000,6.86104,182.452,2.1625,2.1625769406123028,7.694061230267835e-05
leave_one_model_size_out,7,N=6.86104B,B1:6.86104:88000,6.86104,184.549,2.1616,2.161654568992569,5.456899256905956e-05
leave_one_model_size_out,7,N=6.86104B,B1:6.86104:89000,6.86104,186.647,2.1609,2.1607450846328136,-0.0001549153671862591
leave_one_model_size_out,7,N=6.86104B,B1:6.86104:90000,6.86104,188.744,2.16,2.1598490156983012,-0.00015098430169890875
leave_one_model_size_out,7,N=6.86104B,B1:6.86104:91000,6.86104,190.841,2.159,2.1589655990976397,-3.4400902360065544e-05
leave_one_model_size_out,7,N=6.86104B,B1:6.86104:92000,6.86104,192.938,2.1581,2.158094520071294,-5.4799287059204005e-06
leave_one_model_size_out,7,N=6.86104B,B1:6.86104:93000,6.86104,195.035,2.1572,2.1572354750032443,3.547500324430075e-05
leave_one_model_size_out,7,N=6.86104B,B1:6.86104:94000,6.86104,197.132,2.1564,2.1563881709116774,-1.1829088322645731e-05
leave_one_model_size_out,7,N=6.86104B,B1:6.86104:95000,6.86104,199.229,2.1555,2.1555523249680952,5.23249680952631e-05
leave_one_model_size_out,7,N=6.86104B,B1:6.86104:96000,6.86104,201.327,2.1547,2.1547272734113445,2.7273411344452825e-05
leave_one_model_size_out,7,N=6.86104B,B1:6.86104:97000,6.86104,203.424,2.1538,2.153913538791065,0.00011353879106490439
leave_one_model_size_out,7,N=6.86104B,B1:6.86104:98000,6.86104,205.521,2.1531,2.153110470212675,1.0470212675084412e-05
leave_one_model_size_out,7,N=6.86104B,B1:6.86104:99000,6.86104,207.618,2.1524,2.1523178211617915,-8.217883820860195e-05
leave_one_model_size_out,7,N=6.86104B,B1:6.86104:100000,6.86104,209.715,2.1515,2.151535353238288,3.5353238287960664e-05
leave_one_model_size_out,7,N=6.86104B,B1:6.86104:101000,6.86104,211.812,2.1509,2.150762835811232,-0.00013716418876796865
leave_one_model_size_out,7,N=6.86104B,B1:6.86104:102000,6.86104,213.91,2.1499,2.149999684224515,9.968422451489545e-05
leave_one_model_size_out,7,N=6.86104B,B1:6.86104:103000,6.86104,216.007,2.1491,2.149246409840697,0.00014640984069735907
leave_one_model_size_out,7,N=6.86104B,B1:6.86104:104000,6.86104,218.104,2.1485,2.1485024373892845,2.4373892846263345e-06
leave_one_model_size_out,7,N=6.86104B,B1:6.86104:105000,6.86104,220.201,2.1478,2.1477675642110845,-3.243578891565235e-05
leave_one_model_size_out,7,N=6.86104B,B1:6.86104:106000,6.86104,222.298,2.1472,2.147041593938729,-0.00015840606127115464
leave_one_model_size_out,7,N=6.86104B,B1:6.86104:107000,6.86104,224.395,2.1463,2.146324336244168,2.4336244167866283e-05
leave_one_model_size_out,7,N=6.86104B,B1:6.86104:108000,6.86104,226.492,2.1457,2.14561560659855,-8.439340145027785e-05
leave_one_model_size_out,7,N=6.86104B,B1:6.86104:109000,6.86104,228.59,2.1449,2.144914894015938,1.489401593834927e-05
leave_one_model_size_out,7,N=6.86104B,B1:6.86104:110000,6.86104,230.687,2.1442,2.1442226928052626,2.269280526245865e-05
leave_one_model_size_out,7,N=6.86104B,B1:6.86104:111000,6.86104,232.784,2.1436,2.1435384985429,-6.150145710037691e-05
leave_one_model_size_out,7,N=6.86104B,B1:6.86104:112000,6.86104,234.881,2.1429,2.142862147721526,-3.785227847385997e-05
leave_one_model_size_out,7,N=6.86104B,B1:6.86104:113000,6.86104,236.978,2.1421,2.142193481594642,9.348159464206418e-05
leave_one_model_size_out,7,N=6.86104B,B1:6.86104:114000,6.86104,239.075,2.1416,2.1415323459972786,-6.765400272135125e-05
leave_one_model_size_out,7,N=6.86104B,B1:6.86104:115000,6.86104,241.172,2.141,2.140878591174959,-0.0001214088250409695
leave_one_model_size_out,7,N=6.86104B,B1:6.86104:116000,6.86104,243.27,2.1402,2.1402317650168987,3.1765016898610554e-05
leave_one_model_size_out,7,N=6.86104B,B1:6.86104:117000,6.86104,245.367,2.1396,2.139592342664228,-7.657335772126572e-06
leave_one_model_size_out,7,N=6.86104B,B1:6.86104:118000,6.86104,247.464,2.139,2.138959876625779,-4.0123374220879526e-05
leave_one_model_size_out,7,N=6.86104B,B1:6.86104:119000,6.86104,249.561,2.1384,2.138334233230498,-6.576676950187377e-05
leave_one_model_size_out,7,N=6.86104B,B1:6.86104:120000,6.86104,251.658,2.1377,2.137715282471686,1.5282471685917898e-05
leave_one_model_size_out,7,N=6.86104B,B1:6.86104:121000,6.86104,253.755,2.1371,2.1371028978770084,2.8978770081344862e-06
leave_one_model_size_out,7,N=6.86104B,B1:6.86104:122000,6.86104,255.853,2.1365,2.136496668945597,-3.331054402977429e-06
leave_one_model_size_out,7,N=6.86104B,B1:6.86104:123000,6.86104,257.95,2.136,2.135897053770588,-0.0001029462294122041
leave_one_model_size_out,7,N=6.86104B,B1:6.86104:124000,6.86104,260.047,2.1353,2.135303645277012,3.6452770122430422e-06
leave_one_model_size_out,7,N=6.86104B,B1:6.86104:125000,6.86104,262.144,2.1347,2.13471632994011,1.6329940109915952e-05
leave_one_model_size_out,7,N=6.86104B,B1:6.86104:126000,6.86104,264.241,2.1342,2.1341349971985752,-6.500280142462955e-05
leave_one_model_size_out,7,N=6.86104B,B1:6.86104:127000,6.86104,266.338,2.1334,2.1335595393544105,0.00015953935441048728
leave_one_model_size_out,7,N=6.86104B,B1:6.86104:128000,6.86104,268.435,2.1331,2.1329898514769203,-0.00011014852307988932
leave_one_model_size_out,7,N=6.86104B,B1:6.86104:129000,6.86104,270.533,2.1323,2.132425563681457,0.0001255636814572192
leave_one_model_size_out,7,N=6.86104B,B1:6.86104:130000,6.86104,272.63,2.1318,2.131867114189742,6.711418974170158e-05
leave_one_model_size_out,7,N=6.86104B,B1:6.86104:131000,6.86104,274.727,2.1312,2.1313141355286085,0.00011413552860828347
leave_one_model_size_out,7,N=6.86104B,B1:6.86104:132000,6.86104,276.824,2.1307,2.13076653295367,6.653295366998435e-05
leave_one_model_size_out,7,N=6.86104B,B1:6.86104:133000,6.86104,278.921,2.1303,2.130224214063225,-7.578593677504131e-05
leave_one_model_size_out,7,N=6.86104B,B1:6.86104:134000,6.86104,281.018,2.1297,2.129687088723235,-1.2911276765059654e-05
leave_one_model_size_out,7,N=6.86104B,B1:6.86104:135000,6.86104,283.116,2.1292,2.1291548164942906,-4.5183505709367466e-05
leave_one_model_size_out,7,N=6.86104B,B1:6.86104:136000,6.86104,285.213,2.1286,2.128627818939818,2.7818939817958466e-05
leave_one_model_size_out,7,N=6.86104B,B1:6.86104:137000,6.86104,287.31,2.1281,2.12810575739331,5.757393310101833e-06
leave_one_model_size_out,7,N=6.86104B,B1:6.86104:138000,6.86104,289.407,2.1276,2.127588550098939,-1.1449901061055812e-05
leave_one_model_size_out,7,N=6.86104B,B1:6.86104:139000,6.86104,291.504,2.127,2.127076117234913,7.61172349132977e-05
leave_one_model_size_out,7,N=6.86104B,B1:6.86104:140000,6.86104,293.601,2.1266,2.1265683808542017,-3.161914579807856e-05
leave_one_model_size_out,7,N=6.86104B,B1:6.86104:141000,6.86104,295.698,2.126,2.1260652648274876,6.52648274876988e-05
leave_one_model_size_out,7,N=6.86104B,B1:6.86104:142000,6.86104,297.796,2.1255,2.125566458107111,6.645810711081168e-05
leave_one_model_size_out,7,N=6.86104B,B1:6.86104:143000,6.86104,299.893,2.125,2.125072363514852,7.236351485184755e-05
leave_one_model_size_out,8,N=11.965825B,B1:11.965825:64,11.965825,0.134,4.0188,4.018922381832962,0.00012238183296187088
leave_one_model_size_out,8,N=11.965825B,B1:11.965825:128,11.965825,0.268,3.6351,3.6350357729307055,-6.422706929454236e-05
leave_one_model_size_out,8,N=11.965825B,B1:11.965825:256,11.965825,0.537,3.3185,3.3180769360169267,-0.0004230639830731242
leave_one_model_size_out,8,N=11.965825B,B1:11.965825:512,11.965825,1.074,3.058,3.0577837148850113,-0.00021628511498850145
leave_one_model_size_out,8,N=11.965825B,B1:11.965825:1000,11.965825,2.097,2.8502,2.8501502847310727,-4.971526892738609e-05
leave_one_model_size_out,8,N=11.965825B,B1:11.965825:2000,11.965825,4.194,2.6724,2.6723754567851357,-2.454321486444755e-05
leave_one_model_size_out,8,N=11.965825B,B1:11.965825:3000,11.965825,6.291,2.5833,2.583295800797292,-4.199202707777516e-06
leave_one_model_size_out,8,N=11.965825B,B1:11.965825:4000,11.965825,8.389,2.5261,2.5259282220068107,-0.00017177799318934817
leave_one_model_size_out,8,N=11.965825B,B1:11.965825:5000,11.965825,10.486,2.4845,2.484527117990477,2.7117990476721587e-05
leave_one_model_size_out,8,N=11.965825B,B1:11.965825:6000,11.965825,12.583,2.4527,2.452566911416763,-0.0001330885832371287
leave_one_model_size_out,8,N=11.965825B,B1:11.965825:7000,11.965825,14.68,2.4268,2.4267882209345197,-1.1779065480332918e-05
leave_one_model_size_out,8,N=11.965825B,B1:11.965825:8000,11.965825,16.777,2.4053,2.4053390248228177,3.902482281770148e-05
leave_one_model_size_out,8,N=11.965825B,B1:11.965825:9000,11.965825,18.874,2.3868,2.387073402285692,0.0002734022856918372
leave_one_model_size_out,8,N=11.965825B,B1:11.965825:10000,11.965825,20.972,2.3713,2.371229566874348,-7.043312565224724e-05
leave_one_model_size_out,8,N=11.965825B,B1:11.965825:11000,11.965825,23.069,2.3573,2.357301008406666,1.0084066661697477e-06
leave_one_model_size_out,8,N=11.965825B,B1:11.965825:12000,11.965825,25.166,2.345,2.3449055105073118,-9.4489492688421e-05
leave_one_model_size_out,8,N=11.965825B,B1:11.965825:13000,11.965825,27.263,2.3334,2.3337661957303046,0.00036619573030449715
leave_one_model_size_out,8,N=11.965825B,B1:11.965825:14000,11.965825,29.36,2.3239,2.323672866101281,-0.0002271338987189786
leave_one_model_size_out,8,N=11.965825B,B1:11.965825:15000,11.965825,31.457,2.3144,2.314462476857657,6.24768576571455e-05
leave_one_model_size_out,8,N=11.965825B,B1:11.965825:16000,11.965825,33.554,2.3061,2.306006214098586,-9.378590141384535e-05
leave_one_model_size_out,8,N=11.965825B,B1:11.965825:17000,11.965825,35.652,2.2981,2.2981970981833344,9.709818333458742e-05
leave_one_model_size_out,8,N=11.965825B,B1:11.965825:18000,11.965825,37.749,2.291,2.2909583872447326,-4.161275526737285e-05
leave_one_model_size_out,8,N=11.965825B,B1:11.965825:19000,11.965825,39.846,2.2841,2.2842168805246246,0.0001168805246245519
leave_one_model_size_out,8,N=11.965825B,B1:11.965825:20000,11.965825,41.943,2.2778,2.2779148331479715,0.00011483314797144928
leave_one_model_size_out,8,N=11.965825B,B1:11.965825:21000,11.965825,44.04,2.2722,2.2720036818768268,-0.00019631812317344455
leave_one_model_size_out,8,N=11.965825B,B1:11.965825:22000,11.965825,46.137,2.2664,2.2664422279381227,4.222793812269643e-05
leave_one_model_size_out,8,N=11.965825B,B1:11.965825:23000,11.965825,48.234,2.2612,2.2611952439653265,-4.756034673647491e-06
leave_one_model_size_out,8,N=11.965825B,B1:11.965825:24000,11.965825,50.332,2.2563,2.256230089102952,-6.991089704788678e-05
leave_one_model_size_out,8,N=11.965825B,B1:11.965825:25000,11.965825,52.429,2.2516,2.2515251892413843,-7.481075861548447e-05
leave_one_model_size_out,8,N=11.965825B,B1:11.965825:26000,11.965825,54.526,2.2471,2.2470551812561026,-4.481874389750118e-05
leave_one_model_size_out,8,N=11.965825B,B1:11.965825:27000,11.965825,56.623,2.2428,2.242799958283475,-4.171652490114752e-08
leave_one_model_size_out,8,N=11.965825B,B1:11.965825:28000,11.965825,58.72,2.239,2.238741800130963,-0.000258199869036968
leave_one_model_size_out,8,N=11.965825B,B1:11.965825:29000,11.965825,60.817,2.2349,2.2348650164923276,-3.498350767250358e-05
leave_one_model_size_out,8,N=11.965825B,B1:11.965825:30000,11.965825,62.915,2.2312,2.2311539227561865,-4.607724381333611e-05
leave_one_model_size_out,8,N=11.965825B,B1:11.965825:31000,11.965825,65.012,2.2277,2.2275995924370777,-0.00010040756292228892
leave_one_model_size_out,8,N=11.965825B,B1:11.965825:32000,11.965825,67.109,2.2243,2.2241890506377504,-0.000110949362249535
leave_one_model_size_out,8,N=11.965825B,B1:11.965825:33000,11.965825,69.206,2.221,2.220912252563624,-8.77474363760733e-05
leave_one_model_size_out,8,N=11.965825B,B1:11.965825:34000,11.965825,71.303,2.2178,2.217760132952134,-3.9867047866071204e-05
leave_one_model_size_out,8,N=11.965825B,B1:11.965825:35000,11.965825,73.4,2.2146,2.2147244850220984,0.0001244850220984972
leave_one_model_size_out,8,N=11.965825B,B1:11.965825:36000,11.965825,75.497,2.2119,2.2117978573607417,-0.0001021426392582292
leave_one_model_size_out,8,N=11.965825B,B1:11.965825:37000,11.965825,77.595,2.2089,2.208972142181881,7.214218188122956e-05
leave_one_model_size_out,8,N=11.965825B,B1:11.965825:38000,11.965825,79.692,2.2063,2.206243837830834,-5.6162169165929754e-05
leave_one_model_size_out,8,N=11.965825B,B1:11.965825:39000,11.965825,81.789,2.2035,2.20360590652488,0.0001059065248800728
leave_one_model_size_out,8,N=11.965825B,B1:11.965825:40000,11.965825,83.886,2.201,2.2010531501552677,5.315015526763389e-05
leave_one_model_size_out,8,N=11.965825B,B1:11.965825:41000,11.965825,85.983,2.1986,2.198580790171244,-1.9209828755695213e-05
leave_one_model_size_out,8,N=11.965825B,B1:11.965825:42000,11.965825,88.08,2.1962,2.1961844244511077,-1.557554889242141e-05
leave_one_model_size_out,8,N=11.965825B,B1:11.965825:43000,11.965825,90.178,2.1939,2.193858897607086,-4.1102392914105224e-05
leave_one_model_size_out,8,N=11.965825B,B1:11.965825:44000,11.965825,92.275,2.1917,2.191602667058108,-9.733294189206987e-05
leave_one_model_size_out,8,N=11.965825B,B1:11.965825:45000,11.965825,94.372,2.1894,2.1894111257258118,1.1125725811744758e-05
leave_one_model_size_out,8,N=11.965825B,B1:11.965825:46000,11.965825,96.469,2.1873,2.187281042052444,-1.8957947556241805e-05
leave_one_model_size_out,8,N=11.965825B,B1:11.965825:47000,11.965825,98.566,2.1853,2.185209411746995,-9.058825300467532e-05
leave_one_model_size_out,8,N=11.965825B,B1:11.965825:48000,11.965825,100.663,2.1833,2.1831934373663704,-0.00010656263362962548
leave_one_model_size_out,8,N=11.965825B,B1:11.965825:49000,11.965825,102.76,2.1811,2.18123051011326,0.00013051011326004058
leave_one_model_size_out,8,N=11.965825B,B1:11.965825:50000,11.965825,104.858,2.1794,2.1793172933453064,-8.270665469334304e-05
leave_one_model_size_out,8,N=11.965825B,B1:11.965825:51000,11.965825,106.955,2.1775,2.177453331433179,-4.666856682122855e-05
leave_one_model_size_out,8,N=11.965825B,B1:11.965825:52000,11.965825,109.052,2.1756,2.175635566761523,3.5566761522609625e-05
leave_one_model_size_out,8,N=11.965825B,B1:11.965825:53000,11.965825,111.149,2.174,2.1738619984759713,-0.0001380015240286525
leave_one_model_size_out,8,N=11.965825B,B1:11.965825:54000,11.965825,113.246,2.1721,2.1721307480699603,3.0748069960395696e-05
leave_one_model_size_out,8,N=11.965825B,B1:11.965825:55000,11.965825,115.343,2.1704,2.170440049800955,4.004980095517752e-05
leave_one_model_size_out,8,N=11.965825B,B1:11.965825:56000,11.965825,117.441,2.1688,2.1687874633403914,-1.2536659608652911e-05
leave_one_model_size_out,8,N=11.965825B,B1:11.965825:57000,11.965825,119.538,2.1672,2.167172998051422,-2.7001948577964896e-05
leave_one_model_size_out,8,N=11.965825B,B1:11.965825:58000,11.965825,121.635,2.1655,2.165594380784518,9.438078451795562e-05
leave_one_model_size_out,8,N=11.965825B,B1:11.965825:59000,11.965825,123.732,2.1639,2.1640502178052636,0.0001502178052636971
leave_one_model_size_out,8,N=11.965825B,B1:11.965825:60000,11.965825,125.829,2.1627,2.162539192027748,-0.00016080797225193066
leave_one_model_size_out,8,N=11.965825B,B1:11.965825:61000,11.965825,127.926,2.161,2.1610600576047094,6.005760470939592e-05
leave_one_model_size_out,8,N=11.965825B,B1:11.965825:62000,11.965825,130.023,2.1595,2.159611634981081,0.00011163498108102132
leave_one_model_size_out,8,N=11.965825B,B1:11.965825:63000,11.965825,132.121,2.158,2.1581921366540384,0.00019213665403849944
leave_one_model_size_out,8,N=11.965825B,B1:11.965825:64000,11.965825,134.218,2.1568,2.1568018552238577,1.8552238576496904e-06
leave_one_model_size_out,8,N=11.965825B,B1:11.965825:65000,11.965825,136.315,2.1553,2.1554391007608564,0.00013910076085643652
leave_one_model_size_out,8,N=11.965825B,B1:11.965825:66000,11.965825,138.412,2.1542,2.1541029171864032,-9.70828135966606e-05
leave_one_model_size_out,8,N=11.965825B,B1:11.965825:67000,11.965825,140.509,2.1529,2.152792395477714,-0.00010760452228586459
leave_one_model_size_out,8,N=11.965825B,B1:11.965825:68000,11.965825,142.606,2.1515,2.151506670690402,6.6706904018332125e-06
leave_one_model_size_out,8,N=11.965825B,B1:11.965825:69000,11.965825,144.703,2.1504,2.1502449192100657,-0.00015508078993420327
leave_one_model_size_out,8,N=11.965825B,B1:11.965825:70000,11.965825,146.801,2.1491,2.1490057709877495,-9.42290122503131e-05
leave_one_model_size_out,8,N=11.965825B,B1:11.965825:71000,11.965825,148.898,2.1478,2.147789658615848,-1.0341384152123823e-05
leave_one_model_size_out,8,N=11.965825B,B1:11.965825:72000,11.965825,150.995,2.1464,2.146595271887228,0.00019527188722801014
leave_one_model_size_out,8,N=11.965825B,B1:11.965825:73000,11.965825,153.092,2.1456,2.1454219289390064,-0.00017807106099354542
leave_one_model_size_out,8,N=11.965825B,B1:11.965825:74000,11.965825,155.189,2.1442,2.1442689782775175,6.897827751739527e-05
leave_one_model_size_out,8,N=11.965825B,B1:11.965825:75000,11.965825,157.286,2.143,2.143135797036948,0.00013579703694821532
leave_one_model_size_out,8,N=11.965825B,B1:11.965825:76000,11.965825,159.384,2.1421,2.1420212626029005,-7.873739709962635e-05
leave_one_model_size_out,8,N=11.965825B,B1:11.965825:77000,11.965825,161.481,2.1411,2.140925866869824,-0.00017413313017566878
leave_one_model_size_out,8,N=11.965825B,B1:11.965825:78000,11.965825,163.578,2.1399,2.1398485278231627,-5.1472176837208394e-05
leave_one_model_size_out,8,N=11.965825B,B1:11.965825:79000,11.965825,165.675,2.1388,2.138788721992557,-1.1278007442605542e-05
leave_one_model_size_out,8,N=11.965825B,B1:11.965825:80000,11.965825,167.772,2.1378,2.137745947465617,-5.4052534383064454e-05
leave_one_model_size_out,8,N=11.965825B,B1:11.965825:81000,11.965825,169.869,2.1368,2.136719722743771,-8.027725622916648e-05
leave_one_model_size_out,8,N=11.965825B,B1:11.965825:82000,11.965825,171.966,2.1358,2.135709585672118,-9.041432788192694e-05
leave_one_model_size_out,8,N=11.965825B,B1:11.965825:83000,11.965825,174.064,2.1347,2.1347146218552764,1.4621855276342188e-05
leave_one_model_size_out,8,N=11.965825B,B1:11.965825:84000,11.965825,176.161,2.1337,2.1337353532060215,3.5353206021326855e-05
leave_one_model_size_out,8,N=11.965825B,B1:11.965825:85000,11.965825,178.258,2.1328,2.1327708919063095,-2.9108093690499715e-05
leave_one_model_size_out,8,N=11.965825B,B1:11.965825:86000,11.965825,180.355,2.1318,2.131820843774728,2.084377472799659e-05
leave_one_model_size_out,8,N=11.965825B,B1:11.965825:87000,11.965825,182.452,2.1309,2.1308848295516905,-1.5170448309564932e-05
leave_one_model_size_out,8,N=11.965825B,B1:11.965825:88000,11.965825,184.549,2.1298,2.1299624841707483,0.00016248417074837818
leave_one_model_size_out,8,N=11.965825B,B1:11.965825:89000,11.965825,186.647,2.129,2.129053025705977,5.302570597720546e-05
leave_one_model_size_out,8,N=11.965825B,B1:11.965825:90000,11.965825,188.744,2.1281,2.1281569823066913,5.6982306691377715e-05
leave_one_model_size_out,8,N=11.965825B,B1:11.965825:91000,11.965825,190.841,2.1272,2.127273590902351,7.35909023505954e-05
leave_one_model_size_out,8,N=11.965825B,B1:11.965825:92000,11.965825,192.938,2.1264,2.1264025367415504,2.5367415505961333e-06
leave_one_model_size_out,8,N=11.965825B,B1:11.965825:93000,11.965825,195.035,2.1256,2.12554351621612,-5.6483783879901495e-05
leave_one_model_size_out,8,N=11.965825B,B1:11.965825:94000,11.965825,197.132,2.1248,2.1246962363518294,-0.00010376364817066275
leave_one_model_size_out,8,N=11.965825B,B1:11.965825:95000,11.965825,199.229,2.1238,2.123860414327506,6.041432750603093e-05
leave_one_model_size_out,8,N=11.965825B,B1:11.965825:96000,11.965825,201.327,2.123,2.1230353864002702,3.538640027000994e-05
leave_one_model_size_out,8,N=11.965825B,B1:11.965825:97000,11.965825,203.424,2.1223,2.122221675104085,-7.83248959148608e-05
leave_one_model_size_out,8,N=11.965825B,B1:11.965825:98000,11.965825,205.521,2.1214,2.121418629562327,1.8629562327010518e-05
leave_one_model_size_out,8,N=11.965825B,B1:11.965825:99000,11.965825,207.618,2.1206,2.12062600326702,2.6003267020069387e-05
leave_one_model_size_out,8,N=11.965825B,B1:11.965825:100000,11.965825,209.715,2.1199,2.119843557824241,-5.644217575895283e-05
leave_one_model_size_out,8,N=11.965825B,B1:11.965825:101000,11.965825,211.812,2.119,2.1190710626090623,7.106260906208917e-05
leave_one_model_size_out,8,N=11.965825B,B1:11.965825:102000,11.965825,213.91,2.1183,2.118307932981598,7.932981597846833e-06
leave_one_model_size_out,8,N=11.965825B,B1:11.965825:103000,11.965825,216.007,2.1175,2.1175546802891114,5.46802891112641e-05
leave_one_model_size_out,8,N=11.965825B,B1:11.965825:104000,11.965825,218.104,2.1168,2.1168107292771,1.0729277100107737e-05
leave_one_model_size_out,8,N=11.965825B,B1:11.965825:105000,11.965825,220.201,2.1161,2.1160758772916664,-2.412270833351826e-05
leave_one_model_size_out,8,N=11.965825B,B1:11.965825:106000,11.965825,222.298,2.1152,2.1153499279705765,0.00014992797057633567
leave_one_model_size_out,8,N=11.965825B,B1:11.965825:107000,11.965825,224.395,2.1147,2.114632690990761,-6.730900923912486e-05
leave_one_model_size_out,8,N=11.965825B,B1:11.965825:108000,11.965825,226.492,2.1139,2.1139239818282016,2.3981828201513622e-05
leave_one_model_size_out,8,N=11.965825B,B1:11.965825:109000,11.965825,228.59,2.1133,2.1132232895112586,-7.67104887415826e-05
leave_one_model_size_out,8,N=11.965825B,B1:11.965825:110000,11.965825,230.687,2.1125,2.112531108334097,3.1108334097140755e-05
leave_one_model_size_out,8,N=11.965825B,B1:11.965825:111000,11.965825,232.784,2.1119,2.1118469338872305,-5.3066112769339924e-05
leave_one_model_size_out,8,N=11.965825B,B1:11.965825:112000,11.965825,234.881,2.1112,2.11117060266763,-2.93973323701735e-05
leave_one_model_size_out,8,N=11.965825B,B1:11.965825:113000,11.965825,236.978,2.1105,2.1105019559329703,1.955932970254537e-06
leave_one_model_size_out,8,N=11.965825B,B1:11.965825:114000,11.965825,239.075,2.1099,2.1098408395223376,-5.916047766252319e-05
leave_one_model_size_out,8,N=11.965825B,B1:11.965825:115000,11.965825,241.172,2.1092,2.1091871036851995,-1.2896314800503461e-05
leave_one_model_size_out,8,N=11.965825B,B1:11.965825:116000,11.965825,243.27,2.1085,2.1085402963235174,4.029632351754131e-05
leave_one_model_size_out,8,N=11.965825B,B1:11.965825:117000,11.965825,245.367,2.1079,2.1079008925642335,8.925642336343742e-07
leave_one_model_size_out,8,N=11.965825B,B1:11.965825:118000,11.965825,247.464,2.1072,2.1072684449288137,6.844492881352693e-05
leave_one_model_size_out,8,N=11.965825B,B1:11.965825:119000,11.965825,249.561,2.1066,2.1066428197497338,4.281974973396885e-05
leave_one_model_size_out,8,N=11.965825B,B1:11.965825:120000,11.965825,251.658,2.1059,2.1060238870237318,0.00012388702373167249
leave_one_model_size_out,8,N=11.965825B,B1:11.965825:121000,11.965825,253.755,2.1055,2.1054115202818156,-8.847971818459754e-05
leave_one_model_size_out,8,N=11.965825B,B1:11.965825:122000,11.965825,255.853,2.1047,2.1048053090347616,0.00010530903476180242
leave_one_model_size_out,8,N=11.965825B,B1:11.965825:123000,11.965825,257.95,2.1042,2.1042057113620207,5.711362020655031e-06
leave_one_model_size_out,8,N=11.965825B,B1:11.965825:124000,11.965825,260.047,2.1036,2.103612320200185,1.2320200184934293e-05
leave_one_model_size_out,8,N=11.965825B,B1:11.965825:125000,11.965825,262.144,2.1031,2.1030250220275044,-7.497797249556015e-05
leave_one_model_size_out,8,N=11.965825B,B1:11.965825:126000,11.965825,264.241,2.1024,2.1024437062856065,4.370628560668166e-05
leave_one_model_size_out,8,N=11.965825B,B1:11.965825:127000,11.965825,266.338,2.102,2.1018682652793528,-0.00013173472064709202
leave_one_model_size_out,8,N=11.965825B,B1:11.965825:128000,11.965825,268.435,2.1013,2.1012985940808377,-1.4059191624227196e-06
leave_one_model_size_out,8,N=11.965825B,B1:11.965825:129000,11.965825,270.533,2.1008,2.1007343228159727,-6.567718402727962e-05
leave_one_model_size_out,8,N=11.965825B,B1:11.965825:130000,11.965825,272.63,2.1001,2.100175889693374,7.588969337435358e-05
leave_one_model_size_out,8,N=11.965825B,B1:11.965825:131000,11.965825,274.727,2.0998,2.0996229272503784,-0.0001770727496217539
leave_one_model_size_out,8,N=11.965825B,B1:11.965825:132000,11.965825,276.824,2.099,2.0990753407451224,7.534074512216549e-05
leave_one_model_size_out,8,N=11.965825B,B1:11.965825:133000,11.965825,278.921,2.0986,2.0985330377783677,-6.696222163204979e-05
leave_one_model_size_out,8,N=11.965825B,B1:11.965825:134000,11.965825,281.018,2.098,2.0979959282184795,-4.071781520398332e-06
leave_one_model_size_out,8,N=11.965825B,B1:11.965825:135000,11.965825,283.116,2.0975,2.0974636716358206,-3.6328364179549766e-05
leave_one_model_size_out,8,N=11.965825B,B1:11.965825:136000,11.965825,285.213,2.0969,2.096936689581193,3.668958119273924e-05
leave_one_model_size_out,8,N=11.965825B,B1:11.965825:137000,11.965825,287.31,2.0964,2.0964146433978197,1.4643397819646964e-05
leave_one_model_size_out,8,N=11.965825B,B1:11.965825:138000,11.965825,289.407,2.0959,2.0958974513320587,-2.54866794113795e-06
leave_one_model_size_out,8,N=11.965825B,B1:11.965825:139000,11.965825,291.504,2.0954,2.095385033564254,-1.496643574627754e-05
leave_one_model_size_out,8,N=11.965825B,B1:11.965825:140000,11.965825,293.601,2.0949,2.094877312149461,-2.2687850539160337e-05
leave_one_model_size_out,8,N=11.965825B,B1:11.965825:141000,11.965825,295.698,2.0945,2.0943742109604018,-0.00012578903959825638
leave_one_model_size_out,8,N=11.965825B,B1:11.965825:142000,11.965825,297.796,2.0938,2.093875418958395,7.541895839491275e-05
leave_one_model_size_out,8,N=11.965825B,B1:11.965825:143000,11.965825,299.893,2.0933,2.0933813389531393,8.133895313910955e-05
