sample_id,source_csv_line,source_run_id,group_id,group_index,trajectory_rank,N_params_B,D_tokens_B,val_loss,C_FLOPs_1e21,steps,compute_ratio_C_over_6ND,compute_identity_outlier,token_tail_split,classic_prediction,classic_residual_pred_minus_actual,m0_prediction,m0_residual_pred_minus_actual
B1:0.070542:64,2,8,N=0.070542B,1,1,0.070542,0.134,4.7388,0.0001,64,1.7631780989018786,1,train,4.738637013477364,-0.00016298652263646574,4.020063102631266,-0.7187368973687347
B1:0.070542:128,3,9,N=0.070542B,1,2,0.070542,0.268,4.3541,0.0001,128,0.8815890494509393,1,train,4.35474932446177,0.0006493244617704619,3.896300871457969,-0.45779912854203086
B1:0.070542:256,4,10,N=0.070542B,1,3,0.070542,0.537,4.0384,0.0002,256,0.8799473566214218,1,train,4.037789056514939,-0.0006109434850616324,3.7722058328124315,-0.2661941671875687
B1:0.070542:512,5,11,N=0.070542B,1,4,0.070542,1.074,3.7776,0.0005,512,1.0999341957767772,1,train,3.777494217284622,-0.00010578271537786677,3.6484436016391344,-0.12915639836086568
B1:0.070542:1000,6,12,N=0.070542B,1,5,0.070542,2.097,3.5698,0.0009,1000,1.0140165890680333,0,train,3.5698591493200267,5.914932002681894e-05,3.528971852056777,-0.04082814794322287
B1:0.070542:2000,7,13,N=0.070542B,1,6,0.070542,4.194,3.3922,0.0018,2000,1.0140165890680333,0,train,3.3920826225930867,-0.00011737740691319942,3.4052096208834803,0.013009620883480455
B1:0.070542:3000,8,14,N=0.070542B,1,7,0.070542,6.291,3.3024,0.0027,3000,1.0140165890680333,0,train,3.3030019938207213,0.0006019938207213471,3.332813356641519,0.030413356641518785
B1:0.070542:4000,9,15,N=0.070542B,1,8,0.070542,8.389,3.2452,0.0036,4000,1.0138957145193304,0,train,3.245633739540419,0.00043373954041880936,3.281426104479525,0.03622610447952512
B1:0.070542:5000,10,16,N=0.070542B,1,9,0.070542,10.486,3.2041,0.0044,5000,0.9913883340764329,0,train,3.20423212203136,0.00013212203135992695,3.2415878220220384,0.037487822022038486
B1:0.070542:6000,11,17,N=0.070542B,1,10,0.070542,12.583,3.172,0.0053,6000,0.9951594101884401,0,train,3.1722715031473747,0.00027150314737456327,3.209036935032517,0.037036935032516816
B1:0.070542:7000,12,18,N=0.070542B,1,11,0.070542,14.68,3.1466,0.0062,7000,0.9978531093785291,0,train,3.1464924694566445,-0.00010753054335532752,3.1815151799079397,0.03491517990793991
B1:0.070542:8000,13,19,N=0.070542B,1,12,0.070542,16.777,3.1248,0.0071,8000,0.9998734239108584,0,train,3.125042980208022,0.00024298020802193676,3.157674515604379,0.03287451560437882
B1:0.070542:9000,14,20,N=0.070542B,1,13,0.070542,18.874,3.1064,0.008,9000,1.001444803445382,0,train,3.106777102412373,0.00037710241237309816,3.1366454008104814,0.03024540081048155
B1:0.070542:10000,15,21,N=0.070542B,1,14,0.070542,20.972,3.0913,0.0089,10000,1.0026541106000286,0,train,3.0909330412500147,-0.0003669587499852689,3.117825590848742,0.026525590848741842
B1:0.070542:11000,16,22,N=0.070542B,1,15,0.070542,23.069,3.077,0.0098,11000,1.003686973634725,0,train,3.0770042808931506,4.280893150632181e-06,3.100809395923383,0.023809395923382937
B1:0.070542:12000,17,23,N=0.070542B,1,16,0.070542,25.166,3.0646,0.0107,12000,1.0045477065109725,0,train,3.064608600554938,8.600554938009708e-06,3.08527470385922,0.02067470385921988
B1:0.070542:13000,18,24,N=0.070542B,1,17,0.070542,27.263,3.0531,0.0115,13000,0.996609855998164,0,train,3.0534691195463974,0.0003691195463972896,3.0709840773135832,0.017884077313583102
B1:0.070542:14000,19,25,N=0.070542B,1,18,0.070542,29.36,3.0432,0.0124,14000,0.9978531093785291,0,train,3.043375637387631,0.00017563738763071157,3.057752948734643,0.014552948734642968
B1:0.070542:15000,20,26,N=0.070542B,1,19,0.070542,31.457,3.0342,0.0133,15000,0.9989306061807953,0,train,3.034165107341472,-3.489265852785195e-05,3.0454350025555104,0.011235002555510576
B1:0.070542:16000,21,27,N=0.070542B,1,20,0.070542,33.554,3.0254,0.0142,16000,0.9998734239108584,0,train,3.025708713924269,0.0003087139242690107,3.0339122844310817,0.008512284431081873
B1:0.070542:17000,22,28,N=0.070542B,1,21,0.070542,35.652,3.018,0.0151,17000,1.0006772594295021,0,train,3.0178994761515794,-0.00010052384842040851,3.023083305853595,0.005083305853595288
B1:0.070542:18000,23,29,N=0.070542B,1,22,0.070542,37.749,3.0105,0.016,18000,1.0014182744034617,0,train,3.010660651211079,0.00016065121107899927,3.0128784396172583,0.0023784396172583655
B1:0.070542:19000,24,30,N=0.070542B,1,23,0.070542,39.846,3.0039,0.0169,19000,1.0020812936739432,0,train,3.003919037400399,1.903740039921331e-05,3.00322542153178,-0.000674578468219611
B1:0.070542:20000,25,31,N=0.070542B,1,24,0.070542,41.943,2.9975,0.0178,20000,1.0026780157596646,0,train,2.9976168891002235,0.00011688910022344956,2.994067616620077,-0.0034323833799230208
B1:0.070542:21000,26,32,N=0.070542B,1,25,0.070542,44.04,2.9921,0.0186,21000,0.997853109378529,0,train,2.991705642440372,-0.00039435755962813346,2.9853566844926815,-0.006743315507318659
B1:0.070542:22000,27,33,N=0.070542B,1,26,0.070542,46.137,2.9861,0.0195,22000,0.9985877652276066,0,train,2.9861440981063456,4.4098106345646926e-05,2.977051034729109,-0.009048965270891163
B1:0.070542:23000,28,34,N=0.070542B,1,27,0.070542,48.234,2.9807,0.0204,23000,0.999258541932698,0,train,2.9808970282645246,0.0001970282645245014,2.969114625870205,-0.011585374129795323
B1:0.070542:24000,29,35,N=0.070542B,1,28,0.070542,50.332,2.9761,0.0213,24000,0.9998535583497064,0,train,2.975931791615718,-0.00016820838428222018,2.961512472685923,-0.014587527314076976
B1:0.070542:25000,30,36,N=0.070542B,1,29,0.070542,52.429,2.971,0.0222,25000,1.0004200363564648,0,train,2.9712268137737032,0.00022681377370314948,2.9542242259224025,-0.01677577407759756
B1:0.070542:26000,31,37,N=0.070542B,1,30,0.070542,54.526,2.9668,0.0231,26000,1.0009429423285907,0,train,2.9667567312626093,-4.326873739080028e-05,2.947221846140286,-0.019578153859713954
B1:0.070542:27000,32,38,N=0.070542B,1,31,0.070542,56.623,2.9621,0.024,27000,1.0014271172612617,0,train,2.9625014369437634,0.00040143694376348904,2.940483752034683,-0.021616247965317026
B1:0.070542:28000,33,39,N=0.070542B,1,32,0.070542,58.72,2.9582,0.0249,28000,1.0018767106260231,0,train,2.958443210380559,0.00024321038055896693,2.933990717561346,-0.024209282438654167
B1:0.070542:29000,34,40,N=0.070542B,1,33,0.070542,60.817,2.9546,0.0257,29000,0.9984104340888714,0,train,2.9545663610492183,-3.3638950781789134e-05,2.927725541212997,-0.026874458787002897
B1:0.070542:30000,35,41,N=0.070542B,1,34,0.070542,62.915,2.951,0.0266,30000,0.998914728717453,0,train,2.9508552041141236,-0.00014479588587645864,2.9216699333852945,-0.029330066614705608
B1:0.070542:31000,36,42,N=0.070542B,1,35,0.070542,65.012,2.9473,0.0275,31000,0.9994018480362737,0,train,2.9473008129750995,8.129750996843654e-07,2.915815730315465,-0.03148426968453499
B1:0.070542:32000,37,43,N=0.070542B,1,36,0.070542,67.109,2.9439,0.0284,32000,0.9998585246659897,0,train,2.943890212546516,-9.787453484122466e-06,2.9101473926237795,-0.033752607376220656
B1:0.070542:33000,38,44,N=0.070542B,1,37,0.070542,69.206,2.9406,0.0293,33000,1.000287525923844,0,train,2.940613357891176,1.3357891176291048e-05,2.9046534804848196,-0.03594651951518024
B1:0.070542:34000,39,45,N=0.070542B,1,38,0.070542,71.303,2.9372,0.0302,34000,1.0006912935831764,0,train,2.9374611836171094,0.0002611836171095838,2.8993235787811793,-0.03787642121882051
B1:0.070542:35000,40,46,N=0.070542B,1,39,0.070542,73.4,2.9343,0.0311,35000,1.0010719903765244,0,train,2.9344254828253717,0.00012548282537183653,2.8941481782607172,-0.04015182173928267
B1:0.070542:36000,41,47,N=0.070542B,1,40,0.070542,75.497,2.9314,0.032,36000,1.0014315387487258,0,train,2.9314988039957264,9.880399572637089e-05,2.8891185734382616,-0.04228142656173839
B1:0.070542:37000,42,48,N=0.070542B,1,41,0.070542,77.595,2.9289,0.0328,37000,0.9987138836643519,0,train,2.9286730392204015,-0.00022696077959860617,2.884224473408054,-0.04467552659194585
B1:0.070542:38000,43,49,N=0.070542B,1,42,0.070542,79.692,2.926,0.0337,38000,0.999116556118695,0,train,2.92594468680179,-5.531319821017178e-05,2.8794631903584835,-0.04653680964151663
B1:0.070542:39000,44,50,N=0.070542B,1,43,0.070542,81.789,2.923,0.0346,39000,0.9994985802184485,0,train,2.92330670885027,0.00030670885027017647,2.874825581898325,-0.048174418101675
B1:0.070542:40000,45,51,N=0.070542B,1,44,0.070542,83.886,2.9208,0.0355,40000,0.9998615044794408,0,train,2.9207539071807274,-4.609281927248077e-05,2.87030538544678,-0.05049461455321991
B1:0.070542:41000,46,52,N=0.070542B,1,45,0.070542,85.983,2.9182,0.0364,41000,1.000206726353326,0,train,2.9182815031719063,8.150317190613876e-05,2.865896802383128,-0.052303197616871966
B1:0.070542:42000,47,53,N=0.070542B,1,46,0.070542,88.08,2.9158,0.0373,42000,1.0005355102101918,0,train,2.9158850946368875,8.509463688755048e-05,2.8615944533193844,-0.0542055466806155
B1:0.070542:43000,48,54,N=0.070542B,1,47,0.070542,90.178,2.9137,0.0382,43000,1.0008379042182058,0,train,2.9135595261078504,-0.00014047389214955075,2.8573913586394424,-0.056308641360557576
B1:0.070542:44000,49,55,N=0.070542B,1,48,0.070542,92.275,2.9115,0.0391,44000,1.0011373970616637,0,train,2.9113032549873203,-0.00019674501267985534,2.8532868685558155,-0.05821313144418472
B1:0.070542:45000,50,56,N=0.070542B,1,49,0.070542,94.372,2.9093,0.0399,45000,0.9989200211491527,0,train,2.9091116741246026,-0.00018832587539741041,2.849274615137294,-0.060025384862706144
B1:0.070542:46000,51,57,N=0.070542B,1,50,0.070542,96.469,2.9068,0.0408,46000,0.9992481835943517,0,train,2.906981551913321,0.0001815519133208099,2.8453505438216777,-0.061449456178322315
B1:0.070542:47000,52,58,N=0.070542B,1,51,0.070542,98.566,2.9049,0.0417,47000,0.9995623826719068,0,train,2.9049098840170995,9.884017099448528e-06,2.8415108616543407,-0.06338913834565929
B1:0.070542:48000,53,59,N=0.070542B,1,52,0.070542,100.663,2.903,0.0426,48000,0.9998634910316089,0,train,2.9028938729504503,-0.00010612704954970908,2.8377520152554148,-0.06524798474458526
B1:0.070542:49000,54,60,N=0.070542B,1,53,0.070542,102.76,2.9011,0.0435,49000,1.0001523100913827,0,train,2.900930909876393,-0.00016909012360688536,2.834070671058754,-0.06702932894124602
B1:0.070542:50000,55,61,N=0.070542B,1,54,0.070542,104.858,2.8989,0.0444,50000,1.0004200363564648,0,train,2.899017658098902,0.00011765809890240675,2.8304619947491054,-0.06843800525089438
B1:0.070542:51000,56,62,N=0.070542B,1,55,0.070542,106.955,2.8971,0.0453,51000,1.0006866154882132,0,train,2.8971536619871268,5.366198712675185e-05,2.826926479835022,-0.0701735201649778
B1:0.070542:52000,57,63,N=0.070542B,1,56,0.070542,109.052,2.8951,0.0462,52000,1.0009429423285907,0,train,2.8953358638760642,0.00023586387606444603,2.8234596149669895,-0.07164038503301029
B1:0.070542:53000,58,64,N=0.070542B,1,57,0.070542,111.149,2.8933,0.047,53000,0.999063929219699,0,train,2.8935622628805233,0.000262262880523334,2.8200587848533374,-0.0732412151466626
B1:0.070542:54000,59,65,N=0.070542B,1,58,0.070542,113.246,2.892,0.0479,54000,0.9993408107669673,0,train,2.8918309804649147,-0.00016901953508519085,2.8167215208613863,-0.07527847913861363
B1:0.070542:55000,60,66,N=0.070542B,1,59,0.070542,115.343,2.8904,0.0488,55000,0.9996076245926641,0,train,2.8901402508593375,-0.000259749140662624,2.8134454902526684,-0.07695450974733165
B1:0.070542:56000,61,67,N=0.070542B,1,60,0.070542,117.441,2.8885,0.0497,56000,0.9998563962386843,0,train,2.8884876336949157,-1.2366305084388074e-05,2.8102269660338512,-0.07827303396614882
B1:0.070542:57000,62,68,N=0.070542B,1,61,0.070542,119.538,2.8871,0.0506,57000,1.0001048019704444,0,train,2.8868731383396593,-0.0002268616603409157,2.807066926116522,-0.08003307388347825
B1:0.070542:58000,63,69,N=0.070542B,1,62,0.070542,121.635,2.8854,0.0515,58000,1.0003446426211093,0,train,2.8852944916061753,-0.00010550839382483801,2.803961842107846,-0.08143815789215436
B1:0.070542:59000,64,70,N=0.070542B,1,63,0.070542,123.732,2.8836,0.0524,59000,1.0005763536715993,0,train,2.8837502997382005,0.00015029973820057663,2.8009098351715243,-0.08269016482847569
B1:0.070542:60000,65,71,N=0.070542B,1,64,0.070542,125.829,2.8823,0.0533,60000,1.0008003415728486,0,train,2.882239245629124,-6.075437087593727e-05,2.7979091212048184,-0.08439087879518148
B1:0.070542:61000,66,72,N=0.070542B,1,65,0.070542,127.926,2.8811,0.0541,61000,0.9991700913167988,0,train,2.88076008341205,-0.00033991658794985113,2.7949580045748834,-0.08614199542511658
B1:0.070542:62000,67,73,N=0.070542B,1,66,0.070542,130.023,2.8793,0.055,62000,0.999409534382905,0,train,2.8793116335132756,1.1633513275377538e-05,2.7920548723643717,-0.08724512763562853
B1:0.070542:63000,68,74,N=0.070542B,1,67,0.070542,132.121,2.8782,0.0559,63000,0.999633810494502,0,train,2.877892108399619,-0.00030789160038091623,2.78919683765083,-0.08900316234917005
B1:0.070542:64000,69,75,N=0.070542B,1,68,0.070542,134.218,2.876,0.0568,64000,0.9998585246659897,0,train,2.8765018006800513,0.0005018006800514563,2.7863851614504824,-0.08961483854951746
B1:0.070542:65000,70,76,N=0.070542B,1,69,0.070542,136.315,2.8753,0.0577,65000,1.0000763250625055,0,train,2.8751390203959835,-0.00016097960401673106,2.7836170756663607,-0.09168292433363945
B1:0.070542:66000,71,77,N=0.070542B,1,70,0.070542,138.412,2.8738,0.0586,66000,1.000287525923844,0,train,2.873802811453529,2.8114535286505316e-06,2.780891249311523,-0.09290875068847715
B1:0.070542:67000,72,78,N=0.070542B,1,71,0.070542,140.509,2.8724,0.0595,67000,1.0004924227305496,0,train,2.872492264815363,9.226481536295239e-05,2.778206411443877,-0.0941935885561227
B1:0.070542:68000,73,79,N=0.070542B,1,72,0.070542,142.606,2.8712,0.0604,68000,1.0006912935831764,0,train,2.871206515523233,6.515523232941689e-06,2.7755613476078826,-0.09563865239211733
B1:0.070542:69000,74,80,N=0.070542B,1,73,0.070542,144.703,2.8696,0.0612,69000,0.9992516363499392,0,train,2.869944739949504,0.00034473994950401377,2.7729548965359947,-0.09664510346400546
B1:0.070542:70000,75,81,N=0.070542B,1,74,0.070542,146.801,2.8687,0.0621,70000,0.9994557415959083,0,train,2.8687055680213756,5.568021375523813e-06,2.7703847308030265,-0.09831526919697353
B1:0.070542:71000,76,82,N=0.070542B,1,75,0.070542,148.898,2.8676,0.063,71000,0.9996608088039907,0,train,2.867489432341756,-0.00011056765824379866,2.767852236249162,-0.09974776375083794
B1:0.070542:72000,77,83,N=0.070542B,1,76,0.070542,150.995,2.8666,0.0639,72000,0.999860180115714,0,train,2.866295022680569,-0.00030497731943102124,2.765355159763899,-0.10124484023610103
B1:0.070542:73000,78,84,N=0.070542B,1,77,0.070542,153.092,2.865,0.0648,73000,1.0000540895921923,0,train,2.8651216571638782,0.0001216571638780195,2.762892524320639,-0.1021074756793614
B1:0.070542:74000,79,85,N=0.070542B,1,78,0.070542,155.189,2.8638,0.0657,74000,1.0002427586434837,0,train,2.8639686842874363,0.00016868428743643804,2.7604633927710833,-0.10333660722891658
B1:0.070542:75000,80,86,N=0.070542B,1,79,0.070542,157.286,2.8628,0.0666,75000,1.0004263968719356,0,train,2.862835481175291,3.548117529117434e-05,2.7580668657041074,-0.1047331342958926
B1:0.070542:76000,81,87,N=0.070542B,1,80,0.070542,159.384,2.8619,0.0675,76000,1.0005989248963192,0,train,2.8617209251931337,-0.00017907480686618626,2.7557009591851864,-0.10619904081481346
B1:0.070542:77000,82,88,N=0.070542B,1,81,0.070542,161.481,2.8607,0.0683,77000,0.9993100486601999,0,train,2.8606255082466303,-7.449175336970981e-05,2.7533670984805103,-0.10733290151948971
B1:0.070542:78000,83,89,N=0.070542B,1,82,0.070542,163.578,2.8595,0.0692,78000,0.9994985802184485,0,train,2.85954814830193,4.814830192989561e-05,2.751063350725028,-0.10843664927497221
B1:0.070542:79000,84,90,N=0.070542B,1,83,0.070542,165.675,2.8586,0.0701,79000,0.999682339171565,0,train,2.858488321880085,-0.00011167811991485976,2.748788948734241,-0.10981105126575885
B1:0.070542:80000,85,91,N=0.070542B,1,84,0.070542,167.772,2.8575,0.071,80000,0.9998615044794408,0,train,2.857445527060454,-5.447293954574661e-05,2.7465431542734833,-0.11095684572651665
B1:0.070542:81000,86,92,N=0.070542B,1,85,0.070542,169.869,2.8566,0.0719,81000,1.0000362462650654,0,train,2.856419282336536,-0.0001807176634636143,2.7443252566194247,-0.11227474338057508
B1:0.070542:82000,87,93,N=0.070542B,1,86,0.070542,171.966,2.8553,0.0728,82000,1.000206726353326,0,train,2.8554091255458047,0.00010912554580455591,2.7421345712098315,-0.11316542879016867
B1:0.070542:83000,88,94,N=0.070542B,1,87,0.070542,174.064,2.8544,0.0737,83000,1.0003673516140714,0,train,2.8544141422763336,1.414227633356191e-05,2.739969412593433,-0.11443058740656697
B1:0.070542:84000,89,95,N=0.070542B,1,88,0.070542,176.161,2.8534,0.0746,84000,1.0005298305449413,0,train,2.8534348544523787,3.48544523784966e-05,2.737831208575184,-0.11556879142481602
B1:0.070542:85000,90,96,N=0.070542B,1,89,0.070542,178.258,2.8522,0.0754,85000,0.9993630715067496,0,train,2.8524703742397586,0.00027037423975873054,2.735718307484268,-0.1164816925157317
B1:0.070542:86000,91,97,N=0.070542B,1,90,0.070542,180.355,2.8516,0.0763,86000,0.9995334489641313,0,train,2.85152030745051,-7.969254948969606e-05,2.7336301174617774,-0.11796988253822249
B1:0.070542:87000,92,98,N=0.070542B,1,91,0.070542,182.452,2.8506,0.0772,87000,0.9996999099774273,0,train,2.850584274818733,-1.5725181266912358e-05,2.7315660671751614,-0.11903393282483865
B1:0.070542:88000,93,99,N=0.070542B,1,92,0.070542,184.549,2.8497,0.0781,88000,0.9998625880523719,0,train,2.849661911271891,-3.808872810884267e-05,2.7295256048798957,-0.1201743951201042
B1:0.070542:89000,94,100,N=0.070542B,1,93,0.070542,186.647,2.8487,0.079,89000,1.0000162528717467,0,train,2.848752434869692,5.2434869691975194e-05,2.727507240906752,-0.121192759093248
B1:0.070542:90000,95,101,N=0.070542B,1,94,0.070542,188.744,2.8476,0.0799,90000,1.000171800624277,0,train,2.8478563737728817,0.00025637377288179053,2.725512383963997,-0.12208761603600271
B1:0.070542:91000,96,102,N=0.070542B,1,95,0.070542,190.841,2.8469,0.0808,91000,1.0003239299956728,0,train,2.8469729648968416,7.296489684138763e-05,2.723539568464397,-0.12336043153560317
B1:0.070542:92000,97,103,N=0.070542B,1,96,0.070542,192.938,2.8461,0.0817,92000,1.0004727524467958,0,train,2.8461018934848843,1.8934848844409657e-06,2.7215883126483806,-0.12451168735161922
B1:0.070542:93000,98,104,N=0.070542B,1,97,0.070542,195.035,2.8451,0.0825,93000,0.9994069722542246,0,train,2.845242855923734,0.0001428559237339755,2.719658150380502,-0.12544184961949778
B1:0.070542:94000,99,105,N=0.070542B,1,98,0.070542,197.132,2.8444,0.0834,94000,0.9995623826719068,0,train,2.8443955592342265,-4.440765773328081e-06,2.7177486304810436,-0.12665136951895617
B1:0.070542:95000,100,106,N=0.070542B,1,99,0.070542,199.229,2.8436,0.0843,95000,0.9997145215212343,0,train,2.843559720590419,-4.027940958106768e-05,2.7158593160929865,-0.12774068390701343
B1:0.070542:96000,101,107,N=0.070542B,1,100,0.070542,201.327,2.8431,0.0852,96000,0.9998585246659896,0,train,2.842734676237035,-0.000365323762965275,2.713988897208521,-0.1291111027914793
B1:0.070542:97000,102,108,N=0.070542B,1,101,0.070542,203.424,2.842,0.0861,97000,1.0000044733301152,0,train,2.841920948719232,-7.90512807680166e-05,2.7121387467370037,-0.12986125326299636
B1:0.070542:98000,103,109,N=0.070542B,1,102,0.070542,205.521,2.8412,0.087,98000,1.0001474436674647,0,train,2.8411178871481875,-8.2112851812699e-05,2.7103075711100444,-0.13089242888995578
B1:0.070542:99000,104,110,N=0.070542B,1,103,0.070542,207.618,2.8403,0.0879,99000,1.0002875259238442,0,test,2.8403252450117433,2.5245011743280088e-05,2.7084949850695614,-0.1318050149304386
B1:0.070542:100000,105,111,N=0.070542B,1,104,0.070542,209.715,2.8392,0.0888,100000,1.0004248067354855,0,test,2.839542783911923,0.0003427839119232168,2.7067006149728545,-0.13249938502714542
B1:0.070542:101000,106,112,N=0.070542B,1,105,0.070542,211.812,2.8388,0.0896,101000,0.9994439185058218,0,test,2.8387702732198763,-2.9726780123695562e-05,2.704924098330318,-0.13387590166968177
B1:0.070542:102000,107,113,N=0.070542B,1,106,0.070542,213.91,2.838,0.0905,102000,0.9995821048750915,0,test,2.8380071282846564,7.128284656321426e-06,2.703164248661725,-0.13483575133827497
B1:0.070542:103000,108,114,N=0.070542B,1,107,0.070542,216.007,2.8377,0.0914,103000,0.9997222351178734,0,test,2.8372538604644313,-0.00044613953556860153,2.701422401998277,-0.136277598001723
B1:0.070542:104000,109,115,N=0.070542B,1,108,0.070542,218.104,2.8365,0.0923,104000,0.999859670745984,0,test,2.836509894493784,9.894493783857428e-06,2.699697383793693,-0.13680261620630718
B1:0.070542:105000,110,116,N=0.070542B,1,109,0.070542,220.201,2.8358,0.0932,105000,0.9999944887428206,0,test,2.835775027715348,-2.497228465170309e-05,2.697988871988276,-0.13781112801172402
B1:0.070542:106000,111,117,N=0.070542B,1,110,0.070542,222.298,2.8351,0.0941,106000,1.000126763186954,0,test,2.8350490637635244,-5.0936236475784824e-05,2.6962965536800407,-0.13880344631995944
B1:0.070542:107000,112,118,N=0.070542B,1,111,0.070542,224.395,2.8341,0.095,107000,1.0002565653878612,0,test,2.834331812311977,0.00023181231197710872,2.6946201247807737,-0.1394798752192261
B1:0.070542:108000,113,119,N=0.070542B,1,112,0.070542,226.492,2.8338,0.0959,108000,1.0003839640141146,0,test,2.833623088833516,-0.00017691116648421712,2.6929592896880896,-0.14084071031191048
B1:0.070542:109000,114,120,N=0.070542B,1,113,0.070542,228.59,2.8331,0.0968,109000,1.0005046483431492,0,test,2.8329223823467036,-0.00017761765329638024,2.691312979873044,-0.141787020126956
B1:0.070542:110000,115,121,N=0.070542B,1,114,0.070542,230.687,2.8324,0.0976,110000,0.9996032914155686,0,test,2.8322301871562217,-0.00016981284377814987,2.689682485080212,-0.1427175149197879
B1:0.070542:111000,116,122,N=0.070542B,1,115,0.070542,232.784,2.8314,0.0985,111000,0.9997331314611785,0,test,2.831545998842885,0.0001459988428851311,2.6880667450161893,-0.14333325498381067
B1:0.070542:112000,117,123,N=0.070542B,1,116,0.070542,234.881,2.8311,0.0994,112000,0.9998606531023567,0,test,2.830869653900842,-0.000230346099157952,2.6864654950360354,-0.1446345049639648
B1:0.070542:113000,118,124,N=0.070542B,1,117,0.070542,236.978,2.83,0.1003,113000,0.9999859178852478,0,test,2.8302009935850196,0.00020099358501957099,2.6848784775516874,-0.14512152244831267
B1:0.070542:114000,119,125,N=0.070542B,1,118,0.070542,239.075,2.8297,0.1012,114000,1.000108985196637,0,test,2.8295398637318345,-0.0001601362681653562,2.68330544178327,-0.1463945582167301
B1:0.070542:115000,120,126,N=0.070542B,1,119,0.070542,241.172,2.8293,0.1021,115000,1.000229912357826,0,test,2.8288861145881574,-0.00041388541184250727,2.6817461435212633,-0.14755385647873664
B1:0.070542:116000,121,127,N=0.070542B,1,120,0.070542,243.27,2.8281,0.103,116000,1.0003446426211093,0,test,2.8282392940471723,0.0001392940471722781,2.680199610934549,-0.1479003890654509
B1:0.070542:117000,122,128,N=0.070542B,1,121,0.070542,245.367,2.8275,0.1039,117000,1.000461488291877,0,test,2.8275998772459268,9.987724592663838e-05,2.6786670864830664,-0.14883291351693373
B1:0.070542:118000,123,129,N=0.070542B,1,122,0.070542,247.464,2.827,0.1047,118000,0.9996216052425233,0,test,2.8269674166971788,-3.258330282118749e-05,2.677147603998227,-0.1498523960017728
B1:0.070542:119000,124,130,N=0.070542B,1,123,0.070542,249.561,2.8263,0.1056,119000,0.9997425627682668,0,test,2.826341778731076,4.1778731076025366e-05,2.675640943374443,-0.1506590566255568
B1:0.070542:120000,125,131,N=0.070542B,1,124,0.070542,251.658,2.8255,0.1065,120000,0.9998615044794408,0,test,2.8257228333420867,0.0002228333420868367,2.6741468900315217,-0.15135310996847817
B1:0.070542:121000,126,132,N=0.070542B,1,125,0.070542,253.755,2.8251,0.1074,121000,0.9999784803513734,0,test,2.825110454059011,1.0454059010900352e-05,2.672665234731261,-0.152434765268739
B1:0.070542:122000,127,133,N=0.070542B,1,126,0.070542,255.853,2.8243,0.1083,122000,1.0000896298610469,0,test,2.8245042303845773,0.00020423038457728637,2.6711950755340372,-0.1531049244659628
B1:0.070542:123000,128,134,N=0.070542B,1,127,0.070542,257.95,2.824,0.1092,123000,1.0002028488316113,0,test,2.823904620407985,-9.537959201466606e-05,2.669737614773634,-0.15426238522636604
B1:0.070542:124000,129,135,N=0.070542B,1,128,0.070542,260.047,2.8232,0.1101,124000,1.0003142418231694,0,test,2.8233112170578316,0.00011121705783168068,2.6682919545786525,-0.1549080454213474
B1:0.070542:125000,130,136,N=0.070542B,1,129,0.070542,262.144,2.823,0.111,125000,1.0004238526560418,0,test,2.822723906810374,-0.0002760931896257368,2.666857905392492,-0.15614209460750805
B1:0.070542:126000,131,137,N=0.070542B,1,130,0.070542,264.241,2.822,0.1118,126000,0.9996375935327532,0,test,2.8221425791052974,0.00014257910529735796,2.6654352821895513,-0.15656471781044878
B1:0.070542:127000,132,138,N=0.070542B,1,131,0.070542,266.338,2.8215,0.1127,127000,0.9997508058931278,0,test,2.8215671262455695,6.712624556959312e-05,2.6640239043319687,-0.15747609566803122
B1:0.070542:128000,133,139,N=0.070542B,1,132,0.070542,268.435,2.8212,0.1136,128000,0.9998622494355788,0,test,2.8209974433014366,-0.00020255669856350522,2.6626235954319704,-0.1585764045680298
B1:0.070542:129000,134,140,N=0.070542B,1,133,0.070542,270.533,2.8202,0.1145,129000,0.9999682689894217,0,test,2.8204331603914823,0.0002331603914824676,2.661233523220662,-0.15896647677933773
B1:0.070542:130000,135,141,N=0.070542B,1,134,0.070542,272.63,2.8199,0.1154,130000,1.0000763250625055,0,test,2.8198747157336648,-2.5284266335301453e-05,2.659854844493064,-0.160045155506936
B1:0.070542:131000,136,142,N=0.070542B,1,135,0.070542,274.727,2.8196,0.1163,131000,1.0001827315446483,0,test,2.8193217418580288,-0.00027825814197113274,2.658486729685141,-0.16111327031485878
B1:0.070542:132000,137,143,N=0.070542B,1,136,0.070542,276.824,2.8185,0.1172,132000,1.000287525923844,0,test,2.8187741440210345,0.0002741440210347612,2.6571290181382263,-0.16137098186177345
B1:0.070542:133000,138,144,N=0.070542B,1,137,0.070542,278.921,2.8183,0.1181,133000,1.0003907445607103,0,test,2.818231829821808,-6.817017819171767e-05,2.655781552831013,-0.16251844716898667
B1:0.070542:134000,139,145,N=0.070542B,1,138,0.070542,281.018,2.8178,0.1189,134000,0.9996516727954821,0,test,2.8176947091271183,-0.0001052908728818025,2.65444418027058,-0.16335581972942004
B1:0.070542:135000,140,146,N=0.070542B,1,139,0.070542,283.116,2.8173,0.1198,135000,0.9997545407992356,0,test,2.8171624415005256,-0.00013755849947427734,2.6531161197220356,-0.16418388027796427
B1:0.070542:136000,141,147,N=0.070542B,1,140,0.070542,285.213,2.8164,0.1207,136000,0.9998594010798667,0,test,2.8166354485018363,0.00023544850183654376,2.651798490406073,-0.16460150959392683
B1:0.070542:137000,142,148,N=0.070542B,1,141,0.070542,287.31,2.8159,0.1216,137000,0.9999627306653709,0,test,2.816113391467497,0.0002133914674971038,2.650490513430643,-0.16540948656935717
B1:0.070542:138000,143,149,N=0.070542B,1,142,0.070542,289.407,2.8157,0.1225,138000,1.0000645628293143,0,test,2.815596188642412,-0.00010381135758796844,2.6491920484064195,-0.16650795159358056
B1:0.070542:139000,144,150,N=0.070542B,1,143,0.070542,291.504,2.8152,0.1234,139000,1.0001649298878197,0,test,2.8150837602055017,-0.00011623979449826294,2.6479029579848343,-0.1672970420151656
B1:0.070542:140000,145,151,N=0.070542B,1,144,0.070542,293.601,2.8146,0.1243,140000,1.0002638632337584,0,test,2.8145760282104337,-2.397178956625723e-05,2.6466231077708913,-0.16797689222910872
B1:0.070542:141000,146,152,N=0.070542B,1,145,0.070542,295.698,2.8142,0.1252,141000,1.0003613933694864,0,test,2.8140729165285703,-0.0001270834714297564,2.645352366239082,-0.16884763376091794
B1:0.070542:142000,147,153,N=0.070542B,1,146,0.070542,297.796,2.8135,0.126,142000,0.9996608088039907,0,test,2.8135741141149593,7.411411495938935e-05,2.644090005075865,-0.169409994924135
B1:0.070542:143000,148,154,N=0.070542B,1,147,0.070542,299.893,2.8131,0.1269,143000,0.9997611915112019,0,test,2.813080023787925,-1.9976212074723776e-05,2.6428371015995817,-0.1702628984004182
B1:0.162405:64,149,162,N=0.162405B,2,1,0.162405,0.134,4.5235,0.0001,64,0.7658514790353519,1,train,4.523392220733864,-0.00010777926613592115,3.9067721772686554,-0.6167278227313449
B1:0.162405:128,150,163,N=0.162405B,2,2,0.162405,0.268,4.1397,0.0003,128,1.1487772185530276,1,train,4.139504531718271,-0.00019546828172956054,3.7830099460953583,-0.35669005390464203
B1:0.162405:256,151,164,N=0.162405B,2,3,0.162405,0.537,3.8226,0.0005,256,0.9555316405096568,0,train,3.8225442637714395,-5.5736228560476775e-05,3.658914907449821,-0.16368509255017916
B1:0.162405:512,152,165,N=0.162405B,2,4,0.162405,1.074,3.5629,0.001,512,0.9555316405096568,0,train,3.5622494245411227,-0.0006505754588772561,3.5351526762765237,-0.027747323723476214
B1:0.162405:1000,153,166,N=0.162405B,2,5,0.162405,2.097,3.3548,0.002,1000,0.9787706074462295,0,train,3.354614356576527,-0.00018564342347282548,3.4156809266941663,0.06088092669416634
B1:0.162405:2000,154,167,N=0.162405B,2,6,0.162405,4.194,3.1771,0.0041,2000,1.0032398726323852,0,train,3.176837829849587,-0.0002621701504126328,3.2919186955208697,0.11481869552086987
B1:0.162405:3000,155,168,N=0.162405B,2,7,0.162405,6.291,3.0883,0.0061,3000,0.9950834509036666,0,train,3.087757201077222,-0.0005427989227779761,3.219522431278908,0.1312224312789083
B1:0.162405:4000,156,169,N=0.162405B,2,8,0.162405,8.389,3.0304,0.0082,4000,1.0031202827083618,0,train,3.0303889467969194,-1.1053203080813034e-05,3.1681351791169146,0.13773517911691435
B1:0.162405:5000,157,170,N=0.162405B,2,9,0.162405,10.486,2.9888,0.0102,5000,0.9982508120785036,0,train,2.9889873292878604,0.00018732928786047154,3.128296896659428,0.13949689665942788
B1:0.162405:6000,158,171,N=0.162405B,2,10,0.162405,12.583,2.9568,0.0123,6000,1.0031601428483405,0,train,2.957026710403875,0.00022671040387534092,3.0957460096699063,0.13894600966990645
B1:0.162405:7000,159,172,N=0.162405B,2,11,0.162405,14.68,2.9311,0.0143,7000,0.9996761608498238,0,train,2.931247676713145,0.00014767671314519504,3.068224254545329,0.13712425454532928
B1:0.162405:8000,160,173,N=0.162405B,2,12,0.162405,16.777,2.9098,0.0163,8000,0.9970631224348903,0,train,2.9097981874645225,-1.8125354777076552e-06,3.044383590241768,0.13458359024176803
B1:0.162405:9000,161,174,N=0.162405B,2,13,0.162405,18.874,2.8916,0.0184,9000,1.0004680548424094,0,train,2.8915323096688734,-6.769033112652423e-05,3.0233544754478707,0.13175447544787078
B1:0.162405:10000,162,175,N=0.162405B,2,14,0.162405,20.972,2.8757,0.0204,10000,0.9982508120785036,0,train,2.875688248506515,-1.1751493484979392e-05,3.004534665486131,0.12883466548613098
B1:0.162405:11000,163,176,N=0.162405B,2,15,0.162405,23.069,2.8619,0.0225,11000,1.000928609515621,0,train,2.861759488149651,-0.0001405118503488012,2.9875184705607722,0.12561847056077236
B1:0.162405:12000,164,177,N=0.162405B,2,16,0.162405,25.166,2.8494,0.0245,12000,0.9990822560887945,0,train,2.8493638078114385,-3.6192188561656735e-05,2.971983778496609,0.12258377849660906
B1:0.162405:13000,165,178,N=0.162405B,2,17,0.162405,27.263,2.8385,0.0266,13000,1.0012841623715687,0,train,2.838224326802898,-0.00027567319710186666,2.9576931519509726,0.1191931519509728
B1:0.162405:14000,166,179,N=0.162405B,2,18,0.162405,29.36,2.8281,0.0286,14000,0.9996761608498238,0,train,2.8281308446441313,3.084464413127819e-05,2.9444620233720324,0.11636202337203239
B1:0.162405:15000,167,180,N=0.162405B,2,19,0.162405,31.457,2.8195,0.0307,15000,1.001544907160769,0,train,2.8189203145979724,-0.0005796854020276854,2.9321440771928997,0.1126440771928996
B1:0.162405:16000,168,181,N=0.162405B,2,20,0.162405,33.554,2.8106,0.0327,16000,1.0001215982705802,0,train,2.8104639211807694,-0.00013607881923061171,2.920621359068471,0.1100213590684711
B1:0.162405:17000,169,182,N=0.162405B,2,21,0.162405,35.652,2.8025,0.0347,17000,0.9988377109891674,0,train,2.80265468340808,0.00015468340807966996,2.9097923804909844,0.10729238049098422
B1:0.162405:18000,170,183,N=0.162405B,2,22,0.162405,37.749,2.7952,0.0368,18000,1.0004415516753098,0,train,2.7954158584675795,0.00021585846757954386,2.8995875142546477,0.10438751425464776
B1:0.162405:19000,171,184,N=0.162405B,2,23,0.162405,39.846,2.7888,0.0388,19000,0.9993010615370683,0,train,2.7886742446568995,-0.00012575534310066416,2.8899344961691695,0.10113449616916936
B1:0.162405:20000,172,185,N=0.162405B,2,24,0.162405,41.943,2.7823,0.0409,20000,1.0007213637558472,0,train,2.782372096356724,7.209635672378312e-05,2.8807766912574664,0.09847669125746616
B1:0.162405:21000,173,186,N=0.162405B,2,25,0.162405,44.04,2.7766,0.0429,21000,0.9996761608498238,0,train,2.7764608496968726,-0.0001391503031276109,2.872065759130071,0.09546575913007072
B1:0.162405:22000,174,187,N=0.162405B,2,26,0.162405,46.137,2.771,0.045,22000,1.0009503042207277,0,train,2.770899305362846,-0.00010069463715378646,2.863760109366498,0.09276010936649826
B1:0.162405:23000,175,188,N=0.162405B,2,27,0.162405,48.234,2.7656,0.047,23000,0.9999860295568782,0,train,2.765652235521025,5.223552102506801e-05,2.855823700507594,0.0902237005075941
B1:0.162405:24000,176,189,N=0.162405B,2,28,0.162405,50.332,2.7605,0.049,24000,0.9990822560887945,0,train,2.7606869988722185,0.0001869988722185134,2.8482215473233126,0.08772154732331261
B1:0.162405:25000,177,190,N=0.162405B,2,29,0.162405,52.429,2.7557,0.0511,25000,1.0002272439960076,0,train,2.7559820210302037,0.00028202103020369407,2.840933300559792,0.08523330055979184
B1:0.162405:26000,178,191,N=0.162405B,2,30,0.162405,54.526,2.7514,0.0531,26000,0.9994020492844042,0,train,2.75151193851911,0.00011193851910995534,2.8339309207776755,0.08253092077767565
B1:0.162405:27000,179,192,N=0.162405B,2,31,0.162405,56.623,2.7474,0.0552,27000,1.0004503859083218,0,train,2.747256644200264,-0.0001433557997359003,2.8271928266720723,0.07979282667207244
B1:0.162405:28000,180,193,N=0.162405B,2,32,0.162405,58.72,2.7432,0.0572,28000,0.9996761608498238,0,train,2.7431984176370596,-1.582362940233395e-06,2.8206997921987353,0.07749979219873548
B1:0.162405:29000,181,194,N=0.162405B,2,33,0.162405,60.817,2.7391,0.0593,29000,1.0006427516501493,0,train,2.739321568305719,0.00022156830571873343,2.8144346158503866,0.07533461585038648
B1:0.162405:30000,182,195,N=0.162405B,2,34,0.162405,62.915,2.7356,0.0613,30000,0.9998978334407038,0,train,2.735610411370624,1.0411370624296978e-05,2.808379008022684,0.072779008022684
B1:0.162405:31000,183,196,N=0.162405B,2,35,0.162405,65.012,2.7321,0.0633,31000,0.9992163624367288,0,train,2.7320560202316,-4.397976839998208e-05,2.802524804952854,0.07042480495285419
B1:0.162405:32000,184,197,N=0.162405B,2,36,0.162405,67.109,2.7285,0.0654,32000,1.0001066953276325,0,train,2.7286454198030166,0.00014541980301663315,2.796856467261169,0.06835646726116895
B1:0.162405:33000,185,198,N=0.162405B,2,37,0.162405,69.206,2.7254,0.0674,33000,0.9994601939218687,0,train,2.7253685651476767,-3.1434852323375395e-05,2.791362555122209,0.06596255512220894
B1:0.162405:34000,186,199,N=0.162405B,2,38,0.162405,71.303,2.7222,0.0695,34000,1.0002909869509322,0,train,2.72221639087361,1.6390873609939405e-05,2.7860326534185686,0.0638326534185687
B1:0.162405:35000,187,200,N=0.162405B,2,39,0.162405,73.4,2.719,0.0715,35000,0.9996761608498236,0,train,2.7191806900818722,0.00018069008187238111,2.7808572528981066,0.06185725289810673
B1:0.162405:36000,188,201,N=0.162405B,2,40,0.162405,75.497,2.7163,0.0736,36000,1.000454803083335,0,train,2.716254011252227,-4.59887477730625e-05,2.775827648075651,0.05952764807565103
B1:0.162405:37000,189,202,N=0.162405B,2,41,0.162405,77.595,2.7135,0.0756,37000,0.9998558957690223,0,train,2.713428246476902,-7.175352309785055e-05,2.7709335480454436,0.05743354804544376
B1:0.162405:38000,190,203,N=0.162405B,2,42,0.162405,79.692,2.7109,0.0777,38000,1.0005888206369873,0,train,2.7106998940582905,-0.00020010594170960516,2.766172264995873,0.05527226499587279
B1:0.162405:39000,191,204,N=0.162405B,2,43,0.162405,81.789,2.7082,0.0797,39000,1.000029420313459,0,train,2.7080619161067707,-0.00013808389322944592,2.7615346565357144,0.05333465653571423
B1:0.162405:40000,192,205,N=0.162405B,2,44,0.162405,83.886,2.7053,0.0817,40000,0.9994979880055344,0,train,2.705509114437228,0.0002091144372280418,2.7570144600841693,0.05171446008416947
B1:0.162405:41000,193,206,N=0.162405B,2,45,0.162405,85.983,2.7029,0.0838,41000,1.0001860168153907,0,train,2.7030367104284068,0.00013671042840668335,2.7526058770205175,0.04970587702051743
B1:0.162405:42000,194,207,N=0.162405B,2,46,0.162405,88.08,2.7007,0.0858,42000,0.9996761608498238,0,train,2.700640301893388,-5.9698106611882906e-05,2.748303527956774,0.04760352795677392
B1:0.162405:43000,195,208,N=0.162405B,2,47,0.162405,90.178,2.6984,0.0879,43000,1.0003169543531456,0,train,2.698314733364351,-8.526663564900616e-05,2.7441004332768317,0.04570043327683182
B1:0.162405:44000,196,209,N=0.162405B,2,48,0.162405,92.275,2.6961,0.0899,44000,0.9998273017986745,0,train,2.696058462243821,-4.1537756179099716e-05,2.739995943193205,0.04389594319320489
B1:0.162405:45000,197,210,N=0.162405B,2,49,0.162405,94.372,2.6945,0.092,45000,1.0004468521963947,0,train,2.693866881381103,-0.0006331186188970328,2.735983689774683,0.041483689774683086
B1:0.162405:46000,198,211,N=0.162405B,2,50,0.162405,96.469,2.6918,0.094,46000,0.9999756636773776,0,train,2.6917367591698214,-6.324083017883453e-05,2.732059618459067,0.04025961845906689
B1:0.162405:47000,199,212,N=0.162405B,2,51,0.162405,98.566,2.6898,0.096,47000,0.9995245243096774,0,train,2.6896650912736,-0.00013490872639998486,2.72821993629173,0.03841993629173013
B1:0.162405:48000,200,213,N=0.162405B,2,52,0.162405,100.663,2.6878,0.0981,48000,1.0001116629259326,0,train,2.687649080206951,-0.00015091979304937553,2.724461089892804,0.03666108989280392
B1:0.162405:49000,201,214,N=0.162405B,2,53,0.162405,102.76,2.6858,0.1001,49000,0.9996761608498236,0,train,2.6856861171328936,-0.00011388286710634077,2.7207797456961433,0.03497974569614337
B1:0.162405:50000,202,215,N=0.162405B,2,54,0.162405,104.858,2.6837,0.1022,50000,1.0002272439960076,0,train,2.6837728653554027,7.28653554027403e-05,2.7171710693864948,0.0334710693864948
B1:0.162405:51000,203,216,N=0.162405B,2,55,0.162405,106.955,2.682,0.1042,51000,0.9998065571010997,0,train,2.6819088692436273,-9.113075637268153e-05,2.7136355544724116,0.03163555447241162
B1:0.162405:52000,204,217,N=0.162405B,2,56,0.162405,109.052,2.68,0.1063,52000,1.0003431058279866,0,train,2.6800910711325647,9.107113256456856e-05,2.710168689604379,0.030168689604378685
B1:0.162405:53000,205,218,N=0.162405B,2,57,0.162405,111.149,2.6783,0.1083,53000,0.9999361068526782,0,train,2.678317470137024,1.7470137023689603e-05,2.7067678594907267,0.02846785949072661
B1:0.162405:54000,206,219,N=0.162405B,2,58,0.162405,113.246,2.6765,0.1104,54000,1.0004503859083218,0,train,2.676586187721415,8.618772141533171e-05,2.7034305954987756,0.026930595498775745
B1:0.162405:55000,207,220,N=0.162405B,2,59,0.162405,115.343,2.6749,0.1124,55000,1.0000562354576226,0,train,2.674895458115838,-4.541884162101439e-06,2.700154564890058,0.02525456489005773
B1:0.162405:56000,208,221,N=0.162405B,2,60,0.162405,117.441,2.6736,0.1144,56000,0.9996676486934145,0,train,2.673242840951416,-0.00035715904858379943,2.6969360406712406,0.02333604067124062
B1:0.162405:57000,209,222,N=0.162405B,2,61,0.162405,119.538,2.6713,0.1165,57000,1.0001595676036807,0,train,2.67162834559616,0.00032834559615979586,2.6937760007539113,0.022476000753911318
B1:0.162405:58000,210,223,N=0.162405B,2,62,0.162405,121.635,2.6702,0.1185,58000,0.9997908197149136,0,train,2.670049698862676,-0.00015030113732406036,2.690670916745235,0.020470916745235268
B1:0.162405:59000,211,224,N=0.162405B,2,63,0.162405,123.732,2.6683,0.1206,59000,1.0002639771282207,0,train,2.668505506994701,0.00020550699470112122,2.6876189098089136,0.01931890980891371
B1:0.162405:60000,212,225,N=0.162405B,2,64,0.162405,125.829,2.6669,0.1226,60000,0.9999057799223052,0,train,2.6669944528856244,9.445288562437426e-05,2.6846181958422077,0.017718195842207685
B1:0.162405:61000,213,226,N=0.162405B,2,65,0.162405,127.926,2.6657,0.1247,61000,1.0003615406082362,0,train,2.6655152906685506,-0.0001847093314495396,2.6816670792122728,0.015967079212272584
B1:0.162405:62000,214,227,N=0.162405B,2,66,0.162405,130.023,2.6641,0.1267,62000,1.0000133238555022,0,train,2.664066840769776,-3.3159230223844816e-05,2.678763947001761,0.014663947001761102
B1:0.162405:63000,215,228,N=0.162405B,2,67,0.162405,132.121,2.6625,0.1287,63000,0.9996685944814125,0,train,2.6626473156561197,0.0001473156561195843,2.6759059122882194,0.013405912288219302
B1:0.162405:64000,216,229,N=0.162405B,2,68,0.162405,134.218,2.6611,0.1308,64000,1.0001066953276325,0,train,2.661257007936552,0.00015700793655204492,2.6730942360878718,0.011994236087871979
B1:0.162405:65000,217,230,N=0.162405B,2,69,0.162405,136.315,2.66,0.1328,65000,0.9997784719018373,0,train,2.659894227652484,-0.00010577234751618647,2.67032615030375,0.010326150303749948
B1:0.162405:66000,218,231,N=0.162405B,2,70,0.162405,138.412,2.6584,0.1349,66000,1.0002016332348669,0,train,2.6585580187100293,0.00015801871002940615,2.6676003239489123,0.009200323948912459
B1:0.162405:67000,219,232,N=0.162405B,2,71,0.162405,140.509,2.6573,0.1369,67000,0.9998817899431294,0,train,2.6572474720718633,-5.2527928136925084e-05,2.6649154860812665,0.007615486081266276
B1:0.162405:68000,220,233,N=0.162405B,2,72,0.162405,142.606,2.656,0.139,68000,1.0002909869509322,0,train,2.6559617227797334,-3.8277220266724754e-05,2.662270422245272,0.006270422245271856
B1:0.162405:69000,221,234,N=0.162405B,2,73,0.162405,144.703,2.6546,0.141,69000,0.9999791189466658,0,train,2.6546999472060047,9.994720600481344e-05,2.659663971173384,0.005063971173384196
B1:0.162405:70000,222,235,N=0.162405B,2,74,0.162405,146.801,2.6538,0.143,70000,0.9996693511130995,0,train,2.653460775277876,-0.00033922472212388755,2.657093805440416,0.003293805440415909
B1:0.162405:71000,223,236,N=0.162405B,2,75,0.162405,148.898,2.6523,0.1451,71000,1.00006424851079,0,train,2.6522446395982566,-5.536040174325407e-05,2.6545613108865513,0.0022613108865514597
B1:0.162405:72000,224,237,N=0.162405B,2,76,0.162405,150.995,2.6507,0.1471,72000,0.9997685250410567,0,train,2.6510502299370695,0.00035022993706945726,2.6520642344012884,0.0013642344012883
B1:0.162405:73000,225,238,N=0.162405B,2,77,0.162405,153.092,2.6499,0.1492,73000,1.0001512456599941,0,train,2.6498768644203787,-2.3135579621413882e-05,2.649601598958028,-0.00029840104197198514
B1:0.162405:74000,226,239,N=0.162405B,2,78,0.162405,155.189,2.6486,0.1512,74000,0.9998623385961284,0,train,2.648723891543937,0.0001238915439367716,2.6471724674084727,-0.0014275325915273918
B1:0.162405:75000,227,240,N=0.162405B,2,79,0.162405,157.286,2.6477,0.1533,75000,1.0002336032857346,0,train,2.6475906884317917,-0.00010931156820825905,2.6447759403414968,-0.0029240596585031753
B1:0.162405:76000,228,241,N=0.162405B,2,80,0.162405,159.384,2.6464,0.1553,76000,0.9999449410870277,0,train,2.646476132449634,7.61324496343363e-05,2.6424100338225758,-0.003989966177424087
B1:0.162405:77000,229,242,N=0.162405B,2,81,0.162405,161.481,2.6454,0.1574,77000,1.0003054882755265,0,train,2.645380715503131,-1.9284496869165224e-05,2.6400761731178997,-0.005323826882100313
B1:0.162405:78000,230,243,N=0.162405B,2,82,0.162405,163.578,2.6444,0.1594,78000,1.000029420313459,0,train,2.6443033555584305,-9.664444156953778e-05,2.6377724253624173,-0.006627574637582789
B1:0.162405:79000,231,244,N=0.162405B,2,83,0.162405,165.675,2.6434,0.1614,79000,0.999760340907498,0,train,2.6432435291365857,-0.0001564708634145262,2.6354980233716305,-0.007901976628369667
B1:0.162405:80000,232,245,N=0.162405B,2,84,0.162405,167.772,2.642,0.1635,80000,1.0001096758806909,0,train,2.6422007343169547,0.00020073431695477595,2.6332522289108726,-0.008747771089127276
B1:0.162405:81000,233,246,N=0.162405B,2,85,0.162405,169.869,2.6411,0.1655,81000,0.9998462492018555,0,train,2.6411744895930367,7.448959303690827e-05,2.631034331256814,-0.010065668743185707
B1:0.162405:82000,234,247,N=0.162405B,2,86,0.162405,171.966,2.6401,0.1676,82000,1.0001860168153907,0,train,2.6401643328023052,6.433280230533356e-05,2.628843645847221,-0.011256354152779036
B1:0.162405:83000,235,248,N=0.162405B,2,87,0.162405,174.064,2.6391,0.1696,83000,0.9999222730230847,0,train,2.639169349532834,6.93495328341065e-05,2.6266784872308224,-0.012421512769177578
B1:0.162405:84000,236,249,N=0.162405B,2,88,0.162405,176.161,2.6385,0.1717,84000,1.000253044621089,0,train,2.638190061708879,-0.00030993829112091476,2.6245402832125735,-0.01395971678742658
B1:0.162405:85000,237,250,N=0.162405B,2,89,0.162405,178.258,2.6373,0.1737,85000,1.0000003284975172,0,train,2.637225581496259,-7.441850374112491e-05,2.6224273821216575,-0.014872617878342709
B1:0.162405:86000,238,251,N=0.162405B,2,90,0.162405,180.355,2.6361,0.1757,86000,0.9997534890694751,0,train,2.6362755147070107,0.0001755147070108265,2.6203391920991668,-0.015760807900833118
B1:0.162405:87000,239,252,N=0.162405B,2,91,0.162405,182.452,2.6355,0.1778,87000,1.0000747954702096,0,train,2.6353394820752336,-0.00016051792476634574,2.6182751418125507,-0.017224858187449232
B1:0.162405:88000,240,253,N=0.162405B,2,92,0.162405,184.549,2.6347,0.1798,88000,0.9998327194779998,0,train,2.6344171185283916,-0.0002828814716084871,2.616234679517285,-0.018465320482714986
B1:0.162405:89000,241,254,N=0.162405B,2,93,0.162405,186.647,2.6337,0.1819,89000,1.0001405573566726,0,train,2.6335076421261925,-0.00019235787380766922,2.6142163155441414,-0.019483684455858796
B1:0.162405:90000,242,255,N=0.162405B,2,94,0.162405,188.744,2.6324,0.1839,90000,0.9999031310810708,0,train,2.632611581029382,0.00021158102938212409,2.6122214586013865,-0.020178541398613525
B1:0.162405:91000,243,256,N=0.162405B,2,95,0.162405,190.841,2.6317,0.186,91000,1.0002086691789034,0,train,2.631728172153342,2.8172153342165274e-05,2.6102486431017864,-0.021451356898213536
B1:0.162405:92000,244,257,N=0.162405B,2,96,0.162405,192.938,2.6311,0.188,92000,0.9999756636773776,0,train,2.630857100741385,-0.00024289925861520345,2.60829738728577,-0.02280261271423001
B1:0.162405:93000,245,258,N=0.162405B,2,97,0.162405,195.035,2.6299,0.19,93000,0.9997476686871617,0,train,2.6299980631802344,9.806318023430904e-05,2.6063672250178915,-0.023532774982108595
B1:0.162405:94000,246,259,N=0.162405B,2,98,0.162405,197.132,2.6292,0.1921,94000,1.0000451099994219,0,train,2.629150766490727,-4.9233509272994525e-05,2.604457705118433,-0.024742294881566984
B1:0.162405:95000,247,260,N=0.162405B,2,99,0.162405,199.229,2.6284,0.1941,95000,0.999821183603897,0,train,2.6283149278469193,-8.507215308073413e-05,2.602568390730376,-0.025831609269624245
B1:0.162405:96000,248,261,N=0.162405B,2,100,0.162405,201.327,2.6274,0.1962,96000,1.0001066953276325,0,train,2.6274898834935354,8.988349353522551e-05,2.6006979718459102,-0.026702028154089952
B1:0.162405:97000,249,262,N=0.162405B,2,101,0.162405,203.424,2.6267,0.1982,97000,0.9998867518780529,0,train,2.6266761559757326,-2.3844024267472008e-05,2.598847821374393,-0.02785217862560696
B1:0.162405:98000,250,263,N=0.162405B,2,102,0.162405,205.521,2.6254,0.2003,98000,1.0001706330547562,0,train,2.625873094404688,0.00047309440468801256,2.5970166457474337,-0.028383354252566217
B1:0.162405:99000,251,264,N=0.162405B,2,103,0.162405,207.618,2.6249,0.2023,99000,0.9999544867972009,0,test,2.625080452268244,0.0001804522682440357,2.595204059706951,-0.029695940293049006
B1:0.162405:100000,252,265,N=0.162405B,2,104,0.162405,209.715,2.6243,0.2044,100000,1.0002320134557219,0,test,2.6242979911684237,-2.0088315761945807e-06,2.593409689610244,-0.03089031038975598
B1:0.162405:101000,253,266,N=0.162405B,2,105,0.162405,211.812,2.6234,0.2064,101000,1.0000195393352664,0,test,2.623525480476377,0.00012548047637661597,2.5916331729677076,-0.03176682703229261
B1:0.162405:102000,254,267,N=0.162405B,2,106,0.162405,213.91,2.623,0.2084,102000,0.9998065571010997,0,test,2.622762335541157,-0.000237664458843323,2.5898733232991145,-0.03312667670088576
B1:0.162405:103000,255,268,N=0.162405B,2,107,0.162405,216.007,2.6218,0.2105,103000,1.0000774358770859,0,test,2.622009067720932,0.00020906772093187698,2.5881314766356662,-0.03366852336433368
B1:0.162405:104000,256,269,N=0.162405B,2,108,0.162405,218.104,2.6212,0.2125,104000,0.9998725775561953,0,test,2.6212651017502844,6.510175028440202e-05,2.586406458431082,-0.034793541568917785
B1:0.162405:105000,257,270,N=0.162405B,2,109,0.162405,220.201,2.6206,0.2146,105000,1.0001376683907972,0,test,2.6205302349718487,-6.976502815136953e-05,2.584697946625665,-0.03590205337433483
B1:0.162405:106000,258,271,N=0.162405B,2,110,0.162405,222.298,2.62,0.2166,106000,0.9999361068526782,0,test,2.619804271020025,-0.0001957289799752182,2.58300562831743,-0.036994371682570026
B1:0.162405:107000,259,272,N=0.162405B,2,111,0.162405,224.395,2.6189,0.2187,107000,1.000195649382304,0,test,2.6190870195684774,0.00018701956847744228,2.581329199418163,-0.03757080058183693
B1:0.162405:108000,260,273,N=0.162405B,2,112,0.162405,226.492,2.6186,0.2207,108000,0.9999972833784722,0,test,2.6183782960900164,-0.00022170390998343947,2.579668364325479,-0.03893163567452085
B1:0.162405:109000,261,274,N=0.162405B,2,113,0.162405,228.59,2.6177,0.2227,109000,0.9997981830822505,0,test,2.617677589603204,-2.241039679606871e-05,2.5780220545104333,-0.039677945489566824
B1:0.162405:110000,262,275,N=0.162405B,2,114,0.162405,230.687,2.6169,0.2248,110000,1.0000519003358537,0,test,2.616985394412722,8.539441272237269e-05,2.5763915597176013,-0.04050844028239853
B1:0.162405:111000,263,276,N=0.162405B,2,115,0.162405,232.784,2.6164,0.2268,111000,0.9998601909778673,0,test,2.6163012060993855,-9.879390061451332e-05,2.5747758196535786,-0.04162418034642146
B1:0.162405:112000,264,277,N=0.162405B,2,116,0.162405,234.881,2.6157,0.2289,112000,1.00010882429229,0,test,2.6156248611573427,-7.513884265719639e-05,2.5731745696734247,-0.042525430326575187
B1:0.162405:113000,265,278,N=0.162405B,2,117,0.162405,236.978,2.6149,0.2309,113000,0.9999200040611874,0,test,2.61495620084152,5.62008415201376e-05,2.5715875521890768,-0.04331244781092325
B1:0.162405:114000,266,279,N=0.162405B,2,118,0.162405,239.075,2.6143,0.233,114000,1.0001637510589463,0,test,2.614295070988335,-4.929011665044669e-06,2.570014516420659,-0.04428548357934092
B1:0.162405:115000,267,280,N=0.162405B,2,119,0.162405,241.172,2.6136,0.235,115000,0.9999777368360849,0,test,2.613641321844658,4.132184465799327e-05,2.5684552181586526,-0.04514478184134729
B1:0.162405:116000,268,281,N=0.162405B,2,120,0.162405,243.27,2.613,0.237,116000,0.9997908197149136,0,test,2.612994501303673,-5.4986963271552725e-06,2.5669086855719385,-0.04609131442806147
B1:0.162405:117000,269,282,N=0.162405B,2,121,0.162405,245.367,2.6125,0.2391,117000,1.0000294203134592,0,test,2.6123550845024273,-0.00014491549757256195,2.5653761611204557,-0.04712383887954408
B1:0.162405:118000,270,283,N=0.162405B,2,122,0.162405,247.464,2.612,0.2411,118000,0.9998492739867911,0,test,2.6117226239536793,-0.0002773760463208319,2.5638566786356165,-0.048143321364383596
B1:0.162405:119000,271,284,N=0.162405B,2,123,0.162405,249.561,2.6109,0.2432,119000,1.0000833736035388,0,test,2.6110969859875763,0.0001969859875763369,2.5623500180118324,-0.04854998198816762
B1:0.162405:120000,272,285,N=0.162405B,2,124,0.162405,251.658,2.6108,0.2452,120000,0.9999057799223052,0,test,2.6104780405985872,-0.00032195940141255264,2.560855964668911,-0.04994403533108871
B1:0.162405:121000,273,286,N=0.162405B,2,125,0.162405,253.755,2.6096,0.2473,121000,1.0001355434402985,0,test,2.6098656613155113,0.0002656613155114229,2.5593743093686503,-0.05022569063134963
B1:0.162405:122000,274,287,N=0.162405B,2,126,0.162405,255.853,2.6092,0.2493,122000,0.9999565249948513,0,test,2.609259437641078,5.943764107785299e-05,2.5579041501714266,-0.05129584982857338
B1:0.162405:123000,275,288,N=0.162405B,2,127,0.162405,257.95,2.6088,0.2514,123000,1.000182139373961,0,test,2.6086598276644857,-0.0001401723355143325,2.556446689411023,-0.052353310588976854
B1:0.162405:124000,276,289,N=0.162405B,2,128,0.162405,260.047,2.6081,0.2534,124000,1.0000094783455604,0,test,2.608066424314332,-3.357568566775271e-05,2.555001029216042,-0.05309897078395798
B1:0.162405:125000,277,290,N=0.162405B,2,129,0.162405,262.144,2.6074,0.2554,125000,0.999839579693385,0,test,2.6074791140668747,7.911406687455269e-05,2.5535669800298813,-0.05383301997011891
B1:0.162405:126000,278,291,N=0.162405B,2,130,0.162405,264.241,2.6069,0.2575,126000,1.0000607507583916,0,test,2.606897786361798,-2.2136382020754297e-06,2.5521443568269406,-0.054755643173059365
B1:0.162405:127000,279,292,N=0.162405B,2,131,0.162405,266.338,2.6063,0.2595,127000,0.9998931237936866,0,test,2.60632233350207,2.233350206992668e-05,2.550732978969358,-0.05556702103064204
B1:0.162405:128000,280,293,N=0.162405B,2,132,0.162405,268.435,2.6057,0.2616,128000,1.000110421021731,0,test,2.605752650557937,5.265055793701734e-05,2.5493326700693597,-0.05636732993064042
B1:0.162405:129000,281,294,N=0.162405B,2,133,0.162405,270.533,2.6053,0.2636,129000,0.9999413115249641,0,test,2.605188367647983,-0.00011163235201738786,2.5479425978580514,-0.05735740214194873
B1:0.162405:130000,282,295,N=0.162405B,2,134,0.162405,272.63,2.6047,0.2657,130000,1.0001548945192702,0,test,2.6046299229901653,-7.007700983452381e-05,2.5465639191304534,-0.05813608086954636
B1:0.162405:131000,283,296,N=0.162405B,2,135,0.162405,274.727,2.604,0.2677,131000,0.9999916675703638,0,test,2.6040769491145292,7.694911452915676e-05,2.5451958043225305,-0.05880419567746964
B1:0.162405:132000,284,297,N=0.162405B,2,136,0.162405,276.824,2.6037,0.2697,132000,0.9998309135783678,0,test,2.603529351277535,-0.00017064872246486118,2.5438380927756157,-0.059861907224384225
B1:0.162405:133000,285,298,N=0.162405B,2,137,0.162405,278.921,2.603,0.2718,133000,1.0000405092568274,0,test,2.6029870370783086,-1.2962921691617169e-05,2.5424906274684025,-0.060509372531597716
B1:0.162405:134000,286,299,N=0.162405B,2,138,0.162405,281.018,2.6026,0.2738,134000,0.9998817899431294,0,test,2.6024499163836188,-0.00015008361638102485,2.5411532549079694,-0.06144674509203041
B1:0.162405:135000,287,300,N=0.162405B,2,139,0.162405,283.116,2.602,0.2759,135000,1.0000843714528453,0,test,2.601917648757026,-8.235124297373275e-05,2.539825194359425,-0.06217480564057487
B1:0.162405:136000,288,301,N=0.162405B,2,140,0.162405,285.213,2.6013,0.2779,136000,0.9999276641389365,0,test,2.601390655758337,9.065575833666628e-05,2.5385075650434623,-0.06279243495653786
B1:0.162405:137000,289,302,N=0.162405B,2,141,0.162405,287.31,2.6008,0.28,137000,1.000130433796471,0,test,2.6008685987239977,6.859872399767042e-05,2.5371995880680323,-0.06360041193196775
B1:0.162405:138000,290,303,N=0.162405B,2,142,0.162405,289.407,2.6005,0.282,138000,0.9999756636773773,0,test,2.6003513958989126,-0.0001486041010871908,2.535901123043809,-0.06459887695619093
B1:0.162405:139000,291,304,N=0.162405B,2,143,0.162405,291.504,2.5999,0.2841,139000,1.0001751707005195,0,test,2.599838967462002,-6.103253799771835e-05,2.5346120326222237,-0.0652879673777762
B1:0.162405:140000,292,305,N=0.162405B,2,144,0.162405,293.601,2.5993,0.2861,140000,1.0000222918985258,0,test,2.5993312354669342,3.123546693428736e-05,2.5333321824082806,-0.06596781759171932
B1:0.162405:141000,293,306,N=0.162405B,2,145,0.162405,295.698,2.5989,0.2881,141000,0.9998715814361739,0,test,2.5988281237850708,-7.187621492921181e-05,2.5320614408764714,-0.06683855912352854
B1:0.162405:142000,294,307,N=0.162405B,2,146,0.162405,297.796,2.5985,0.2902,142000,1.00006424851079,0,test,2.5983293213714598,-0.00017067862854025506,2.5307990797132542,-0.06770092028674579
B1:0.162405:143000,295,308,N=0.162405B,2,147,0.162405,299.893,2.5978,0.2922,143000,0.9999153528536311,0,test,2.5978352310444257,3.523104442582081e-05,2.529546176236971,-0.0682538237630288
B1:0.409009:64,296,316,N=0.409009B,3,1,0.409009,0.134,4.3461,0.0003,64,0.9122887964768719,1,train,4.3464189464072644,0.00031894640726459755,3.781286666671478,-0.5648133333285217
B1:0.409009:128,297,317,N=0.409009B,3,2,0.409009,0.268,3.9625,0.0007,128,1.0643369292230174,1,train,3.962531257391671,3.1257391670980184e-05,3.657524435498181,-0.30497556450181884
B1:0.409009:256,298,318,N=0.409009B,3,3,0.409009,0.537,3.6458,0.0013,256,0.9864724292133524,0,train,3.64557098944484,-0.000229010555159892,3.5334293968526436,-0.11237060314735636
B1:0.409009:512,299,319,N=0.409009B,3,4,0.409009,1.074,3.3856,0.0026,512,0.9864724292133524,0,train,3.3852761502145228,-0.0003238497854773925,3.4096671656793465,0.024067165679346303
B1:0.409009:1000,300,320,N=0.409009B,3,5,0.409009,2.097,3.1777,0.0051,1000,0.9910318924054909,0,train,3.1776410822499273,-5.891775007293987e-05,3.290195416096989,0.11249541609698888
B1:0.409009:2000,301,321,N=0.409009B,3,6,0.409009,4.194,2.9999,0.0103,2000,1.0007478913506427,0,train,2.9998645555229877,-3.544447701209208e-05,3.1664331849236924,0.16653318492369262
B1:0.409009:3000,302,322,N=0.409009B,3,7,0.409009,6.291,2.9109,0.0154,3000,0.997509225035592,0,train,2.9107839267506224,-0.00011607324937745744,3.094036920681731,0.18313692068173104
B1:0.409009:4000,303,323,N=0.409009B,3,8,0.409009,8.389,2.8533,0.0206,4000,1.0006285984800563,0,train,2.85341567247032,0.00011567247031996075,3.0426496685197373,0.18934966851973734
B1:0.409009:5000,304,324,N=0.409009B,3,9,0.409009,10.486,2.8125,0.0257,5000,0.9987094403035958,0,train,2.812014054961261,-0.00048594503873911066,3.0028113860622505,0.1903113860622505
B1:0.409009:6000,305,325,N=0.409009B,3,10,0.409009,12.583,2.7799,0.0309,6000,1.0006683596100918,0,train,2.7800534360772753,0.00015343607727524855,2.970260499072729,0.190360499072729
B1:0.409009:7000,306,326,N=0.409009B,3,11,0.409009,14.68,2.754,0.036,7000,0.9992918152144483,0,train,2.754274402386545,0.00027440238654508065,2.942738743948152,0.18873874394815182
B1:0.409009:8000,307,327,N=0.409009B,3,12,0.409009,16.777,2.733,0.0412,8000,1.000688241360099,0,train,2.7328249131379225,-0.00017508686207756696,2.918898079644591,0.18589807964459082
B1:0.409009:9000,308,328,N=0.409009B,3,13,0.409009,18.874,2.7147,0.0463,9000,0.9996153705453374,0,train,2.7145590353422735,-0.0001409646577266166,2.8978689648506935,0.18316896485069334
B1:0.409009:10000,309,329,N=0.409009B,3,14,0.409009,20.972,2.6988,0.0515,10000,1.0006524547788944,0,train,2.6987149741799157,-8.502582008418358e-05,2.879049154888954,0.180249154888954
B1:0.409009:11000,310,330,N=0.409009B,3,15,0.409009,23.069,2.6849,0.0566,11000,0.9997779340238975,0,train,2.6847862138230516,-0.00011378617694823845,2.862032959963595,0.17713295996359513
B1:0.409009:12000,311,331,N=0.409009B,3,16,0.409009,25.166,2.6724,0.0618,12000,1.0006683596100918,0,train,2.672390533484839,-9.46651516109398e-06,2.846498267899432,0.17409826789943184
B1:0.409009:13000,312,332,N=0.409009B,3,17,0.409009,27.263,2.6611,0.0669,13000,0.9999271472809995,0,train,2.6612510524762985,0.00015105247629865204,2.8322076413537953,0.17110764135379553
B1:0.409009:14000,313,333,N=0.409009B,3,18,0.409009,29.36,2.6512,0.0721,14000,1.0006797205133573,0,train,2.651157570317532,-4.2429682467926e-05,2.818976512774855,0.1677765127748554
B1:0.409009:15000,314,334,N=0.409009B,3,19,0.409009,31.457,2.6418,0.0772,15000,1.000036572866023,0,train,2.641947040271373,0.00014704027137302234,2.8066585665957224,0.1648585665957225
B1:0.409009:16000,315,335,N=0.409009B,3,20,0.409009,33.554,2.6336,0.0823,16000,0.9994738138827203,0,train,2.63349064685417,-0.00010935314583004896,2.795135848471294,0.16153584847129387
B1:0.409009:17000,316,336,N=0.409009B,3,21,0.409009,35.652,2.6256,0.0875,17000,1.000092200408703,0,train,2.625681409081481,8.140908148090986e-05,2.784306869893807,0.15870686989380722
B1:0.409009:18000,317,337,N=0.409009B,3,22,0.409009,37.749,2.6183,0.0926,18000,0.9995888899664996,0,train,2.61844258414098,0.00014258414097989558,2.7741020036574704,0.15580200365747032
B1:0.409009:19000,318,338,N=0.409009B,3,23,0.409009,39.846,2.6116,0.0978,19000,1.0001612153113406,0,train,2.6117009703303,0.00010097033029987657,2.7644489855719923,0.1528489855719921
B1:0.409009:20000,319,339,N=0.409009B,3,24,0.409009,41.943,2.6055,0.1029,20000,0.9997047818150823,0,train,2.6053988220301245,-0.0001011779698756321,2.755291180660289,0.14979118066028896
B1:0.409009:21000,320,340,N=0.409009B,3,25,0.409009,44.04,2.5994,0.1081,21000,1.000217085413721,0,train,2.599487575370273,8.757537027292983e-05,2.7465802485328936,0.14718024853289347
B1:0.409009:22000,321,341,N=0.409009B,3,26,0.409009,46.137,2.5938,0.1132,22000,0.9997996037885988,0,train,2.593926031036247,0.00012603103624719836,2.738274598769321,0.144474598769321
B1:0.409009:23000,322,342,N=0.409009B,3,27,0.409009,48.234,2.5887,0.1184,23000,1.0002632395808946,0,train,2.588678961194426,-2.1038805573692088e-05,2.730338189910417,0.1416381899104171
B1:0.409009:24000,323,343,N=0.409009B,3,28,0.409009,50.332,2.5837,0.1235,24000,0.9998587573773976,0,train,2.583713724545619,1.3724545619098194e-05,2.7227360367261353,0.1390360367261354
B1:0.409009:25000,324,344,N=0.409009B,3,29,0.409009,52.429,2.5789,0.1287,25000,1.0002829303299599,0,train,2.5790087467036042,0.00010874670360427885,2.7154477899626146,0.13654778996261463
B1:0.409009:26000,325,345,N=0.409009B,3,30,0.409009,54.526,2.5745,0.1338,26000,0.9999271472809995,0,train,2.5745386641925103,3.866419251030706e-05,2.7084454101804982,0.13394541018049821
B1:0.409009:27000,326,346,N=0.409009B,3,31,0.409009,56.623,2.5703,0.139,27000,1.000317369454004,0,train,2.570283369873665,-1.6630126335126505e-05,2.701707316074895,0.13140731607489498
B1:0.409009:28000,327,347,N=0.409009B,3,32,0.409009,58.72,2.566,0.1441,28000,0.9999857678639029,0,train,2.56622514331046,0.00022514331046030733,2.695214281601558,0.12921428160155823
B1:0.409009:29000,328,348,N=0.409009B,3,33,0.409009,60.817,2.5621,0.1492,29000,0.9996770338448572,0,train,2.5623482939791193,0.0002482939791192962,2.6889491052532093,0.12684910525320925
B1:0.409009:30000,329,349,N=0.409009B,3,34,0.409009,62.915,2.5585,0.1544,30000,1.0000206778239367,0,train,2.5586371370440246,0.00013713704402462668,2.6828934974255065,0.12439349742550654
B1:0.409009:31000,330,350,N=0.409009B,3,35,0.409009,65.012,2.555,0.1595,31000,0.999730739304548,0,train,2.5550827459050005,8.274590500034762e-05,2.677039294355677,0.12203929435567673
B1:0.409009:32000,331,351,N=0.409009B,3,36,0.409009,67.109,2.5517,0.1647,32000,1.0000661252830108,0,train,2.5516721454764175,-2.7854523582337976e-05,2.6713709566639916,0.11967095666399175
B1:0.409009:33000,332,352,N=0.409009B,3,37,0.409009,69.206,2.5486,0.1698,33000,0.9997923804293252,0,train,2.548395290821077,-0.0002047091789227906,2.6658770445250317,0.11727704452503174
B1:0.409009:34000,333,353,N=0.409009B,3,38,0.409009,71.303,2.5454,0.175,34000,1.0001062263571259,0,train,2.5452431165470104,-0.0001568834529894758,2.6605471428213914,0.11514714282139149
B1:0.409009:35000,334,354,N=0.409009B,3,39,0.409009,73.4,2.5422,0.1801,35000,0.9998469773340118,0,train,2.5422074157552728,7.415755272965896e-06,2.6553717423009293,0.11317174230092952
B1:0.409009:36000,335,355,N=0.409009B,3,40,0.409009,75.497,2.5393,0.1853,36000,1.0001418720514292,0,train,2.5392807369256274,-1.9263074372499744e-05,2.6503421374784737,0.1110421374784738
B1:0.409009:37000,336,356,N=0.409009B,3,41,0.409009,77.595,2.5363,0.1904,37000,0.9998827861671638,0,train,2.5364549721503025,0.0001549721503022461,2.6454480374482663,0.10914803744826607
B1:0.409009:38000,337,357,N=0.409009B,3,42,0.409009,79.692,2.5337,0.1956,38000,1.0001612153113406,0,train,2.533726619731691,2.6619731690935566e-05,2.6406867543986956,0.10698675439869554
B1:0.409009:39000,338,358,N=0.409009B,3,43,0.409009,81.789,2.531,0.2007,39000,0.9999271472809994,0,train,2.5310886417801712,8.864178017109481e-05,2.636049145938537,0.10504914593853698
B1:0.409009:40000,339,359,N=0.409009B,3,44,0.409009,83.886,2.5286,0.2059,40000,1.0001905470151866,0,train,2.5285358401106284,-6.415988937158446e-05,2.631528949486992,0.10292894948699205
B1:0.409009:41000,340,360,N=0.409009B,3,45,0.409009,85.983,2.5259,0.211,41000,0.9999671807832973,0,train,2.5260634361018077,0.0001634361018076902,2.6271203664233402,0.1012203664233402
B1:0.409009:42000,341,361,N=0.409009B,3,46,0.409009,88.08,2.5237,0.2162,42000,1.000217085413721,0,train,2.5236670275667885,-3.297243321132015e-05,2.6228180173595965,0.09911801735959669
B1:0.409009:43000,342,362,N=0.409009B,3,47,0.409009,90.178,2.5215,0.2213,43000,0.9999924012687669,0,train,2.5213414590377514,-0.00015854096224865444,2.6186149226796545,0.09711492267965438
B1:0.409009:44000,343,363,N=0.409009B,3,48,0.409009,92.275,2.5191,0.2264,44000,0.9997887687888286,0,train,2.5190851879172214,-1.4812082778536961e-05,2.6145104325960276,0.09541043259602766
B1:0.409009:45000,344,364,N=0.409009B,3,49,0.409009,94.372,2.5169,0.2316,45000,1.0000259761151555,0,train,2.516893607054503,-6.392945496980218e-06,2.610498179177506,0.09359817917750579
B1:0.409009:46000,345,365,N=0.409009B,3,50,0.409009,96.469,2.5148,0.2367,46000,0.9998304667438636,0,train,2.514763484843222,-3.6515156778271773e-05,2.60657410786189,0.09177410786188966
B1:0.409009:47000,346,366,N=0.409009B,3,51,0.409009,98.566,2.5126,0.2419,47000,1.0000566937307394,0,train,2.5126918169470005,9.181694700055587e-05,2.602734425694553,0.09013442569455288
B1:0.409009:48000,347,367,N=0.409009B,3,52,0.409009,100.663,2.5107,0.247,48000,0.999868690110948,0,train,2.5106758058803513,-2.4194119648601742e-05,2.598975579295627,0.0882755792956269
B1:0.409009:49000,348,368,N=0.409009B,3,53,0.409009,102.76,2.5087,0.2522,49000,1.000084903956682,0,train,2.508712842806294,1.2842806293988929e-05,2.595294235098966,0.08659423509896591
B1:0.409009:50000,349,369,N=0.409009B,3,54,0.409009,104.858,2.5068,0.2573,50000,0.9998943200229162,0,train,2.5067995910288032,-4.089711969079701e-07,2.5916855587893175,0.08488555878931736
B1:0.409009:51000,350,370,N=0.409009B,3,55,0.409009,106.955,2.5048,0.2625,51000,1.0001015509972722,0,train,2.5049355949170278,0.0001355949170278592,2.5881500438752343,0.08335004387523437
B1:0.409009:52000,351,371,N=0.409009B,3,56,0.409009,109.052,2.5031,0.2676,52000,0.9999271472809995,0,train,2.5031177968059652,1.779680596536437e-05,2.5846831790072016,0.08158317900720169
B1:0.409009:53000,352,372,N=0.409009B,3,57,0.409009,111.149,2.5014,0.2728,53000,1.0001259394437902,0,train,2.5013441958104243,-5.5804189575514584e-05,2.5812823488935495,0.07988234889354962
B1:0.409009:54000,353,373,N=0.409009B,3,58,0.409009,113.246,2.4998,0.2779,54000,0.9999575430621138,0,train,2.4996129133948157,-0.00018708660518429454,2.5779450849015983,0.07814508490159833
B1:0.409009:55000,354,374,N=0.409009B,3,59,0.409009,115.343,2.498,0.2831,55000,1.000148554308128,0,train,2.4979221837892385,-7.781621076174972e-05,2.5746690542928805,0.07666905429288029
B1:0.409009:56000,355,375,N=0.409009B,3,60,0.409009,117.441,2.4965,0.2882,56000,0.9999772530712167,0,train,2.4962695666248162,-0.00023043337518391382,2.5714505300740633,0.07495053007406316
B1:0.409009:57000,356,376,N=0.409009B,3,61,0.409009,119.538,2.4946,0.2934,57000,1.0001612153113406,0,train,2.4946550712695603,5.507126956016961e-05,2.568290490156734,0.0736904901567339
B1:0.409009:58000,357,377,N=0.409009B,3,62,0.409009,121.635,2.4932,0.2985,58000,1.0000038248387497,0,train,2.493076424536077,-0.00012357546392305352,2.565185406148058,0.07198540614805804
B1:0.409009:59000,358,378,N=0.409009B,3,63,0.409009,123.732,2.4916,0.3036,59000,0.9998517692483404,0,train,2.4915322326681015,-6.776733189850503e-05,2.5621333992117363,0.07053339921173629
B1:0.409009:60000,359,379,N=0.409009B,3,64,0.409009,125.829,2.4903,0.3088,60000,1.0000286252818187,0,train,2.490021178559025,-0.00027882144097501893,2.5591326852450305,0.0688326852450305
B1:0.409009:61000,360,380,N=0.409009B,3,65,0.409009,127.926,2.4884,0.3139,61000,0.9998811482338246,0,train,2.488542016341951,0.00014201634195121215,2.5561815686150955,0.06778156861509554
B1:0.409009:62000,361,381,N=0.409009B,3,66,0.409009,130.023,2.487,0.3191,62000,1.0000518258070534,0,train,2.4870935664431766,9.356644317648488e-05,2.5532784364045837,0.06627843640458364
B1:0.409009:63000,362,382,N=0.409009B,3,67,0.409009,132.121,2.4856,0.3242,63000,0.9999010938857928,0,train,2.48567404132952,7.404132952038012e-05,2.550420401691042,0.0648204016910423
B1:0.409009:64000,363,383,N=0.409009B,3,68,0.409009,134.218,2.484,0.3294,64000,1.0000661252830108,0,train,2.4842837336099524,0.0002837336099523746,2.5476087254906945,0.06360872549069452
B1:0.409009:65000,364,384,N=0.409009B,3,69,0.409009,136.315,2.4829,0.3345,65000,0.9999271472809994,0,train,2.482920953325884,2.0953325884143226e-05,2.544840639706573,0.06194063970657293
B1:0.409009:66000,365,385,N=0.409009B,3,70,0.409009,138.412,2.4815,0.3397,66000,1.000086783368203,0,train,2.4815847443834294,8.474438342931379e-05,2.542114813351735,0.06061481335173502
B1:0.409009:67000,366,386,N=0.409009B,3,71,0.409009,140.509,2.4803,0.3448,67000,0.9999516453603261,0,train,2.480274197745264,-2.580225473636233e-05,2.539429975484089,0.05912997548408905
B1:0.409009:68000,367,387,N=0.409009B,3,72,0.409009,142.606,2.479,0.35,68000,1.0001062263571259,0,train,2.478988448453134,-1.1551546866161999e-05,2.5367849116480947,0.05778491164809463
B1:0.409009:69000,368,388,N=0.409009B,3,73,0.409009,144.703,2.478,0.3551,69000,0.9999747233592852,0,train,2.477726672879405,-0.00027332712059502384,2.5341784605762068,0.05617846057620657
B1:0.409009:70000,369,389,N=0.409009B,3,74,0.409009,146.801,2.4766,0.3603,70000,1.0001177456026114,0,train,2.4764875009512766,-0.00011249904872334682,2.5316082948432386,0.05500829484323866
B1:0.409009:71000,370,390,N=0.409009B,3,75,0.409009,148.898,2.4752,0.3654,71000,0.9999897852931754,0,train,2.475271365271657,7.136527165707562e-05,2.529075800289374,0.053875800289374
B1:0.409009:72000,371,391,N=0.409009B,3,76,0.409009,150.995,2.474,0.3705,72000,0.9998653791778372,0,train,2.47407695561047,7.695561046983102e-05,2.526578723804111,0.05257872380411088
B1:0.409009:73000,372,392,N=0.409009B,3,77,0.409009,153.092,2.473,0.3757,73000,1.000010553829774,0,train,2.4729035900937792,-9.640990622061807e-05,2.524116088360851,0.05111608836085102
B1:0.409009:74000,373,393,N=0.409009B,3,78,0.409009,155.189,2.4716,0.3808,74000,0.9998892291675451,0,train,2.4717506172173374,0.00015061721733733435,2.5216869568112954,0.05008695681129538
B1:0.409009:75000,374,394,N=0.409009B,3,79,0.409009,157.286,2.4708,0.386,75000,1.0000302147885536,0,train,2.470617414105192,-0.00018258589480790732,2.5192904297443195,0.048490429744319385
B1:0.409009:76000,375,395,N=0.409009B,3,80,0.409009,159.384,2.4696,0.3911,76000,0.9999055503790013,0,train,2.4695028581230347,-9.714187696507892e-05,2.5169245232253985,0.04732452322539871
B1:0.409009:77000,376,396,N=0.409009B,3,81,0.409009,161.481,2.4683,0.3963,77000,1.0000426614868436,0,train,2.4684074411765313,0.00010744117653116447,2.5145906625207224,0.046290662520722226
B1:0.409009:78000,377,397,N=0.409009B,3,82,0.409009,163.578,2.4671,0.4014,78000,0.9999271472809994,0,train,2.467330081231831,0.00023008123183121398,2.51228691476524,0.04518691476524017
B1:0.409009:79000,378,398,N=0.409009B,3,83,0.409009,165.675,2.4664,0.4066,79000,1.0000605141142695,0,train,2.466270254809986,-0.00012974519001396345,2.5100125127744533,0.043612512774453105
B1:0.409009:80000,379,399,N=0.409009B,3,84,0.409009,167.772,2.4652,0.4117,80000,0.9999476644151345,0,train,2.465227459990355,2.745999035536073e-05,2.5077667183136954,0.04256671831369552
B1:0.409009:81000,380,400,N=0.409009B,3,85,0.409009,169.869,2.4644,0.4169,81000,1.0000774851927439,0,train,2.464201215266437,-0.00019878473356271797,2.505548820659637,0.041148820659636876
B1:0.409009:82000,381,401,N=0.409009B,3,86,0.409009,171.966,2.463,0.422,82000,0.9999671807832973,0,train,2.463191058475706,0.00019105847570610734,2.5033581352500436,0.0403581352500435
B1:0.409009:83000,382,402,N=0.409009B,3,87,0.409009,174.064,2.4621,0.4272,83000,1.000087892893021,0,train,2.4621960752062346,9.607520623466925e-05,2.501192976633645,0.03909297663364519
B1:0.409009:84000,383,403,N=0.409009B,3,88,0.409009,176.161,2.4612,0.4323,84000,0.9999800913193335,0,train,2.4612167873822797,1.6787382279837004e-05,2.499054772615396,0.03785477261539638
B1:0.409009:85000,384,404,N=0.409009B,3,89,0.409009,178.258,2.4603,0.4375,85000,1.000103421135968,0,train,2.4602523071696596,-4.7692830340562153e-05,2.49694187152448,0.03664187152448006
B1:0.409009:86000,385,405,N=0.409009B,3,90,0.409009,180.355,2.4592,0.4426,86000,0.9999979458469669,0,train,2.4593022403804117,0.00010224038041162231,2.4948536815019895,0.03565368150198944
B1:0.409009:87000,386,406,N=0.409009B,3,91,0.409009,182.452,2.4584,0.4477,87000,0.9998948951044878,0,train,2.458366207748634,-3.3792251366016046e-05,2.4927896312153734,0.034389631215373306
B1:0.409009:88000,387,407,N=0.409009B,3,92,0.409009,184.549,2.4573,0.4529,88000,1.0000149888623309,0,train,2.457443844201792,0.0001438442017920316,2.490749168920108,0.03344916892010774
B1:0.409009:89000,388,408,N=0.409009B,3,93,0.409009,186.647,2.4565,0.458,89000,0.9999087049774635,0,train,2.456534367799593,3.4367799592871506e-05,2.488730804946964,0.032230804946963953
B1:0.409009:90000,389,409,N=0.409009B,3,94,0.409009,188.744,2.4557,0.4632,90000,1.0000259761151555,0,train,2.4556383067027827,-6.169329721750216e-05,2.4867359480042093,0.031035948004209057
B1:0.409009:91000,390,410,N=0.409009B,3,95,0.409009,190.841,2.4548,0.4683,91000,0.9999271472809994,0,train,2.4547548978267426,-4.5102173257483e-05,2.484763132504609,0.029963132504609025
B1:0.409009:92000,391,411,N=0.409009B,3,96,0.409009,192.938,2.454,0.4735,92000,1.0000416687858458,0,train,2.4538838264147853,-0.00011617358521487375,2.4828118766885927,0.02881187668859253
B1:0.409009:93000,392,412,N=0.409009B,3,97,0.409009,195.035,2.4529,0.4786,93000,0.9999447964241178,0,train,2.453024788853635,0.0001247888536348718,2.4808817144207143,0.027981714420714177
B1:0.409009:94000,393,413,N=0.409009B,3,98,0.409009,197.132,2.452,0.4838,94000,1.0000566937307394,0,train,2.452177492164127,0.00017749216412710211,2.4789721945212557,0.026972194521255766
B1:0.409009:95000,394,414,N=0.409009B,3,99,0.409009,199.229,2.4515,0.4889,95000,0.9999617024976404,0,train,2.45134165352032,-0.0001583464796799383,2.4770828801331986,0.02558288013319876
B1:0.409009:96000,395,415,N=0.409009B,3,100,0.409009,201.327,2.4506,0.4941,96000,1.0000661252830105,0,train,2.450516609166936,-8.33908330641897e-05,2.475212461248733,0.024612461248732842
B1:0.409009:97000,396,416,N=0.409009B,3,101,0.409009,203.424,2.4496,0.4992,97000,0.9999729957292502,0,train,2.449702881649133,0.00010288164913285769,2.473362310777216,0.02376231077721558
B1:0.409009:98000,397,417,N=0.409009B,3,102,0.409009,205.521,2.4491,0.5044,98000,1.0000800378607406,0,train,2.4488998200780885,-0.00020017992191156964,2.4715311351502565,0.02243113515025641
B1:0.409009:99000,398,418,N=0.409009B,3,103,0.409009,207.618,2.4481,0.5095,99000,0.9999886490552437,0,test,2.448107177941644,7.177941643732311e-06,2.4697185491097735,0.021618549109773344
B1:0.409009:100000,399,419,N=0.409009B,3,104,0.409009,209.715,2.4475,0.5147,100000,1.000093393975166,0,test,2.447324716841824,-0.0001752831581756098,2.4679241790130666,0.020424179013066812
B1:0.409009:101000,400,420,N=0.409009B,3,105,0.409009,211.812,2.4466,0.5198,101000,1.000003682491437,0,test,2.4465522061497773,-4.779385022279925e-05,2.4661476623705303,0.019547662370530183
B1:0.409009:102000,401,421,N=0.409009B,3,106,0.409009,213.91,2.446,0.5249,102000,0.9999110554637489,0,test,2.4457890612145574,-0.00021093878544276023,2.464387812701937,0.018387812701937012
B1:0.409009:103000,402,422,N=0.409009B,3,107,0.409009,216.007,2.4452,0.5301,103000,1.0000135025818644,0,test,2.4450357933943323,-0.00016420660566751621,2.462645966038489,0.017445966038489136
B1:0.409009:104000,403,423,N=0.409009B,3,108,0.409009,218.104,2.4443,0.5352,104000,0.9999271472809995,0,test,2.444291827423685,-8.17257631524626e-06,2.460920947833905,0.016620947833904776
B1:0.409009:105000,404,424,N=0.409009B,3,109,0.409009,220.201,2.4437,0.5404,105000,1.0000274899229584,0,test,2.443556960645249,-0.0001430393547510178,2.459212436028488,0.01551243602848773
B1:0.409009:106000,405,425,N=0.409009B,3,110,0.409009,222.298,2.4429,0.5455,106000,0.9999426319035696,0,test,2.4428309966934254,-6.900330657444442e-05,2.457520117720253,0.014620117720252956
B1:0.409009:107000,406,426,N=0.409009B,3,111,0.409009,224.395,2.4423,0.5507,107000,1.0000409544100801,0,test,2.442113745241878,-0.00018625475812195091,2.455843688820986,0.013543688820985889
B1:0.409009:108000,407,427,N=0.409009B,3,112,0.409009,226.492,2.4413,0.5558,108000,0.9999575430621138,0,test,2.441405021763417,0.0001050217634168682,2.4541828537283017,0.012882853728301669
B1:0.409009:109000,408,428,N=0.409009B,3,113,0.409009,228.59,2.4408,0.561,109000,1.0000495499417061,0,test,2.4407043152766046,-9.56847233952729e-05,2.452536543913256,0.011736543913256181
B1:0.409009:110000,409,429,N=0.409009B,3,114,0.409009,230.687,2.4401,0.5661,110000,0.9999675772780819,0,test,2.4400121200861227,-8.787991387748662e-05,2.450906049120424,0.010806049120423822
B1:0.409009:111000,410,430,N=0.409009B,3,115,0.409009,232.784,2.4391,0.5713,111000,1.00006213175089,0,test,2.439327931772786,0.00022793177278623844,2.4492903090564013,0.010190309056401503
B1:0.409009:112000,411,431,N=0.409009B,3,116,0.409009,234.881,2.4385,0.5764,112000,0.9999815104494341,0,test,2.4386515868307432,0.00015158683074334434,2.4476890590762475,0.009189059076247563
B1:0.409009:113000,412,432,N=0.409009B,3,117,0.409009,236.978,2.4377,0.5816,113000,1.000074268218247,0,test,2.4379829265149207,0.00028292651492067833,2.4461020415918995,0.0084020415918995
B1:0.409009:114000,413,433,N=0.409009B,3,118,0.409009,239.075,2.4373,0.5867,114000,0.9999949547723438,0,test,2.4373217966617355,2.1796661735518086e-05,2.444529005823482,0.007229005823481849
B1:0.409009:115000,414,434,N=0.409009B,3,119,0.409009,241.172,2.4368,0.5918,115000,0.9999170205934869,0,test,2.4366680475180584,-0.00013195248194142195,2.4429697075614754,0.0061697075614755015
B1:0.409009:116000,415,435,N=0.409009B,3,120,0.409009,243.27,2.4362,0.597,116000,1.0000038248387497,0,test,2.4360212269770734,-0.0001787730229265705,2.4414231749747612,0.005223174974761324
B1:0.409009:117000,416,436,N=0.409009B,3,121,0.409009,245.367,2.4354,0.6021,117000,0.9999271472809995,0,test,2.4353818101758273,-1.818982417267634e-05,2.4398906505232785,0.004490650523278461
B1:0.409009:118000,417,437,N=0.409009B,3,122,0.409009,247.464,2.4349,0.6073,118000,1.000016435218243,0,test,2.43474934962708,-0.00015065037292005812,2.4383711680384392,0.0034711680384393873
B1:0.409009:119000,418,438,N=0.409009B,3,123,0.409009,249.561,2.434,0.6124,119000,0.9999409403040603,0,test,2.434123711660977,0.00012371166097668862,2.436864507414655,0.0028645074146549376
B1:0.409009:120000,419,439,N=0.409009B,3,124,0.409009,251.658,2.4333,0.6176,120000,1.0000286252818187,0,test,2.4335047662719878,0.000204766271987733,2.435370454071734,0.002070454071733785
B1:0.409009:121000,420,440,N=0.409009B,3,125,0.409009,253.755,2.4329,0.6227,121000,0.9999542773917605,0,test,2.432892386988912,-7.613011088203336e-06,2.433888798771473,0.000988798771472954
B1:0.409009:122000,421,441,N=0.409009B,3,126,0.409009,255.853,2.4323,0.6279,122000,1.0000365070470014,0,test,2.4322861633144783,-1.3836685521795289e-05,2.4324186395742493,0.0001186395742491797
B1:0.409009:123000,422,442,N=0.409009B,3,127,0.409009,257.95,2.4317,0.633,123000,0.9999633041902338,0,test,2.4316865533378866,-1.3446662113558716e-05,2.430961178813846,-0.0007388211861543148
B1:0.409009:124000,423,443,N=0.409009B,3,128,0.409009,260.047,2.4309,0.6382,124000,1.000047980149054,0,test,2.431093149987733,0.0001931499877332321,2.4295155186188646,-0.0013844813811352275
B1:0.409009:125000,424,444,N=0.409009B,3,129,0.409009,262.144,2.4305,0.6433,125000,0.9999758566749395,0,test,2.430505839740275,5.839740274904415e-06,2.428081469432704,-0.0024185305672959068
B1:0.409009:126000,425,445,N=0.409009B,3,130,0.409009,264.241,2.4298,0.6485,126000,1.000059089051834,0,test,2.4299245120351984,0.00012451203519825427,2.4266588462297634,-0.0031411537702368264
B1:0.409009:127000,426,446,N=0.409009B,3,131,0.409009,266.338,2.4294,0.6536,127000,0.9999880138340002,0,test,2.4293490591754705,-5.0940824529277506e-05,2.4252474683721807,-0.004152531627819034
B1:0.409009:128000,427,447,N=0.409009B,3,132,0.409009,268.435,2.4288,0.6588,128000,1.0000698508259738,0,test,2.428779376231337,-2.0623768662630937e-05,2.4238471594721824,-0.004952840527817415
B1:0.409009:129000,428,448,N=0.409009B,3,133,0.409009,270.533,2.4281,0.6639,129000,0.9999960976474018,0,test,2.4282150933213833,0.00011509332138315287,2.422457087260874,-0.005642912739125983
B1:0.409009:130000,429,449,N=0.409009B,3,134,0.409009,272.63,2.4276,0.669,130000,0.9999271472809994,0,test,2.427656648663566,5.664866356580589e-05,2.421078408533276,-0.0065215914667238195
B1:0.409009:131000,430,450,N=0.409009B,3,135,0.409009,274.727,2.427,0.6742,131000,1.0000075745782875,0,test,2.4271036747879293,0.00010367478792927542,2.419710293725353,-0.007289706274646868
B1:0.409009:132000,431,451,N=0.409009B,3,136,0.409009,276.824,2.4266,0.6793,132000,0.9999395818987641,0,test,2.4265560769509356,-4.392304906453148e-05,2.4183525821784384,-0.008247417821561687
B1:0.409009:133000,432,452,N=0.409009B,3,137,0.409009,278.921,2.4261,0.6845,133000,1.0000187063630697,0,test,2.426013762751709,-8.623724829082136e-05,2.417005116871225,-0.009094883128774711
B1:0.409009:134000,433,453,N=0.409009B,3,138,0.409009,281.018,2.4254,0.6896,134000,0.9999516453603261,0,test,2.4254766420570193,7.664205701951587e-05,2.415667744310792,-0.009732255689207658
B1:0.409009:135000,434,454,N=0.409009B,3,139,0.409009,283.116,2.425,0.6948,135000,1.0000259761151553,0,test,2.4249443744304267,-5.562556957317e-05,2.4143396837622477,-0.010660316237752099
B1:0.409009:136000,435,455,N=0.409009B,3,140,0.409009,285.213,2.4244,0.6999,136000,0.9999598480160183,0,test,2.4244173814317374,1.7381431737462094e-05,2.413022054446285,-0.011377945553714852
B1:0.409009:137000,436,456,N=0.409009B,3,141,0.409009,287.31,2.4238,0.7051,137000,1.000036514253395,0,test,2.423895324397398,9.532439739823317e-05,2.411714077470855,-0.012085922529144977
B1:0.409009:138000,437,457,N=0.409009B,3,142,0.409009,289.407,2.4234,0.7102,138000,0.999971268105185,0,test,2.4233781215723127,-2.187842768730519e-05,2.4104156124466316,-0.012984387553368393
B1:0.409009:139000,438,458,N=0.409009B,3,143,0.409009,291.504,2.4228,0.7154,139000,1.0000467491577048,0,test,2.4228656931354027,6.569313540261135e-05,2.4091265220250464,-0.013673477974953663
B1:0.409009:140000,439,459,N=0.409009B,3,144,0.409009,293.601,2.4223,0.7205,140000,0.9999823619294276,0,test,2.4223579611403347,5.7961140334850114e-05,2.4078466718111033,-0.014453328188896553
B1:0.409009:141000,440,460,N=0.409009B,3,145,0.409009,295.698,2.4217,0.7257,141000,1.0000566937307394,0,test,2.4218548494584713,0.00015484945847132892,2.406575930279294,-0.01512406972070579
B1:0.409009:142000,441,461,N=0.409009B,3,146,0.409009,297.796,2.4216,0.7308,142000,0.9999897852931754,0,test,2.4213560470448603,-0.00024395295513990334,2.405313569116077,-0.01628643088392323
B1:0.409009:143000,442,462,N=0.409009B,3,147,0.409009,299.893,2.4209,0.736,143000,1.000063025409452,0,test,2.4208619567178262,-3.8043282173827464e-05,2.404060665639794,-0.016839334360206237
B1:1.040867:64,443,470,N=1.040867B,4,1,1.040867,0.134,4.2153,0.0008,64,0.9559577502427212,0,train,4.215899700425907,0.0005997004259068461,3.6543843903426003,-0.5609156096573997
B1:1.040867:128,444,471,N=1.040867B,4,2,1.040867,0.268,3.8315,0.0017,128,1.0157051096328913,0,train,3.8320120114103133,0.0005120114103132067,3.530622159169303,-0.3008778408306969
B1:1.040867:256,445,472,N=1.040867B,4,3,1.040867,0.537,3.5146,0.0034,256,1.0138136662257535,0,train,3.5150517434634825,0.00045174346348231254,3.4065271205237657,-0.10807287947623445
B1:1.040867:512,446,473,N=1.040867B,4,4,1.040867,1.074,3.2545,0.0067,512,0.9989046417224338,0,train,3.254756904233165,0.00025690423316504507,3.2827648893504686,0.028264889350468447
B1:1.040867:1000,447,474,N=1.040867B,4,5,1.040867,2.097,3.0476,0.0131,1000,1.0002910316977067,0,train,3.0471218362685697,-0.00047816373143039215,3.163293139768111,0.11569313976811113
B1:1.040867:2000,448,475,N=1.040867B,4,6,1.040867,4.194,2.8697,0.0262,2000,1.0002910316977067,0,train,2.86934530954163,-0.0003546904583697774,3.0395309085948146,0.16983090859481464
B1:1.040867:3000,449,476,N=1.040867B,4,7,1.040867,6.291,2.7802,0.0393,3000,1.0002910316977067,0,train,2.780264680769265,6.46807692650242e-05,2.967134644352853,0.18693464435285323
B1:1.040867:4000,450,477,N=1.040867B,4,8,1.040867,8.389,2.723,0.0524,4000,1.0001717932864902,0,train,2.7228964264889624,-0.00010357351103751355,2.9157473921908594,0.19274739219085957
B1:1.040867:5000,451,478,N=1.040867B,4,9,1.040867,10.486,2.6816,0.0655,5000,1.0001956386944932,0,train,2.6814948089799033,-0.00010519102009665104,2.8759091097333727,0.19430910973337268
B1:1.040867:6000,452,479,N=1.040867B,4,10,1.040867,12.583,2.6501,0.0786,6000,1.0002115362648452,0,train,2.6495341900959177,-0.0005658099040823927,2.843358222743851,0.19325822274385107
B1:1.040867:7000,453,480,N=1.040867B,4,11,1.040867,14.68,2.6239,0.0917,7000,1.0002228919816512,0,train,2.6237551564051875,-0.00014484359481237163,2.815836467619274,0.19193646761927408
B1:1.040867:8000,454,481,N=1.040867B,4,12,1.040867,16.777,2.6023,0.1048,8000,1.0002314089384712,0,train,2.602305667156565,5.667156564914677e-06,2.791995803315713,0.189695803315713
B1:1.040867:9000,455,482,N=1.040867B,4,13,1.040867,18.874,2.5839,0.1179,9000,1.0002380333384986,0,train,2.584039789360916,0.00013978936091607608,2.7709666885218156,0.18706668852181574
B1:1.040867:10000,456,483,N=1.040867B,4,14,1.040867,20.972,2.5679,0.131,10000,1.0001956386944932,0,train,2.568195728198558,0.00029572819855827603,2.752146878560076,0.18424687856007615
B1:1.040867:11000,457,484,N=1.040867B,4,15,1.040867,23.069,2.5543,0.1441,11000,1.0002043100338551,0,train,2.554266967841694,-3.303215830596784e-05,2.735130683634717,0.1808306836347171
B1:1.040867:12000,458,485,N=1.040867B,4,16,1.040867,25.166,2.5417,0.1572,12000,1.0002115362648452,0,train,2.5418712875034815,0.00017128750348138766,2.719595991570554,0.17789599157055402
B1:1.040867:13000,459,486,N=1.040867B,4,17,1.040867,27.263,2.5305,0.1703,13000,1.0002176508495464,0,train,2.530731806494941,0.00023180649494092265,2.7053053650249175,0.1748053650249175
B1:1.040867:14000,460,487,N=1.040867B,4,18,1.040867,29.36,2.5205,0.1834,14000,1.0002228919816512,0,train,2.5206383243361743,0.00013832433617411155,2.6920742364459773,0.17157423644597714
B1:1.040867:15000,461,488,N=1.040867B,4,19,1.040867,31.457,2.5113,0.1965,15000,1.0002274343405717,0,train,2.5114277942900154,0.000127794290015526,2.6797562902668446,0.16845629026684472
B1:1.040867:16000,462,489,N=1.040867B,4,20,1.040867,33.554,2.5032,0.2096,16000,1.0002314089384712,0,train,2.5029714008728123,-0.00022859912718775632,2.668233572142416,0.16503357214241587
B1:1.040867:17000,463,490,N=1.040867B,4,21,1.040867,35.652,2.4953,0.2227,17000,1.0002068604563994,0,train,2.4951621631001233,-0.00013783689987656444,2.6574045935649293,0.16210459356492946
B1:1.040867:18000,464,491,N=1.040867B,4,22,1.040867,37.749,2.4879,0.2358,18000,1.0002115362648452,0,train,2.4879233381596224,2.3338159622632304e-05,2.6471997273285925,0.15929972732859277
B1:1.040867:19000,465,492,N=1.040867B,4,23,1.040867,39.846,2.4814,0.2488,19000,0.9998138654724481,0,train,2.4811817243489425,-0.00021827565105736468,2.6375467092431144,0.15614670924311458
B1:1.040867:20000,466,493,N=1.040867B,4,24,1.040867,41.943,2.4749,0.2619,20000,0.99983772207723,0,train,2.474879576048767,-2.0423951232917403e-05,2.6283889043314113,0.15348890433141138
B1:1.040867:21000,467,494,N=1.040867B,4,25,1.040867,44.04,2.4688,0.275,21000,0.9998593067791861,0,train,2.4689683293889155,0.00016832938891564453,2.6196779722040158,0.1508779722040159
B1:1.040867:22000,468,495,N=1.040867B,4,26,1.040867,46.137,2.4636,0.2881,22000,0.9998789293631021,0,train,2.4634067850548895,-0.00019321494511048698,2.611372322440443,0.14777232244044303
B1:1.040867:23000,469,496,N=1.040867B,4,27,1.040867,48.234,2.4582,0.3012,23000,0.9998968457415004,0,train,2.4581597152130685,-4.028478693163251e-05,2.603435913581539,0.14523591358153887
B1:1.040867:24000,470,497,N=1.040867B,4,28,1.040867,50.332,2.453,0.3143,24000,0.9998934028245575,0,train,2.4531944785642614,0.00019447856426157983,2.5958337603972574,0.1428337603972576
B1:1.040867:25000,471,498,N=1.040867B,4,29,1.040867,52.429,2.4485,0.3274,25000,0.999909306766021,0,train,2.4484895007222467,-1.0499277753428515e-05,2.5885455136337367,0.14004551363373663
B1:1.040867:26000,472,499,N=1.040867B,4,30,1.040867,54.526,2.4439,0.3405,26000,0.9999239874171185,0,train,2.4440194182111528,0.00011941821115257767,2.5815431338516204,0.1376431338516202
B1:1.040867:27000,473,500,N=1.040867B,4,31,1.040867,56.623,2.4396,0.3536,27000,0.9999375806894001,0,train,2.4397641238923073,0.00016412389230735513,2.574805039746017,0.13520503974601716
B1:1.040867:28000,474,501,N=1.040867B,4,32,1.040867,58.72,2.4358,0.3667,28000,0.9999502030798023,0,train,2.4357058973291026,-9.4102670897378e-05,2.56831200527268,0.13251200527268026
B1:1.040867:29000,475,502,N=1.040867B,4,33,1.040867,60.817,2.4321,0.3798,29000,0.999961955017776,0,train,2.431829047997762,-0.00027095200223836713,2.5620468289243314,0.1299468289243313
B1:1.040867:30000,476,503,N=1.040867B,4,34,1.040867,62.915,2.4279,0.3929,30000,0.999957029512615,0,train,2.428117891062667,0.00021789106266689728,2.5559912210966287,0.12809122109662852
B1:1.040867:31000,477,504,N=1.040867B,4,35,1.040867,65.012,2.4246,0.406,31000,0.9999678029480136,0,train,2.424563499923643,-3.6500076356915656e-05,2.550137018026799,0.12553701802679917
B1:1.040867:32000,478,505,N=1.040867B,4,36,1.040867,67.109,2.4211,0.4191,32000,0.9999779030938675,0,train,2.42115289949506,5.289949505993263e-05,2.5444686803351138,0.12336868033511372
B1:1.040867:33000,479,506,N=1.040867B,4,37,1.040867,69.206,2.4178,0.4322,33000,0.9999873911538947,0,train,2.4178760448397196,7.604483971945797e-05,2.538974768196154,0.12117476819615369
B1:1.040867:34000,480,507,N=1.040867B,4,38,1.040867,71.303,2.4146,0.4453,34000,0.9999963211318813,0,train,2.414723870565653,0.00012387056565277277,2.5336448664925135,0.11904486649251345
B1:1.040867:35000,481,508,N=1.040867B,4,39,1.040867,73.4,2.4116,0.4584,35000,1.000004740860172,0,train,2.411688169773915,8.81697739152365e-05,2.5284694659720515,0.1168694659720515
B1:1.040867:36000,482,509,N=1.040867B,4,40,1.040867,75.497,2.4088,0.4715,36000,1.0000126928567588,0,train,2.40876149094427,-3.850905572999608e-05,2.523439861149596,0.11463986114959601
B1:1.040867:37000,483,510,N=1.040867B,4,41,1.040867,77.595,2.4058,0.4846,37000,1.0000073273545564,0,train,2.405935726168945,0.00013572616894474976,2.5185457611193884,0.11274576111938828
B1:1.040867:38000,484,511,N=1.040867B,4,42,1.040867,79.692,2.4032,0.4977,38000,1.0000147926962166,0,train,2.4032073737503334,7.373750333439233e-06,2.5137844780698178,0.11058447806981775
B1:1.040867:39000,485,512,N=1.040867B,4,43,1.040867,81.789,2.4006,0.5108,39000,1.0000218752279277,0,train,2.4005693957988137,-3.060420118616847e-05,2.5091468696096593,0.10854686960965942
B1:1.040867:40000,486,513,N=1.040867B,4,44,1.040867,83.886,2.398,0.5239,40000,1.0000286036583825,0,train,2.398016594129271,1.6594129270686153e-05,2.504626673158114,0.10662667315811403
B1:1.040867:41000,487,514,N=1.040867B,4,45,1.040867,85.983,2.3954,0.537,41000,1.000035003895621,0,train,2.39554419012045,0.00014419012045019386,2.5002180900944624,0.10481809009446241
B1:1.040867:42000,488,515,N=1.040867B,4,46,1.040867,88.08,2.3931,0.5501,42000,1.0000410993804187,0,train,2.393147781585431,4.778158543095046e-05,2.4959157410307187,0.10281574103071867
B1:1.040867:43000,489,516,N=1.040867B,4,47,1.040867,90.178,2.3909,0.5632,43000,1.0000358216737715,0,train,2.390822213056394,-7.778694360593974e-05,2.4917126463507766,0.1008126463507768
B1:1.040867:44000,490,517,N=1.040867B,4,48,1.040867,92.275,2.3886,0.5763,44000,1.0000416214615817,0,train,2.388565941935864,-3.4058064136033295e-05,2.4876081562671497,0.09900815626714987
B1:1.040867:45000,491,518,N=1.040867B,4,49,1.040867,94.372,2.3863,0.5894,45000,1.0000471635001646,0,train,2.3863743610731456,7.436107314573448e-05,2.483595902848628,0.09729590284862821
B1:1.040867:46000,492,519,N=1.040867B,4,50,1.040867,96.469,2.3842,0.6025,46000,1.0000524645980329,0,train,2.3842442388618643,4.4238861864442924e-05,2.479671831533012,0.09547183153301209
B1:1.040867:47000,493,520,N=1.040867B,4,51,1.040867,98.566,2.3822,0.6156,47000,1.0000575401332885,0,train,2.382172570965643,-2.7429034357151494e-05,2.475832149365675,0.09363214936567488
B1:1.040867:48000,494,521,N=1.040867B,4,52,1.040867,100.663,2.38,0.6287,48000,1.000062404202615,0,train,2.3801565598989938,0.0001565598989938799,2.472073302966749,0.0920733029667491
B1:1.040867:49000,495,522,N=1.040867B,4,53,1.040867,102.76,2.3782,0.6418,49000,1.000067069752023,0,train,2.3781935968249366,-6.403175063507405e-06,2.468391958770088,0.09019195877008812
B1:1.040867:50000,496,523,N=1.040867B,4,54,1.040867,104.858,2.3762,0.6549,50000,1.0000620113027905,0,train,2.3762803450474457,8.034504744580673e-05,2.4647832824604397,0.08858328246043978
B1:1.040867:51000,497,524,N=1.040867B,4,55,1.040867,106.955,2.3745,0.668,51000,1.0000665015628825,0,train,2.37441634893567,-8.365106432961511e-05,2.4612477675463564,0.0867477675463566
B1:1.040867:52000,498,525,N=1.040867B,4,56,1.040867,109.052,2.3725,0.6811,52000,1.0000708191333325,0,train,2.3725985508246077,9.855082460763498e-05,2.4577809026783237,0.08528090267832367
B1:1.040867:53000,499,526,N=1.040867B,4,57,1.040867,111.149,2.3706,0.6941,53000,0.999930912282447,0,train,2.3708249498290668,0.000224949829066734,2.4543800725646716,0.08378007256467157
B1:1.040867:54000,500,527,N=1.040867B,4,58,1.040867,113.246,2.3689,0.7072,54000,0.9999375806894001,0,train,2.369093667413458,0.00019366741345816507,2.4510428085727205,0.0821428085727205
B1:1.040867:55000,501,528,N=1.040867B,4,59,1.040867,115.343,2.3674,0.7203,55000,0.9999440066256461,0,train,2.367402937807881,2.937807880964982e-06,2.4477667779640027,0.08036677796400271
B1:1.040867:56000,502,529,N=1.040867B,4,60,1.040867,117.441,2.3658,0.7334,56000,0.999941688589947,0,train,2.3657503206434587,-4.9679356541432185e-05,2.4445482537451855,0.07874825374518535
B1:1.040867:57000,503,530,N=1.040867B,4,61,1.040867,119.538,2.364,0.7465,57000,0.9999478169549605,0,train,2.3641358252882028,0.0001358252882028843,2.441388213827856,0.07738821382785632
B1:1.040867:58000,504,531,N=1.040867B,4,62,1.040867,121.635,2.3626,0.7596,58000,0.9999537340126785,0,train,2.3625571785547193,-4.282144528078291e-05,2.43828312981918,0.07568312981918002
B1:1.040867:59000,505,532,N=1.040867B,4,63,1.040867,123.732,2.3608,0.7727,59000,0.9999594505067586,0,train,2.361012986686744,0.00021298668674418764,2.4352311228828585,0.07443112288285869
B1:1.040867:60000,506,533,N=1.040867B,4,64,1.040867,125.829,2.3595,0.7858,60000,0.9999649764646652,0,train,2.3595019325776674,1.9325776672296513e-06,2.4322304089161526,0.07273040891615246
B1:1.040867:61000,507,534,N=1.040867B,4,65,1.040867,127.926,2.3579,0.7989,61000,0.9999703212563704,0,train,2.3580227703605936,0.00012277036059371582,2.4292792922862176,0.07137929228621775
B1:1.040867:62000,508,535,N=1.040867B,4,66,1.040867,130.023,2.3565,0.812,62000,0.9999754936473741,0,train,2.356574320461819,7.432046181898855e-05,2.426376160075706,0.06987616007570585
B1:1.040867:63000,509,536,N=1.040867B,4,67,1.040867,132.121,2.3552,0.8251,63000,0.999972933174761,0,train,2.3551547953481626,-4.520465183732725e-05,2.4235181253621643,0.0683181253621643
B1:1.040867:64000,510,537,N=1.040867B,4,68,1.040867,134.218,2.3537,0.8382,64000,0.9999779030938675,0,train,2.353764487628595,6.448762859490031e-05,2.4207064491618167,0.06700644916181675
B1:1.040867:65000,511,538,N=1.040867B,4,69,1.040867,136.315,2.3524,0.8513,65000,0.999982720103604,0,train,2.3524017073445265,1.7073445266468923e-06,2.417938363377695,0.06553836337769514
B1:1.040867:66000,512,539,N=1.040867B,4,70,1.040867,138.412,2.3512,0.8644,66000,0.9999873911538947,0,train,2.351065498402072,-0.00013450159792816052,2.415212537022857,0.06401253702285725
B1:1.040867:67000,513,540,N=1.040867B,4,71,1.040867,140.509,2.3497,0.8775,67000,0.999991922779772,0,train,2.3497549517639063,5.495176390635237e-05,2.4125276991552114,0.06282769915521147
B1:1.040867:68000,514,541,N=1.040867B,4,72,1.040867,142.606,2.3485,0.8906,68000,0.9999963211318813,0,train,2.3484692024717764,-3.079752822365833e-05,2.409882635319217,0.06138263531921684
B1:1.040867:69000,515,542,N=1.040867B,4,73,1.040867,144.703,2.3471,0.9037,69000,1.000000592004334,0,train,2.3472074268980476,0.00010742689804743577,2.407276184247329,0.060176184247328735
B1:1.040867:70000,516,543,N=1.040867B,4,74,1.040867,146.801,2.346,0.9168,70000,0.9999979288851796,0,train,2.345968254969919,-3.174503008107621e-05,2.4047060185143607,0.058706018514360636
B1:1.040867:71000,517,544,N=1.040867B,4,75,1.040867,148.898,2.3449,0.9299,71000,1.0000020567888308,0,train,2.3447521192902996,-0.00014788070970039868,2.402173523960496,0.05727352396049623
B1:1.040867:72000,518,545,N=1.040867B,4,76,1.040867,150.995,2.3433,0.943,72000,1.000006070036845,0,train,2.3435577096291125,0.00025770962911231265,2.3996764474752332,0.05637644747523307
B1:1.040867:73000,519,546,N=1.040867B,4,77,1.040867,153.092,2.3423,0.9561,73000,1.0000099733407593,0,train,2.3423843441124217,8.434411242186357e-05,2.397213812031973,0.05491381203197321
B1:1.040867:74000,520,547,N=1.040867B,4,78,1.040867,155.189,2.3413,0.9692,74000,1.0000137711574506,0,train,2.34123137123598,-6.862876402013995e-05,2.3947846804824175,0.05348468048241761
B1:1.040867:75000,521,548,N=1.040867B,4,79,1.040867,157.286,2.3401,0.9823,75000,1.000017467706113,0,train,2.3400981681238346,-1.8318761654256832e-06,2.3923881534154416,0.052288153415441574
B1:1.040867:76000,522,549,N=1.040867B,4,80,1.040867,159.384,2.339,0.9954,76000,1.0000147926962166,0,train,2.338983612141677,-1.6387858322808313e-05,2.3900222468965207,0.051022246896520684
B1:1.040867:77000,523,550,N=1.040867B,4,81,1.040867,161.481,2.3378,1.0085,77000,1.0000183799491202,0,train,2.3378881951951738,8.819519517366814e-05,2.3876883861918445,0.049888386191844436
B1:1.040867:78000,524,551,N=1.040867B,4,82,1.040867,163.578,2.3368,1.0216,78000,1.0000218752279277,0,train,2.3368108352504735,1.0835250473295588e-05,2.385384638436362,0.04858463843636196
B1:1.040867:79000,525,552,N=1.040867B,4,83,1.040867,165.675,2.3357,1.0347,79000,1.0000252820250735,0,train,2.3357510088286286,5.100882862851819e-05,2.3831102364455754,0.04741023644557529
B1:1.040867:80000,526,553,N=1.040867B,4,84,1.040867,167.772,2.3348,1.0478,80000,1.0000286036583825,0,train,2.3347082140089976,-9.178599100234663e-05,2.3808644419848175,0.04606444198481752
B1:1.040867:81000,527,554,N=1.040867B,4,85,1.040867,169.869,2.3337,1.0609,81000,1.000031843281848,0,train,2.3336819692850796,-1.8030714920236335e-05,2.378646544330759,0.044946544330759064
B1:1.040867:82000,528,555,N=1.040867B,4,86,1.040867,171.966,2.3327,1.074,82000,1.000035003895621,0,train,2.3326718124943486,-2.8187505651366962e-05,2.3764558589211657,0.043755858921165736
B1:1.040867:83000,529,556,N=1.040867B,4,87,1.040867,174.064,2.3316,1.0871,83000,1.0000323431231297,0,train,2.331676829224877,7.682922487717292e-05,2.3742907003047673,0.042690700304767404
B1:1.040867:84000,530,557,N=1.040867B,4,88,1.040867,176.161,2.3306,1.1002,84000,1.000035422521753,0,train,2.330697541400922,9.754140092210761e-05,2.3721524962865184,0.04155249628651836
B1:1.040867:85000,531,558,N=1.040867B,4,89,1.040867,178.258,2.3297,1.1133,85000,1.0000384294692222,0,train,2.329733061188302,3.3061188302152544e-05,2.3700395951956024,0.040339595195602485
B1:1.040867:86000,532,559,N=1.040867B,4,90,1.040867,180.355,2.3288,1.1264,86000,1.0000413664927212,0,train,2.328782994399054,-1.7005600946085053e-05,2.3679514051731116,0.03915140517311144
B1:1.040867:87000,533,560,N=1.040867B,4,91,1.040867,182.452,2.3278,1.1394,87000,0.9999564743326914,0,train,2.3278469617672766,4.696176727669865e-05,2.3658873548864956,0.03808735488649573
B1:1.040867:88000,534,561,N=1.040867B,4,92,1.040867,184.549,2.3269,1.1525,88000,0.9999602758531249,0,train,2.3269245982204345,2.4598220434324247e-05,2.36384689259123,0.03694689259122974
B1:1.040867:89000,535,562,N=1.040867B,4,93,1.040867,186.647,2.3262,1.1656,89000,0.9999586344376733,0,train,2.3260151218182354,-0.0001848781817646028,2.3618285286180862,0.035628528618086186
B1:1.040867:90000,536,563,N=1.040867B,4,94,1.040867,188.744,2.3252,1.1787,90000,0.9999623274666136,0,train,2.325119060721425,-8.09392785749985e-05,2.3598336716753314,0.03463367167533127
B1:1.040867:91000,537,564,N=1.040867B,4,95,1.040867,190.841,2.3242,1.1918,91000,0.9999659393360366,0,train,2.324235651845385,3.5651845385231695e-05,2.3578608561757313,0.033660856175731446
B1:1.040867:92000,538,565,N=1.040867B,4,96,1.040867,192.938,2.3235,1.2049,92000,0.9999694726922572,0,train,2.3233645804334278,-0.0001354195665723701,2.355909600359715,0.03240960035971474
B1:1.040867:93000,539,566,N=1.040867B,4,97,1.040867,195.035,2.3225,1.218,93000,0.9999729300677763,0,train,2.3225055428722774,5.542872277608524e-06,2.3539794380918364,0.03147943809183662
B1:1.040867:94000,540,567,N=1.040867B,4,98,1.040867,197.132,2.3215,1.2311,94000,0.9999763138873389,0,train,2.3216582461827695,0.00015824618276960578,2.352069918192378,0.030569918192377976
B1:1.040867:95000,541,568,N=1.040867B,4,99,1.040867,199.229,2.3207,1.2442,95000,0.9999796264736005,0,train,2.3208224075389623,0.00012240753896231027,2.3501806038043207,0.029480603804320715
B1:1.040867:96000,542,569,N=1.040867B,4,100,1.040867,201.327,2.3198,1.2573,96000,0.9999779030938676,0,train,2.3199973631855784,0.00019736318557850296,2.348310184919855,0.02851018491985524
B1:1.040867:97000,543,570,N=1.040867B,4,101,1.040867,203.424,2.3191,1.2704,97000,0.9999811309857692,0,train,2.3191836356677755,8.363566777536136e-05,2.346460034448338,0.02736003444833779
B1:1.040867:98000,544,571,N=1.040867B,4,102,1.040867,205.521,2.3184,1.2835,98000,0.9999842930071344,0,train,2.318380574096731,-1.9425903269087996e-05,2.3446288588213786,0.026228858821378598
B1:1.040867:99000,545,572,N=1.040867B,4,103,1.040867,207.618,2.3178,1.2966,99000,0.9999873911538947,0,test,2.3175879319602863,-0.000212068039713742,2.3428162727808957,0.025016272780895576
B1:1.040867:100000,546,573,N=1.040867B,4,104,1.040867,209.715,2.3168,1.3097,100000,0.999990427342152,0,test,2.3168054708604666,5.470860466427752e-06,2.3410219026841887,0.024221902684188557
B1:1.040867:101000,547,574,N=1.040867B,4,105,1.040867,211.812,2.316,1.3228,101000,0.9999934034121273,0,test,2.3160329601684198,3.296016841991545e-05,2.3392453860416524,0.023245386041652605
B1:1.040867:102000,548,575,N=1.040867B,4,106,1.040867,213.91,2.3153,1.3359,102000,0.9999916462858194,0,test,2.3152698152332,-3.0184766800278595e-05,2.3374855363730593,0.0221855363730592
B1:1.040867:103000,549,576,N=1.040867B,4,107,1.040867,216.007,2.3143,1.349,103000,0.9999945527250028,0,test,2.3145165474129747,0.0002165474129749434,2.335743689709611,0.021443689709611302
B1:1.040867:104000,550,577,N=1.040867B,4,108,1.040867,218.104,2.3138,1.3621,104000,0.9999974032752255,0,test,2.3137725814423273,-2.7418557672742594e-05,2.334018671505027,0.020218671505026986
B1:1.040867:105000,551,578,N=1.040867B,4,109,1.040867,220.201,2.3131,1.3752,105000,1.0000001995331986,0,test,2.3130377146638916,-6.228533610830311e-05,2.33231015969961,0.019210159699610152
B1:1.040867:106000,552,579,N=1.040867B,4,110,1.040867,222.298,2.3122,1.3883,106000,1.0000029430353847,0,test,2.312311750712068,0.00011175071206803722,2.330617841391375,0.018417841391375145
B1:1.040867:107000,553,580,N=1.040867B,4,111,1.040867,224.395,2.3117,1.4014,107000,1.0000056352608127,0,test,2.3115944992605204,-0.0001055007394796803,2.328941412492108,0.017241412492107866
B1:1.040867:108000,554,581,N=1.040867B,4,112,1.040867,226.492,2.3109,1.4145,108000,1.000008277633736,0,test,2.3108857757820593,-1.4224217940839168e-05,2.327280577399424,0.016380577399423668
B1:1.040867:109000,555,582,N=1.040867B,4,113,1.040867,228.59,2.3101,1.4276,109000,1.000006496834027,0,test,2.310185069295247,8.506929524720874e-05,2.325634267584378,0.01553426758437837
B1:1.040867:110000,556,583,N=1.040867B,4,114,1.040867,230.687,2.3096,1.4407,110000,1.0000090833239859,0,test,2.309492874104765,-0.00010712589523498295,2.324003772791546,0.014403772791546032
B1:1.040867:111000,557,584,N=1.040867B,4,115,1.040867,232.784,2.309,1.4538,111000,1.0000116232139256,0,test,2.3088086857914285,-0.00019131420857165793,2.3223880327275235,0.013388032727523314
B1:1.040867:112000,558,585,N=1.040867B,4,116,1.040867,234.881,2.3081,1.4669,112000,1.0000141177519701,0,test,2.3081323408493857,3.234084938563697e-05,2.3207867827473696,0.012686782747369563
B1:1.040867:113000,559,586,N=1.040867B,4,117,1.040867,236.978,2.3075,1.48,113000,1.0000165681420663,0,test,2.307463680533563,-3.631946643700701e-05,2.3191997652630216,0.011699765263021522
B1:1.040867:114000,560,587,N=1.040867B,4,118,1.040867,239.075,2.3068,1.4931,114000,1.0000189755459195,0,test,2.306802550680378,2.5506803780217524e-06,2.317626729494604,0.01082672949460406
B1:1.040867:115000,561,588,N=1.040867B,4,119,1.040867,241.172,2.3061,1.5062,115000,1.0000213410848307,0,test,2.306148801536701,4.880153670105969e-05,2.3160674312325975,0.00996743123259769
B1:1.040867:116000,562,589,N=1.040867B,4,120,1.040867,243.27,2.3056,1.5193,116000,1.0000195550852176,0,test,2.305501980995716,-9.801900428429988e-05,2.3145208986458834,0.008920898645883302
B1:1.040867:117000,563,590,N=1.040867B,4,121,1.040867,245.367,2.3048,1.5324,117000,1.000021875227928,0,test,2.3048625641944698,6.256419446959427e-05,2.3129883741944006,0.008188374194400438
B1:1.040867:118000,564,591,N=1.040867B,4,122,1.040867,247.464,2.3042,1.5455,118000,1.000024156049046,0,test,2.3042301036457222,3.0103645722423522e-05,2.3114688917095614,0.007268891709561576
B1:1.040867:119000,565,592,N=1.040867B,4,123,1.040867,249.561,2.3036,1.5586,119000,1.0000263985398004,0,test,2.3036044656796193,4.4656796194253445e-06,2.3099622310857773,0.006362231085777381
B1:1.040867:120000,566,593,N=1.040867B,4,124,1.040867,251.658,2.303,1.5717,120000,1.0000286036583828,0,test,2.30298552029063,-1.44797093697413e-05,2.308468177742856,0.005468177742856017
B1:1.040867:121000,567,594,N=1.040867B,4,125,1.040867,253.755,2.3024,1.5848,121000,1.000030772331309,0,test,2.3023731410075543,-2.685899244569967e-05,2.306986522442595,0.0045865224425951645
B1:1.040867:122000,568,595,N=1.040867B,4,126,1.040867,255.853,2.3019,1.5979,122000,1.0000289968317801,0,test,2.3017669173331208,-0.00013308266687905856,2.3055163632453715,0.0036163632453716232
B1:1.040867:123000,569,596,N=1.040867B,4,127,1.040867,257.95,2.3011,1.6109,123000,0.9999690518610388,0,test,2.301167307356529,6.730735652915598e-05,2.304058902484968,0.0029589024849681067
B1:1.040867:124000,570,597,N=1.040867B,4,128,1.040867,260.047,2.3005,1.624,124000,0.9999716482829066,0,test,2.3005739040063755,7.390400637552474e-05,2.3026132422899868,0.002113242289986772
B1:1.040867:125000,571,598,N=1.040867B,4,129,1.040867,262.144,2.2999,1.6371,125000,0.9999742031650357,0,test,2.2999865937589172,8.659375891717502e-05,2.301179193103826,0.0012791931038260707
B1:1.040867:126000,572,599,N=1.040867B,4,130,1.040867,264.241,2.2994,1.6502,126000,0.9999767174963962,0,test,2.299405266053841,5.266053840990992e-06,2.2997565699008855,0.00035656990088561713
B1:1.040867:127000,573,600,N=1.040867B,4,131,1.040867,266.338,2.2989,1.6633,127000,0.9999791922348118,0,test,2.298829813194113,-7.018680588721793e-05,2.298345192043303,-0.0005548079566972675
B1:1.040867:128000,574,601,N=1.040867B,4,132,1.040867,268.435,2.2983,1.6764,128000,0.9999816283081766,0,test,2.2982601302499797,-3.986975002012727e-05,2.2969448831433046,-0.0013551168566952043
B1:1.040867:129000,575,602,N=1.040867B,4,133,1.040867,270.533,2.2976,1.6895,129000,0.9999803302679358,0,test,2.2976958473400257,9.584734002565654e-05,2.2955548109319963,-0.002045189068003772
B1:1.040867:130000,576,603,N=1.040867B,4,134,1.040867,272.63,2.2972,1.7026,130000,0.999982720103604,0,test,2.2971374026822082,-6.259731779190147e-05,2.2941761322043983,-0.00302386779560182
B1:1.040867:131000,577,604,N=1.040867B,4,135,1.040867,274.727,2.2967,1.7157,131000,0.9999850734558878,0,test,2.2965844288065718,-0.00011557119342819888,2.2928080173964753,-0.003891982603524635
B1:1.040867:132000,578,605,N=1.040867B,4,136,1.040867,276.824,2.2961,1.7288,132000,0.9999873911538947,0,test,2.296036830969578,-6.316903042202782e-05,2.2914503058495606,-0.004649694150439476
B1:1.040867:133000,579,606,N=1.040867B,4,137,1.040867,278.921,2.2957,1.7419,133000,0.9999896740017993,0,test,2.2954945167703515,-0.00020548322964852872,2.2901028405423474,-0.005597159457652712
B1:1.040867:134000,580,607,N=1.040867B,4,138,1.040867,281.018,2.2949,1.755,134000,0.999991922779772,0,test,2.2949573960756617,5.739607566157545e-05,2.2887654679819143,-0.006134532018085892
B1:1.040867:135000,581,608,N=1.040867B,4,139,1.040867,283.116,2.2943,1.7681,135000,0.9999906061444639,0,test,2.294425128449069,0.00012512844906931164,2.28743740743337,-0.00686259256662991
B1:1.040867:136000,582,609,N=1.040867B,4,140,1.040867,285.213,2.2937,1.7812,136000,0.9999928149932369,0,test,2.29389813545038,0.00019813545037994373,2.286119778117407,-0.007580221882592664
B1:1.040867:137000,583,610,N=1.040867B,4,141,1.040867,287.31,2.2935,1.7943,137000,0.9999949915983998,0,test,2.2933760784160406,-0.00012392158395924113,2.284811801141977,-0.008688198858022744
B1:1.040867:138000,584,611,N=1.040867B,4,142,1.040867,289.407,2.2929,1.8074,138000,0.999997136660849,0,test,2.292858875590955,-4.1124409044801524e-05,2.2835133361177538,-0.009386663882246182
B1:1.040867:139000,585,612,N=1.040867B,4,143,1.040867,291.504,2.2923,1.8205,139000,0.9999992508613137,0,test,2.292346447154045,4.644715404511501e-05,2.2822242456961686,-0.010075754303831452
B1:1.040867:140000,586,613,N=1.040867B,4,144,1.040867,293.601,2.2919,1.8336,140000,1.000001334861075,0,test,2.291838715158977,-6.128484102285725e-05,2.2809443954822255,-0.010955604517774553
B1:1.040867:141000,587,614,N=1.040867B,4,145,1.040867,295.698,2.2912,1.8467,141000,1.0000033893026554,0,test,2.2913356034771137,0.00013560347711383258,2.2796736539504163,-0.01152634604958358
B1:1.040867:142000,588,615,N=1.040867B,4,146,1.040867,297.796,2.2911,1.8598,142000,1.0000020567888308,0,test,2.2908368010635027,-0.00026319893649739967,2.278411292787199,-0.01268870721280102
B1:1.040867:143000,589,616,N=1.040867B,4,147,1.040867,299.893,2.2904,1.8729,143000,1.0000040774441445,0,test,2.2903427107364687,-5.72892635313238e-05,2.277158389310916,-0.013241610689084027
B1:1.416184:64,590,624,N=1.416184B,5,1,1.416184,0.134,4.1816,0.0011,64,0.9660885901691444,0,train,4.181193772746017,-0.00040622725398353765,3.6125517301248005,-0.5690482698752
B1:1.416184:128,591,625,N=1.416184B,5,2,1.416184,0.268,3.7976,0.0023,128,1.0100017079041055,0,train,3.797306083730424,-0.0002939162695758668,3.4887894989515034,-0.3088105010484967
B1:1.416184:256,592,626,N=1.416184B,5,3,1.416184,0.537,3.4805,0.0046,256,1.008120885356798,0,train,3.480345815783593,-0.00015418421640722713,3.364694460305966,-0.11580553969403429
B1:1.416184:512,593,627,N=1.416184B,5,4,1.416184,1.074,3.22,0.0091,512,0.997163049646398,0,train,3.220050976553276,5.0976553275905445e-05,3.2409322291326688,0.020932229132668567
B1:1.416184:1000,594,628,N=1.416184B,5,5,1.416184,2.097,3.0125,0.0178,1000,0.9989658409292248,0,train,3.0124159085886806,-8.409141131959785e-05,3.1214604795503114,0.10896047955031118
B1:1.416184:2000,595,629,N=1.416184B,5,6,1.416184,4.194,2.8347,0.0356,2000,0.9989658409292248,0,train,2.8346393818617406,-6.0618138259638243e-05,2.9976982483770147,0.1629982483770145
B1:1.416184:3000,596,630,N=1.416184B,5,7,1.416184,6.291,2.7458,0.0535,3000,1.0008365634777814,0,train,2.7455587530893752,-0.00024124691062477055,2.925301984135053,0.17950198413505314
B1:1.416184:4000,597,631,N=1.416184B,5,8,1.416184,8.389,2.6879,0.0713,4000,1.00024963514928,0,train,2.688190498809073,0.00029049880907283665,2.8739147319730596,0.18601473197305962
B1:1.416184:5000,598,632,N=1.416184B,5,9,1.416184,10.486,2.6471,0.0891,5000,0.9999929007911398,0,train,2.6467888813000138,-0.00031111869998623476,2.834076449515573,0.1869764495155728
B1:1.416184:6000,599,633,N=1.416184B,5,10,1.416184,12.583,2.6148,0.1069,6000,0.9998217377512896,0,train,2.6148282624160286,2.8262416028823623e-05,2.8015255625260513,0.18672556252605155
B1:1.416184:7000,600,634,N=1.416184B,5,11,1.416184,14.68,2.589,0.1247,7000,0.9996994751057945,0,train,2.5890492287252984,4.9228725298444687e-05,2.774003807401474,0.18500380740147415
B1:1.416184:8000,601,635,N=1.416184B,5,12,1.416184,16.777,2.5674,0.1426,8000,1.000309255441057,0,train,2.567599739476676,0.000199739476675731,2.750163143097913,0.18276314309791308
B1:1.416184:9000,602,636,N=1.416184B,5,13,1.416184,18.874,2.5491,0.1604,9000,1.0001599950706368,0,train,2.549333861681027,0.00023386168102668137,2.7291340283040157,0.1800340283040156
B1:1.416184:10000,603,637,N=1.416184B,5,14,1.416184,20.972,2.5336,0.1782,10000,0.9999929007911398,0,train,2.5334898005186686,-0.00011019948133128565,2.710314218342276,0.1767142183422763
B1:1.416184:11000,604,638,N=1.416184B,5,15,1.416184,23.069,2.5196,0.196,11000,0.9998995398075501,0,train,2.5195610401618045,-3.895983819557358e-05,2.6932980234169173,0.1736980234169172
B1:1.416184:12000,605,639,N=1.416184B,5,16,1.416184,25.166,2.507,0.2138,12000,0.9998217377512896,0,train,2.507165359823592,0.00016535982359178192,2.6777633313527542,0.17076333135275412
B1:1.416184:13000,606,640,N=1.416184B,5,17,1.416184,27.263,2.4958,0.2317,13000,1.0001875778979021,0,train,2.4960258788150513,0.0002258788150513169,2.6634727048071176,0.1676727048071176
B1:1.416184:14000,607,641,N=1.416184B,5,18,1.416184,29.36,2.4859,0.2495,14000,1.0001003169161817,0,train,2.4859323966562847,3.239665628473887e-05,2.6502415762281775,0.16434157622817747
B1:1.416184:15000,608,642,N=1.416184B,5,19,1.416184,31.457,2.4769,0.2673,15000,1.0000246899922967,0,train,2.476721866610126,-0.00017813338987426874,2.6379236300490447,0.16102363004904463
B1:1.416184:16000,609,643,N=1.416184B,5,20,1.416184,33.554,2.4682,0.2851,16000,0.9999585158704257,0,train,2.4682654731929228,6.547319292282694e-05,2.626400911924616,0.15820091192461616
B1:1.416184:17000,610,644,N=1.416184B,5,21,1.416184,35.652,2.4602,0.3029,17000,0.99987208038665,0,train,2.4604562354202333,0.00025623542023334167,2.6155719333471295,0.1553719333471295
B1:1.416184:18000,611,645,N=1.416184B,5,22,1.416184,37.749,2.4532,0.3208,18000,1.000133500064277,0,train,2.453217410479733,1.7410479733026563e-05,2.6053670671107927,0.15216706711079286
B1:1.416184:19000,612,646,N=1.416184B,5,23,1.416184,39.846,2.4464,0.3386,19000,1.0000720489473218,0,train,2.446475796669053,7.579666905277449e-05,2.5957140490253146,0.14931404902531442
B1:1.416184:20000,613,647,N=1.416184B,5,24,1.416184,41.943,2.4398,0.3564,20000,1.000016742502529,0,train,2.4401736483688774,0.0003736483688774328,2.5865562441136114,0.14675624411361143
B1:1.416184:21000,614,648,N=1.416184B,5,25,1.416184,44.04,2.4342,0.3742,21000,0.9999667029793858,0,train,2.434262401709026,6.240170902582776e-05,2.577845311986216,0.14364531198621577
B1:1.416184:22000,615,649,N=1.416184B,5,26,1.416184,46.137,2.4287,0.392,22000,0.9999212122080053,0,train,2.4287008573749995,8.573749994411628e-07,2.569539662222643,0.1408396622226431
B1:1.416184:23000,616,650,N=1.416184B,5,27,1.416184,48.234,2.4235,0.4098,23000,0.999879676909842,0,train,2.4234537875331785,-4.621246682168234e-05,2.561603253363739,0.13810325336373896
B1:1.416184:24000,617,651,N=1.416184B,5,28,1.416184,50.332,2.4187,0.4277,24000,1.0000555594860303,0,train,2.418488550884372,-0.00021144911562798185,2.5540011001794576,0.13530110017945773
B1:1.416184:25000,618,652,N=1.416184B,5,29,1.416184,52.429,2.4139,0.4455,25000,1.0000119740693025,0,train,2.413783573042357,-0.0001164269576428012,2.546712853415937,0.13281285341593696
B1:1.416184:26000,619,653,N=1.416184B,5,30,1.416184,54.526,2.4093,0.4633,26000,0.9999717411309841,0,train,2.409313490531263,1.3490531263204986e-05,2.5397104736338205,0.13041047363382052
B1:1.416184:27000,620,654,N=1.416184B,5,31,1.416184,56.623,2.4049,0.4811,27000,0.9999344881997888,0,train,2.4050581962124173,0.0001581962124173053,2.5329723795282173,0.12807237952821726
B1:1.416184:28000,621,655,N=1.416184B,5,32,1.416184,58.72,2.4013,0.4989,28000,0.999899896010988,0,train,2.400999969649213,-0.0003000303507869617,2.5264793450548804,0.12517934505488038
B1:1.416184:29000,622,656,N=1.416184B,5,33,1.416184,60.817,2.3971,0.5168,29000,1.0000611996275182,0,train,2.3971231203178722,2.3120317872216134e-05,2.5202141687065316,0.12311416870653158
B1:1.416184:30000,623,657,N=1.416184B,5,34,1.416184,62.915,2.3934,0.5346,30000,1.0000087951390821,0,train,2.3934119633827775,1.196338277731357e-05,2.514158560878829,0.12075856087882864
B1:1.416184:31000,624,658,N=1.416184B,5,35,1.416184,65.012,2.3898,0.5524,31000,0.9999751540423912,0,train,2.3898575722437534,5.7572243753245544e-05,2.508304357808999,0.11850435780899904
B1:1.416184:32000,625,659,N=1.416184B,5,36,1.416184,67.109,2.3865,0.5702,32000,0.9999436153575904,0,train,2.38644697181517,-5.302818482988414e-05,2.502636020117314,0.11613602011731405
B1:1.416184:33000,626,660,N=1.416184B,5,37,1.416184,69.206,2.3831,0.5881,33000,1.0000840413694487,0,train,2.38317011715983,7.011715982985223e-05,2.497142107978354,0.11404210797835379
B1:1.416184:34000,627,661,N=1.416184B,5,38,1.416184,71.303,2.3799,0.6059,34000,1.000051155427439,0,train,2.3800179428857633,0.00011794288576316703,2.4918122062747137,0.11191220627471354
B1:1.416184:35000,628,662,N=1.416184B,5,39,1.416184,73.4,2.3769,0.6237,35000,1.0000201485541043,0,train,2.3769822420940256,8.224209402563076e-05,2.4866368057542516,0.1097368057542516
B1:1.416184:36000,629,663,N=1.416184B,5,40,1.416184,75.497,2.374,0.6415,36000,0.9999908641707596,0,train,2.3740555632643803,5.556326438016512e-05,2.481607200931796,0.10760720093179588
B1:1.416184:37000,630,664,N=1.416184B,5,41,1.416184,77.595,2.3712,0.6593,37000,0.999950275671479,0,train,2.3712297984890554,2.9798489055377075e-05,2.4767131009015886,0.10551310090158861
B1:1.416184:38000,631,665,N=1.416184B,5,42,1.416184,79.692,2.3684,0.6772,38000,1.0000720489473218,0,train,2.368501446070444,0.00010144607044404452,2.471951817852018,0.10355181785201806
B1:1.416184:39000,632,666,N=1.416184B,5,43,1.416184,81.789,2.3659,0.695,39000,1.0000436867199567,0,train,2.365863468118924,-3.653188107577421e-05,2.4673142093918594,0.10141420939185952
B1:1.416184:40000,633,667,N=1.416184B,5,44,1.416184,83.886,2.3633,0.7128,40000,1.000016742502529,0,train,2.3633106664493813,1.0666449381080412e-05,2.4627940129403143,0.09949401294031412
B1:1.416184:41000,634,668,N=1.416184B,5,45,1.416184,85.983,2.361,0.7306,41000,0.9999911125454535,0,train,2.36083826244056,-0.00016173755944004498,2.4583854298766625,0.09738542987666232
B1:1.416184:42000,635,669,N=1.416184B,5,46,1.416184,88.08,2.3581,0.7484,42000,0.9999667029793858,0,train,2.3584418539055414,0.0003418539055415337,2.454083080812919,0.09598308081291895
B1:1.416184:43000,636,670,N=1.416184B,5,47,1.416184,90.178,2.3562,0.7663,43000,1.0000628455100564,0,train,2.3561162853765043,-8.371462349554548e-05,2.4498799861329768,0.0936799861329769
B1:1.416184:44000,637,671,N=1.416184B,5,48,1.416184,92.275,2.354,0.7841,44000,1.0000379154791053,0,train,2.3538600142559742,-0.00013998574402585007,2.44577549604935,0.09177549604934976
B1:1.416184:45000,638,672,N=1.416184B,5,49,1.416184,94.372,2.3514,0.8019,45000,1.0000140933673443,0,train,2.3516684333932565,0.0002684333932565508,2.4417632426308282,0.09036324263082829
B1:1.416184:46000,639,673,N=1.416184B,5,50,1.416184,96.469,2.3495,0.8197,46000,0.9999913069244174,0,train,2.3495383111819748,3.831118197483718e-05,2.437839171315212,0.08833917131521218
B1:1.416184:47000,640,674,N=1.416184B,5,51,1.416184,98.566,2.3474,0.8375,47000,0.9999694900484976,0,train,2.3474666432857534,6.66432857534538e-05,2.433999489147875,0.08659948914787519
B1:1.416184:48000,641,675,N=1.416184B,5,52,1.416184,100.663,2.3453,0.8553,48000,0.9999485821458608,0,train,2.345450632219104,0.00015063221910427416,2.430240642748949,0.08494064274894919
B1:1.416184:49000,642,676,N=1.416184B,5,53,1.416184,102.76,2.3434,0.8732,49000,1.000043053800412,0,train,2.343487669145047,8.766914504709789e-05,2.4265592985522884,0.08315929855228843
B1:1.416184:50000,643,677,N=1.416184B,5,54,1.416184,104.858,2.3414,0.891,50000,1.0000119740693025,0,train,2.341574417367556,0.00017441736755596793,2.42295062224264,0.08155062224263965
B1:1.416184:51000,644,678,N=1.416184B,5,55,1.416184,106.955,2.3399,0.9088,51000,0.999991463189075,0,train,2.3397104212557807,-0.00018957874421943188,2.4194151073285566,0.07951510732855649
B1:1.416184:52000,645,679,N=1.416184B,5,56,1.416184,109.052,2.338,0.9266,52000,0.9999717411309841,0,train,2.337892623144718,-0.00010737685528194874,2.415948242460524,0.07794824246052379
B1:1.416184:53000,646,680,N=1.416184B,5,57,1.416184,111.149,2.3362,0.9444,53000,0.9999527632479346,0,train,2.336119022149177,-8.097785082261666e-05,2.4125474123468718,0.07634741234687192
B1:1.416184:54000,647,681,N=1.416184B,5,58,1.416184,113.246,2.3345,0.9623,54000,1.0000384098884398,0,train,2.3343877397335686,-0.00011226026643118558,2.4092101483549206,0.07471014835492085
B1:1.416184:55000,648,682,N=1.416184B,5,59,1.416184,115.343,2.3326,0.9801,55000,1.0000189099872103,0,train,2.3326970101279914,9.701012799157027e-05,2.405934117746203,0.07333411774620302
B1:1.416184:56000,649,683,N=1.416184B,5,60,1.416184,117.441,2.331,0.9979,56000,0.9999915915488066,0,train,2.3310443929635696,4.4392963569617194e-05,2.4027155935273856,0.07171559352738566
B1:1.416184:57000,650,684,N=1.416184B,5,61,1.416184,119.538,2.3295,1.0157,57000,0.9999735972787899,0,train,2.329429897608313,-7.01023916866994e-05,2.3995555536100563,0.07005555361005644
B1:1.416184:58000,651,685,N=1.416184B,5,62,1.416184,121.635,2.3277,1.0335,58000,0.9999562234549314,0,train,2.3278512508748292,0.00015125087482914523,2.39645046960138,0.0687504696013801
B1:1.416184:59000,652,686,N=1.416184B,5,63,1.416184,123.732,2.3264,1.0514,59000,1.000034553098003,0,train,2.3263070590068544,-9.294099314560711e-05,2.3933984626650586,0.0669984626650586
B1:1.416184:60000,653,687,N=1.416184B,5,64,1.416184,125.829,2.3248,1.0692,60000,1.0000167425025288,0,train,2.324796004897778,-3.99510222237609e-06,2.3903977486983528,0.06559774869835255
B1:1.416184:61000,654,688,N=1.416184B,5,65,1.416184,127.926,2.3233,1.087,61000,0.9999995158199215,0,train,2.323316842680704,1.684268070389905e-05,2.387446632068418,0.06414663206841764
B1:1.416184:62000,655,689,N=1.416184B,5,66,1.416184,130.023,2.3219,1.1048,62000,0.9999828447982886,0,train,2.3218683927819295,-3.1607218070384135e-05,2.384543499857906,0.06264349985790618
B1:1.416184:63000,656,690,N=1.416184B,5,67,1.416184,132.121,2.3205,1.1226,63000,0.9999591344119139,0,train,2.320448867668273,-5.113233172693299e-05,2.3816854651443644,0.061185465144364404
B1:1.416184:64000,657,691,N=1.416184B,5,68,1.416184,134.218,2.319,1.1405,64000,1.0000312989436442,0,train,2.3190585599487052,5.855994870529457e-05,2.378873788944017,0.05987378894401685
B1:1.416184:65000,658,692,N=1.416184B,5,69,1.416184,136.315,2.3178,1.1583,65000,1.000014908484368,0,train,2.3176957796646374,-0.00010422033536272579,2.376105703159895,0.05830570315989503
B1:1.416184:66000,659,693,N=1.416184B,5,70,1.416184,138.412,2.3162,1.1761,66000,0.9999990146697914,0,train,2.3163595707221827,0.00015957072218286683,2.3733798768050574,0.05717987680505754
B1:1.416184:67000,660,694,N=1.416184B,5,71,1.416184,140.509,2.3151,1.1939,67000,0.9999835952636755,0,train,2.3150490240840167,-5.0975915983464404e-05,2.3706950389374115,0.055595038937411356
B1:1.416184:68000,661,695,N=1.416184B,5,72,1.416184,142.606,2.3138,1.2117,68000,0.9999686293377023,0,train,2.313763274791887,-3.6725208113264074e-05,2.368049975101417,0.054249975101416936
B1:1.416184:69000,662,696,N=1.416184B,5,73,1.416184,144.703,2.3125,1.2296,69000,1.000035427318811,0,train,2.312501499218158,1.499218158063087e-06,2.365443524029529,0.052943524029529065
B1:1.416184:70000,663,697,N=1.416184B,5,74,1.416184,146.801,2.3113,1.2474,70000,1.0000133364741555,0,train,2.3112623272900295,-3.767270997068195e-05,2.362873358296561,0.051573358296560734
B1:1.416184:71000,664,698,N=1.416184B,5,75,1.416184,148.898,2.3099,1.2652,71000,0.9999985841057039,0,train,2.31004619161041,0.00014619161041018458,2.3603408637426964,0.05044086374269652
B1:1.416184:72000,665,699,N=1.416184B,5,76,1.416184,150.995,2.3089,1.283,72000,0.9999842414954113,0,train,2.308851781949223,-4.8218050777038e-05,2.3578437872574334,0.048943787257433424
B1:1.416184:73000,666,700,N=1.416184B,5,77,1.416184,153.092,2.3077,1.3008,73000,0.9999702918051122,0,train,2.307678416432532,-2.1583567467953202e-05,2.355381151814173,0.047681151814173095
B1:1.416184:74000,667,701,N=1.416184B,5,78,1.416184,155.189,2.3065,1.3187,74000,1.0000325538344201,0,train,2.3065254435560902,2.5443556090021247e-05,2.3529520202646177,0.04645202026461748
B1:1.416184:75000,668,702,N=1.416184B,5,79,1.416184,157.286,2.3055,1.3365,75000,1.0000183319903766,0,train,2.305392240443945,-0.00010775955605479837,2.350555493197642,0.045055493197641905
B1:1.416184:76000,669,703,N=1.416184B,5,80,1.416184,159.384,2.3042,1.3543,76000,0.9999982101959229,0,train,2.3042776844617876,7.768446178779698e-05,2.348189586678721,0.04398958667872099
B1:1.416184:77000,670,704,N=1.416184B,5,81,1.416184,161.481,2.303,1.3721,77000,0.9999848037991812,0,train,2.303182267515284,0.00018226751528427343,2.3458557259740447,0.042855725974044745
B1:1.416184:78000,671,705,N=1.416184B,5,82,1.416184,163.578,2.3019,1.3899,78000,0.9999717411309841,0,train,2.302104907570584,0.0002049075705841119,2.3435519782185623,0.04165197821856248
B1:1.416184:79000,672,706,N=1.416184B,5,83,1.416184,165.675,2.3011,1.4078,79000,1.000030044090573,0,train,2.301045081148739,-5.4918851260854495e-05,2.3412775762277755,0.040177576227775624
B1:1.416184:80000,673,707,N=1.416184B,5,84,1.416184,167.772,2.2999,1.4256,80000,1.000016742502529,0,train,2.300002286329108,0.0001022863291080256,2.3390317817670176,0.03913178176701759
B1:1.416184:81000,674,708,N=1.416184B,5,85,1.416184,169.869,2.2991,1.4434,81000,1.000003769325556,0,train,2.29897604160519,-0.0001239583948100531,2.336813884112959,0.03771388411295895
B1:1.416184:82000,675,709,N=1.416184B,5,86,1.416184,171.966,2.2978,1.4612,82000,0.9999911125454535,0,train,2.2979658848144586,0.00016588481445856118,2.334623198703366,0.03682319870336581
B1:1.416184:83000,676,710,N=1.416184B,5,87,1.416184,174.064,2.2971,1.479,83000,0.99997301583567,0,train,2.2969709015449875,-0.0001290984550124108,2.3324580400869674,0.035358040086967524
B1:1.416184:84000,677,711,N=1.416184B,5,88,1.416184,176.161,2.296,1.4969,84000,1.0000278331322006,0,train,2.2959916137210326,-8.38627896726507e-06,2.3303198360687185,0.03431983606871869
B1:1.416184:85000,678,712,N=1.416184B,5,89,1.416184,178.258,2.295,1.5147,85000,1.0000153400174474,0,train,2.2950271335084125,2.7133508412546803e-05,2.3282069349778025,0.03320693497780258
B1:1.416184:86000,679,713,N=1.416184B,5,90,1.416184,180.355,2.294,1.5325,86000,1.000003137419305,0,train,2.294077066719164,7.706671916407615e-05,2.326118744955312,0.03211874495531175
B1:1.416184:87000,680,714,N=1.416184B,5,91,1.416184,182.452,2.2932,1.5503,87000,0.9999912153206725,0,train,2.293141034087387,-5.896591261311812e-05,2.3240546946686957,0.030854694668695615
B1:1.416184:88000,681,715,N=1.416184B,5,92,1.416184,184.549,2.2922,1.5681,88000,0.9999795641597404,0,train,2.292218670540545,1.8670540545162595e-05,2.32201423237343,0.029814232373430283
B1:1.416184:89000,682,716,N=1.416184B,5,93,1.416184,186.647,2.2914,1.586,89000,1.0000258706011749,0,train,2.291309194138346,-9.080586165399751e-05,2.3199958684002864,0.028595868400286495
B1:1.416184:90000,683,717,N=1.416184B,5,94,1.416184,188.744,2.2904,1.6038,90000,1.0000140933673443,0,train,2.2904131330415356,1.3133041535606793e-05,2.3180010114575316,0.027601011457531577
B1:1.416184:91000,684,718,N=1.416184B,5,95,1.416184,190.841,2.2895,1.6216,91000,1.0000025749548296,0,train,2.2895297241654955,2.9724165495625954e-05,2.3160281959579314,0.026528195957931544
B1:1.416184:92000,685,719,N=1.416184B,5,96,1.416184,192.938,2.2886,1.6394,92000,0.9999913069244174,0,train,2.288658652753538,5.8652753538002145e-05,2.314076940141915,0.025476940141914817
B1:1.416184:93000,686,720,N=1.416184B,5,97,1.416184,195.035,2.2878,1.6572,93000,0.9999802811998453,0,train,2.287799615192388,-3.848076119972177e-07,2.3121467778740366,0.024346777874036718
B1:1.416184:94000,687,721,N=1.416184B,5,98,1.416184,197.132,2.287,1.6751,94000,1.0000291897195452,0,train,2.2869523185028804,-4.7681497119533844e-05,2.310237257974578,0.023237257974578096
B1:1.416184:95000,688,722,N=1.416184B,5,99,1.416184,199.229,2.286,1.6929,95000,1.0000179973609362,0,train,2.2861164798590727,0.00011647985907270453,2.308347943586521,0.022347943586520813
B1:1.416184:96000,689,723,N=1.416184B,5,100,1.416184,201.327,2.2852,1.7107,96000,1.0000020710816262,0,train,2.285291435505689,9.143550568868619e-05,2.3064775247020552,0.02127752470205513
B1:1.416184:97000,690,724,N=1.416184B,5,101,1.416184,203.424,2.2845,1.7285,97000,0.9999913890842728,0,train,2.284477707987886,-2.2292012114011328e-05,2.304627374230538,0.02012737423053812
B1:1.416184:98000,691,725,N=1.416184B,5,102,1.416184,205.521,2.2837,1.7463,98000,0.9999809250709549,0,train,2.2836746464168414,-2.5353583158693738e-05,2.3027961986035788,0.019096198603578696
B1:1.416184:99000,692,726,N=1.416184B,5,103,1.416184,207.618,2.2829,1.7642,99000,1.0000273569030107,0,test,2.2828820042803972,-1.7995719602925675e-05,2.300983612563096,0.018083612563095652
B1:1.416184:100000,693,727,N=1.416184B,5,104,1.416184,209.715,2.2821,1.782,100000,1.000016742502529,0,test,2.282099543180577,-4.5681942273390064e-07,2.299189242466389,0.0170892424663891
B1:1.416184:101000,694,728,N=1.416184B,5,105,1.416184,211.812,2.2814,1.7998,101000,1.0000063382733104,0,test,2.28132703248853,-7.296751146990132e-05,2.2974127258238526,0.01601272582385249
B1:1.416184:102000,695,729,N=1.416184B,5,106,1.416184,213.91,2.2805,1.8176,102000,0.999991463189075,0,test,2.2805638875533103,6.38875533103267e-05,2.2956528761552595,0.01515287615525951
B1:1.416184:103000,696,730,N=1.416184B,5,107,1.416184,216.007,2.2797,1.8354,103000,0.999981506428975,0,test,2.279810619733085,0.00011061973308512663,2.2939110294918112,0.014211029491811189
B1:1.416184:104000,697,731,N=1.416184B,5,108,1.416184,218.104,2.2791,1.8533,104000,1.0000257003227135,0,test,2.2790666537624378,-3.3346237562348335e-05,2.292186011287227,0.013086011287227084
B1:1.416184:105000,698,732,N=1.416184B,5,109,1.416184,220.201,2.2782,1.8711,105000,1.0000156071571598,0,test,2.278331786984002,0.00013178698400206912,2.2904774994818102,0.012277499481810228
B1:1.416184:106000,699,733,N=1.416184B,5,110,1.416184,222.298,2.2776,1.8889,106000,1.000005704414985,0,test,2.2776058230321783,5.823032178220444e-06,2.288785181173575,0.011185181173575032
B1:1.416184:107000,700,734,N=1.416184B,5,111,1.416184,224.395,2.2767,1.9067,107000,0.9999959867575967,0,test,2.276888571580631,0.00018857158063090296,2.287108752274308,0.010408752274308153
B1:1.416184:108000,701,735,N=1.416184B,5,112,1.416184,226.492,2.2763,1.9245,108000,0.9999864490441143,0,test,2.27617984810217,-0.00012015189783021185,2.285447917181624,0.009147917181623999
B1:1.416184:109000,702,736,N=1.416184B,5,113,1.416184,228.59,2.2755,1.9424,109000,1.0000241957254519,0,test,2.2754791416153575,-2.085838464260803e-05,2.2838016073665783,0.008301607366578256
B1:1.416184:110000,703,737,N=1.416184B,5,114,1.416184,230.687,2.2748,1.9602,110000,1.0000145750272431,0,test,2.2747869464248756,-1.3053575124377659e-05,2.2821711125737463,0.007371112573746341
B1:1.416184:111000,704,738,N=1.416184B,5,115,1.416184,232.784,2.2742,1.978,111000,1.0000051276622888,0,test,2.274102758111539,-9.724188846105264e-05,2.2805553725097236,0.0063553725097236224
B1:1.416184:112000,705,739,N=1.416184B,5,116,1.416184,234.881,2.2736,1.9958,112000,0.9999958489880698,0,test,2.273426413169496,-0.00017358683050394674,2.2789541225295697,0.005354122529569683
B1:1.416184:113000,706,740,N=1.416184B,5,117,1.416184,236.978,2.2728,2.0136,113000,0.9999867345263922,0,test,2.2727577528536735,-4.224714632661275e-05,2.2773671050452218,0.00456710504522162
B1:1.416184:114000,707,741,N=1.416184B,5,118,1.416184,239.075,2.2719,2.0314,114000,0.999977779956181,0,test,2.2720966230004884,0.00019662300048839398,2.275794069276804,0.003894069276804135
B1:1.416184:115000,708,742,N=1.416184B,5,119,1.416184,241.172,2.2713,2.0493,115000,1.0000177791244653,0,test,2.2714428738568113,0.0001428738568112209,2.2742347710147977,0.0029347710147975548
B1:1.416184:116000,709,743,N=1.416184B,5,120,1.416184,243.27,2.2707,2.0671,116000,1.0000046006307153,0,test,2.2707960533158262,9.605331582607235e-05,2.2726882384280835,0.0019882384280833776
B1:1.416184:117000,710,744,N=1.416184B,5,121,1.416184,245.367,2.2702,2.0849,117000,0.9999957229939753,0,test,2.2701566365145807,-4.3363485419334324e-05,2.2711557139766008,0.0009557139766007694
B1:1.416184:118000,711,745,N=1.416184B,5,122,1.416184,247.464,2.2696,2.1027,118000,0.9999869958147096,0,test,2.2695241759658327,-7.582403416739325e-05,2.2696362314917615,3.6231491761462564e-05
B1:1.416184:119000,712,746,N=1.416184B,5,123,1.416184,249.561,2.2688,2.1205,119000,0.9999784153001464,0,test,2.2688985379997297,9.853799972958655e-05,2.2681295708679774,-0.000670429132022754
B1:1.416184:120000,713,747,N=1.416184B,5,124,1.416184,251.658,2.2683,2.1384,120000,1.0000167425025288,0,test,2.2682795926107406,-2.0407389259347042e-05,2.266635517525056,-0.0016644824749438847
B1:1.416184:121000,714,748,N=1.416184B,5,125,1.416184,253.755,2.2676,2.1562,121000,1.000008057981636,0,test,2.2676672133276647,6.721332766490562e-05,2.2651538622247953,-0.0024461377752045266
B1:1.416184:122000,715,749,N=1.416184B,5,126,1.416184,255.853,2.267,2.174,122000,0.9999956073274832,0,test,2.267060989653231,6.098965323131367e-05,2.2636837030275716,-0.003316296972428301
B1:1.416184:123000,716,750,N=1.416184B,5,127,1.416184,257.95,2.2663,2.1918,123000,0.9999872358596131,0,test,2.266461379676639,0.0001613796766388731,2.262226242267168,-0.0040737577328320285
B1:1.416184:124000,717,751,N=1.416184B,5,128,1.416184,260.047,2.2658,2.2096,124000,0.9999789994055527,0,test,2.2658679763264855,6.797632648547491e-05,2.260780582072187,-0.00501941792781313
B1:1.416184:125000,718,752,N=1.416184B,5,129,1.416184,262.144,2.2652,2.2275,125000,1.0000157888122456,0,test,2.265280666079028,8.066607902801337e-05,2.2593465328860263,-0.0058534671139738315
B1:1.416184:126000,719,753,N=1.416184B,5,130,1.416184,264.241,2.2646,2.2453,126000,1.0000074564917096,0,test,2.2646993383739513,9.933837395115219e-05,2.2579239096830857,-0.006676090316914518
B1:1.416184:127000,720,754,N=1.416184B,5,131,1.416184,266.338,2.2642,2.2631,127000,0.9999992553794594,0,test,2.2641238855142234,-7.611448577682367e-05,2.256512531825503,-0.00768746817449717
B1:1.416184:128000,721,755,N=1.416184B,5,132,1.416184,268.435,2.2635,2.2809,128000,0.999991182400518,0,test,2.2635542025700905,5.420257009047802e-05,2.2551122229255047,-0.00838777707449534
B1:1.416184:129000,722,756,N=1.416184B,5,133,1.416184,270.533,2.2632,2.2987,129000,0.9999795382304992,0,test,2.262989919660136,-0.00021008033986369412,2.2537221507141965,-0.009477849285803419
B1:1.416184:130000,723,757,N=1.416184B,5,134,1.416184,272.63,2.2625,2.3166,130000,1.000014908484368,0,test,2.2624314750023187,-6.852499768150722e-05,2.2523434719865985,-0.010156528013401722
B1:1.416184:131000,724,758,N=1.416184B,5,135,1.416184,274.727,2.2619,2.3344,131000,1.0000069009180816,0,test,2.2618785011266827,-2.1498873317149503e-05,2.2509753571786755,-0.010924642821324326
B1:1.416184:132000,725,759,N=1.416184B,5,136,1.416184,276.824,2.2613,2.3522,132000,0.9999990146697914,0,test,2.2613309032896884,3.090328968857747e-05,2.2496176456317607,-0.011682354368239167
B1:1.416184:133000,726,760,N=1.416184B,5,137,1.416184,278.921,2.2609,2.37,133000,0.999991247003198,0,test,2.260788589090462,-0.00011141090953792343,2.2482701803245475,-0.012629819675452403
B1:1.416184:134000,727,761,N=1.416184B,5,138,1.416184,281.018,2.2602,2.3878,134000,0.9999835952636755,0,test,2.260251468395772,5.146839577196971e-05,2.2469328077641144,-0.013267192235885794
B1:1.416184:135000,728,762,N=1.416184B,5,139,1.416184,283.116,2.2597,2.4057,135000,1.0000140933673445,0,test,2.2597192007691795,1.920076917949487e-05,2.24560474721557,-0.014095252784430023
B1:1.416184:136000,729,763,N=1.416184B,5,140,1.416184,285.213,2.2594,2.4235,136000,1.0000063861963435,0,test,2.2591922077704902,-0.00020779222950961795,2.2442871178996073,-0.015112882100392522
B1:1.416184:137000,730,764,N=1.416184B,5,141,1.416184,287.31,2.2587,2.4413,137000,0.9999987915305638,0,test,2.258670150736151,-2.9849263849079932e-05,2.2429791409241773,-0.01572085907582288
B1:1.416184:138000,731,765,N=1.416184B,5,142,1.416184,289.407,2.2583,2.4591,138000,0.9999913069244173,0,test,2.258152947911066,-0.0001470520889341742,2.241680675899954,-0.016619324100046295
B1:1.416184:139000,732,766,N=1.416184B,5,143,1.416184,291.504,2.2576,2.4769,139000,0.9999839300026875,0,test,2.2576405194741556,4.051947415550927e-05,2.2403915854783687,-0.017208414521631354
B1:1.416184:140000,733,767,N=1.416184B,5,144,1.416184,293.601,2.2571,2.4948,140000,1.000016742502529,0,test,2.2571327874790876,3.278747908774804e-05,2.2391117352644256,-0.017988264735574244
B1:1.416184:141000,734,768,N=1.416184B,5,145,1.416184,295.698,2.2568,2.5126,141000,1.000009289829196,0,test,2.256629675797224,-0.00017032420277596216,2.2378409937326165,-0.01895900626738367
B1:1.416184:142000,735,769,N=1.416184B,5,146,1.416184,297.796,2.2561,2.5304,142000,0.9999985841057039,0,test,2.256130873383613,3.087338361318359e-05,2.2365786325693993,-0.019521367430600733
B1:1.416184:143000,736,770,N=1.416184B,5,147,1.416184,299.893,2.2558,2.5482,143000,0.9999913626552497,0,test,2.255636783056579,-0.00016321694342069648,2.235325729093116,-0.020474270906883696
B1:2.782831:64,737,778,N=2.782831B,6,1,2.782831,0.134,4.1162,0.0022,64,0.9832858725377857,0,train,4.116664375821665,0.00046437582166447555,3.5207784691390414,-0.5954215308609587
B1:2.782831:128,738,779,N=2.782831B,6,2,2.782831,0.268,3.7324,0.0045,128,1.005633278731826,0,train,3.7327766868060714,0.00037668680607128024,3.3970162379657443,-0.3353837620342559
B1:2.782831:256,739,780,N=2.782831B,6,3,2.782831,0.537,3.4164,0.009,256,1.0037605910619347,0,train,3.41581641885924,-0.0005835811407597369,3.2729211993202068,-0.14347880067979313
B1:2.782831:512,740,781,N=2.782831B,6,4,2.782831,1.074,3.1558,0.0179,512,0.9981841433338128,0,train,3.1555215796289233,-0.00027842037107683737,3.1491589681469097,-0.006641031853090507
B1:2.782831:1000,741,782,N=2.782831B,6,5,2.782831,2.097,2.9476,0.035,1000,0.9996121607062505,0,train,2.947886511664328,0.0002865116643278043,3.0296872185645523,0.08208721856455226
B1:2.782831:2000,742,783,N=2.782831B,6,6,2.782831,4.194,2.7702,0.07,2000,0.9996121607062505,0,train,2.770109984937388,-9.001506261219205e-05,2.9059249873912556,0.1357249873912556
B1:2.782831:3000,743,784,N=2.782831B,6,7,2.782831,6.291,2.6811,0.105,3000,0.9996121607062503,0,train,2.6810293561650225,-7.064383497734639e-05,2.833528723149294,0.15242872314929423
B1:2.782831:4000,744,785,N=2.782831B,6,8,2.782831,8.389,2.6238,0.1401,4000,1.0002069267927083,0,train,2.62366110188472,-0.0001388981152801172,2.7821414709873005,0.15834147098730034
B1:2.782831:5000,745,786,N=2.782831B,6,9,2.782831,10.486,2.5824,0.1751,5000,1.00008798491942,0,train,2.5822594843756614,-0.0001405156243383665,2.7423031885298137,0.1599031885298139
B1:2.782831:6000,746,787,N=2.782831B,6,10,2.782831,12.583,2.5504,0.2101,6000,1.0000086871863663,0,train,2.550298865491676,-0.00010113450832394122,2.7097523015402922,0.15935230154029245
B1:2.782831:7000,747,788,N=2.782831B,6,11,2.782831,14.68,2.5246,0.2451,7000,0.9999520444051125,0,train,2.5245198318009456,-8.016819905432016e-05,2.682230546415715,0.15763054641571506
B1:2.782831:8000,748,789,N=2.782831B,6,12,2.782831,16.777,2.503,0.2801,8000,0.9999095614751182,0,train,2.503070342552323,7.034255232296616e-05,2.658389882112154,0.155389882112154
B1:2.782831:9000,749,790,N=2.782831B,6,13,2.782831,18.874,2.4846,0.3151,9000,0.9998765186960403,0,train,2.484804464756674,0.00020446475667412756,2.6373607673182566,0.15276076731825672
B1:2.782831:10000,750,791,N=2.782831B,6,14,2.782831,20.972,2.469,0.3502,10000,1.00008798491942,0,train,2.4689604035943162,-3.959640568362843e-05,2.618540957356517,0.14954095735651718
B1:2.782831:11000,751,792,N=2.782831B,6,15,2.782831,23.069,2.455,0.3852,11000,1.000044731922974,0,train,2.4550316432374517,3.164323745163955e-05,2.601524762431158,0.14652476243115808
B1:2.782831:12000,752,793,N=2.782831B,6,16,2.782831,25.166,2.4427,0.4202,12000,1.0000086871863663,0,train,2.4426359628992396,-6.403710076030578e-05,2.585990070366995,0.14329007036699526
B1:2.782831:13000,753,794,N=2.782831B,6,17,2.782831,27.263,2.4313,0.4552,13000,0.9999781873870481,0,train,2.4314964818906986,0.0001964818906987631,2.5716994438213585,0.14039944382135872
B1:2.782831:14000,754,795,N=2.782831B,6,18,2.782831,29.36,2.4212,0.4902,14000,0.9999520444051125,0,train,2.421402999731932,0.00020299973193216303,2.5584683152424184,0.13726831524241856
B1:2.782831:15000,755,796,N=2.782831B,6,19,2.782831,31.457,2.4123,0.5252,15000,0.9999293869324828,0,train,2.412192469685773,-0.00010753031422705561,2.5461503690632856,0.1338503690632855
B1:2.782831:16000,756,797,N=2.782831B,6,20,2.782831,33.554,2.4037,0.5603,16000,1.0000880530069773,0,train,2.40373607626857,3.607626856982904e-05,2.534627650938857,0.13092765093885683
B1:2.782831:17000,757,798,N=2.782831B,6,21,2.782831,35.652,2.396,0.5953,17000,1.0000320103107014,0,train,2.395926838495881,-7.316150411895705e-05,2.5237986723613703,0.12779867236137044
B1:2.782831:18000,758,799,N=2.782831B,6,22,2.782831,37.749,2.3887,0.6303,18000,1.000008687186366,0,train,2.38868801355538,-1.1986444619971337e-05,2.5135938061250336,0.12489380612503354
B1:2.782831:19000,759,800,N=2.782831B,6,23,2.782831,39.846,2.3819,0.6653,19000,0.9999878189429088,0,train,2.3819463997447,4.639974470022068e-05,2.5039407880395554,0.12204078803955554
B1:2.782831:20000,760,801,N=2.782831B,6,24,2.782831,41.943,2.3757,0.7003,20000,0.9999690373745357,0,train,2.375644251444525,-5.5748555475076955e-05,2.4947829831278523,0.11908298312785215
B1:2.782831:21000,761,802,N=2.782831B,6,25,2.782831,44.04,2.3697,0.7353,21000,0.9999520444051124,0,train,2.3697330047846736,3.3004784673718035e-05,2.486072051000457,0.11637205100045689
B1:2.782831:22000,762,803,N=2.782831B,6,26,2.782831,46.137,2.3642,0.7703,22000,0.9999365961506418,0,train,2.364171460450647,-2.853954935266856e-05,2.477766401236884,0.11356640123688422
B1:2.782831:23000,763,804,N=2.782831B,6,27,2.782831,48.234,2.3589,0.8054,23000,1.0000466588394736,0,train,2.358924390608826,2.439060882597488e-05,2.46982999237798,0.11092999237797985
B1:2.782831:24000,764,805,N=2.782831B,6,28,2.782831,50.332,2.3539,0.8404,24000,1.0000086871863663,0,train,2.353959153960019,5.915396001920925e-05,2.4622278391936985,0.1083278391936986
B1:2.782831:25000,765,806,N=2.782831B,6,29,2.782831,52.429,2.3492,0.8754,25000,0.9999928273372596,0,train,2.349254176118005,5.4176118004622964e-05,2.454939592430178,0.10573959243017761
B1:2.782831:26000,766,807,N=2.782831B,6,30,2.782831,54.526,2.3448,0.9104,26000,0.9999781873870481,0,train,2.344784093606911,-1.5906393089348825e-05,2.4479372126480614,0.1031372126480612
B1:2.782831:27000,767,808,N=2.782831B,6,31,2.782831,56.623,2.3405,0.9454,27000,0.9999646318009855,0,train,2.340528799288065,2.8799288064984552e-05,2.441199118542458,0.10069911854245817
B1:2.782831:28000,768,809,N=2.782831B,6,32,2.782831,58.72,2.3366,0.9804,28000,0.9999520444051125,0,train,2.3364705727248603,-0.00012942727513953756,2.4347060840691213,0.09810608406912147
B1:2.782831:29000,769,810,N=2.782831B,6,33,2.782831,60.817,2.3325,1.0155,29000,1.0000388025277342,0,train,2.3325937233935194,9.372339351942927e-05,2.4284409077207725,0.09594090772077246
B1:2.782831:30000,770,811,N=2.782831B,6,34,2.782831,62.915,2.3288,1.0505,30000,1.000008687186366,0,train,2.328882566458425,8.256645842497079e-05,2.4223852998930697,0.09358529989306952
B1:2.782831:31000,771,812,N=2.782831B,6,35,2.782831,65.012,2.3253,1.0855,31000,0.9999958969933431,0,train,2.325328175319401,2.8175319401135823e-05,2.41653109682324,0.09123109682324015
B1:2.782831:32000,772,813,N=2.782831B,6,36,2.782831,67.109,2.3221,1.1205,32000,0.9999839061278256,0,train,2.3219175748908176,-0.0001824251091822049,2.410862759131555,0.08876275913155496
B1:2.782831:33000,773,814,N=2.782831B,6,37,2.782831,69.206,2.3186,1.1555,33000,0.9999726419289259,0,train,2.3186407202354777,4.0720235477742506e-05,2.405368846992595,0.0867688469925949
B1:2.782831:34000,774,815,N=2.782831B,6,38,2.782831,71.303,2.3156,1.1905,34000,0.9999620402834979,0,train,2.315488545961411,-0.00011145403858892067,2.4000389452889546,0.08443894528895468
B1:2.782831:35000,775,816,N=2.782831B,6,39,2.782831,73.4,2.3123,1.2256,35000,1.0000336398391725,0,train,2.312452845169673,0.0001528451696728439,2.3948635447684925,0.08256354476849248
B1:2.782831:36000,776,817,N=2.782831B,6,40,2.782831,75.497,2.3095,1.2606,36000,1.0000219328608588,0,train,2.309526166340028,2.61663400280554e-05,2.389833939946037,0.08033393994603699
B1:2.782831:37000,777,818,N=2.782831B,6,41,2.782831,77.595,2.3068,1.2956,37000,0.9999979710831534,0,train,2.306700401564703,-9.959843529694368e-05,2.3849398399158295,0.07813983991582951
B1:2.782831:38000,778,819,N=2.782831B,6,42,2.782831,79.692,2.304,1.3306,38000,0.9999878189429088,0,train,2.3039720491460915,-2.795085390827623e-05,2.380178556866259,0.07617855686625896
B1:2.782831:39000,779,820,N=2.782831B,6,43,2.782831,81.789,2.3014,1.3656,39000,0.9999781873870481,0,train,2.301334071194572,-6.592880542832802e-05,2.3755409484061003,0.0741409484061002
B1:2.782831:40000,780,821,N=2.782831B,6,44,2.782831,83.886,2.2987,1.4006,40000,0.9999690373745357,0,train,2.298781269525029,8.126952502873763e-05,2.371020751954555,0.07232075195455501
B1:2.782831:41000,781,822,N=2.782831B,6,45,2.782831,85.983,2.2964,1.4357,41000,1.000029988196054,0,train,2.296308865516208,-9.113448379238775e-05,2.3666121688909034,0.0702121688909032
B1:2.782831:42000,782,823,N=2.782831B,6,46,2.782831,88.08,2.2941,1.4707,42000,1.0000200406001625,0,train,2.293912456981189,-0.00018754301881074298,2.3623098198271597,0.0682098198271599
B1:2.782831:43000,783,824,N=2.782831B,6,47,2.782831,90.178,2.2915,1.5057,43000,0.9999994663561326,0,train,2.291586888452152,8.688845215187868e-05,2.3581067251472176,0.06660672514721755
B1:2.782831:44000,784,825,N=2.782831B,6,48,2.782831,92.275,2.2893,1.5407,44000,0.9999906646227507,0,train,2.2893306173316215,3.0617331621574095e-05,2.3540022350635907,0.06470223506359085
B1:2.782831:45000,785,826,N=2.782831B,6,49,2.782831,94.372,2.2873,1.5757,45000,0.9999822540485032,0,train,2.2871390364689037,-0.00016096353109640305,2.349989981645069,0.062689981645069
B1:2.782831:46000,786,827,N=2.782831B,6,50,2.782831,96.469,2.2851,1.6107,46000,0.9999742091248623,0,train,2.2850089142576224,-9.108574237748357e-05,2.346065910329453,0.06096591032945309
B1:2.782831:47000,787,828,N=2.782831B,6,51,2.782831,98.566,2.2829,1.6458,47000,1.000027268895231,0,train,2.282937246361401,3.7246361400899985e-05,2.342226228162116,0.05932622816211586
B1:2.782831:48000,788,829,N=2.782831B,6,52,2.782831,100.663,2.2809,1.6808,48000,1.0000186214093398,0,train,2.280921235294752,2.1235294751953404e-05,2.33846738176319,0.057567381763190095
B1:2.782831:49000,789,830,N=2.782831B,6,53,2.782831,102.76,2.2789,1.7158,49000,1.0000103268580125,0,train,2.2789582722206942,5.8272220694099985e-05,2.3347860375665292,0.0558860375665291
B1:2.782831:50000,790,831,N=2.782831B,6,54,2.782831,104.858,2.2769,1.7508,50000,0.9999928273372596,0,train,2.277045020443204,0.0001450204432038582,2.3311773612568807,0.05427736125688076
B1:2.782831:51000,791,832,N=2.782831B,6,55,2.782831,106.955,2.2751,1.7858,51000,0.999985363843966,0,train,2.2751810243314283,8.102433142820331e-05,2.3276418463427975,0.05254184634279735
B1:2.782831:52000,792,833,N=2.782831B,6,56,2.782831,109.052,2.2733,1.8208,52000,0.9999781873870481,0,train,2.2733632262203654,6.322622036547543e-05,2.3241749814747648,0.05087498147476488
B1:2.782831:53000,793,834,N=2.782831B,6,57,2.782831,111.149,2.2715,1.8559,53000,1.0000251652897767,0,train,2.2715896252248244,8.962522482436341e-05,2.3207741513611126,0.04927415136111257
B1:2.782831:54000,794,835,N=2.782831B,6,58,2.782831,113.246,2.2698,1.8909,54000,1.00001751759704,0,train,2.269858342809216,5.834280921579449e-05,2.3174368873691615,0.047636887369161496
B1:2.782831:55000,795,836,N=2.782831B,6,59,2.782831,115.343,2.2682,1.9259,55000,1.0000101479829326,0,train,2.268167613203639,-3.238679636119457e-05,2.3141608567604437,0.04596085676044348
B1:2.782831:56000,796,837,N=2.782831B,6,60,2.782831,117.441,2.2666,1.9609,56000,0.9999945266116298,0,train,2.266514996039217,-8.500396078314765e-05,2.3109423325416265,0.04434233254162656
B1:2.782831:57000,797,838,N=2.782831B,6,61,2.782831,119.538,2.2648,1.9959,57000,0.9999878189429088,0,train,2.2649005006839604,0.00010050068396028067,2.3077822926242972,0.04298229262429709
B1:2.782831:58000,798,839,N=2.782831B,6,62,2.782831,121.635,2.2634,2.0309,58000,0.9999813425559947,0,train,2.263321853950477,-7.814604952294246e-05,2.304677208615621,0.04127720861562123
B1:2.782831:59000,799,840,N=2.782831B,6,63,2.782831,123.732,2.2617,2.066,59000,1.0000234895391606,0,train,2.261777662082502,7.766208250226114e-05,2.3016252016792995,0.03992520167929969
B1:2.782831:60000,800,841,N=2.782831B,6,64,2.782831,125.829,2.2603,2.101,60000,1.000016634548955,0,train,2.260266607973425,-3.33920265749299e-05,2.2986244877125936,0.03832448771259367
B1:2.782831:61000,801,842,N=2.782831B,6,65,2.782831,127.926,2.2588,2.136,61000,1.0000100042967142,0,train,2.2587874457563513,-1.2554243648654762e-05,2.2956733710826587,0.03687337108265876
B1:2.782831:62000,802,843,N=2.782831B,6,66,2.782831,130.023,2.2572,2.171,62000,1.0000035879087734,0,train,2.257338995857577,0.00013899585757704003,2.292770238872147,0.03557023887214683
B1:2.782831:63000,803,844,N=2.782831B,6,67,2.782831,132.121,2.2559,2.206,63000,0.9999898064021877,0,train,2.2559194707439207,1.947074392072423e-05,2.2899122041586053,0.034012204158605286
B1:2.782831:64000,804,845,N=2.782831B,6,68,2.782831,134.218,2.2545,2.241,64000,0.9999839061278256,0,train,2.254529163024353,2.9163024352740763e-05,2.2871005279582577,0.03260052795825752
B1:2.782831:65000,805,846,N=2.782831B,6,69,2.782831,136.315,2.2532,2.276,65000,0.9999781873870481,0,train,2.2531663827402846,-3.361725971551266e-05,2.284332442174136,0.03113244217413591
B1:2.782831:66000,806,847,N=2.782831B,6,70,2.782831,138.412,2.2518,2.3111,66000,1.000015912056227,0,train,2.25183017379783,3.017379783010199e-05,2.2816066158192982,0.029806615819298443
B1:2.782831:67000,807,848,N=2.782831B,6,71,2.782831,140.509,2.2507,2.3461,67000,1.0000098863455542,0,train,2.2505196271596644,-0.00018037284033578516,2.2789217779516524,0.02822177795165226
B1:2.782831:68000,808,849,N=2.782831B,6,72,2.782831,142.606,2.2492,2.3811,68000,1.0000040378492385,0,train,2.2492338778675345,3.387786753439315e-05,2.276276714115658,0.02707671411565782
B1:2.782831:69000,809,850,N=2.782831B,6,73,2.782831,144.703,2.2479,2.4161,69000,0.9999983588628398,0,train,2.2479721022938057,7.210229380572031e-05,2.27367026304377,0.025770263043769948
B1:2.782831:70000,810,851,N=2.782831B,6,74,2.782831,146.801,2.2467,2.4511,70000,0.9999860302282036,0,train,2.246732930365677,3.293036567697527e-05,2.2711000973108018,0.024400097310801616
B1:2.782831:71000,811,852,N=2.782831B,6,75,2.782831,148.898,2.2455,2.4861,71000,0.999980764849303,0,train,2.2455167946860572,1.679468605741974e-05,2.2685676027569373,0.023067602756937422
B1:2.782831:72000,812,853,N=2.782831B,6,76,2.782831,150.995,2.2443,2.5212,72000,1.000015309979751,0,train,2.2443223850248706,2.238502487061922e-05,2.2660705262716743,0.021770526271674306
B1:2.782831:73000,813,854,N=2.782831B,6,77,2.782831,153.092,2.2432,2.5562,73000,1.000009787783774,0,train,2.24314901950818,-5.098049182006292e-05,2.263607890828414,0.02040789082841421
B1:2.782831:74000,814,855,N=2.782831B,6,78,2.782831,155.189,2.2421,2.5912,74000,1.000004414825758,0,train,2.241996046631738,-0.0001039533682622995,2.2611787592788586,0.01907875927885838
B1:2.782831:75000,815,856,N=2.782831B,6,79,2.782831,157.286,2.2408,2.6262,75000,0.9999991851366017,0,train,2.2408628435195923,6.284351959218171e-05,2.2587822322118827,0.017982232211882554
B1:2.782831:76000,816,857,N=2.782831B,6,80,2.782831,159.384,2.2397,2.6612,76000,0.9999878189429088,0,train,2.2397482875374353,4.8287537435243166e-05,2.2564163256929617,0.016716325692961664
B1:2.782831:77000,817,858,N=2.782831B,6,81,2.782831,161.481,2.2387,2.6962,77000,0.9999829406270556,0,train,2.238652870590932,-4.7129409068258354e-05,2.2540824649882856,0.015382464988285438
B1:2.782831:78000,818,859,N=2.782831B,6,82,2.782831,163.578,2.2375,2.7313,78000,1.000014800530992,0,train,2.237575510646231,7.551064623134707e-05,2.251778717232803,0.014278717232803384
B1:2.782831:79000,819,860,N=2.782831B,6,83,2.782831,165.675,2.2366,2.7663,79000,1.0000097041935088,0,train,2.2365156842243867,-8.43157756134083e-05,2.2495043152420164,0.012904315242016295
B1:2.782831:80000,820,861,N=2.782831B,6,84,2.782831,167.772,2.2355,2.8013,80000,1.00000473525535,0,train,2.2354728894047557,-2.7110595244295155e-05,2.2472585207812585,0.011758520781258497
B1:2.782831:81000,821,862,N=2.782831B,6,85,2.782831,169.869,2.2343,2.8363,81000,0.9999998889983551,0,train,2.2344466446808378,0.0001466446808375821,2.2450406231272,0.010740623127199811
B1:2.782831:82000,822,863,N=2.782831B,6,86,2.782831,171.966,2.2336,2.8713,82000,0.9999951609345022,0,train,2.2334364878901063,-0.00016351210989373755,2.2428499377176068,0.009249937717606738
B1:2.782831:83000,823,864,N=2.782831B,6,87,2.782831,174.064,2.2326,2.9063,83000,0.9999848018330246,0,train,2.2324415046206347,-0.0001584953793654087,2.2406847791012083,0.008084779101208195
B1:2.782831:84000,824,865,N=2.782831B,6,88,2.782831,176.161,2.2314,2.9414,84000,1.0000143638610397,0,train,2.2314622167966798,6.221679667994806e-05,2.2385465750829594,0.007146575082959572
B1:2.782831:85000,825,866,N=2.782831B,6,89,2.782831,178.258,2.2305,2.9764,85000,1.0000096324042995,0,train,2.23049773658406,-2.2634159400070075e-06,2.2364336739920434,0.0059336739920432535
B1:2.782831:86000,826,867,N=2.782831B,6,90,2.782831,180.355,2.2296,3.0114,86000,1.000005010973506,0,train,2.229547669794812,-5.2330205188244605e-05,2.2343454839695527,0.004745483969552655
B1:2.782831:87000,827,868,N=2.782831B,6,91,2.782831,182.452,2.2286,3.0464,87000,1.0000004957749307,0,train,2.2286116371630342,1.163716303409501e-05,2.2322814336829366,0.003681433682936497
B1:2.782831:88000,828,869,N=2.782831B,6,92,2.782831,184.549,2.2277,3.0814,88000,0.9999960831872763,0,train,2.227689273616192,-1.0726383807835305e-05,2.230240971387671,0.002540971387670954
B1:2.782831:89000,829,870,N=2.782831B,6,93,2.782831,186.647,2.2269,3.1164,89000,0.9999864120887539,0,train,2.2267797972139936,-0.00012020278600655132,2.2282226074145273,0.001322607414527166
B1:2.782831:90000,830,871,N=2.782831B,6,94,2.782831,188.744,2.2259,3.1515,90000,1.0000139854140564,0,train,2.225883736117183,-1.6263882817391107e-05,2.2262277504717725,0.0003277504717722479
B1:2.782831:91000,831,872,N=2.782831B,6,95,2.782831,190.841,2.2249,3.1865,91000,1.000009570081857,0,train,2.225000327241143,0.00010032724114328317,2.2242549349721723,-0.0006450650278275738
B1:2.782831:92000,832,873,N=2.782831B,6,96,2.782831,192.938,2.224,3.2215,92000,1.0000052507281754,0,train,2.224129255829186,0.00012925582918565937,2.222303679156156,-0.0016963208438443012
B1:2.782831:93000,833,874,N=2.782831B,6,97,2.782831,195.035,2.2232,3.2565,93000,1.0000010242571522,0,train,2.2232702182680355,7.021826803566e-05,2.2203735168882774,-0.0028264831117224
B1:2.782831:94000,834,875,N=2.782831B,6,98,2.782831,197.132,2.2224,3.2915,94000,0.9999968877046583,0,train,2.2224229215785276,2.2921578527679287e-05,2.218463996988819,-0.003936003011181022
B1:2.782831:95000,835,876,N=2.782831B,6,99,2.782831,199.229,2.2217,3.3265,95000,0.9999928382313602,0,train,2.22158708293472,-0.00011291706527982726,2.2165746826007617,-0.00512531739923805
B1:2.782831:96000,836,877,N=2.782831B,6,100,2.782831,201.327,2.2207,3.3616,96000,1.000013654273181,0,train,2.2207620385813365,6.203858133657647e-05,2.214704263716296,-0.0059957362837037564
B1:2.782831:97000,837,878,N=2.782831B,6,101,2.782831,203.424,2.22,3.3966,97000,1.0000095154694515,0,train,2.2199483110635336,-5.168893646656514e-05,2.212854113244779,-0.007145886755221209
B1:2.782831:98000,838,879,N=2.782831B,6,102,2.782831,205.521,2.2191,3.4316,98000,1.0000054611249398,0,train,2.2191452494924886,4.5249492488519394e-05,2.2110229376178197,-0.008077062382180422
B1:2.782831:99000,839,880,N=2.782831B,6,103,2.782831,207.618,2.2184,3.4666,99000,1.00000148868046,0,test,2.2183526073560444,-4.7392643955479485e-05,2.2092103515773367,-0.009189648422663232
B1:2.782831:100000,840,881,N=2.782831B,6,104,2.782831,209.715,2.2178,3.5016,100000,0.9999975956791871,0,test,2.2175701462562243,-0.00022985374377570977,2.20741598148063,-0.010384018519370208
B1:2.782831:101000,841,882,N=2.782831B,6,105,2.782831,211.812,2.2168,3.5366,101000,0.9999937797615892,0,test,2.2167976355641774,-2.3644358226881934e-06,2.2056394648380935,-0.011160535161906626
B1:2.782831:102000,842,883,N=2.782831B,6,106,2.782831,213.91,2.216,3.5717,102000,1.0000133620902378,0,test,2.2160344906289575,3.4490628957328795e-05,2.2038796151695004,-0.01212038483049982
B1:2.782831:103000,843,884,N=2.782831B,6,107,2.782831,216.007,2.2154,3.6067,103000,1.0000094672196909,0,test,2.215281222808733,-0.00011877719126696107,2.202137768506052,-0.013262231493947674
B1:2.782831:104000,844,885,N=2.782831B,6,108,2.782831,218.104,2.2146,3.6417,104000,1.0000056472450058,0,test,2.2145372568380854,-6.274316191445806e-05,2.200412750301468,-0.0141872496985318
B1:2.782831:105000,845,886,N=2.782831B,6,109,2.782831,220.201,2.214,3.6767,105000,1.0000019000264566,0,test,2.2138023900596493,-0.0001976099403506737,2.198704238496051,-0.015295761503948846
B1:2.782831:106000,846,887,N=2.782831B,6,110,2.782831,222.298,2.2131,3.7117,106000,0.9999982235050553,0,test,2.2130764261078255,-2.3573892174333366e-05,2.197011920187816,-0.016088079812183853
B1:2.782831:107000,847,888,N=2.782831B,6,111,2.782831,224.395,2.2123,3.7467,107000,0.9999946156987802,0,test,2.212359174656278,5.9174656278138116e-05,2.195335491288549,-0.016964508711450943
B1:2.782831:108000,848,889,N=2.782831B,6,112,2.782831,226.492,2.2117,3.7817,108000,0.9999910746990128,0,test,2.211650451177817,-4.954882218299872e-05,2.193674656195865,-0.01802534380413512
B1:2.782831:109000,849,890,N=2.782831B,6,113,2.782831,228.59,2.211,3.8168,109000,1.0000094242818576,0,test,2.210949744691005,-5.025530899471775e-05,2.1920283463808192,-0.01897165361918063
B1:2.782831:110000,850,891,N=2.782831B,6,114,2.782831,230.687,2.2103,3.8518,110000,1.0000058130609475,0,test,2.2102575495005228,-4.245049947737556e-05,2.190397851587987,-0.019902148412012988
B1:2.782831:111000,851,892,N=2.782831B,6,115,2.782831,232.784,2.2096,3.8868,111000,1.0000022669023294,0,test,2.2095733611871866,-2.6638812813395418e-05,2.1887821115239645,-0.020817888476035495
B1:2.782831:112000,852,893,N=2.782831B,6,116,2.782831,234.881,2.209,3.9218,112000,0.9999987840633889,0,test,2.2088970162451433,-0.00010298375485673361,2.1871808615438106,-0.021819138456189435
B1:2.782831:113000,853,894,N=2.782831B,6,117,2.782831,236.978,2.2083,3.9568,113000,0.9999953628631932,0,test,2.208228355929321,-7.164407067872247e-05,2.1855938440594627,-0.022706155940537265
B1:2.782831:114000,854,895,N=2.782831B,6,118,2.782831,239.075,2.2077,3.9918,114000,0.9999920016797861,0,test,2.207567226076136,-0.00013277392386390474,2.184020808291045,-0.02367919170895494
B1:2.782831:115000,855,896,N=2.782831B,6,119,2.782831,241.172,2.207,4.0268,115000,0.9999886989476218,0,test,2.206913476932459,-8.65230675408668e-05,2.1824615100290385,-0.024538489970961308
B1:2.782831:116000,856,897,N=2.782831B,6,120,2.782831,243.27,2.2063,4.0619,116000,1.0000059617234218,0,test,2.206266656391474,-3.33436085262484e-05,2.1809149774423244,-0.025385022557675718
B1:2.782831:117000,857,898,N=2.782831B,6,121,2.782831,245.367,2.2056,4.0969,117000,1.0000025961496772,0,test,2.205627239590228,2.7239590227878807e-05,2.1793824529908417,-0.02621754700915835
B1:2.782831:118000,858,899,N=2.782831B,6,122,2.782831,247.464,2.2051,4.1319,118000,0.9999992876154061,0,test,2.20499477904148,-0.00010522095851994706,2.1778629705060024,-0.027237029493997422
B1:2.782831:119000,859,900,N=2.782831B,6,123,2.782831,249.561,2.2043,4.1669,119000,0.9999960346827425,0,test,2.2043691410753774,6.914107537747682e-05,2.1763563098822183,-0.02794369011778164
B1:2.782831:120000,860,901,N=2.782831B,6,124,2.782831,251.658,2.2038,4.2019,120000,0.9999928359617453,0,test,2.2037501956863883,-4.980431361190085e-05,2.174862256539297,-0.028937743460703214
B1:2.782831:121000,861,902,N=2.782831B,6,125,2.782831,253.755,2.2031,4.2369,121000,0.9999896901084193,0,test,2.2031378164033124,3.781640331235181e-05,2.173380601239036,-0.029719398760963855
B1:2.782831:122000,862,903,N=2.782831B,6,126,2.782831,255.853,2.2025,4.272,122000,1.0000060957632817,0,test,2.202531592728879,3.159272887875986e-05,2.1719104420418125,-0.03058955795818763
B1:2.782831:123000,863,904,N=2.782831B,6,127,2.782831,257.95,2.202,4.307,123000,1.0000028932751461,0,test,2.2019319827522867,-6.80172477132146e-05,2.170452981281409,-0.03154701871859089
B1:2.782831:124000,864,905,N=2.782831B,6,128,2.782831,260.047,2.2014,4.342,124000,0.9999997424362705,0,test,2.201338579402133,-6.142059786684584e-05,2.169007321086428,-0.032392678913572226
B1:2.782831:125000,865,906,N=2.782831B,6,129,2.782831,262.144,2.2008,4.377,125000,0.9999966420071636,0,test,2.2007512691546753,-4.873084532475147e-05,2.167573271900267,-0.03322672809973293
B1:2.782831:126000,866,907,N=2.782831B,6,130,2.782831,264.241,2.2001,4.412,126000,0.9999935907876785,0,test,2.200169941449599,6.994144959904247e-05,2.1661506486973265,-0.0339493513026734
B1:2.782831:127000,867,908,N=2.782831B,6,131,2.782831,266.338,2.1997,4.447,127000,0.9999905876154659,0,test,2.199594488589871,-0.00010551141012893339,2.164739270839744,-0.034960729160256054
B1:2.782831:128000,868,909,N=2.782831B,6,132,2.782831,268.435,2.1991,4.4821,128000,1.0000099425566298,0,test,2.1990248056457378,-7.519435426228682e-05,2.1633389619397456,-0.035761038060254435
B1:2.782831:129000,869,910,N=2.782831B,6,133,2.782831,270.533,2.1986,4.5171,129000,1.000003162760883,0,test,2.198460522735784,-0.0001394772642160369,2.1619488897284374,-0.03665111027156254
B1:2.782831:130000,870,911,N=2.782831B,6,134,2.782831,272.63,2.1979,4.5521,130000,1.0000001552734143,0,test,2.1979020780779663,2.078077966150005e-06,2.1605702110008393,-0.03732978899916084
B1:2.782831:131000,871,912,N=2.782831B,6,135,2.782831,274.727,2.1974,4.5871,131000,0.9999971936984425,0,test,2.19734910420233,-5.08957976701474e-05,2.1592020961929164,-0.038197903807083655
B1:2.782831:132000,872,913,N=2.782831B,6,136,2.782831,276.824,2.1968,4.6221,132000,0.9999942769925764,0,test,2.1968015063653357,1.5063653355795736e-06,2.1578443846460016,-0.038955615353998496
B1:2.782831:133000,873,914,N=2.782831B,6,137,2.782831,278.921,2.1964,4.6571,133000,0.9999914041438042,0,test,2.196259192166109,-0.00014080783389092133,2.1564969193387884,-0.03990308066121173
B1:2.782831:134000,874,915,N=2.782831B,6,138,2.782831,281.018,2.1957,4.6922,134000,1.0000098863455542,0,test,2.19572207147142,2.207147141985999e-05,2.1551595467783553,-0.04054045322164468
B1:2.782831:135000,875,916,N=2.782831B,6,139,2.782831,283.116,2.1952,4.7272,135000,1.0000034082922054,0,test,2.1951898038448268,-1.019615517305894e-05,2.153831486229811,-0.04136851377018891
B1:2.782831:136000,876,917,N=2.782831B,6,140,2.782831,285.213,2.1947,4.7622,136000,1.000000531683538,0,test,2.194662810846138,-3.718915386219379e-05,2.1525138569138482,-0.04218614308615187
B1:2.782831:137000,877,918,N=2.782831B,6,141,2.782831,287.31,2.1942,4.7972,137000,0.999997697066089,0,test,2.1941407538117987,-5.9246188201189653e-05,2.151205879938418,-0.042994120061581764
B1:2.782831:138000,878,919,N=2.782831B,6,142,2.782831,289.407,2.1936,4.8322,138000,0.9999949035270711,0,test,2.1936235509867132,2.3550986713249955e-05,2.149907414914195,-0.0436925850858052
B1:2.782831:139000,879,920,N=2.782831B,6,143,2.782831,291.504,2.1931,4.8672,139000,0.9999921501799635,0,test,2.1931111225498032,1.112254980339955e-05,2.1486183244926096,-0.04448167550739024
B1:2.782831:140000,880,921,N=2.782831B,6,144,2.782831,293.601,2.1927,4.9023,140000,1.0000098349526092,0,test,2.192603390554735,-9.66094452650168e-05,2.1473384742786665,-0.04536152572133334
B1:2.782831:141000,881,922,N=2.782831B,6,145,2.782831,295.698,2.192,4.9373,141000,1.0000070147681825,0,test,2.192100278872872,0.00010027887287167303,2.1460677327468574,-0.04593226725314281
B1:2.782831:142000,882,923,N=2.782831B,6,146,2.782831,297.796,2.1916,4.9723,142000,1.0000008762841779,0,test,2.191601476459261,1.476459260629781e-06,2.14480537158364,-0.04679462841636006
B1:2.782831:143000,883,924,N=2.782831B,6,147,2.782831,299.893,2.1911,5.0073,143000,0.9999981581928357,0,test,2.1911073861322268,7.386132226727682e-06,2.143552468107357,-0.04754753189264305
B1:6.86104:64,884,932,N=6.86104B,7,1,6.86104,0.134,4.0512,0.0055,64,0.9970494298095475,0,train,4.050628216626038,-0.0005717833739620204,3.398180464264442,-0.6530195357355577
B1:6.86104:128,885,933,N=6.86104B,7,2,6.86104,0.268,3.6658,0.011,128,0.9970494298095475,0,train,3.666740527610444,0.000940527610444164,3.274418233091145,-0.39138176690885507
B1:6.86104:256,886,934,N=6.86104B,7,3,6.86104,0.537,3.3494,0.0221,256,0.9997163302651072,0,train,3.349780259663613,0.0003802596636126587,3.1503231944456074,-0.19907680555439278
B1:6.86104:512,887,935,N=6.86104B,7,4,6.86104,1.074,3.0899,0.0442,512,0.9997163302651072,0,train,3.089485420433296,-0.00041457956670409857,3.0265609632723103,-0.06333903672768981
B1:6.86104:1000,888,936,N=6.86104B,7,5,6.86104,2.097,2.8818,0.0863,1000,0.9997033871941362,0,train,2.8818503524687005,5.0352468700332054e-05,2.907089213689953,0.02528921368995274
B1:6.86104:2000,889,937,N=6.86104B,7,6,6.86104,4.194,2.7039,0.1727,2000,1.0002825896200886,0,train,2.7040738257417605,0.0001738257417605027,2.7833269825166562,0.07942698251665625
B1:6.86104:3000,890,938,N=6.86104B,7,7,6.86104,6.291,2.6151,0.259,3000,1.000089522144771,0,train,2.614993196969395,-0.00010680303060484064,2.7109307182746947,0.09583071827469469
B1:6.86104:4000,891,939,N=6.86104B,7,8,6.86104,8.389,2.5577,0.3453,4000,0.9998737855237644,0,train,2.5576249426890927,-7.505731090740042e-05,2.659543466112701,0.10184346611270101
B1:6.86104:5000,892,940,N=6.86104B,7,9,6.86104,10.486,2.5161,0.4317,5000,1.000071367983922,0,train,2.5162233251800337,0.00012332518003388415,2.6197051836552143,0.10360518365521454
B1:6.86104:6000,893,941,N=6.86104B,7,10,6.86104,12.583,2.4841,0.518,6000,1.0000100427263379,0,train,2.4842627062960485,0.00016270629604830944,2.587154296665693,0.10305429666569266
B1:6.86104:7000,894,942,N=6.86104B,7,11,6.86104,14.68,2.4586,0.6043,7000,0.9999662377773578,0,train,2.4584836726053183,-0.00011632739468181441,2.5596325415411156,0.10103254154111552
B1:6.86104:8000,895,943,N=6.86104B,7,12,6.86104,16.777,2.4371,0.6906,8000,0.9999333834128699,0,train,2.4370341833566957,-6.581664330429504e-05,2.5357918772375547,0.09869187723755468
B1:6.86104:9000,896,944,N=6.86104B,7,13,6.86104,18.874,2.4187,0.777,9000,1.0000365344621314,0,train,2.4187683055610467,6.830556104686636e-05,2.5147627624436573,0.09606276244365741
B1:6.86104:10000,897,945,N=6.86104B,7,14,6.86104,20.972,2.4032,0.8633,10000,0.9999555385458881,0,train,2.4029242443986885,-0.00027575560131154475,2.4959429524819177,0.09274295248191766
B1:6.86104:11000,898,946,N=6.86104B,7,15,6.86104,23.069,2.3889,0.9497,11000,1.0000379180850891,0,train,2.3889954840418244,9.548404182435632e-05,2.478926757556559,0.09002675755655876
B1:6.86104:12000,899,947,N=6.86104B,7,16,6.86104,25.166,2.3764,1.036,12000,1.0000100427263379,0,train,2.376599803703612,0.00019980370361194488,2.4633920654923958,0.08699206549239591
B1:6.86104:13000,900,948,N=6.86104B,7,17,6.86104,27.263,2.3654,1.1223,13000,0.9999864555697143,0,train,2.3654603226950712,6.032269507105781e-05,2.449101438946759,0.08370143894675897
B1:6.86104:14000,901,949,N=6.86104B,7,18,6.86104,29.36,2.3553,1.2086,14000,0.9999662377773578,0,train,2.3553668405363046,6.684053630445774e-05,2.435870310367819,0.08057031036781881
B1:6.86104:15000,902,950,N=6.86104B,7,19,6.86104,31.457,2.3462,1.295,15000,1.0000259375993825,0,train,2.3461563104901457,-4.368950985433884e-05,2.4235523641886862,0.07735236418868618
B1:6.86104:16000,903,951,N=6.86104B,7,20,6.86104,33.554,2.3377,1.3813,16000,1.000005779400664,0,train,2.3376999170729427,-8.292705722112714e-08,2.4120296460642576,0.07432964606425774
B1:6.86104:17000,904,952,N=6.86104B,7,21,6.86104,35.652,2.3299,1.4677,17000,1.0000280797691694,0,train,2.329890679300253,-9.320699746684369e-06,2.401200667486771,0.07130066748677111
B1:6.86104:18000,905,953,N=6.86104B,7,22,6.86104,37.749,2.3225,1.554,18000,1.0000100427263379,0,train,2.3226518543597527,0.00015185435975295647,2.390995801250434,0.06849580125043442
B1:6.86104:19000,906,954,N=6.86104B,7,23,6.86104,39.846,2.3161,1.6403,19000,0.9999939041766461,0,train,2.315910240549073,-0.00018975945092725155,2.381342783164956,0.06524278316495602
B1:6.86104:20000,907,955,N=6.86104B,7,24,6.86104,41.943,2.3096,1.7266,20000,0.9999793793664912,0,train,2.3096080922488973,8.09224889719573e-06,2.372184978253253,0.06258497825325282
B1:6.86104:21000,908,956,N=6.86104B,7,25,6.86104,44.04,2.3038,1.813,21000,1.0000213961555242,0,train,2.303696845589046,-0.00010315441095398725,2.3634740461258574,0.05967404612585758
B1:6.86104:22000,909,957,N=6.86104B,7,26,6.86104,46.137,2.2982,1.8993,22000,1.000006942142649,0,train,2.2981353012550194,-6.46987449806069e-05,2.3551683963622847,0.05696839636228468
B1:6.86104:23000,910,958,N=6.86104B,7,27,6.86104,48.234,2.2929,1.9856,23000,0.999993744922285,0,train,2.2928882314131984,-1.1768586801519376e-05,2.3472319875033807,0.05433198750338075
B1:6.86104:24000,911,959,N=6.86104B,7,28,6.86104,50.332,2.288,2.072,24000,1.0000100427263379,0,train,2.2879229947643918,-7.700523560805195e-05,2.339629834319099,0.05162983431909929
B1:6.86104:25000,912,960,N=6.86104B,7,29,6.86104,52.429,2.2832,2.1583,25000,0.9999977774408848,0,train,2.283218016922377,1.8016922377128708e-05,2.3323415875555784,0.049141587555578514
B1:6.86104:26000,913,961,N=6.86104B,7,30,6.86104,54.526,2.2788,2.2446,26000,0.9999864555697143,0,train,2.278747934411283,-5.206558871684308e-05,2.325339207773462,0.0465392077734621
B1:6.86104:27000,914,962,N=6.86104B,7,31,6.86104,56.623,2.2746,2.331,27000,1.0000188731489819,0,train,2.2744926400924372,-0.00010735990756272074,2.318601113667859,0.04400111366785886
B1:6.86104:28000,915,963,N=6.86104B,7,32,6.86104,58.72,2.2704,2.4173,28000,1.0000076065609826,0,train,2.270434413529233,3.441352923294616e-05,2.312108079194522,0.04170807919452191
B1:6.86104:29000,916,964,N=6.86104B,7,33,6.86104,60.817,2.2666,2.5036,29000,0.9999971169279479,0,train,2.266557564197892,-4.243580210783193e-05,2.305842902846173,0.039242902846173155
B1:6.86104:30000,917,965,N=6.86104B,7,34,6.86104,62.915,2.2628,2.59,30000,1.000010042726338,0,train,2.2628464072627974,4.6407262797476534e-05,2.2997872950184703,0.03698729501847042
B1:6.86104:31000,918,966,N=6.86104B,7,35,6.86104,65.012,2.2594,2.6763,31000,1.0000001513731873,0,train,2.2592920161237733,-0.00010798387622656946,2.2939330919486407,0.03453309194864085
B1:6.86104:32000,919,967,N=6.86104B,7,36,6.86104,67.109,2.2558,2.7626,32000,0.9999908781835487,0,train,2.25588141569519,8.141569519004577e-05,2.2882647542569554,0.03246475425695561
B1:6.86104:33000,920,968,N=6.86104B,7,37,6.86104,69.206,2.2528,2.849,33000,1.0000172676059924,0,train,2.25260456103985,-0.0001954389601501738,2.2827708421179955,0.02997084211799539
B1:6.86104:34000,921,969,N=6.86104B,7,38,6.86104,71.303,2.2494,2.9353,34000,1.0000080364765356,0,train,2.249452386765783,5.238676578311896e-05,2.277440940414355,0.02804094041435512
B1:6.86104:35000,922,970,N=6.86104B,7,39,6.86104,73.4,2.2463,3.0216,35000,0.9999993328042576,0,train,2.2464166859740455,0.00011668597404534964,2.272265539893893,0.02596553989389294
B1:6.86104:36000,923,971,N=6.86104B,7,40,6.86104,75.497,2.2435,3.1079,36000,0.999991112637305,0,train,2.2434900071444,-9.992855599882944e-06,2.2672359350714375,0.023735935071437453
B1:6.86104:37000,924,972,N=6.86104B,7,41,6.86104,77.595,2.2406,3.1943,37000,1.0000017553798464,0,train,2.2406642423690752,6.424236907509595e-05,2.26234183504123,0.02174183504122995
B1:6.86104:38000,925,973,N=6.86104B,7,42,6.86104,79.692,2.238,3.2806,38000,0.9999939041766461,0,train,2.2379358899504638,-6.411004953621458e-05,2.2575805519916594,0.019580551991659423
B1:6.86104:39000,926,974,N=6.86104B,7,43,6.86104,81.789,2.2352,3.3669,39000,0.9999864555697143,0,train,2.235297911998944,9.79119989441557e-05,2.252942943531501,0.017742943531501076
B1:6.86104:40000,927,975,N=6.86104B,7,44,6.86104,83.886,2.2327,3.4533,40000,1.0000083374163975,0,train,2.232745110329401,4.5110329401243376e-05,2.248422747079956,0.015722747079955912
B1:6.86104:41000,928,976,N=6.86104B,7,45,6.86104,85.983,2.2301,3.5396,41000,1.000000900125118,0,train,2.23027270632058,0.0001727063205798629,2.244014164016304,0.013914164016303854
B1:6.86104:42000,929,977,N=6.86104B,7,46,6.86104,88.08,2.2278,3.6259,42000,0.9999938169664412,0,train,2.2278762977855613,7.629778556150768e-05,2.2397118149525603,0.011911814952560551
B1:6.86104:43000,930,978,N=6.86104B,7,47,6.86104,90.178,2.2253,3.7123,43000,1.0000029117559126,0,train,2.225550729256524,0.0002507292565243624,2.2355087202726183,0.010208720272618432
B1:6.86104:44000,931,979,N=6.86104B,7,48,6.86104,92.275,2.2231,3.7986,44000,0.9999961048959174,0,train,2.223294458135994,0.0001944581359940578,2.2314042301889914,0.00830423018899129
B1:6.86104:45000,932,980,N=6.86104B,7,49,6.86104,94.372,2.2212,3.8849,45000,0.9999896005405934,0,train,2.2211028772732764,-9.712272672368627e-05,2.2273919767704697,0.006191976770469676
B1:6.86104:46000,933,981,N=6.86104B,7,50,6.86104,96.469,2.219,3.9713,46000,1.0000085598496662,0,train,2.2189727550619947,-2.7244938005210884e-05,2.2234679054548536,0.00446790545485376
B1:6.86104:47000,934,982,N=6.86104B,7,51,6.86104,98.566,2.2169,4.0576,47000,1.000002067275567,0,train,2.2169010871657733,1.0871657734057294e-06,2.2196282232875166,0.0027282232875167622
B1:6.86104:48000,935,983,N=6.86104B,7,52,6.86104,100.663,2.2148,4.1439,48000,0.9999958452065768,0,train,2.214885076099124,8.507609912422609e-05,2.2158693768885906,0.0010693768885907673
B1:6.86104:49000,936,984,N=6.86104B,7,53,6.86104,102.76,2.2129,4.2302,49000,0.9999898770822863,0,train,2.212922113025067,2.211302506704982e-05,2.21218803269193,-0.000711967308069994
B1:6.86104:50000,937,985,N=6.86104B,7,54,6.86104,104.858,2.211,4.3166,50000,0.9999977774408848,0,train,2.211008861247576,8.86124757615292e-06,2.2085793563822813,-0.002420643617718543
B1:6.86104:51000,938,986,N=6.86104B,7,55,6.86104,106.955,2.209,4.4029,51000,0.9999920055148651,0,train,2.2091448651358006,0.000144865135800476,2.205043841468198,-0.003956158531801979
B1:6.86104:52000,939,987,N=6.86104B,7,56,6.86104,109.052,2.2074,4.4893,52000,1.0000087309518664,0,train,2.207327067024738,-7.293297526178577e-05,2.2015769766001654,-0.005823023399834426
B1:6.86104:53000,940,988,N=6.86104B,7,57,6.86104,111.149,2.2056,4.5756,53000,1.0000029701635555,0,train,2.205553466029197,-4.6533970802897784e-05,2.1981761464865133,-0.007423853513486733
B1:6.86104:54000,941,989,N=6.86104B,7,58,6.86104,113.246,2.2038,4.6619,54000,0.9999974227227025,0,train,2.2038221836135885,2.2183613588300233e-05,2.194838882494562,-0.008961117505438043
B1:6.86104:55000,942,990,N=6.86104B,7,59,6.86104,115.343,2.2021,4.7482,55000,0.9999920769929795,0,train,2.2021314540080112,3.1454008011078116e-05,2.1915628518858443,-0.010537148114155848
B1:6.86104:56000,943,991,N=6.86104B,7,60,6.86104,117.441,2.2005,4.8346,56000,0.9999990915823418,0,train,2.2004788368435895,-2.1163156410430872e-05,2.188344327667027,-0.012155672332972767
B1:6.86104:57000,944,992,N=6.86104B,7,61,6.86104,119.538,2.1987,4.9209,57000,0.9999939041766459,0,train,2.198864341488333,0.00016434148833299744,2.185184287749698,-0.013515712250302236
B1:6.86104:58000,945,993,N=6.86104B,7,62,6.86104,121.635,2.1973,5.0073,58000,1.0000088666534177,0,train,2.197285694754849,-1.4305245150669776e-05,2.1820792037410217,-0.015220796258978098
B1:6.86104:59000,946,994,N=6.86104B,7,63,6.86104,123.732,2.1957,5.0936,59000,1.0000036894120727,0,train,2.1957415028868743,4.15028868743228e-05,2.1790271968047,-0.016672803195299846
B1:6.86104:60000,947,995,N=6.86104B,7,64,6.86104,125.829,2.1941,5.1799,60000,0.9999986847330955,0,train,2.1942304487777977,0.00013044877779755382,2.1760264828379943,-0.018073517162005892
B1:6.86104:61000,948,996,N=6.86104B,7,65,6.86104,127.926,2.1927,5.2662,61000,0.9999938441304095,0,train,2.192751286560724,5.1286560724062014e-05,2.1730753662080593,-0.01962463379194057
B1:6.86104:62000,949,997,N=6.86104B,7,66,6.86104,130.023,2.1914,5.3526,62000,1.0000078423213379,0,train,2.1913028366619494,-9.71633380504322e-05,2.1701722339975476,-0.021227766002452242
B1:6.86104:63000,950,998,N=6.86104B,7,67,6.86104,132.121,2.1899,5.4389,63000,0.9999954411871952,0,train,2.189883311548293,-1.6688451707214114e-05,2.167314199284006,-0.022585800715994253
B1:6.86104:64000,951,999,N=6.86104B,7,68,6.86104,134.218,2.1884,5.5253,64000,1.0000089769108016,0,train,2.188493003828725,9.300382872501345e-05,2.1645025230836583,-0.02389747691634181
B1:6.86104:65000,952,1000,N=6.86104B,7,69,6.86104,136.315,2.1872,5.6116,65000,1.0000042758754362,0,train,2.1871302235446572,-6.977645534256283e-05,2.1617344372995366,-0.025465562700463185
B1:6.86104:66000,953,1001,N=6.86104B,7,70,6.86104,138.412,2.1859,5.6979,66000,0.9999997172853956,0,train,2.1857940146022026,-0.0001059853977976033,2.159008610944699,-0.026891389055301307
B1:6.86104:67000,954,1002,N=6.86104B,7,71,6.86104,140.509,2.1845,5.7842,67000,0.9999952947629852,0,train,2.1844834679640366,-1.653203596330144e-05,2.156323773077053,-0.028176226922946856
B1:6.86104:68000,955,1003,N=6.86104B,7,72,6.86104,142.606,2.1832,5.8706,68000,1.0000080364765356,0,train,2.1831977186719067,-2.2813280931011093e-06,2.1536787092410585,-0.029521290758941277
B1:6.86104:69000,956,1004,N=6.86104B,7,73,6.86104,144.703,2.1819,5.9569,69000,1.0000036215746662,0,train,2.181935943098178,3.594309817778196e-05,2.1510722581691706,-0.03082774183082959
B1:6.86104:70000,957,1005,N=6.86104B,7,74,6.86104,146.801,2.1807,6.0432,70000,0.9999925208661047,0,train,2.1806967711700493,-3.2288299505189855e-06,2.1485020924362024,-0.03219790756379748
B1:6.86104:71000,958,1006,N=6.86104B,7,75,6.86104,148.898,2.1795,6.1296,71000,1.0000047632176763,0,train,2.17948063549043,-1.9364509570074517e-05,2.145969597882338,-0.03353040211766212
B1:6.86104:72000,959,1007,N=6.86104B,7,76,6.86104,150.995,2.1783,6.2159,72000,1.000000577744506,0,train,2.178286225829243,-1.3774170757319126e-05,2.143472521397075,-0.03482747860292523
B1:6.86104:73000,960,1008,N=6.86104B,7,77,6.86104,153.092,2.1772,6.3022,73000,0.999996506933594,0,train,2.177112860312552,-8.713968744800127e-05,2.1410098859538147,-0.03619011404618533
B1:6.86104:74000,961,1009,N=6.86104B,7,78,6.86104,155.189,2.176,6.3885,74000,0.9999925461368002,0,train,2.17595988743611,-4.011256389002682e-05,2.138580754404259,-0.037419245595740946
B1:6.86104:75000,962,1010,N=6.86104B,7,79,6.86104,157.286,2.1748,6.4749,75000,1.000004135271699,0,train,2.174826684323965,2.668432396513154e-05,2.1361842273372833,-0.03861577266271654
B1:6.86104:76000,963,1011,N=6.86104B,7,80,6.86104,159.384,2.1738,6.5612,76000,0.9999939041766461,0,train,2.1737121283418075,-8.787165819246212e-05,2.1338183208183623,-0.03998167918163764
B1:6.86104:77000,964,1012,N=6.86104B,7,81,6.86104,161.481,2.1726,6.6476,77000,1.0000051746100849,0,train,2.172616711395304,1.671139530401433e-05,2.131484460113686,-0.04111553988631389
B1:6.86104:78000,965,1013,N=6.86104B,7,82,6.86104,163.578,2.1717,6.7339,78000,1.0000013058244825,0,train,2.171539351450604,-0.00016064854939612516,2.129180712358204,-0.04251928764179613
B1:6.86104:79000,966,1014,N=6.86104B,7,83,6.86104,165.675,2.1704,6.8202,79000,0.9999975349757252,0,train,2.170479525028759,7.952502875907541e-05,2.126906310367417,-0.04349368963258282
B1:6.86104:80000,967,1015,N=6.86104B,7,84,6.86104,167.772,2.1696,6.9065,80000,0.9999938583914444,0,train,2.169436730209128,-0.00016326979087200044,2.124660515906659,-0.04493948409334081
B1:6.86104:81000,968,1016,N=6.86104B,7,85,6.86104,169.869,2.1684,6.9929,81000,1.0000045728647955,0,train,2.16841048548521,1.04854852098768e-05,2.1224426182526006,-0.045957381747399495
B1:6.86104:82000,969,1017,N=6.86104B,7,86,6.86104,171.966,2.1673,7.0792,82000,1.000000900125118,0,train,2.1674003286944785,0.00010032869447851311,2.1202519328430074,-0.04704806715699261
B1:6.86104:83000,970,1018,N=6.86104B,7,87,6.86104,174.064,2.1664,7.1656,83000,1.000005526523788,0,train,2.1664053454250074,5.345425007519111e-06,2.118086774226609,-0.04831322577339092
B1:6.86104:84000,971,1019,N=6.86104B,7,88,6.86104,176.161,2.1654,7.2519,84000,1.0000019298924432,0,train,2.1654260576010524,2.6057601052453805e-05,2.11594857020836,-0.04945142979163997
B1:6.86104:85000,972,1020,N=6.86104B,7,89,6.86104,178.258,2.1645,7.3382,85000,0.999998417881547,0,train,2.1644615773884324,-3.8422611567501264e-05,2.113835669117444,-0.05066433088255584
B1:6.86104:86000,973,1021,N=6.86104B,7,90,6.86104,180.355,2.1635,7.4245,86000,0.9999949875394357,0,train,2.163511510599184,1.151059918402808e-05,2.1117474790949533,-0.05175252090504667
B1:6.86104:87000,974,1022,N=6.86104B,7,91,6.86104,182.452,2.1625,7.5109,87000,1.0000049500997275,0,train,2.162575477967407,7.547796740681179e-05,2.1096834288083373,-0.05281657119166283
B1:6.86104:88000,975,1023,N=6.86104B,7,92,6.86104,184.549,2.1616,7.5972,88000,1.0000015234899216,0,train,2.161653114420565,5.311442056488147e-05,2.1076429665130716,-0.053957033486928374
B1:6.86104:89000,976,1024,N=6.86104B,7,93,6.86104,186.647,2.1609,7.6836,89000,1.0000058309882405,0,train,2.1607436380183658,-0.00015636198163404558,2.105624602539928,-0.05527539746007193
B1:6.86104:90000,977,1025,N=6.86104B,7,94,6.86104,188.744,2.16,7.7699,90000,1.0000024707509017,0,train,2.1598475769215555,-0.0001524230784446523,2.103629745597173,-0.05637025440282706
B1:6.86104:91000,978,1026,N=6.86104B,7,95,6.86104,190.841,2.159,7.8562,91000,0.9999991843595156,0,train,2.1589641680455154,-3.583195448442211e-05,2.101656930097573,-0.05734306990242688
B1:6.86104:92000,979,1027,N=6.86104B,7,96,6.86104,192.938,2.1581,7.9425,92000,0.9999959694062364,0,train,2.158093096633558,-6.903366442045922e-06,2.0997056742815565,-0.05839432571844361
B1:6.86104:93000,980,1028,N=6.86104B,7,97,6.86104,195.035,2.1572,8.0289,93000,1.0000052786588098,0,train,2.1572340590724077,3.405907240772166e-05,2.097775512013678,-0.05942448798632194
B1:6.86104:94000,981,1029,N=6.86104B,7,98,6.86104,197.132,2.1564,8.1152,94000,1.000002067275567,0,train,2.1563867623829003,-1.3237617099814969e-05,2.0958659921142195,-0.06053400788578056
B1:6.86104:95000,982,1030,N=6.86104B,7,99,6.86104,199.229,2.1555,8.2015,95000,0.9999989234956416,0,train,2.1555509237390926,5.092373909265646e-05,2.0939766777261624,-0.06152332227383761
B1:6.86104:96000,983,1031,N=6.86104B,7,100,6.86104,201.327,2.1547,8.2879,96000,1.0000029440017173,0,train,2.1547258793857087,2.5879385708638125e-05,2.0921062588416968,-0.0625937411583033
B1:6.86104:97000,984,1032,N=6.86104B,7,101,6.86104,203.424,2.1538,8.3742,97000,0.9999998560149236,0,train,2.153912151867906,0.00011215186790591858,2.0902561083701796,-0.06354389162982033
B1:6.86104:98000,985,1033,N=6.86104B,7,102,6.86104,205.521,2.1531,8.4605,98000,0.9999968310436692,0,train,2.1531090902968613,9.090296861469227e-06,2.0884249327432203,-0.06467506725677952
B1:6.86104:99000,986,1034,N=6.86104B,7,103,6.86104,207.618,2.1524,8.5469,99000,1.0000055673922612,0,test,2.152316448160417,-8.355183958297374e-05,2.0866123467027373,-0.06578765329726277
B1:6.86104:100000,987,1035,N=6.86104B,7,104,6.86104,209.715,2.1515,8.6332,100000,1.0000025458064161,0,test,2.151533987060597,3.3987060596984975e-05,2.0848179766060304,-0.06668202339396956
B1:6.86104:101000,988,1036,N=6.86104B,7,105,6.86104,211.812,2.1509,8.7195,101000,0.9999995840497171,0,test,2.15076147636855,-0.0001385236314499494,2.083041459963494,-0.06785854003650593
B1:6.86104:102000,989,1037,N=6.86104B,7,106,6.86104,213.91,2.1499,8.8059,102000,1.0000033615757058,0,test,2.14999833143333,9.833143333004557e-05,2.081281610294901,-0.06861838970509915
B1:6.86104:103000,990,1038,N=6.86104B,7,107,6.86104,216.007,2.1491,8.8922,103000,1.0000004494187935,0,test,2.149245063613105,0.0001450636131052896,2.0795397636314528,-0.06956023636854702
B1:6.86104:104000,991,1039,N=6.86104B,7,108,6.86104,218.104,2.1485,8.9785,104000,0.9999975932607904,0,test,2.1485010976424577,1.0976424578146293e-06,2.0778147454268687,-0.07068525457313113
B1:6.86104:105000,992,1040,N=6.86104B,7,109,6.86104,220.201,2.1478,9.0648,105000,0.9999947915018439,0,test,2.147766230864022,-3.376913597818998e-05,2.0761062336214517,-0.07169376637854841
B1:6.86104:106000,993,1041,N=6.86104B,7,110,6.86104,222.298,2.1472,9.1512,106000,1.0000029701635555,0,test,2.147040266912198,-0.00015973308780203865,2.0744139153132166,-0.0727860846867836
B1:6.86104:107000,994,1042,N=6.86104B,7,111,6.86104,224.395,2.1463,9.2375,107000,1.0000001705223567,0,test,2.1463230154606507,2.301546065064386e-05,2.0727374864139496,-0.07356251358605048
B1:6.86104:108000,995,1043,N=6.86104B,7,112,6.86104,226.492,2.1457,9.3238,108000,0.9999974227227025,0,test,2.1456142919821897,-8.570801781049298e-05,2.0710766513212655,-0.07462334867873466
B1:6.86104:109000,996,1044,N=6.86104B,7,113,6.86104,228.59,2.1449,9.4102,109000,1.0000009774934635,0,test,2.1449135854953774,1.3585495377554935e-05,2.06943034150622,-0.07546965849377996
B1:6.86104:110000,997,1045,N=6.86104B,7,114,6.86104,230.687,2.1442,9.4965,110000,0.9999982723264724,0,test,2.1442213903048954,2.1390304895341217e-05,2.067799846713388,-0.07640015328661232
B1:6.86104:111000,998,1046,N=6.86104B,7,115,6.86104,232.784,2.1436,9.5828,111000,0.9999956158976694,0,test,2.143537201991559,-6.279800844133376e-05,2.066184106649365,-0.07741589335063503
B1:6.86104:112000,999,1047,N=6.86104B,7,116,6.86104,234.881,2.1429,9.6692,112000,1.000003349053536,0,test,2.142860857049516,-3.9142950484016836e-05,2.0645828566692113,-0.07831714333078876
B1:6.86104:113000,1000,1048,N=6.86104B,7,117,6.86104,236.978,2.1421,9.7555,113000,1.0000006947142337,0,test,2.1421921967336934,9.219673369331716e-05,2.0629958391848633,-0.07910416081513683
B1:6.86104:114000,1001,1049,N=6.86104B,7,118,6.86104,239.075,2.1416,9.8418,114000,0.9999980869389765,0,test,2.1415310668805083,-6.893311949163206e-05,2.0614228034164457,-0.08017719658355427
B1:6.86104:115000,1002,1050,N=6.86104B,7,119,6.86104,241.172,2.141,9.9281,115000,0.9999955245131356,0,test,2.140877317736831,-0.00012268226316880515,2.059863505154439,-0.08113649484556085
B1:6.86104:116000,1003,1051,N=6.86104B,7,120,6.86104,243.27,2.1402,10.0145,116000,0.9999988811435955,0,test,2.140230497195846,3.0497195846024283e-05,2.058316972567725,-0.08188302743227505
B1:6.86104:117000,1004,1052,N=6.86104B,7,121,6.86104,245.367,2.1396,10.1008,117000,0.9999963557395599,0,test,2.1395910803946006,-8.919605399615449e-06,2.0567844481162423,-0.08281555188375789
B1:6.86104:118000,1005,1053,N=6.86104B,7,122,6.86104,247.464,2.139,10.1872,118000,1.0000036894120727,0,test,2.1389586198458526,-4.1380154147230286e-05,2.055264965631403,-0.08373503436859675
B1:6.86104:119000,1006,1054,N=6.86104B,7,123,6.86104,249.561,2.1384,10.2735,119000,1.0000011660460377,0,test,2.1383329818797496,-6.701812025022846e-05,2.053758305007619,-0.08464169499238094
B1:6.86104:120000,1007,1055,N=6.86104B,7,124,6.86104,251.658,2.1377,10.3598,120000,0.9999986847330955,0,test,2.1377140364907605,1.4036490760371834e-05,2.0522642516646976,-0.08543574833530254
B1:6.86104:121000,1008,1056,N=6.86104B,7,125,6.86104,253.755,2.1371,10.4461,121000,0.9999962444306808,0,test,2.1371016572076846,1.6572076844134642e-06,2.050782596364437,-0.0863174036355634
B1:6.86104:122000,1009,1057,N=6.86104B,7,126,6.86104,255.853,2.1365,10.5325,122000,0.999999430076755,0,test,2.136495433533251,-4.566466748734399e-06,2.049312437167213,-0.08718756283278672
B1:6.86104:123000,1010,1058,N=6.86104B,7,127,6.86104,257.95,2.136,10.6188,123000,0.999997023401334,0,test,2.135895823556659,-0.00010417644334115295,2.0478549764068097,-0.08814502359319043
B1:6.86104:124000,1011,1059,N=6.86104B,7,128,6.86104,260.047,2.1353,10.7052,124000,1.0000039968324748,0,test,2.1353024202065054,2.4202065054268473e-06,2.0464093162118284,-0.08889068378817155
B1:6.86104:125000,1012,1060,N=6.86104B,7,129,6.86104,262.144,2.1347,10.7915,125000,1.0000015921296719,0,test,2.134715109959048,1.5109959047965305e-05,2.044975267025668,-0.08972473297433226
B1:6.86104:126000,1013,1061,N=6.86104B,7,130,6.86104,264.241,2.1342,10.8778,126000,0.9999992255940102,0,test,2.134133782253971,-6.621774602866282e-05,2.043552643822727,-0.09064735617727271
B1:6.86104:127000,1014,1062,N=6.86104B,7,131,6.86104,266.338,2.1334,10.9641,127000,0.9999968963239678,0,test,2.1335583293942433,0.00015832939424331727,2.0421412659651446,-0.0912587340348554
B1:6.86104:128000,1015,1063,N=6.86104B,7,132,6.86104,268.435,2.1331,11.0505,128000,1.0000036528435319,0,test,2.1329886464501104,-0.00011135354988978108,2.0407409570651462,-0.09235904293485397
B1:6.86104:129000,1016,1064,N=6.86104B,7,133,6.86104,270.533,2.1323,11.1368,129000,0.9999976289546915,0,test,2.132424363540156,0.00012436354015621376,2.039350884853838,-0.09294911514616189
B1:6.86104:130000,1017,1065,N=6.86104B,7,134,6.86104,272.63,2.1318,11.2232,130000,1.0000042758754362,0,test,2.1318659188823386,6.591888233842269e-05,2.03797220612624,-0.09382779387376017
B1:6.86104:131000,1018,1066,N=6.86104B,7,135,6.86104,274.727,2.1312,11.3095,131000,1.000001979182484,0,test,2.1313129450067025,0.00011294500670233631,2.036604091318317,-0.09459590868168322
B1:6.86104:132000,1019,1067,N=6.86104B,7,136,6.86104,276.824,2.1307,11.3958,132000,0.9999997172853956,0,test,2.1307653471697083,6.534716970829635e-05,2.035246379771402,-0.09545362022859782
B1:6.86104:133000,1020,1068,N=6.86104B,7,137,6.86104,278.921,2.1303,11.4821,133000,0.9999974893993584,0,test,2.130223032970482,-7.696702951820455e-05,2.033898914464189,-0.09640108553581106
B1:6.86104:134000,1021,1069,N=6.86104B,7,138,6.86104,281.018,2.1297,11.5685,134000,1.000003938960063,0,test,2.129685912275792,-1.4087724208078356e-05,2.032561541903756,-0.09713845809624422
B1:6.86104:135000,1022,1070,N=6.86104B,7,139,6.86104,283.116,2.1292,11.6548,135000,0.999998180680799,0,test,2.1291536446491994,-4.63553508005532e-05,2.0312334813552115,-0.09796651864478845
B1:6.86104:136000,1023,1071,N=6.86104B,7,140,6.86104,285.213,2.1286,11.7411,136000,0.9999960132412309,0,test,2.12862665165051,2.6651650510078895e-05,2.029915852039249,-0.0986841479607512
B1:6.86104:137000,1024,1072,N=6.86104B,7,141,6.86104,287.31,2.1281,11.8275,137000,1.0000023323326432,0,test,2.128104594616171,4.5946161710830324e-06,2.028607875063819,-0.09949212493618109
B1:6.86104:138000,1025,1073,N=6.86104B,7,142,6.86104,289.407,2.1276,11.9138,138000,1.000000166220713,0,test,2.127587391791086,-1.2608208914244301e-05,2.0273094100395954,-0.10029058996040474
B1:6.86104:139000,1026,1074,N=6.86104B,7,143,6.86104,291.504,2.127,12.0001,139000,0.9999980312736152,0,test,2.1270749633541755,7.496335417567224e-05,2.02602031961801,-0.10097968038198957
B1:6.86104:140000,1027,1075,N=6.86104B,7,144,6.86104,293.601,2.1266,12.0864,140000,0.9999959268235805,0,test,2.1265672313591075,-3.276864089230003e-05,2.024740469404067,-0.10185953059593267
B1:6.86104:141000,1028,1076,N=6.86104B,7,145,6.86104,295.698,2.126,12.1728,141000,1.0000020672755672,0,test,2.126064119677244,6.411967724417877e-05,2.023469727872258,-0.1025302721277419
B1:6.86104:142000,1029,1077,N=6.86104B,7,146,6.86104,297.796,2.1255,12.2591,142000,0.999996606039694,0,test,2.125565317263633,6.531726363290247e-05,2.0222073667090408,-0.10329263329095939
B1:6.86104:143000,1030,1078,N=6.86104B,7,147,6.86104,299.893,2.125,12.3455,143000,1.0000026558476431,0,test,2.125071226936599,7.122693659900037e-05,2.0209544632327576,-0.10404553676724237
B1:11.965825:64,1031,1086,N=11.965825B,8,1,11.965825,0.134,4.0188,0.0096,64,0.9978667168759934,0,train,4.018941514285085,0.00014151428508490937,3.322616180238249,-0.6961838197617509
B1:11.965825:128,1032,1087,N=11.965825B,8,2,11.965825,0.268,3.6351,0.0192,128,0.9978667168759934,0,train,3.6350538252694915,-4.6174730508496964e-05,3.1988539490649517,-0.4362460509350483
B1:11.965825:256,1033,1088,N=11.965825B,8,3,11.965825,0.537,3.3185,0.0386,256,1.0011960363069112,0,train,3.31809355732266,-0.00040644267733958017,3.074758910419414,-0.2437410895805856
B1:11.965825:512,1034,1089,N=11.965825B,8,4,11.965825,1.074,3.058,0.0771,512,0.9998991502495188,0,train,3.0577987180923434,-0.0002012819076564476,2.950996679246117,-0.10700332075388275
B1:11.965825:1000,1035,1090,N=11.965825B,8,5,11.965825,2.097,2.8502,0.1506,1000,1.000305470773938,0,train,2.850163650127748,-3.6349872252205984e-05,2.8315249296637597,-0.018675070336240385
B1:11.965825:2000,1036,1091,N=11.965825B,8,6,11.965825,4.194,2.6724,0.3011,2000,0.9999733640439332,0,train,2.672387123400808,-1.2876599192246374e-05,2.707762698490463,0.03536269849046292
B1:11.965825:3000,1037,1092,N=11.965825B,8,7,11.965825,6.291,2.5833,0.4517,3000,1.000084066287268,0,train,2.5833064946284425,6.494628442599293e-06,2.6353664342485015,0.05206643424850155
B1:11.965825:4000,1038,1093,N=11.965825B,8,8,11.965825,8.389,2.5261,0.6023,4000,1.0000201970707059,0,train,2.52593824034814,-0.00016175965185993846,2.583979182086508,0.057879182086507885
B1:11.965825:5000,1039,1094,N=11.965825B,8,9,11.965825,10.486,2.4845,0.7528,5000,0.9999444163468874,0,train,2.4845366228390815,3.6622839081346115e-05,2.544140899629021,0.05964089962902097
B1:11.965825:6000,1040,1095,N=11.965825B,8,10,11.965825,12.583,2.4527,0.9034,6000,1.0000045873024246,0,train,2.452576003955096,-0.00012399604490420657,2.5115900126394997,0.058890012639499556
B1:11.965825:7000,1041,1096,N=11.965825B,8,11,11.965825,14.68,2.4268,1.0539,7000,0.9999526865540679,0,train,2.4267969702643657,-3.0297356343744752e-06,2.4840682575149224,0.05726825751492237
B1:11.965825:8000,1042,1097,N=11.965825B,8,12,11.965825,16.777,2.4053,1.2045,8000,0.9999967819530704,0,train,2.405347481015743,4.7481015743144894e-05,2.4602275932113615,0.054927593211361536
B1:11.965825:9000,1043,1098,N=11.965825B,8,13,11.965825,18.874,2.3868,1.3551,9000,1.0000310788936957,0,train,2.387081603220094,0.00028160322009407324,2.439198478417464,0.052398478417464034
B1:11.965825:10000,1044,1099,N=11.965825B,8,14,11.965825,20.972,2.3713,1.5057,10000,1.0000108313586,0,train,2.3712375420577363,-6.245794226389378e-05,2.4203786684557245,0.049078668455724284
B1:11.965825:11000,1045,1100,N=11.965825B,8,15,11.965825,23.069,2.3573,1.6562,11000,0.9999772366309708,0,train,2.3573087817008718,8.781700871818288e-06,2.4033624735303656,0.04606247353036563
B1:11.965825:12000,1046,1101,N=11.965825B,8,16,11.965825,25.166,2.345,1.8068,12000,1.0000045873024246,0,train,2.3449131013626596,-8.689863734057113e-05,2.3878277814662026,0.042827781466202364
B1:11.965825:13000,1047,1102,N=11.965825B,8,17,11.965825,27.263,2.3334,1.9573,13000,0.9999766408920561,0,train,2.3337736203541186,0.0003736203541184757,2.373537154920566,0.0401371549205658
B1:11.965825:14000,1048,1103,N=11.965825B,8,18,11.965825,29.36,2.3239,2.1079,14000,1.0000001271407721,0,train,2.323680138195352,-0.00021986180464805827,2.360306026341626,0.03640602634162571
B1:11.965825:15000,1049,1104,N=11.965825B,8,19,11.965825,31.457,2.3144,2.2585,15000,1.0000204820887568,0,train,2.314469608149193,6.96081491931011e-05,2.347988080162493,0.03358808016249304
B1:11.965825:16000,1050,1105,N=11.965825B,8,20,11.965825,33.554,2.3061,2.409,16000,0.9999967819530704,0,train,2.30601321473199,-8.678526800975916e-05,2.3364653620380644,0.030365362038064614
B1:11.965825:17000,1051,1106,N=11.965825B,8,21,11.965825,35.652,2.2981,2.5596,17000,0.9999868897640041,0,train,2.298203976959301,0.00010397695930119966,2.3256363834605778,0.027536383460577962
B1:11.965825:18000,1052,1107,N=11.965825B,8,22,11.965825,37.749,2.291,2.7102,18000,1.0000045873024244,0,train,2.2909651520188,-3.48479811997926e-05,2.315431517224241,0.024431517224241084
B1:11.965825:19000,1053,1108,N=11.965825B,8,23,11.965825,39.846,2.2841,2.8607,19000,0.9999854661111914,0,train,2.28422353820812,0.00012353820812016636,2.305778499138763,0.021678499138762852
B1:11.965825:20000,1054,1109,N=11.965825B,8,24,11.965825,41.943,2.2778,3.0113,20000,1.0000014651999019,0,train,2.277921389907945,0.00012138990794507976,2.2966206942270597,0.018820694227059676
B1:11.965825:21000,1055,1110,N=11.965825B,8,25,11.965825,44.04,2.2722,3.1618,21000,0.9999843136118708,0,train,2.2720101432480937,-0.0001898567519065253,2.2879097620996642,0.015709762099664015
B1:11.965825:22000,1056,1111,N=11.965825B,8,26,11.965825,46.137,2.2664,3.3124,22000,0.9999989107154721,0,train,2.2664485989140672,4.859891406727712e-05,2.2796041123360915,0.013204112336091534
B1:11.965825:23000,1057,1112,N=11.965825B,8,27,11.965825,48.234,2.2612,3.463,23000,1.000012238584664,0,train,2.2612015290722463,1.5290722461536177e-06,2.2716677034771875,0.010467703477187396
B1:11.965825:24000,1058,1113,N=11.965825B,8,28,11.965825,50.332,2.2563,3.6136,24000,1.0000045873024246,0,train,2.256236292423439,-6.370757656082304e-05,2.264065550292906,0.007765550292905932
B1:11.965825:25000,1059,1114,N=11.965825B,8,29,11.965825,52.429,2.2516,3.7641,25000,0.9999900552116756,0,train,2.251531314581425,-6.868541857496524e-05,2.256777303529385,0.005177303529385391
B1:11.965825:26000,1060,1115,N=11.965825B,8,30,11.965825,54.526,2.2471,3.9147,26000,1.0000021856895038,0,train,2.247061232070331,-3.876792966917009e-05,2.249774923747269,0.0026749237472687426
B1:11.965825:27000,1061,1116,N=11.965825B,8,31,11.965825,56.623,2.2428,4.0652,27000,0.9999888189162214,0,train,2.242805937751485,5.9377514851632895e-06,2.2430368296416656,0.00023682964166571452
B1:11.965825:28000,1062,1117,N=11.965825B,8,32,11.965825,58.72,2.239,4.2158,28000,1.0000001271407721,0,train,2.2387477111882803,-0.00025228881171956985,2.2365437951683287,-0.0024562048316711937
B1:11.965825:29000,1063,1118,N=11.965825B,8,33,11.965825,60.817,2.2349,4.3664,29000,1.0000106555390613,0,train,2.2348708618569395,-2.9138143060603028e-05,2.23027861881998,-0.004621381180020201
B1:11.965825:30000,1064,1119,N=11.965825B,8,34,11.965825,62.915,2.2312,4.517,30000,1.0000045873024246,0,train,2.2311597049218452,-4.0295078154617414e-05,2.224223010992277,-0.0069769890077227
B1:11.965825:31000,1065,1120,N=11.965825B,8,35,11.965825,65.012,2.2277,4.6675,31000,0.9999928678816119,0,train,2.227605313782821,-9.468621717889647e-05,2.2183688079224475,-0.009331192077552508
B1:11.965825:32000,1066,1121,N=11.965825B,8,36,11.965825,67.109,2.2243,4.8181,32000,1.0000026359941634,0,train,2.2241947133542377,-0.00010528664576225921,2.212700470230762,-0.011599529769237726
B1:11.965825:33000,1067,1122,N=11.965825B,8,37,11.965825,69.206,2.221,4.9686,33000,0.9999916859162444,0,train,2.220917858698898,-8.214130110228979e-05,2.2072065580918023,-0.013793441908197757
B1:11.965825:34000,1068,1123,N=11.965825B,8,38,11.965825,71.303,2.2178,5.1192,34000,1.0000009142354818,0,train,2.217765684424831,-3.431557516897499e-05,2.201876656388162,-0.015923343611838003
B1:11.965825:35000,1069,1124,N=11.965825B,8,39,11.965825,73.4,2.2146,5.2697,35000,0.9999906390234312,0,train,2.214729983633093,0.00012998363309302263,2.1967012558677,-0.01789874413229997
B1:11.965825:36000,1070,1125,N=11.965825B,8,40,11.965825,75.497,2.2119,5.4203,36000,0.9999993837706506,0,train,2.211803304803448,-9.669519655197689e-05,2.1916716510452443,-0.02022834895475567
B1:11.965825:37000,1071,1126,N=11.965825B,8,41,11.965825,77.595,2.2089,5.5709,37000,0.999994768332312,0,train,2.208977540028123,7.754002812321303e-05,2.186777551015037,-0.02212244898496296
B1:11.965825:38000,1072,1127,N=11.965825B,8,42,11.965825,79.692,2.2063,5.7215,38000,1.0000029440967564,0,train,2.2062491876095116,-5.081239048854158e-05,2.182016267965466,-0.024283732034533934
B1:11.965825:39000,1073,1128,N=11.965825B,8,43,11.965825,81.789,2.2035,5.872,39000,0.9999936707570213,0,train,2.203611209657992,0.00011120965799182869,2.1773786595053077,-0.02612134049469228
B1:11.965825:40000,1074,1129,N=11.965825B,8,44,11.965825,83.886,2.201,6.0226,40000,1.0000014651999019,0,train,2.201058407988449,5.840798844891637e-05,2.1728584630537626,-0.028141536946237444
B1:11.965825:41000,1075,1130,N=11.965825B,8,45,11.965825,85.983,2.1986,6.1731,41000,0.9999926802547744,0,train,2.198586003979628,-1.3996020371997986e-05,2.168449879990111,-0.030150120009889037
B1:11.965825:42000,1076,1131,N=11.965825B,8,46,11.965825,88.08,2.1962,6.3237,42000,1.0000001271407721,0,train,2.196189595444609,-1.0404555391030357e-05,2.164147530926367,-0.032052469073633016
B1:11.965825:43000,1077,1132,N=11.965825B,8,47,11.965825,90.178,2.1939,6.4743,43000,0.9999961384236973,0,train,2.193864026915572,-3.597308442815361e-05,2.159944436246425,-0.03395556375357511
B1:11.965825:44000,1078,1133,N=11.965825B,8,48,11.965825,92.275,2.1917,6.6249,44000,1.000003168171066,0,train,2.1916077557950415,-9.22442049584582e-05,2.155839946162798,-0.03586005383720181
B1:11.965825:45000,1079,1134,N=11.965825B,8,49,11.965825,94.372,2.1894,6.7754,45000,0.9999951263041201,0,train,2.1894161749323238,1.6174932323753666e-05,2.1518276927442765,-0.03757230725572347
B1:11.965825:46000,1080,1135,N=11.965825B,8,50,11.965825,96.469,2.1873,6.926,46000,1.0000018724334798,0,train,2.1872860527210425,-1.394727895753789e-05,2.1479036214286604,-0.039396378571339596
B1:11.965825:47000,1081,1136,N=11.965825B,8,51,11.965825,98.566,2.1853,7.0765,47000,0.999994200316262,0,train,2.185214384824821,-8.561517517868822e-05,2.1440639392613234,-0.04123606073867636
B1:11.965825:48000,1082,1137,N=11.965825B,8,52,11.965825,100.663,2.1833,7.2271,48000,1.0000006846665173,0,train,2.183198373758172,-0.00010162624182807889,2.1403050928623975,-0.04299490713760257
B1:11.965825:49000,1083,1138,N=11.965825B,8,53,11.965825,102.76,2.1811,7.3776,49000,0.9999933499141002,0,train,2.1812354106841143,0.00013541068411448975,2.1366237486657367,-0.04447625133426314
B1:11.965825:50000,1084,1139,N=11.965825B,8,54,11.965825,104.858,2.1794,7.5283,50000,1.0000033384673703,0,train,2.179322158906624,-7.784109337594103e-05,2.133015072356088,-0.046384927643911666
B1:11.965825:51000,1085,1140,N=11.965825B,8,55,11.965825,106.955,2.1775,7.6788,51000,0.9999962393679476,0,train,2.1774581627948484,-4.183720515182898e-05,2.129479557442005,-0.04802044255799531
B1:11.965825:52000,1086,1141,N=11.965825B,8,56,11.965825,109.052,2.1756,7.8294,52000,1.0000021856895038,0,train,2.1756403646837854,4.0364683785210076e-05,2.126012692573972,-0.049587307426028016
B1:11.965825:53000,1087,1142,N=11.965825B,8,57,11.965825,111.149,2.174,7.9799,53000,0.9999953762103041,0,train,2.1738667636882445,-0.00013323631175543582,2.12261186246032,-0.05138813753967986
B1:11.965825:54000,1088,1143,N=11.965825B,8,58,11.965825,113.246,2.1721,8.1305,54000,1.0000011182965582,0,train,2.172135481272636,3.548127263597323e-05,2.119274598468369,-0.052825401531630956
B1:11.965825:55000,1089,1144,N=11.965825B,8,59,11.965825,115.343,2.1704,8.281,55000,0.9999945758234079,0,train,2.170444751667059,4.47516670591952e-05,2.115998567859651,-0.05440143214034876
B1:11.965825:56000,1090,1145,N=11.965825B,8,60,11.965825,117.441,2.1688,8.4317,56000,1.0000034722715059,0,train,2.168792134502637,-7.865497363201968e-06,2.112780043640834,-0.05601995635916612
B1:11.965825:57000,1091,1146,N=11.965825B,8,61,11.965825,119.538,2.1672,8.5822,57000,0.9999971181015681,0,train,2.1671776391473805,-2.2360852619307536e-05,2.1096200037235047,-0.05757999627649513
B1:11.965825:58000,1092,1147,N=11.965825B,8,62,11.965825,121.635,2.1655,8.7328,58000,1.0000024341335814,0,train,2.165598992413897,9.899241389677016e-05,2.1065149197148285,-0.05898508028517169
B1:11.965825:59000,1093,1148,N=11.965825B,8,63,11.965825,123.732,2.1639,8.8833,59000,0.9999963129378455,0,train,2.164054800545922,0.00015480054592220682,2.103462912778507,-0.06043708722149299
B1:11.965825:60000,1094,1149,N=11.965825B,8,64,11.965825,125.829,2.1627,9.0339,60000,1.0000014651999019,0,train,2.162543746436845,-0.0001562535631549622,2.100462198811801,-0.06223780118819899
B1:11.965825:61000,1095,1150,N=11.965825B,8,65,11.965825,127.926,2.161,9.1844,61000,0.9999955605680295,0,train,2.1610645842197713,6.458421977129092e-05,2.097511082181866,-0.06348891781813393
B1:11.965825:62000,1096,1151,N=11.965825B,8,66,11.965825,130.023,2.1595,9.335,62000,1.0000005587737455,0,train,2.159616134320997,0.00011613432099721877,2.0946079499713544,-0.06489205002864562
B1:11.965825:63000,1097,1152,N=11.965825B,8,67,11.965825,132.121,2.158,9.4856,63000,0.9999978294567224,0,train,2.158196609207341,0.00019660920734088094,2.0917499152578127,-0.06625008474218719
B1:11.965825:64000,1098,1153,N=11.965825B,8,68,11.965825,134.218,2.1568,9.6362,64000,1.0000026359941634,0,train,2.156806301487773,6.301487772919501e-06,2.088938239057465,-0.06786176094253493
B1:11.965825:65000,1099,1154,N=11.965825B,8,69,11.965825,136.315,2.1553,9.7867,65000,0.9999970767300143,0,train,2.1554435212037046,0.00014352120370464405,2.0861701532733434,-0.06912984672665656
B1:11.965825:66000,1100,1155,N=11.965825B,8,70,11.965825,138.412,2.1542,9.9373,66000,1.0000017490294546,0,train,2.15410731226125,-9.26877387499303e-05,2.0834443269185057,-0.07075567308149422
B1:11.965825:67000,1101,1156,N=11.965825B,8,71,11.965825,140.509,2.1529,10.0878,67000,0.9999963689390158,0,train,2.1527967656230844,-0.00010323437691539539,2.08075948905086,-0.07214051094913998
B1:11.965825:68000,1102,1157,N=11.965825B,8,72,11.965825,142.606,2.1515,10.2384,68000,1.0000009142354818,0,train,2.1515110163309545,1.1016330954571885e-05,2.0781144252148653,-0.07338557478513463
B1:11.965825:69000,1103,1158,N=11.965825B,8,73,11.965825,144.703,2.1504,10.3889,69000,0.9999957021765438,0,train,2.150249240757226,-0.00015075924277407893,2.0755079741429774,-0.07489202585702248
B1:11.965825:70000,1104,1159,N=11.965825B,8,74,11.965825,146.801,2.1491,10.5396,70000,1.0000028032499166,0,train,2.149010068829097,-8.993117090261293e-05,2.072937808410009,-0.0761621915899906
B1:11.965825:71000,1105,1160,N=11.965825B,8,75,11.965825,148.898,2.1478,10.6901,71000,0.9999977114298264,0,train,2.1477939331494773,-6.066850522845613e-06,2.0704053138561447,-0.07739468614385547
B1:11.965825:72000,1106,1161,N=11.965825B,8,76,11.965825,150.995,2.1464,10.8407,72000,1.0000019855537683,0,train,2.1465995234882906,0.00019952348829077593,2.0679082373708817,-0.07849176262911817
B1:11.965825:73000,1107,1162,N=11.965825B,8,77,11.965825,153.092,2.1456,10.9912,73000,0.9999970444260872,0,train,2.1454261579716,-0.00017384202840009522,2.0654456019276215,-0.08015439807237845
B1:11.965825:74000,1108,1163,N=11.965825B,8,78,11.965825,155.189,2.1442,11.1418,74000,1.0000012120542792,0,train,2.144273185095158,7.31850951578572e-05,2.063016470378066,-0.08118352962193409
B1:11.965825:75000,1109,1164,N=11.965825B,8,79,11.965825,157.286,2.143,11.2923,75000,0.9999964129933929,0,train,2.1431399819830124,0.00013998198301257148,2.06061994331109,-0.08238005668890969
B1:11.965825:76000,1110,1165,N=11.965825B,8,80,11.965825,159.384,2.1421,11.443,76000,1.0000029440967564,0,train,2.1420254260008553,-7.457399914478913e-05,2.058254036792169,-0.083845963207831
B1:11.965825:77000,1111,1166,N=11.965825B,8,81,11.965825,161.481,2.1411,11.5935,77000,0.999998247214872,0,train,2.140930009054352,-0.00016999094564784656,2.055920176087493,-0.08517982391250678
B1:11.965825:78000,1112,1167,N=11.965825B,8,82,11.965825,163.578,2.1399,11.7441,78000,1.0000021856895038,0,train,2.1398526491096512,-4.7350890348685226e-05,2.0536164283320106,-0.08628357166798928
B1:11.965825:79000,1113,1168,N=11.965825B,8,83,11.965825,165.675,2.1388,11.8946,79000,0.9999976173068053,0,train,2.138792822687807,-7.177312193018537e-06,2.051342026341224,-0.08745797365877594
B1:11.965825:80000,1114,1169,N=11.965825B,8,84,11.965825,167.772,2.1378,12.0452,80000,1.0000014651999019,0,train,2.137750027868176,-4.997213182411642e-05,2.049096231880466,-0.08870376811953395
B1:11.965825:81000,1115,1170,N=11.965825B,8,85,11.965825,169.869,2.1368,12.1957,81000,0.9999970185031125,0,train,2.136723783144258,-7.621685574221715e-05,2.0468783342264074,-0.08992166577359262
B1:11.965825:82000,1116,1171,N=11.965825B,8,86,11.965825,171.966,2.1358,12.3463,82000,1.0000007798536814,0,train,2.1357136263535264,-8.637364647379187e-05,2.044687648816814,-0.09111235118318595
B1:11.965825:83000,1117,1172,N=11.965825B,8,87,11.965825,174.064,2.1347,12.4969,83000,0.9999987055366483,0,train,2.134718643084055,1.8643084054748016e-05,2.0425224902004158,-0.09217750979958428
B1:11.965825:84000,1118,1173,N=11.965825B,8,88,11.965825,176.161,2.1337,12.6475,84000,1.0000023572342578,0,train,2.1337393552601,3.935526009968271e-05,2.040384286182167,-0.09331571381783332
B1:11.965825:85000,1119,1174,N=11.965825B,8,89,11.965825,178.258,2.1328,12.798,85000,0.9999981093097161,0,train,2.13277487504748,-2.512495251982827e-05,2.038271385091251,-0.0945286149087492
B1:11.965825:86000,1120,1175,N=11.965825B,8,90,11.965825,180.355,2.1318,12.9486,86000,1.0000016830226184,0,train,2.131824808258232,2.4808258231701075e-05,2.03618319506876,-0.09561680493124003
B1:11.965825:87000,1121,1176,N=11.965825B,8,91,11.965825,182.452,2.1309,13.0991,87000,0.9999975404935635,0,train,2.1308887756264543,-1.1224373545726252e-05,2.034119144782144,-0.09678085521785595
B1:11.965825:88000,1122,1177,N=11.965825B,8,92,11.965825,184.549,2.1298,13.2497,88000,1.0000010394548038,0,train,2.1299664120796122,0.0001664120796123214,2.0320786824868784,-0.09772131751312152
B1:11.965825:89000,1123,1178,N=11.965825B,8,93,11.965825,186.647,2.129,13.4003,89000,0.9999991020619541,0,train,2.1290569356774136,5.693567741360539e-05,2.0300603185137347,-0.09893968148626531
B1:11.965825:90000,1124,1179,N=11.965825B,8,94,11.965825,188.744,2.1281,13.5509,90000,1.0000025059062565,0,train,2.128160874580603,6.087458060299866e-05,2.02806546157098,-0.10003453842901999
B1:11.965825:91000,1125,1180,N=11.965825B,8,95,11.965825,190.841,2.1272,13.7014,91000,0.9999985364327255,0,train,2.127277465704563,7.746570456301782e-05,2.0260926460713797,-0.10110735392862047
B1:11.965825:92000,1126,1181,N=11.965825B,8,96,11.965825,192.938,2.1264,13.852,92000,1.0000018724334798,0,train,2.126406394292606,6.394292606071161e-06,2.0241413902553633,-0.10225860974463652
B1:11.965825:93000,1127,1182,N=11.965825B,8,97,11.965825,195.035,2.1256,14.0025,93000,0.9999979951298897,0,train,2.1255473567314556,-5.264326854437229e-05,2.022211227987485,-0.10338877201251506
B1:11.965825:94000,1128,1183,N=11.965825B,8,98,11.965825,197.132,2.1248,14.1531,94000,1.0000012659150772,0,train,2.1247000600419477,-9.9939958052353e-05,2.0203017080880263,-0.10449829191197368
B1:11.965825:95000,1129,1184,N=11.965825B,8,99,11.965825,199.229,2.1238,14.3036,95000,0.9999974766171505,0,train,2.12386422139814,6.422139813988537e-05,2.018412393699969,-0.10538760630003097
B1:11.965825:96000,1130,1185,N=11.965825B,8,100,11.965825,201.327,2.123,14.4543,96000,1.0000026359941632,0,train,2.1230391770447565,3.917704475631112e-05,2.0165419748155036,-0.10645802518449665
B1:11.965825:97000,1131,1186,N=11.965825B,8,101,11.965825,203.424,2.1223,14.6048,97000,0.999998910715472,0,train,2.1222254495269537,-7.45504730463864e-05,2.0146918243439864,-0.10760817565601366
B1:11.965825:98000,1132,1187,N=11.965825B,8,102,11.965825,205.521,2.1214,14.7554,98000,1.0000020386510242,0,train,2.1214223879559087,2.238795590869813e-05,2.012860648717027,-0.10853935128297287
B1:11.965825:99000,1133,1188,N=11.965825B,8,103,11.965825,207.618,2.1206,14.9059,99000,0.9999983946583845,0,test,2.1206297458194645,2.9745819464466194e-05,2.011048062676544,-0.10955193732345592
B1:11.965825:100000,1134,1189,N=11.965825B,8,104,11.965825,209.715,2.1199,15.0565,100000,1.0000014651999016,0,test,2.1198472847196443,-5.271528035555306e-05,2.009253692579837,-0.11064630742016268
B1:11.965825:101000,1135,1190,N=11.965825B,8,105,11.965825,211.812,2.119,15.207,101000,0.9999978990377538,0,test,2.1190747740275975,7.477402759725749e-05,2.007477175937301,-0.11152282406269931
B1:11.965825:102000,1136,1191,N=11.965825B,8,106,11.965825,213.91,2.1183,15.3577,102000,1.0000027507775386,0,test,2.1183116290923776,1.1629092377507533e-05,2.005717326268708,-0.11258267373129227
B1:11.965825:103000,1137,1192,N=11.965825B,8,107,11.965825,216.007,2.1175,15.5082,103000,0.9999992413922262,0,test,2.117558361272153,5.836127215275155e-05,2.0039754796052596,-0.11352452039474059
B1:11.965825:104000,1138,1193,N=11.965825B,8,108,11.965825,218.104,2.1168,15.6588,104000,1.0000021856895038,0,test,2.1168143953015055,1.4395301505487623e-05,2.0022504614006755,-0.11454953859932449
B1:11.965825:105000,1139,1194,N=11.965825B,8,109,11.965825,220.201,2.1161,15.8093,105000,0.9999987485261687,0,test,2.1160795285230694,-2.0471476930516985e-05,2.0005419495952586,-0.11555805040474132
B1:11.965825:106000,1140,1195,N=11.965825B,8,110,11.965825,222.298,2.1152,15.9599,106000,1.000001641924011,0,test,2.1153535645712456,0.00015356457124537926,1.9988496312870234,-0.11635036871297677
B1:11.965825:107000,1141,1196,N=11.965825B,8,111,11.965825,224.395,2.1147,16.1104,107000,0.9999982740836967,0,test,2.114636313119698,-6.368688030189418e-05,1.9971732023877562,-0.11752679761224383
B1:11.965825:108000,1142,1197,N=11.965825B,8,112,11.965825,226.492,2.1139,16.261,108000,1.0000011182965582,0,test,2.113927589641237,2.758964123694696e-05,1.995512367295072,-0.11838763270492803
B1:11.965825:109000,1143,1198,N=11.965825B,8,113,11.965825,228.59,2.1133,16.4116,109000,0.9999995356640142,0,test,2.113226883154425,-7.31168455749831e-05,1.9938660574800267,-0.11943394251997352
B1:11.965825:110000,1144,1199,N=11.965825B,8,114,11.965825,230.687,2.1125,16.5622,110000,1.0000023166873295,0,test,2.112534687963943,3.468796394301421e-05,1.9922355626871944,-0.12026443731280545
B1:11.965825:111000,1145,1200,N=11.965825B,8,115,11.965825,232.784,2.1119,16.7127,111000,0.9999990641377298,0,test,2.1118504996506067,-4.950034939321668e-05,1.990619822623172,-0.12128017737682795
B1:11.965825:112000,1146,1201,N=11.965825B,8,116,11.965825,234.881,2.1112,16.8633,112000,1.00000179971326,0,test,2.1111741547085634,-2.584529143678793e-05,1.989018572643018,-0.12218142735698212
B1:11.965825:113000,1147,1202,N=11.965825B,8,117,11.965825,236.978,2.1105,17.0138,113000,0.9999986093014437,0,test,2.1105054943927413,5.4943927412232085e-06,1.98743155515867,-0.12306844484132995
B1:11.965825:114000,1148,1203,N=11.965825B,8,118,11.965825,239.075,2.1099,17.1644,114000,1.0000013008773418,0,test,2.109844364539556,-5.563546044395906e-05,1.9858585193902527,-0.1240414806097474
B1:11.965825:115000,1149,1204,N=11.965825B,8,119,11.965825,241.172,2.1092,17.3149,115000,0.9999981702844353,0,test,2.109190615395879,-9.384604120921125e-06,1.984299221128246,-0.12490077887175399
B1:11.965825:116000,1150,1205,N=11.965825B,8,120,11.965825,243.27,2.1085,17.4656,116000,1.0000024341335814,0,test,2.108543794854894,4.3794854894141366e-05,1.9827526885415316,-0.12574731145846818
B1:11.965825:117000,1151,1206,N=11.965825B,8,121,11.965825,245.367,2.1079,17.6161,117000,0.9999993473786762,0,test,2.107904378053648,4.378053648057545e-06,1.981220164090049,-0.1266798359099508
B1:11.965825:118000,1152,1207,N=11.965825B,8,122,11.965825,247.464,2.1072,17.7667,118000,1.0000019414560366,0,test,2.1072719175049,7.191750489976556e-05,1.97970068160521,-0.12749931839479012
B1:11.965825:119000,1153,1208,N=11.965825B,8,123,11.965825,249.561,2.1066,17.9172,119000,0.9999989107154722,0,test,2.1066462795387975,4.627953879765556e-05,1.9781940209814257,-0.1284059790185741
B1:11.965825:120000,1154,1209,N=11.965825B,8,124,11.965825,251.658,2.1059,18.0678,120000,1.0000014651999019,0,test,2.1060273341498084,0.00012733414980825586,1.9766999676385044,-0.1292000323614957
B1:11.965825:121000,1155,1210,N=11.965825B,8,125,11.965825,253.755,2.1055,18.2183,121000,0.9999984884863912,0,test,2.1054149548667325,-8.504513326768048e-05,1.9752183123382436,-0.13028168766175652
B1:11.965825:122000,1156,1211,N=11.965825B,8,126,11.965825,255.853,2.1047,18.369,122000,1.0000025400276829,0,test,2.104808731192299,0.00010873119229914963,1.97374815314102,-0.13095184685897987
B1:11.965825:123000,1157,1212,N=11.965825B,8,127,11.965825,257.95,2.1042,18.5195,123000,0.9999996029861992,0,test,2.104209121215707,9.121215706731078e-06,1.9722906923806165,-0.13190930761938358
B1:11.965825:124000,1158,1213,N=11.965825B,8,128,11.965825,260.047,2.1036,18.6701,124000,1.0000020694816825,0,test,2.1036157178655532,1.571786555309984e-05,1.9708450321856354,-0.1327549678143647
B1:11.965825:125000,1159,1214,N=11.965825B,8,129,11.965825,262.144,2.1031,18.8206,125000,0.9999991831935514,0,test,2.1030284076180954,-7.159238190457273e-05,1.9694109829994746,-0.13368901700052538
B1:11.965825:126000,1160,1215,N=11.965825B,8,130,11.965825,264.241,2.1024,18.9712,126000,1.0000016138725758,0,test,2.102447079913019,4.707991301922121e-05,1.967988359796534,-0.13441164020346585
B1:11.965825:127000,1161,1216,N=11.965825B,8,131,11.965825,266.338,2.102,19.1217,127000,0.9999987766217759,0,test,2.101871627053291,-0.00012837294670875465,1.9665769819389514,-0.1354230180610485
B1:11.965825:128000,1162,1217,N=11.965825B,8,132,11.965825,268.435,2.1013,19.2723,128000,1.0000011725002462,0,test,2.101301944109158,1.9441091576588576e-06,1.965176673038953,-0.13612332696104712
B1:11.965825:129000,1163,1218,N=11.965825B,8,133,11.965825,270.533,2.1008,19.4229,129000,0.9999998348161462,0,test,2.100737661199204,-6.233880079609122e-05,1.9637866008276446,-0.13701339917235544
B1:11.965825:130000,1164,1219,N=11.965825B,8,134,11.965825,272.63,2.1001,19.5735,130000,1.0000021856895038,0,test,2.1001792165413864,7.921654138653977e-05,1.9624079221000468,-0.13769207789995308
B1:11.965825:131000,1165,1220,N=11.965825B,8,135,11.965825,274.727,2.0998,19.724,131000,0.9999994307116403,0,test,2.09962624266575,-0.0001737573342501797,1.961039807292124,-0.1387601927078761
B1:11.965825:132000,1166,1221,N=11.965825B,8,136,11.965825,276.824,2.099,19.8746,132000,1.0000017490294546,0,test,2.0990786448287557,7.864482875552525e-05,1.9596820957452088,-0.1393179042547914
B1:11.965825:133000,1167,1222,N=11.965825B,8,137,11.965825,278.921,2.0986,20.0251,133000,0.9999990387597815,0,test,2.0985363306295293,-6.366937047053156e-05,1.9583346304379956,-0.1402653695620042
B1:11.965825:134000,1168,1223,N=11.965825B,8,138,11.965825,281.018,2.098,20.1757,134000,1.0000013254031057,0,test,2.09799920993484,-7.900651599612729e-07,1.9569972578775627,-0.14100274212243713
B1:11.965825:135000,1169,1224,N=11.965825B,8,139,11.965825,283.116,2.0975,20.3263,135000,1.0000000460388778,0,test,2.097466942308247,-3.305769175332429e-05,1.9556691973290181,-0.14183080267098203
B1:11.965825:136000,1170,1225,N=11.965825B,8,140,11.965825,285.213,2.0969,20.4769,136000,1.0000022916436342,0,test,2.096939949309558,3.994930955775189e-05,1.9543515680130559,-0.14254843198694434
B1:11.965825:137000,1171,1226,N=11.965825B,8,141,11.965825,287.31,2.0964,20.6274,137000,0.999999656549174,0,test,2.096417892275219,1.7892275218756026e-05,1.9530435910376258,-0.14335640896237423
B1:11.965825:138000,1172,1227,N=11.965825B,8,142,11.965825,289.407,2.0959,20.778,138000,1.0000018724334798,0,test,2.0959006894501333,6.894501334286929e-07,1.9517451260134022,-0.14415487398659765
B1:11.965825:139000,1173,1228,N=11.965825B,8,143,11.965825,291.504,2.0954,20.9285,139000,0.9999992782669993,0,test,2.0953882610132233,-1.17389867768658e-05,1.950456035591817,-0.14494396440818313
B1:11.965825:140000,1174,1229,N=11.965825B,8,144,11.965825,293.601,2.0949,21.0791,140000,1.0000014651999019,0,test,2.094880529018155,-1.9470981845071123e-05,1.9491761853778737,-0.14572381462212625
B1:11.965825:141000,1175,1230,N=11.965825B,8,145,11.965825,295.698,2.0945,21.2296,141000,0.9999989107154722,0,test,2.094377417336292,-0.0001225826637081262,1.947905443846065,-0.14659455615393502
B1:11.965825:142000,1176,1231,N=11.965825B,8,146,11.965825,297.796,2.0938,21.3802,142000,0.9999977114298264,0,test,2.093878614922681,7.861492268101955e-05,1.9466430826828478,-0.14715691731715208
B1:11.965825:143000,1177,1232,N=11.965825B,8,147,11.965825,299.893,2.0933,21.5308,143000,0.9999998634351905,0,test,2.093384524595647,8.452459564667336e-05,1.9453901792065644,-0.14790982079343573
