sample_id,source_csv_line,source_run_id,group_id,group_index,trajectory_rank,N_params_B,D_tokens_B,val_loss,C_FLOPs_1e21,steps,compute_ratio_C_over_6ND,compute_identity_outlier,token_tail_split
B1:0.070542:64,2,8,N=0.070542B,1,1,0.070542,0.134,4.7388,0.0001,64,1.7631780989018786,1,train
B1:0.070542:128,3,9,N=0.070542B,1,2,0.070542,0.268,4.3541,0.0001,128,0.8815890494509393,1,train
B1:0.070542:256,4,10,N=0.070542B,1,3,0.070542,0.537,4.0384,0.0002,256,0.8799473566214218,1,train
B1:0.070542:512,5,11,N=0.070542B,1,4,0.070542,1.074,3.7776,0.0005,512,1.0999341957767772,1,train
B1:0.070542:1000,6,12,N=0.070542B,1,5,0.070542,2.097,3.5698,0.0009,1000,1.0140165890680333,0,train
B1:0.070542:2000,7,13,N=0.070542B,1,6,0.070542,4.194,3.3922,0.0018,2000,1.0140165890680333,0,train
B1:0.070542:3000,8,14,N=0.070542B,1,7,0.070542,6.291,3.3024,0.0027,3000,1.0140165890680333,0,train
B1:0.070542:4000,9,15,N=0.070542B,1,8,0.070542,8.389,3.2452,0.0036,4000,1.0138957145193304,0,train
B1:0.070542:5000,10,16,N=0.070542B,1,9,0.070542,10.486,3.2041,0.0044,5000,0.9913883340764329,0,train
B1:0.070542:6000,11,17,N=0.070542B,1,10,0.070542,12.583,3.172,0.0053,6000,0.9951594101884401,0,train
B1:0.070542:7000,12,18,N=0.070542B,1,11,0.070542,14.68,3.1466,0.0062,7000,0.9978531093785291,0,train
B1:0.070542:8000,13,19,N=0.070542B,1,12,0.070542,16.777,3.1248,0.0071,8000,0.9998734239108584,0,train
B1:0.070542:9000,14,20,N=0.070542B,1,13,0.070542,18.874,3.1064,0.008,9000,1.001444803445382,0,train
B1:0.070542:10000,15,21,N=0.070542B,1,14,0.070542,20.972,3.0913,0.0089,10000,1.0026541106000286,0,train
B1:0.070542:11000,16,22,N=0.070542B,1,15,0.070542,23.069,3.077,0.0098,11000,1.003686973634725,0,train
B1:0.070542:12000,17,23,N=0.070542B,1,16,0.070542,25.166,3.0646,0.0107,12000,1.0045477065109725,0,train
B1:0.070542:13000,18,24,N=0.070542B,1,17,0.070542,27.263,3.0531,0.0115,13000,0.996609855998164,0,train
B1:0.070542:14000,19,25,N=0.070542B,1,18,0.070542,29.36,3.0432,0.0124,14000,0.9978531093785291,0,train
B1:0.070542:15000,20,26,N=0.070542B,1,19,0.070542,31.457,3.0342,0.0133,15000,0.9989306061807953,0,train
B1:0.070542:16000,21,27,N=0.070542B,1,20,0.070542,33.554,3.0254,0.0142,16000,0.9998734239108584,0,train
B1:0.070542:17000,22,28,N=0.070542B,1,21,0.070542,35.652,3.018,0.0151,17000,1.0006772594295021,0,train
B1:0.070542:18000,23,29,N=0.070542B,1,22,0.070542,37.749,3.0105,0.016,18000,1.0014182744034617,0,train
B1:0.070542:19000,24,30,N=0.070542B,1,23,0.070542,39.846,3.0039,0.0169,19000,1.0020812936739432,0,train
B1:0.070542:20000,25,31,N=0.070542B,1,24,0.070542,41.943,2.9975,0.0178,20000,1.0026780157596646,0,train
B1:0.070542:21000,26,32,N=0.070542B,1,25,0.070542,44.04,2.9921,0.0186,21000,0.997853109378529,0,train
B1:0.070542:22000,27,33,N=0.070542B,1,26,0.070542,46.137,2.9861,0.0195,22000,0.9985877652276066,0,train
B1:0.070542:23000,28,34,N=0.070542B,1,27,0.070542,48.234,2.9807,0.0204,23000,0.999258541932698,0,train
B1:0.070542:24000,29,35,N=0.070542B,1,28,0.070542,50.332,2.9761,0.0213,24000,0.9998535583497064,0,train
B1:0.070542:25000,30,36,N=0.070542B,1,29,0.070542,52.429,2.971,0.0222,25000,1.0004200363564648,0,train
B1:0.070542:26000,31,37,N=0.070542B,1,30,0.070542,54.526,2.9668,0.0231,26000,1.0009429423285907,0,train
B1:0.070542:27000,32,38,N=0.070542B,1,31,0.070542,56.623,2.9621,0.024,27000,1.0014271172612617,0,train
B1:0.070542:28000,33,39,N=0.070542B,1,32,0.070542,58.72,2.9582,0.0249,28000,1.0018767106260231,0,train
B1:0.070542:29000,34,40,N=0.070542B,1,33,0.070542,60.817,2.9546,0.0257,29000,0.9984104340888714,0,train
B1:0.070542:30000,35,41,N=0.070542B,1,34,0.070542,62.915,2.951,0.0266,30000,0.998914728717453,0,train
B1:0.070542:31000,36,42,N=0.070542B,1,35,0.070542,65.012,2.9473,0.0275,31000,0.9994018480362737,0,train
B1:0.070542:32000,37,43,N=0.070542B,1,36,0.070542,67.109,2.9439,0.0284,32000,0.9998585246659897,0,train
B1:0.070542:33000,38,44,N=0.070542B,1,37,0.070542,69.206,2.9406,0.0293,33000,1.000287525923844,0,train
B1:0.070542:34000,39,45,N=0.070542B,1,38,0.070542,71.303,2.9372,0.0302,34000,1.0006912935831764,0,train
B1:0.070542:35000,40,46,N=0.070542B,1,39,0.070542,73.4,2.9343,0.0311,35000,1.0010719903765244,0,train
B1:0.070542:36000,41,47,N=0.070542B,1,40,0.070542,75.497,2.9314,0.032,36000,1.0014315387487258,0,train
B1:0.070542:37000,42,48,N=0.070542B,1,41,0.070542,77.595,2.9289,0.0328,37000,0.9987138836643519,0,train
B1:0.070542:38000,43,49,N=0.070542B,1,42,0.070542,79.692,2.926,0.0337,38000,0.999116556118695,0,train
B1:0.070542:39000,44,50,N=0.070542B,1,43,0.070542,81.789,2.923,0.0346,39000,0.9994985802184485,0,train
B1:0.070542:40000,45,51,N=0.070542B,1,44,0.070542,83.886,2.9208,0.0355,40000,0.9998615044794408,0,train
B1:0.070542:41000,46,52,N=0.070542B,1,45,0.070542,85.983,2.9182,0.0364,41000,1.000206726353326,0,train
B1:0.070542:42000,47,53,N=0.070542B,1,46,0.070542,88.08,2.9158,0.0373,42000,1.0005355102101918,0,train
B1:0.070542:43000,48,54,N=0.070542B,1,47,0.070542,90.178,2.9137,0.0382,43000,1.0008379042182058,0,train
B1:0.070542:44000,49,55,N=0.070542B,1,48,0.070542,92.275,2.9115,0.0391,44000,1.0011373970616637,0,train
B1:0.070542:45000,50,56,N=0.070542B,1,49,0.070542,94.372,2.9093,0.0399,45000,0.9989200211491527,0,train
B1:0.070542:46000,51,57,N=0.070542B,1,50,0.070542,96.469,2.9068,0.0408,46000,0.9992481835943517,0,train
B1:0.070542:47000,52,58,N=0.070542B,1,51,0.070542,98.566,2.9049,0.0417,47000,0.9995623826719068,0,train
B1:0.070542:48000,53,59,N=0.070542B,1,52,0.070542,100.663,2.903,0.0426,48000,0.9998634910316089,0,train
B1:0.070542:49000,54,60,N=0.070542B,1,53,0.070542,102.76,2.9011,0.0435,49000,1.0001523100913827,0,train
B1:0.070542:50000,55,61,N=0.070542B,1,54,0.070542,104.858,2.8989,0.0444,50000,1.0004200363564648,0,train
B1:0.070542:51000,56,62,N=0.070542B,1,55,0.070542,106.955,2.8971,0.0453,51000,1.0006866154882132,0,train
B1:0.070542:52000,57,63,N=0.070542B,1,56,0.070542,109.052,2.8951,0.0462,52000,1.0009429423285907,0,train
B1:0.070542:53000,58,64,N=0.070542B,1,57,0.070542,111.149,2.8933,0.047,53000,0.999063929219699,0,train
B1:0.070542:54000,59,65,N=0.070542B,1,58,0.070542,113.246,2.892,0.0479,54000,0.9993408107669673,0,train
B1:0.070542:55000,60,66,N=0.070542B,1,59,0.070542,115.343,2.8904,0.0488,55000,0.9996076245926641,0,train
B1:0.070542:56000,61,67,N=0.070542B,1,60,0.070542,117.441,2.8885,0.0497,56000,0.9998563962386843,0,train
B1:0.070542:57000,62,68,N=0.070542B,1,61,0.070542,119.538,2.8871,0.0506,57000,1.0001048019704444,0,train
B1:0.070542:58000,63,69,N=0.070542B,1,62,0.070542,121.635,2.8854,0.0515,58000,1.0003446426211093,0,train
B1:0.070542:59000,64,70,N=0.070542B,1,63,0.070542,123.732,2.8836,0.0524,59000,1.0005763536715993,0,train
B1:0.070542:60000,65,71,N=0.070542B,1,64,0.070542,125.829,2.8823,0.0533,60000,1.0008003415728486,0,train
B1:0.070542:61000,66,72,N=0.070542B,1,65,0.070542,127.926,2.8811,0.0541,61000,0.9991700913167988,0,train
B1:0.070542:62000,67,73,N=0.070542B,1,66,0.070542,130.023,2.8793,0.055,62000,0.999409534382905,0,train
B1:0.070542:63000,68,74,N=0.070542B,1,67,0.070542,132.121,2.8782,0.0559,63000,0.999633810494502,0,train
B1:0.070542:64000,69,75,N=0.070542B,1,68,0.070542,134.218,2.876,0.0568,64000,0.9998585246659897,0,train
B1:0.070542:65000,70,76,N=0.070542B,1,69,0.070542,136.315,2.8753,0.0577,65000,1.0000763250625055,0,train
B1:0.070542:66000,71,77,N=0.070542B,1,70,0.070542,138.412,2.8738,0.0586,66000,1.000287525923844,0,train
B1:0.070542:67000,72,78,N=0.070542B,1,71,0.070542,140.509,2.8724,0.0595,67000,1.0004924227305496,0,train
B1:0.070542:68000,73,79,N=0.070542B,1,72,0.070542,142.606,2.8712,0.0604,68000,1.0006912935831764,0,train
B1:0.070542:69000,74,80,N=0.070542B,1,73,0.070542,144.703,2.8696,0.0612,69000,0.9992516363499392,0,train
B1:0.070542:70000,75,81,N=0.070542B,1,74,0.070542,146.801,2.8687,0.0621,70000,0.9994557415959083,0,train
B1:0.070542:71000,76,82,N=0.070542B,1,75,0.070542,148.898,2.8676,0.063,71000,0.9996608088039907,0,train
B1:0.070542:72000,77,83,N=0.070542B,1,76,0.070542,150.995,2.8666,0.0639,72000,0.999860180115714,0,train
B1:0.070542:73000,78,84,N=0.070542B,1,77,0.070542,153.092,2.865,0.0648,73000,1.0000540895921923,0,train
B1:0.070542:74000,79,85,N=0.070542B,1,78,0.070542,155.189,2.8638,0.0657,74000,1.0002427586434837,0,train
B1:0.070542:75000,80,86,N=0.070542B,1,79,0.070542,157.286,2.8628,0.0666,75000,1.0004263968719356,0,train
B1:0.070542:76000,81,87,N=0.070542B,1,80,0.070542,159.384,2.8619,0.0675,76000,1.0005989248963192,0,train
B1:0.070542:77000,82,88,N=0.070542B,1,81,0.070542,161.481,2.8607,0.0683,77000,0.9993100486601999,0,train
B1:0.070542:78000,83,89,N=0.070542B,1,82,0.070542,163.578,2.8595,0.0692,78000,0.9994985802184485,0,train
B1:0.070542:79000,84,90,N=0.070542B,1,83,0.070542,165.675,2.8586,0.0701,79000,0.999682339171565,0,train
B1:0.070542:80000,85,91,N=0.070542B,1,84,0.070542,167.772,2.8575,0.071,80000,0.9998615044794408,0,train
B1:0.070542:81000,86,92,N=0.070542B,1,85,0.070542,169.869,2.8566,0.0719,81000,1.0000362462650654,0,train
B1:0.070542:82000,87,93,N=0.070542B,1,86,0.070542,171.966,2.8553,0.0728,82000,1.000206726353326,0,train
B1:0.070542:83000,88,94,N=0.070542B,1,87,0.070542,174.064,2.8544,0.0737,83000,1.0003673516140714,0,train
B1:0.070542:84000,89,95,N=0.070542B,1,88,0.070542,176.161,2.8534,0.0746,84000,1.0005298305449413,0,train
B1:0.070542:85000,90,96,N=0.070542B,1,89,0.070542,178.258,2.8522,0.0754,85000,0.9993630715067496,0,train
B1:0.070542:86000,91,97,N=0.070542B,1,90,0.070542,180.355,2.8516,0.0763,86000,0.9995334489641313,0,train
B1:0.070542:87000,92,98,N=0.070542B,1,91,0.070542,182.452,2.8506,0.0772,87000,0.9996999099774273,0,train
B1:0.070542:88000,93,99,N=0.070542B,1,92,0.070542,184.549,2.8497,0.0781,88000,0.9998625880523719,0,train
B1:0.070542:89000,94,100,N=0.070542B,1,93,0.070542,186.647,2.8487,0.079,89000,1.0000162528717467,0,train
B1:0.070542:90000,95,101,N=0.070542B,1,94,0.070542,188.744,2.8476,0.0799,90000,1.000171800624277,0,train
B1:0.070542:91000,96,102,N=0.070542B,1,95,0.070542,190.841,2.8469,0.0808,91000,1.0003239299956728,0,train
B1:0.070542:92000,97,103,N=0.070542B,1,96,0.070542,192.938,2.8461,0.0817,92000,1.0004727524467958,0,train
B1:0.070542:93000,98,104,N=0.070542B,1,97,0.070542,195.035,2.8451,0.0825,93000,0.9994069722542246,0,train
B1:0.070542:94000,99,105,N=0.070542B,1,98,0.070542,197.132,2.8444,0.0834,94000,0.9995623826719068,0,train
B1:0.070542:95000,100,106,N=0.070542B,1,99,0.070542,199.229,2.8436,0.0843,95000,0.9997145215212343,0,train
B1:0.070542:96000,101,107,N=0.070542B,1,100,0.070542,201.327,2.8431,0.0852,96000,0.9998585246659896,0,train
B1:0.070542:97000,102,108,N=0.070542B,1,101,0.070542,203.424,2.842,0.0861,97000,1.0000044733301152,0,train
B1:0.070542:98000,103,109,N=0.070542B,1,102,0.070542,205.521,2.8412,0.087,98000,1.0001474436674647,0,train
B1:0.070542:99000,104,110,N=0.070542B,1,103,0.070542,207.618,2.8403,0.0879,99000,1.0002875259238442,0,test
B1:0.070542:100000,105,111,N=0.070542B,1,104,0.070542,209.715,2.8392,0.0888,100000,1.0004248067354855,0,test
B1:0.070542:101000,106,112,N=0.070542B,1,105,0.070542,211.812,2.8388,0.0896,101000,0.9994439185058218,0,test
B1:0.070542:102000,107,113,N=0.070542B,1,106,0.070542,213.91,2.838,0.0905,102000,0.9995821048750915,0,test
B1:0.070542:103000,108,114,N=0.070542B,1,107,0.070542,216.007,2.8377,0.0914,103000,0.9997222351178734,0,test
B1:0.070542:104000,109,115,N=0.070542B,1,108,0.070542,218.104,2.8365,0.0923,104000,0.999859670745984,0,test
B1:0.070542:105000,110,116,N=0.070542B,1,109,0.070542,220.201,2.8358,0.0932,105000,0.9999944887428206,0,test
B1:0.070542:106000,111,117,N=0.070542B,1,110,0.070542,222.298,2.8351,0.0941,106000,1.000126763186954,0,test
B1:0.070542:107000,112,118,N=0.070542B,1,111,0.070542,224.395,2.8341,0.095,107000,1.0002565653878612,0,test
B1:0.070542:108000,113,119,N=0.070542B,1,112,0.070542,226.492,2.8338,0.0959,108000,1.0003839640141146,0,test
B1:0.070542:109000,114,120,N=0.070542B,1,113,0.070542,228.59,2.8331,0.0968,109000,1.0005046483431492,0,test
B1:0.070542:110000,115,121,N=0.070542B,1,114,0.070542,230.687,2.8324,0.0976,110000,0.9996032914155686,0,test
B1:0.070542:111000,116,122,N=0.070542B,1,115,0.070542,232.784,2.8314,0.0985,111000,0.9997331314611785,0,test
B1:0.070542:112000,117,123,N=0.070542B,1,116,0.070542,234.881,2.8311,0.0994,112000,0.9998606531023567,0,test
B1:0.070542:113000,118,124,N=0.070542B,1,117,0.070542,236.978,2.83,0.1003,113000,0.9999859178852478,0,test
B1:0.070542:114000,119,125,N=0.070542B,1,118,0.070542,239.075,2.8297,0.1012,114000,1.000108985196637,0,test
B1:0.070542:115000,120,126,N=0.070542B,1,119,0.070542,241.172,2.8293,0.1021,115000,1.000229912357826,0,test
B1:0.070542:116000,121,127,N=0.070542B,1,120,0.070542,243.27,2.8281,0.103,116000,1.0003446426211093,0,test
B1:0.070542:117000,122,128,N=0.070542B,1,121,0.070542,245.367,2.8275,0.1039,117000,1.000461488291877,0,test
B1:0.070542:118000,123,129,N=0.070542B,1,122,0.070542,247.464,2.827,0.1047,118000,0.9996216052425233,0,test
B1:0.070542:119000,124,130,N=0.070542B,1,123,0.070542,249.561,2.8263,0.1056,119000,0.9997425627682668,0,test
B1:0.070542:120000,125,131,N=0.070542B,1,124,0.070542,251.658,2.8255,0.1065,120000,0.9998615044794408,0,test
B1:0.070542:121000,126,132,N=0.070542B,1,125,0.070542,253.755,2.8251,0.1074,121000,0.9999784803513734,0,test
B1:0.070542:122000,127,133,N=0.070542B,1,126,0.070542,255.853,2.8243,0.1083,122000,1.0000896298610469,0,test
B1:0.070542:123000,128,134,N=0.070542B,1,127,0.070542,257.95,2.824,0.1092,123000,1.0002028488316113,0,test
B1:0.070542:124000,129,135,N=0.070542B,1,128,0.070542,260.047,2.8232,0.1101,124000,1.0003142418231694,0,test
B1:0.070542:125000,130,136,N=0.070542B,1,129,0.070542,262.144,2.823,0.111,125000,1.0004238526560418,0,test
B1:0.070542:126000,131,137,N=0.070542B,1,130,0.070542,264.241,2.822,0.1118,126000,0.9996375935327532,0,test
B1:0.070542:127000,132,138,N=0.070542B,1,131,0.070542,266.338,2.8215,0.1127,127000,0.9997508058931278,0,test
B1:0.070542:128000,133,139,N=0.070542B,1,132,0.070542,268.435,2.8212,0.1136,128000,0.9998622494355788,0,test
B1:0.070542:129000,134,140,N=0.070542B,1,133,0.070542,270.533,2.8202,0.1145,129000,0.9999682689894217,0,test
B1:0.070542:130000,135,141,N=0.070542B,1,134,0.070542,272.63,2.8199,0.1154,130000,1.0000763250625055,0,test
B1:0.070542:131000,136,142,N=0.070542B,1,135,0.070542,274.727,2.8196,0.1163,131000,1.0001827315446483,0,test
B1:0.070542:132000,137,143,N=0.070542B,1,136,0.070542,276.824,2.8185,0.1172,132000,1.000287525923844,0,test
B1:0.070542:133000,138,144,N=0.070542B,1,137,0.070542,278.921,2.8183,0.1181,133000,1.0003907445607103,0,test
B1:0.070542:134000,139,145,N=0.070542B,1,138,0.070542,281.018,2.8178,0.1189,134000,0.9996516727954821,0,test
B1:0.070542:135000,140,146,N=0.070542B,1,139,0.070542,283.116,2.8173,0.1198,135000,0.9997545407992356,0,test
B1:0.070542:136000,141,147,N=0.070542B,1,140,0.070542,285.213,2.8164,0.1207,136000,0.9998594010798667,0,test
B1:0.070542:137000,142,148,N=0.070542B,1,141,0.070542,287.31,2.8159,0.1216,137000,0.9999627306653709,0,test
B1:0.070542:138000,143,149,N=0.070542B,1,142,0.070542,289.407,2.8157,0.1225,138000,1.0000645628293143,0,test
B1:0.070542:139000,144,150,N=0.070542B,1,143,0.070542,291.504,2.8152,0.1234,139000,1.0001649298878197,0,test
B1:0.070542:140000,145,151,N=0.070542B,1,144,0.070542,293.601,2.8146,0.1243,140000,1.0002638632337584,0,test
B1:0.070542:141000,146,152,N=0.070542B,1,145,0.070542,295.698,2.8142,0.1252,141000,1.0003613933694864,0,test
B1:0.070542:142000,147,153,N=0.070542B,1,146,0.070542,297.796,2.8135,0.126,142000,0.9996608088039907,0,test
B1:0.070542:143000,148,154,N=0.070542B,1,147,0.070542,299.893,2.8131,0.1269,143000,0.9997611915112019,0,test
B1:0.162405:64,149,162,N=0.162405B,2,1,0.162405,0.134,4.5235,0.0001,64,0.7658514790353519,1,train
B1:0.162405:128,150,163,N=0.162405B,2,2,0.162405,0.268,4.1397,0.0003,128,1.1487772185530276,1,train
B1:0.162405:256,151,164,N=0.162405B,2,3,0.162405,0.537,3.8226,0.0005,256,0.9555316405096568,0,train
B1:0.162405:512,152,165,N=0.162405B,2,4,0.162405,1.074,3.5629,0.001,512,0.9555316405096568,0,train
B1:0.162405:1000,153,166,N=0.162405B,2,5,0.162405,2.097,3.3548,0.002,1000,0.9787706074462295,0,train
B1:0.162405:2000,154,167,N=0.162405B,2,6,0.162405,4.194,3.1771,0.0041,2000,1.0032398726323852,0,train
B1:0.162405:3000,155,168,N=0.162405B,2,7,0.162405,6.291,3.0883,0.0061,3000,0.9950834509036666,0,train
B1:0.162405:4000,156,169,N=0.162405B,2,8,0.162405,8.389,3.0304,0.0082,4000,1.0031202827083618,0,train
B1:0.162405:5000,157,170,N=0.162405B,2,9,0.162405,10.486,2.9888,0.0102,5000,0.9982508120785036,0,train
B1:0.162405:6000,158,171,N=0.162405B,2,10,0.162405,12.583,2.9568,0.0123,6000,1.0031601428483405,0,train
B1:0.162405:7000,159,172,N=0.162405B,2,11,0.162405,14.68,2.9311,0.0143,7000,0.9996761608498238,0,train
B1:0.162405:8000,160,173,N=0.162405B,2,12,0.162405,16.777,2.9098,0.0163,8000,0.9970631224348903,0,train
B1:0.162405:9000,161,174,N=0.162405B,2,13,0.162405,18.874,2.8916,0.0184,9000,1.0004680548424094,0,train
B1:0.162405:10000,162,175,N=0.162405B,2,14,0.162405,20.972,2.8757,0.0204,10000,0.9982508120785036,0,train
B1:0.162405:11000,163,176,N=0.162405B,2,15,0.162405,23.069,2.8619,0.0225,11000,1.000928609515621,0,train
B1:0.162405:12000,164,177,N=0.162405B,2,16,0.162405,25.166,2.8494,0.0245,12000,0.9990822560887945,0,train
B1:0.162405:13000,165,178,N=0.162405B,2,17,0.162405,27.263,2.8385,0.0266,13000,1.0012841623715687,0,train
B1:0.162405:14000,166,179,N=0.162405B,2,18,0.162405,29.36,2.8281,0.0286,14000,0.9996761608498238,0,train
B1:0.162405:15000,167,180,N=0.162405B,2,19,0.162405,31.457,2.8195,0.0307,15000,1.001544907160769,0,train
B1:0.162405:16000,168,181,N=0.162405B,2,20,0.162405,33.554,2.8106,0.0327,16000,1.0001215982705802,0,train
B1:0.162405:17000,169,182,N=0.162405B,2,21,0.162405,35.652,2.8025,0.0347,17000,0.9988377109891674,0,train
B1:0.162405:18000,170,183,N=0.162405B,2,22,0.162405,37.749,2.7952,0.0368,18000,1.0004415516753098,0,train
B1:0.162405:19000,171,184,N=0.162405B,2,23,0.162405,39.846,2.7888,0.0388,19000,0.9993010615370683,0,train
B1:0.162405:20000,172,185,N=0.162405B,2,24,0.162405,41.943,2.7823,0.0409,20000,1.0007213637558472,0,train
B1:0.162405:21000,173,186,N=0.162405B,2,25,0.162405,44.04,2.7766,0.0429,21000,0.9996761608498238,0,train
B1:0.162405:22000,174,187,N=0.162405B,2,26,0.162405,46.137,2.771,0.045,22000,1.0009503042207277,0,train
B1:0.162405:23000,175,188,N=0.162405B,2,27,0.162405,48.234,2.7656,0.047,23000,0.9999860295568782,0,train
B1:0.162405:24000,176,189,N=0.162405B,2,28,0.162405,50.332,2.7605,0.049,24000,0.9990822560887945,0,train
B1:0.162405:25000,177,190,N=0.162405B,2,29,0.162405,52.429,2.7557,0.0511,25000,1.0002272439960076,0,train
B1:0.162405:26000,178,191,N=0.162405B,2,30,0.162405,54.526,2.7514,0.0531,26000,0.9994020492844042,0,train
B1:0.162405:27000,179,192,N=0.162405B,2,31,0.162405,56.623,2.7474,0.0552,27000,1.0004503859083218,0,train
B1:0.162405:28000,180,193,N=0.162405B,2,32,0.162405,58.72,2.7432,0.0572,28000,0.9996761608498238,0,train
B1:0.162405:29000,181,194,N=0.162405B,2,33,0.162405,60.817,2.7391,0.0593,29000,1.0006427516501493,0,train
B1:0.162405:30000,182,195,N=0.162405B,2,34,0.162405,62.915,2.7356,0.0613,30000,0.9998978334407038,0,train
B1:0.162405:31000,183,196,N=0.162405B,2,35,0.162405,65.012,2.7321,0.0633,31000,0.9992163624367288,0,train
B1:0.162405:32000,184,197,N=0.162405B,2,36,0.162405,67.109,2.7285,0.0654,32000,1.0001066953276325,0,train
B1:0.162405:33000,185,198,N=0.162405B,2,37,0.162405,69.206,2.7254,0.0674,33000,0.9994601939218687,0,train
B1:0.162405:34000,186,199,N=0.162405B,2,38,0.162405,71.303,2.7222,0.0695,34000,1.0002909869509322,0,train
B1:0.162405:35000,187,200,N=0.162405B,2,39,0.162405,73.4,2.719,0.0715,35000,0.9996761608498236,0,train
B1:0.162405:36000,188,201,N=0.162405B,2,40,0.162405,75.497,2.7163,0.0736,36000,1.000454803083335,0,train
B1:0.162405:37000,189,202,N=0.162405B,2,41,0.162405,77.595,2.7135,0.0756,37000,0.9998558957690223,0,train
B1:0.162405:38000,190,203,N=0.162405B,2,42,0.162405,79.692,2.7109,0.0777,38000,1.0005888206369873,0,train
B1:0.162405:39000,191,204,N=0.162405B,2,43,0.162405,81.789,2.7082,0.0797,39000,1.000029420313459,0,train
B1:0.162405:40000,192,205,N=0.162405B,2,44,0.162405,83.886,2.7053,0.0817,40000,0.9994979880055344,0,train
B1:0.162405:41000,193,206,N=0.162405B,2,45,0.162405,85.983,2.7029,0.0838,41000,1.0001860168153907,0,train
B1:0.162405:42000,194,207,N=0.162405B,2,46,0.162405,88.08,2.7007,0.0858,42000,0.9996761608498238,0,train
B1:0.162405:43000,195,208,N=0.162405B,2,47,0.162405,90.178,2.6984,0.0879,43000,1.0003169543531456,0,train
B1:0.162405:44000,196,209,N=0.162405B,2,48,0.162405,92.275,2.6961,0.0899,44000,0.9998273017986745,0,train
B1:0.162405:45000,197,210,N=0.162405B,2,49,0.162405,94.372,2.6945,0.092,45000,1.0004468521963947,0,train
B1:0.162405:46000,198,211,N=0.162405B,2,50,0.162405,96.469,2.6918,0.094,46000,0.9999756636773776,0,train
B1:0.162405:47000,199,212,N=0.162405B,2,51,0.162405,98.566,2.6898,0.096,47000,0.9995245243096774,0,train
B1:0.162405:48000,200,213,N=0.162405B,2,52,0.162405,100.663,2.6878,0.0981,48000,1.0001116629259326,0,train
B1:0.162405:49000,201,214,N=0.162405B,2,53,0.162405,102.76,2.6858,0.1001,49000,0.9996761608498236,0,train
B1:0.162405:50000,202,215,N=0.162405B,2,54,0.162405,104.858,2.6837,0.1022,50000,1.0002272439960076,0,train
B1:0.162405:51000,203,216,N=0.162405B,2,55,0.162405,106.955,2.682,0.1042,51000,0.9998065571010997,0,train
B1:0.162405:52000,204,217,N=0.162405B,2,56,0.162405,109.052,2.68,0.1063,52000,1.0003431058279866,0,train
B1:0.162405:53000,205,218,N=0.162405B,2,57,0.162405,111.149,2.6783,0.1083,53000,0.9999361068526782,0,train
B1:0.162405:54000,206,219,N=0.162405B,2,58,0.162405,113.246,2.6765,0.1104,54000,1.0004503859083218,0,train
B1:0.162405:55000,207,220,N=0.162405B,2,59,0.162405,115.343,2.6749,0.1124,55000,1.0000562354576226,0,train
B1:0.162405:56000,208,221,N=0.162405B,2,60,0.162405,117.441,2.6736,0.1144,56000,0.9996676486934145,0,train
B1:0.162405:57000,209,222,N=0.162405B,2,61,0.162405,119.538,2.6713,0.1165,57000,1.0001595676036807,0,train
B1:0.162405:58000,210,223,N=0.162405B,2,62,0.162405,121.635,2.6702,0.1185,58000,0.9997908197149136,0,train
B1:0.162405:59000,211,224,N=0.162405B,2,63,0.162405,123.732,2.6683,0.1206,59000,1.0002639771282207,0,train
B1:0.162405:60000,212,225,N=0.162405B,2,64,0.162405,125.829,2.6669,0.1226,60000,0.9999057799223052,0,train
B1:0.162405:61000,213,226,N=0.162405B,2,65,0.162405,127.926,2.6657,0.1247,61000,1.0003615406082362,0,train
B1:0.162405:62000,214,227,N=0.162405B,2,66,0.162405,130.023,2.6641,0.1267,62000,1.0000133238555022,0,train
B1:0.162405:63000,215,228,N=0.162405B,2,67,0.162405,132.121,2.6625,0.1287,63000,0.9996685944814125,0,train
B1:0.162405:64000,216,229,N=0.162405B,2,68,0.162405,134.218,2.6611,0.1308,64000,1.0001066953276325,0,train
B1:0.162405:65000,217,230,N=0.162405B,2,69,0.162405,136.315,2.66,0.1328,65000,0.9997784719018373,0,train
B1:0.162405:66000,218,231,N=0.162405B,2,70,0.162405,138.412,2.6584,0.1349,66000,1.0002016332348669,0,train
B1:0.162405:67000,219,232,N=0.162405B,2,71,0.162405,140.509,2.6573,0.1369,67000,0.9998817899431294,0,train
B1:0.162405:68000,220,233,N=0.162405B,2,72,0.162405,142.606,2.656,0.139,68000,1.0002909869509322,0,train
B1:0.162405:69000,221,234,N=0.162405B,2,73,0.162405,144.703,2.6546,0.141,69000,0.9999791189466658,0,train
B1:0.162405:70000,222,235,N=0.162405B,2,74,0.162405,146.801,2.6538,0.143,70000,0.9996693511130995,0,train
B1:0.162405:71000,223,236,N=0.162405B,2,75,0.162405,148.898,2.6523,0.1451,71000,1.00006424851079,0,train
B1:0.162405:72000,224,237,N=0.162405B,2,76,0.162405,150.995,2.6507,0.1471,72000,0.9997685250410567,0,train
B1:0.162405:73000,225,238,N=0.162405B,2,77,0.162405,153.092,2.6499,0.1492,73000,1.0001512456599941,0,train
B1:0.162405:74000,226,239,N=0.162405B,2,78,0.162405,155.189,2.6486,0.1512,74000,0.9998623385961284,0,train
B1:0.162405:75000,227,240,N=0.162405B,2,79,0.162405,157.286,2.6477,0.1533,75000,1.0002336032857346,0,train
B1:0.162405:76000,228,241,N=0.162405B,2,80,0.162405,159.384,2.6464,0.1553,76000,0.9999449410870277,0,train
B1:0.162405:77000,229,242,N=0.162405B,2,81,0.162405,161.481,2.6454,0.1574,77000,1.0003054882755265,0,train
B1:0.162405:78000,230,243,N=0.162405B,2,82,0.162405,163.578,2.6444,0.1594,78000,1.000029420313459,0,train
B1:0.162405:79000,231,244,N=0.162405B,2,83,0.162405,165.675,2.6434,0.1614,79000,0.999760340907498,0,train
B1:0.162405:80000,232,245,N=0.162405B,2,84,0.162405,167.772,2.642,0.1635,80000,1.0001096758806909,0,train
B1:0.162405:81000,233,246,N=0.162405B,2,85,0.162405,169.869,2.6411,0.1655,81000,0.9998462492018555,0,train
B1:0.162405:82000,234,247,N=0.162405B,2,86,0.162405,171.966,2.6401,0.1676,82000,1.0001860168153907,0,train
B1:0.162405:83000,235,248,N=0.162405B,2,87,0.162405,174.064,2.6391,0.1696,83000,0.9999222730230847,0,train
B1:0.162405:84000,236,249,N=0.162405B,2,88,0.162405,176.161,2.6385,0.1717,84000,1.000253044621089,0,train
B1:0.162405:85000,237,250,N=0.162405B,2,89,0.162405,178.258,2.6373,0.1737,85000,1.0000003284975172,0,train
B1:0.162405:86000,238,251,N=0.162405B,2,90,0.162405,180.355,2.6361,0.1757,86000,0.9997534890694751,0,train
B1:0.162405:87000,239,252,N=0.162405B,2,91,0.162405,182.452,2.6355,0.1778,87000,1.0000747954702096,0,train
B1:0.162405:88000,240,253,N=0.162405B,2,92,0.162405,184.549,2.6347,0.1798,88000,0.9998327194779998,0,train
B1:0.162405:89000,241,254,N=0.162405B,2,93,0.162405,186.647,2.6337,0.1819,89000,1.0001405573566726,0,train
B1:0.162405:90000,242,255,N=0.162405B,2,94,0.162405,188.744,2.6324,0.1839,90000,0.9999031310810708,0,train
B1:0.162405:91000,243,256,N=0.162405B,2,95,0.162405,190.841,2.6317,0.186,91000,1.0002086691789034,0,train
B1:0.162405:92000,244,257,N=0.162405B,2,96,0.162405,192.938,2.6311,0.188,92000,0.9999756636773776,0,train
B1:0.162405:93000,245,258,N=0.162405B,2,97,0.162405,195.035,2.6299,0.19,93000,0.9997476686871617,0,train
B1:0.162405:94000,246,259,N=0.162405B,2,98,0.162405,197.132,2.6292,0.1921,94000,1.0000451099994219,0,train
B1:0.162405:95000,247,260,N=0.162405B,2,99,0.162405,199.229,2.6284,0.1941,95000,0.999821183603897,0,train
B1:0.162405:96000,248,261,N=0.162405B,2,100,0.162405,201.327,2.6274,0.1962,96000,1.0001066953276325,0,train
B1:0.162405:97000,249,262,N=0.162405B,2,101,0.162405,203.424,2.6267,0.1982,97000,0.9998867518780529,0,train
B1:0.162405:98000,250,263,N=0.162405B,2,102,0.162405,205.521,2.6254,0.2003,98000,1.0001706330547562,0,train
B1:0.162405:99000,251,264,N=0.162405B,2,103,0.162405,207.618,2.6249,0.2023,99000,0.9999544867972009,0,test
B1:0.162405:100000,252,265,N=0.162405B,2,104,0.162405,209.715,2.6243,0.2044,100000,1.0002320134557219,0,test
B1:0.162405:101000,253,266,N=0.162405B,2,105,0.162405,211.812,2.6234,0.2064,101000,1.0000195393352664,0,test
B1:0.162405:102000,254,267,N=0.162405B,2,106,0.162405,213.91,2.623,0.2084,102000,0.9998065571010997,0,test
B1:0.162405:103000,255,268,N=0.162405B,2,107,0.162405,216.007,2.6218,0.2105,103000,1.0000774358770859,0,test
B1:0.162405:104000,256,269,N=0.162405B,2,108,0.162405,218.104,2.6212,0.2125,104000,0.9998725775561953,0,test
B1:0.162405:105000,257,270,N=0.162405B,2,109,0.162405,220.201,2.6206,0.2146,105000,1.0001376683907972,0,test
B1:0.162405:106000,258,271,N=0.162405B,2,110,0.162405,222.298,2.62,0.2166,106000,0.9999361068526782,0,test
B1:0.162405:107000,259,272,N=0.162405B,2,111,0.162405,224.395,2.6189,0.2187,107000,1.000195649382304,0,test
B1:0.162405:108000,260,273,N=0.162405B,2,112,0.162405,226.492,2.6186,0.2207,108000,0.9999972833784722,0,test
B1:0.162405:109000,261,274,N=0.162405B,2,113,0.162405,228.59,2.6177,0.2227,109000,0.9997981830822505,0,test
B1:0.162405:110000,262,275,N=0.162405B,2,114,0.162405,230.687,2.6169,0.2248,110000,1.0000519003358537,0,test
B1:0.162405:111000,263,276,N=0.162405B,2,115,0.162405,232.784,2.6164,0.2268,111000,0.9998601909778673,0,test
B1:0.162405:112000,264,277,N=0.162405B,2,116,0.162405,234.881,2.6157,0.2289,112000,1.00010882429229,0,test
B1:0.162405:113000,265,278,N=0.162405B,2,117,0.162405,236.978,2.6149,0.2309,113000,0.9999200040611874,0,test
B1:0.162405:114000,266,279,N=0.162405B,2,118,0.162405,239.075,2.6143,0.233,114000,1.0001637510589463,0,test
B1:0.162405:115000,267,280,N=0.162405B,2,119,0.162405,241.172,2.6136,0.235,115000,0.9999777368360849,0,test
B1:0.162405:116000,268,281,N=0.162405B,2,120,0.162405,243.27,2.613,0.237,116000,0.9997908197149136,0,test
B1:0.162405:117000,269,282,N=0.162405B,2,121,0.162405,245.367,2.6125,0.2391,117000,1.0000294203134592,0,test
B1:0.162405:118000,270,283,N=0.162405B,2,122,0.162405,247.464,2.612,0.2411,118000,0.9998492739867911,0,test
B1:0.162405:119000,271,284,N=0.162405B,2,123,0.162405,249.561,2.6109,0.2432,119000,1.0000833736035388,0,test
B1:0.162405:120000,272,285,N=0.162405B,2,124,0.162405,251.658,2.6108,0.2452,120000,0.9999057799223052,0,test
B1:0.162405:121000,273,286,N=0.162405B,2,125,0.162405,253.755,2.6096,0.2473,121000,1.0001355434402985,0,test
B1:0.162405:122000,274,287,N=0.162405B,2,126,0.162405,255.853,2.6092,0.2493,122000,0.9999565249948513,0,test
B1:0.162405:123000,275,288,N=0.162405B,2,127,0.162405,257.95,2.6088,0.2514,123000,1.000182139373961,0,test
B1:0.162405:124000,276,289,N=0.162405B,2,128,0.162405,260.047,2.6081,0.2534,124000,1.0000094783455604,0,test
B1:0.162405:125000,277,290,N=0.162405B,2,129,0.162405,262.144,2.6074,0.2554,125000,0.999839579693385,0,test
B1:0.162405:126000,278,291,N=0.162405B,2,130,0.162405,264.241,2.6069,0.2575,126000,1.0000607507583916,0,test
B1:0.162405:127000,279,292,N=0.162405B,2,131,0.162405,266.338,2.6063,0.2595,127000,0.9998931237936866,0,test
B1:0.162405:128000,280,293,N=0.162405B,2,132,0.162405,268.435,2.6057,0.2616,128000,1.000110421021731,0,test
B1:0.162405:129000,281,294,N=0.162405B,2,133,0.162405,270.533,2.6053,0.2636,129000,0.9999413115249641,0,test
B1:0.162405:130000,282,295,N=0.162405B,2,134,0.162405,272.63,2.6047,0.2657,130000,1.0001548945192702,0,test
B1:0.162405:131000,283,296,N=0.162405B,2,135,0.162405,274.727,2.604,0.2677,131000,0.9999916675703638,0,test
B1:0.162405:132000,284,297,N=0.162405B,2,136,0.162405,276.824,2.6037,0.2697,132000,0.9998309135783678,0,test
B1:0.162405:133000,285,298,N=0.162405B,2,137,0.162405,278.921,2.603,0.2718,133000,1.0000405092568274,0,test
B1:0.162405:134000,286,299,N=0.162405B,2,138,0.162405,281.018,2.6026,0.2738,134000,0.9998817899431294,0,test
B1:0.162405:135000,287,300,N=0.162405B,2,139,0.162405,283.116,2.602,0.2759,135000,1.0000843714528453,0,test
B1:0.162405:136000,288,301,N=0.162405B,2,140,0.162405,285.213,2.6013,0.2779,136000,0.9999276641389365,0,test
B1:0.162405:137000,289,302,N=0.162405B,2,141,0.162405,287.31,2.6008,0.28,137000,1.000130433796471,0,test
B1:0.162405:138000,290,303,N=0.162405B,2,142,0.162405,289.407,2.6005,0.282,138000,0.9999756636773773,0,test
B1:0.162405:139000,291,304,N=0.162405B,2,143,0.162405,291.504,2.5999,0.2841,139000,1.0001751707005195,0,test
B1:0.162405:140000,292,305,N=0.162405B,2,144,0.162405,293.601,2.5993,0.2861,140000,1.0000222918985258,0,test
B1:0.162405:141000,293,306,N=0.162405B,2,145,0.162405,295.698,2.5989,0.2881,141000,0.9998715814361739,0,test
B1:0.162405:142000,294,307,N=0.162405B,2,146,0.162405,297.796,2.5985,0.2902,142000,1.00006424851079,0,test
B1:0.162405:143000,295,308,N=0.162405B,2,147,0.162405,299.893,2.5978,0.2922,143000,0.9999153528536311,0,test
B1:0.409009:64,296,316,N=0.409009B,3,1,0.409009,0.134,4.3461,0.0003,64,0.9122887964768719,1,train
B1:0.409009:128,297,317,N=0.409009B,3,2,0.409009,0.268,3.9625,0.0007,128,1.0643369292230174,1,train
B1:0.409009:256,298,318,N=0.409009B,3,3,0.409009,0.537,3.6458,0.0013,256,0.9864724292133524,0,train
B1:0.409009:512,299,319,N=0.409009B,3,4,0.409009,1.074,3.3856,0.0026,512,0.9864724292133524,0,train
B1:0.409009:1000,300,320,N=0.409009B,3,5,0.409009,2.097,3.1777,0.0051,1000,0.9910318924054909,0,train
B1:0.409009:2000,301,321,N=0.409009B,3,6,0.409009,4.194,2.9999,0.0103,2000,1.0007478913506427,0,train
B1:0.409009:3000,302,322,N=0.409009B,3,7,0.409009,6.291,2.9109,0.0154,3000,0.997509225035592,0,train
B1:0.409009:4000,303,323,N=0.409009B,3,8,0.409009,8.389,2.8533,0.0206,4000,1.0006285984800563,0,train
B1:0.409009:5000,304,324,N=0.409009B,3,9,0.409009,10.486,2.8125,0.0257,5000,0.9987094403035958,0,train
B1:0.409009:6000,305,325,N=0.409009B,3,10,0.409009,12.583,2.7799,0.0309,6000,1.0006683596100918,0,train
B1:0.409009:7000,306,326,N=0.409009B,3,11,0.409009,14.68,2.754,0.036,7000,0.9992918152144483,0,train
B1:0.409009:8000,307,327,N=0.409009B,3,12,0.409009,16.777,2.733,0.0412,8000,1.000688241360099,0,train
B1:0.409009:9000,308,328,N=0.409009B,3,13,0.409009,18.874,2.7147,0.0463,9000,0.9996153705453374,0,train
B1:0.409009:10000,309,329,N=0.409009B,3,14,0.409009,20.972,2.6988,0.0515,10000,1.0006524547788944,0,train
B1:0.409009:11000,310,330,N=0.409009B,3,15,0.409009,23.069,2.6849,0.0566,11000,0.9997779340238975,0,train
B1:0.409009:12000,311,331,N=0.409009B,3,16,0.409009,25.166,2.6724,0.0618,12000,1.0006683596100918,0,train
B1:0.409009:13000,312,332,N=0.409009B,3,17,0.409009,27.263,2.6611,0.0669,13000,0.9999271472809995,0,train
B1:0.409009:14000,313,333,N=0.409009B,3,18,0.409009,29.36,2.6512,0.0721,14000,1.0006797205133573,0,train
B1:0.409009:15000,314,334,N=0.409009B,3,19,0.409009,31.457,2.6418,0.0772,15000,1.000036572866023,0,train
B1:0.409009:16000,315,335,N=0.409009B,3,20,0.409009,33.554,2.6336,0.0823,16000,0.9994738138827203,0,train
B1:0.409009:17000,316,336,N=0.409009B,3,21,0.409009,35.652,2.6256,0.0875,17000,1.000092200408703,0,train
B1:0.409009:18000,317,337,N=0.409009B,3,22,0.409009,37.749,2.6183,0.0926,18000,0.9995888899664996,0,train
B1:0.409009:19000,318,338,N=0.409009B,3,23,0.409009,39.846,2.6116,0.0978,19000,1.0001612153113406,0,train
B1:0.409009:20000,319,339,N=0.409009B,3,24,0.409009,41.943,2.6055,0.1029,20000,0.9997047818150823,0,train
B1:0.409009:21000,320,340,N=0.409009B,3,25,0.409009,44.04,2.5994,0.1081,21000,1.000217085413721,0,train
B1:0.409009:22000,321,341,N=0.409009B,3,26,0.409009,46.137,2.5938,0.1132,22000,0.9997996037885988,0,train
B1:0.409009:23000,322,342,N=0.409009B,3,27,0.409009,48.234,2.5887,0.1184,23000,1.0002632395808946,0,train
B1:0.409009:24000,323,343,N=0.409009B,3,28,0.409009,50.332,2.5837,0.1235,24000,0.9998587573773976,0,train
B1:0.409009:25000,324,344,N=0.409009B,3,29,0.409009,52.429,2.5789,0.1287,25000,1.0002829303299599,0,train
B1:0.409009:26000,325,345,N=0.409009B,3,30,0.409009,54.526,2.5745,0.1338,26000,0.9999271472809995,0,train
B1:0.409009:27000,326,346,N=0.409009B,3,31,0.409009,56.623,2.5703,0.139,27000,1.000317369454004,0,train
B1:0.409009:28000,327,347,N=0.409009B,3,32,0.409009,58.72,2.566,0.1441,28000,0.9999857678639029,0,train
B1:0.409009:29000,328,348,N=0.409009B,3,33,0.409009,60.817,2.5621,0.1492,29000,0.9996770338448572,0,train
B1:0.409009:30000,329,349,N=0.409009B,3,34,0.409009,62.915,2.5585,0.1544,30000,1.0000206778239367,0,train
B1:0.409009:31000,330,350,N=0.409009B,3,35,0.409009,65.012,2.555,0.1595,31000,0.999730739304548,0,train
B1:0.409009:32000,331,351,N=0.409009B,3,36,0.409009,67.109,2.5517,0.1647,32000,1.0000661252830108,0,train
B1:0.409009:33000,332,352,N=0.409009B,3,37,0.409009,69.206,2.5486,0.1698,33000,0.9997923804293252,0,train
B1:0.409009:34000,333,353,N=0.409009B,3,38,0.409009,71.303,2.5454,0.175,34000,1.0001062263571259,0,train
B1:0.409009:35000,334,354,N=0.409009B,3,39,0.409009,73.4,2.5422,0.1801,35000,0.9998469773340118,0,train
B1:0.409009:36000,335,355,N=0.409009B,3,40,0.409009,75.497,2.5393,0.1853,36000,1.0001418720514292,0,train
B1:0.409009:37000,336,356,N=0.409009B,3,41,0.409009,77.595,2.5363,0.1904,37000,0.9998827861671638,0,train
B1:0.409009:38000,337,357,N=0.409009B,3,42,0.409009,79.692,2.5337,0.1956,38000,1.0001612153113406,0,train
B1:0.409009:39000,338,358,N=0.409009B,3,43,0.409009,81.789,2.531,0.2007,39000,0.9999271472809994,0,train
B1:0.409009:40000,339,359,N=0.409009B,3,44,0.409009,83.886,2.5286,0.2059,40000,1.0001905470151866,0,train
B1:0.409009:41000,340,360,N=0.409009B,3,45,0.409009,85.983,2.5259,0.211,41000,0.9999671807832973,0,train
B1:0.409009:42000,341,361,N=0.409009B,3,46,0.409009,88.08,2.5237,0.2162,42000,1.000217085413721,0,train
B1:0.409009:43000,342,362,N=0.409009B,3,47,0.409009,90.178,2.5215,0.2213,43000,0.9999924012687669,0,train
B1:0.409009:44000,343,363,N=0.409009B,3,48,0.409009,92.275,2.5191,0.2264,44000,0.9997887687888286,0,train
B1:0.409009:45000,344,364,N=0.409009B,3,49,0.409009,94.372,2.5169,0.2316,45000,1.0000259761151555,0,train
B1:0.409009:46000,345,365,N=0.409009B,3,50,0.409009,96.469,2.5148,0.2367,46000,0.9998304667438636,0,train
B1:0.409009:47000,346,366,N=0.409009B,3,51,0.409009,98.566,2.5126,0.2419,47000,1.0000566937307394,0,train
B1:0.409009:48000,347,367,N=0.409009B,3,52,0.409009,100.663,2.5107,0.247,48000,0.999868690110948,0,train
B1:0.409009:49000,348,368,N=0.409009B,3,53,0.409009,102.76,2.5087,0.2522,49000,1.000084903956682,0,train
B1:0.409009:50000,349,369,N=0.409009B,3,54,0.409009,104.858,2.5068,0.2573,50000,0.9998943200229162,0,train
B1:0.409009:51000,350,370,N=0.409009B,3,55,0.409009,106.955,2.5048,0.2625,51000,1.0001015509972722,0,train
B1:0.409009:52000,351,371,N=0.409009B,3,56,0.409009,109.052,2.5031,0.2676,52000,0.9999271472809995,0,train
B1:0.409009:53000,352,372,N=0.409009B,3,57,0.409009,111.149,2.5014,0.2728,53000,1.0001259394437902,0,train
B1:0.409009:54000,353,373,N=0.409009B,3,58,0.409009,113.246,2.4998,0.2779,54000,0.9999575430621138,0,train
B1:0.409009:55000,354,374,N=0.409009B,3,59,0.409009,115.343,2.498,0.2831,55000,1.000148554308128,0,train
B1:0.409009:56000,355,375,N=0.409009B,3,60,0.409009,117.441,2.4965,0.2882,56000,0.9999772530712167,0,train
B1:0.409009:57000,356,376,N=0.409009B,3,61,0.409009,119.538,2.4946,0.2934,57000,1.0001612153113406,0,train
B1:0.409009:58000,357,377,N=0.409009B,3,62,0.409009,121.635,2.4932,0.2985,58000,1.0000038248387497,0,train
B1:0.409009:59000,358,378,N=0.409009B,3,63,0.409009,123.732,2.4916,0.3036,59000,0.9998517692483404,0,train
B1:0.409009:60000,359,379,N=0.409009B,3,64,0.409009,125.829,2.4903,0.3088,60000,1.0000286252818187,0,train
B1:0.409009:61000,360,380,N=0.409009B,3,65,0.409009,127.926,2.4884,0.3139,61000,0.9998811482338246,0,train
B1:0.409009:62000,361,381,N=0.409009B,3,66,0.409009,130.023,2.487,0.3191,62000,1.0000518258070534,0,train
B1:0.409009:63000,362,382,N=0.409009B,3,67,0.409009,132.121,2.4856,0.3242,63000,0.9999010938857928,0,train
B1:0.409009:64000,363,383,N=0.409009B,3,68,0.409009,134.218,2.484,0.3294,64000,1.0000661252830108,0,train
B1:0.409009:65000,364,384,N=0.409009B,3,69,0.409009,136.315,2.4829,0.3345,65000,0.9999271472809994,0,train
B1:0.409009:66000,365,385,N=0.409009B,3,70,0.409009,138.412,2.4815,0.3397,66000,1.000086783368203,0,train
B1:0.409009:67000,366,386,N=0.409009B,3,71,0.409009,140.509,2.4803,0.3448,67000,0.9999516453603261,0,train
B1:0.409009:68000,367,387,N=0.409009B,3,72,0.409009,142.606,2.479,0.35,68000,1.0001062263571259,0,train
B1:0.409009:69000,368,388,N=0.409009B,3,73,0.409009,144.703,2.478,0.3551,69000,0.9999747233592852,0,train
B1:0.409009:70000,369,389,N=0.409009B,3,74,0.409009,146.801,2.4766,0.3603,70000,1.0001177456026114,0,train
B1:0.409009:71000,370,390,N=0.409009B,3,75,0.409009,148.898,2.4752,0.3654,71000,0.9999897852931754,0,train
B1:0.409009:72000,371,391,N=0.409009B,3,76,0.409009,150.995,2.474,0.3705,72000,0.9998653791778372,0,train
B1:0.409009:73000,372,392,N=0.409009B,3,77,0.409009,153.092,2.473,0.3757,73000,1.000010553829774,0,train
B1:0.409009:74000,373,393,N=0.409009B,3,78,0.409009,155.189,2.4716,0.3808,74000,0.9998892291675451,0,train
B1:0.409009:75000,374,394,N=0.409009B,3,79,0.409009,157.286,2.4708,0.386,75000,1.0000302147885536,0,train
B1:0.409009:76000,375,395,N=0.409009B,3,80,0.409009,159.384,2.4696,0.3911,76000,0.9999055503790013,0,train
B1:0.409009:77000,376,396,N=0.409009B,3,81,0.409009,161.481,2.4683,0.3963,77000,1.0000426614868436,0,train
B1:0.409009:78000,377,397,N=0.409009B,3,82,0.409009,163.578,2.4671,0.4014,78000,0.9999271472809994,0,train
B1:0.409009:79000,378,398,N=0.409009B,3,83,0.409009,165.675,2.4664,0.4066,79000,1.0000605141142695,0,train
B1:0.409009:80000,379,399,N=0.409009B,3,84,0.409009,167.772,2.4652,0.4117,80000,0.9999476644151345,0,train
B1:0.409009:81000,380,400,N=0.409009B,3,85,0.409009,169.869,2.4644,0.4169,81000,1.0000774851927439,0,train
B1:0.409009:82000,381,401,N=0.409009B,3,86,0.409009,171.966,2.463,0.422,82000,0.9999671807832973,0,train
B1:0.409009:83000,382,402,N=0.409009B,3,87,0.409009,174.064,2.4621,0.4272,83000,1.000087892893021,0,train
B1:0.409009:84000,383,403,N=0.409009B,3,88,0.409009,176.161,2.4612,0.4323,84000,0.9999800913193335,0,train
B1:0.409009:85000,384,404,N=0.409009B,3,89,0.409009,178.258,2.4603,0.4375,85000,1.000103421135968,0,train
B1:0.409009:86000,385,405,N=0.409009B,3,90,0.409009,180.355,2.4592,0.4426,86000,0.9999979458469669,0,train
B1:0.409009:87000,386,406,N=0.409009B,3,91,0.409009,182.452,2.4584,0.4477,87000,0.9998948951044878,0,train
B1:0.409009:88000,387,407,N=0.409009B,3,92,0.409009,184.549,2.4573,0.4529,88000,1.0000149888623309,0,train
B1:0.409009:89000,388,408,N=0.409009B,3,93,0.409009,186.647,2.4565,0.458,89000,0.9999087049774635,0,train
B1:0.409009:90000,389,409,N=0.409009B,3,94,0.409009,188.744,2.4557,0.4632,90000,1.0000259761151555,0,train
B1:0.409009:91000,390,410,N=0.409009B,3,95,0.409009,190.841,2.4548,0.4683,91000,0.9999271472809994,0,train
B1:0.409009:92000,391,411,N=0.409009B,3,96,0.409009,192.938,2.454,0.4735,92000,1.0000416687858458,0,train
B1:0.409009:93000,392,412,N=0.409009B,3,97,0.409009,195.035,2.4529,0.4786,93000,0.9999447964241178,0,train
B1:0.409009:94000,393,413,N=0.409009B,3,98,0.409009,197.132,2.452,0.4838,94000,1.0000566937307394,0,train
B1:0.409009:95000,394,414,N=0.409009B,3,99,0.409009,199.229,2.4515,0.4889,95000,0.9999617024976404,0,train
B1:0.409009:96000,395,415,N=0.409009B,3,100,0.409009,201.327,2.4506,0.4941,96000,1.0000661252830105,0,train
B1:0.409009:97000,396,416,N=0.409009B,3,101,0.409009,203.424,2.4496,0.4992,97000,0.9999729957292502,0,train
B1:0.409009:98000,397,417,N=0.409009B,3,102,0.409009,205.521,2.4491,0.5044,98000,1.0000800378607406,0,train
B1:0.409009:99000,398,418,N=0.409009B,3,103,0.409009,207.618,2.4481,0.5095,99000,0.9999886490552437,0,test
B1:0.409009:100000,399,419,N=0.409009B,3,104,0.409009,209.715,2.4475,0.5147,100000,1.000093393975166,0,test
B1:0.409009:101000,400,420,N=0.409009B,3,105,0.409009,211.812,2.4466,0.5198,101000,1.000003682491437,0,test
B1:0.409009:102000,401,421,N=0.409009B,3,106,0.409009,213.91,2.446,0.5249,102000,0.9999110554637489,0,test
B1:0.409009:103000,402,422,N=0.409009B,3,107,0.409009,216.007,2.4452,0.5301,103000,1.0000135025818644,0,test
B1:0.409009:104000,403,423,N=0.409009B,3,108,0.409009,218.104,2.4443,0.5352,104000,0.9999271472809995,0,test
B1:0.409009:105000,404,424,N=0.409009B,3,109,0.409009,220.201,2.4437,0.5404,105000,1.0000274899229584,0,test
B1:0.409009:106000,405,425,N=0.409009B,3,110,0.409009,222.298,2.4429,0.5455,106000,0.9999426319035696,0,test
B1:0.409009:107000,406,426,N=0.409009B,3,111,0.409009,224.395,2.4423,0.5507,107000,1.0000409544100801,0,test
B1:0.409009:108000,407,427,N=0.409009B,3,112,0.409009,226.492,2.4413,0.5558,108000,0.9999575430621138,0,test
B1:0.409009:109000,408,428,N=0.409009B,3,113,0.409009,228.59,2.4408,0.561,109000,1.0000495499417061,0,test
B1:0.409009:110000,409,429,N=0.409009B,3,114,0.409009,230.687,2.4401,0.5661,110000,0.9999675772780819,0,test
B1:0.409009:111000,410,430,N=0.409009B,3,115,0.409009,232.784,2.4391,0.5713,111000,1.00006213175089,0,test
B1:0.409009:112000,411,431,N=0.409009B,3,116,0.409009,234.881,2.4385,0.5764,112000,0.9999815104494341,0,test
B1:0.409009:113000,412,432,N=0.409009B,3,117,0.409009,236.978,2.4377,0.5816,113000,1.000074268218247,0,test
B1:0.409009:114000,413,433,N=0.409009B,3,118,0.409009,239.075,2.4373,0.5867,114000,0.9999949547723438,0,test
B1:0.409009:115000,414,434,N=0.409009B,3,119,0.409009,241.172,2.4368,0.5918,115000,0.9999170205934869,0,test
B1:0.409009:116000,415,435,N=0.409009B,3,120,0.409009,243.27,2.4362,0.597,116000,1.0000038248387497,0,test
B1:0.409009:117000,416,436,N=0.409009B,3,121,0.409009,245.367,2.4354,0.6021,117000,0.9999271472809995,0,test
B1:0.409009:118000,417,437,N=0.409009B,3,122,0.409009,247.464,2.4349,0.6073,118000,1.000016435218243,0,test
B1:0.409009:119000,418,438,N=0.409009B,3,123,0.409009,249.561,2.434,0.6124,119000,0.9999409403040603,0,test
B1:0.409009:120000,419,439,N=0.409009B,3,124,0.409009,251.658,2.4333,0.6176,120000,1.0000286252818187,0,test
B1:0.409009:121000,420,440,N=0.409009B,3,125,0.409009,253.755,2.4329,0.6227,121000,0.9999542773917605,0,test
B1:0.409009:122000,421,441,N=0.409009B,3,126,0.409009,255.853,2.4323,0.6279,122000,1.0000365070470014,0,test
B1:0.409009:123000,422,442,N=0.409009B,3,127,0.409009,257.95,2.4317,0.633,123000,0.9999633041902338,0,test
B1:0.409009:124000,423,443,N=0.409009B,3,128,0.409009,260.047,2.4309,0.6382,124000,1.000047980149054,0,test
B1:0.409009:125000,424,444,N=0.409009B,3,129,0.409009,262.144,2.4305,0.6433,125000,0.9999758566749395,0,test
B1:0.409009:126000,425,445,N=0.409009B,3,130,0.409009,264.241,2.4298,0.6485,126000,1.000059089051834,0,test
B1:0.409009:127000,426,446,N=0.409009B,3,131,0.409009,266.338,2.4294,0.6536,127000,0.9999880138340002,0,test
B1:0.409009:128000,427,447,N=0.409009B,3,132,0.409009,268.435,2.4288,0.6588,128000,1.0000698508259738,0,test
B1:0.409009:129000,428,448,N=0.409009B,3,133,0.409009,270.533,2.4281,0.6639,129000,0.9999960976474018,0,test
B1:0.409009:130000,429,449,N=0.409009B,3,134,0.409009,272.63,2.4276,0.669,130000,0.9999271472809994,0,test
B1:0.409009:131000,430,450,N=0.409009B,3,135,0.409009,274.727,2.427,0.6742,131000,1.0000075745782875,0,test
B1:0.409009:132000,431,451,N=0.409009B,3,136,0.409009,276.824,2.4266,0.6793,132000,0.9999395818987641,0,test
B1:0.409009:133000,432,452,N=0.409009B,3,137,0.409009,278.921,2.4261,0.6845,133000,1.0000187063630697,0,test
B1:0.409009:134000,433,453,N=0.409009B,3,138,0.409009,281.018,2.4254,0.6896,134000,0.9999516453603261,0,test
B1:0.409009:135000,434,454,N=0.409009B,3,139,0.409009,283.116,2.425,0.6948,135000,1.0000259761151553,0,test
B1:0.409009:136000,435,455,N=0.409009B,3,140,0.409009,285.213,2.4244,0.6999,136000,0.9999598480160183,0,test
B1:0.409009:137000,436,456,N=0.409009B,3,141,0.409009,287.31,2.4238,0.7051,137000,1.000036514253395,0,test
B1:0.409009:138000,437,457,N=0.409009B,3,142,0.409009,289.407,2.4234,0.7102,138000,0.999971268105185,0,test
B1:0.409009:139000,438,458,N=0.409009B,3,143,0.409009,291.504,2.4228,0.7154,139000,1.0000467491577048,0,test
B1:0.409009:140000,439,459,N=0.409009B,3,144,0.409009,293.601,2.4223,0.7205,140000,0.9999823619294276,0,test
B1:0.409009:141000,440,460,N=0.409009B,3,145,0.409009,295.698,2.4217,0.7257,141000,1.0000566937307394,0,test
B1:0.409009:142000,441,461,N=0.409009B,3,146,0.409009,297.796,2.4216,0.7308,142000,0.9999897852931754,0,test
B1:0.409009:143000,442,462,N=0.409009B,3,147,0.409009,299.893,2.4209,0.736,143000,1.000063025409452,0,test
B1:1.040867:64,443,470,N=1.040867B,4,1,1.040867,0.134,4.2153,0.0008,64,0.9559577502427212,0,train
B1:1.040867:128,444,471,N=1.040867B,4,2,1.040867,0.268,3.8315,0.0017,128,1.0157051096328913,0,train
B1:1.040867:256,445,472,N=1.040867B,4,3,1.040867,0.537,3.5146,0.0034,256,1.0138136662257535,0,train
B1:1.040867:512,446,473,N=1.040867B,4,4,1.040867,1.074,3.2545,0.0067,512,0.9989046417224338,0,train
B1:1.040867:1000,447,474,N=1.040867B,4,5,1.040867,2.097,3.0476,0.0131,1000,1.0002910316977067,0,train
B1:1.040867:2000,448,475,N=1.040867B,4,6,1.040867,4.194,2.8697,0.0262,2000,1.0002910316977067,0,train
B1:1.040867:3000,449,476,N=1.040867B,4,7,1.040867,6.291,2.7802,0.0393,3000,1.0002910316977067,0,train
B1:1.040867:4000,450,477,N=1.040867B,4,8,1.040867,8.389,2.723,0.0524,4000,1.0001717932864902,0,train
B1:1.040867:5000,451,478,N=1.040867B,4,9,1.040867,10.486,2.6816,0.0655,5000,1.0001956386944932,0,train
B1:1.040867:6000,452,479,N=1.040867B,4,10,1.040867,12.583,2.6501,0.0786,6000,1.0002115362648452,0,train
B1:1.040867:7000,453,480,N=1.040867B,4,11,1.040867,14.68,2.6239,0.0917,7000,1.0002228919816512,0,train
B1:1.040867:8000,454,481,N=1.040867B,4,12,1.040867,16.777,2.6023,0.1048,8000,1.0002314089384712,0,train
B1:1.040867:9000,455,482,N=1.040867B,4,13,1.040867,18.874,2.5839,0.1179,9000,1.0002380333384986,0,train
B1:1.040867:10000,456,483,N=1.040867B,4,14,1.040867,20.972,2.5679,0.131,10000,1.0001956386944932,0,train
B1:1.040867:11000,457,484,N=1.040867B,4,15,1.040867,23.069,2.5543,0.1441,11000,1.0002043100338551,0,train
B1:1.040867:12000,458,485,N=1.040867B,4,16,1.040867,25.166,2.5417,0.1572,12000,1.0002115362648452,0,train
B1:1.040867:13000,459,486,N=1.040867B,4,17,1.040867,27.263,2.5305,0.1703,13000,1.0002176508495464,0,train
B1:1.040867:14000,460,487,N=1.040867B,4,18,1.040867,29.36,2.5205,0.1834,14000,1.0002228919816512,0,train
B1:1.040867:15000,461,488,N=1.040867B,4,19,1.040867,31.457,2.5113,0.1965,15000,1.0002274343405717,0,train
B1:1.040867:16000,462,489,N=1.040867B,4,20,1.040867,33.554,2.5032,0.2096,16000,1.0002314089384712,0,train
B1:1.040867:17000,463,490,N=1.040867B,4,21,1.040867,35.652,2.4953,0.2227,17000,1.0002068604563994,0,train
B1:1.040867:18000,464,491,N=1.040867B,4,22,1.040867,37.749,2.4879,0.2358,18000,1.0002115362648452,0,train
B1:1.040867:19000,465,492,N=1.040867B,4,23,1.040867,39.846,2.4814,0.2488,19000,0.9998138654724481,0,train
B1:1.040867:20000,466,493,N=1.040867B,4,24,1.040867,41.943,2.4749,0.2619,20000,0.99983772207723,0,train
B1:1.040867:21000,467,494,N=1.040867B,4,25,1.040867,44.04,2.4688,0.275,21000,0.9998593067791861,0,train
B1:1.040867:22000,468,495,N=1.040867B,4,26,1.040867,46.137,2.4636,0.2881,22000,0.9998789293631021,0,train
B1:1.040867:23000,469,496,N=1.040867B,4,27,1.040867,48.234,2.4582,0.3012,23000,0.9998968457415004,0,train
B1:1.040867:24000,470,497,N=1.040867B,4,28,1.040867,50.332,2.453,0.3143,24000,0.9998934028245575,0,train
B1:1.040867:25000,471,498,N=1.040867B,4,29,1.040867,52.429,2.4485,0.3274,25000,0.999909306766021,0,train
B1:1.040867:26000,472,499,N=1.040867B,4,30,1.040867,54.526,2.4439,0.3405,26000,0.9999239874171185,0,train
B1:1.040867:27000,473,500,N=1.040867B,4,31,1.040867,56.623,2.4396,0.3536,27000,0.9999375806894001,0,train
B1:1.040867:28000,474,501,N=1.040867B,4,32,1.040867,58.72,2.4358,0.3667,28000,0.9999502030798023,0,train
B1:1.040867:29000,475,502,N=1.040867B,4,33,1.040867,60.817,2.4321,0.3798,29000,0.999961955017776,0,train
B1:1.040867:30000,476,503,N=1.040867B,4,34,1.040867,62.915,2.4279,0.3929,30000,0.999957029512615,0,train
B1:1.040867:31000,477,504,N=1.040867B,4,35,1.040867,65.012,2.4246,0.406,31000,0.9999678029480136,0,train
B1:1.040867:32000,478,505,N=1.040867B,4,36,1.040867,67.109,2.4211,0.4191,32000,0.9999779030938675,0,train
B1:1.040867:33000,479,506,N=1.040867B,4,37,1.040867,69.206,2.4178,0.4322,33000,0.9999873911538947,0,train
B1:1.040867:34000,480,507,N=1.040867B,4,38,1.040867,71.303,2.4146,0.4453,34000,0.9999963211318813,0,train
B1:1.040867:35000,481,508,N=1.040867B,4,39,1.040867,73.4,2.4116,0.4584,35000,1.000004740860172,0,train
B1:1.040867:36000,482,509,N=1.040867B,4,40,1.040867,75.497,2.4088,0.4715,36000,1.0000126928567588,0,train
B1:1.040867:37000,483,510,N=1.040867B,4,41,1.040867,77.595,2.4058,0.4846,37000,1.0000073273545564,0,train
B1:1.040867:38000,484,511,N=1.040867B,4,42,1.040867,79.692,2.4032,0.4977,38000,1.0000147926962166,0,train
B1:1.040867:39000,485,512,N=1.040867B,4,43,1.040867,81.789,2.4006,0.5108,39000,1.0000218752279277,0,train
B1:1.040867:40000,486,513,N=1.040867B,4,44,1.040867,83.886,2.398,0.5239,40000,1.0000286036583825,0,train
B1:1.040867:41000,487,514,N=1.040867B,4,45,1.040867,85.983,2.3954,0.537,41000,1.000035003895621,0,train
B1:1.040867:42000,488,515,N=1.040867B,4,46,1.040867,88.08,2.3931,0.5501,42000,1.0000410993804187,0,train
B1:1.040867:43000,489,516,N=1.040867B,4,47,1.040867,90.178,2.3909,0.5632,43000,1.0000358216737715,0,train
B1:1.040867:44000,490,517,N=1.040867B,4,48,1.040867,92.275,2.3886,0.5763,44000,1.0000416214615817,0,train
B1:1.040867:45000,491,518,N=1.040867B,4,49,1.040867,94.372,2.3863,0.5894,45000,1.0000471635001646,0,train
B1:1.040867:46000,492,519,N=1.040867B,4,50,1.040867,96.469,2.3842,0.6025,46000,1.0000524645980329,0,train
B1:1.040867:47000,493,520,N=1.040867B,4,51,1.040867,98.566,2.3822,0.6156,47000,1.0000575401332885,0,train
B1:1.040867:48000,494,521,N=1.040867B,4,52,1.040867,100.663,2.38,0.6287,48000,1.000062404202615,0,train
B1:1.040867:49000,495,522,N=1.040867B,4,53,1.040867,102.76,2.3782,0.6418,49000,1.000067069752023,0,train
B1:1.040867:50000,496,523,N=1.040867B,4,54,1.040867,104.858,2.3762,0.6549,50000,1.0000620113027905,0,train
B1:1.040867:51000,497,524,N=1.040867B,4,55,1.040867,106.955,2.3745,0.668,51000,1.0000665015628825,0,train
B1:1.040867:52000,498,525,N=1.040867B,4,56,1.040867,109.052,2.3725,0.6811,52000,1.0000708191333325,0,train
B1:1.040867:53000,499,526,N=1.040867B,4,57,1.040867,111.149,2.3706,0.6941,53000,0.999930912282447,0,train
B1:1.040867:54000,500,527,N=1.040867B,4,58,1.040867,113.246,2.3689,0.7072,54000,0.9999375806894001,0,train
B1:1.040867:55000,501,528,N=1.040867B,4,59,1.040867,115.343,2.3674,0.7203,55000,0.9999440066256461,0,train
B1:1.040867:56000,502,529,N=1.040867B,4,60,1.040867,117.441,2.3658,0.7334,56000,0.999941688589947,0,train
B1:1.040867:57000,503,530,N=1.040867B,4,61,1.040867,119.538,2.364,0.7465,57000,0.9999478169549605,0,train
B1:1.040867:58000,504,531,N=1.040867B,4,62,1.040867,121.635,2.3626,0.7596,58000,0.9999537340126785,0,train
B1:1.040867:59000,505,532,N=1.040867B,4,63,1.040867,123.732,2.3608,0.7727,59000,0.9999594505067586,0,train
B1:1.040867:60000,506,533,N=1.040867B,4,64,1.040867,125.829,2.3595,0.7858,60000,0.9999649764646652,0,train
B1:1.040867:61000,507,534,N=1.040867B,4,65,1.040867,127.926,2.3579,0.7989,61000,0.9999703212563704,0,train
B1:1.040867:62000,508,535,N=1.040867B,4,66,1.040867,130.023,2.3565,0.812,62000,0.9999754936473741,0,train
B1:1.040867:63000,509,536,N=1.040867B,4,67,1.040867,132.121,2.3552,0.8251,63000,0.999972933174761,0,train
B1:1.040867:64000,510,537,N=1.040867B,4,68,1.040867,134.218,2.3537,0.8382,64000,0.9999779030938675,0,train
B1:1.040867:65000,511,538,N=1.040867B,4,69,1.040867,136.315,2.3524,0.8513,65000,0.999982720103604,0,train
B1:1.040867:66000,512,539,N=1.040867B,4,70,1.040867,138.412,2.3512,0.8644,66000,0.9999873911538947,0,train
B1:1.040867:67000,513,540,N=1.040867B,4,71,1.040867,140.509,2.3497,0.8775,67000,0.999991922779772,0,train
B1:1.040867:68000,514,541,N=1.040867B,4,72,1.040867,142.606,2.3485,0.8906,68000,0.9999963211318813,0,train
B1:1.040867:69000,515,542,N=1.040867B,4,73,1.040867,144.703,2.3471,0.9037,69000,1.000000592004334,0,train
B1:1.040867:70000,516,543,N=1.040867B,4,74,1.040867,146.801,2.346,0.9168,70000,0.9999979288851796,0,train
B1:1.040867:71000,517,544,N=1.040867B,4,75,1.040867,148.898,2.3449,0.9299,71000,1.0000020567888308,0,train
B1:1.040867:72000,518,545,N=1.040867B,4,76,1.040867,150.995,2.3433,0.943,72000,1.000006070036845,0,train
B1:1.040867:73000,519,546,N=1.040867B,4,77,1.040867,153.092,2.3423,0.9561,73000,1.0000099733407593,0,train
B1:1.040867:74000,520,547,N=1.040867B,4,78,1.040867,155.189,2.3413,0.9692,74000,1.0000137711574506,0,train
B1:1.040867:75000,521,548,N=1.040867B,4,79,1.040867,157.286,2.3401,0.9823,75000,1.000017467706113,0,train
B1:1.040867:76000,522,549,N=1.040867B,4,80,1.040867,159.384,2.339,0.9954,76000,1.0000147926962166,0,train
B1:1.040867:77000,523,550,N=1.040867B,4,81,1.040867,161.481,2.3378,1.0085,77000,1.0000183799491202,0,train
B1:1.040867:78000,524,551,N=1.040867B,4,82,1.040867,163.578,2.3368,1.0216,78000,1.0000218752279277,0,train
B1:1.040867:79000,525,552,N=1.040867B,4,83,1.040867,165.675,2.3357,1.0347,79000,1.0000252820250735,0,train
B1:1.040867:80000,526,553,N=1.040867B,4,84,1.040867,167.772,2.3348,1.0478,80000,1.0000286036583825,0,train
B1:1.040867:81000,527,554,N=1.040867B,4,85,1.040867,169.869,2.3337,1.0609,81000,1.000031843281848,0,train
B1:1.040867:82000,528,555,N=1.040867B,4,86,1.040867,171.966,2.3327,1.074,82000,1.000035003895621,0,train
B1:1.040867:83000,529,556,N=1.040867B,4,87,1.040867,174.064,2.3316,1.0871,83000,1.0000323431231297,0,train
B1:1.040867:84000,530,557,N=1.040867B,4,88,1.040867,176.161,2.3306,1.1002,84000,1.000035422521753,0,train
B1:1.040867:85000,531,558,N=1.040867B,4,89,1.040867,178.258,2.3297,1.1133,85000,1.0000384294692222,0,train
B1:1.040867:86000,532,559,N=1.040867B,4,90,1.040867,180.355,2.3288,1.1264,86000,1.0000413664927212,0,train
B1:1.040867:87000,533,560,N=1.040867B,4,91,1.040867,182.452,2.3278,1.1394,87000,0.9999564743326914,0,train
B1:1.040867:88000,534,561,N=1.040867B,4,92,1.040867,184.549,2.3269,1.1525,88000,0.9999602758531249,0,train
B1:1.040867:89000,535,562,N=1.040867B,4,93,1.040867,186.647,2.3262,1.1656,89000,0.9999586344376733,0,train
B1:1.040867:90000,536,563,N=1.040867B,4,94,1.040867,188.744,2.3252,1.1787,90000,0.9999623274666136,0,train
B1:1.040867:91000,537,564,N=1.040867B,4,95,1.040867,190.841,2.3242,1.1918,91000,0.9999659393360366,0,train
B1:1.040867:92000,538,565,N=1.040867B,4,96,1.040867,192.938,2.3235,1.2049,92000,0.9999694726922572,0,train
B1:1.040867:93000,539,566,N=1.040867B,4,97,1.040867,195.035,2.3225,1.218,93000,0.9999729300677763,0,train
B1:1.040867:94000,540,567,N=1.040867B,4,98,1.040867,197.132,2.3215,1.2311,94000,0.9999763138873389,0,train
B1:1.040867:95000,541,568,N=1.040867B,4,99,1.040867,199.229,2.3207,1.2442,95000,0.9999796264736005,0,train
B1:1.040867:96000,542,569,N=1.040867B,4,100,1.040867,201.327,2.3198,1.2573,96000,0.9999779030938676,0,train
B1:1.040867:97000,543,570,N=1.040867B,4,101,1.040867,203.424,2.3191,1.2704,97000,0.9999811309857692,0,train
B1:1.040867:98000,544,571,N=1.040867B,4,102,1.040867,205.521,2.3184,1.2835,98000,0.9999842930071344,0,train
B1:1.040867:99000,545,572,N=1.040867B,4,103,1.040867,207.618,2.3178,1.2966,99000,0.9999873911538947,0,test
B1:1.040867:100000,546,573,N=1.040867B,4,104,1.040867,209.715,2.3168,1.3097,100000,0.999990427342152,0,test
B1:1.040867:101000,547,574,N=1.040867B,4,105,1.040867,211.812,2.316,1.3228,101000,0.9999934034121273,0,test
B1:1.040867:102000,548,575,N=1.040867B,4,106,1.040867,213.91,2.3153,1.3359,102000,0.9999916462858194,0,test
B1:1.040867:103000,549,576,N=1.040867B,4,107,1.040867,216.007,2.3143,1.349,103000,0.9999945527250028,0,test
B1:1.040867:104000,550,577,N=1.040867B,4,108,1.040867,218.104,2.3138,1.3621,104000,0.9999974032752255,0,test
B1:1.040867:105000,551,578,N=1.040867B,4,109,1.040867,220.201,2.3131,1.3752,105000,1.0000001995331986,0,test
B1:1.040867:106000,552,579,N=1.040867B,4,110,1.040867,222.298,2.3122,1.3883,106000,1.0000029430353847,0,test
B1:1.040867:107000,553,580,N=1.040867B,4,111,1.040867,224.395,2.3117,1.4014,107000,1.0000056352608127,0,test
B1:1.040867:108000,554,581,N=1.040867B,4,112,1.040867,226.492,2.3109,1.4145,108000,1.000008277633736,0,test
B1:1.040867:109000,555,582,N=1.040867B,4,113,1.040867,228.59,2.3101,1.4276,109000,1.000006496834027,0,test
B1:1.040867:110000,556,583,N=1.040867B,4,114,1.040867,230.687,2.3096,1.4407,110000,1.0000090833239859,0,test
B1:1.040867:111000,557,584,N=1.040867B,4,115,1.040867,232.784,2.309,1.4538,111000,1.0000116232139256,0,test
B1:1.040867:112000,558,585,N=1.040867B,4,116,1.040867,234.881,2.3081,1.4669,112000,1.0000141177519701,0,test
B1:1.040867:113000,559,586,N=1.040867B,4,117,1.040867,236.978,2.3075,1.48,113000,1.0000165681420663,0,test
B1:1.040867:114000,560,587,N=1.040867B,4,118,1.040867,239.075,2.3068,1.4931,114000,1.0000189755459195,0,test
B1:1.040867:115000,561,588,N=1.040867B,4,119,1.040867,241.172,2.3061,1.5062,115000,1.0000213410848307,0,test
B1:1.040867:116000,562,589,N=1.040867B,4,120,1.040867,243.27,2.3056,1.5193,116000,1.0000195550852176,0,test
B1:1.040867:117000,563,590,N=1.040867B,4,121,1.040867,245.367,2.3048,1.5324,117000,1.000021875227928,0,test
B1:1.040867:118000,564,591,N=1.040867B,4,122,1.040867,247.464,2.3042,1.5455,118000,1.000024156049046,0,test
B1:1.040867:119000,565,592,N=1.040867B,4,123,1.040867,249.561,2.3036,1.5586,119000,1.0000263985398004,0,test
B1:1.040867:120000,566,593,N=1.040867B,4,124,1.040867,251.658,2.303,1.5717,120000,1.0000286036583828,0,test
B1:1.040867:121000,567,594,N=1.040867B,4,125,1.040867,253.755,2.3024,1.5848,121000,1.000030772331309,0,test
B1:1.040867:122000,568,595,N=1.040867B,4,126,1.040867,255.853,2.3019,1.5979,122000,1.0000289968317801,0,test
B1:1.040867:123000,569,596,N=1.040867B,4,127,1.040867,257.95,2.3011,1.6109,123000,0.9999690518610388,0,test
B1:1.040867:124000,570,597,N=1.040867B,4,128,1.040867,260.047,2.3005,1.624,124000,0.9999716482829066,0,test
B1:1.040867:125000,571,598,N=1.040867B,4,129,1.040867,262.144,2.2999,1.6371,125000,0.9999742031650357,0,test
B1:1.040867:126000,572,599,N=1.040867B,4,130,1.040867,264.241,2.2994,1.6502,126000,0.9999767174963962,0,test
B1:1.040867:127000,573,600,N=1.040867B,4,131,1.040867,266.338,2.2989,1.6633,127000,0.9999791922348118,0,test
B1:1.040867:128000,574,601,N=1.040867B,4,132,1.040867,268.435,2.2983,1.6764,128000,0.9999816283081766,0,test
B1:1.040867:129000,575,602,N=1.040867B,4,133,1.040867,270.533,2.2976,1.6895,129000,0.9999803302679358,0,test
B1:1.040867:130000,576,603,N=1.040867B,4,134,1.040867,272.63,2.2972,1.7026,130000,0.999982720103604,0,test
B1:1.040867:131000,577,604,N=1.040867B,4,135,1.040867,274.727,2.2967,1.7157,131000,0.9999850734558878,0,test
B1:1.040867:132000,578,605,N=1.040867B,4,136,1.040867,276.824,2.2961,1.7288,132000,0.9999873911538947,0,test
B1:1.040867:133000,579,606,N=1.040867B,4,137,1.040867,278.921,2.2957,1.7419,133000,0.9999896740017993,0,test
B1:1.040867:134000,580,607,N=1.040867B,4,138,1.040867,281.018,2.2949,1.755,134000,0.999991922779772,0,test
B1:1.040867:135000,581,608,N=1.040867B,4,139,1.040867,283.116,2.2943,1.7681,135000,0.9999906061444639,0,test
B1:1.040867:136000,582,609,N=1.040867B,4,140,1.040867,285.213,2.2937,1.7812,136000,0.9999928149932369,0,test
B1:1.040867:137000,583,610,N=1.040867B,4,141,1.040867,287.31,2.2935,1.7943,137000,0.9999949915983998,0,test
B1:1.040867:138000,584,611,N=1.040867B,4,142,1.040867,289.407,2.2929,1.8074,138000,0.999997136660849,0,test
B1:1.040867:139000,585,612,N=1.040867B,4,143,1.040867,291.504,2.2923,1.8205,139000,0.9999992508613137,0,test
B1:1.040867:140000,586,613,N=1.040867B,4,144,1.040867,293.601,2.2919,1.8336,140000,1.000001334861075,0,test
B1:1.040867:141000,587,614,N=1.040867B,4,145,1.040867,295.698,2.2912,1.8467,141000,1.0000033893026554,0,test
B1:1.040867:142000,588,615,N=1.040867B,4,146,1.040867,297.796,2.2911,1.8598,142000,1.0000020567888308,0,test
B1:1.040867:143000,589,616,N=1.040867B,4,147,1.040867,299.893,2.2904,1.8729,143000,1.0000040774441445,0,test
B1:1.416184:64,590,624,N=1.416184B,5,1,1.416184,0.134,4.1816,0.0011,64,0.9660885901691444,0,train
B1:1.416184:128,591,625,N=1.416184B,5,2,1.416184,0.268,3.7976,0.0023,128,1.0100017079041055,0,train
B1:1.416184:256,592,626,N=1.416184B,5,3,1.416184,0.537,3.4805,0.0046,256,1.008120885356798,0,train
B1:1.416184:512,593,627,N=1.416184B,5,4,1.416184,1.074,3.22,0.0091,512,0.997163049646398,0,train
B1:1.416184:1000,594,628,N=1.416184B,5,5,1.416184,2.097,3.0125,0.0178,1000,0.9989658409292248,0,train
B1:1.416184:2000,595,629,N=1.416184B,5,6,1.416184,4.194,2.8347,0.0356,2000,0.9989658409292248,0,train
B1:1.416184:3000,596,630,N=1.416184B,5,7,1.416184,6.291,2.7458,0.0535,3000,1.0008365634777814,0,train
B1:1.416184:4000,597,631,N=1.416184B,5,8,1.416184,8.389,2.6879,0.0713,4000,1.00024963514928,0,train
B1:1.416184:5000,598,632,N=1.416184B,5,9,1.416184,10.486,2.6471,0.0891,5000,0.9999929007911398,0,train
B1:1.416184:6000,599,633,N=1.416184B,5,10,1.416184,12.583,2.6148,0.1069,6000,0.9998217377512896,0,train
B1:1.416184:7000,600,634,N=1.416184B,5,11,1.416184,14.68,2.589,0.1247,7000,0.9996994751057945,0,train
B1:1.416184:8000,601,635,N=1.416184B,5,12,1.416184,16.777,2.5674,0.1426,8000,1.000309255441057,0,train
B1:1.416184:9000,602,636,N=1.416184B,5,13,1.416184,18.874,2.5491,0.1604,9000,1.0001599950706368,0,train
B1:1.416184:10000,603,637,N=1.416184B,5,14,1.416184,20.972,2.5336,0.1782,10000,0.9999929007911398,0,train
B1:1.416184:11000,604,638,N=1.416184B,5,15,1.416184,23.069,2.5196,0.196,11000,0.9998995398075501,0,train
B1:1.416184:12000,605,639,N=1.416184B,5,16,1.416184,25.166,2.507,0.2138,12000,0.9998217377512896,0,train
B1:1.416184:13000,606,640,N=1.416184B,5,17,1.416184,27.263,2.4958,0.2317,13000,1.0001875778979021,0,train
B1:1.416184:14000,607,641,N=1.416184B,5,18,1.416184,29.36,2.4859,0.2495,14000,1.0001003169161817,0,train
B1:1.416184:15000,608,642,N=1.416184B,5,19,1.416184,31.457,2.4769,0.2673,15000,1.0000246899922967,0,train
B1:1.416184:16000,609,643,N=1.416184B,5,20,1.416184,33.554,2.4682,0.2851,16000,0.9999585158704257,0,train
B1:1.416184:17000,610,644,N=1.416184B,5,21,1.416184,35.652,2.4602,0.3029,17000,0.99987208038665,0,train
B1:1.416184:18000,611,645,N=1.416184B,5,22,1.416184,37.749,2.4532,0.3208,18000,1.000133500064277,0,train
B1:1.416184:19000,612,646,N=1.416184B,5,23,1.416184,39.846,2.4464,0.3386,19000,1.0000720489473218,0,train
B1:1.416184:20000,613,647,N=1.416184B,5,24,1.416184,41.943,2.4398,0.3564,20000,1.000016742502529,0,train
B1:1.416184:21000,614,648,N=1.416184B,5,25,1.416184,44.04,2.4342,0.3742,21000,0.9999667029793858,0,train
B1:1.416184:22000,615,649,N=1.416184B,5,26,1.416184,46.137,2.4287,0.392,22000,0.9999212122080053,0,train
B1:1.416184:23000,616,650,N=1.416184B,5,27,1.416184,48.234,2.4235,0.4098,23000,0.999879676909842,0,train
B1:1.416184:24000,617,651,N=1.416184B,5,28,1.416184,50.332,2.4187,0.4277,24000,1.0000555594860303,0,train
B1:1.416184:25000,618,652,N=1.416184B,5,29,1.416184,52.429,2.4139,0.4455,25000,1.0000119740693025,0,train
B1:1.416184:26000,619,653,N=1.416184B,5,30,1.416184,54.526,2.4093,0.4633,26000,0.9999717411309841,0,train
B1:1.416184:27000,620,654,N=1.416184B,5,31,1.416184,56.623,2.4049,0.4811,27000,0.9999344881997888,0,train
B1:1.416184:28000,621,655,N=1.416184B,5,32,1.416184,58.72,2.4013,0.4989,28000,0.999899896010988,0,train
B1:1.416184:29000,622,656,N=1.416184B,5,33,1.416184,60.817,2.3971,0.5168,29000,1.0000611996275182,0,train
B1:1.416184:30000,623,657,N=1.416184B,5,34,1.416184,62.915,2.3934,0.5346,30000,1.0000087951390821,0,train
B1:1.416184:31000,624,658,N=1.416184B,5,35,1.416184,65.012,2.3898,0.5524,31000,0.9999751540423912,0,train
B1:1.416184:32000,625,659,N=1.416184B,5,36,1.416184,67.109,2.3865,0.5702,32000,0.9999436153575904,0,train
B1:1.416184:33000,626,660,N=1.416184B,5,37,1.416184,69.206,2.3831,0.5881,33000,1.0000840413694487,0,train
B1:1.416184:34000,627,661,N=1.416184B,5,38,1.416184,71.303,2.3799,0.6059,34000,1.000051155427439,0,train
B1:1.416184:35000,628,662,N=1.416184B,5,39,1.416184,73.4,2.3769,0.6237,35000,1.0000201485541043,0,train
B1:1.416184:36000,629,663,N=1.416184B,5,40,1.416184,75.497,2.374,0.6415,36000,0.9999908641707596,0,train
B1:1.416184:37000,630,664,N=1.416184B,5,41,1.416184,77.595,2.3712,0.6593,37000,0.999950275671479,0,train
B1:1.416184:38000,631,665,N=1.416184B,5,42,1.416184,79.692,2.3684,0.6772,38000,1.0000720489473218,0,train
B1:1.416184:39000,632,666,N=1.416184B,5,43,1.416184,81.789,2.3659,0.695,39000,1.0000436867199567,0,train
B1:1.416184:40000,633,667,N=1.416184B,5,44,1.416184,83.886,2.3633,0.7128,40000,1.000016742502529,0,train
B1:1.416184:41000,634,668,N=1.416184B,5,45,1.416184,85.983,2.361,0.7306,41000,0.9999911125454535,0,train
B1:1.416184:42000,635,669,N=1.416184B,5,46,1.416184,88.08,2.3581,0.7484,42000,0.9999667029793858,0,train
B1:1.416184:43000,636,670,N=1.416184B,5,47,1.416184,90.178,2.3562,0.7663,43000,1.0000628455100564,0,train
B1:1.416184:44000,637,671,N=1.416184B,5,48,1.416184,92.275,2.354,0.7841,44000,1.0000379154791053,0,train
B1:1.416184:45000,638,672,N=1.416184B,5,49,1.416184,94.372,2.3514,0.8019,45000,1.0000140933673443,0,train
B1:1.416184:46000,639,673,N=1.416184B,5,50,1.416184,96.469,2.3495,0.8197,46000,0.9999913069244174,0,train
B1:1.416184:47000,640,674,N=1.416184B,5,51,1.416184,98.566,2.3474,0.8375,47000,0.9999694900484976,0,train
B1:1.416184:48000,641,675,N=1.416184B,5,52,1.416184,100.663,2.3453,0.8553,48000,0.9999485821458608,0,train
B1:1.416184:49000,642,676,N=1.416184B,5,53,1.416184,102.76,2.3434,0.8732,49000,1.000043053800412,0,train
B1:1.416184:50000,643,677,N=1.416184B,5,54,1.416184,104.858,2.3414,0.891,50000,1.0000119740693025,0,train
B1:1.416184:51000,644,678,N=1.416184B,5,55,1.416184,106.955,2.3399,0.9088,51000,0.999991463189075,0,train
B1:1.416184:52000,645,679,N=1.416184B,5,56,1.416184,109.052,2.338,0.9266,52000,0.9999717411309841,0,train
B1:1.416184:53000,646,680,N=1.416184B,5,57,1.416184,111.149,2.3362,0.9444,53000,0.9999527632479346,0,train
B1:1.416184:54000,647,681,N=1.416184B,5,58,1.416184,113.246,2.3345,0.9623,54000,1.0000384098884398,0,train
B1:1.416184:55000,648,682,N=1.416184B,5,59,1.416184,115.343,2.3326,0.9801,55000,1.0000189099872103,0,train
B1:1.416184:56000,649,683,N=1.416184B,5,60,1.416184,117.441,2.331,0.9979,56000,0.9999915915488066,0,train
B1:1.416184:57000,650,684,N=1.416184B,5,61,1.416184,119.538,2.3295,1.0157,57000,0.9999735972787899,0,train
B1:1.416184:58000,651,685,N=1.416184B,5,62,1.416184,121.635,2.3277,1.0335,58000,0.9999562234549314,0,train
B1:1.416184:59000,652,686,N=1.416184B,5,63,1.416184,123.732,2.3264,1.0514,59000,1.000034553098003,0,train
B1:1.416184:60000,653,687,N=1.416184B,5,64,1.416184,125.829,2.3248,1.0692,60000,1.0000167425025288,0,train
B1:1.416184:61000,654,688,N=1.416184B,5,65,1.416184,127.926,2.3233,1.087,61000,0.9999995158199215,0,train
B1:1.416184:62000,655,689,N=1.416184B,5,66,1.416184,130.023,2.3219,1.1048,62000,0.9999828447982886,0,train
B1:1.416184:63000,656,690,N=1.416184B,5,67,1.416184,132.121,2.3205,1.1226,63000,0.9999591344119139,0,train
B1:1.416184:64000,657,691,N=1.416184B,5,68,1.416184,134.218,2.319,1.1405,64000,1.0000312989436442,0,train
B1:1.416184:65000,658,692,N=1.416184B,5,69,1.416184,136.315,2.3178,1.1583,65000,1.000014908484368,0,train
B1:1.416184:66000,659,693,N=1.416184B,5,70,1.416184,138.412,2.3162,1.1761,66000,0.9999990146697914,0,train
B1:1.416184:67000,660,694,N=1.416184B,5,71,1.416184,140.509,2.3151,1.1939,67000,0.9999835952636755,0,train
B1:1.416184:68000,661,695,N=1.416184B,5,72,1.416184,142.606,2.3138,1.2117,68000,0.9999686293377023,0,train
B1:1.416184:69000,662,696,N=1.416184B,5,73,1.416184,144.703,2.3125,1.2296,69000,1.000035427318811,0,train
B1:1.416184:70000,663,697,N=1.416184B,5,74,1.416184,146.801,2.3113,1.2474,70000,1.0000133364741555,0,train
B1:1.416184:71000,664,698,N=1.416184B,5,75,1.416184,148.898,2.3099,1.2652,71000,0.9999985841057039,0,train
B1:1.416184:72000,665,699,N=1.416184B,5,76,1.416184,150.995,2.3089,1.283,72000,0.9999842414954113,0,train
B1:1.416184:73000,666,700,N=1.416184B,5,77,1.416184,153.092,2.3077,1.3008,73000,0.9999702918051122,0,train
B1:1.416184:74000,667,701,N=1.416184B,5,78,1.416184,155.189,2.3065,1.3187,74000,1.0000325538344201,0,train
B1:1.416184:75000,668,702,N=1.416184B,5,79,1.416184,157.286,2.3055,1.3365,75000,1.0000183319903766,0,train
B1:1.416184:76000,669,703,N=1.416184B,5,80,1.416184,159.384,2.3042,1.3543,76000,0.9999982101959229,0,train
B1:1.416184:77000,670,704,N=1.416184B,5,81,1.416184,161.481,2.303,1.3721,77000,0.9999848037991812,0,train
B1:1.416184:78000,671,705,N=1.416184B,5,82,1.416184,163.578,2.3019,1.3899,78000,0.9999717411309841,0,train
B1:1.416184:79000,672,706,N=1.416184B,5,83,1.416184,165.675,2.3011,1.4078,79000,1.000030044090573,0,train
B1:1.416184:80000,673,707,N=1.416184B,5,84,1.416184,167.772,2.2999,1.4256,80000,1.000016742502529,0,train
B1:1.416184:81000,674,708,N=1.416184B,5,85,1.416184,169.869,2.2991,1.4434,81000,1.000003769325556,0,train
B1:1.416184:82000,675,709,N=1.416184B,5,86,1.416184,171.966,2.2978,1.4612,82000,0.9999911125454535,0,train
B1:1.416184:83000,676,710,N=1.416184B,5,87,1.416184,174.064,2.2971,1.479,83000,0.99997301583567,0,train
B1:1.416184:84000,677,711,N=1.416184B,5,88,1.416184,176.161,2.296,1.4969,84000,1.0000278331322006,0,train
B1:1.416184:85000,678,712,N=1.416184B,5,89,1.416184,178.258,2.295,1.5147,85000,1.0000153400174474,0,train
B1:1.416184:86000,679,713,N=1.416184B,5,90,1.416184,180.355,2.294,1.5325,86000,1.000003137419305,0,train
B1:1.416184:87000,680,714,N=1.416184B,5,91,1.416184,182.452,2.2932,1.5503,87000,0.9999912153206725,0,train
B1:1.416184:88000,681,715,N=1.416184B,5,92,1.416184,184.549,2.2922,1.5681,88000,0.9999795641597404,0,train
B1:1.416184:89000,682,716,N=1.416184B,5,93,1.416184,186.647,2.2914,1.586,89000,1.0000258706011749,0,train
B1:1.416184:90000,683,717,N=1.416184B,5,94,1.416184,188.744,2.2904,1.6038,90000,1.0000140933673443,0,train
B1:1.416184:91000,684,718,N=1.416184B,5,95,1.416184,190.841,2.2895,1.6216,91000,1.0000025749548296,0,train
B1:1.416184:92000,685,719,N=1.416184B,5,96,1.416184,192.938,2.2886,1.6394,92000,0.9999913069244174,0,train
B1:1.416184:93000,686,720,N=1.416184B,5,97,1.416184,195.035,2.2878,1.6572,93000,0.9999802811998453,0,train
B1:1.416184:94000,687,721,N=1.416184B,5,98,1.416184,197.132,2.287,1.6751,94000,1.0000291897195452,0,train
B1:1.416184:95000,688,722,N=1.416184B,5,99,1.416184,199.229,2.286,1.6929,95000,1.0000179973609362,0,train
B1:1.416184:96000,689,723,N=1.416184B,5,100,1.416184,201.327,2.2852,1.7107,96000,1.0000020710816262,0,train
B1:1.416184:97000,690,724,N=1.416184B,5,101,1.416184,203.424,2.2845,1.7285,97000,0.9999913890842728,0,train
B1:1.416184:98000,691,725,N=1.416184B,5,102,1.416184,205.521,2.2837,1.7463,98000,0.9999809250709549,0,train
B1:1.416184:99000,692,726,N=1.416184B,5,103,1.416184,207.618,2.2829,1.7642,99000,1.0000273569030107,0,test
B1:1.416184:100000,693,727,N=1.416184B,5,104,1.416184,209.715,2.2821,1.782,100000,1.000016742502529,0,test
B1:1.416184:101000,694,728,N=1.416184B,5,105,1.416184,211.812,2.2814,1.7998,101000,1.0000063382733104,0,test
B1:1.416184:102000,695,729,N=1.416184B,5,106,1.416184,213.91,2.2805,1.8176,102000,0.999991463189075,0,test
B1:1.416184:103000,696,730,N=1.416184B,5,107,1.416184,216.007,2.2797,1.8354,103000,0.999981506428975,0,test
B1:1.416184:104000,697,731,N=1.416184B,5,108,1.416184,218.104,2.2791,1.8533,104000,1.0000257003227135,0,test
B1:1.416184:105000,698,732,N=1.416184B,5,109,1.416184,220.201,2.2782,1.8711,105000,1.0000156071571598,0,test
B1:1.416184:106000,699,733,N=1.416184B,5,110,1.416184,222.298,2.2776,1.8889,106000,1.000005704414985,0,test
B1:1.416184:107000,700,734,N=1.416184B,5,111,1.416184,224.395,2.2767,1.9067,107000,0.9999959867575967,0,test
B1:1.416184:108000,701,735,N=1.416184B,5,112,1.416184,226.492,2.2763,1.9245,108000,0.9999864490441143,0,test
B1:1.416184:109000,702,736,N=1.416184B,5,113,1.416184,228.59,2.2755,1.9424,109000,1.0000241957254519,0,test
B1:1.416184:110000,703,737,N=1.416184B,5,114,1.416184,230.687,2.2748,1.9602,110000,1.0000145750272431,0,test
B1:1.416184:111000,704,738,N=1.416184B,5,115,1.416184,232.784,2.2742,1.978,111000,1.0000051276622888,0,test
B1:1.416184:112000,705,739,N=1.416184B,5,116,1.416184,234.881,2.2736,1.9958,112000,0.9999958489880698,0,test
B1:1.416184:113000,706,740,N=1.416184B,5,117,1.416184,236.978,2.2728,2.0136,113000,0.9999867345263922,0,test
B1:1.416184:114000,707,741,N=1.416184B,5,118,1.416184,239.075,2.2719,2.0314,114000,0.999977779956181,0,test
B1:1.416184:115000,708,742,N=1.416184B,5,119,1.416184,241.172,2.2713,2.0493,115000,1.0000177791244653,0,test
B1:1.416184:116000,709,743,N=1.416184B,5,120,1.416184,243.27,2.2707,2.0671,116000,1.0000046006307153,0,test
B1:1.416184:117000,710,744,N=1.416184B,5,121,1.416184,245.367,2.2702,2.0849,117000,0.9999957229939753,0,test
B1:1.416184:118000,711,745,N=1.416184B,5,122,1.416184,247.464,2.2696,2.1027,118000,0.9999869958147096,0,test
B1:1.416184:119000,712,746,N=1.416184B,5,123,1.416184,249.561,2.2688,2.1205,119000,0.9999784153001464,0,test
B1:1.416184:120000,713,747,N=1.416184B,5,124,1.416184,251.658,2.2683,2.1384,120000,1.0000167425025288,0,test
B1:1.416184:121000,714,748,N=1.416184B,5,125,1.416184,253.755,2.2676,2.1562,121000,1.000008057981636,0,test
B1:1.416184:122000,715,749,N=1.416184B,5,126,1.416184,255.853,2.267,2.174,122000,0.9999956073274832,0,test
B1:1.416184:123000,716,750,N=1.416184B,5,127,1.416184,257.95,2.2663,2.1918,123000,0.9999872358596131,0,test
B1:1.416184:124000,717,751,N=1.416184B,5,128,1.416184,260.047,2.2658,2.2096,124000,0.9999789994055527,0,test
B1:1.416184:125000,718,752,N=1.416184B,5,129,1.416184,262.144,2.2652,2.2275,125000,1.0000157888122456,0,test
B1:1.416184:126000,719,753,N=1.416184B,5,130,1.416184,264.241,2.2646,2.2453,126000,1.0000074564917096,0,test
B1:1.416184:127000,720,754,N=1.416184B,5,131,1.416184,266.338,2.2642,2.2631,127000,0.9999992553794594,0,test
B1:1.416184:128000,721,755,N=1.416184B,5,132,1.416184,268.435,2.2635,2.2809,128000,0.999991182400518,0,test
B1:1.416184:129000,722,756,N=1.416184B,5,133,1.416184,270.533,2.2632,2.2987,129000,0.9999795382304992,0,test
B1:1.416184:130000,723,757,N=1.416184B,5,134,1.416184,272.63,2.2625,2.3166,130000,1.000014908484368,0,test
B1:1.416184:131000,724,758,N=1.416184B,5,135,1.416184,274.727,2.2619,2.3344,131000,1.0000069009180816,0,test
B1:1.416184:132000,725,759,N=1.416184B,5,136,1.416184,276.824,2.2613,2.3522,132000,0.9999990146697914,0,test
B1:1.416184:133000,726,760,N=1.416184B,5,137,1.416184,278.921,2.2609,2.37,133000,0.999991247003198,0,test
B1:1.416184:134000,727,761,N=1.416184B,5,138,1.416184,281.018,2.2602,2.3878,134000,0.9999835952636755,0,test
B1:1.416184:135000,728,762,N=1.416184B,5,139,1.416184,283.116,2.2597,2.4057,135000,1.0000140933673445,0,test
B1:1.416184:136000,729,763,N=1.416184B,5,140,1.416184,285.213,2.2594,2.4235,136000,1.0000063861963435,0,test
B1:1.416184:137000,730,764,N=1.416184B,5,141,1.416184,287.31,2.2587,2.4413,137000,0.9999987915305638,0,test
B1:1.416184:138000,731,765,N=1.416184B,5,142,1.416184,289.407,2.2583,2.4591,138000,0.9999913069244173,0,test
B1:1.416184:139000,732,766,N=1.416184B,5,143,1.416184,291.504,2.2576,2.4769,139000,0.9999839300026875,0,test
B1:1.416184:140000,733,767,N=1.416184B,5,144,1.416184,293.601,2.2571,2.4948,140000,1.000016742502529,0,test
B1:1.416184:141000,734,768,N=1.416184B,5,145,1.416184,295.698,2.2568,2.5126,141000,1.000009289829196,0,test
B1:1.416184:142000,735,769,N=1.416184B,5,146,1.416184,297.796,2.2561,2.5304,142000,0.9999985841057039,0,test
B1:1.416184:143000,736,770,N=1.416184B,5,147,1.416184,299.893,2.2558,2.5482,143000,0.9999913626552497,0,test
B1:2.782831:64,737,778,N=2.782831B,6,1,2.782831,0.134,4.1162,0.0022,64,0.9832858725377857,0,train
B1:2.782831:128,738,779,N=2.782831B,6,2,2.782831,0.268,3.7324,0.0045,128,1.005633278731826,0,train
B1:2.782831:256,739,780,N=2.782831B,6,3,2.782831,0.537,3.4164,0.009,256,1.0037605910619347,0,train
B1:2.782831:512,740,781,N=2.782831B,6,4,2.782831,1.074,3.1558,0.0179,512,0.9981841433338128,0,train
B1:2.782831:1000,741,782,N=2.782831B,6,5,2.782831,2.097,2.9476,0.035,1000,0.9996121607062505,0,train
B1:2.782831:2000,742,783,N=2.782831B,6,6,2.782831,4.194,2.7702,0.07,2000,0.9996121607062505,0,train
B1:2.782831:3000,743,784,N=2.782831B,6,7,2.782831,6.291,2.6811,0.105,3000,0.9996121607062503,0,train
B1:2.782831:4000,744,785,N=2.782831B,6,8,2.782831,8.389,2.6238,0.1401,4000,1.0002069267927083,0,train
B1:2.782831:5000,745,786,N=2.782831B,6,9,2.782831,10.486,2.5824,0.1751,5000,1.00008798491942,0,train
B1:2.782831:6000,746,787,N=2.782831B,6,10,2.782831,12.583,2.5504,0.2101,6000,1.0000086871863663,0,train
B1:2.782831:7000,747,788,N=2.782831B,6,11,2.782831,14.68,2.5246,0.2451,7000,0.9999520444051125,0,train
B1:2.782831:8000,748,789,N=2.782831B,6,12,2.782831,16.777,2.503,0.2801,8000,0.9999095614751182,0,train
B1:2.782831:9000,749,790,N=2.782831B,6,13,2.782831,18.874,2.4846,0.3151,9000,0.9998765186960403,0,train
B1:2.782831:10000,750,791,N=2.782831B,6,14,2.782831,20.972,2.469,0.3502,10000,1.00008798491942,0,train
B1:2.782831:11000,751,792,N=2.782831B,6,15,2.782831,23.069,2.455,0.3852,11000,1.000044731922974,0,train
B1:2.782831:12000,752,793,N=2.782831B,6,16,2.782831,25.166,2.4427,0.4202,12000,1.0000086871863663,0,train
B1:2.782831:13000,753,794,N=2.782831B,6,17,2.782831,27.263,2.4313,0.4552,13000,0.9999781873870481,0,train
B1:2.782831:14000,754,795,N=2.782831B,6,18,2.782831,29.36,2.4212,0.4902,14000,0.9999520444051125,0,train
B1:2.782831:15000,755,796,N=2.782831B,6,19,2.782831,31.457,2.4123,0.5252,15000,0.9999293869324828,0,train
B1:2.782831:16000,756,797,N=2.782831B,6,20,2.782831,33.554,2.4037,0.5603,16000,1.0000880530069773,0,train
B1:2.782831:17000,757,798,N=2.782831B,6,21,2.782831,35.652,2.396,0.5953,17000,1.0000320103107014,0,train
B1:2.782831:18000,758,799,N=2.782831B,6,22,2.782831,37.749,2.3887,0.6303,18000,1.000008687186366,0,train
B1:2.782831:19000,759,800,N=2.782831B,6,23,2.782831,39.846,2.3819,0.6653,19000,0.9999878189429088,0,train
B1:2.782831:20000,760,801,N=2.782831B,6,24,2.782831,41.943,2.3757,0.7003,20000,0.9999690373745357,0,train
B1:2.782831:21000,761,802,N=2.782831B,6,25,2.782831,44.04,2.3697,0.7353,21000,0.9999520444051124,0,train
B1:2.782831:22000,762,803,N=2.782831B,6,26,2.782831,46.137,2.3642,0.7703,22000,0.9999365961506418,0,train
B1:2.782831:23000,763,804,N=2.782831B,6,27,2.782831,48.234,2.3589,0.8054,23000,1.0000466588394736,0,train
B1:2.782831:24000,764,805,N=2.782831B,6,28,2.782831,50.332,2.3539,0.8404,24000,1.0000086871863663,0,train
B1:2.782831:25000,765,806,N=2.782831B,6,29,2.782831,52.429,2.3492,0.8754,25000,0.9999928273372596,0,train
B1:2.782831:26000,766,807,N=2.782831B,6,30,2.782831,54.526,2.3448,0.9104,26000,0.9999781873870481,0,train
B1:2.782831:27000,767,808,N=2.782831B,6,31,2.782831,56.623,2.3405,0.9454,27000,0.9999646318009855,0,train
B1:2.782831:28000,768,809,N=2.782831B,6,32,2.782831,58.72,2.3366,0.9804,28000,0.9999520444051125,0,train
B1:2.782831:29000,769,810,N=2.782831B,6,33,2.782831,60.817,2.3325,1.0155,29000,1.0000388025277342,0,train
B1:2.782831:30000,770,811,N=2.782831B,6,34,2.782831,62.915,2.3288,1.0505,30000,1.000008687186366,0,train
B1:2.782831:31000,771,812,N=2.782831B,6,35,2.782831,65.012,2.3253,1.0855,31000,0.9999958969933431,0,train
B1:2.782831:32000,772,813,N=2.782831B,6,36,2.782831,67.109,2.3221,1.1205,32000,0.9999839061278256,0,train
B1:2.782831:33000,773,814,N=2.782831B,6,37,2.782831,69.206,2.3186,1.1555,33000,0.9999726419289259,0,train
B1:2.782831:34000,774,815,N=2.782831B,6,38,2.782831,71.303,2.3156,1.1905,34000,0.9999620402834979,0,train
B1:2.782831:35000,775,816,N=2.782831B,6,39,2.782831,73.4,2.3123,1.2256,35000,1.0000336398391725,0,train
B1:2.782831:36000,776,817,N=2.782831B,6,40,2.782831,75.497,2.3095,1.2606,36000,1.0000219328608588,0,train
B1:2.782831:37000,777,818,N=2.782831B,6,41,2.782831,77.595,2.3068,1.2956,37000,0.9999979710831534,0,train
B1:2.782831:38000,778,819,N=2.782831B,6,42,2.782831,79.692,2.304,1.3306,38000,0.9999878189429088,0,train
B1:2.782831:39000,779,820,N=2.782831B,6,43,2.782831,81.789,2.3014,1.3656,39000,0.9999781873870481,0,train
B1:2.782831:40000,780,821,N=2.782831B,6,44,2.782831,83.886,2.2987,1.4006,40000,0.9999690373745357,0,train
B1:2.782831:41000,781,822,N=2.782831B,6,45,2.782831,85.983,2.2964,1.4357,41000,1.000029988196054,0,train
B1:2.782831:42000,782,823,N=2.782831B,6,46,2.782831,88.08,2.2941,1.4707,42000,1.0000200406001625,0,train
B1:2.782831:43000,783,824,N=2.782831B,6,47,2.782831,90.178,2.2915,1.5057,43000,0.9999994663561326,0,train
B1:2.782831:44000,784,825,N=2.782831B,6,48,2.782831,92.275,2.2893,1.5407,44000,0.9999906646227507,0,train
B1:2.782831:45000,785,826,N=2.782831B,6,49,2.782831,94.372,2.2873,1.5757,45000,0.9999822540485032,0,train
B1:2.782831:46000,786,827,N=2.782831B,6,50,2.782831,96.469,2.2851,1.6107,46000,0.9999742091248623,0,train
B1:2.782831:47000,787,828,N=2.782831B,6,51,2.782831,98.566,2.2829,1.6458,47000,1.000027268895231,0,train
B1:2.782831:48000,788,829,N=2.782831B,6,52,2.782831,100.663,2.2809,1.6808,48000,1.0000186214093398,0,train
B1:2.782831:49000,789,830,N=2.782831B,6,53,2.782831,102.76,2.2789,1.7158,49000,1.0000103268580125,0,train
B1:2.782831:50000,790,831,N=2.782831B,6,54,2.782831,104.858,2.2769,1.7508,50000,0.9999928273372596,0,train
B1:2.782831:51000,791,832,N=2.782831B,6,55,2.782831,106.955,2.2751,1.7858,51000,0.999985363843966,0,train
B1:2.782831:52000,792,833,N=2.782831B,6,56,2.782831,109.052,2.2733,1.8208,52000,0.9999781873870481,0,train
B1:2.782831:53000,793,834,N=2.782831B,6,57,2.782831,111.149,2.2715,1.8559,53000,1.0000251652897767,0,train
B1:2.782831:54000,794,835,N=2.782831B,6,58,2.782831,113.246,2.2698,1.8909,54000,1.00001751759704,0,train
B1:2.782831:55000,795,836,N=2.782831B,6,59,2.782831,115.343,2.2682,1.9259,55000,1.0000101479829326,0,train
B1:2.782831:56000,796,837,N=2.782831B,6,60,2.782831,117.441,2.2666,1.9609,56000,0.9999945266116298,0,train
B1:2.782831:57000,797,838,N=2.782831B,6,61,2.782831,119.538,2.2648,1.9959,57000,0.9999878189429088,0,train
B1:2.782831:58000,798,839,N=2.782831B,6,62,2.782831,121.635,2.2634,2.0309,58000,0.9999813425559947,0,train
B1:2.782831:59000,799,840,N=2.782831B,6,63,2.782831,123.732,2.2617,2.066,59000,1.0000234895391606,0,train
B1:2.782831:60000,800,841,N=2.782831B,6,64,2.782831,125.829,2.2603,2.101,60000,1.000016634548955,0,train
B1:2.782831:61000,801,842,N=2.782831B,6,65,2.782831,127.926,2.2588,2.136,61000,1.0000100042967142,0,train
B1:2.782831:62000,802,843,N=2.782831B,6,66,2.782831,130.023,2.2572,2.171,62000,1.0000035879087734,0,train
B1:2.782831:63000,803,844,N=2.782831B,6,67,2.782831,132.121,2.2559,2.206,63000,0.9999898064021877,0,train
B1:2.782831:64000,804,845,N=2.782831B,6,68,2.782831,134.218,2.2545,2.241,64000,0.9999839061278256,0,train
B1:2.782831:65000,805,846,N=2.782831B,6,69,2.782831,136.315,2.2532,2.276,65000,0.9999781873870481,0,train
B1:2.782831:66000,806,847,N=2.782831B,6,70,2.782831,138.412,2.2518,2.3111,66000,1.000015912056227,0,train
B1:2.782831:67000,807,848,N=2.782831B,6,71,2.782831,140.509,2.2507,2.3461,67000,1.0000098863455542,0,train
B1:2.782831:68000,808,849,N=2.782831B,6,72,2.782831,142.606,2.2492,2.3811,68000,1.0000040378492385,0,train
B1:2.782831:69000,809,850,N=2.782831B,6,73,2.782831,144.703,2.2479,2.4161,69000,0.9999983588628398,0,train
B1:2.782831:70000,810,851,N=2.782831B,6,74,2.782831,146.801,2.2467,2.4511,70000,0.9999860302282036,0,train
B1:2.782831:71000,811,852,N=2.782831B,6,75,2.782831,148.898,2.2455,2.4861,71000,0.999980764849303,0,train
B1:2.782831:72000,812,853,N=2.782831B,6,76,2.782831,150.995,2.2443,2.5212,72000,1.000015309979751,0,train
B1:2.782831:73000,813,854,N=2.782831B,6,77,2.782831,153.092,2.2432,2.5562,73000,1.000009787783774,0,train
B1:2.782831:74000,814,855,N=2.782831B,6,78,2.782831,155.189,2.2421,2.5912,74000,1.000004414825758,0,train
B1:2.782831:75000,815,856,N=2.782831B,6,79,2.782831,157.286,2.2408,2.6262,75000,0.9999991851366017,0,train
B1:2.782831:76000,816,857,N=2.782831B,6,80,2.782831,159.384,2.2397,2.6612,76000,0.9999878189429088,0,train
B1:2.782831:77000,817,858,N=2.782831B,6,81,2.782831,161.481,2.2387,2.6962,77000,0.9999829406270556,0,train
B1:2.782831:78000,818,859,N=2.782831B,6,82,2.782831,163.578,2.2375,2.7313,78000,1.000014800530992,0,train
B1:2.782831:79000,819,860,N=2.782831B,6,83,2.782831,165.675,2.2366,2.7663,79000,1.0000097041935088,0,train
B1:2.782831:80000,820,861,N=2.782831B,6,84,2.782831,167.772,2.2355,2.8013,80000,1.00000473525535,0,train
B1:2.782831:81000,821,862,N=2.782831B,6,85,2.782831,169.869,2.2343,2.8363,81000,0.9999998889983551,0,train
B1:2.782831:82000,822,863,N=2.782831B,6,86,2.782831,171.966,2.2336,2.8713,82000,0.9999951609345022,0,train
B1:2.782831:83000,823,864,N=2.782831B,6,87,2.782831,174.064,2.2326,2.9063,83000,0.9999848018330246,0,train
B1:2.782831:84000,824,865,N=2.782831B,6,88,2.782831,176.161,2.2314,2.9414,84000,1.0000143638610397,0,train
B1:2.782831:85000,825,866,N=2.782831B,6,89,2.782831,178.258,2.2305,2.9764,85000,1.0000096324042995,0,train
B1:2.782831:86000,826,867,N=2.782831B,6,90,2.782831,180.355,2.2296,3.0114,86000,1.000005010973506,0,train
B1:2.782831:87000,827,868,N=2.782831B,6,91,2.782831,182.452,2.2286,3.0464,87000,1.0000004957749307,0,train
B1:2.782831:88000,828,869,N=2.782831B,6,92,2.782831,184.549,2.2277,3.0814,88000,0.9999960831872763,0,train
B1:2.782831:89000,829,870,N=2.782831B,6,93,2.782831,186.647,2.2269,3.1164,89000,0.9999864120887539,0,train
B1:2.782831:90000,830,871,N=2.782831B,6,94,2.782831,188.744,2.2259,3.1515,90000,1.0000139854140564,0,train
B1:2.782831:91000,831,872,N=2.782831B,6,95,2.782831,190.841,2.2249,3.1865,91000,1.000009570081857,0,train
B1:2.782831:92000,832,873,N=2.782831B,6,96,2.782831,192.938,2.224,3.2215,92000,1.0000052507281754,0,train
B1:2.782831:93000,833,874,N=2.782831B,6,97,2.782831,195.035,2.2232,3.2565,93000,1.0000010242571522,0,train
B1:2.782831:94000,834,875,N=2.782831B,6,98,2.782831,197.132,2.2224,3.2915,94000,0.9999968877046583,0,train
B1:2.782831:95000,835,876,N=2.782831B,6,99,2.782831,199.229,2.2217,3.3265,95000,0.9999928382313602,0,train
B1:2.782831:96000,836,877,N=2.782831B,6,100,2.782831,201.327,2.2207,3.3616,96000,1.000013654273181,0,train
B1:2.782831:97000,837,878,N=2.782831B,6,101,2.782831,203.424,2.22,3.3966,97000,1.0000095154694515,0,train
B1:2.782831:98000,838,879,N=2.782831B,6,102,2.782831,205.521,2.2191,3.4316,98000,1.0000054611249398,0,train
B1:2.782831:99000,839,880,N=2.782831B,6,103,2.782831,207.618,2.2184,3.4666,99000,1.00000148868046,0,test
B1:2.782831:100000,840,881,N=2.782831B,6,104,2.782831,209.715,2.2178,3.5016,100000,0.9999975956791871,0,test
B1:2.782831:101000,841,882,N=2.782831B,6,105,2.782831,211.812,2.2168,3.5366,101000,0.9999937797615892,0,test
B1:2.782831:102000,842,883,N=2.782831B,6,106,2.782831,213.91,2.216,3.5717,102000,1.0000133620902378,0,test
B1:2.782831:103000,843,884,N=2.782831B,6,107,2.782831,216.007,2.2154,3.6067,103000,1.0000094672196909,0,test
B1:2.782831:104000,844,885,N=2.782831B,6,108,2.782831,218.104,2.2146,3.6417,104000,1.0000056472450058,0,test
B1:2.782831:105000,845,886,N=2.782831B,6,109,2.782831,220.201,2.214,3.6767,105000,1.0000019000264566,0,test
B1:2.782831:106000,846,887,N=2.782831B,6,110,2.782831,222.298,2.2131,3.7117,106000,0.9999982235050553,0,test
B1:2.782831:107000,847,888,N=2.782831B,6,111,2.782831,224.395,2.2123,3.7467,107000,0.9999946156987802,0,test
B1:2.782831:108000,848,889,N=2.782831B,6,112,2.782831,226.492,2.2117,3.7817,108000,0.9999910746990128,0,test
B1:2.782831:109000,849,890,N=2.782831B,6,113,2.782831,228.59,2.211,3.8168,109000,1.0000094242818576,0,test
B1:2.782831:110000,850,891,N=2.782831B,6,114,2.782831,230.687,2.2103,3.8518,110000,1.0000058130609475,0,test
B1:2.782831:111000,851,892,N=2.782831B,6,115,2.782831,232.784,2.2096,3.8868,111000,1.0000022669023294,0,test
B1:2.782831:112000,852,893,N=2.782831B,6,116,2.782831,234.881,2.209,3.9218,112000,0.9999987840633889,0,test
B1:2.782831:113000,853,894,N=2.782831B,6,117,2.782831,236.978,2.2083,3.9568,113000,0.9999953628631932,0,test
B1:2.782831:114000,854,895,N=2.782831B,6,118,2.782831,239.075,2.2077,3.9918,114000,0.9999920016797861,0,test
B1:2.782831:115000,855,896,N=2.782831B,6,119,2.782831,241.172,2.207,4.0268,115000,0.9999886989476218,0,test
B1:2.782831:116000,856,897,N=2.782831B,6,120,2.782831,243.27,2.2063,4.0619,116000,1.0000059617234218,0,test
B1:2.782831:117000,857,898,N=2.782831B,6,121,2.782831,245.367,2.2056,4.0969,117000,1.0000025961496772,0,test
B1:2.782831:118000,858,899,N=2.782831B,6,122,2.782831,247.464,2.2051,4.1319,118000,0.9999992876154061,0,test
B1:2.782831:119000,859,900,N=2.782831B,6,123,2.782831,249.561,2.2043,4.1669,119000,0.9999960346827425,0,test
B1:2.782831:120000,860,901,N=2.782831B,6,124,2.782831,251.658,2.2038,4.2019,120000,0.9999928359617453,0,test
B1:2.782831:121000,861,902,N=2.782831B,6,125,2.782831,253.755,2.2031,4.2369,121000,0.9999896901084193,0,test
B1:2.782831:122000,862,903,N=2.782831B,6,126,2.782831,255.853,2.2025,4.272,122000,1.0000060957632817,0,test
B1:2.782831:123000,863,904,N=2.782831B,6,127,2.782831,257.95,2.202,4.307,123000,1.0000028932751461,0,test
B1:2.782831:124000,864,905,N=2.782831B,6,128,2.782831,260.047,2.2014,4.342,124000,0.9999997424362705,0,test
B1:2.782831:125000,865,906,N=2.782831B,6,129,2.782831,262.144,2.2008,4.377,125000,0.9999966420071636,0,test
B1:2.782831:126000,866,907,N=2.782831B,6,130,2.782831,264.241,2.2001,4.412,126000,0.9999935907876785,0,test
B1:2.782831:127000,867,908,N=2.782831B,6,131,2.782831,266.338,2.1997,4.447,127000,0.9999905876154659,0,test
B1:2.782831:128000,868,909,N=2.782831B,6,132,2.782831,268.435,2.1991,4.4821,128000,1.0000099425566298,0,test
B1:2.782831:129000,869,910,N=2.782831B,6,133,2.782831,270.533,2.1986,4.5171,129000,1.000003162760883,0,test
B1:2.782831:130000,870,911,N=2.782831B,6,134,2.782831,272.63,2.1979,4.5521,130000,1.0000001552734143,0,test
B1:2.782831:131000,871,912,N=2.782831B,6,135,2.782831,274.727,2.1974,4.5871,131000,0.9999971936984425,0,test
B1:2.782831:132000,872,913,N=2.782831B,6,136,2.782831,276.824,2.1968,4.6221,132000,0.9999942769925764,0,test
B1:2.782831:133000,873,914,N=2.782831B,6,137,2.782831,278.921,2.1964,4.6571,133000,0.9999914041438042,0,test
B1:2.782831:134000,874,915,N=2.782831B,6,138,2.782831,281.018,2.1957,4.6922,134000,1.0000098863455542,0,test
B1:2.782831:135000,875,916,N=2.782831B,6,139,2.782831,283.116,2.1952,4.7272,135000,1.0000034082922054,0,test
B1:2.782831:136000,876,917,N=2.782831B,6,140,2.782831,285.213,2.1947,4.7622,136000,1.000000531683538,0,test
B1:2.782831:137000,877,918,N=2.782831B,6,141,2.782831,287.31,2.1942,4.7972,137000,0.999997697066089,0,test
B1:2.782831:138000,878,919,N=2.782831B,6,142,2.782831,289.407,2.1936,4.8322,138000,0.9999949035270711,0,test
B1:2.782831:139000,879,920,N=2.782831B,6,143,2.782831,291.504,2.1931,4.8672,139000,0.9999921501799635,0,test
B1:2.782831:140000,880,921,N=2.782831B,6,144,2.782831,293.601,2.1927,4.9023,140000,1.0000098349526092,0,test
B1:2.782831:141000,881,922,N=2.782831B,6,145,2.782831,295.698,2.192,4.9373,141000,1.0000070147681825,0,test
B1:2.782831:142000,882,923,N=2.782831B,6,146,2.782831,297.796,2.1916,4.9723,142000,1.0000008762841779,0,test
B1:2.782831:143000,883,924,N=2.782831B,6,147,2.782831,299.893,2.1911,5.0073,143000,0.9999981581928357,0,test
B1:6.86104:64,884,932,N=6.86104B,7,1,6.86104,0.134,4.0512,0.0055,64,0.9970494298095475,0,train
B1:6.86104:128,885,933,N=6.86104B,7,2,6.86104,0.268,3.6658,0.011,128,0.9970494298095475,0,train
B1:6.86104:256,886,934,N=6.86104B,7,3,6.86104,0.537,3.3494,0.0221,256,0.9997163302651072,0,train
B1:6.86104:512,887,935,N=6.86104B,7,4,6.86104,1.074,3.0899,0.0442,512,0.9997163302651072,0,train
B1:6.86104:1000,888,936,N=6.86104B,7,5,6.86104,2.097,2.8818,0.0863,1000,0.9997033871941362,0,train
B1:6.86104:2000,889,937,N=6.86104B,7,6,6.86104,4.194,2.7039,0.1727,2000,1.0002825896200886,0,train
B1:6.86104:3000,890,938,N=6.86104B,7,7,6.86104,6.291,2.6151,0.259,3000,1.000089522144771,0,train
B1:6.86104:4000,891,939,N=6.86104B,7,8,6.86104,8.389,2.5577,0.3453,4000,0.9998737855237644,0,train
B1:6.86104:5000,892,940,N=6.86104B,7,9,6.86104,10.486,2.5161,0.4317,5000,1.000071367983922,0,train
B1:6.86104:6000,893,941,N=6.86104B,7,10,6.86104,12.583,2.4841,0.518,6000,1.0000100427263379,0,train
B1:6.86104:7000,894,942,N=6.86104B,7,11,6.86104,14.68,2.4586,0.6043,7000,0.9999662377773578,0,train
B1:6.86104:8000,895,943,N=6.86104B,7,12,6.86104,16.777,2.4371,0.6906,8000,0.9999333834128699,0,train
B1:6.86104:9000,896,944,N=6.86104B,7,13,6.86104,18.874,2.4187,0.777,9000,1.0000365344621314,0,train
B1:6.86104:10000,897,945,N=6.86104B,7,14,6.86104,20.972,2.4032,0.8633,10000,0.9999555385458881,0,train
B1:6.86104:11000,898,946,N=6.86104B,7,15,6.86104,23.069,2.3889,0.9497,11000,1.0000379180850891,0,train
B1:6.86104:12000,899,947,N=6.86104B,7,16,6.86104,25.166,2.3764,1.036,12000,1.0000100427263379,0,train
B1:6.86104:13000,900,948,N=6.86104B,7,17,6.86104,27.263,2.3654,1.1223,13000,0.9999864555697143,0,train
B1:6.86104:14000,901,949,N=6.86104B,7,18,6.86104,29.36,2.3553,1.2086,14000,0.9999662377773578,0,train
B1:6.86104:15000,902,950,N=6.86104B,7,19,6.86104,31.457,2.3462,1.295,15000,1.0000259375993825,0,train
B1:6.86104:16000,903,951,N=6.86104B,7,20,6.86104,33.554,2.3377,1.3813,16000,1.000005779400664,0,train
B1:6.86104:17000,904,952,N=6.86104B,7,21,6.86104,35.652,2.3299,1.4677,17000,1.0000280797691694,0,train
B1:6.86104:18000,905,953,N=6.86104B,7,22,6.86104,37.749,2.3225,1.554,18000,1.0000100427263379,0,train
B1:6.86104:19000,906,954,N=6.86104B,7,23,6.86104,39.846,2.3161,1.6403,19000,0.9999939041766461,0,train
B1:6.86104:20000,907,955,N=6.86104B,7,24,6.86104,41.943,2.3096,1.7266,20000,0.9999793793664912,0,train
B1:6.86104:21000,908,956,N=6.86104B,7,25,6.86104,44.04,2.3038,1.813,21000,1.0000213961555242,0,train
B1:6.86104:22000,909,957,N=6.86104B,7,26,6.86104,46.137,2.2982,1.8993,22000,1.000006942142649,0,train
B1:6.86104:23000,910,958,N=6.86104B,7,27,6.86104,48.234,2.2929,1.9856,23000,0.999993744922285,0,train
B1:6.86104:24000,911,959,N=6.86104B,7,28,6.86104,50.332,2.288,2.072,24000,1.0000100427263379,0,train
B1:6.86104:25000,912,960,N=6.86104B,7,29,6.86104,52.429,2.2832,2.1583,25000,0.9999977774408848,0,train
B1:6.86104:26000,913,961,N=6.86104B,7,30,6.86104,54.526,2.2788,2.2446,26000,0.9999864555697143,0,train
B1:6.86104:27000,914,962,N=6.86104B,7,31,6.86104,56.623,2.2746,2.331,27000,1.0000188731489819,0,train
B1:6.86104:28000,915,963,N=6.86104B,7,32,6.86104,58.72,2.2704,2.4173,28000,1.0000076065609826,0,train
B1:6.86104:29000,916,964,N=6.86104B,7,33,6.86104,60.817,2.2666,2.5036,29000,0.9999971169279479,0,train
B1:6.86104:30000,917,965,N=6.86104B,7,34,6.86104,62.915,2.2628,2.59,30000,1.000010042726338,0,train
B1:6.86104:31000,918,966,N=6.86104B,7,35,6.86104,65.012,2.2594,2.6763,31000,1.0000001513731873,0,train
B1:6.86104:32000,919,967,N=6.86104B,7,36,6.86104,67.109,2.2558,2.7626,32000,0.9999908781835487,0,train
B1:6.86104:33000,920,968,N=6.86104B,7,37,6.86104,69.206,2.2528,2.849,33000,1.0000172676059924,0,train
B1:6.86104:34000,921,969,N=6.86104B,7,38,6.86104,71.303,2.2494,2.9353,34000,1.0000080364765356,0,train
B1:6.86104:35000,922,970,N=6.86104B,7,39,6.86104,73.4,2.2463,3.0216,35000,0.9999993328042576,0,train
B1:6.86104:36000,923,971,N=6.86104B,7,40,6.86104,75.497,2.2435,3.1079,36000,0.999991112637305,0,train
B1:6.86104:37000,924,972,N=6.86104B,7,41,6.86104,77.595,2.2406,3.1943,37000,1.0000017553798464,0,train
B1:6.86104:38000,925,973,N=6.86104B,7,42,6.86104,79.692,2.238,3.2806,38000,0.9999939041766461,0,train
B1:6.86104:39000,926,974,N=6.86104B,7,43,6.86104,81.789,2.2352,3.3669,39000,0.9999864555697143,0,train
B1:6.86104:40000,927,975,N=6.86104B,7,44,6.86104,83.886,2.2327,3.4533,40000,1.0000083374163975,0,train
B1:6.86104:41000,928,976,N=6.86104B,7,45,6.86104,85.983,2.2301,3.5396,41000,1.000000900125118,0,train
B1:6.86104:42000,929,977,N=6.86104B,7,46,6.86104,88.08,2.2278,3.6259,42000,0.9999938169664412,0,train
B1:6.86104:43000,930,978,N=6.86104B,7,47,6.86104,90.178,2.2253,3.7123,43000,1.0000029117559126,0,train
B1:6.86104:44000,931,979,N=6.86104B,7,48,6.86104,92.275,2.2231,3.7986,44000,0.9999961048959174,0,train
B1:6.86104:45000,932,980,N=6.86104B,7,49,6.86104,94.372,2.2212,3.8849,45000,0.9999896005405934,0,train
B1:6.86104:46000,933,981,N=6.86104B,7,50,6.86104,96.469,2.219,3.9713,46000,1.0000085598496662,0,train
B1:6.86104:47000,934,982,N=6.86104B,7,51,6.86104,98.566,2.2169,4.0576,47000,1.000002067275567,0,train
B1:6.86104:48000,935,983,N=6.86104B,7,52,6.86104,100.663,2.2148,4.1439,48000,0.9999958452065768,0,train
B1:6.86104:49000,936,984,N=6.86104B,7,53,6.86104,102.76,2.2129,4.2302,49000,0.9999898770822863,0,train
B1:6.86104:50000,937,985,N=6.86104B,7,54,6.86104,104.858,2.211,4.3166,50000,0.9999977774408848,0,train
B1:6.86104:51000,938,986,N=6.86104B,7,55,6.86104,106.955,2.209,4.4029,51000,0.9999920055148651,0,train
B1:6.86104:52000,939,987,N=6.86104B,7,56,6.86104,109.052,2.2074,4.4893,52000,1.0000087309518664,0,train
B1:6.86104:53000,940,988,N=6.86104B,7,57,6.86104,111.149,2.2056,4.5756,53000,1.0000029701635555,0,train
B1:6.86104:54000,941,989,N=6.86104B,7,58,6.86104,113.246,2.2038,4.6619,54000,0.9999974227227025,0,train
B1:6.86104:55000,942,990,N=6.86104B,7,59,6.86104,115.343,2.2021,4.7482,55000,0.9999920769929795,0,train
B1:6.86104:56000,943,991,N=6.86104B,7,60,6.86104,117.441,2.2005,4.8346,56000,0.9999990915823418,0,train
B1:6.86104:57000,944,992,N=6.86104B,7,61,6.86104,119.538,2.1987,4.9209,57000,0.9999939041766459,0,train
B1:6.86104:58000,945,993,N=6.86104B,7,62,6.86104,121.635,2.1973,5.0073,58000,1.0000088666534177,0,train
B1:6.86104:59000,946,994,N=6.86104B,7,63,6.86104,123.732,2.1957,5.0936,59000,1.0000036894120727,0,train
B1:6.86104:60000,947,995,N=6.86104B,7,64,6.86104,125.829,2.1941,5.1799,60000,0.9999986847330955,0,train
B1:6.86104:61000,948,996,N=6.86104B,7,65,6.86104,127.926,2.1927,5.2662,61000,0.9999938441304095,0,train
B1:6.86104:62000,949,997,N=6.86104B,7,66,6.86104,130.023,2.1914,5.3526,62000,1.0000078423213379,0,train
B1:6.86104:63000,950,998,N=6.86104B,7,67,6.86104,132.121,2.1899,5.4389,63000,0.9999954411871952,0,train
B1:6.86104:64000,951,999,N=6.86104B,7,68,6.86104,134.218,2.1884,5.5253,64000,1.0000089769108016,0,train
B1:6.86104:65000,952,1000,N=6.86104B,7,69,6.86104,136.315,2.1872,5.6116,65000,1.0000042758754362,0,train
B1:6.86104:66000,953,1001,N=6.86104B,7,70,6.86104,138.412,2.1859,5.6979,66000,0.9999997172853956,0,train
B1:6.86104:67000,954,1002,N=6.86104B,7,71,6.86104,140.509,2.1845,5.7842,67000,0.9999952947629852,0,train
B1:6.86104:68000,955,1003,N=6.86104B,7,72,6.86104,142.606,2.1832,5.8706,68000,1.0000080364765356,0,train
B1:6.86104:69000,956,1004,N=6.86104B,7,73,6.86104,144.703,2.1819,5.9569,69000,1.0000036215746662,0,train
B1:6.86104:70000,957,1005,N=6.86104B,7,74,6.86104,146.801,2.1807,6.0432,70000,0.9999925208661047,0,train
B1:6.86104:71000,958,1006,N=6.86104B,7,75,6.86104,148.898,2.1795,6.1296,71000,1.0000047632176763,0,train
B1:6.86104:72000,959,1007,N=6.86104B,7,76,6.86104,150.995,2.1783,6.2159,72000,1.000000577744506,0,train
B1:6.86104:73000,960,1008,N=6.86104B,7,77,6.86104,153.092,2.1772,6.3022,73000,0.999996506933594,0,train
B1:6.86104:74000,961,1009,N=6.86104B,7,78,6.86104,155.189,2.176,6.3885,74000,0.9999925461368002,0,train
B1:6.86104:75000,962,1010,N=6.86104B,7,79,6.86104,157.286,2.1748,6.4749,75000,1.000004135271699,0,train
B1:6.86104:76000,963,1011,N=6.86104B,7,80,6.86104,159.384,2.1738,6.5612,76000,0.9999939041766461,0,train
B1:6.86104:77000,964,1012,N=6.86104B,7,81,6.86104,161.481,2.1726,6.6476,77000,1.0000051746100849,0,train
B1:6.86104:78000,965,1013,N=6.86104B,7,82,6.86104,163.578,2.1717,6.7339,78000,1.0000013058244825,0,train
B1:6.86104:79000,966,1014,N=6.86104B,7,83,6.86104,165.675,2.1704,6.8202,79000,0.9999975349757252,0,train
B1:6.86104:80000,967,1015,N=6.86104B,7,84,6.86104,167.772,2.1696,6.9065,80000,0.9999938583914444,0,train
B1:6.86104:81000,968,1016,N=6.86104B,7,85,6.86104,169.869,2.1684,6.9929,81000,1.0000045728647955,0,train
B1:6.86104:82000,969,1017,N=6.86104B,7,86,6.86104,171.966,2.1673,7.0792,82000,1.000000900125118,0,train
B1:6.86104:83000,970,1018,N=6.86104B,7,87,6.86104,174.064,2.1664,7.1656,83000,1.000005526523788,0,train
B1:6.86104:84000,971,1019,N=6.86104B,7,88,6.86104,176.161,2.1654,7.2519,84000,1.0000019298924432,0,train
B1:6.86104:85000,972,1020,N=6.86104B,7,89,6.86104,178.258,2.1645,7.3382,85000,0.999998417881547,0,train
B1:6.86104:86000,973,1021,N=6.86104B,7,90,6.86104,180.355,2.1635,7.4245,86000,0.9999949875394357,0,train
B1:6.86104:87000,974,1022,N=6.86104B,7,91,6.86104,182.452,2.1625,7.5109,87000,1.0000049500997275,0,train
B1:6.86104:88000,975,1023,N=6.86104B,7,92,6.86104,184.549,2.1616,7.5972,88000,1.0000015234899216,0,train
B1:6.86104:89000,976,1024,N=6.86104B,7,93,6.86104,186.647,2.1609,7.6836,89000,1.0000058309882405,0,train
B1:6.86104:90000,977,1025,N=6.86104B,7,94,6.86104,188.744,2.16,7.7699,90000,1.0000024707509017,0,train
B1:6.86104:91000,978,1026,N=6.86104B,7,95,6.86104,190.841,2.159,7.8562,91000,0.9999991843595156,0,train
B1:6.86104:92000,979,1027,N=6.86104B,7,96,6.86104,192.938,2.1581,7.9425,92000,0.9999959694062364,0,train
B1:6.86104:93000,980,1028,N=6.86104B,7,97,6.86104,195.035,2.1572,8.0289,93000,1.0000052786588098,0,train
B1:6.86104:94000,981,1029,N=6.86104B,7,98,6.86104,197.132,2.1564,8.1152,94000,1.000002067275567,0,train
B1:6.86104:95000,982,1030,N=6.86104B,7,99,6.86104,199.229,2.1555,8.2015,95000,0.9999989234956416,0,train
B1:6.86104:96000,983,1031,N=6.86104B,7,100,6.86104,201.327,2.1547,8.2879,96000,1.0000029440017173,0,train
B1:6.86104:97000,984,1032,N=6.86104B,7,101,6.86104,203.424,2.1538,8.3742,97000,0.9999998560149236,0,train
B1:6.86104:98000,985,1033,N=6.86104B,7,102,6.86104,205.521,2.1531,8.4605,98000,0.9999968310436692,0,train
B1:6.86104:99000,986,1034,N=6.86104B,7,103,6.86104,207.618,2.1524,8.5469,99000,1.0000055673922612,0,test
B1:6.86104:100000,987,1035,N=6.86104B,7,104,6.86104,209.715,2.1515,8.6332,100000,1.0000025458064161,0,test
B1:6.86104:101000,988,1036,N=6.86104B,7,105,6.86104,211.812,2.1509,8.7195,101000,0.9999995840497171,0,test
B1:6.86104:102000,989,1037,N=6.86104B,7,106,6.86104,213.91,2.1499,8.8059,102000,1.0000033615757058,0,test
B1:6.86104:103000,990,1038,N=6.86104B,7,107,6.86104,216.007,2.1491,8.8922,103000,1.0000004494187935,0,test
B1:6.86104:104000,991,1039,N=6.86104B,7,108,6.86104,218.104,2.1485,8.9785,104000,0.9999975932607904,0,test
B1:6.86104:105000,992,1040,N=6.86104B,7,109,6.86104,220.201,2.1478,9.0648,105000,0.9999947915018439,0,test
B1:6.86104:106000,993,1041,N=6.86104B,7,110,6.86104,222.298,2.1472,9.1512,106000,1.0000029701635555,0,test
B1:6.86104:107000,994,1042,N=6.86104B,7,111,6.86104,224.395,2.1463,9.2375,107000,1.0000001705223567,0,test
B1:6.86104:108000,995,1043,N=6.86104B,7,112,6.86104,226.492,2.1457,9.3238,108000,0.9999974227227025,0,test
B1:6.86104:109000,996,1044,N=6.86104B,7,113,6.86104,228.59,2.1449,9.4102,109000,1.0000009774934635,0,test
B1:6.86104:110000,997,1045,N=6.86104B,7,114,6.86104,230.687,2.1442,9.4965,110000,0.9999982723264724,0,test
B1:6.86104:111000,998,1046,N=6.86104B,7,115,6.86104,232.784,2.1436,9.5828,111000,0.9999956158976694,0,test
B1:6.86104:112000,999,1047,N=6.86104B,7,116,6.86104,234.881,2.1429,9.6692,112000,1.000003349053536,0,test
B1:6.86104:113000,1000,1048,N=6.86104B,7,117,6.86104,236.978,2.1421,9.7555,113000,1.0000006947142337,0,test
B1:6.86104:114000,1001,1049,N=6.86104B,7,118,6.86104,239.075,2.1416,9.8418,114000,0.9999980869389765,0,test
B1:6.86104:115000,1002,1050,N=6.86104B,7,119,6.86104,241.172,2.141,9.9281,115000,0.9999955245131356,0,test
B1:6.86104:116000,1003,1051,N=6.86104B,7,120,6.86104,243.27,2.1402,10.0145,116000,0.9999988811435955,0,test
B1:6.86104:117000,1004,1052,N=6.86104B,7,121,6.86104,245.367,2.1396,10.1008,117000,0.9999963557395599,0,test
B1:6.86104:118000,1005,1053,N=6.86104B,7,122,6.86104,247.464,2.139,10.1872,118000,1.0000036894120727,0,test
B1:6.86104:119000,1006,1054,N=6.86104B,7,123,6.86104,249.561,2.1384,10.2735,119000,1.0000011660460377,0,test
B1:6.86104:120000,1007,1055,N=6.86104B,7,124,6.86104,251.658,2.1377,10.3598,120000,0.9999986847330955,0,test
B1:6.86104:121000,1008,1056,N=6.86104B,7,125,6.86104,253.755,2.1371,10.4461,121000,0.9999962444306808,0,test
B1:6.86104:122000,1009,1057,N=6.86104B,7,126,6.86104,255.853,2.1365,10.5325,122000,0.999999430076755,0,test
B1:6.86104:123000,1010,1058,N=6.86104B,7,127,6.86104,257.95,2.136,10.6188,123000,0.999997023401334,0,test
B1:6.86104:124000,1011,1059,N=6.86104B,7,128,6.86104,260.047,2.1353,10.7052,124000,1.0000039968324748,0,test
B1:6.86104:125000,1012,1060,N=6.86104B,7,129,6.86104,262.144,2.1347,10.7915,125000,1.0000015921296719,0,test
B1:6.86104:126000,1013,1061,N=6.86104B,7,130,6.86104,264.241,2.1342,10.8778,126000,0.9999992255940102,0,test
B1:6.86104:127000,1014,1062,N=6.86104B,7,131,6.86104,266.338,2.1334,10.9641,127000,0.9999968963239678,0,test
B1:6.86104:128000,1015,1063,N=6.86104B,7,132,6.86104,268.435,2.1331,11.0505,128000,1.0000036528435319,0,test
B1:6.86104:129000,1016,1064,N=6.86104B,7,133,6.86104,270.533,2.1323,11.1368,129000,0.9999976289546915,0,test
B1:6.86104:130000,1017,1065,N=6.86104B,7,134,6.86104,272.63,2.1318,11.2232,130000,1.0000042758754362,0,test
B1:6.86104:131000,1018,1066,N=6.86104B,7,135,6.86104,274.727,2.1312,11.3095,131000,1.000001979182484,0,test
B1:6.86104:132000,1019,1067,N=6.86104B,7,136,6.86104,276.824,2.1307,11.3958,132000,0.9999997172853956,0,test
B1:6.86104:133000,1020,1068,N=6.86104B,7,137,6.86104,278.921,2.1303,11.4821,133000,0.9999974893993584,0,test
B1:6.86104:134000,1021,1069,N=6.86104B,7,138,6.86104,281.018,2.1297,11.5685,134000,1.000003938960063,0,test
B1:6.86104:135000,1022,1070,N=6.86104B,7,139,6.86104,283.116,2.1292,11.6548,135000,0.999998180680799,0,test
B1:6.86104:136000,1023,1071,N=6.86104B,7,140,6.86104,285.213,2.1286,11.7411,136000,0.9999960132412309,0,test
B1:6.86104:137000,1024,1072,N=6.86104B,7,141,6.86104,287.31,2.1281,11.8275,137000,1.0000023323326432,0,test
B1:6.86104:138000,1025,1073,N=6.86104B,7,142,6.86104,289.407,2.1276,11.9138,138000,1.000000166220713,0,test
B1:6.86104:139000,1026,1074,N=6.86104B,7,143,6.86104,291.504,2.127,12.0001,139000,0.9999980312736152,0,test
B1:6.86104:140000,1027,1075,N=6.86104B,7,144,6.86104,293.601,2.1266,12.0864,140000,0.9999959268235805,0,test
B1:6.86104:141000,1028,1076,N=6.86104B,7,145,6.86104,295.698,2.126,12.1728,141000,1.0000020672755672,0,test
B1:6.86104:142000,1029,1077,N=6.86104B,7,146,6.86104,297.796,2.1255,12.2591,142000,0.999996606039694,0,test
B1:6.86104:143000,1030,1078,N=6.86104B,7,147,6.86104,299.893,2.125,12.3455,143000,1.0000026558476431,0,test
B1:11.965825:64,1031,1086,N=11.965825B,8,1,11.965825,0.134,4.0188,0.0096,64,0.9978667168759934,0,train
B1:11.965825:128,1032,1087,N=11.965825B,8,2,11.965825,0.268,3.6351,0.0192,128,0.9978667168759934,0,train
B1:11.965825:256,1033,1088,N=11.965825B,8,3,11.965825,0.537,3.3185,0.0386,256,1.0011960363069112,0,train
B1:11.965825:512,1034,1089,N=11.965825B,8,4,11.965825,1.074,3.058,0.0771,512,0.9998991502495188,0,train
B1:11.965825:1000,1035,1090,N=11.965825B,8,5,11.965825,2.097,2.8502,0.1506,1000,1.000305470773938,0,train
B1:11.965825:2000,1036,1091,N=11.965825B,8,6,11.965825,4.194,2.6724,0.3011,2000,0.9999733640439332,0,train
B1:11.965825:3000,1037,1092,N=11.965825B,8,7,11.965825,6.291,2.5833,0.4517,3000,1.000084066287268,0,train
B1:11.965825:4000,1038,1093,N=11.965825B,8,8,11.965825,8.389,2.5261,0.6023,4000,1.0000201970707059,0,train
B1:11.965825:5000,1039,1094,N=11.965825B,8,9,11.965825,10.486,2.4845,0.7528,5000,0.9999444163468874,0,train
B1:11.965825:6000,1040,1095,N=11.965825B,8,10,11.965825,12.583,2.4527,0.9034,6000,1.0000045873024246,0,train
B1:11.965825:7000,1041,1096,N=11.965825B,8,11,11.965825,14.68,2.4268,1.0539,7000,0.9999526865540679,0,train
B1:11.965825:8000,1042,1097,N=11.965825B,8,12,11.965825,16.777,2.4053,1.2045,8000,0.9999967819530704,0,train
B1:11.965825:9000,1043,1098,N=11.965825B,8,13,11.965825,18.874,2.3868,1.3551,9000,1.0000310788936957,0,train
B1:11.965825:10000,1044,1099,N=11.965825B,8,14,11.965825,20.972,2.3713,1.5057,10000,1.0000108313586,0,train
B1:11.965825:11000,1045,1100,N=11.965825B,8,15,11.965825,23.069,2.3573,1.6562,11000,0.9999772366309708,0,train
B1:11.965825:12000,1046,1101,N=11.965825B,8,16,11.965825,25.166,2.345,1.8068,12000,1.0000045873024246,0,train
B1:11.965825:13000,1047,1102,N=11.965825B,8,17,11.965825,27.263,2.3334,1.9573,13000,0.9999766408920561,0,train
B1:11.965825:14000,1048,1103,N=11.965825B,8,18,11.965825,29.36,2.3239,2.1079,14000,1.0000001271407721,0,train
B1:11.965825:15000,1049,1104,N=11.965825B,8,19,11.965825,31.457,2.3144,2.2585,15000,1.0000204820887568,0,train
B1:11.965825:16000,1050,1105,N=11.965825B,8,20,11.965825,33.554,2.3061,2.409,16000,0.9999967819530704,0,train
B1:11.965825:17000,1051,1106,N=11.965825B,8,21,11.965825,35.652,2.2981,2.5596,17000,0.9999868897640041,0,train
B1:11.965825:18000,1052,1107,N=11.965825B,8,22,11.965825,37.749,2.291,2.7102,18000,1.0000045873024244,0,train
B1:11.965825:19000,1053,1108,N=11.965825B,8,23,11.965825,39.846,2.2841,2.8607,19000,0.9999854661111914,0,train
B1:11.965825:20000,1054,1109,N=11.965825B,8,24,11.965825,41.943,2.2778,3.0113,20000,1.0000014651999019,0,train
B1:11.965825:21000,1055,1110,N=11.965825B,8,25,11.965825,44.04,2.2722,3.1618,21000,0.9999843136118708,0,train
B1:11.965825:22000,1056,1111,N=11.965825B,8,26,11.965825,46.137,2.2664,3.3124,22000,0.9999989107154721,0,train
B1:11.965825:23000,1057,1112,N=11.965825B,8,27,11.965825,48.234,2.2612,3.463,23000,1.000012238584664,0,train
B1:11.965825:24000,1058,1113,N=11.965825B,8,28,11.965825,50.332,2.2563,3.6136,24000,1.0000045873024246,0,train
B1:11.965825:25000,1059,1114,N=11.965825B,8,29,11.965825,52.429,2.2516,3.7641,25000,0.9999900552116756,0,train
B1:11.965825:26000,1060,1115,N=11.965825B,8,30,11.965825,54.526,2.2471,3.9147,26000,1.0000021856895038,0,train
B1:11.965825:27000,1061,1116,N=11.965825B,8,31,11.965825,56.623,2.2428,4.0652,27000,0.9999888189162214,0,train
B1:11.965825:28000,1062,1117,N=11.965825B,8,32,11.965825,58.72,2.239,4.2158,28000,1.0000001271407721,0,train
B1:11.965825:29000,1063,1118,N=11.965825B,8,33,11.965825,60.817,2.2349,4.3664,29000,1.0000106555390613,0,train
B1:11.965825:30000,1064,1119,N=11.965825B,8,34,11.965825,62.915,2.2312,4.517,30000,1.0000045873024246,0,train
B1:11.965825:31000,1065,1120,N=11.965825B,8,35,11.965825,65.012,2.2277,4.6675,31000,0.9999928678816119,0,train
B1:11.965825:32000,1066,1121,N=11.965825B,8,36,11.965825,67.109,2.2243,4.8181,32000,1.0000026359941634,0,train
B1:11.965825:33000,1067,1122,N=11.965825B,8,37,11.965825,69.206,2.221,4.9686,33000,0.9999916859162444,0,train
B1:11.965825:34000,1068,1123,N=11.965825B,8,38,11.965825,71.303,2.2178,5.1192,34000,1.0000009142354818,0,train
B1:11.965825:35000,1069,1124,N=11.965825B,8,39,11.965825,73.4,2.2146,5.2697,35000,0.9999906390234312,0,train
B1:11.965825:36000,1070,1125,N=11.965825B,8,40,11.965825,75.497,2.2119,5.4203,36000,0.9999993837706506,0,train
B1:11.965825:37000,1071,1126,N=11.965825B,8,41,11.965825,77.595,2.2089,5.5709,37000,0.999994768332312,0,train
B1:11.965825:38000,1072,1127,N=11.965825B,8,42,11.965825,79.692,2.2063,5.7215,38000,1.0000029440967564,0,train
B1:11.965825:39000,1073,1128,N=11.965825B,8,43,11.965825,81.789,2.2035,5.872,39000,0.9999936707570213,0,train
B1:11.965825:40000,1074,1129,N=11.965825B,8,44,11.965825,83.886,2.201,6.0226,40000,1.0000014651999019,0,train
B1:11.965825:41000,1075,1130,N=11.965825B,8,45,11.965825,85.983,2.1986,6.1731,41000,0.9999926802547744,0,train
B1:11.965825:42000,1076,1131,N=11.965825B,8,46,11.965825,88.08,2.1962,6.3237,42000,1.0000001271407721,0,train
B1:11.965825:43000,1077,1132,N=11.965825B,8,47,11.965825,90.178,2.1939,6.4743,43000,0.9999961384236973,0,train
B1:11.965825:44000,1078,1133,N=11.965825B,8,48,11.965825,92.275,2.1917,6.6249,44000,1.000003168171066,0,train
B1:11.965825:45000,1079,1134,N=11.965825B,8,49,11.965825,94.372,2.1894,6.7754,45000,0.9999951263041201,0,train
B1:11.965825:46000,1080,1135,N=11.965825B,8,50,11.965825,96.469,2.1873,6.926,46000,1.0000018724334798,0,train
B1:11.965825:47000,1081,1136,N=11.965825B,8,51,11.965825,98.566,2.1853,7.0765,47000,0.999994200316262,0,train
B1:11.965825:48000,1082,1137,N=11.965825B,8,52,11.965825,100.663,2.1833,7.2271,48000,1.0000006846665173,0,train
B1:11.965825:49000,1083,1138,N=11.965825B,8,53,11.965825,102.76,2.1811,7.3776,49000,0.9999933499141002,0,train
B1:11.965825:50000,1084,1139,N=11.965825B,8,54,11.965825,104.858,2.1794,7.5283,50000,1.0000033384673703,0,train
B1:11.965825:51000,1085,1140,N=11.965825B,8,55,11.965825,106.955,2.1775,7.6788,51000,0.9999962393679476,0,train
B1:11.965825:52000,1086,1141,N=11.965825B,8,56,11.965825,109.052,2.1756,7.8294,52000,1.0000021856895038,0,train
B1:11.965825:53000,1087,1142,N=11.965825B,8,57,11.965825,111.149,2.174,7.9799,53000,0.9999953762103041,0,train
B1:11.965825:54000,1088,1143,N=11.965825B,8,58,11.965825,113.246,2.1721,8.1305,54000,1.0000011182965582,0,train
B1:11.965825:55000,1089,1144,N=11.965825B,8,59,11.965825,115.343,2.1704,8.281,55000,0.9999945758234079,0,train
B1:11.965825:56000,1090,1145,N=11.965825B,8,60,11.965825,117.441,2.1688,8.4317,56000,1.0000034722715059,0,train
B1:11.965825:57000,1091,1146,N=11.965825B,8,61,11.965825,119.538,2.1672,8.5822,57000,0.9999971181015681,0,train
B1:11.965825:58000,1092,1147,N=11.965825B,8,62,11.965825,121.635,2.1655,8.7328,58000,1.0000024341335814,0,train
B1:11.965825:59000,1093,1148,N=11.965825B,8,63,11.965825,123.732,2.1639,8.8833,59000,0.9999963129378455,0,train
B1:11.965825:60000,1094,1149,N=11.965825B,8,64,11.965825,125.829,2.1627,9.0339,60000,1.0000014651999019,0,train
B1:11.965825:61000,1095,1150,N=11.965825B,8,65,11.965825,127.926,2.161,9.1844,61000,0.9999955605680295,0,train
B1:11.965825:62000,1096,1151,N=11.965825B,8,66,11.965825,130.023,2.1595,9.335,62000,1.0000005587737455,0,train
B1:11.965825:63000,1097,1152,N=11.965825B,8,67,11.965825,132.121,2.158,9.4856,63000,0.9999978294567224,0,train
B1:11.965825:64000,1098,1153,N=11.965825B,8,68,11.965825,134.218,2.1568,9.6362,64000,1.0000026359941634,0,train
B1:11.965825:65000,1099,1154,N=11.965825B,8,69,11.965825,136.315,2.1553,9.7867,65000,0.9999970767300143,0,train
B1:11.965825:66000,1100,1155,N=11.965825B,8,70,11.965825,138.412,2.1542,9.9373,66000,1.0000017490294546,0,train
B1:11.965825:67000,1101,1156,N=11.965825B,8,71,11.965825,140.509,2.1529,10.0878,67000,0.9999963689390158,0,train
B1:11.965825:68000,1102,1157,N=11.965825B,8,72,11.965825,142.606,2.1515,10.2384,68000,1.0000009142354818,0,train
B1:11.965825:69000,1103,1158,N=11.965825B,8,73,11.965825,144.703,2.1504,10.3889,69000,0.9999957021765438,0,train
B1:11.965825:70000,1104,1159,N=11.965825B,8,74,11.965825,146.801,2.1491,10.5396,70000,1.0000028032499166,0,train
B1:11.965825:71000,1105,1160,N=11.965825B,8,75,11.965825,148.898,2.1478,10.6901,71000,0.9999977114298264,0,train
B1:11.965825:72000,1106,1161,N=11.965825B,8,76,11.965825,150.995,2.1464,10.8407,72000,1.0000019855537683,0,train
B1:11.965825:73000,1107,1162,N=11.965825B,8,77,11.965825,153.092,2.1456,10.9912,73000,0.9999970444260872,0,train
B1:11.965825:74000,1108,1163,N=11.965825B,8,78,11.965825,155.189,2.1442,11.1418,74000,1.0000012120542792,0,train
B1:11.965825:75000,1109,1164,N=11.965825B,8,79,11.965825,157.286,2.143,11.2923,75000,0.9999964129933929,0,train
B1:11.965825:76000,1110,1165,N=11.965825B,8,80,11.965825,159.384,2.1421,11.443,76000,1.0000029440967564,0,train
B1:11.965825:77000,1111,1166,N=11.965825B,8,81,11.965825,161.481,2.1411,11.5935,77000,0.999998247214872,0,train
B1:11.965825:78000,1112,1167,N=11.965825B,8,82,11.965825,163.578,2.1399,11.7441,78000,1.0000021856895038,0,train
B1:11.965825:79000,1113,1168,N=11.965825B,8,83,11.965825,165.675,2.1388,11.8946,79000,0.9999976173068053,0,train
B1:11.965825:80000,1114,1169,N=11.965825B,8,84,11.965825,167.772,2.1378,12.0452,80000,1.0000014651999019,0,train
B1:11.965825:81000,1115,1170,N=11.965825B,8,85,11.965825,169.869,2.1368,12.1957,81000,0.9999970185031125,0,train
B1:11.965825:82000,1116,1171,N=11.965825B,8,86,11.965825,171.966,2.1358,12.3463,82000,1.0000007798536814,0,train
B1:11.965825:83000,1117,1172,N=11.965825B,8,87,11.965825,174.064,2.1347,12.4969,83000,0.9999987055366483,0,train
B1:11.965825:84000,1118,1173,N=11.965825B,8,88,11.965825,176.161,2.1337,12.6475,84000,1.0000023572342578,0,train
B1:11.965825:85000,1119,1174,N=11.965825B,8,89,11.965825,178.258,2.1328,12.798,85000,0.9999981093097161,0,train
B1:11.965825:86000,1120,1175,N=11.965825B,8,90,11.965825,180.355,2.1318,12.9486,86000,1.0000016830226184,0,train
B1:11.965825:87000,1121,1176,N=11.965825B,8,91,11.965825,182.452,2.1309,13.0991,87000,0.9999975404935635,0,train
B1:11.965825:88000,1122,1177,N=11.965825B,8,92,11.965825,184.549,2.1298,13.2497,88000,1.0000010394548038,0,train
B1:11.965825:89000,1123,1178,N=11.965825B,8,93,11.965825,186.647,2.129,13.4003,89000,0.9999991020619541,0,train
B1:11.965825:90000,1124,1179,N=11.965825B,8,94,11.965825,188.744,2.1281,13.5509,90000,1.0000025059062565,0,train
B1:11.965825:91000,1125,1180,N=11.965825B,8,95,11.965825,190.841,2.1272,13.7014,91000,0.9999985364327255,0,train
B1:11.965825:92000,1126,1181,N=11.965825B,8,96,11.965825,192.938,2.1264,13.852,92000,1.0000018724334798,0,train
B1:11.965825:93000,1127,1182,N=11.965825B,8,97,11.965825,195.035,2.1256,14.0025,93000,0.9999979951298897,0,train
B1:11.965825:94000,1128,1183,N=11.965825B,8,98,11.965825,197.132,2.1248,14.1531,94000,1.0000012659150772,0,train
B1:11.965825:95000,1129,1184,N=11.965825B,8,99,11.965825,199.229,2.1238,14.3036,95000,0.9999974766171505,0,train
B1:11.965825:96000,1130,1185,N=11.965825B,8,100,11.965825,201.327,2.123,14.4543,96000,1.0000026359941632,0,train
B1:11.965825:97000,1131,1186,N=11.965825B,8,101,11.965825,203.424,2.1223,14.6048,97000,0.999998910715472,0,train
B1:11.965825:98000,1132,1187,N=11.965825B,8,102,11.965825,205.521,2.1214,14.7554,98000,1.0000020386510242,0,train
B1:11.965825:99000,1133,1188,N=11.965825B,8,103,11.965825,207.618,2.1206,14.9059,99000,0.9999983946583845,0,test
B1:11.965825:100000,1134,1189,N=11.965825B,8,104,11.965825,209.715,2.1199,15.0565,100000,1.0000014651999016,0,test
B1:11.965825:101000,1135,1190,N=11.965825B,8,105,11.965825,211.812,2.119,15.207,101000,0.9999978990377538,0,test
B1:11.965825:102000,1136,1191,N=11.965825B,8,106,11.965825,213.91,2.1183,15.3577,102000,1.0000027507775386,0,test
B1:11.965825:103000,1137,1192,N=11.965825B,8,107,11.965825,216.007,2.1175,15.5082,103000,0.9999992413922262,0,test
B1:11.965825:104000,1138,1193,N=11.965825B,8,108,11.965825,218.104,2.1168,15.6588,104000,1.0000021856895038,0,test
B1:11.965825:105000,1139,1194,N=11.965825B,8,109,11.965825,220.201,2.1161,15.8093,105000,0.9999987485261687,0,test
B1:11.965825:106000,1140,1195,N=11.965825B,8,110,11.965825,222.298,2.1152,15.9599,106000,1.000001641924011,0,test
B1:11.965825:107000,1141,1196,N=11.965825B,8,111,11.965825,224.395,2.1147,16.1104,107000,0.9999982740836967,0,test
B1:11.965825:108000,1142,1197,N=11.965825B,8,112,11.965825,226.492,2.1139,16.261,108000,1.0000011182965582,0,test
B1:11.965825:109000,1143,1198,N=11.965825B,8,113,11.965825,228.59,2.1133,16.4116,109000,0.9999995356640142,0,test
B1:11.965825:110000,1144,1199,N=11.965825B,8,114,11.965825,230.687,2.1125,16.5622,110000,1.0000023166873295,0,test
B1:11.965825:111000,1145,1200,N=11.965825B,8,115,11.965825,232.784,2.1119,16.7127,111000,0.9999990641377298,0,test
B1:11.965825:112000,1146,1201,N=11.965825B,8,116,11.965825,234.881,2.1112,16.8633,112000,1.00000179971326,0,test
B1:11.965825:113000,1147,1202,N=11.965825B,8,117,11.965825,236.978,2.1105,17.0138,113000,0.9999986093014437,0,test
B1:11.965825:114000,1148,1203,N=11.965825B,8,118,11.965825,239.075,2.1099,17.1644,114000,1.0000013008773418,0,test
B1:11.965825:115000,1149,1204,N=11.965825B,8,119,11.965825,241.172,2.1092,17.3149,115000,0.9999981702844353,0,test
B1:11.965825:116000,1150,1205,N=11.965825B,8,120,11.965825,243.27,2.1085,17.4656,116000,1.0000024341335814,0,test
B1:11.965825:117000,1151,1206,N=11.965825B,8,121,11.965825,245.367,2.1079,17.6161,117000,0.9999993473786762,0,test
B1:11.965825:118000,1152,1207,N=11.965825B,8,122,11.965825,247.464,2.1072,17.7667,118000,1.0000019414560366,0,test
B1:11.965825:119000,1153,1208,N=11.965825B,8,123,11.965825,249.561,2.1066,17.9172,119000,0.9999989107154722,0,test
B1:11.965825:120000,1154,1209,N=11.965825B,8,124,11.965825,251.658,2.1059,18.0678,120000,1.0000014651999019,0,test
B1:11.965825:121000,1155,1210,N=11.965825B,8,125,11.965825,253.755,2.1055,18.2183,121000,0.9999984884863912,0,test
B1:11.965825:122000,1156,1211,N=11.965825B,8,126,11.965825,255.853,2.1047,18.369,122000,1.0000025400276829,0,test
B1:11.965825:123000,1157,1212,N=11.965825B,8,127,11.965825,257.95,2.1042,18.5195,123000,0.9999996029861992,0,test
B1:11.965825:124000,1158,1213,N=11.965825B,8,128,11.965825,260.047,2.1036,18.6701,124000,1.0000020694816825,0,test
B1:11.965825:125000,1159,1214,N=11.965825B,8,129,11.965825,262.144,2.1031,18.8206,125000,0.9999991831935514,0,test
B1:11.965825:126000,1160,1215,N=11.965825B,8,130,11.965825,264.241,2.1024,18.9712,126000,1.0000016138725758,0,test
B1:11.965825:127000,1161,1216,N=11.965825B,8,131,11.965825,266.338,2.102,19.1217,127000,0.9999987766217759,0,test
B1:11.965825:128000,1162,1217,N=11.965825B,8,132,11.965825,268.435,2.1013,19.2723,128000,1.0000011725002462,0,test
B1:11.965825:129000,1163,1218,N=11.965825B,8,133,11.965825,270.533,2.1008,19.4229,129000,0.9999998348161462,0,test
B1:11.965825:130000,1164,1219,N=11.965825B,8,134,11.965825,272.63,2.1001,19.5735,130000,1.0000021856895038,0,test
B1:11.965825:131000,1165,1220,N=11.965825B,8,135,11.965825,274.727,2.0998,19.724,131000,0.9999994307116403,0,test
B1:11.965825:132000,1166,1221,N=11.965825B,8,136,11.965825,276.824,2.099,19.8746,132000,1.0000017490294546,0,test
B1:11.965825:133000,1167,1222,N=11.965825B,8,137,11.965825,278.921,2.0986,20.0251,133000,0.9999990387597815,0,test
B1:11.965825:134000,1168,1223,N=11.965825B,8,138,11.965825,281.018,2.098,20.1757,134000,1.0000013254031057,0,test
B1:11.965825:135000,1169,1224,N=11.965825B,8,139,11.965825,283.116,2.0975,20.3263,135000,1.0000000460388778,0,test
B1:11.965825:136000,1170,1225,N=11.965825B,8,140,11.965825,285.213,2.0969,20.4769,136000,1.0000022916436342,0,test
B1:11.965825:137000,1171,1226,N=11.965825B,8,141,11.965825,287.31,2.0964,20.6274,137000,0.999999656549174,0,test
B1:11.965825:138000,1172,1227,N=11.965825B,8,142,11.965825,289.407,2.0959,20.778,138000,1.0000018724334798,0,test
B1:11.965825:139000,1173,1228,N=11.965825B,8,143,11.965825,291.504,2.0954,20.9285,139000,0.9999992782669993,0,test
B1:11.965825:140000,1174,1229,N=11.965825B,8,144,11.965825,293.601,2.0949,21.0791,140000,1.0000014651999019,0,test
B1:11.965825:141000,1175,1230,N=11.965825B,8,145,11.965825,295.698,2.0945,21.2296,141000,0.9999989107154722,0,test
B1:11.965825:142000,1176,1231,N=11.965825B,8,146,11.965825,297.796,2.0938,21.3802,142000,0.9999977114298264,0,test
B1:11.965825:143000,1177,1232,N=11.965825B,8,147,11.965825,299.893,2.0933,21.5308,143000,0.9999998634351905,0,test
