budget_FLOPs,context_tokens,quality_family,Q0_scenario,status,ready_for_Q3,feasible,minimum_supported_cost_FLOPs,global_lower_bound,global_gap,certificate_tolerance,certificate_iterations,N_params_B,D_tokens_B,Q_score,B7_diagnostic_loss,loss_coordinate,C_train_FLOPs,C_attention_FLOPs,C_quality_FLOPs,C_total_FLOPs,budget_utilization,active_support
1e+19,2048,exponential,0.5,B7_semi_synthetic_diagnostic_only,False,True,4.4867200000000005e+18,3.264040562946251,9.977519583870276e-07,1e-06,1411,0.15158577354472957,10.000000000000002,0.522038871883415,3.2640415606982094,attachment_B7_native_val_loss,9.095146412683776e+18,6.208953284392124e+17,2.839582588770119e+17,1e+19,1.0,D_min
1.0746078283213175e+19,2048,exponential,0.5,B7_semi_synthetic_diagnostic_only,False,True,4.4867200000000005e+18,3.2451157594715623,9.990751497213068e-07,1e-06,1407,0.16050351563117674,10.0,0.5342645630510041,3.245116758546712,attachment_B7_native_val_loss,9.630210937870604e+18,6.574224000253e+17,4.584449453172708e+17,1.0746078283213175e+19,1.0,D_min
1.1547819846894582e+19,2048,exponential,0.5,B7_semi_synthetic_diagnostic_only,False,True,4.4867200000000005e+18,3.226224890354396,9.980527835296016e-07,1e-06,1396,0.1700499506083448,10.0,0.5466211700920185,3.2262258884071797,attachment_B7_native_val_loss,1.0202997036500687e+19,6.965245976917804e+17,6.48298212702114e+17,1.1547819846894582e+19,1.0,D_min
1.2409377607517196e+19,2048,exponential,0.5,B7_semi_synthetic_diagnostic_only,False,True,4.4867200000000005e+18,3.2073822921021193,9.984964051135137e-07,1e-06,1380,0.1802684978725193,10.0,0.5591015620065287,3.2073832905985245,attachment_B7_native_val_loss,1.0816109872351158e+19,7.383797672858391e+17,8.548879678801996e+17,1.2409377607517198e+19,1.0000000000000002,D_min
1.3335214321633241e+19,2048,exponential,0.5,B7_semi_synthetic_diagnostic_only,False,True,4.4867200000000005e+18,3.188601403404126,9.979498396539555e-07,1e-06,1361,0.19120551417451778,10.0,0.571698786151392,3.1886024013539656,attachment_B7_native_val_loss,1.1472330850471068e+19,7.831777860588248e+17,1.0797056851033491e+18,1.3335214321633243e+19,1.0000000000000002,D_min
1.4330125702369628e+19,2048,exponential,0.5,B7_semi_synthetic_diagnostic_only,False,True,4.4867200000000005e+18,3.1698947597857963,9.944352967750092e-07,1e-06,1343,0.2029104888267493,10.0,0.5844060834677407,3.169895754221093,attachment_B7_native_val_loss,1.2174629329604958e+19,8.311213622343652e+17,1.3243750105303037e+18,1.4330125702369628e+19,1.0,D_min
1.539926526059492e+19,2048,exponential,0.5,B7_semi_synthetic_diagnostic_only,False,True,4.4867200000000005e+18,3.1512739945659654,9.94023409806033e-07,1e-06,1322,0.215436250363445,10.0,0.5972169047642364,3.151274988589375,attachment_B7_native_val_loss,1.2926175021806698e+19,8.824268814886707e+17,1.5906633572995484e+18,1.5399265260594917e+19,0.9999999999999999,D_min
1.6548170999431815e+19,2048,exponential,0.5,B7_semi_synthetic_diagnostic_only,False,True,4.4867200000000005e+18,3.132749865726106,9.986945799234093e-07,1e-06,1302,0.22883919549317056,10.000000000000002,0.6101248987037293,3.132750864420686,attachment_B7_native_val_loss,1.3730351729590235e+19,9.373253447400268e+17,1.8804939251015542e+18,1.6548170999431815e+19,1.0,D_min
1.7782794100389229e+19,2048,exponential,0.5,B7_semi_synthetic_diagnostic_only,False,True,4.4867200000000005e+18,3.114332283864899,9.984188169553931e-07,1e-06,1282,0.24317951006893557,10.0,0.623123963817841,3.1143332822837158,attachment_B7_native_val_loss,1.4590770604136133e+19,9.960632732423602e+17,2.1959602230107348e+18,1.7782794100389226e+19,0.9999999999999999,D_min
1.9109529749704405e+19,2048,exponential,0.5,B7_semi_synthetic_diagnostic_only,False,True,4.4867200000000005e+18,3.09603031402541,9.938078355808955e-07,1e-06,1264,0.258521426907804,9.999999999999998,0.6362082292503521,3.0960313078332455,attachment_B7_native_val_loss,1.5511285614468237e+19,1.0589037646143649e+18,2.5393403706218015e+18,1.9109529749704405e+19,1.0,D_min
2.053525026457146e+19,2048,exponential,0.5,B7_semi_synthetic_diagnostic_only,False,True,4.4867200000000005e+18,3.0778521999691923,9.99957341374369e-07,1e-06,1310,0.27493349901441255,10.0,0.6493720443608422,3.0778531999265337,attachment_B7_native_val_loss,1.6496009940864754e+19,1.1261276119630337e+18,2.9131127117436754e+18,2.053525026457146e+19,1.0,D_min
2.2067340690845897e+19,2048,exponential,0.5,B7_semi_synthetic_diagnostic_only,False,True,4.4867200000000005e+18,3.0598054417742406,9.998540648759047e-07,1e-06,1352,0.2924888733403108,10.0,0.6626100062309903,3.0598064416283055,attachment_B7_native_val_loss,1.754933240041865e+19,1.198034425201913e+18,3.3199738652253327e+18,2.2067340690845893e+19,0.9999999999999998,D_min
2.3713737056616554e+19,2048,exponential,0.5,B7_semi_synthetic_diagnostic_only,False,True,4.4867200000000005e+18,3.0418967737519393,9.996681864521406e-07,1e-06,1370,0.31126558976460755,10.0,0.6759169620433187,3.041897773420126,attachment_B7_native_val_loss,1.8675935385876455e+19,1.2749438556758326e+18,3.762857815064269e+18,2.371373705661656e+19,1.0000000000000002,D_min
2.5482967479793463e+19,2048,exponential,0.5,B7_semi_synthetic_diagnostic_only,False,True,4.4867200000000005e+18,3.0241322296297355,9.98367115201404e-07,1e-06,1380,0.3313469251586644,10.0,0.6892879640612437,3.0241332279968507,attachment_B7_native_val_loss,1.988081550951986e+19,1.3571970054498893e+18,4.244954964823714e+18,2.548296747979346e+19,0.9999999999999999,D_min
2.7384196342643614e+19,2048,exponential,0.5,B7_semi_synthetic_diagnostic_only,False,True,4.4867200000000005e+18,3.006517166192259,9.999080172740094e-07,1e-06,1381,0.35282171813364815,10.0,0.7027183051947379,3.0065181661002764,attachment_B7_native_val_loss,2.116930308801889e+19,1.4451577574754227e+18,4.769735497149303e+18,2.7384196342643614e+19,1.0,D_min
2.942727176209282e+19,2048,exponential,0.5,B7_semi_synthetic_diagnostic_only,False,True,4.4867200000000005e+18,2.989056313000884,9.999055690101954e-07,1e-06,1378,0.3757847158543486,10.0,0.7162035380404324,2.989057312906453,attachment_B7_native_val_loss,2.2547082951260914e+19,1.539214196139412e+18,5.340974614692497e+18,2.9427271762092827e+19,1.0000000000000002,D_min
3.162277660168379e+19,2048,exponential,0.5,B7_semi_synthetic_diagnostic_only,False,True,4.4867200000000005e+18,2.9717537973677235,9.97179313788621e-07,1e-06,1375,0.40033699352576696,10.0,0.7297394154067514,2.9717547945470373,attachment_B7_native_val_loss,2.4020219611546018e+19,1.6397803254815414e+18,5.962776664656237e+18,3.1622776601683796e+19,1.0000000000000002,D_min
3.3982083289425592e+19,2048,exponential,0.5,B7_semi_synthetic_diagnostic_only,False,True,4.4867200000000005e+18,2.954613175666024,9.987395199750893e-07,1e-06,1369,0.42658638753558303,10.0,0.7433218664782753,2.954614174405544,attachment_B7_native_val_loss,2.5595183252134986e+19,1.7472978433457482e+18,6.639602193944862e+18,3.3982083289425596e+19,1.0000000000000002,D_min
3.651741272548377e+19,2048,exponential,0.5,B7_semi_synthetic_diagnostic_only,False,True,4.4867200000000005e+18,2.937637490099985,9.987858566873342e-07,1e-06,1364,0.45464782569989226,10.000000000000002,0.7569471299369375,2.937638488885842,attachment_B7_native_val_loss,2.7278869541993538e+19,1.8622374940667592e+18,7.376305689423477e+18,3.6517412725483774e+19,1.0000000000000002,D_min
3.924189758484536e+19,2048,exponential,0.5,B7_semi_synthetic_diagnostic_only,False,True,4.4867200000000005e+18,2.9208292836650145,9.98737140989192e-07,1e-06,1354,0.484643946739819,10.0,0.7706115506633344,2.9208302824021555,attachment_B7_native_val_loss,2.9078636804389143e+19,1.9851016058462986e+18,8.178159174609921e+18,3.9241897584845365e+19,1.0000000000000002,D_min
4.216965034285823e+19,2048,exponential,0.5,B7_semi_synthetic_diagnostic_only,False,True,4.4867200000000005e+18,2.904190644670071,9.967169605218373e-07,1e-06,1347,0.5167054756485758,9.999999999999998,0.784311724527416,2.9041916413870315,attachment_B7_native_val_loss,3.1002328538914546e+19,2.1164256282565663e+18,9.050896175687114e+18,4.216965034285823e+19,1.0,D_min
4.531583637600818e+19,2048,exponential,0.5,B7_semi_synthetic_diagnostic_only,False,True,4.4867200000000005e+18,2.8877232272361804,9.999199503951672e-07,1e-06,1342,0.5509718020200669,9.999999999999998,0.7980444271725589,2.8877242271561308,attachment_B7_native_val_loss,3.3058308121204007e+19,2.2567805010741934e+18,1.0000747753729974e+19,4.531583637600818e+19,1.0,D_min
4.869675251658631e+19,2048,exponential,0.5,B7_semi_synthetic_diagnostic_only,False,True,4.4867200000000005e+18,2.8714283116717456,9.958346502969562e-07,1e-06,1339,0.5875915476821115,10.0,0.8118066043473249,2.871429307506396,attachment_B7_native_val_loss,3.525549286092669e+19,2.4067749793059287e+18,1.1034484676353694e+19,4.8696752516586316e+19,1.0000000000000002,D_min
5.2329911468149465e+19,2048,exponential,0.5,B7_semi_synthetic_diagnostic_only,False,True,4.4867200000000005e+18,2.8553067894658843,9.974913215415881e-07,1e-06,1335,0.6267231551124505,10.000000000000002,0.8255953750931351,2.855307786957206,attachment_B7_native_val_loss,3.7603389306747036e+19,2.567058043340598e+18,1.2159464118061836e+19,5.2329911468149465e+19,1.0,D_min
5.6234132519034905e+19,2048,exponential,0.5,B7_semi_synthetic_diagnostic_only,False,True,4.4867200000000005e+18,2.8393592368644986,9.98708453270325e-07,1e-06,1332,0.6685354763937048,10.0,0.839408056666247,2.839360235572952,attachment_B7_native_val_loss,4.011212858362229e+19,2.738321311308615e+18,1.3383682624103997e+19,5.62341325190349e+19,0.9999999999999999,D_min
6.042963902381328e+19,2048,exponential,0.5,B7_semi_synthetic_diagnostic_only,False,True,4.4867200000000005e+18,2.8235859169111635,9.994190182105456e-07,1e-06,1326,0.7132085560871231,10.0,0.8532420758294632,2.8235869163301817,attachment_B7_native_val_loss,4.279251336522739e+19,2.9213022457328563e+18,1.4715823412853041e+19,6.042963902381329e+19,1.0000000000000002,D_min
6.493816315762113e+19,2048,exponential,0.5,B7_semi_synthetic_diagnostic_only,False,True,4.4867200000000005e+18,2.8079868129610595,9.980524349195719e-07,1e-06,1324,0.7609342240192595,10.0,0.8670950528043373,2.8079878110134944,attachment_B7_native_val_loss,4.565605344115557e+19,3.116786581582887e+18,1.6165323134882679e+19,6.493816315762114e+19,1.0000000000000002,D_min
6.978305848598663e+19,2048,exponential,0.5,B7_semi_synthetic_diagnostic_only,False,True,4.4867200000000005e+18,2.792561645703688,9.989383498165694e-07,1e-06,1319,0.8119169292765409,10.0,0.8809647400471612,2.7925626446420377,attachment_B7_native_val_loss,4.8715015756592456e+19,3.325611742316712e+18,1.7742430987077462e+19,6.978305848598663e+19,1.0,D_min
7.498942093324558e+19,2048,exponential,0.5,B7_semi_synthetic_diagnostic_only,False,True,4.4867200000000005e+18,2.7773099099288863,9.985141407042875e-07,1e-06,1315,0.8663745674466998,10.0,0.8948490104050828,2.777310908443027,attachment_B7_native_val_loss,5.198247404680199e+19,3.5486702282616827e+18,1.9458276658181906e+19,7.498942093324558e+19,1.0,D_min
8.058421877614818e+19,2048,exponential,0.5,B7_semi_synthetic_diagnostic_only,False,True,4.4867200000000005e+18,2.7622308830770335,9.983236020083552e-07,1e-06,1312,0.9245393053653389,10.0,0.9087458730946922,2.7622318814006355,attachment_B7_native_val_loss,5.5472358321920336e+19,3.786912994776428e+18,2.132494745945142e+19,8.058421877614818e+19,1.0,D_min
8.659643233600653e+19,2048,exponential,0.5,B7_semi_synthetic_diagnostic_only,False,True,4.4867200000000005e+18,2.7473236531817538,9.97236325073203e-07,1e-06,1313,0.9866584843514737,10.0,0.9226534700596751,2.747324650418079,attachment_B7_native_val_loss,5.919950906108842e+19,4.0413531519036365e+18,2.335557012301448e+19,8.659643233600655e+19,1.0000000000000002,D_min
9.30572040929699e+19,2048,exponential,0.5,B7_semi_synthetic_diagnostic_only,False,True,4.4867200000000005e+18,2.7325871300119697,9.991261733510726e-07,1e-06,1310,1.052995628364675,10.0,0.9365700520486853,2.732588129138143,attachment_B7_native_val_loss,6.3179737701880504e+19,4.3130700937817093e+18,2.5564396297307693e+19,9.305720409296991e+19,1.0000000000000002,D_min
1e+20,2048,exponential,0.5,B7_semi_synthetic_diagnostic_only,False,True,4.4867200000000005e+18,2.718020077370983,9.98101997051748e-07,1e-06,1325,1.1238314695429055,10.0,0.9504939778397139,2.71802107547298,attachment_B7_native_val_loss,6.742988817257433e+19,4.603213699247741e+18,2.7966898128177926e+19,1e+20,1.0,D_min
1.0746078283213175e+20,2048,exponential,0.5,B7_semi_synthetic_diagnostic_only,False,True,4.4867200000000005e+18,2.7036182684607826,9.982331929947463e-07,1e-06,1911,1.1909575183595957,10.078935782969387,0.9629013709582759,2.7036192666939756,attachment_B7_native_val_loss,7.2021506086745694e+19,4.916668148855173e+18,3.0522608596530872e+19,1.0746078283213174e+20,0.9999999999999999,interior
1.1547819846894582e+20,2048,exponential,0.5,B7_semi_synthetic_diagnostic_only,False,True,4.4867200000000005e+18,2.6893386711953813,9.99691252001611e-07,1e-06,1962,1.2424167964469368,10.336504021510539,0.9719482597796036,2.6893396708866333,attachment_B7_native_val_loss,7.705347727719601e+19,5.260184048789915e+18,3.3164537142959882e+19,1.154781984689458e+20,0.9999999999999999,interior
1.2409377607517195e+20,2048,exponential,0.5,B7_semi_synthetic_diagnostic_only,False,True,4.4867200000000005e+18,2.6751666606514135,9.979823589745251e-07,1e-06,1956,1.2960853937509165,10.60086647134379,0.9809927792492055,2.6751676586337725,attachment_B7_native_val_loss,8.243776916767503e+19,5.627751708513282e+18,3.602825519898365e+19,1.2409377607517197e+20,1.0000000000000002,interior
1.333521432163324e+20,2048,exponential,0.5,B7_semi_synthetic_diagnostic_only,False,True,4.4867200000000005e+18,2.661101493522733,9.995161351916693e-07,1e-06,1924,1.3520612794475109,10.872152651599976,0.9900355966076346,2.661102493038868,attachment_B7_native_val_loss,8.819889974682547e+19,6.021044889383286e+18,3.913219858012365e+19,1.333521432163324e+20,1.0,interior
1.4330125702369627e+20,2048,exponential,0.5,B7_semi_synthetic_diagnostic_only,False,True,4.4867200000000005e+18,2.647142422817941,9.996309149329363e-07,1e-06,1432,1.4104457062189293,11.150511206913867,0.9990768432617188,2.647143422448856,attachment_B7_native_val_loss,9.43631439236263e+19,6.441857291852888e+18,4.24962558082171e+19,1.4330125702369627e+20,1.0,interior
1.539926526059492e+20,2048,exponential,0.5,B7_semi_synthetic_diagnostic_only,False,True,4.4867200000000005e+18,2.633334391962321,9.949509101048193e-07,1e-06,236,1.4517290956496725,11.72077558592065,1.0,2.633335386913231,attachment_B7_native_val_loss,1.0209234564996809e+20,6.969504129704487e+18,4.4930802826276676e+19,1.5399265260594925e+20,1.0000000000000002,Q_max
1.6548170999431814e+20,2048,exponential,0.5,B7_semi_synthetic_diagnostic_only,False,True,4.4867200000000005e+18,2.6197415075511397,9.75626946342345e-07,1e-06,141,1.4921368018986247,12.351747890611456,1.0,2.619742483178086,attachment_B7_native_val_loss,1.1058298557213037e+20,7.549131815057434e+18,4.734959260713034e+19,1.6548170999431817e+20,1.0000000000000002,Q_max
1.778279410038923e+20,2048,exponential,0.5,B7_semi_synthetic_diagnostic_only,False,True,4.4867200000000005e+18,2.6063599449534913,9.786802235289827e-07,1e-06,101,1.533881454500953,13.013388382101096,1.0,2.606360923633715,attachment_B7_native_val_loss,1.1976597059713819e+20,8.176023592764633e+18,4.988594681398949e+19,1.778279410038923e+20,1.0,Q_max
1.9109529749704406e+20,2048,exponential,0.5,B7_semi_synthetic_diagnostic_only,False,True,4.4867200000000005e+18,2.5931854357181288,9.844817463466882e-07,1e-06,83,1.5770128513189978,13.706984623856336,1.0,2.593186420199875,attachment_B7_native_val_loss,1.2969654542792003e+20,8.853950834546008e+18,5.254480123457801e+19,1.9109529749704406e+20,1.0,Q_max
2.053525026457146e+20,2048,exponential,0.5,B7_semi_synthetic_diagnostic_only,False,True,4.4867200000000005e+18,2.5802138384656557,9.41061045978131e-07,1e-06,69,1.621582739775675,14.433867746194672,1.0,2.5802147795267016,attachment_B7_native_val_loss,1.4043426483260462e+20,9.58697914590581e+18,5.533125866720419e+19,2.053525026457146e+20,1.0,Q_max
2.20673406908459e+20,2048,exponential,0.5,B7_semi_synthetic_diagnostic_only,False,True,4.4867200000000005e+18,2.567441042016508,8.590862874413574e-07,1e-06,60,1.667644892198631,15.195413562026877,1.0,2.5674419011027956,attachment_B7_native_val_loss,1.5204332286935958e+20,1.0379490841214947e+19,5.825059319788449e+19,2.20673406908459e+20,1.0,Q_max
2.3713737056616553e+20,2048,exponential,0.5,B7_semi_synthetic_diagnostic_only,False,True,4.4867200000000005e+18,2.5548628177018715,9.576990116499928e-07,1e-06,51,1.715255183903154,15.993043716813165,1.0,2.554863775400883,attachment_B7_native_val_loss,1.645929068499213e+20,1.1236209107621294e+19,6.130825460862298e+19,2.3713737056616556e+20,1.0000000000000002,Q_max
2.5482967479793464e+20,2048,exponential,0.5,B7_semi_synthetic_diagnostic_only,False,True,4.4867200000000005e+18,2.542475507958865,9.74101040718267e-07,1e-06,44,1.7644716741078343,16.828226875716314,1.0,2.5424764820599055,attachment_B7_native_val_loss,1.781575778859697e+20,1.2162223983682198e+19,6.450987292828272e+19,2.5482967479793464e+20,1.0,Q_max
2.7384196342643612e+20,2048,exponential,0.5,B7_semi_synthetic_diagnostic_only,False,True,4.4867200000000005e+18,2.5302755601458937,6.279565387679042e-07,1e-06,42,1.815354689781305,17.702479951125163,1.0,2.5302761881024325,attachment_B7_native_val_loss,1.9281768000020755e+20,1.3163020288014168e+19,6.786126313821443e+19,2.7384196342643615e+20,1.0000000000000002,Q_max
2.942727176209282e+20,2048,exponential,0.5,B7_semi_synthetic_diagnostic_only,False,True,4.4867200000000005e+18,2.5182581778930246,9.682932815557876e-07,1e-06,40,1.8679669125215677,18.61736937391689,1.0,2.518259146186306,attachment_B7_native_val_loss,2.0865977993201474e+20,1.4244507643358876e+19,7.1368430045554565e+19,2.942727176209282e+20,1.0,Q_max
3.1622776601683794e+20,2048,exponential,0.5,B7_semi_synthetic_diagnostic_only,False,True,4.4867200000000005e+18,2.5064207217788312,9.7111062080657e-07,1e-06,35,1.9223734685743503,19.574512412005717,1.0,2.506421692889452,attachment_B7_native_val_loss,2.257771399267146e+20,1.5413052752330383e+19,7.503757333779299e+19,3.16227766016838e+20,1.0000000000000002,Q_max
3.3982083289425596e+20,2048,exponential,0.5,B7_semi_synthetic_diagnostic_only,False,True,4.4867200000000005e+18,2.49475934767486,8.993519577948916e-07,1e-06,30,1.9786420221004573,20.575578539909202,1.0,2.494760247026818,attachment_B7_native_val_loss,2.4427022596855628e+20,1.6675514092786776e+19,7.887509283291287e+19,3.398208328942559e+20,0.9999999999999998,Q_max
3.651741272548377e+20,2048,exponential,0.5,B7_semi_synthetic_diagnostic_only,False,True,4.4867200000000005e+18,2.4832704414876545,8.66510770247686e-07,1e-06,29,2.0368428718073313,21.622290863228518,1.0,2.4832713079984248,attachment_B7_native_val_loss,2.6424725410147077e+20,1.8039279213327071e+19,8.288759394003991e+19,3.651741272548377e+20,1.0,Q_max
3.924189758484536e+20,2048,exponential,0.5,B7_semi_synthetic_diagnostic_only,False,True,4.4867200000000005e+18,2.4719506194485623,8.347189837110136e-07,1e-06,29,2.0970490510643787,22.716427602102986,1.0,2.471951454167546,attachment_B7_native_val_loss,2.8582477767937635e+20,1.9512304822912094e+19,8.708189334616513e+19,3.924189758484536e+20,1.0,Q_max
4.216965034285823e+20,2048,exponential,0.5,B7_semi_synthetic_diagnostic_only,False,True,4.4867200000000005e+18,2.4607964338250445,9.074430176170267e-07,1e-06,28,2.159336431627014,23.85982363784691,1.0,2.460797341268062,attachment_B7_native_val_loss,3.091283186003893e+20,2.110315988311991e+19,9.146502494507301e+19,4.216965034285823e+20,1.0,Q_max
4.5315836376008176e+20,2048,exponential,0.5,B7_semi_synthetic_diagnostic_only,False,True,4.4867200000000005e+18,2.4498049266641835,7.741758722978886e-07,1e-06,27,2.2237838310993814,25.054372127117848,1.0,2.4498057008400558,attachment_B7_native_val_loss,3.342930458077901e+20,2.2821071927145136e+19,9.604424602514655e+19,4.5315836376008176e+20,1.0,Q_max
4.8696752516586314e+20,2048,exponential,0.5,B7_semi_synthetic_diagnostic_only,False,True,4.4867200000000005e+18,2.4389724618238353,8.768689272464769e-07,1e-06,26,2.290473124271431,26.30202618809126,1.0,2.4389733386927626,attachment_B7_native_val_loss,3.6146450458623836e+20,2.4675976846420537e+19,1.0082704373320424e+20,4.8696752516586314e+20,1.0,Q_max
5.232991146814947e+20,2048,exponential,0.5,B7_semi_synthetic_diagnostic_only,False,True,4.4867200000000005e+18,2.428296274194809,8.591991980111402e-07,1e-06,24,2.359489358471917,27.60480066322965,1.0,2.428297133394007,attachment_B7_native_val_loss,3.907994004457732e+20,2.6678572403764785e+19,1.0582114183195656e+20,5.2329911468149454e+20,0.9999999999999998,Q_max
5.6234132519034906e+20,2048,exponential,0.5,B7_semi_synthetic_diagnostic_only,False,True,4.4867200000000005e+18,2.417773344214191,6.905711065208209e-07,1e-06,17,2.4309208730849354,28.964773963335432,1.0,2.4177740347852974,attachment_B7_native_val_loss,4.22466441669955e+20,2.8840375751335596e+19,1.1103450776905841e+20,5.6234132519034906e+20,1.0,Q_max
6.042963902381328e+20,2048,exponential,0.5,B7_semi_synthetic_diagnostic_only,False,True,4.4867200000000005e+18,2.40740039799729,6.645244945424622e-07,1e-06,17,2.5048594233835217,30.384089997668397,1.0,2.4074010625217848,attachment_B7_native_val_loss,4.5664724490955614e+20,3.117378525249237e+19,1.1647536007608415e+20,6.042963902381326e+20,0.9999999999999998,Q_max
6.493816315762113e+20,2048,exponential,0.5,B7_semi_synthetic_diagnostic_only,False,True,4.4867200000000005e+18,2.3971746652883428,6.393479825561599e-07,1e-06,17,2.5814003088417374,31.864960194970593,1.0,2.3971753046363253,attachment_B7_native_val_loss,4.935373085311606e+20,3.369214692906056e+19,1.2215217611599028e+20,6.493816315762115e+20,1.0000000000000002,Q_max
6.978305848598663e+20,2048,exponential,0.5,B7_semi_synthetic_diagnostic_only,False,True,4.4867200000000005e+18,2.387093301109098,6.150178242236848e-07,1e-06,17,2.6606425060917545,33.409665620318776,1.0,2.387093916126922,attachment_B7_native_val_loss,5.333470587823949e+20,3.6409825879544824e+19,1.2807370019792647e+20,6.978305848598662e+20,0.9999999999999998,Q_max
7.498942093324558e+20,2048,exponential,0.5,B7_semi_synthetic_diagnostic_only,False,True,4.4867200000000005e+18,2.377153526056136,5.915107257337127e-07,1e-06,17,2.742688806701638,35.020559192753666,1.0,2.3771541175668616,attachment_B7_native_val_loss,5.763029742143858e+20,3.934228303970207e+19,1.342489520783679e+20,7.498942093324558e+20,1.0,Q_max
8.058421877614818e+20,2048,exponential,0.5,B7_semi_synthetic_diagnostic_only,False,True,4.4867200000000005e+18,2.3673526249330528,5.688038355877723e-07,1e-06,17,2.827645959955359,36.70006800868532,1.0,2.3673531937368884,attachment_B7_native_val_loss,6.226487942090759e+20,4.250615768467291e+19,1.4068723586773295e+20,8.058421877614818e+20,1.0,Q_max
8.659643233600653e+20,2048,exponential,0.5,B7_semi_synthetic_diagnostic_only,False,True,4.4867200000000005e+18,2.35768794540407,5.46874745932513e-07,1e-06,17,2.915624820825621,38.45069577608589,1.0,2.357688492278816,attachment_B7_native_val_loss,6.726468178966253e+20,4.591935610174295e+19,1.4739814936169705e+20,8.659643233600653e+20,1.0,Q_max
9.30572040929699e+20,2048,exponential,0.5,B7_semi_synthetic_diagnostic_only,False,True,4.4867200000000005e+18,2.3481568966685025,5.257014850101882e-07,1e-06,17,3.006740503337146,40.27502536450332,1.0,2.3481574223699875,attachment_B7_native_val_loss,7.265793002182982e+20,4.9601146894902485e+19,1.5439159381649824e+20,9.305720409296989e+20,0.9999999999999999,Q_max
1e+21,2048,exponential,0.5,B7_semi_synthetic_diagnostic_only,False,True,4.4867200000000005e+18,2.338756948155548,5.052625131618527e-07,1e-06,17,3.101112539527719,42.17572147592031,1.0,2.338757453418061,attachment_B7_native_val_loss,7.8474995239563e+20,5.3572263416875e+19,1.616777841874949e+20,9.999999999999999e+20,0.9999999999999999,Q_max
1.0746078283213176e+21,2048,exponential,0.5,B7_semi_synthetic_diagnostic_only,False,True,4.4867200000000005e+18,2.329485142734192,9.710414206054452e-07,1e-06,16,3.1988650442213604,44.1555334414953,1.0,2.3294861137756127,attachment_B7_native_val_loss,8.474855546096796e+20,5.785501386135414e+19,1.6926725985028365e+20,1.0746078283213174e+21,0.9999999999999999,Q_max
1.1547819846894581e+21,2048,exponential,0.5,B7_semi_synthetic_diagnostic_only,False,True,4.4867200000000005e+18,2.3203400564988965,9.329752019837656e-07,1e-06,16,3.3001268858388055,46.21729814919174,1.0,2.3203409894740985,attachment_B7_native_val_loss,9.151376892778544e+20,6.247339958803486e+19,1.771708958235688e+20,1.154781984689458e+21,0.9999999999999999,Q_max
1.2409377607517195e+21,2048,exponential,0.5,B7_semi_synthetic_diagnostic_only,False,True,4.4867200000000005e+18,2.311318826723326,8.962534305823056e-07,1e-06,16,3.4050318634780634,48.363943107305644,1.0,2.3113197229767564,attachment_B7_native_val_loss,9.880846039428957e+20,6.745324229583502e+19,1.853999145129886e+20,1.2409377607517193e+21,0.9999999999999998,Q_max
1.333521432163324e+21,2048,exponential,0.5,B7_semi_synthetic_diagnostic_only,False,True,4.4867200000000005e+18,2.302419151113643,8.608364110429534e-07,1e-06,16,3.513718890509085,50.598489648863826,1.0,2.302420011950054,attachment_B7_native_val_loss,1.0667332134626474e+21,7.282232070571672e+19,1.9396589799495995e+20,1.333521432163324e+21,1.0,Q_max
1.4330125702369627e+21,2048,exponential,0.5,B7_semi_synthetic_diagnostic_only,False,True,4.4867200000000005e+18,2.2936387813680605,8.26685276678063e-07,1e-06,16,3.626332184935075,52.924056281863095,1.0,2.293639608053337,attachment_B7_native_val_loss,1.1515212519134129e+21,7.861051746395565e+19,2.0288080085959413e+20,1.4330125702369627e+21,1.0,Q_max
1.539926526059492e+21,2048,exponential,0.5,B7_semi_synthetic_diagnostic_only,False,True,4.4867200000000005e+18,2.2849755219843764,7.937619836972942e-07,1e-06,16,3.7430214667843362,55.34386219028908,1.0,2.28497631574636,attachment_B7_native_val_loss,1.242919585398036e+21,8.484997702983926e+19,2.121569636316166e+20,1.539926526059492e+21,1.0,Q_max
1.6548170999431815e+21,2048,exponential,0.5,B7_semi_synthetic_diagnostic_only,False,True,4.4867200000000005e+18,2.2764272290851157,7.620293001053824e-07,1e-06,16,3.863942162806514,57.86123089084548,1.0,2.276427991114416,attachment_B7_native_val_loss,1.3414346977861234e+21,9.157527536886602e+19,2.21807126788192e+20,1.6548170999431815e+21,1.0,Q_max
1.7782794100389228e+21,2048,exponential,0.5,B7_semi_synthetic_diagnostic_only,False,True,4.4867200000000005e+18,2.267991809260017,7.314508039257817e-07,1e-06,16,3.989255618758195,60.4795940503125,1.0,2.267992540710821,attachment_B7_native_val_loss,1.447611362312543e+21,9.88236023338696e+19,2.318444453925102e+20,1.7782794100389228e+21,1.0,Q_max
1.9109529749704406e+21,2048,exponential,0.5,B7_semi_synthetic_diagnostic_only,False,True,4.4867200000000005e+18,2.2596672184256574,7.019908725425239e-07,1e-06,16,4.119129319574405,63.20249546844577,1.0,2.25966792041653,attachment_B7_native_val_loss,1.5620355129260607e+21,1.0663495768241907e+20,2.4228250436196064e+20,1.9109529749704404e+21,0.9999999999999999,Q_max
2.053525026457146e+21,2048,exponential,0.5,B7_semi_synthetic_diagnostic_only,False,True,4.4867200000000005e+18,2.2514514607020204,6.736146791475051e-07,1e-06,16,4.253737117733808,66.03359523133724,1.0,2.2514521343166995,attachment_B7_native_val_loss,1.6853373303176962e+21,1.1505236174968807e+20,2.5313533438976154e+20,2.0535250264571456e+21,0.9999999999999998,Q_max
2.20673406908459e+21,2048,exponential,0.5,B7_semi_synthetic_diagnostic_only,False,True,4.4867200000000005e+18,2.2433425873058517,6.462881851909685e-07,1e-06,16,4.3932594701371706,68.97667404017929,1.0,2.243343233594037,attachment_B7_native_val_loss,1.8181945586734945e+21,1.2412208187211055e+20,2.644174285389849e+20,2.2067340690845902e+21,1.0000000000000002,Q_max
2.3713737056616553e+21,2048,exponential,0.5,B7_semi_synthetic_diagnostic_only,False,True,4.4867200000000005e+18,2.2353386954606673,6.199781319438102e-07,1e-06,16,4.5378836838319625,72.03563772038987,1.0,2.2353393154387993,attachment_B7_native_val_loss,1.9613360703947247e+21,1.3389387573894655e+20,2.7614375952798384e+20,2.3713737056616553e+21,1.0,Q_max
2.5482967479793463e+21,2048,exponential,0.5,B7_semi_synthetic_diagnostic_only,False,True,4.4867200000000005e+18,2.2274379273233023,5.946520360566865e-07,1e-06,16,4.687804170927839,75.21452191611095,1.0,2.2274385219753383,attachment_B7_native_val_loss,2.1155456973161295e+21,1.4442125293678112e+20,2.8832979772643567e+20,2.5482967479793463e+21,1.0,Q_max
2.7384196342643614e+21,2048,exponential,0.5,B7_semi_synthetic_diagnostic_only,False,True,4.4867200000000005e+18,2.219638468926919,5.702781806782298e-07,1e-06,16,4.843222713060824,78.51749697515312,1.0,2.2196390392050995,attachment_B7_native_val_loss,2.2816663483364768e+21,1.5576175604643683e+20,3.009915298814479e+20,2.7384196342643614e+21,1.0,Q_max
2.9427271762092816e+21,2048,exponential,0.5,B7_semi_synthetic_diagnostic_only,False,True,4.4867200000000005e+18,2.2119385491404038,5.468256101259783e-07,1e-06,16,5.004348735778583,81.94887302952124,1.0,2.211939095966014,attachment_B7_native_val_loss,2.4606044348625857e+21,1.6797726275328583e+20,3.1414547859341024e+20,2.9427271762092816e+21,1.0,Q_max
3.1622776601683794e+21,2048,exponential,0.5,B7_semi_synthetic_diagnostic_only,False,True,4.4867200000000005e+18,2.2043364386441064,5.242641210045917e-07,1e-06,16,5.171399593232321,85.51310527676199,1.0,2.2043369629082274,attachment_B7_native_val_loss,2.653334627065678e+21,1.8113431054101692e+20,3.278087225616849e+20,3.1622776601683794e+21,1.0,Q_max
3.3982083289425594e+21,2048,exponential,0.5,B7_semi_synthetic_diagnostic_only,False,True,4.4867200000000005e+18,2.196830448921891,5.025642555445131e-07,1e-06,16,5.344600863574916,89.21479946749324,1.0,2.1968309514861466,attachment_B7_native_val_loss,2.860904965665764e+21,1.9530444565611617e+20,3.4199891762067984e+20,3.39820832894256e+21,1.0000000000000002,Q_max
3.651741272548377e+21,2048,exponential,0.5,B7_semi_synthetic_diagnostic_only,False,True,4.4867200000000005e+18,2.1894184496129974,9.633537727538055e-07,1e-06,15,5.524186655481298,93.05871760458828,1.0,2.18941941296677,attachment_B7_native_val_loss,3.0844423558048147e+21,2.1056459815627535e+20,3.5673431858728744e+20,3.651741272548377e+21,1.0,Q_max
3.924189758484536e+21,2048,exponential,0.5,B7_semi_synthetic_diagnostic_only,False,True,4.4867200000000005e+18,2.1820998142238555,9.232304596373808e-07,1e-06,15,5.710399926220546,97.04978385967044,1.0,2.182100737454315,attachment_B7_native_val_loss,3.3251584715518923e+21,2.2699748499127586e+20,3.7203380194136765e+20,3.924189758484536e+21,1.0,Q_max
4.2169650342858226e+21,2048,exponential,0.5,B7_semi_synthetic_diagnostic_only,False,True,4.4867200000000005e+18,2.17487246826871,8.846624135472325e-07,1e-06,15,5.903492811727386,101.19309071271609,1.0,2.1748733529311237,attachment_B7_native_val_loss,3.58435610171398e+21,2.4469204321034106e+20,3.8791688936150204e+20,4.216965034285823e+21,1.0000000000000002,Q_max
4.5315836376008176e+21,2048,exponential,0.5,B7_semi_synthetic_diagnostic_only,False,True,4.4867200000000005e+18,2.1677348767183573,8.475965249665762e-07,1e-06,15,6.103726969134414,105.49390532080409,1.0,2.1677357243148823,attachment_B7_native_val_loss,3.863435969915426e+21,2.637438955462264e+20,4.0440377213916545e+20,4.531583637600818e+21,1.0000000000000002,Q_max
4.869675251658631e+21,2048,exponential,0.5,B7_semi_synthetic_diagnostic_only,False,True,4.4867200000000005e+18,2.160685540551058,8.119810952500472e-07,1e-06,15,6.311373932246267,109.95767612222724,1.0,2.1606863525321534,attachment_B7_native_val_loss,4.163904064369217e+21,2.842558507942719e+20,4.2151533649514155e+20,4.869675251658631e+21,1.0,Q_max
5.232991146814947e+21,2048,exponential,0.5,B7_semi_synthetic_diagnostic_only,False,True,4.4867200000000005e+18,2.1537229958424335,7.777658161955969e-07,1e-06,15,6.5267154804523315,114.59003968245567,1.0,2.1537237736082497,attachment_B7_native_val_loss,4.487379515406782e+21,3.06338441585103e+20,4.392731898230623e+20,5.232991146814947e+21,1.0,Q_max
5.623413251903491e+21,2048,exponential,0.5,B7_semi_synthetic_diagnostic_only,False,True,4.4867200000000005e+18,2.1468458128717187,7.449017522809243e-07,1e-06,15,6.750044021594045,119.3968277886886,1.0,2.146846557773471,attachment_B7_native_val_loss,4.835603061673987e+21,3.3011050234361086e+20,4.576996878858932e+20,5.623413251903491e+21,1.0,Q_max
6.042963902381328e+21,2048,exponential,0.5,B7_semi_synthetic_diagnostic_only,False,True,4.4867200000000005e+18,2.1400525952444007,7.133413237880859e-07,1e-06,15,6.981662989321503,124.38407480002006,1.0,2.1400533085857245,attachment_B7_native_val_loss,5.210446148953784e+21,3.55699790435245e+20,4.768179629922987e+20,6.042963902381328e+21,1.0,Q_max
6.493816315762113e+21,2048,exponential,0.5,B7_semi_synthetic_diagnostic_only,False,True,4.4867200000000005e+18,2.133341979031267,6.83038287263571e-07,1e-06,15,7.221887255492668,129.55802526056578,1.0,2.133342662069554,attachment_B7_native_val_loss,5.613920708856463e+21,3.832436537246012e+20,4.9665195318104975e+20,6.493816315762115e+21,1.0000000000000002,Q_max
6.978305848598664e+21,2048,exponential,0.5,B7_semi_synthetic_diagnostic_only,False,True,4.4867200000000005e+18,2.126712631923874,6.539477119815729e-07,1e-06,15,7.471043558190791,134.9251417831954,1.0,2.126713285871586,attachment_B7_native_val_loss,6.048189668143926e+21,4.128897480119587e+20,5.1722643244278035e+20,6.978305848598666e+21,1.0000000000000002,Q_max
7.498942093324559e+21,2048,exponential,0.5,B7_semi_synthetic_diagnostic_only,False,True,4.4867200000000005e+18,2.120163252406451,6.260259661772238e-07,1e-06,15,7.729470945954278,140.49211321190106,1.0,2.1201638784324173,attachment_B7_native_val_loss,6.51557824324265e+21,4.447968080720316e+20,5.385670420098769e+20,7.498942093324559e+21,1.0,Q_max
8.058421877614818e+21,2048,exponential,0.5,B7_semi_synthetic_diagnostic_only,False,True,4.4867200000000005e+18,2.1136925689442454,5.992306904012423e-07,1e-06,15,7.997521238836741,146.26586307117594,1.0,2.113693168174936,attachment_B7_native_val_loss,7.018586078571097e+21,4.791354762971202e+20,5.6070032274660085e+20,8.058421877614818e+21,1.0,Q_max
8.659643233600654e+21,2048,exponential,0.5,B7_semi_synthetic_diagnostic_only,False,True,4.4867200000000005e+18,2.1072993391883066,5.735207797563646e-07,1e-06,15,8.275559506936744,152.25355831117747,1.0,2.1072999127090863,attachment_B7_native_val_loss,7.559900291682076e+21,5.1608919324549644e+20,5.836537486730825e+20,8.659643233600655e+21,1.0000000000000002,Q_max
9.30572040929699e+21,2048,exponential,0.5,B7_semi_synthetic_diagnostic_only,False,True,4.4867200000000005e+18,2.1009823491966984,5.488563616928843e-07,1e-06,15,8.563964567059898,158.46261835786567,1.0,2.10098289805306,attachment_B7_native_val_loss,8.142409492921782e+21,5.558551547167936e+20,6.074557616584157e+20,9.30572040929699e+21,1.0,Q_max
1e+22,2048,exponential,0.5,B7_semi_synthetic_diagnostic_only,False,True,4.4867200000000005e+18,2.0947404126721203,5.251987729160135e-07,1e-06,15,8.863129498202454,164.90072447769637,1.0,2.094740937870893,attachment_B7_native_val_loss,8.769218852359358e+21,5.986453403210655e+20,6.321358073195781e+20,1.0000000000000002e+22,1.0000000000000002,Q_max
1.0746078283213176e+22,2048,exponential,0.5,B7_semi_synthetic_diagnostic_only,False,True,4.4867200000000005e+18,2.0885723702159056,5.025105394018681e-07,1e-06,15,9.173462176566467,171.57582946696834,1.0,2.088572872726445,attachment_B7_native_val_loss,9.443666292169514e+21,6.446876188787722e+20,6.577243721648897e+20,1.0746078283213178e+22,1.0000000000000002,Q_max
1.154781984689458e+22,2048,exponential,0.5,B7_semi_synthetic_diagnostic_only,False,True,4.4867200000000005e+18,2.082476607903888,9.614498202026311e-07,1e-06,14,9.495385830847908,178.4961676763002,1.0,2.082477569353708,attachment_B7_native_val_loss,1.016933988848516e+22,6.942269363872536e+20,6.84253022022169e+20,1.1547819846894583e+22,1.0000000000000002,Q_max
1.2409377607517196e+22,2048,exponential,0.5,B7_semi_synthetic_diagnostic_only,False,True,4.4867200000000005e+18,2.076453000206514,9.197368884272805e-07,1e-06,14,9.829339618561939,185.67026538126905,1.0,2.0764539199434022,attachment_B7_native_val_loss,1.0950096573006103e+22,7.475265927172165e+20,7.117544417938777e+20,1.2409377607517196e+22,1.0,Q_max
1.3335214321633241e+22,2048,exponential,0.5,B7_semi_synthetic_diagnostic_only,False,True,4.4867200000000005e+18,2.0704999616942255,8.797515600456052e-07,1e-06,14,10.175779224201982,193.10695151066722,1.0,2.0705008414457855,attachment_B7_native_val_loss,1.1790082231387363e+22,8.048696136627105e+20,7.402624765831685e+20,1.3335214321633241e+22,1.0,Q_max
1.4330125702369628e+22,2048,exponential,0.5,B7_semi_synthetic_diagnostic_only,False,True,4.4867200000000005e+18,2.064616433461667,8.414279339952202e-07,1e-06,14,10.535177480053019,200.8153687444468,1.0,2.064617274889601,attachment_B7_native_val_loss,1.2693753302670232e+22,8.665602254622879e+20,7.698121742371075e+20,1.4330125702369628e+22,1.0,Q_max
1.539926526059492e+22,2048,exponential,0.5,B7_semi_synthetic_diagnostic_only,False,True,4.4867200000000005e+18,2.0588013800148146,8.047022554968919e-07,1e-06,14,10.908025010516699,208.80498499383359,1.0,2.05880218471707,attachment_B7_native_val_loss,1.3665899991799804e+22,9.329254394402e+20,8.004398293549165e+20,1.5399265260594923e+22,1.0000000000000002,Q_max
1.6548170999431814e+22,2048,exponential,0.5,B7_semi_synthetic_diagnostic_only,False,True,4.4867200000000005e+18,2.053053788621964,7.69512865872457e-07,1e-06,14,11.294830900832256,217.08560527673228,1.0,2.05305455813483,attachment_B7_native_val_loss,1.4711671215633058e+22,1.0043167549872167e+21,8.321830288115388e+20,1.6548170999431814e+22,1.0,Q_max
1.7782794100389228e+22,2048,exponential,0.5,B7_semi_synthetic_diagnostic_only,False,True,4.4867200000000005e+18,2.0473726686805382,7.358001581359019e-07,1e-06,14,11.696123391112526,225.66738400206555,1.0,2.0473734044806964,attachment_B7_native_val_loss,1.5836601411826388e+22,1.0811119897140147e+21,8.65080698848824e+20,1.7782794100389228e+22,1.0,Q_max
1.9109529749704407e+22,2048,exponential,0.5,B7_semi_synthetic_diagnostic_only,False,True,4.4867200000000005e+18,2.0417602316495307,7.090795377528991e-07,1e-06,14,11.97,237.21942514559066,1.0,2.0417609407290684,attachment_B7_native_val_loss,1.703709911395632e+22,1.1630659661794182e+21,9.093646695686671e+20,1.9109529749704407e+22,1.0,N_max;Q_max
2.053525026457146e+22,2048,exponential,0.5,B7_semi_synthetic_diagnostic_only,False,True,4.4867200000000005e+18,2.0362553952158993,6.939584418219624e-07,1e-06,14,11.97,254.91785129133447,1.0,2.036256089174341,attachment_B7_native_val_loss,1.8308200079743643e+22,1.2498397921104993e+21,9.772103927173176e+20,2.053525026457146e+22,1.0,N_max;Q_max
2.20673406908459e+22,2048,exponential,0.5,B7_semi_synthetic_diagnostic_only,False,True,4.4867200000000005e+18,2.0308679521805137,6.791598106126173e-07,1e-06,14,11.97,273.93671857651753,1.0,2.0308686313403244,attachment_B7_native_val_loss,1.967413512816549e+22,1.3430876247494309e+21,1.0501179379309787e+21,2.20673406908459e+22,1.0,N_max;Q_max
2.371373705661655e+22,2048,exponential,0.5,B7_semi_synthetic_diagnostic_only,False,True,4.4867200000000005e+18,2.025595399070271,6.646767669593601e-07,1e-06,14,11.97,294.3745422469794,1.0,2.025596063747038,attachment_B7_native_val_loss,2.114197962417806e+22,1.443292475677222e+21,1.1284649567612688e+21,2.371373705661655e+22,1.0,N_max;Q_max
2.5482967479793465e+22,2048,exponential,0.5,B7_semi_synthetic_diagnostic_only,False,True,4.4867200000000005e+18,2.020435285799886,6.50502582022483e-07,1e-06,14,11.97,316.33718755710845,1.0,2.020435936302468,attachment_B7_native_val_loss,2.271933681035153e+22,1.5509733929199977e+21,1.2126572765219366e+21,2.5482967479793465e+22,1.0,N_max;Q_max
2.7384196342643614e+22,2048,exponential,0.5,B7_semi_synthetic_diagnostic_only,False,True,4.4867200000000005e+18,2.0153852145333735,6.366306681826472e-07,1e-06,14,11.97,339.93841813801765,1.0,2.0153858511640417,attachment_B7_native_val_loss,2.4414377190672426e+22,1.6666881495499043e+21,1.3031310024212818e+21,2.7384196342643614e+22,1.0,N_max;Q_max
2.942727176209282e+22,2048,exponential,0.5,B7_semi_synthetic_diagnostic_only,False,True,4.4867200000000005e+18,2.010442838569801,6.230545803731502e-07,1e-06,14,11.97,365.3004852782791,1.0,2.0104434616243814,attachment_B7_native_val_loss,2.6235880852686004e+22,1.791036132876698e+21,1.4003547765301154e+21,2.942727176209282e+22,1.0,N_max;Q_max
3.1622776601683792e+22,2048,exponential,0.5,B7_semi_synthetic_diagnostic_only,False,True,4.4867200000000005e+18,2.0056058612528136,6.097680089744983e-07,1e-06,14,11.97,392.5547611696149,1.0,2.0056064710208226,attachment_B7_native_val_loss,2.8193282947201743e+22,1.924661449195639e+21,1.5048322052864108e+21,3.1622776601683792e+22,1.0,N_max;Q_max
3.3982083289425593e+22,2048,exponential,0.5,B7_semi_synthetic_diagnostic_only,False,True,4.4867200000000005e+18,2.000872034903402,5.967647811466747e-07,1e-06,14,11.97,421.8424193976733,1.0,2.0008726316681833,attachment_B7_native_val_loss,3.0296722561140896e+22,2.0682562601738853e+21,1.6171044681108092e+21,3.398208328942559e+22,0.9999999999999999,N_max;Q_max
3.651741272548377e+22,2048,exponential,0.5,B7_semi_synthetic_diagnostic_only,False,True,4.4867200000000005e+18,1.9962391597754419,5.840388532796226e-07,1e-06,14,11.97,453.31516620274414,1.0,1.9962397438142951,attachment_B7_native_val_loss,3.2557095236681085e+22,2.2225643681574287e+21,1.7377531206452558e+21,3.651741272548377e+22,1.0,N_max;Q_max
3.924189758484536e+22,2048,exponential,0.5,B7_semi_synthetic_diagnostic_only,False,True,4.4867200000000005e+18,1.991705083033497,5.715843118814234e-07,1e-06,14,11.97,487.136026298248,1.0,1.991705654617809,attachment_B7_native_val_loss,3.4986109408740173e+22,2.388385068969996e+21,1.8674031071351907e+21,3.924189758484536e+22,1.0,N_max;Q_max
4.2169650342858225e+22,2048,exponential,0.5,B7_semi_synthetic_diagnostic_only,False,True,4.4867200000000005e+18,1.9872676977524264,5.593953702476284e-07,1e-06,14,11.97,523.4801873174365,1.0,1.9872682571477966,attachment_B7_native_val_loss,3.759634705313829e+22,2.5665772921609073e+21,2.006725997559028e+21,4.216965034285823e+22,1.0000000000000002,N_max;Q_max
4.531583637600818e+22,2048,exponential,0.5,B7_semi_synthetic_diagnostic_only,False,True,4.4867200000000005e+18,1.9829249419383261,5.474663637983213e-07,1e-06,14,11.97,562.5359072624269,1.0,1.98292548940469,attachment_B7_native_val_loss,4.04013288595875e+22,2.75806405014784e+21,2.1564434662728364e+21,4.531583637600817e+22,0.9999999999999998,N_max;Q_max
4.869675251658631e+22,2048,exponential,0.5,B7_semi_synthetic_diagnostic_only,False,True,4.4867200000000005e+18,1.979112958094279,1.9791057681572966e-11,1e-06,0,11.97,600.0,1.0,1.97911295811407,attachment_B7_native_val_loss,4.3092e+22,2.9417472e+21,2.3000595394172845e+21,4.833380673941729e+22,0.9925468176333648,N_max;D_max;Q_max
5.2329911468149466e+22,2048,exponential,0.5,B7_semi_synthetic_diagnostic_only,False,True,4.4867200000000005e+18,1.979112958094279,1.9791057681572966e-11,1e-06,0,11.97,600.0,1.0,1.97911295811407,attachment_B7_native_val_loss,4.3092e+22,2.9417472e+21,2.3000595394172845e+21,4.833380673941729e+22,0.9236363178033581,N_max;D_max;Q_max
5.623413251903491e+22,2048,exponential,0.5,B7_semi_synthetic_diagnostic_only,False,True,4.4867200000000005e+18,1.979112958094279,1.9791057681572966e-11,1e-06,0,11.97,600.0,1.0,1.97911295811407,attachment_B7_native_val_loss,4.3092e+22,2.9417472e+21,2.3000595394172845e+21,4.833380673941729e+22,0.8595101333350629,N_max;D_max;Q_max
6.042963902381329e+22,2048,exponential,0.5,B7_semi_synthetic_diagnostic_only,False,True,4.4867200000000005e+18,1.979112958094279,1.9791057681572966e-11,1e-06,0,11.97,600.0,1.0,1.97911295811407,attachment_B7_native_val_loss,4.3092e+22,2.9417472e+21,2.3000595394172845e+21,4.833380673941729e+22,0.7998360989773672,N_max;D_max;Q_max
6.493816315762113e+22,2048,exponential,0.5,B7_semi_synthetic_diagnostic_only,False,True,4.4867200000000005e+18,1.979112958094279,1.9791057681572966e-11,1e-06,0,11.97,600.0,1.0,1.97911295811407,attachment_B7_native_val_loss,4.3092e+22,2.9417472e+21,2.3000595394172845e+21,4.833380673941729e+22,0.7443051110346173,N_max;D_max;Q_max
6.978305848598663e+22,2048,exponential,0.5,B7_semi_synthetic_diagnostic_only,False,True,4.4867200000000005e+18,1.979112958094279,1.9791057681572966e-11,1e-06,0,11.97,600.0,1.0,1.97911295811407,attachment_B7_native_val_loss,4.3092e+22,2.9417472e+21,2.3000595394172845e+21,4.833380673941729e+22,0.69262952624989,N_max;D_max;Q_max
7.498942093324558e+22,2048,exponential,0.5,B7_semi_synthetic_diagnostic_only,False,True,4.4867200000000005e+18,1.979112958094279,1.9791057681572966e-11,1e-06,0,11.97,600.0,1.0,1.97911295811407,attachment_B7_native_val_loss,4.3092e+22,2.9417472e+21,2.3000595394172845e+21,4.833380673941729e+22,0.6445416718505307,N_max;D_max;Q_max
8.058421877614818e+22,2048,exponential,0.5,B7_semi_synthetic_diagnostic_only,False,True,4.4867200000000005e+18,1.979112958094279,1.9791057681572966e-11,1e-06,0,11.97,600.0,1.0,1.97911295811407,attachment_B7_native_val_loss,4.3092e+22,2.9417472e+21,2.3000595394172845e+21,4.833380673941729e+22,0.5997924590381887,N_max;D_max;Q_max
8.659643233600654e+22,2048,exponential,0.5,B7_semi_synthetic_diagnostic_only,False,True,4.4867200000000005e+18,1.979112958094279,1.9791057681572966e-11,1e-06,0,11.97,600.0,1.0,1.97911295811407,attachment_B7_native_val_loss,4.3092e+22,2.9417472e+21,2.3000595394172845e+21,4.833380673941729e+22,0.55815009274141,N_max;D_max;Q_max
9.30572040929699e+22,2048,exponential,0.5,B7_semi_synthetic_diagnostic_only,False,True,4.4867200000000005e+18,1.979112958094279,1.9791057681572966e-11,1e-06,0,11.97,600.0,1.0,1.97911295811407,attachment_B7_native_val_loss,4.3092e+22,2.9417472e+21,2.3000595394172845e+21,4.833380673941729e+22,0.5193988709474747,N_max;D_max;Q_max
1.0000000000000001e+23,2048,exponential,0.5,B7_semi_synthetic_diagnostic_only,False,True,4.4867200000000005e+18,1.979112958094279,1.9791057681572966e-11,1e-06,0,11.97,600.0,1.0,1.97911295811407,attachment_B7_native_val_loss,4.3092e+22,2.9417472e+21,2.3000595394172845e+21,4.833380673941729e+22,0.48333806739417284,N_max;D_max;Q_max
1.0746078283213175e+23,2048,exponential,0.5,B7_semi_synthetic_diagnostic_only,False,True,4.4867200000000005e+18,1.979112958094279,1.9791057681572966e-11,1e-06,0,11.97,600.0,1.0,1.97911295811407,attachment_B7_native_val_loss,4.3092e+22,2.9417472e+21,2.3000595394172845e+21,4.833380673941729e+22,0.4497808918340119,N_max;D_max;Q_max
1.1547819846894582e+23,2048,exponential,0.5,B7_semi_synthetic_diagnostic_only,False,True,4.4867200000000005e+18,1.979112958094279,1.9791057681572966e-11,1e-06,0,11.97,600.0,1.0,1.97911295811407,attachment_B7_native_val_loss,4.3092e+22,2.9417472e+21,2.3000595394172845e+21,4.833380673941729e+22,0.4185535224851566,N_max;D_max;Q_max
1.2409377607517195e+23,2048,exponential,0.5,B7_semi_synthetic_diagnostic_only,False,True,4.4867200000000005e+18,1.979112958094279,1.9791057681572966e-11,1e-06,0,11.97,600.0,1.0,1.97911295811407,attachment_B7_native_val_loss,4.3092e+22,2.9417472e+21,2.3000595394172845e+21,4.833380673941729e+22,0.38949420565732684,N_max;D_max;Q_max
1.3335214321633241e+23,2048,exponential,0.5,B7_semi_synthetic_diagnostic_only,False,True,4.4867200000000005e+18,1.979112958094279,1.9791057681572966e-11,1e-06,0,11.97,600.0,1.0,1.97911295811407,attachment_B7_native_val_loss,4.3092e+22,2.9417472e+21,2.3000595394172845e+21,4.833380673941729e+22,0.36245241788883054,N_max;D_max;Q_max
1.4330125702369627e+23,2048,exponential,0.5,B7_semi_synthetic_diagnostic_only,False,True,4.4867200000000005e+18,1.979112958094279,1.9791057681572966e-11,1e-06,0,11.97,600.0,1.0,1.97911295811407,attachment_B7_native_val_loss,4.3092e+22,2.9417472e+21,2.3000595394172845e+21,4.833380673941729e+22,0.3372880862547132,N_max;D_max;Q_max
1.539926526059492e+23,2048,exponential,0.5,B7_semi_synthetic_diagnostic_only,False,True,4.4867200000000005e+18,1.979112958094279,1.9791057681572966e-11,1e-06,0,11.97,600.0,1.0,1.97911295811407,attachment_B7_native_val_loss,4.3092e+22,2.9417472e+21,2.3000595394172845e+21,4.833380673941729e+22,0.3138708628073208,N_max;D_max;Q_max
1.6548170999431815e+23,2048,exponential,0.5,B7_semi_synthetic_diagnostic_only,False,True,4.4867200000000005e+18,1.979112958094279,1.9791057681572966e-11,1e-06,0,11.97,600.0,1.0,1.97911295811407,attachment_B7_native_val_loss,4.3092e+22,2.9417472e+21,2.3000595394172845e+21,4.833380673941729e+22,0.292079449390974,N_max;D_max;Q_max
1.7782794100389228e+23,2048,exponential,0.5,B7_semi_synthetic_diagnostic_only,False,True,4.4867200000000005e+18,1.979112958094279,1.9791057681572966e-11,1e-06,0,11.97,600.0,1.0,1.97911295811407,attachment_B7_native_val_loss,4.3092e+22,2.9417472e+21,2.3000595394172845e+21,4.833380673941729e+22,0.27180096933338144,N_max;D_max;Q_max
1.9109529749704405e+23,2048,exponential,0.5,B7_semi_synthetic_diagnostic_only,False,True,4.4867200000000005e+18,1.979112958094279,1.9791057681572966e-11,1e-06,0,11.97,600.0,1.0,1.97911295811407,attachment_B7_native_val_loss,4.3092e+22,2.9417472e+21,2.3000595394172845e+21,4.833380673941729e+22,0.2529303827592353,N_max;D_max;Q_max
2.053525026457146e+23,2048,exponential,0.5,B7_semi_synthetic_diagnostic_only,False,True,4.4867200000000005e+18,1.979112958094279,1.9791057681572966e-11,1e-06,0,11.97,600.0,1.0,1.97911295811407,attachment_B7_native_val_loss,4.3092e+22,2.9417472e+21,2.3000595394172845e+21,4.833380673941729e+22,0.23536994249739154,N_max;D_max;Q_max
2.2067340690845896e+23,2048,exponential,0.5,B7_semi_synthetic_diagnostic_only,False,True,4.4867200000000005e+18,1.979112958094279,1.9791057681572966e-11,1e-06,0,11.97,600.0,1.0,1.97911295811407,attachment_B7_native_val_loss,4.3092e+22,2.9417472e+21,2.3000595394172845e+21,4.833380673941729e+22,0.21902868776330356,N_max;D_max;Q_max
2.371373705661655e+23,2048,exponential,0.5,B7_semi_synthetic_diagnostic_only,False,True,4.4867200000000005e+18,1.979112958094279,1.9791057681572966e-11,1e-06,0,11.97,600.0,1.0,1.97911295811407,attachment_B7_native_val_loss,4.3092e+22,2.9417472e+21,2.3000595394172845e+21,4.833380673941729e+22,0.20382197299405116,N_max;D_max;Q_max
2.5482967479793466e+23,2048,exponential,0.5,B7_semi_synthetic_diagnostic_only,False,True,4.4867200000000005e+18,1.979112958094279,1.9791057681572966e-11,1e-06,0,11.97,600.0,1.0,1.97911295811407,attachment_B7_native_val_loss,4.3092e+22,2.9417472e+21,2.3000595394172845e+21,4.833380673941729e+22,0.18967102939539215,N_max;D_max;Q_max
2.738419634264361e+23,2048,exponential,0.5,B7_semi_synthetic_diagnostic_only,False,True,4.4867200000000005e+18,1.979112958094279,1.9791057681572966e-11,1e-06,0,11.97,600.0,1.0,1.97911295811407,attachment_B7_native_val_loss,4.3092e+22,2.9417472e+21,2.3000595394172845e+21,4.833380673941729e+22,0.17650255692970704,N_max;D_max;Q_max
2.942727176209282e+23,2048,exponential,0.5,B7_semi_synthetic_diagnostic_only,False,True,4.4867200000000005e+18,1.979112958094279,1.9791057681572966e-11,1e-06,0,11.97,600.0,1.0,1.97911295811407,attachment_B7_native_val_loss,4.3092e+22,2.9417472e+21,2.3000595394172845e+21,4.833380673941729e+22,0.16424834463138785,N_max;D_max;Q_max
3.162277660168379e+23,2048,exponential,0.5,B7_semi_synthetic_diagnostic_only,False,True,4.4867200000000005e+18,1.979112958094279,1.9791057681572966e-11,1e-06,0,11.97,600.0,1.0,1.97911295811407,attachment_B7_native_val_loss,4.3092e+22,2.9417472e+21,2.3000595394172845e+21,4.833380673941729e+22,0.15284491728295516,N_max;D_max;Q_max
3.3982083289425596e+23,2048,exponential,0.5,B7_semi_synthetic_diagnostic_only,False,True,4.4867200000000005e+18,1.979112958094279,1.9791057681572966e-11,1e-06,0,11.97,600.0,1.0,1.97911295811407,attachment_B7_native_val_loss,4.3092e+22,2.9417472e+21,2.3000595394172845e+21,4.833380673941729e+22,0.14223320662173058,N_max;D_max;Q_max
3.651741272548377e+23,2048,exponential,0.5,B7_semi_synthetic_diagnostic_only,False,True,4.4867200000000005e+18,1.979112958094279,1.9791057681572966e-11,1e-06,0,11.97,600.0,1.0,1.97911295811407,attachment_B7_native_val_loss,4.3092e+22,2.9417472e+21,2.3000595394172845e+21,4.833380673941729e+22,0.13235824537395943,N_max;D_max;Q_max
3.924189758484536e+23,2048,exponential,0.5,B7_semi_synthetic_diagnostic_only,False,True,4.4867200000000005e+18,1.979112958094279,1.9791057681572966e-11,1e-06,0,11.97,600.0,1.0,1.97911295811407,attachment_B7_native_val_loss,4.3092e+22,2.9417472e+21,2.3000595394172845e+21,4.833380673941729e+22,0.12316888253151931,N_max;D_max;Q_max
4.2169650342858225e+23,2048,exponential,0.5,B7_semi_synthetic_diagnostic_only,False,True,4.4867200000000005e+18,1.979112958094279,1.9791057681572966e-11,1e-06,0,11.97,600.0,1.0,1.97911295811407,attachment_B7_native_val_loss,4.3092e+22,2.9417472e+21,2.3000595394172845e+21,4.833380673941729e+22,0.11461751839638627,N_max;D_max;Q_max
4.531583637600818e+23,2048,exponential,0.5,B7_semi_synthetic_diagnostic_only,False,True,4.4867200000000005e+18,1.979112958094279,1.9791057681572966e-11,1e-06,0,11.97,600.0,1.0,1.97911295811407,attachment_B7_native_val_loss,4.3092e+22,2.9417472e+21,2.3000595394172845e+21,4.833380673941729e+22,0.10665985802042248,N_max;D_max;Q_max
4.869675251658631e+23,2048,exponential,0.5,B7_semi_synthetic_diagnostic_only,False,True,4.4867200000000005e+18,1.979112958094279,1.9791057681572966e-11,1e-06,0,11.97,600.0,1.0,1.97911295811407,attachment_B7_native_val_loss,4.3092e+22,2.9417472e+21,2.3000595394172845e+21,4.833380673941729e+22,0.09925468176333649,N_max;D_max;Q_max
5.232991146814947e+23,2048,exponential,0.5,B7_semi_synthetic_diagnostic_only,False,True,4.4867200000000005e+18,1.979112958094279,1.9791057681572966e-11,1e-06,0,11.97,600.0,1.0,1.97911295811407,attachment_B7_native_val_loss,4.3092e+22,2.9417472e+21,2.3000595394172845e+21,4.833380673941729e+22,0.0923636317803358,N_max;D_max;Q_max
5.623413251903491e+23,2048,exponential,0.5,B7_semi_synthetic_diagnostic_only,False,True,4.4867200000000005e+18,1.979112958094279,1.9791057681572966e-11,1e-06,0,11.97,600.0,1.0,1.97911295811407,attachment_B7_native_val_loss,4.3092e+22,2.9417472e+21,2.3000595394172845e+21,4.833380673941729e+22,0.0859510133335063,N_max;D_max;Q_max
6.042963902381328e+23,2048,exponential,0.5,B7_semi_synthetic_diagnostic_only,False,True,4.4867200000000005e+18,1.979112958094279,1.9791057681572966e-11,1e-06,0,11.97,600.0,1.0,1.97911295811407,attachment_B7_native_val_loss,4.3092e+22,2.9417472e+21,2.3000595394172845e+21,4.833380673941729e+22,0.07998360989773672,N_max;D_max;Q_max
6.493816315762113e+23,2048,exponential,0.5,B7_semi_synthetic_diagnostic_only,False,True,4.4867200000000005e+18,1.979112958094279,1.9791057681572966e-11,1e-06,0,11.97,600.0,1.0,1.97911295811407,attachment_B7_native_val_loss,4.3092e+22,2.9417472e+21,2.3000595394172845e+21,4.833380673941729e+22,0.07443051110346173,N_max;D_max;Q_max
6.978305848598663e+23,2048,exponential,0.5,B7_semi_synthetic_diagnostic_only,False,True,4.4867200000000005e+18,1.979112958094279,1.9791057681572966e-11,1e-06,0,11.97,600.0,1.0,1.97911295811407,attachment_B7_native_val_loss,4.3092e+22,2.9417472e+21,2.3000595394172845e+21,4.833380673941729e+22,0.06926295262498901,N_max;D_max;Q_max
7.498942093324558e+23,2048,exponential,0.5,B7_semi_synthetic_diagnostic_only,False,True,4.4867200000000005e+18,1.979112958094279,1.9791057681572966e-11,1e-06,0,11.97,600.0,1.0,1.97911295811407,attachment_B7_native_val_loss,4.3092e+22,2.9417472e+21,2.3000595394172845e+21,4.833380673941729e+22,0.06445416718505306,N_max;D_max;Q_max
8.058421877614818e+23,2048,exponential,0.5,B7_semi_synthetic_diagnostic_only,False,True,4.4867200000000005e+18,1.979112958094279,1.9791057681572966e-11,1e-06,0,11.97,600.0,1.0,1.97911295811407,attachment_B7_native_val_loss,4.3092e+22,2.9417472e+21,2.3000595394172845e+21,4.833380673941729e+22,0.05997924590381886,N_max;D_max;Q_max
8.659643233600654e+23,2048,exponential,0.5,B7_semi_synthetic_diagnostic_only,False,True,4.4867200000000005e+18,1.979112958094279,1.9791057681572966e-11,1e-06,0,11.97,600.0,1.0,1.97911295811407,attachment_B7_native_val_loss,4.3092e+22,2.9417472e+21,2.3000595394172845e+21,4.833380673941729e+22,0.05581500927414101,N_max;D_max;Q_max
9.30572040929699e+23,2048,exponential,0.5,B7_semi_synthetic_diagnostic_only,False,True,4.4867200000000005e+18,1.979112958094279,1.9791057681572966e-11,1e-06,0,11.97,600.0,1.0,1.97911295811407,attachment_B7_native_val_loss,4.3092e+22,2.9417472e+21,2.3000595394172845e+21,4.833380673941729e+22,0.05193988709474747,N_max;D_max;Q_max
1e+24,2048,exponential,0.5,B7_semi_synthetic_diagnostic_only,False,True,4.4867200000000005e+18,1.979112958094279,1.9791057681572966e-11,1e-06,0,11.97,600.0,1.0,1.97911295811407,attachment_B7_native_val_loss,4.3092e+22,2.9417472e+21,2.3000595394172845e+21,4.833380673941729e+22,0.04833380673941729,N_max;D_max;Q_max
1e+19,2048,power,0.5,B7_semi_synthetic_diagnostic_only,False,True,4.4867200000000005e+18,3.2646828224902076,7.993534838490746e-07,1e-06,27,0.15601597603594608,10.0,0.5,3.2646836218436914,attachment_B7_native_val_loss,9.360958562156765e+18,6.390414378432351e+17,0.0,1e+19,1.0,D_min;Q0
1.0746078283213175e+19,2048,power,0.5,B7_semi_synthetic_diagnostic_only,False,True,4.4867200000000005e+18,3.246617907853019,8.738739354363645e-07,1e-06,29,0.16765598919141872,10.000000000000002,0.5,3.2466187817269545,attachment_B7_native_val_loss,1.0059359351485125e+19,6.867189317280512e+17,0.0,1.0746078283213177e+19,1.0000000000000002,D_min;Q0
1.1547819846894582e+19,2048,power,0.5,B7_semi_synthetic_diagnostic_only,False,True,4.4867200000000005e+18,3.2289174124961675,9.491548995654853e-07,1e-06,37,0.18016443845005276,10.0,0.5,3.228918361651067,attachment_B7_native_val_loss,1.0809866307003165e+19,7.379535398914162e+17,0.0,1.1547819846894582e+19,1.0,D_min;Q0
1.2409377607517196e+19,2048,power,0.5,B7_semi_synthetic_diagnostic_only,False,True,4.4867200000000005e+18,3.2115743041338325,7.060766304967103e-07,1e-06,42,0.19360611594354088,10.0,0.5,3.211575010210463,attachment_B7_native_val_loss,1.1616366956612452e+19,7.930106509047436e+17,0.0,1.2409377607517196e+19,1.0,D_min;Q0
1.3335214321633241e+19,2048,power,0.5,B7_semi_synthetic_diagnostic_only,False,True,4.4867200000000005e+18,3.1945806542835116,8.700151652440979e-07,1e-06,61,0.2080506478038137,10.0,0.5,3.194581524298677,attachment_B7_native_val_loss,1.248303886822882e+19,8.521754534044209e+17,0.0,1.3335214321633241e+19,1.0,D_min;Q0
1.4330125702369628e+19,2048,power,0.5,B7_semi_synthetic_diagnostic_only,False,True,4.4867200000000005e+18,3.1779299112532358,9.348634835149028e-07,1e-06,100,0.2235728548172995,10.0,0.5,3.1779308461167193,attachment_B7_native_val_loss,1.341437128903797e+19,9.157544133316588e+17,0.0,1.4330125702369628e+19,1.0,D_min;Q0
1.539926526059492e+19,2048,power,0.5,B7_semi_synthetic_diagnostic_only,False,True,4.4867200000000005e+18,3.1616150633633473,9.968784606684267e-07,1e-06,438,0.24025313998681538,10.0,0.5,3.161616060241808,attachment_B7_native_val_loss,1.4415188399208923e+19,9.840768613859958e+17,0.0,1.539926526059492e+19,1.0,D_min;Q0
1.6548170999431815e+19,2048,power,0.5,B7_semi_synthetic_diagnostic_only,False,True,4.4867200000000005e+18,3.1454663154154905,9.975324899436089e-07,1e-06,1370,0.25383108076730443,9.999999999999998,0.5107902228485774,3.1454673129479804,attachment_B7_native_val_loss,1.5229864846038264e+19,1.0396921068228787e+18,2.7861404657067174e+17,1.6548170999431815e+19,1.0,D_min
1.7782794100389229e+19,2048,power,0.5,B7_semi_synthetic_diagnostic_only,False,True,4.4867200000000005e+18,3.1292732540027455,9.99463857453975e-07,1e-06,1384,0.26794279494624773,10.0,0.5227491137495683,3.129274253466603,attachment_B7_native_val_loss,1.6076567696774863e+19,1.0974936880998308e+18,6.087327155145353e+17,1.7782794100389229e+19,1.0,D_min
1.9109529749704405e+19,2048,power,0.5,B7_semi_synthetic_diagnostic_only,False,True,4.4867200000000005e+18,3.1130433426657134,9.960864288949267e-07,1e-06,1381,0.2829494179272495,10.0,0.5350772483755093,3.1130443387521423,attachment_B7_native_val_loss,1.697696507563497e+19,1.158960815830014e+18,9.736038582394225e+17,1.910952974970441e+19,1.0000000000000002,D_min
2.053525026457146e+19,2048,power,0.5,B7_semi_synthetic_diagnostic_only,False,True,4.4867200000000005e+18,3.0967842288373566,9.99127257816923e-07,1e-06,1374,0.2989017610225603,10.0,0.5477786292961595,3.0967852279646144,attachment_B7_native_val_loss,1.7934105661353615e+19,1.2243016131484068e+18,1.376842990069437e+18,2.0535250264571458e+19,0.9999999999999998,D_min
2.2067340690845897e+19,2048,power,0.5,B7_semi_synthetic_diagnostic_only,False,True,4.4867200000000005e+18,3.0805028437723547,9.968274627958351e-07,1e-06,1364,0.3158530564005211,10.0,0.5608571541152854,3.0805038405998175,attachment_B7_native_val_loss,1.8951183384031265e+19,1.2937341190165345e+18,1.8224231877980972e+18,2.2067340690845897e+19,1.0,D_min
2.3713737056616554e+19,2048,power,0.5,B7_semi_synthetic_diagnostic_only,False,True,4.4867200000000005e+18,3.0642053701778997,9.961821287873818e-07,1e-06,1358,0.3338590408775611,10.000000000000002,0.5743166343990262,3.0642063663600285,attachment_B7_native_val_loss,2.003154245265367e+19,1.3674866314344904e+18,2.3147079725283983e+18,2.371373705661656e+19,1.0000000000000002,D_min
2.5482967479793463e+19,2048,power,0.5,B7_semi_synthetic_diagnostic_only,False,True,4.4867200000000005e+18,3.0478972817643033,9.980027559919336e-07,1e-06,1346,0.3529780441211224,10.0,0.5881608087947625,3.0478982797670593,attachment_B7_native_val_loss,2.1178682647267344e+19,1.4457980687201172e+18,2.858486763806002e+18,2.5482967479793463e+19,1.0,D_min
2.7384196342643614e+19,2048,power,0.5,B7_semi_synthetic_diagnostic_only,False,True,4.4867200000000005e+18,3.031583361818366,9.969700056622344e-07,1e-06,1333,0.3732710854308718,10.0,0.602393346493086,3.0315843587883715,attachment_B7_native_val_loss,2.2396265125852307e+19,1.528918365924851e+18,3.4590128508664596e+18,2.7384196342643618e+19,1.0000000000000002,D_min
2.942727176209282e+19,2048,power,0.5,B7_semi_synthetic_diagnostic_only,False,True,4.4867200000000005e+18,3.015267706897809,9.998840400093911e-07,1e-06,1384,0.39480197446690063,10.0,0.6170178520086678,3.015268706781849,attachment_B7_native_val_loss,2.368811846801404e+19,1.617108887416425e+18,4.122044406662358e+18,2.9427271762092823e+19,1.0000000000000002,D_min
3.162277660168379e+19,2048,power,0.5,B7_semi_synthetic_diagnostic_only,False,True,4.4867200000000005e+18,2.9989537783443754,9.987640763320371e-07,1e-06,1449,0.4176373788734273,10.0,0.6320379186122087,2.9989547771084517,attachment_B7_native_val_loss,2.5058242732405637e+19,1.710642703865558e+18,4.853891165412598e+18,3.162277660168379e+19,1.0,D_min
3.3982083289425592e+19,2048,power,0.5,B7_semi_synthetic_diagnostic_only,False,True,4.4867200000000005e+18,2.9826444002007246,9.996110463816876e-07,1e-06,1482,0.4418469635059337,10.0,0.6474570838979659,2.982645399811771,attachment_B7_native_val_loss,2.6510817810356023e+19,1.8098051625203046e+18,5.66146031654926e+18,3.398208328942559e+19,0.9999999999999999,D_min
3.651741272548377e+19,2048,power,0.5,B7_semi_synthetic_diagnostic_only,False,True,4.4867200000000005e+18,2.966341809826245,9.99990845240717e-07,1e-06,1499,0.46750348653901513,10.0,0.6632788571878485,2.9663428098170903,attachment_B7_native_val_loss,2.805020919234091e+19,1.914894280863806e+18,6.552309252279055e+18,3.651741272548377e+19,1.0,D_min
3.924189758484536e+19,2048,power,0.5,B7_semi_synthetic_diagnostic_only,False,True,4.4867200000000005e+18,2.9500476764417445,9.997162204733456e-07,1e-06,1508,0.4946829330479135,10.0,0.6795067068342371,2.950048676157965,attachment_B7_native_val_loss,2.968097598287481e+19,2.0262212937642537e+18,7.534700308206295e+18,3.924189758484536e+19,1.0,D_min
4.216965034285823e+19,2048,power,0.5,B7_semi_synthetic_diagnostic_only,False,True,4.4867200000000005e+18,2.9337631327283744,9.990655902569756e-07,1e-06,1515,0.5234645482263885,10.0,0.6961441566744624,2.9337641317939647,attachment_B7_native_val_loss,3.1407872893583315e+19,2.1441107895352873e+18,8.617666659739631e+18,4.2169650342858236e+19,1.0000000000000002,D_min
4.531583637600818e+19,2048,power,0.5,B7_semi_synthetic_diagnostic_only,False,True,4.4867200000000005e+18,2.9174888040740625,9.995636371940009e-07,1e-06,1521,0.5539310982326283,10.0,0.7131946509935017,2.9174898036376997,attachment_B7_native_val_loss,3.3235865893957698e+19,2.2689017783608453e+18,9.811068703689634e+18,4.531583637600818e+19,1.0,D_min
4.869675251658631e+19,2048,power,0.5,B7_semi_synthetic_diagnostic_only,False,True,4.4867200000000005e+18,2.9012248435679653,9.988935891769302e-07,1e-06,1523,0.586168859985721,10.0,0.730661702772154,2.9012258424615545,attachment_B7_native_val_loss,3.517013159914326e+19,2.400947650501513e+18,1.112567326694154e+19,4.8696752516586316e+19,1.0000000000000002,D_min
5.2329911468149465e+19,2048,power,0.5,B7_semi_synthetic_diagnostic_only,False,True,4.4867200000000005e+18,2.8849709533423016,9.990616751665016e-07,1e-06,1520,0.6202678346771534,10.0,0.7485488227751833,2.8849719524039767,attachment_B7_native_val_loss,3.72160700806292e+19,2.5406170508376207e+18,1.2573224336682637e+19,5.2329911468149465e+19,1.0,D_min
5.6234132519034905e+19,2048,power,0.5,B7_semi_synthetic_diagnostic_only,False,True,4.4867200000000005e+18,2.8687264205336964,9.99307422144824e-07,1e-06,1524,0.6563218684369717,10.0,0.7668595487450938,2.8687274198411186,attachment_B7_native_val_loss,3.93793121062183e+19,2.6882943731178363e+18,1.416652603969876e+19,5.62341325190349e+19,0.9999999999999999,D_min
6.042963902381328e+19,2048,power,0.5,B7_semi_synthetic_diagnostic_only,False,True,4.4867200000000005e+18,2.8524901441263997,9.973053782807995e-07,1e-06,1532,0.6944287871557625,10.0,0.7855974627919093,2.852491141431778,attachment_B7_native_val_loss,4.166572722934575e+19,2.844380312190003e+18,1.591953148227753e+19,6.042963902381328e+19,1.0,D_min
6.493816315762113e+19,2048,power,0.5,B7_semi_synthetic_diagnostic_only,False,True,4.4867200000000005e+18,2.83626065166397,9.995178991140108e-07,1e-06,1537,0.7346905387628248,10.0,0.8047662053389977,2.8362616511818692,attachment_B7_native_val_loss,4.408143232576949e+19,3.00929244677253e+18,1.7847438385079108e+19,6.493816315762112e+19,0.9999999999999999,D_min
6.978305848598663e+19,2048,power,0.5,B7_semi_synthetic_diagnostic_only,False,True,4.4867200000000005e+18,2.820036149049816,9.973590597844861e-07,1e-06,1543,0.7772133733561583,10.0,0.8243694693612267,2.820037146408876,attachment_B7_native_val_loss,4.66328024013695e+19,3.183465977266824e+18,1.9966790107350315e+19,6.978305848598664e+19,1.0000000000000002,D_min
7.498942093324558e+19,2048,power,0.5,B7_semi_synthetic_diagnostic_only,False,True,4.4867200000000005e+18,2.8038145138308614,9.986862528066354e-07,1e-06,1545,0.8221080423530273,10.0,0.8444109942143869,2.8038155125171143,attachment_B7_native_val_loss,4.932648254118163e+19,3.3673545414779996e+18,2.2295583850585944e+19,7.498942093324558e+19,1.0,D_min
8.058421877614818e+19,2048,power,0.5,B7_semi_synthetic_diagnostic_only,False,True,4.4867200000000005e+18,2.787593346749262,9.997719940813e-07,1e-06,1550,0.869489924641691,9.999999999999998,0.8648946063828791,2.787594346521256,attachment_B7_native_val_loss,5.216939547850145e+19,3.5614307313323653e+18,2.4853392566314365e+19,8.058421877614818e+19,1.0,D_min
8.659643233600653e+19,2048,power,0.5,B7_semi_synthetic_diagnostic_only,False,True,4.4867200000000005e+18,2.771369980397396,9.988811990879753e-07,1e-06,1554,0.919479193955855,10.0,0.8858242334424995,2.771370979278595,attachment_B7_native_val_loss,5.51687516373513e+19,3.766186778443182e+18,2.7661493920212046e+19,8.659643233600653e+19,1.0,D_min
9.30572040929699e+19,2048,power,0.5,B7_semi_synthetic_diagnostic_only,False,True,4.4867200000000005e+18,2.755141498428064,9.979822763739321e-07,1e-06,1558,0.9722010416284123,10.0,0.9072038953769543,2.7551424964103406,attachment_B7_native_val_loss,5.833206249770474e+19,3.9821354665099766e+18,3.0743006128755188e+19,9.305720409296991e+19,1.0000000000000002,D_min
1e+20,2048,power,0.5,B7_semi_synthetic_diagnostic_only,False,True,4.4867200000000005e+18,2.7389047608437327,9.970651686508347e-07,1e-06,1559,1.0277859092952217,10.0,0.9290377018518943,2.7389057579089013,attachment_B7_native_val_loss,6.16671545577133e+19,4.2098110844732283e+18,3.412303435781347e+19,1e+20,1.0,D_min
1.0746078283213175e+20,2048,power,0.5,B7_semi_synthetic_diagnostic_only,False,True,4.4867200000000005e+18,2.7226564169875695,9.99454569328151e-07,1e-06,1562,1.086369598004025,10.0,0.9513299038981762,2.722657416442139,attachment_B7_native_val_loss,6.518217588024151e+19,4.449769873424487e+18,3.782883707846575e+19,1.0746078283213175e+20,1.0,D_min
1.1547819846894582e+20,2048,power,0.5,B7_semi_synthetic_diagnostic_only,False,True,4.4867200000000005e+18,2.7063929351742755,9.99202749873973e-07,1e-06,1555,1.1480937217590312,10.0,0.9740848128037565,2.7063939343770254,attachment_B7_native_val_loss,6.888562330554188e+19,4.702591884324992e+18,4.188998327907896e+19,1.1547819846894584e+20,1.0000000000000002,D_min
1.2409377607517195e+20,2048,power,0.5,B7_semi_synthetic_diagnostic_only,False,True,4.4867200000000005e+18,2.6901106004257826,9.991286527011312e-07,1e-06,1411,1.2131059547202712,10.0,0.9973068237304688,2.6901115995544354,attachment_B7_native_val_loss,7.278635728321627e+19,4.96888199053423e+18,4.633853680142145e+19,1.2409377607517195e+20,1.0,D_min
1.333521432163324e+20,2048,power,0.5,B7_semi_synthetic_diagnostic_only,False,True,4.4867200000000005e+18,2.6742769481186603,8.818531846976896e-07,1e-06,84,1.3491815903696394,10.000000000000002,1.0,2.674277829971845,attachment_B7_native_val_loss,8.095089542217838e+19,5.526247794154043e+18,4.687500000000001e+19,1.3335214321633244e+20,1.0000000000000002,D_min;Q_max
1.4330125702369627e+20,2048,power,0.5,B7_semi_synthetic_diagnostic_only,False,True,4.4867200000000005e+18,2.6595102839707163,8.785933545141233e-07,1e-06,54,1.4924547447785508,10.053732463197345,1.0,2.659511162564071,attachment_B7_native_val_loss,9.002844430459816e+19,6.145941797860566e+18,4.712687092123756e+19,1.4330125702369629e+20,1.0000000000000002,Q_max
1.539926526059492e+20,2048,power,0.5,B7_semi_synthetic_diagnostic_only,False,True,4.4867200000000005e+18,2.645281674120201,6.816530340181259e-07,1e-06,45,1.5326511687277273,10.612000038960133,1.0,2.6452823557732352,attachment_B7_native_val_loss,9.758696557350561e+19,6.661936849817983e+18,4.974375018262562e+19,1.539926526059492e+20,1.0,Q_max
1.6548170999431814e+20,2048,power,0.5,B7_semi_synthetic_diagnostic_only,False,True,4.4867200000000005e+18,2.6312805404951036,9.96544625486706e-07,1e-06,43,1.5741417474628667,11.198509710547095,1.0,2.631281537039729,attachment_B7_native_val_loss,1.0576824986844291e+20,7.220445857685704e+18,5.249301426818951e+19,1.654817099943181e+20,0.9999999999999998,Q_max
1.778279410038923e+20,2048,power,0.5,B7_semi_synthetic_diagnostic_only,False,True,4.4867200000000005e+18,2.617503071473266,9.62799323822594e-07,1e-06,42,1.6169740232394543,11.814509495921833,1.0,2.61750403427259,attachment_B7_native_val_loss,1.1462252971332878e+20,7.824898028429912e+18,5.538051326213359e+19,1.778279410038923e+20,1.0,Q_max
1.9109529749704406e+20,2048,power,0.5,B7_semi_synthetic_diagnostic_only,False,True,4.4867200000000005e+18,2.60394431907332,9.58222931224384e-07,1e-06,36,1.6611974021521059,12.461292202680514,1.0,2.6039452772962512,attachment_B7_native_val_loss,1.2420399740730699e+20,8.478992889672157e+18,5.841230720006491e+19,1.9109529749704406e+20,1.0,Q_max
2.053525026457146e+20,2048,power,0.5,B7_semi_synthetic_diagnostic_only,False,True,4.4867200000000005e+18,2.5905998975803692,8.982275963020925e-07,1e-06,31,1.706863227195818,13.140196581377516,1.0,2.5906007958079655,attachment_B7_native_val_loss,1.3457111005726489e+20,9.186721113242616e+18,6.15946714752071e+19,2.053525026457146e+20,1.0,Q_max
2.20673406908459e+20,2048,power,0.5,B7_semi_synthetic_diagnostic_only,False,True,4.4867200000000005e+18,2.5774653500222735,8.673557938543297e-07,1e-06,30,1.7540248540274588,13.852608502700027,1.0,2.5774662173780674,attachment_B7_native_val_loss,1.4578691764108771e+20,9.95238691096492e+18,6.493410235640638e+19,2.20673406908459e+20,1.0,Q_max
2.3713737056616553e+20,2048,power,0.5,B7_semi_synthetic_diagnostic_only,False,True,4.4867200000000005e+18,2.564536428094748,8.373971378539125e-07,1e-06,30,1.8027377295189528,14.599962160580414,1.0,2.564537265491886,attachment_B7_native_val_loss,1.5791941581856417e+20,1.0780632119880647e+19,6.843732262772069e+19,2.3713737056616553e+20,1.0,Q_max
2.5482967479793464e+20,2048,power,0.5,B7_semi_synthetic_diagnostic_only,False,True,4.4867200000000005e+18,2.5518088149198284,9.42712308216187e-07,1e-06,29,1.8530594731964714,15.383741303563706,1.0,2.5518097576321366,attachment_B7_native_val_loss,1.7104192533463535e+20,1.1676462102844439e+19,7.211128736045487e+19,2.5482967479793464e+20,1.0,Q_max
2.7384196342643612e+20,2048,power,0.5,B7_semi_synthetic_diagnostic_only,False,True,4.4867200000000005e+18,2.5392788232676407,7.80132991984317e-07,1e-06,29,1.9050499616635919,16.205480496978304,1.0,2.5392796034006326,attachment_B7_native_val_loss,1.8523349999705162e+20,1.2645273599798725e+19,7.59631898295858e+19,2.7384196342643615e+20,1.0000000000000002,Q_max
2.942727176209282e+20,2048,power,0.5,B7_semi_synthetic_diagnostic_only,False,True,4.4867200000000005e+18,2.526941806280338,9.96397850450137e-07,1e-06,27,1.9587714161095744,17.066766418696606,1.0,2.5269428026781884,attachment_B7_native_val_loss,2.0057936535817008e+20,1.3692884675117744e+19,8.000046758764034e+19,2.942727176209282e+20,1.0,Q_max
3.1622776601683794e+20,2048,power,0.5,B7_semi_synthetic_diagnostic_only,False,True,4.4867200000000005e+18,2.514794717555079,7.262664998286539e-07,1e-06,26,2.014288493008462,17.96923919150602,1.0,2.514795443821579,attachment_B7_native_val_loss,2.1717139038940355e+20,1.482556691724995e+19,8.423080871018447e+19,3.1622776601683794e+20,1.0,Q_max
3.3982083289425596e+20,2048,power,0.5,B7_semi_synthetic_diagnostic_only,False,True,4.4867200000000005e+18,2.502833001340146,7.005563271711424e-07,1e-06,23,2.0716683781174794,18.914593755357828,1.0,2.5028337018964733,attachment_B7_native_val_loss,2.3510859460747893e+20,1.6050080058537228e+19,8.866215822823981e+19,3.3982083289425596e+20,1.0,Q_max
3.651741272548377e+20,2048,power,0.5,B7_semi_synthetic_diagnostic_only,False,True,4.4867200000000005e+18,2.491053161310197,6.756350456882387e-07,1e-06,17,2.130980883888812,19.904581282991543,1.0,2.491053836945243,attachment_B7_native_val_loss,2.5449769329519614e+20,1.7373709195618722e+19,9.330272476402285e+19,3.651741272548377e+20,1.0,Q_max
3.924189758484536e+20,2048,power,0.5,B7_semi_synthetic_diagnostic_only,False,True,4.4867200000000005e+18,2.479451540805367,6.514832344706178e-07,1e-06,17,2.192298550412004,20.94101064267671,1.0,2.4794521922886013,attachment_B7_native_val_loss,2.7545368365661497e+20,1.8804304804291584e+19,9.816098738754707e+19,3.9241897584845364e+20,1.0000000000000002,Q_max
4.216965034285823e+20,2048,power,0.5,B7_semi_synthetic_diagnostic_only,False,True,4.4867200000000005e+18,2.4680245647781978,6.280818234394303e-07,1e-06,17,2.2556967500097294,22.025749912041057,1.0,2.468025192860021,attachment_B7_native_val_loss,2.9810047495870854e+20,2.0350325757181174e+19,1.0324570271269246e+20,4.2169650342858215e+20,0.9999999999999997,Q_max
4.5315836376008176e+20,2048,power,0.5,B7_semi_synthetic_diagnostic_only,False,True,4.4867200000000005e+18,2.4567687381598398,6.054120840204291e-07,1e-06,17,2.3212537956142683,23.160727947182746,1.0,2.456769343571924,attachment_B7_native_val_loss,3.225715659395245e+20,2.2020885568138203e+19,1.0856591225241913e+20,4.531583637600818e+20,1.0000000000000002,Q_max
4.8696752516586314e+20,2048,power,0.5,B7_semi_synthetic_diagnostic_only,False,True,4.4867200000000005e+18,2.445680644257016,5.834556247030775e-07,1e-06,17,2.389051053057303,24.3479360114825,1.0,2.4456812277126407,attachment_B7_native_val_loss,3.4901077300802454e+20,2.3825802104014475e+19,1.1413095005382422e+20,4.869675251658633e+20,1.0000000000000002,Q_max
5.232991146814947e+20,2048,power,0.5,B7_semi_synthetic_diagnostic_only,False,True,4.4867200000000005e+18,2.434756943178796,5.621943892641923e-07,1e-06,17,2.459173057410985,25.589429468742676,1.0,2.4347575053731854,attachment_B7_native_val_loss,3.775730130243041e+20,2.577565102245916e+19,1.1995045063473129e+20,5.2329911468149454e+20,0.9999999999999998,Q_max
5.6234132519034906e+20,2048,power,0.5,B7_semi_synthetic_diagnostic_only,False,True,4.4867200000000005e+18,2.4239943702922395,5.416106443334456e-07,1e-06,17,2.531707633524208,26.887329545477833,1.0,2.423994911902884,attachment_B7_native_val_loss,4.084251447322033e+20,2.788182321371841e+19,1.2603435724442734e+20,5.6234132519034906e+20,1.0,Q_max
6.042963902381328e+20,2048,power,0.5,B7_semi_synthetic_diagnostic_only,False,True,4.4867200000000005e+18,2.4133897347059823,5.216869789492762e-07,1e-06,17,2.606746020903884,28.243825167369696,1.0,2.4133902563929612,attachment_B7_native_val_loss,4.417468732208756e+20,3.0156586545211773e+19,1.3239293047204546e+20,6.042963902381329e+20,1.0000000000000002,Q_max
6.493816315762113e+20,2048,power,0.5,B7_semi_synthetic_diagnostic_only,False,True,4.4867200000000005e+18,2.402939917780885,5.024062996739076e-07,1e-06,17,2.684383003097432,29.661174875073815,1.0,2.4029404201871847,attachment_B7_native_val_loss,4.7773172211929245e+20,3.261315223001037e+19,1.390367572269085e+20,6.493816315762113e+20,1.0,Q_max
6.978305848598663e+20,2048,power,0.5,B7_semi_synthetic_diagnostic_only,False,True,4.4867200000000005e+18,2.392641387942495,9.674762151412608e-07,1e-06,16,2.764717041739261,31.141708824725267,1.0,2.39264235541871,attachment_B7_native_val_loss,5.165880785795993e+20,3.526574616436731e+19,1.4597676011589968e+20,6.978305848598663e+20,1.0,Q_max
7.498942093324558e+20,2048,power,0.5,B7_semi_synthetic_diagnostic_only,False,True,4.4867200000000005e+18,2.382492152185389,9.313869160365584e-07,1e-06,16,2.8478504154312034,32.68783087863416,1.0,2.382493083572305,attachment_B7_native_val_loss,5.585403164835793e+20,3.812968560527901e+19,1.532242072435976e+20,7.498942093324559e+20,1.0000000000000002,Q_max
8.058421877614818e+20,2048,power,0.5,B7_semi_synthetic_diagnostic_only,False,True,4.4867200000000005e+18,2.372488797586418,8.964847291181854e-07,1e-06,16,2.933889363634176,34.30202079179011,1.0,2.372489694071147,attachment_B7_native_val_loss,6.038300037131482e+20,4.122146158681758e+19,1.6079072246151614e+20,8.05842187761482e+20,1.0000000000000002,Q_max
8.659643233600653e+20,2048,power,0.5,B7_semi_synthetic_diagnostic_only,False,True,4.4867200000000005e+18,2.3626284801495236,8.627379095571541e-07,1e-06,16,3.022944235755343,35.98683649991374,1.0,2.362629342887433,attachment_B7_native_val_loss,6.527171997629054e+20,4.4558827503814345e+19,1.6868829609334568e+20,8.659643233600653e+20,1.0,Q_max
9.30572040929699e+20,2048,power,0.5,B7_semi_synthetic_diagnostic_only,False,True,4.4867200000000005e+18,2.3529084210607643,8.301153049394827e-07,1e-06,16,3.1151296456242106,37.74491651487854,1.0,2.352909251176069,attachment_B7_native_val_loss,7.05481850442654e+20,4.816089432355185e+19,1.7692929616349315e+20,9.30572040929699e+20,1.0,Q_max
1e+21,2048,power,0.5,B7_semi_synthetic_diagnostic_only,False,True,4.4867200000000005e+18,2.343325905344393,7.98586348160768e-07,1e-06,16,3.210564631558391,39.578982433415604,1.0,2.343326703930741,attachment_B7_native_val_loss,7.6242528692277e+20,5.204823292059443e+19,1.8552648015663563e+20,1e+21,1.0,Q_max
1.0746078283213176e+21,2048,power,0.5,B7_semi_synthetic_diagnostic_only,False,True,4.4867200000000005e+18,2.3338782805406497,7.681210494325796e-07,1e-06,16,3.3093728222287035,41.49184156507567,1.0,2.333879048661699,attachment_B7_native_val_loss,8.23871836918084e+20,5.6242984066941215e+19,1.944930073362922e+20,1.0746078283213174e+21,0.9999999999999999,Q_max
1.1547819846894581e+21,2048,power,0.5,B7_semi_synthetic_diagnostic_only,False,True,4.4867200000000005e+18,2.3245629554046405,7.386899909533895e-07,1e-06,16,3.4116826085427308,43.48638968546708,1.0,2.3245636940946315,attachment_B7_native_val_loss,8.901705563893203e+20,6.076897664951092e+19,2.0384245165062695e+20,1.1547819846894582e+21,1.0000000000000002,Q_max
1.2409377607517195e+21,2048,power,0.5,B7_semi_synthetic_diagnostic_only,False,True,4.4867200000000005e+18,2.31537739862571,7.10264318914966e-07,1e-06,16,3.5176273217748735,45.56561392082685,1.0,2.315378108890029,attachment_B7_native_val_loss,9.616970907680761e+20,6.565185472976735e+19,2.1358881525387585e+20,1.2409377607517193e+21,0.9999999999999998,Q_max
1.333521432163324e+21,2048,power,0.5,B7_semi_synthetic_diagnostic_only,False,True,4.4867200000000005e+18,2.3063191375667422,6.828157421701064e-07,1e-06,16,3.6273454181805977,47.73259577000379,1.0,2.3063198203824844,attachment_B7_native_val_loss,1.038855675385139e+21,7.091921410629215e+19,2.2374654267189277e+20,1.333521432163324e+21,1.0,Q_max
1.4330125702369627e+21,2048,power,0.5,B7_semi_synthetic_diagnostic_only,False,True,4.4867200000000005e+18,2.2973857570228824,6.563165220185851e-07,1e-06,16,3.7409806703435082,49.99051426993292,1.0,2.2973864133394044,attachment_B7_native_val_loss,1.1220812855061022e+21,7.66007490905499e+19,2.3433053564031058e+20,1.4330125702369625e+21,0.9999999999999998,Q_max
1.539926526059492e+21,2048,power,0.5,B7_semi_synthetic_diagnostic_only,False,True,4.4867200000000005e+18,2.2885748979991747,6.307394690985291e-07,1e-06,16,3.8586823655129585,52.342649310693254,1.0,2.288575528738644,attachment_B7_native_val_loss,1.2118419471564066e+21,8.272841025921068e+19,2.4535616864387462e+20,1.539926526059492e+21,1.0,Q_max
1.6548170999431815e+21,2048,power,0.5,B7_semi_synthetic_diagnostic_only,False,True,4.4867200000000005e+18,2.2798842565066773,6.060579411659717e-07,1e-06,16,3.9806055112024747,54.7923851062128,1.0,2.2798848625646184,attachment_B7_native_val_loss,1.3086412207543144e+21,8.933657400349454e+19,2.568393051853725e+20,1.6548170999431813e+21,0.9999999999999999,Q_max
1.7782794100389228e+21,2048,power,0.5,B7_semi_synthetic_diagnostic_only,False,True,4.4867200000000005e+18,2.2713115823766397,5.822458319926227e-07,1e-06,16,4.106911048328776,57.3432138266862,1.0,2.2713121646224717,attachment_B7_native_val_loss,1.4130208704689818e+21,9.646222475734915e+19,2.6879631481259157e+20,1.7782794100389225e+21,0.9999999999999999,Q_max
1.9109529749704406e+21,2048,power,0.5,B7_semi_synthetic_diagnostic_only,False,True,4.4867200000000005e+18,2.262854678092349,5.59277573142225e-07,1e-06,16,4.237766072184259,59.99873939873352,1.0,2.262855237369922,attachment_B7_native_val_loss,1.5255637331866673e+21,1.0414515085220984e+20,2.8124409093156336e+20,1.9109529749704406e+21,1.0,Q_max
2.053525026457146e+21,2048,power,0.5,B7_semi_synthetic_diagnostic_only,False,True,4.4867200000000005e+18,2.2545113976383195,5.371281237565029e-07,1e-06,16,4.373344061546842,62.76268147931533,1.0,2.2545119347664433,attachment_B7_native_val_loss,1.646896802005918e+21,1.1242815501693734e+20,2.942000694342906e+20,2.0535250264571458e+21,0.9999999999999999,Q_max
2.20673406908459e+21,2048,power,0.5,B7_semi_synthetic_diagnostic_only,False,True,4.4867200000000005e+18,2.2462796453664886,5.15772973219697e-07,1e-06,16,4.513825116243657,65.63887960939492,1.0,2.246280161139462,attachment_B7_native_val_loss,1.7776945402978828e+21,1.2135728061766879e+20,3.076822481690387e+20,2.2067340690845902e+21,1.0000000000000002,Q_max
2.3713737056616553e+21,2048,power,0.5,B7_semi_synthetic_diagnostic_only,False,True,4.4867200000000005e+18,2.2381568797218523,9.903454394333266e-07,1e-06,15,4.659396203498595,68.63129755330793,1.0,2.2381578700672917,attachment_B7_native_val_loss,1.9186824435663923e+21,1.3098205481413239e+20,3.217092072811309e+20,2.371373705661656e+21,1.0000000000000002,Q_max
2.5482967479793463e+21,2048,power,0.5,B7_semi_synthetic_diagnostic_only,False,True,4.4867200000000005e+18,2.2301421126088,9.506697651318063e-07,1e-06,15,4.8102514134053,71.74402782980475,1.0,2.230143063278565,attachment_B7_native_val_loss,2.070640867630245e+21,1.4135574989689138e+20,3.363001304522097e+20,2.5482967479793463e+21,1.0,Q_max
2.7384196342643614e+21,2048,power,0.5,B7_semi_synthetic_diagnostic_only,False,True,4.4867200000000005e+18,2.2222328771261006,9.124418269834678e-07,1e-06,15,4.966592223883094,74.98129644069401,1.0,2.2222337895679276,attachment_B7_native_val_loss,2.2344091430341438e+21,1.5253566416446423e+20,3.514748270657532e+20,2.7384196342643614e+21,1.0,Q_max
2.9427271762092816e+21,2048,power,0.5,B7_semi_synthetic_diagnostic_only,False,True,4.4867200000000005e+18,2.214427268111101,8.756167217960353e-07,1e-06,15,5.128627775484631,78.34746780305132,1.0,2.214428143727823,attachment_B7_native_val_loss,2.4108899970817007e+21,1.6458342380077747e+20,3.67253755326803e+20,2.942727176209281e+21,0.9999999999999998,Q_max
3.1622776601683794e+21,2048,power,0.5,B7_semi_synthetic_diagnostic_only,False,True,4.4867200000000005e+18,2.206723425345632,8.401505562360967e-07,1e-06,15,5.296575156441339,81.84704989093674,1.0,2.206724265496188,attachment_B7_native_val_loss,2.601054306482102e+21,1.775653073225115e+20,3.83658046363766e+20,3.16227766016838e+21,1.0000000000000002,Q_max
3.3982083289425594e+21,2048,power,0.5,B7_semi_synthetic_diagnostic_only,False,True,4.4867200000000005e+18,2.199119532519502,8.0600043705914e-07,1e-06,15,5.47065969834526,85.48469959262144,1.0,2.199120338519939,attachment_B7_native_val_loss,2.8059462053190335e+21,1.915525942831127e+20,4.00709529340413e+20,3.3982083289425594e+21,1.0,Q_max
3.651741272548377e+21,2048,power,0.5,B7_semi_synthetic_diagnostic_only,False,True,4.4867200000000005e+18,2.191613816209658,7.731244640041268e-07,1e-06,15,5.651115282882971,89.26522828934813,1.0,2.191614589334122,attachment_B7_native_val_loss,3.026688574895835e+21,2.0662194004622236e+20,4.184307576063193e+20,3.651741272548377e+21,1.0,Q_max
3.924189758484536e+21,2048,power,0.5,B7_semi_synthetic_diagnostic_only,False,True,4.4867200000000005e+18,2.1842045448749228,7.414817209117075e-07,1e-06,15,5.8381846600520095,93.19360766172606,1.0,2.1842052863566437,attachment_B7_native_val_loss,3.264488943993567e+21,2.2285577857662753e+20,4.368450359143409e+20,3.924189758484536e+21,1.0,Q_max
4.2169650342858226e+21,2048,power,0.5,B7_semi_synthetic_diagnostic_only,False,True,4.4867200000000005e+18,2.1768900278662437,7.110322655101697e-07,1e-06,15,6.032119778307248,97.27497572993656,1.0,2.1768907388985093,attachment_B7_native_val_loss,3.5206458302094466e+21,2.4034275534229822e+20,4.559764487340776e+20,4.2169650342858226e+21,1.0,Q_max
4.5315836376008176e+21,2048,power,0.5,B7_semi_synthetic_diagnostic_only,False,True,4.4867200000000005e+18,2.169668614452394,6.817371205336542e-07,1e-06,15,6.233182127101294,101.51464313403152,1.0,2.1696692961895145,attachment_B7_native_val_loss,3.796555555332668e+21,2.5917819257737678e+20,4.758498896907727e+20,4.531583637600817e+21,0.9999999999999999,Q_max
4.869675251658631e+21,2048,power,0.5,B7_semi_synthetic_diagnostic_only,False,True,4.4867200000000005e+18,2.1625386928610943,6.53558266172638e-07,1e-06,15,6.441643092300513,105.91809966073417,1.0,2.1625393464193605,attachment_B7_native_val_loss,4.0937195701749935e+21,2.794645893239462e+20,4.964910921596914e+20,4.869675251658632e+21,1.0000000000000002,Q_max
5.232991146814947e+21,2048,power,0.5,B7_semi_synthetic_diagnostic_only,False,True,4.4867200000000005e+18,2.1554986893355297,6.264586263071692e-07,1e-06,15,6.657784324975919,110.49102102330608,1.0,2.155499315794156,attachment_B7_native_val_loss,4.4137523269173117e+21,3.013121588508885e+20,5.179266610467472e+20,5.232991146814947e+21,1.0,Q_max
5.623413251903491e+21,2048,power,0.5,B7_semi_synthetic_diagnostic_only,False,True,4.4867200000000005e+18,2.148547067206255,6.00402062733707e-07,1e-06,15,6.881898124087364,115.23927590121289,1.0,2.1485476676083177,attachment_B7_native_val_loss,4.75838973987446e+21,3.248394062420964e+20,5.401841057869354e+20,5.623413251903491e+21,1.0,Q_max
6.042963902381328e+21,2048,power,0.5,B7_semi_synthetic_diagnostic_only,False,True,4.4867200000000005e+18,2.1416823259784823,5.75353362730624e-07,1e-06,15,7.114287833598233,120.16893324652798,1.0,2.141682901331845,attachment_B7_native_val_loss,5.129498278633513e+21,3.5017374915471455e+20,5.6329187459309994e+20,6.042963902381328e+21,1.0,Q_max
6.493816315762113e+21,2048,power,0.5,B7_semi_synthetic_diagnostic_only,False,True,4.4867200000000005e+18,2.1349030004347656,5.512782306205111e-07,1e-06,15,7.3552682545767905,125.28626986425506,1.0,2.134903551712996,attachment_B7_native_val_loss,5.529084740801376e+21,3.774521849720406e+20,5.8727938998869564e+20,6.493816315762112e+21,0.9999999999999999,Q_max
6.978305848598664e+21,2048,power,0.5,B7_semi_synthetic_diagnostic_only,False,True,4.4867200000000005e+18,2.128207659753097,5.281432713388767e-07,1e-06,15,7.60516607286398,130.59777827395752,1.0,2.128208187896368,attachment_B7_native_val_loss,5.959306755123086e+21,4.068220078164026e+20,6.121770856591758e+20,6.978305848598665e+21,1.0000000000000002,Q_max
7.498942093324559e+21,2048,power,0.5,B7_semi_synthetic_diagnostic_only,False,True,4.4867200000000005e+18,2.12159490664042,5.059159868814334e-07,1e-06,15,7.8643203029035025,136.11017486044196,1.0,2.121595412556407,attachment_B7_native_val_loss,6.422484069520317e+21,4.384415791459203e+20,6.380164446583217e+20,7.498942093324559e+21,1.0,Q_max
8.058421877614818e+21,2048,power,0.5,B7_semi_synthetic_diagnostic_only,False,True,4.4867200000000005e+18,2.115062891956521,9.69089840818782e-07,1e-06,14,8.13308274835768,141.8304083214641,1.0,2.115063861046362,attachment_B7_native_val_loss,6.92111068267095e+21,4.724811559370036e+20,6.648300390068629e+20,8.058421877614817e+21,0.9999999999999999,Q_max
8.659643233600654e+21,2048,power,0.5,B7_semi_synthetic_diagnostic_only,False,True,4.4867200000000005e+18,2.10861127248395,9.280787582888195e-07,1e-06,14,8.411818480150384,147.7656684208351,1.0,2.108612200562708,attachment_B7_native_val_loss,7.457867882124928e+21,5.091237807530618e+20,6.926515707226646e+20,8.659643233600654e+21,1.0,Q_max
9.30572040929699e+21,2048,power,0.5,B7_semi_synthetic_diagnostic_only,False,True,4.4867200000000005e+18,2.102238240626567,8.886984934619591e-07,1e-06,14,8.700906332605655,153.92339505560756,1.0,2.1022391293250604,attachment_B7_native_val_loss,8.035638256652986e+21,5.485662383208439e+20,7.215159143231603e+20,9.30572040929699e+21,1.0,Q_max
1e+22,2048,power,0.5,B7_semi_synthetic_diagnostic_only,False,True,4.4867200000000005e+18,2.095942524880634,8.508909581372848e-07,1e-06,14,9.000739418372074,160.3112876464543,1.0,2.095943375771592,attachment_B7_native_val_loss,8.657520755576553e+21,5.910200835806926e+20,7.514591608427546e+20,1e+22,1.0,Q_max
1.0746078283213176e+22,2048,power,0.5,B7_semi_synthetic_diagnostic_only,False,True,4.4867200000000005e+18,2.0897228831702446,8.145997298925067e-07,1e-06,14,9.31172566285036,166.93731486072932,1.0,2.0897236977699745,attachment_B7_native_val_loss,9.326846873255905e+21,6.36712746547603e+20,7.825186634096686e+20,1.0746078283213176e+22,1.0,Q_max
1.154781984689458e+22,2048,power,0.5,B7_semi_synthetic_diagnostic_only,False,True,4.4867200000000005e+18,2.08357810207382,7.79770024106341e-07,1e-06,14,9.634288358866897,173.80972467815252,1.0,2.0835788818438443,attachment_B7_native_val_loss,1.0047198042747512e+22,6.8588871971823e+20,8.1473308442884e+20,1.1547819846894583e+22,1.0000000000000002,Q_max
1.2409377607517196e+22,2048,power,0.5,B7_semi_synthetic_diagnostic_only,False,True,4.4867200000000005e+18,2.077506996066132,7.463486686454246e-07,1e-06,14,9.968866742362447,180.93705480953238,1.0,2.0775077424148005,attachment_B7_native_val_loss,1.0822424328910552e+22,7.388108341869604e+20,8.48142444419683e+20,1.2409377607517196e+22,1.0,Q_max
1.3335214321633241e+22,2048,power,0.5,B7_semi_synthetic_diagnostic_only,False,True,4.4867200000000005e+18,2.071508406775852,7.142840772189629e-07,1e-06,14,10.315916589895647,188.3281434793871,1.0,2.071509121059929,attachment_B7_native_val_loss,1.1656664517979543e+22,7.9576163109407e+20,8.82788172559627e+20,1.3335214321633241e+22,1.0,Q_max
1.4330125702369628e+22,2048,power,0.5,B7_semi_synthetic_diagnostic_only,False,True,4.4867200000000005e+18,2.0655812022586084,6.835262200688419e-07,1e-06,14,10.675910838787331,195.9921405838805,1.0,2.0655818857848285,attachment_B7_native_val_loss,1.2554367707859483e+22,8.570448355232074e+20,9.187131589869399e+20,1.433012570236963e+22,1.0000000000000002,Q_max
1.539926526059492e+22,2048,power,0.5,B7_semi_synthetic_diagnostic_only,False,True,4.4867200000000005e+18,2.059724276285533,6.540265968801862e-07,1e-06,14,11.049340230764287,203.93851923598095,1.0,2.0597249303121297,attachment_B7_native_val_loss,1.3520316511179724e+22,9.229869404965357e+20,9.559618089186608e+20,1.539926526059492e+22,1.0,Q_max
1.6548170999431814e+22,2048,power,0.5,B7_semi_synthetic_diagnostic_only,False,True,4.4867200000000005e+18,2.053936547647249,6.25738207027382e-07,1e-06,14,11.436713979991811,212.17708771031567,1.0,2.053937173385456,attachment_B7_native_val_loss,1.4559651991503097e+22,9.939389092866114e+20,9.945800986421047e+20,1.6548170999431812e+22,0.9999999999999999,Q_max
1.7782794100389228e+22,2048,power,0.5,B7_semi_synthetic_diagnostic_only,False,True,4.4867200000000005e+18,2.0482169594732733,5.986155224846357e-07,1e-06,14,11.838560466416904,220.71800180076963,1.0,2.048217558088796,attachment_B7_native_val_loss,1.5677900462070759e+22,1.0702780048773639e+21,1.0346156334411076e+21,1.7782794100389232e+22,1.0000000000000002,Q_max
1.9109529749704407e+22,2048,power,0.5,B7_semi_synthetic_diagnostic_only,False,True,4.4867200000000005e+18,2.0425772027016476,5.81595574811189e-07,1e-06,14,11.97,234.7307829581357,1.0,2.0425777842972224,attachment_B7_native_val_loss,1.6858364832053306e+22,1.1508643725348391e+21,1.1003005451162612e+21,1.9109529749704407e+22,1.0,N_max;Q_max
2.053525026457146e+22,2048,power,0.5,B7_semi_synthetic_diagnostic_only,False,True,4.4867200000000005e+18,2.037054943950527,5.691931375118031e-07,1e-06,14,11.97,252.2435369148047,1.0,2.0370555131436645,attachment_B7_native_val_loss,1.8116130821221273e+22,1.236727864062039e+21,1.182391579288147e+21,2.0535250264571456e+22,0.9999999999999998,N_max;Q_max
2.20673406908459e+22,2048,power,0.5,B7_semi_synthetic_diagnostic_only,False,True,4.4867200000000005e+18,2.0316504501373114,5.570551886435737e-07,1e-06,14,11.97,271.0628794121064,1.0,2.0316510071925,attachment_B7_native_val_loss,1.946773599937748e+22,1.3289974442241693e+21,1.2706072472442487e+21,2.20673406908459e+22,1.0,N_max;Q_max
2.371373705661655e+22,2048,power,0.5,B7_semi_synthetic_diagnostic_only,False,True,4.4867200000000005e+18,2.026361209865628,5.451760878294465e-07,1e-06,14,11.97,291.2862921835668,1.0,2.026361755041716,attachment_B7_native_val_loss,2.0920181504623765e+22,1.428151057382316e+21,1.3654044946104692e+21,2.371373705661655e+22,1.0,N_max;Q_max
2.5482967479793465e+22,2048,power,0.5,B7_semi_synthetic_diagnostic_only,False,True,4.4867200000000005e+18,2.0211847652958914,5.33550315040543e-07,1e-06,14,11.97,313.01852986315146,1.0,2.0211852988462065,attachment_B7_native_val_loss,2.248099081477154e+22,1.5347023062884037e+21,1.4672743587335223e+21,2.5482967479793465e+22,1.0,N_max;Q_max
2.7384196342643614e+22,2048,power,0.5,B7_semi_synthetic_diagnostic_only,False,True,4.4867200000000005e+18,2.0161187110031773,5.221724674875361e-07,1e-06,14,11.97,336.37216260057266,1.0,2.016119233175645,attachment_B7_native_val_loss,2.4158248717973128e+22,1.649203112480299e+21,1.5767445121901844e+21,2.738419634264361e+22,0.9999999999999999,N_max;Q_max
2.942727176209282e+22,2048,power,0.5,B7_semi_synthetic_diagnostic_only,False,True,4.4867200000000005e+18,2.0111606928594554,5.110372574002042e-07,1e-06,14,11.97,361.4681591599465,1.0,2.011161203896713,attachment_B7_native_val_loss,2.5960643190867358e+22,1.7722465751632115e+21,1.694381996062249e+21,2.942727176209282e+22,1.0,N_max;Q_max
3.1622776601683792e+22,2048,power,0.5,B7_semi_synthetic_diagnostic_only,False,True,4.4867200000000005e+18,2.0063084069396555,5.00139512027431e-07,1e-06,14,11.97,388.43651352217444,1.0,2.0063089070791675,attachment_B7_native_val_loss,2.7897510401162567e+22,1.9044700433860314e+21,1.8207961571351926e+21,3.1622776601683792e+22,1.0,N_max;Q_max
3.3982083289425593e+22,2048,power,0.5,B7_semi_synthetic_diagnostic_only,False,True,4.4867200000000005e+18,2.001559109039156,9.788860770854058e-07,1e-06,13,11.97,417.41691823676797,1.0,2.001560087925233,attachment_B7_native_val_loss,2.9978883067764676e+22,2.0465584174260685e+21,1.9566418042348498e+21,3.3982083289425597e+22,1.0000000000000002,N_max;Q_max
3.651741272548377e+22,2048,power,0.5,B7_semi_synthetic_diagnostic_only,False,True,4.4867200000000005e+18,1.9969115817106051,9.580112207974167e-07,1e-06,13,11.97,448.55948801099015,1.0,1.996912539721826,attachment_B7_native_val_loss,3.2215542428949314e+22,2.1992476964829397e+21,2.1026226000515165e+21,3.6517412725483773e+22,1.0000000000000002,N_max;Q_max
3.924189758484536e+22,2048,power,0.5,B7_semi_synthetic_diagnostic_only,False,True,4.4867200000000005e+18,1.992363165233597,9.375815313017455e-07,1e-06,13,11.97,482.0255372844122,1.0,1.9923641028151282,attachment_B7_native_val_loss,3.4619074087766488e+22,2.363328791058192e+21,2.2594947060206823e+21,3.924189758484536e+22,1.0,N_max;Q_max
4.2169650342858225e+22,2048,power,0.5,B7_semi_synthetic_diagnostic_only,False,True,4.4867200000000005e+18,1.9879117460195066,9.17587515303353e-07,1e-06,13,11.97,517.9884158166185,1.0,1.987912663607022,attachment_B7_native_val_loss,3.720192802394954e+22,2.5396516197682884e+21,2.428070699140399e+21,4.2169650342858225e+22,1.0,N_max;Q_max
4.531583637600818e+22,2048,power,0.5,B7_semi_synthetic_diagnostic_only,False,True,4.4867200000000005e+18,1.983555255553048,8.980198813457463e-07,1e-06,13,11.97,556.634406616296,1.0,1.9835561535729294,attachment_B7_native_val_loss,3.997748308318238e+22,2.7291295118119173e+21,2.6092237810138874e+21,4.531583637600818e+22,1.0,N_max;Q_max
4.869675251658631e+22,2048,power,0.5,B7_semi_synthetic_diagnostic_only,False,True,4.4867200000000005e+18,1.9792916694310594,8.788695373684874e-07,1e-06,13,11.97,598.163690862863,1.0,1.9792925483005968,attachment_B7_native_val_loss,4.2960116277770816e+22,2.932743937895821e+21,2.80389230091967e+21,4.86967525165863e+22,0.9999999999999998,N_max;Q_max
5.2329911468149466e+22,2048,power,0.5,B7_semi_synthetic_diagnostic_only,False,True,4.4867200000000005e+18,1.979112958094279,1.9791057681572966e-11,1e-06,0,11.97,600.0,1.0,1.97911295811407,attachment_B7_native_val_loss,4.3092e+22,2.9417472e+21,2.8125e+21,4.88462472e+22,0.9334288140298156,N_max;D_max;Q_max
5.623413251903491e+22,2048,power,0.5,B7_semi_synthetic_diagnostic_only,False,True,4.4867200000000005e+18,1.979112958094279,1.9791057681572966e-11,1e-06,0,11.97,600.0,1.0,1.97911295811407,attachment_B7_native_val_loss,4.3092e+22,2.9417472e+21,2.8125e+21,4.88462472e+22,0.8686227565343139,N_max;D_max;Q_max
6.042963902381329e+22,2048,power,0.5,B7_semi_synthetic_diagnostic_only,False,True,4.4867200000000005e+18,1.979112958094279,1.9791057681572966e-11,1e-06,0,11.97,600.0,1.0,1.97911295811407,attachment_B7_native_val_loss,4.3092e+22,2.9417472e+21,2.8125e+21,4.88462472e+22,0.8083160513461174,N_max;D_max;Q_max
6.493816315762113e+22,2048,power,0.5,B7_semi_synthetic_diagnostic_only,False,True,4.4867200000000005e+18,1.979112958094279,1.9791057681572966e-11,1e-06,0,11.97,600.0,1.0,1.97911295811407,attachment_B7_native_val_loss,4.3092e+22,2.9417472e+21,2.8125e+21,4.88462472e+22,0.7521963176173918,N_max;D_max;Q_max
6.978305848598663e+22,2048,power,0.5,B7_semi_synthetic_diagnostic_only,False,True,4.4867200000000005e+18,1.979112958094279,1.9791057681572966e-11,1e-06,0,11.97,600.0,1.0,1.97911295811407,attachment_B7_native_val_loss,4.3092e+22,2.9417472e+21,2.8125e+21,4.88462472e+22,0.6999728624650204,N_max;D_max;Q_max
7.498942093324558e+22,2048,power,0.5,B7_semi_synthetic_diagnostic_only,False,True,4.4867200000000005e+18,1.979112958094279,1.9791057681572966e-11,1e-06,0,11.97,600.0,1.0,1.97911295811407,attachment_B7_native_val_loss,4.3092e+22,2.9417472e+21,2.8125e+21,4.88462472e+22,0.6513751752194776,N_max;D_max;Q_max
8.058421877614818e+22,2048,power,0.5,B7_semi_synthetic_diagnostic_only,False,True,4.4867200000000005e+18,1.979112958094279,1.9791057681572966e-11,1e-06,0,11.97,600.0,1.0,1.97911295811407,attachment_B7_native_val_loss,4.3092e+22,2.9417472e+21,2.8125e+21,4.88462472e+22,0.6061515262149295,N_max;D_max;Q_max
8.659643233600654e+22,2048,power,0.5,B7_semi_synthetic_diagnostic_only,False,True,4.4867200000000005e+18,1.979112958094279,1.9791057681572966e-11,1e-06,0,11.97,600.0,1.0,1.97911295811407,attachment_B7_native_val_loss,4.3092e+22,2.9417472e+21,2.8125e+21,4.88462472e+22,0.5640676628624789,N_max;D_max;Q_max
9.30572040929699e+22,2048,power,0.5,B7_semi_synthetic_diagnostic_only,False,True,4.4867200000000005e+18,1.979112958094279,1.9791057681572966e-11,1e-06,0,11.97,600.0,1.0,1.97911295811407,attachment_B7_native_val_loss,4.3092e+22,2.9417472e+21,2.8125e+21,4.88462472e+22,0.5249055962523824,N_max;D_max;Q_max
1.0000000000000001e+23,2048,power,0.5,B7_semi_synthetic_diagnostic_only,False,True,4.4867200000000005e+18,1.979112958094279,1.9791057681572966e-11,1e-06,0,11.97,600.0,1.0,1.97911295811407,attachment_B7_native_val_loss,4.3092e+22,2.9417472e+21,2.8125e+21,4.88462472e+22,0.488462472,N_max;D_max;Q_max
1.0746078283213175e+23,2048,power,0.5,B7_semi_synthetic_diagnostic_only,False,True,4.4867200000000005e+18,1.979112958094279,1.9791057681572966e-11,1e-06,0,11.97,600.0,1.0,1.97911295811407,attachment_B7_native_val_loss,4.3092e+22,2.9417472e+21,2.8125e+21,4.88462472e+22,0.454549519486606,N_max;D_max;Q_max
1.1547819846894582e+23,2048,power,0.5,B7_semi_synthetic_diagnostic_only,False,True,4.4867200000000005e+18,1.979112958094279,1.9791057681572966e-11,1e-06,0,11.97,600.0,1.0,1.97911295811407,attachment_B7_native_val_loss,4.3092e+22,2.9417472e+21,2.8125e+21,4.88462472e+22,0.4229910740522649,N_max;D_max;Q_max
1.2409377607517195e+23,2048,power,0.5,B7_semi_synthetic_diagnostic_only,False,True,4.4867200000000005e+18,1.979112958094279,1.9791057681572966e-11,1e-06,0,11.97,600.0,1.0,1.97911295811407,attachment_B7_native_val_loss,4.3092e+22,2.9417472e+21,2.8125e+21,4.88462472e+22,0.3936236670758616,N_max;D_max;Q_max
1.3335214321633241e+23,2048,power,0.5,B7_semi_synthetic_diagnostic_only,False,True,4.4867200000000005e+18,1.979112958094279,1.9791057681572966e-11,1e-06,0,11.97,600.0,1.0,1.97911295811407,attachment_B7_native_val_loss,4.3092e+22,2.9417472e+21,2.8125e+21,4.88462472e+22,0.36629517922901683,N_max;D_max;Q_max
1.4330125702369627e+23,2048,power,0.5,B7_semi_synthetic_diagnostic_only,False,True,4.4867200000000005e+18,1.979112958094279,1.9791057681572966e-11,1e-06,0,11.97,600.0,1.0,1.97911295811407,attachment_B7_native_val_loss,4.3092e+22,2.9417472e+21,2.8125e+21,4.88462472e+22,0.3408640525178561,N_max;D_max;Q_max
1.539926526059492e+23,2048,power,0.5,B7_semi_synthetic_diagnostic_only,False,True,4.4867200000000005e+18,1.979112958094279,1.9791057681572966e-11,1e-06,0,11.97,600.0,1.0,1.97911295811407,attachment_B7_native_val_loss,4.3092e+22,2.9417472e+21,2.8125e+21,4.88462472e+22,0.31719855703110944,N_max;D_max;Q_max
1.6548170999431815e+23,2048,power,0.5,B7_semi_synthetic_diagnostic_only,False,True,4.4867200000000005e+18,1.979112958094279,1.9791057681572966e-11,1e-06,0,11.97,600.0,1.0,1.97911295811407,attachment_B7_native_val_loss,4.3092e+22,2.9417472e+21,2.8125e+21,4.88462472e+22,0.29517610859639504,N_max;D_max;Q_max
1.7782794100389228e+23,2048,power,0.5,B7_semi_synthetic_diagnostic_only,False,True,4.4867200000000005e+18,1.979112958094279,1.9791057681572966e-11,1e-06,0,11.97,600.0,1.0,1.97911295811407,attachment_B7_native_val_loss,4.3092e+22,2.9417472e+21,2.8125e+21,4.88462472e+22,0.2746826338102338,N_max;D_max;Q_max
1.9109529749704405e+23,2048,power,0.5,B7_semi_synthetic_diagnostic_only,False,True,4.4867200000000005e+18,1.979112958094279,1.9791057681572966e-11,1e-06,0,11.97,600.0,1.0,1.97911295811407,attachment_B7_native_val_loss,4.3092e+22,2.9417472e+21,2.8125e+21,4.88462472e+22,0.25561197915273437,N_max;D_max;Q_max
2.053525026457146e+23,2048,power,0.5,B7_semi_synthetic_diagnostic_only,False,True,4.4867200000000005e+18,1.979112958094279,1.9791057681572966e-11,1e-06,0,11.97,600.0,1.0,1.97911295811407,attachment_B7_native_val_loss,4.3092e+22,2.9417472e+21,2.8125e+21,4.88462472e+22,0.23786536112623974,N_max;D_max;Q_max
2.2067340690845896e+23,2048,power,0.5,B7_semi_synthetic_diagnostic_only,False,True,4.4867200000000005e+18,1.979112958094279,1.9791057681572966e-11,1e-06,0,11.97,600.0,1.0,1.97911295811407,attachment_B7_native_val_loss,4.3092e+22,2.9417472e+21,2.8125e+21,4.88462472e+22,0.22135085456972478,N_max;D_max;Q_max
2.371373705661655e+23,2048,power,0.5,B7_semi_synthetic_diagnostic_only,False,True,4.4867200000000005e+18,1.979112958094279,1.9791057681572966e-11,1e-06,0,11.97,600.0,1.0,1.97911295811407,attachment_B7_native_val_loss,4.3092e+22,2.9417472e+21,2.8125e+21,4.88462472e+22,0.20598291649848177,N_max;D_max;Q_max
2.5482967479793466e+23,2048,power,0.5,B7_semi_synthetic_diagnostic_only,False,True,4.4867200000000005e+18,1.979112958094279,1.9791057681572966e-11,1e-06,0,11.97,600.0,1.0,1.97911295811407,attachment_B7_native_val_loss,4.3092e+22,2.9417472e+21,2.8125e+21,4.88462472e+22,0.19168194300264393,N_max;D_max;Q_max
2.738419634264361e+23,2048,power,0.5,B7_semi_synthetic_diagnostic_only,False,True,4.4867200000000005e+18,1.979112958094279,1.9791057681572966e-11,1e-06,0,11.97,600.0,1.0,1.97911295811407,attachment_B7_native_val_loss,4.3092e+22,2.9417472e+21,2.8125e+21,4.88462472e+22,0.1783738569093406,N_max;D_max;Q_max
2.942727176209282e+23,2048,power,0.5,B7_semi_synthetic_diagnostic_only,False,True,4.4867200000000005e+18,1.979112958094279,1.9791057681572966e-11,1e-06,0,11.97,600.0,1.0,1.97911295811407,attachment_B7_native_val_loss,4.3092e+22,2.9417472e+21,2.8125e+21,4.88462472e+22,0.16598972407262716,N_max;D_max;Q_max
3.162277660168379e+23,2048,power,0.5,B7_semi_synthetic_diagnostic_only,False,True,4.4867200000000005e+18,1.979112958094279,1.9791057681572966e-11,1e-06,0,11.97,600.0,1.0,1.97911295811407,attachment_B7_native_val_loss,4.3092e+22,2.9417472e+21,2.8125e+21,4.88462472e+22,0.15446539630362224,N_max;D_max;Q_max
3.3982083289425596e+23,2048,power,0.5,B7_semi_synthetic_diagnostic_only,False,True,4.4867200000000005e+18,1.979112958094279,1.9791057681572966e-11,1e-06,0,11.97,600.0,1.0,1.97911295811407,attachment_B7_native_val_loss,4.3092e+22,2.9417472e+21,2.8125e+21,4.88462472e+22,0.14374117909127654,N_max;D_max;Q_max
3.651741272548377e+23,2048,power,0.5,B7_semi_synthetic_diagnostic_only,False,True,4.4867200000000005e+18,1.979112958094279,1.9791057681572966e-11,1e-06,0,11.97,600.0,1.0,1.97911295811407,attachment_B7_native_val_loss,4.3092e+22,2.9417472e+21,2.8125e+21,4.88462472e+22,0.1337615223926106,N_max;D_max;Q_max
3.924189758484536e+23,2048,power,0.5,B7_semi_synthetic_diagnostic_only,False,True,4.4867200000000005e+18,1.979112958094279,1.9791057681572966e-11,1e-06,0,11.97,600.0,1.0,1.97911295811407,attachment_B7_native_val_loss,4.3092e+22,2.9417472e+21,2.8125e+21,4.88462472e+22,0.12447473289075527,N_max;D_max;Q_max
4.2169650342858225e+23,2048,power,0.5,B7_semi_synthetic_diagnostic_only,False,True,4.4867200000000005e+18,1.979112958094279,1.9791057681572966e-11,1e-06,0,11.97,600.0,1.0,1.97911295811407,attachment_B7_native_val_loss,4.3092e+22,2.9417472e+21,2.8125e+21,4.88462472e+22,0.11583270623032925,N_max;D_max;Q_max
4.531583637600818e+23,2048,power,0.5,B7_semi_synthetic_diagnostic_only,False,True,4.4867200000000005e+18,1.979112958094279,1.9791057681572966e-11,1e-06,0,11.97,600.0,1.0,1.97911295811407,attachment_B7_native_val_loss,4.3092e+22,2.9417472e+21,2.8125e+21,4.88462472e+22,0.10779067784316775,N_max;D_max;Q_max
4.869675251658631e+23,2048,power,0.5,B7_semi_synthetic_diagnostic_only,False,True,4.4867200000000005e+18,1.979112958094279,1.9791057681572966e-11,1e-06,0,11.97,600.0,1.0,1.97911295811407,attachment_B7_native_val_loss,4.3092e+22,2.9417472e+21,2.8125e+21,4.88462472e+22,0.1003069910737123,N_max;D_max;Q_max
5.232991146814947e+23,2048,power,0.5,B7_semi_synthetic_diagnostic_only,False,True,4.4867200000000005e+18,1.979112958094279,1.9791057681572966e-11,1e-06,0,11.97,600.0,1.0,1.97911295811407,attachment_B7_native_val_loss,4.3092e+22,2.9417472e+21,2.8125e+21,4.88462472e+22,0.09334288140298155,N_max;D_max;Q_max
5.623413251903491e+23,2048,power,0.5,B7_semi_synthetic_diagnostic_only,False,True,4.4867200000000005e+18,1.979112958094279,1.9791057681572966e-11,1e-06,0,11.97,600.0,1.0,1.97911295811407,attachment_B7_native_val_loss,4.3092e+22,2.9417472e+21,2.8125e+21,4.88462472e+22,0.0868622756534314,N_max;D_max;Q_max
6.042963902381328e+23,2048,power,0.5,B7_semi_synthetic_diagnostic_only,False,True,4.4867200000000005e+18,1.979112958094279,1.9791057681572966e-11,1e-06,0,11.97,600.0,1.0,1.97911295811407,attachment_B7_native_val_loss,4.3092e+22,2.9417472e+21,2.8125e+21,4.88462472e+22,0.08083160513461175,N_max;D_max;Q_max
6.493816315762113e+23,2048,power,0.5,B7_semi_synthetic_diagnostic_only,False,True,4.4867200000000005e+18,1.979112958094279,1.9791057681572966e-11,1e-06,0,11.97,600.0,1.0,1.97911295811407,attachment_B7_native_val_loss,4.3092e+22,2.9417472e+21,2.8125e+21,4.88462472e+22,0.0752196317617392,N_max;D_max;Q_max
6.978305848598663e+23,2048,power,0.5,B7_semi_synthetic_diagnostic_only,False,True,4.4867200000000005e+18,1.979112958094279,1.9791057681572966e-11,1e-06,0,11.97,600.0,1.0,1.97911295811407,attachment_B7_native_val_loss,4.3092e+22,2.9417472e+21,2.8125e+21,4.88462472e+22,0.06999728624650205,N_max;D_max;Q_max
7.498942093324558e+23,2048,power,0.5,B7_semi_synthetic_diagnostic_only,False,True,4.4867200000000005e+18,1.979112958094279,1.9791057681572966e-11,1e-06,0,11.97,600.0,1.0,1.97911295811407,attachment_B7_native_val_loss,4.3092e+22,2.9417472e+21,2.8125e+21,4.88462472e+22,0.06513751752194775,N_max;D_max;Q_max
8.058421877614818e+23,2048,power,0.5,B7_semi_synthetic_diagnostic_only,False,True,4.4867200000000005e+18,1.979112958094279,1.9791057681572966e-11,1e-06,0,11.97,600.0,1.0,1.97911295811407,attachment_B7_native_val_loss,4.3092e+22,2.9417472e+21,2.8125e+21,4.88462472e+22,0.06061515262149295,N_max;D_max;Q_max
8.659643233600654e+23,2048,power,0.5,B7_semi_synthetic_diagnostic_only,False,True,4.4867200000000005e+18,1.979112958094279,1.9791057681572966e-11,1e-06,0,11.97,600.0,1.0,1.97911295811407,attachment_B7_native_val_loss,4.3092e+22,2.9417472e+21,2.8125e+21,4.88462472e+22,0.05640676628624789,N_max;D_max;Q_max
9.30572040929699e+23,2048,power,0.5,B7_semi_synthetic_diagnostic_only,False,True,4.4867200000000005e+18,1.979112958094279,1.9791057681572966e-11,1e-06,0,11.97,600.0,1.0,1.97911295811407,attachment_B7_native_val_loss,4.3092e+22,2.9417472e+21,2.8125e+21,4.88462472e+22,0.052490559625238235,N_max;D_max;Q_max
1e+24,2048,power,0.5,B7_semi_synthetic_diagnostic_only,False,True,4.4867200000000005e+18,1.979112958094279,1.9791057681572966e-11,1e-06,0,11.97,600.0,1.0,1.97911295811407,attachment_B7_native_val_loss,4.3092e+22,2.9417472e+21,2.8125e+21,4.88462472e+22,0.048846247200000005,N_max;D_max;Q_max
1e+19,2048,logarithmic,0.5,B7_semi_synthetic_diagnostic_only,False,True,4.4867200000000005e+18,3.2646830958444077,5.259992836847971e-07,1e-06,17,0.15601597603594608,10.0,0.5,3.2646836218436914,attachment_B7_native_val_loss,9.360958562156765e+18,6.390414378432351e+17,0.0,1e+19,1.0,D_min;Q0
1.0746078283213175e+19,2048,logarithmic,0.5,B7_semi_synthetic_diagnostic_only,False,True,4.4867200000000005e+18,3.2466181727535472,6.08973407256741e-07,1e-06,17,0.16765598919141872,10.000000000000002,0.5,3.2466187817269545,attachment_B7_native_val_loss,1.0059359351485125e+19,6.867189317280512e+17,0.0,1.0746078283213177e+19,1.0000000000000002,D_min;Q0
1.1547819846894582e+19,2048,logarithmic,0.5,B7_semi_synthetic_diagnostic_only,False,True,4.4867200000000005e+18,3.2289176599942655,7.016568015494329e-07,1e-06,26,0.18016443845005276,10.0,0.5,3.228918361651067,attachment_B7_native_val_loss,1.0809866307003165e+19,7.379535398914162e+17,0.0,1.1547819846894582e+19,1.0,D_min;Q0
1.2409377607517196e+19,2048,logarithmic,0.5,B7_semi_synthetic_diagnostic_only,False,True,4.4867200000000005e+18,3.2115742047254017,8.054850613170572e-07,1e-06,30,0.19360611594354088,10.0,0.5,3.211575010210463,attachment_B7_native_val_loss,1.1616366956612452e+19,7.930106509047436e+17,0.0,1.2409377607517196e+19,1.0,D_min;Q0
1.3335214321633241e+19,2048,logarithmic,0.5,B7_semi_synthetic_diagnostic_only,False,True,4.4867200000000005e+18,3.1945806021387644,9.221599124309421e-07,1e-06,32,0.2080506478038137,10.0,0.5,3.194581524298677,attachment_B7_native_val_loss,1.248303886822882e+19,8.521754534044209e+17,0.0,1.3335214321633241e+19,1.0,D_min;Q0
1.4330125702369628e+19,2048,logarithmic,0.5,B7_semi_synthetic_diagnostic_only,False,True,4.4867200000000005e+18,3.1779298994889285,9.466277908209975e-07,1e-06,42,0.2235728548172995,10.0,0.5,3.1779308461167193,attachment_B7_native_val_loss,1.341437128903797e+19,9.157544133316588e+17,0.0,1.4330125702369628e+19,1.0,D_min;Q0
1.539926526059492e+19,2048,logarithmic,0.5,B7_semi_synthetic_diagnostic_only,False,True,4.4867200000000005e+18,3.1616152689718766,7.91269931355032e-07,1e-06,47,0.24025313998681538,10.0,0.5,3.161616060241808,attachment_B7_native_val_loss,1.4415188399208923e+19,9.840768613859958e+17,0.0,1.539926526059492e+19,1.0,D_min;Q0
1.6548170999431815e+19,2048,logarithmic,0.5,B7_semi_synthetic_diagnostic_only,False,True,4.4867200000000005e+18,3.145629488193881,9.025613456614678e-07,1e-06,71,0.2581779050086092,10.0,0.5,3.1456303907552265,attachment_B7_native_val_loss,1.5490674300516553e+19,1.0574966989152634e+18,0.0,1.6548170999431815e+19,1.0,D_min;Q0
1.7782794100389229e+19,2048,logarithmic,0.5,B7_semi_synthetic_diagnostic_only,False,True,4.4867200000000005e+18,3.1299662969334827,9.014946420471404e-07,1e-06,118,0.2774399978218489,10.0,0.5,3.1299671984281248,attachment_B7_native_val_loss,1.6646399869310935e+19,1.1363942310782931e+18,0.0,1.7782794100389229e+19,1.0,D_min;Q0
1.9109529749704405e+19,2048,logarithmic,0.5,B7_semi_synthetic_diagnostic_only,False,True,4.4867200000000005e+18,3.114618980071434,9.978926547304923e-07,1e-06,484,0.29813919354880813,9.999999999999998,0.5,3.1146199779640886,attachment_B7_native_val_loss,1.7888351612928485e+19,1.2211781367759178e+18,0.0,1.9109529749704405e+19,1.0,D_min;Q0
2.053525026457146e+19,2048,logarithmic,0.5,B7_semi_synthetic_diagnostic_only,False,True,4.4867200000000005e+18,3.0977111727889906,9.99485853636628e-07,1e-06,4532,0.25959720784510915,10.000000000000002,0.629044692521044,3.097712172274844,attachment_B7_native_val_loss,1.5575832470706553e+19,1.0633101633335672e+18,3.8961076305313454e+18,2.0535250264571466e+19,1.0000000000000002,D_min
2.2067340690845897e+19,2048,logarithmic,0.5,B7_semi_synthetic_diagnostic_only,False,True,4.4867200000000005e+18,3.075336423119938,9.989092881745876e-07,1e-06,4143,0.22343467952190274,10.0,0.7838021530543235,3.075337422029226,attachment_B7_native_val_loss,1.3406080771314164e+19,9.151884473217137e+17,7.746071472210016e+18,2.2067340690845893e+19,0.9999999999999998,D_min
2.3713737056616554e+19,2048,logarithmic,0.5,B7_semi_synthetic_diagnostic_only,False,True,4.4867200000000005e+18,3.0465343950515753,9.999801475757408e-07,1e-06,3883,0.19536315422854247,10.0,0.9499697900695594,3.046535395031723,attachment_B7_native_val_loss,1.1721789253712548e+19,8.0020747972011e+17,1.1191740323183899e+19,2.3713737056616554e+19,1.0,D_min
2.5482967479793463e+19,2048,logarithmic,0.5,B7_semi_synthetic_diagnostic_only,False,True,4.4867200000000005e+18,3.013144629949477,8.770001738156452e-07,1e-06,102,0.20844126635651442,10.0,1.0,3.013145506949651,attachment_B7_native_val_loss,1.2506475981390866e+19,8.53775426996283e+17,1.2122716071406318e+19,2.5482967479793467e+19,1.0000000000000002,D_min;Q_max
2.7384196342643614e+19,2048,logarithmic,0.5,B7_semi_synthetic_diagnostic_only,False,True,4.4867200000000005e+18,2.9826374575167667,6.642439833726144e-07,1e-06,48,0.23810347402704224,10.0,1.0,2.98263812176075,attachment_B7_native_val_loss,1.4286208441622532e+19,9.752718296147649e+17,1.2122716071406318e+19,2.7384196342643614e+19,1.0,D_min;Q_max
2.942727176209282e+19,2048,logarithmic,0.5,B7_semi_synthetic_diagnostic_only,False,True,4.4867200000000005e+18,2.9548654011342994,8.703346319194338e-07,1e-06,32,0.269978714595084,10.0,1.0,2.9548662714689313,attachment_B7_native_val_loss,1.6198722875705039e+19,1.105832814981464e+18,1.2122716071406318e+19,2.942727176209282e+19,1.0,D_min;Q_max
3.162277660168379e+19,2048,logarithmic,0.5,B7_semi_synthetic_diagnostic_only,False,True,4.4867200000000005e+18,2.9293625841851934,8.987544832805838e-07,1e-06,30,0.3042320976391269,10.0,1.0,2.9293634829396766,attachment_B7_native_val_loss,1.8253925858347614e+19,1.246134671929864e+18,1.2122716071406318e+19,3.1622776601683796e+19,1.0000000000000002,D_min;Q_max
3.3982083289425592e+19,2048,logarithmic,0.5,B7_semi_synthetic_diagnostic_only,False,True,4.4867200000000005e+18,2.9057716720159683,6.448728355756828e-07,1e-06,17,0.3410410512047441,10.0,1.0,2.905772316888804,attachment_B7_native_val_loss,2.0462463072284647e+19,1.396904145734632e+18,1.2122716071406318e+19,3.3982083289425596e+19,1.0000000000000002,D_min;Q_max
3.651741272548377e+19,2048,logarithmic,0.5,B7_semi_synthetic_diagnostic_only,False,True,4.4867200000000005e+18,2.8838127060146754,5.601722516956897e-07,1e-06,17,0.3805962408586722,10.0,1.0,2.883813266186927,attachment_B7_native_val_loss,2.283577445152033e+19,1.5589222025571213e+18,1.2122716071406318e+19,3.651741272548377e+19,1.0,D_min;Q_max
3.924189758484536e+19,2048,logarithmic,0.5,B7_semi_synthetic_diagnostic_only,False,True,4.4867200000000005e+18,2.863262951216744,9.779986092084414e-07,1e-06,16,0.42310255731151775,10.0,1.0,2.863263929215353,attachment_B7_native_val_loss,2.5386153438691066e+19,1.7330280747479767e+18,1.2122716071406318e+19,3.924189758484536e+19,1.0,D_min;Q_max
4.216965034285823e+19,2048,logarithmic,0.5,B7_semi_synthetic_diagnostic_only,False,True,4.4867200000000005e+18,2.8439437972544943,8.574456762389104e-07,1e-06,16,0.46878017772484887,10.0,1.0,2.8439446547001705,attachment_B7_native_val_loss,2.8126810663490933e+19,1.920123607960981e+18,1.2122716071406318e+19,4.216965034285823e+19,1.0,D_min;Q_max
4.531583637600818e+19,2048,logarithmic,0.5,B7_semi_synthetic_diagnostic_only,False,True,4.4867200000000005e+18,2.825707642184162,7.545918552231967e-07,1e-06,16,0.517865706200104,10.0,1.0,2.825708396776017,attachment_B7_native_val_loss,3.1071942372006236e+19,2.121177932595626e+18,1.2122716071406318e+19,4.531583637600818e+19,1.0,D_min;Q_max
4.869675251658631e+19,2048,logarithmic,0.5,B7_semi_synthetic_diagnostic_only,False,True,4.4867200000000005e+18,2.80843272099476,6.662833551551728e-07,1e-06,16,0.5706133993569021,10.0,1.0,2.8084333872781153,attachment_B7_native_val_loss,3.4236803961414128e+19,2.337232483765871e+18,1.2122716071406318e+19,4.8696752516586316e+19,1.0000000000000002,D_min;Q_max
5.2329911468149465e+19,2048,logarithmic,0.5,B7_semi_synthetic_diagnostic_only,False,True,4.4867200000000005e+18,2.7920171501275908,5.90039963110911e-07,1e-06,16,0.627296483349088,10.0,1.0,2.792017740167554,attachment_B7_native_val_loss,3.763778900094529e+19,2.5694063957978644e+18,1.2122716071406318e+19,5.232991146814947e+19,1.0000000000000002,D_min;Q_max
5.6234132519034905e+19,2048,logarithmic,0.5,B7_semi_synthetic_diagnostic_only,False,True,4.4867200000000005e+18,2.7763748863370465,5.238874973834129e-07,1e-06,16,0.6882085691404859,10.0,1.0,2.776375410224544,attachment_B7_native_val_loss,4.129251414842915e+19,2.81890229919943e+18,1.2122716071406318e+19,5.62341325190349e+19,0.9999999999999999,D_min;Q_max
6.042963902381328e+19,2048,logarithmic,0.5,B7_semi_synthetic_diagnostic_only,False,True,4.4867200000000005e+18,2.761432187095086,9.324487750816957e-07,1e-06,15,0.7536651733713019,10.0,1.0,2.7614331195438613,attachment_B7_native_val_loss,4.521991040227811e+19,3.0870125501288525e+18,1.2122716071406318e+19,6.042963902381328e+19,1.0,D_min;Q_max
6.493816315762113e+19,2048,logarithmic,0.5,B7_semi_synthetic_diagnostic_only,False,True,4.4867200000000005e+18,2.7470540925065734,8.705358869320889e-07,1e-06,15,0.7951224342259997,10.293449198306673,1.0,2.7470549630424603,attachment_B7_native_val_loss,4.91073142988356e+19,3.352392656133844e+18,1.2478456202651677e+19,6.493816315762111e+19,0.9999999999999998,Q_max
6.978305848598663e+19,2048,logarithmic,0.5,B7_semi_synthetic_diagnostic_only,False,True,4.4867200000000005e+18,2.732911713246809,8.375357327672361e-07,1e-06,15,0.8194330106296404,10.794795679277982,1.0,2.7329125507825416,attachment_B7_native_val_loss,5.307367153561554e+19,3.623162643498021e+18,1.3086224306873068e+19,6.978305848598663e+19,1.0,Q_max
7.498942093324558e+19,2048,logarithmic,0.5,B7_semi_synthetic_diagnostic_only,False,True,4.4867200000000005e+18,2.718968867495776,8.056458158378632e-07,1e-06,15,0.8446018561885993,11.317737112801414,1.0,2.7189696731415918,attachment_B7_native_val_loss,5.735389063996004e+19,3.9153589343546045e+18,1.3720171358930944e+19,7.49894209332456e+19,1.0000000000000002,Q_max
8.058421877614818e+19,2048,logarithmic,0.5,B7_semi_synthetic_diagnostic_only,False,True,4.4867200000000005e+18,2.7052217156752447,7.748355432823928e-07,1e-06,15,0.8706616320382143,11.863068947827443,1.0,2.705222490510788,attachment_B7_native_val_loss,6.197231382658382e+19,4.230643290561456e+18,1.4381261659002898e+19,8.058421877614818e+19,1.0,Q_max
8.659643233600653e+19,2048,logarithmic,0.5,B7_semi_synthetic_diagnostic_only,False,True,4.4867200000000005e+18,2.691666506929688,7.450749119897182e-07,1e-06,15,0.8976462566742014,12.431611713716478,1.0,2.6916672520046,attachment_B7_native_val_loss,6.6955138315468505e+19,4.5708041090026496e+18,1.5070489911535378e+19,8.659643233600655e+19,1.0000000000000002,Q_max
9.30572040929699e+19,2048,logarithmic,0.5,B7_semi_synthetic_diagnostic_only,False,True,4.4867200000000005e+18,2.678299577264541,7.163344948324379e-07,1e-06,15,0.9255909529576252,13.024211844769647,1.0,2.678300293599036,attachment_B7_native_val_loss,7.233055591753396e+19,4.937765950636985e+18,1.5788882224798951e+19,9.305720409296991e+19,1.0000000000000002,Q_max
1e+20,2048,logarithmic,0.5,B7_semi_synthetic_diagnostic_only,False,True,4.4867200000000005e+18,2.6651173477132515,6.885854411109449e-07,1e-06,15,0.9545322968327286,13.641742543974084,1.0,2.6651180362986926,attachment_B7_native_val_loss,7.8128903059802e+19,5.333599782215816e+18,1.6537497157982194e+19,1e+20,1.0,Q_max
1.0746078283213175e+20,2048,logarithmic,0.5,B7_semi_synthetic_diagnostic_only,False,True,4.4867200000000005e+18,2.6521163225324043,6.617994667834637e-07,1e-06,15,0.9845082678232069,14.28510468765801,1.0,2.652116984331871,attachment_B7_native_val_loss,8.438282203031616e+19,5.76053398393625e+18,1.7317426817879345e+19,1.0746078283213175e+20,1.0,Q_max
1.1547819846894582e+20,2048,logarithmic,0.5,B7_semi_synthetic_diagnostic_only,False,True,4.4867200000000005e+18,2.639293087424209,6.359488553542292e-07,1e-06,15,1.0155583013754224,14.95522777274739,1.0,2.6392937233730644,attachment_B7_native_val_loss,9.112743428144328e+19,6.220966180279861e+18,1.812979800722269e+19,1.1547819846894584e+20,1.0000000000000002,Q_max
1.2409377607517195e+20,2048,logarithmic,0.5,B7_semi_synthetic_diagnostic_only,False,True,4.4867200000000005e+18,2.6266443077857544,6.11006442330364e-07,1e-06,15,1.0477233431198067,15.65307090831329,1.0,2.6266449187921967,attachment_B7_native_val_loss,9.840052669289636e+19,6.71747595556839e+18,1.8975773426707223e+19,1.2409377607517197e+20,1.0000000000000002,Q_max
1.333521432163324e+20,2048,logarithmic,0.5,B7_semi_synthetic_diagnostic_only,False,True,4.4867200000000005e+18,2.6141667269844038,5.86945624103663e-07,1e-06,15,1.0810459051246566,16.37962385309372,1.0,2.614167313930028,attachment_B7_native_val_loss,1.062427517632147e+20,7.25283852036879e+18,1.9856552932748947e+19,1.3335214321633244e+20,1.0000000000000002,Q_max
1.4330125702369627e+20,2048,logarithmic,0.5,B7_semi_synthetic_diagnostic_only,False,True,4.4867200000000005e+18,2.6018571646588495,5.637403419633813e-07,1e-06,15,1.1155701242197917,17.135908100664725,1.0,2.6018577283991915,attachment_B7_native_val_loss,1.146978427708649e+20,7.830039399824377e+18,2.0773374853006995e+19,1.4330125702369627e+20,1.0,Q_max
1.539926526059492e+20,2048,logarithmic,0.5,B7_semi_synthetic_diagnostic_only,False,True,4.4867200000000005e+18,2.5897125150453095,5.413650816521454e-07,1e-06,15,1.1513418224703624,17.92297801393345,1.0,2.589713056410391,attachment_B7_native_val_loss,1.2381284502395024e+20,8.45229022030167e+18,2.172751736169731e+19,1.539926526059492e+20,1.0,Q_max
1.6548170999431814e+20,2048,logarithmic,0.5,B7_semi_synthetic_diagnostic_only,False,True,4.4867200000000005e+18,2.5777297453284533,5.197948702573285e-07,1e-06,15,1.1884085698846487,18.741922010615713,1.0,2.5777302651233236,attachment_B7_native_val_loss,1.3363836440115266e+20,9.12304567645202e+18,2.2720299916713492e+19,1.6548170999431817e+20,1.0000000000000002,Q_max
1.778279410038923e+20,2048,logarithmic,0.5,B7_semi_synthetic_diagnostic_only,False,True,4.4867200000000005e+18,2.565905395028107,9.979938324633508e-07,1e-06,14,1.2268197494429036,19.593863801358065,1.0,2.5659063930219395,attachment_B7_native_val_loss,1.4422883447640287e+20,9.846021766922437e+18,2.375308476056699e+19,1.778279410038923e+20,1.0,Q_max
1.9109529749704406e+20,2048,logarithmic,0.5,B7_semi_synthetic_diagnostic_only,False,True,4.4867200000000005e+18,2.554237590385949,9.579277526761132e-07,1e-06,14,1.2666266245378917,20.479963682158846,1.0,2.554238548313702,attachment_B7_native_val_loss,1.5564280361634883e+20,1.0625215393542746e+19,2.4827278487152476e+19,1.9109529749704403e+20,0.9999999999999998,Q_max
2.053525026457146e+20,2048,logarithmic,0.5,B7_semi_synthetic_diagnostic_only,False,True,4.4867200000000005e+18,2.542722988024218,9.193283392328055e-07,1e-06,14,1.3078824089211016,21.401419882745916,1.0,2.542723907352557,attachment_B7_native_val_loss,1.6794324354346615e+20,1.1464925425900622e+19,2.594433367634786e+19,2.053525026457146e+20,1.0,Q_max
2.20673406908459e+20,2048,logarithmic,0.5,B7_semi_synthetic_diagnostic_only,False,True,4.4867200000000005e+18,2.5313588309354693,8.821498740374523e-07,1e-06,14,1.3506423392526914,22.359469972565307,1.0,2.5313597130853434,attachment_B7_native_val_loss,1.8119788096917553e+20,1.2369775340829049e+19,2.710575059845444e+19,2.2067340690845902e+20,1.0000000000000002,Q_max
2.3713737056616553e+20,2048,logarithmic,0.5,B7_semi_synthetic_diagnostic_only,False,True,4.4867200000000005e+18,2.5201424271737616,8.463476794950964e-07,1e-06,14,1.3949637503566938,23.355392326046022,1.0,2.520143273521441,attachment_B7_native_val_loss,1.9547955402115865e+20,1.3344737554511098e+19,2.8313078990495785e+19,2.3713737056616553e+20,1.0,Q_max
2.5482967479793464e+20,2048,logarithmic,0.5,B7_semi_synthetic_diagnostic_only,False,True,4.4867200000000005e+18,2.509071148347363,8.118781011923204e-07,1e-06,14,1.440906153286969,24.390507648816016,1.0,2.509071960225464,attachment_B7_native_val_loss,2.1086659531783124e+20,1.4395159573697282e+19,2.9567919906406064e+19,2.5482967479793458e+20,0.9999999999999998,Q_max
2.7384196342643612e+20,2048,logarithmic,0.5,B7_semi_synthetic_diagnostic_only,False,True,4.4867200000000005e+18,2.4981424281343583,7.786985061208895e-07,1e-06,14,1.4885313163139173,25.466180566552577,1.0,2.4981432068328644,attachment_B7_native_val_loss,2.2744324368131044e+20,1.5526792101977459e+19,3.0871927643148214e+19,2.7384196342643612e+20,1.0,Q_max
2.942727176209282e+20,2048,logarithmic,0.5,B7_semi_synthetic_diagnostic_only,False,True,4.4867200000000005e+18,2.4873537608210476,7.467672689109861e-07,1e-06,14,1.5379033489450555,26.583821278186903,1.0,2.4873545075883166,attachment_B7_native_val_loss,2.4530008662888278e+20,1.67458192471984e+19,3.222681174484696e+19,2.9427271762092815e+20,0.9999999999999999,Q_max
3.1622776601683794e+20,2048,logarithmic,0.5,B7_semi_synthetic_diagnostic_only,False,True,4.4867200000000005e+18,2.47670269986304,7.160437638376038e-07,1e-06,14,1.5890887890984424,27.74488727518567,1.0,2.4767034159068038,attachment_B7_native_val_loss,2.6453453594278547e+20,1.8058890987027489e+19,3.3634339087024992e+19,3.1622776601683794e+20,1.0,Q_max
3.3982083289425596e+20,2048,logarithmic,0.5,B7_semi_synthetic_diagnostic_only,False,True,4.4867200000000005e+18,2.4661868564689833,6.864883559387636e-07,1e-06,14,1.642156693550676,28.95088512869029,1.0,2.466187542957339,attachment_B7_native_val_loss,2.8525133878977292e+20,1.947315806138183e+19,3.5096336043101192e+19,3.3982083289425596e+20,1.0,Q_max
3.651741272548377e+20,2048,logarithmic,0.5,B7_semi_synthetic_diagnostic_only,False,True,4.4867200000000005e+18,2.455803898206892,6.580623876928371e-07,1e-06,14,1.6971787317871456,30.2033723463134,1.0,2.4558045562692796,attachment_B7_native_val_loss,3.075631270464667e+20,2.0996309473038795e+19,3.6614690735332258e+19,3.651741272548378e+20,1.0000000000000002,Q_max
3.924189758484536e+20,2048,logarithmic,0.5,B7_semi_synthetic_diagnostic_only,False,True,4.4867200000000005e+18,2.4455515476330394,6.307281750217442e-07,1e-06,14,1.754229283386184,31.503959300449246,1.0,2.4455521783612144,attachment_B7_native_val_loss,3.3159100768472754e+20,2.2636612791277396e+19,3.819135537244865e+19,3.924189758484536e+20,1.0,Q_max
4.216965034285823e+20,2048,logarithmic,0.5,B7_semi_synthetic_diagnostic_only,False,True,4.4867200000000005e+18,2.4354275809434225,6.044489908596518e-07,1e-06,14,1.8133855390739422,32.85431123000393,1.0,2.4354281853924133,attachment_B7_native_val_loss,3.574651972843425e+20,2.440295746794445e+19,3.982834867629537e+19,4.216965034285823e+20,1.0,Q_max
4.5315836376008176e+20,2048,logarithmic,0.5,B7_semi_synthetic_diagnostic_only,False,True,4.4867200000000005e+18,2.4254298266477936,5.791890589357251e-07,1e-06,14,1.8747276055916315,34.25615031751483,1.0,2.4254304058368525,attachment_B7_native_val_loss,3.853257039692495e+20,2.6304901390967435e+19,4.152775839986477e+19,4.531583637600817e+20,0.9999999999999999,Q_max
4.8696752516586314e+20,2048,logarithmic,0.5,B7_semi_synthetic_diagnostic_only,False,True,4.4867200000000005e+18,2.415556164266287,5.549135386750947e-07,1e-06,14,1.93833861452257,35.71125784368763,1.0,2.4155567191798255,attachment_B7_native_val_loss,4.153230603095505e+20,2.835272091713198e+19,4.329174393918069e+19,4.8696752516586314e+20,1.0,Q_max
5.232991146814947e+20,2048,logarithmic,0.5,B7_semi_synthetic_diagnostic_only,False,True,4.4867200000000005e+18,2.4058045230486544,5.315885163170719e-07,1e-06,14,2.0043048352309283,37.22147642146902,1.0,2.4058050546371708,attachment_B7_native_val_loss,4.476191109959061e+20,3.055746464398719e+19,4.512253904160137e+19,5.232991146814946e+20,0.9999999999999999,Q_max
5.6234132519034906e+20,2048,logarithmic,0.5,B7_semi_synthetic_diagnostic_only,False,True,4.4867200000000005e+18,2.396172880716146,5.091809933688296e-07,1e-06,14,2.072715792070732,38.788712311838964,1.0,2.3961733898971396,attachment_B7_native_val_loss,4.823878593770224e+20,3.293101120013806e+19,4.702245461318863e+19,5.6234132519034906e+20,1.0,Q_max
6.042963902381328e+20,2048,logarithmic,0.5,B7_semi_synthetic_diagnostic_only,False,True,4.4867200000000005e+18,2.3866587745749888,9.75309953243908e-07,1e-06,13,2.143664386028508,40.41493782361129,1.0,2.386659749884942,attachment_B7_native_val_loss,5.198163772561922e+20,3.548613135402272e+19,4.899388162791796e+19,6.042963902381329e+20,1.0000000000000002,Q_max
6.493816315762113e+20,2048,logarithmic,0.5,B7_semi_synthetic_diagnostic_only,False,True,4.4867200000000005e+18,2.377261271576541,9.339734510227515e-07,1e-06,13,2.2172470209697224,42.1021937996163,1.0,2.377262205549992,attachment_B7_native_val_loss,5.60105782670935e+20,3.823655476366916e+19,5.103929414160719e+19,6.493816315762113e+20,1.0,Q_max
6.978305848598663e+20,2048,logarithmic,0.5,B7_semi_synthetic_diagnostic_only,False,True,4.4867200000000005e+18,2.3679779783911754,8.94284716945748e-07,1e-06,13,2.293563734664761,43.85259219175362,1.0,2.3679788726758924,attachment_B7_native_val_loss,6.034722907322949e+20,4.1197041713991344e+19,5.316125241357988e+19,6.978305848598662e+20,0.9999999999999998,Q_max
7.498942093324558e+20,2048,logarithmic,0.5,B7_semi_synthetic_diagnostic_only,False,True,4.4867200000000005e+18,2.3588070545283504,8.561848203747502e-07,1e-06,13,2.372718334777062,45.668318727507796,1.0,2.3588079107131708,attachment_B7_native_val_loss,6.501483429792025e+20,4.438346021404688e+19,5.536240613920648e+19,7.498942093324558e+20,1.0,Q_max
8.058421877614818e+20,2048,logarithmic,0.5,B7_semi_synthetic_diagnostic_only,False,True,4.4867200000000005e+18,2.3497467020182556,8.19616531977374e-07,1e-06,13,2.454818540002555,47.55163567063974,1.0,2.3497475216347876,attachment_B7_native_val_loss,7.003838211103996e+20,4.781286885446994e+19,5.764549779661223e+19,8.058421877614817e+20,0.9999999999999999,Q_max
8.659643233600653e+20,2048,logarithmic,0.5,B7_semi_synthetic_diagnostic_only,False,True,4.4867200000000005e+18,2.3407951642901272,7.845242975257349e-07,1e-06,13,2.5399761265562386,49.50488467889707,1.0,2.3407959488144248,attachment_B7_native_val_loss,7.544473513939096e+20,5.150360585515757e+19,6.001336611099818e+19,8.659643233600655e+20,1.0000000000000002,Q_max
9.30572040929699e+20,2048,logarithmic,0.5,B7_semi_synthetic_diagnostic_only,False,True,4.4867200000000005e+18,2.3319507250733373,7.508542103629168e-07,1e-06,13,2.6283070802093222,51.53048976171041,1.0,2.3319514759275477,attachment_B7_native_val_loss,8.126277065241449e+20,5.5475384765381616e+19,6.246894964017254e+19,9.30572040929699e+20,1.0,Q_max
1e+21,2048,logarithmic,0.5,B7_semi_synthetic_diagnostic_only,False,True,4.4867200000000005e+18,2.323211707321242,7.185539812049058e-07,1e-06,13,2.719931754087531,53.63096034098656,1.0,2.3232124258752234,attachment_B7_native_val_loss,8.752353122019503e+20,5.974939731298647e+19,6.501529048506326e+19,1e+21,1.0,Q_max
1.0746078283213176e+21,2048,logarithmic,0.5,B7_semi_synthetic_diagnostic_only,False,True,4.4867200000000005e+18,2.314576472157761,6.875729101629702e-07,1e-06,13,2.814975032448838,55.80889441825486,1.0,2.3145771597306712,attachment_B7_native_val_loss,9.426038662557645e+20,6.434842393639353e+19,6.765553812915965e+19,1.0746078283213177e+21,1.0000000000000002,Q_max
1.1547819846894581e+21,2048,logarithmic,0.5,B7_semi_synthetic_diagnostic_only,False,True,4.4867200000000005e+18,2.3060434178466376,6.578618592101293e-07,1e-06,13,2.913566500667269,58.06698185156767,1.0,2.306044075708497,attachment_B7_native_val_loss,1.0150920787054909e+21,6.929695257296151e+19,7.0392953411005825e+19,1.1547819846894582e+21,1.0000000000000002,Q_max
1.2409377607517195e+21,2048,logarithmic,0.5,B7_semi_synthetic_diagnostic_only,False,True,4.4867200000000005e+18,2.297610978783326,6.293732193185519e-07,1e-06,13,3.0158406216573663,60.40800774571954,1.0,2.2976116081565454,attachment_B7_native_val_loss,1.0930855417976028e+21,7.462130632004968e+19,7.323091263406715e+19,1.2409377607517195e+21,1.0,Q_max
1.333521432163324e+21,2048,logarithmic,0.5,B7_semi_synthetic_diagnostic_only,False,True,4.4867200000000005e+18,2.2892776245094306,6.02060882037847e-07,1e-06,13,3.121936918982395,62.83485595951526,1.0,2.2892782265703127,attachment_B7_native_val_loss,1.17699873971371e+21,8.034978063112259e+19,7.617291181849166e+19,1.333521432163324e+21,1.0,Q_max
1.4330125702369627e+21,2048,logarithmic,0.5,B7_semi_synthetic_diagnostic_only,False,True,4.4867200000000005e+18,2.281041858749592,5.758802084088188e-07,1e-06,13,3.2320001668994864,65.35051273396411,1.0,2.2810424346298004,attachment_B7_native_val_loss,1.2672772083788342e+21,8.651279075866173e+19,7.922257109946699e+19,1.433012570236963e+21,1.0000000000000002,Q_max
1.539926526059492e+21,2048,logarithmic,0.5,B7_semi_synthetic_diagnostic_only,False,True,4.4867200000000005e+18,2.2729022184707257,5.507879983213115e-07,1e-06,13,3.346180587602401,67.9580704454859,1.0,2.272902769258724,attachment_B7_native_val_loss,1.364399856573608e+21,9.314303020875832e+19,8.238363927712545e+19,1.539926526059492e+21,1.0,Q_max
1.6548170999431815e+21,2048,logarithmic,0.5,B7_semi_synthetic_diagnostic_only,False,True,4.4867200000000005e+18,2.2648572729634675,5.267424620924999e-07,1e-06,13,3.464634055934102,70.66073148835963,1.0,2.2648577997059296,attachment_B7_native_val_loss,1.4688814603907157e+21,1.0027564102933951e+20,8.565999852312637e+19,1.6548170999431818e+21,1.0000000000000002,Q_max
1.7782794100389228e+21,2048,logarithmic,0.5,B7_semi_synthetic_diagnostic_only,False,True,4.4867200000000005e+18,2.2569056229456987,5.037031840515738e-07,1e-06,13,3.58752231184981,73.4618122908604,1.0,2.256906126648883,attachment_B7_native_val_loss,1.5812753439743056e+21,1.079483968153126e+20,8.905566924930474e+19,1.7782794100389228e+21,1.0,Q_max
1.9109529749704406e+21,2048,logarithmic,0.5,B7_semi_synthetic_diagnostic_only,False,True,4.4867200000000005e+18,2.2490454180495245,9.632695370243027e-07,1e-06,12,3.715013180923169,76.36474746969176,1.0,2.2490463813190615,attachment_B7_native_val_loss,1.7021762604466446e+21,1.1620189937982428e+20,9.257481514397172e+19,1.9109529749704406e+21,1.0,Q_max
2.053525026457146e+21,2048,logarithmic,0.5,B7_semi_synthetic_diagnostic_only,False,True,4.4867200000000005e+18,2.24127630366617,9.209829023859584e-07,1e-06,12,3.8472808031979246,79.37309412753709,1.0,2.2412772246490724,attachment_B7_native_val_loss,1.8322234879637722e+21,1.2507979011166016e+20,9.622174838171402e+19,2.0535250264571464e+21,1.0000000000000002,Q_max
2.20673406908459e+21,2048,logarithmic,0.5,B7_semi_synthetic_diagnostic_only,False,True,4.4867200000000005e+18,2.2335964659590353,8.804822568819759e-07,1e-06,12,3.9845058706987055,82.49053629875654,1.0,2.233597346441292,attachment_B7_native_val_loss,1.9721041569568805e+21,1.3462897711492306e+20,1.000009350127862e+20,2.20673406908459e+21,1.0,Q_max
2.3713737056616553e+21,2048,logarithmic,0.5,B7_semi_synthetic_diagnostic_only,False,True,4.4867200000000005e+18,2.2260046228606583,8.416971546409968e-07,1e-06,12,4.126875873927361,85.72088954844097,1.0,2.226005464557813,attachment_B7_native_val_loss,2.1225568258143182e+21,1.4489987930892414e+20,1.039170005384131e+20,2.3713737056616553e+21,1.0,Q_max
2.5482967479793463e+21,2048,logarithmic,0.5,B7_semi_synthetic_diagnostic_only,False,True,4.4867200000000005e+18,2.2184995195718806,8.045595909500491e-07,1e-06,12,4.274585357682236,89.06810573026969,1.0,2.2185003241314716,attachment_B7_native_val_loss,2.2843753235466245e+21,1.5594668875411623e+20,1.0797473567860575e+20,2.548296747979347e+21,1.0000000000000002,Q_max
2.7384196342643614e+21,2048,logarithmic,0.5,B7_semi_synthetic_diagnostic_only,False,True,4.4867200000000005e+18,2.211079927793761,7.690039374175228e-07,1e-06,12,4.427836186551071,92.53627790882547,1.0,2.2110806967976986,attachment_B7_native_val_loss,2.458412879360663e+21,1.678276525643546e+20,1.1217910233934399e+20,2.7384196342643614e+21,1.0,Q_max
2.9427271762092816e+21,2048,logarithmic,0.5,B7_semi_synthetic_diagnostic_only,False,True,4.4867200000000005e+18,2.2037446449800564,7.349668798006803e-07,1e-06,12,4.58683782044084,96.12964545225198,1.0,2.203745379946936,attachment_B7_native_val_loss,2.645586560555749e+21,1.8060537586727246e+20,1.1653523978626063e+20,2.942727176209282e+21,1.0000000000000002,Q_max
3.1622776601683794e+21,2048,logarithmic,0.5,B7_semi_synthetic_diagnostic_only,False,True,4.4867200000000005e+18,2.196492493609989,7.023873580536133e-07,1e-06,12,4.751807600522566,99.8525993013496,1.0,2.196493195997347,attachment_B7_native_val_loss,2.846882041752524e+21,1.9434714738363895e+20,1.2104847103221658e+20,3.1622776601683794e+21,1.0,Q_max
3.3982083289425594e+21,2048,logarithmic,0.5,B7_semi_synthetic_diagnostic_only,False,True,4.4867200000000005e+18,2.1893223204810113,6.71206501490218e-07,1e-06,12,4.922971045981182,103.70968742148204,1.0,2.1893229916875128,attachment_B7_native_val_loss,3.0633587301822895e+21,2.091252893137776e+20,1.2572430944649259e+20,3.3982083289425594e+21,1.0,Q_max
3.651741272548377e+21,2048,logarithmic,0.5,B7_semi_synthetic_diagnostic_only,False,True,4.4867200000000005e+18,2.18223299602126,6.413675728289547e-07,1e-06,12,5.100562161977988,107.7056204438549,1.0,2.182233637388833,attachment_B7_native_val_loss,3.296155273609735e+21,2.2501753334509122e+20,1.3056846559355086e+20,3.651741272548377e+21,1.0,Q_max
3.924189758484536e+21,2048,logarithmic,0.5,B7_semi_synthetic_diagnostic_only,False,True,4.4867200000000005e+18,2.1752234136213975,6.128158993590205e-07,1e-06,12,5.284823759245784,111.84527750303144,1.0,2.175224026437297,attachment_B7_native_val_loss,3.5464954794447507e+21,2.42107424730095e+20,1.3558685430968985e+20,3.924189758484536e+21,1.0,Q_max
4.2169650342858226e+21,2048,logarithmic,0.5,B7_semi_synthetic_diagnostic_only,False,True,4.4867200000000005e+18,2.1682924889854904,5.854988232023572e-07,1e-06,12,5.476007785754792,116.13371227776318,1.0,2.1682930744843136,attachment_B7_native_val_loss,3.8156946757298285e+21,2.6048475652982296e+20,1.4078560202617168e+20,4.216965034285823e+21,1.0000000000000002,Q_max
4.5315836376008176e+21,2048,logarithmic,0.5,B7_semi_synthetic_diagnostic_only,False,True,4.4867200000000005e+18,2.161439159500621,5.59365633368003e-07,1e-06,12,5.674375670902016,120.57615924251665,1.0,2.161439718866254,attachment_B7_native_val_loss,4.1051665469792626e+21,2.8024603627378432e+20,1.4617105434777038e+20,4.531583637600817e+21,0.9999999999999999,Q_max
4.869675251658631e+21,2048,logarithmic,0.5,B7_semi_synthetic_diagnostic_only,False,True,4.4867200000000005e+18,2.1546623836248555,5.343675142377435e-07,1e-06,12,5.8801986826961095,125.1780401373014,1.0,2.1546629179923698,attachment_B7_native_val_loss,4.4164304803070424e+21,3.0149498745562746e+20,1.5174978389596085e+20,4.869675251658631e+21,1.0,Q_max
5.232991146814947e+21,2048,logarithmic,0.5,B7_semi_synthetic_diagnostic_only,False,True,4.4867200000000005e+18,2.147961140293247,5.10457482061355e-07,1e-06,12,6.093758298424069,129.94497066375524,1.0,2.147961650750729,attachment_B7_native_val_loss,4.751119459924384e+21,3.243430884641713e+20,1.5752859842639282e+20,5.232991146814948e+21,1.0000000000000002,Q_max
5.623413251903491e+21,2048,logarithmic,0.5,B7_semi_synthetic_diagnostic_only,False,True,4.4867200000000005e+18,2.1413339407145795,9.752172380750324e-07,1e-06,11,6.315346589309142,134.88276741563644,1.0,2.1413349159318176,attachment_B7_native_val_loss,5.110988550929507e+21,3.489101517434543e+20,1.635145492305296e+20,5.623413251903491e+21,1.0,Q_max
6.042963902381328e+21,2048,logarithmic,0.5,B7_semi_synthetic_diagnostic_only,False,True,4.4867200000000005e+18,2.134780800190347,9.314790867520628e-07,1e-06,11,6.5452666196832965,139.99745505227514,1.0,2.1347817316694337,attachment_B7_native_val_loss,5.497924016365615e+21,3.753249461838926e+20,1.6971493983181993e+20,6.042963902381327e+21,0.9999999999999998,Q_max
6.493816315762113e+21,2048,logarithmic,0.5,B7_semi_synthetic_diagnostic_only,False,True,4.4867200000000005e+18,2.1283002452422712,8.896562375682038e-07,1e-06,11,6.783832861221651,145.29527372375514,1.0,2.128301134898509,attachment_B7_native_val_loss,5.913953114804428e+21,4.03725865970649e+20,1.7613733498703466e+20,6.493816315762112e+21,0.9999999999999999,Q_max
6.978305848598664e+21,2048,logarithmic,0.5,B7_semi_synthetic_diagnostic_only,False,True,4.4867200000000005e+18,2.1218913311611995,8.496682850633874e-07,1e-06,11,7.031371622804887,150.7826867569551,1.0,2.1218921808294846,attachment_B7_native_val_loss,6.361254629238793e+21,4.342616493560349e+20,1.8278957000383637e+20,6.978305848598664e+21,1.0,Q_max
7.498942093324559e+21,2048,logarithmic,0.5,B7_semi_synthetic_diagnostic_only,False,True,4.4867200000000005e+18,2.115553131000917,8.114379448365128e-07,1e-06,11,7.288221496596076,156.46638861192332,1.0,2.115553942438862,attachment_B7_native_val_loss,6.84217018185705e+21,4.670921510814413e+20,1.896797603860669e+20,7.498942093324558e+21,0.9999999999999999,Q_max
8.058421877614818e+21,2048,logarithmic,0.5,B7_semi_synthetic_diagnostic_only,False,True,4.4867200000000005e+18,2.109284735084594,7.748909540694626e-07,1e-06,11,7.554733820944135,162.35331311832329,1.0,2.109285509975548,attachment_B7_native_val_loss,7.359216393343979e+21,5.023891724522824e+20,1.9681631181855595e+20,8.058421877614818e+21,1.0,Q_max
8.659643233600654e+21,2048,logarithmic,0.5,B7_semi_synthetic_diagnostic_only,False,True,4.4867200000000005e+18,2.103085250526651,7.399559653897825e-07,1e-06,11,7.831273160743452,168.45064200215094,1.0,2.1030859904826165,attachment_B7_native_val_loss,7.91509794972869e+21,5.4033735336814517e+20,2.042079305038187e+20,8.659643233600653e+21,0.9999999999999999,Q_max
9.30572040929699e+21,2048,logarithmic,0.5,B7_semi_synthetic_diagnostic_only,False,True,4.4867200000000005e+18,2.0969538007696555,7.06564452723768e-07,1e-06,11,8.118217805909683,174.7658137131503,1.0,2.0969545073341083,attachment_B7_native_val_loss,8.512721644502348e+21,5.8113513093136037e+20,2.1186363386328095e+20,9.30572040929699e+21,1.0,Q_max
1e+22,2048,logarithmic,0.5,B7_semi_synthetic_diagnostic_only,False,True,4.4867200000000005e+18,2.0908895251358643,6.74650611820482e-07,1e-06,11,8.415960288651004,181.30653256383727,1.0,2.090890199786476,attachment_B7_native_val_loss,9.155211468781586e+21,6.249957696021564e+20,2.197927616162583e+20,1e+22,1.0,Q_max
1.0746078283213176e+22,2048,logarithmic,0.5,B7_semi_synthetic_diagnostic_only,False,True,4.4867200000000005e+18,2.0848915783930444,6.441512665489313e-07,1e-06,11,8.72490792024206,188.08077819138035,1.0,2.084892222544311,attachment_B7_native_val_loss,9.845924827723586e+21,6.721484682392636e+20,2.2800498725032532e+20,1.0746078283213176e+22,1.0,Q_max
1.154781984689458e+22,2048,logarithmic,0.5,B7_semi_synthetic_diagnostic_only,False,True,4.4867200000000005e+18,2.078959130334179,6.150057774156892e-07,1e-06,11,9.045483348036448,195.09681535394384,1.0,2.078959745339956,attachment_B7_native_val_loss,1.0588469967234244e+22,7.22839549763191e+20,2.3651032989714458e+20,1.1547819846894579e+22,0.9999999999999998,Q_max
1.2409377607517196e+22,2048,logarithmic,0.5,B7_semi_synthetic_diagnostic_only,False,True,4.4867200000000005e+18,2.0730913653706926,5.87155950970697e-07,1e-06,11,9.378125133475947,202.36320407362078,1.0,2.0730919525266436,attachment_B7_native_val_loss,1.1386724701281272e+22,7.773337396074681e+20,2.453191666284559e+20,1.2409377607517196e+22,1.0,Q_max
1.3335214321633241e+22,2048,logarithmic,0.5,B7_semi_synthetic_diagnostic_only,False,True,4.4867200000000005e+18,2.0672874821388194,5.605459523216894e-07,1e-06,11,9.723288351890723,209.88881013835484,1.0,2.0672880426847717,attachment_B7_native_val_loss,1.2244856536862814e+22,8.359155395831682e+20,2.5444224518725832e+20,1.3335214321633241e+22,1.0,Q_max
1.4330125702369628e+22,2048,logarithmic,0.5,B7_semi_synthetic_diagnostic_only,False,True,4.4867200000000005e+18,2.061546693118739,5.351222207572448e-07,1e-06,11,10.081445214906282,217.68281597586582,1.0,2.06154722824096,attachment_B7_native_val_loss,1.3167344300923304e+22,8.988907042763641e+20,2.6389069716996122e+20,1.433012570236963e+22,1.0000000000000002,Q_max
1.539926526059492e+22,2048,logarithmic,0.5,B7_semi_synthetic_diagnostic_only,False,True,4.4867200000000005e+18,2.055868224266122,5.108333862580139e-07,1e-06,11,10.453085716312483,225.75473191286468,1.0,2.055868735099508,attachment_B7_native_val_loss,1.4159001381289918e+22,9.665878276293917e+20,2.736760516756109e+20,1.539926526059492e+22,1.0,Q_max
1.6548170999431814e+22,2048,logarithmic,0.5,B7_semi_synthetic_diagnostic_only,False,True,4.4867200000000005e+18,2.050250826933142,9.753527629996483e-07,1e-06,10,10.83871830227416,234.11440783348303,1.0,2.050251802285905,attachment_B7_native_val_loss,1.5225000702065097e+22,1.039360047927644e+21,2.8381024943907376e+20,1.6548170999431816e+22,1.0000000000000002,Q_max
1.7782794100389228e+22,2048,logarithmic,0.5,B7_semi_synthetic_diagnostic_only,False,True,4.4867200000000005e+18,2.044694750584065,9.3101795828332e-07,1e-06,10,11.238870566802529,242.77204525119532,1.0,2.044695681602023,attachment_B7_native_val_loss,1.6370901562896664e+22,1.117586880027079e+21,2.943056574654847e+20,1.7782794100389228e+22,1.0,Q_max
1.9109529749704407e+22,2048,logarithmic,0.5,B7_semi_synthetic_diagnostic_only,False,True,4.4867200000000005e+18,2.039198748622975,8.886696782894887e-07,1e-06,10,11.654089973435859,251.73820980912876,1.0,2.0391996372926533,attachment_B7_native_val_loss,1.760267848120356e+22,1.2016761843168298e+21,3.05175084184018e+20,1.9109529749704407e+22,1.0,Q_max
2.053525026457146e+22,2048,logarithmic,0.5,B7_semi_synthetic_diagnostic_only,False,True,4.4867200000000005e+18,2.0337640974908364,8.538255666934447e-07,1e-06,10,11.97,263.4913952097236,1.0,2.033764951316403,attachment_B7_native_val_loss,1.8923952003962347e+22,1.2918751234704962e+21,3.194231371386189e+20,2.053525026457146e+22,1.0,N_max;Q_max
2.20673406908459e+22,2048,logarithmic,0.5,B7_semi_synthetic_diagnostic_only,False,True,4.4867200000000005e+18,2.028429782629106,8.356176883772548e-07,1e-06,10,11.97,283.14991598767506,1.0,2.0284306182467944,attachment_B7_native_val_loss,2.0335826966234823e+22,1.388259120894964e+21,3.4325460371611366e+20,2.2067340690845904e+22,1.0000000000000002,N_max;Q_max
2.371373705661655e+22,2048,logarithmic,0.5,B7_semi_synthetic_diagnostic_only,False,True,4.4867200000000005e+18,2.023209224707564,8.17798103014411e-07,1e-06,10,11.97,304.2751163088789,1.0,2.023210042505667,attachment_B7_native_val_loss,2.1853038853303684e+22,1.4918341190521982e+21,3.6886408426066726e+20,2.3713737056616547e+22,0.9999999999999998,N_max;Q_max
2.5482967479793465e+22,2048,logarithmic,0.5,B7_semi_synthetic_diagnostic_only,False,True,4.4867200000000005e+18,2.018099997802401,8.003585283411496e-07,1e-06,10,11.97,326.97642194890074,1.0,2.0181007981609294,attachment_B7_native_val_loss,2.348344662437005e+22,1.6031366228903288e+21,3.963842325330872e+20,2.548296747979347e+22,1.0000000000000002,N_max;Q_max
2.7384196342643614e+22,2048,logarithmic,0.5,B7_semi_synthetic_diagnostic_only,False,True,4.4867200000000005e+18,2.0130997277238456,7.832908615057477e-07,1e-06,10,11.97,351.371422702783,1.0,2.013100511014707,attachment_B7_native_val_loss,2.5235495578513875e+22,1.722743164826547e+21,4.2595759930319294e+20,2.7384196342643614e+22,1.0,N_max;Q_max
2.942727176209282e+22,2048,logarithmic,0.5,B7_semi_synthetic_diagnostic_only,False,True,4.4867200000000005e+18,2.008206090912917,7.665871715190065e-07,1e-06,10,11.97,377.58648148480927,1.0,2.0082068575000886,attachment_B7_native_val_loss,2.7118261100239003e+22,1.851273291109649e+21,4.577373707441661e+20,2.942727176209282e+22,1.0,N_max;Q_max
3.1622776601683792e+22,2048,logarithmic,0.5,B7_semi_synthetic_diagnostic_only,False,True,4.4867200000000005e+18,2.003416813361695,7.502396957015378e-07,1e-06,10,11.97,405.7573888718783,1.0,2.0034175636013907,attachment_B7_native_val_loss,2.91414956687783e+22,1.9893927709885984e+21,4.918881619168982e+20,3.1622776601683796e+22,1.0000000000000002,N_max;Q_max
3.3982083289425593e+22,2048,logarithmic,0.5,B7_semi_synthetic_diagnostic_only,False,True,4.4867200000000005e+18,1.998729669556617,7.342408383514964e-07,1e-06,10,11.97,436.0300664809374,1.0,1.9987304037974554,attachment_B7_native_val_loss,3.1315679374660925e+22,2.137817045310186e+21,5.285868694544825e+20,3.3982083289425593e+22,1.0,N_max;Q_max
3.651741272548377e+22,2048,logarithmic,0.5,B7_semi_synthetic_diagnostic_only,False,True,4.4867200000000005e+18,1.9941424814443158,7.185831643052865e-07,1e-06,10,11.97,468.56132282387983,1.0,1.9941432000274801,attachment_B7_native_val_loss,3.365207420521105e+22,2.2973149324090745e+21,5.680235878636451e+20,3.6517412725483773e+22,1.0000000000000002,N_max;Q_max
3.924189758484536e+22,2048,logarithmic,0.5,B7_semi_synthetic_diagnostic_only,False,True,4.4867200000000005e+18,1.9896531174195036,7.032593982714275e-07,1e-06,10,11.97,503.5196655551333,1.0,1.9896538206789018,attachment_B7_native_val_loss,3.6162782380169674e+22,2.4687126104862496e+21,6.104025941894348e+20,3.924189758484535e+22,0.9999999999999998,N_max;Q_max
4.2169650342858225e+22,2048,logarithmic,0.5,B7_semi_synthetic_diagnostic_only,False,True,4.4867200000000005e+18,1.9852594913344448,6.882624192794395e-07,1e-06,10,11.97,541.0861743192779,1.0,1.985260179596864,attachment_B7_native_val_loss,3.886080903961054e+22,2.6528978971040793e+21,6.55943406143607e+20,4.2169650342858225e+22,1.0,N_max;Q_max
4.531583637600818e+22,2048,logarithmic,0.5,B7_semi_synthetic_diagnostic_only,False,True,4.4867200000000005e+18,1.9809595615295505,6.735852584593971e-07,1e-06,10,11.97,581.4554387199291,1.0,1.980960235114809,attachment_B7_native_val_loss,4.176012960886531e+22,2.850824847965205e+21,7.048819191776695e+20,4.531583637600818e+22,1.0,N_max;Q_max
4.869675251658631e+22,2048,logarithmic,0.5,B7_semi_synthetic_diagnostic_only,False,True,4.4867200000000005e+18,1.979112958094279,1.9791057681572966e-11,1e-06,0,11.97,600.0,1.0,1.97911295811407,attachment_B7_native_val_loss,4.3092e+22,2.9417472e+21,7.27362964284379e+20,4.676111016428438e+22,0.9602510998727761,N_max;D_max;Q_max
5.2329911468149466e+22,2048,logarithmic,0.5,B7_semi_synthetic_diagnostic_only,False,True,4.4867200000000005e+18,1.979112958094279,1.9791057681572966e-11,1e-06,0,11.97,600.0,1.0,1.97911295811407,attachment_B7_native_val_loss,4.3092e+22,2.9417472e+21,7.27362964284379e+20,4.676111016428438e+22,0.8935828258135975,N_max;D_max;Q_max
5.623413251903491e+22,2048,logarithmic,0.5,B7_semi_synthetic_diagnostic_only,False,True,4.4867200000000005e+18,1.979112958094279,1.9791057681572966e-11,1e-06,0,11.97,600.0,1.0,1.97911295811407,attachment_B7_native_val_loss,4.3092e+22,2.9417472e+21,7.27362964284379e+20,4.676111016428438e+22,0.8315431939570871,N_max;D_max;Q_max
6.042963902381329e+22,2048,logarithmic,0.5,B7_semi_synthetic_diagnostic_only,False,True,4.4867200000000005e+18,1.979112958094279,1.9791057681572966e-11,1e-06,0,11.97,600.0,1.0,1.97911295811407,attachment_B7_native_val_loss,4.3092e+22,2.9417472e+21,7.27362964284379e+20,4.676111016428438e+22,0.773810847121847,N_max;D_max;Q_max
6.493816315762113e+22,2048,logarithmic,0.5,B7_semi_synthetic_diagnostic_only,False,True,4.4867200000000005e+18,1.979112958094279,1.9791057681572966e-11,1e-06,0,11.97,600.0,1.0,1.97911295811407,attachment_B7_native_val_loss,4.3092e+22,2.9417472e+21,7.27362964284379e+20,4.676111016428438e+22,0.7200867392997164,N_max;D_max;Q_max
6.978305848598663e+22,2048,logarithmic,0.5,B7_semi_synthetic_diagnostic_only,False,True,4.4867200000000005e+18,1.979112958094279,1.9791057681572966e-11,1e-06,0,11.97,600.0,1.0,1.97911295811407,attachment_B7_native_val_loss,4.3092e+22,2.9417472e+21,7.27362964284379e+20,4.676111016428438e+22,0.6700925866365492,N_max;D_max;Q_max
7.498942093324558e+22,2048,logarithmic,0.5,B7_semi_synthetic_diagnostic_only,False,True,4.4867200000000005e+18,1.979112958094279,1.9791057681572966e-11,1e-06,0,11.97,600.0,1.0,1.97911295811407,attachment_B7_native_val_loss,4.3092e+22,2.9417472e+21,7.27362964284379e+20,4.676111016428438e+22,0.6235694259582348,N_max;D_max;Q_max
8.058421877614818e+22,2048,logarithmic,0.5,B7_semi_synthetic_diagnostic_only,False,True,4.4867200000000005e+18,1.979112958094279,1.9791057681572966e-11,1e-06,0,11.97,600.0,1.0,1.97911295811407,attachment_B7_native_val_loss,4.3092e+22,2.9417472e+21,7.27362964284379e+20,4.676111016428438e+22,0.5802762733753153,N_max;D_max;Q_max
8.659643233600654e+22,2048,logarithmic,0.5,B7_semi_synthetic_diagnostic_only,False,True,4.4867200000000005e+18,1.979112958094279,1.9791057681572966e-11,1e-06,0,11.97,600.0,1.0,1.97911295811407,attachment_B7_native_val_loss,4.3092e+22,2.9417472e+21,7.27362964284379e+20,4.676111016428438e+22,0.5399888760179471,N_max;D_max;Q_max
9.30572040929699e+22,2048,logarithmic,0.5,B7_semi_synthetic_diagnostic_only,False,True,4.4867200000000005e+18,1.979112958094279,1.9791057681572966e-11,1e-06,0,11.97,600.0,1.0,1.97911295811407,attachment_B7_native_val_loss,4.3092e+22,2.9417472e+21,7.27362964284379e+20,4.676111016428438e+22,0.5024985504353553,N_max;D_max;Q_max
1.0000000000000001e+23,2048,logarithmic,0.5,B7_semi_synthetic_diagnostic_only,False,True,4.4867200000000005e+18,1.979112958094279,1.9791057681572966e-11,1e-06,0,11.97,600.0,1.0,1.97911295811407,attachment_B7_native_val_loss,4.3092e+22,2.9417472e+21,7.27362964284379e+20,4.676111016428438e+22,0.46761110164284375,N_max;D_max;Q_max
1.0746078283213175e+23,2048,logarithmic,0.5,B7_semi_synthetic_diagnostic_only,False,True,4.4867200000000005e+18,1.979112958094279,1.9791057681572966e-11,1e-06,0,11.97,600.0,1.0,1.97911295811407,attachment_B7_native_val_loss,4.3092e+22,2.9417472e+21,7.27362964284379e+20,4.676111016428438e+22,0.4351458172171661,N_max;D_max;Q_max
1.1547819846894582e+23,2048,logarithmic,0.5,B7_semi_synthetic_diagnostic_only,False,True,4.4867200000000005e+18,1.979112958094279,1.9791057681572966e-11,1e-06,0,11.97,600.0,1.0,1.97911295811407,attachment_B7_native_val_loss,4.3092e+22,2.9417472e+21,7.27362964284379e+20,4.676111016428438e+22,0.4049345312298,N_max;D_max;Q_max
1.2409377607517195e+23,2048,logarithmic,0.5,B7_semi_synthetic_diagnostic_only,False,True,4.4867200000000005e+18,1.979112958094279,1.9791057681572966e-11,1e-06,0,11.97,600.0,1.0,1.97911295811407,attachment_B7_native_val_loss,4.3092e+22,2.9417472e+21,7.27362964284379e+20,4.676111016428438e+22,0.3768207531694259,N_max;D_max;Q_max
1.3335214321633241e+23,2048,logarithmic,0.5,B7_semi_synthetic_diagnostic_only,False,True,4.4867200000000005e+18,1.979112958094279,1.9791057681572966e-11,1e-06,0,11.97,600.0,1.0,1.97911295811407,attachment_B7_native_val_loss,4.3092e+22,2.9417472e+21,7.27362964284379e+20,4.676111016428438e+22,0.35065885734153895,N_max;D_max;Q_max
1.4330125702369627e+23,2048,logarithmic,0.5,B7_semi_synthetic_diagnostic_only,False,True,4.4867200000000005e+18,1.979112958094279,1.9791057681572966e-11,1e-06,0,11.97,600.0,1.0,1.97911295811407,attachment_B7_native_val_loss,4.3092e+22,2.9417472e+21,7.27362964284379e+20,4.676111016428438e+22,0.3263133285463921,N_max;D_max;Q_max
1.539926526059492e+23,2048,logarithmic,0.5,B7_semi_synthetic_diagnostic_only,False,True,4.4867200000000005e+18,1.979112958094279,1.9791057681572966e-11,1e-06,0,11.97,600.0,1.0,1.97911295811407,attachment_B7_native_val_loss,4.3092e+22,2.9417472e+21,7.27362964284379e+20,4.676111016428438e+22,0.30365806012797947,N_max;D_max;Q_max
1.6548170999431815e+23,2048,logarithmic,0.5,B7_semi_synthetic_diagnostic_only,False,True,4.4867200000000005e+18,1.979112958094279,1.9791057681572966e-11,1e-06,0,11.97,600.0,1.0,1.97911295811407,attachment_B7_native_val_loss,4.3092e+22,2.9417472e+21,7.27362964284379e+20,4.676111016428438e+22,0.2825757007580471,N_max;D_max;Q_max
1.7782794100389228e+23,2048,logarithmic,0.5,B7_semi_synthetic_diagnostic_only,False,True,4.4867200000000005e+18,1.979112958094279,1.9791057681572966e-11,1e-06,0,11.97,600.0,1.0,1.97911295811407,attachment_B7_native_val_loss,4.3092e+22,2.9417472e+21,7.27362964284379e+20,4.676111016428438e+22,0.26295704657155583,N_max;D_max;Q_max
1.9109529749704405e+23,2048,logarithmic,0.5,B7_semi_synthetic_diagnostic_only,False,True,4.4867200000000005e+18,1.979112958094279,1.9791057681572966e-11,1e-06,0,11.97,600.0,1.0,1.97911295811407,attachment_B7_native_val_loss,4.3092e+22,2.9417472e+21,7.27362964284379e+20,4.676111016428438e+22,0.2447004755049386,N_max;D_max;Q_max
2.053525026457146e+23,2048,logarithmic,0.5,B7_semi_synthetic_diagnostic_only,False,True,4.4867200000000005e+18,1.979112958094279,1.9791057681572966e-11,1e-06,0,11.97,600.0,1.0,1.97911295811407,attachment_B7_native_val_loss,4.3092e+22,2.9417472e+21,7.27362964284379e+20,4.676111016428438e+22,0.22771142090709853,N_max;D_max;Q_max
2.2067340690845896e+23,2048,logarithmic,0.5,B7_semi_synthetic_diagnostic_only,False,True,4.4867200000000005e+18,1.979112958094279,1.9791057681572966e-11,1e-06,0,11.97,600.0,1.0,1.97911295811407,attachment_B7_native_val_loss,4.3092e+22,2.9417472e+21,7.27362964284379e+20,4.676111016428438e+22,0.2119018816965204,N_max;D_max;Q_max
2.371373705661655e+23,2048,logarithmic,0.5,B7_semi_synthetic_diagnostic_only,False,True,4.4867200000000005e+18,1.979112958094279,1.9791057681572966e-11,1e-06,0,11.97,600.0,1.0,1.97911295811407,attachment_B7_native_val_loss,4.3092e+22,2.9417472e+21,7.27362964284379e+20,4.676111016428438e+22,0.1971899665271746,N_max;D_max;Q_max
2.5482967479793466e+23,2048,logarithmic,0.5,B7_semi_synthetic_diagnostic_only,False,True,4.4867200000000005e+18,1.979112958094279,1.9791057681572966e-11,1e-06,0,11.97,600.0,1.0,1.97911295811407,attachment_B7_native_val_loss,4.3092e+22,2.9417472e+21,7.27362964284379e+20,4.676111016428438e+22,0.1834994696020519,N_max;D_max;Q_max
2.738419634264361e+23,2048,logarithmic,0.5,B7_semi_synthetic_diagnostic_only,False,True,4.4867200000000005e+18,1.979112958094279,1.9791057681572966e-11,1e-06,0,11.97,600.0,1.0,1.97911295811407,attachment_B7_native_val_loss,4.3092e+22,2.9417472e+21,7.27362964284379e+20,4.676111016428438e+22,0.1707594759370987,N_max;D_max;Q_max
2.942727176209282e+23,2048,logarithmic,0.5,B7_semi_synthetic_diagnostic_only,False,True,4.4867200000000005e+18,1.979112958094279,1.9791057681572966e-11,1e-06,0,11.97,600.0,1.0,1.97911295811407,attachment_B7_native_val_loss,4.3092e+22,2.9417472e+21,7.27362964284379e+20,4.676111016428438e+22,0.15890399403087174,N_max;D_max;Q_max
3.162277660168379e+23,2048,logarithmic,0.5,B7_semi_synthetic_diagnostic_only,False,True,4.4867200000000005e+18,1.979112958094279,1.9791057681572966e-11,1e-06,0,11.97,600.0,1.0,1.97911295811407,attachment_B7_native_val_loss,4.3092e+22,2.9417472e+21,7.27362964284379e+20,4.676111016428438e+22,0.14787161403718904,N_max;D_max;Q_max
3.3982083289425596e+23,2048,logarithmic,0.5,B7_semi_synthetic_diagnostic_only,False,True,4.4867200000000005e+18,1.979112958094279,1.9791057681572966e-11,1e-06,0,11.97,600.0,1.0,1.97911295811407,attachment_B7_native_val_loss,4.3092e+22,2.9417472e+21,7.27362964284379e+20,4.676111016428438e+22,0.13760518967015573,N_max;D_max;Q_max
3.651741272548377e+23,2048,logarithmic,0.5,B7_semi_synthetic_diagnostic_only,False,True,4.4867200000000005e+18,1.979112958094279,1.9791057681572966e-11,1e-06,0,11.97,600.0,1.0,1.97911295811407,attachment_B7_native_val_loss,4.3092e+22,2.9417472e+21,7.27362964284379e+20,4.676111016428438e+22,0.12805154219387516,N_max;D_max;Q_max
3.924189758484536e+23,2048,logarithmic,0.5,B7_semi_synthetic_diagnostic_only,False,True,4.4867200000000005e+18,1.979112958094279,1.9791057681572966e-11,1e-06,0,11.97,600.0,1.0,1.97911295811407,attachment_B7_native_val_loss,4.3092e+22,2.9417472e+21,7.27362964284379e+20,4.676111016428438e+22,0.11916118496354985,N_max;D_max;Q_max
4.2169650342858225e+23,2048,logarithmic,0.5,B7_semi_synthetic_diagnostic_only,False,True,4.4867200000000005e+18,1.979112958094279,1.9791057681572966e-11,1e-06,0,11.97,600.0,1.0,1.97911295811407,attachment_B7_native_val_loss,4.3092e+22,2.9417472e+21,7.27362964284379e+20,4.676111016428438e+22,0.11088806709113194,N_max;D_max;Q_max
4.531583637600818e+23,2048,logarithmic,0.5,B7_semi_synthetic_diagnostic_only,False,True,4.4867200000000005e+18,1.979112958094279,1.9791057681572966e-11,1e-06,0,11.97,600.0,1.0,1.97911295811407,attachment_B7_native_val_loss,4.3092e+22,2.9417472e+21,7.27362964284379e+20,4.676111016428438e+22,0.10318933490774404,N_max;D_max;Q_max
4.869675251658631e+23,2048,logarithmic,0.5,B7_semi_synthetic_diagnostic_only,False,True,4.4867200000000005e+18,1.979112958094279,1.9791057681572966e-11,1e-06,0,11.97,600.0,1.0,1.97911295811407,attachment_B7_native_val_loss,4.3092e+22,2.9417472e+21,7.27362964284379e+20,4.676111016428438e+22,0.09602510998727762,N_max;D_max;Q_max
5.232991146814947e+23,2048,logarithmic,0.5,B7_semi_synthetic_diagnostic_only,False,True,4.4867200000000005e+18,1.979112958094279,1.9791057681572966e-11,1e-06,0,11.97,600.0,1.0,1.97911295811407,attachment_B7_native_val_loss,4.3092e+22,2.9417472e+21,7.27362964284379e+20,4.676111016428438e+22,0.08935828258135975,N_max;D_max;Q_max
5.623413251903491e+23,2048,logarithmic,0.5,B7_semi_synthetic_diagnostic_only,False,True,4.4867200000000005e+18,1.979112958094279,1.9791057681572966e-11,1e-06,0,11.97,600.0,1.0,1.97911295811407,attachment_B7_native_val_loss,4.3092e+22,2.9417472e+21,7.27362964284379e+20,4.676111016428438e+22,0.0831543193957087,N_max;D_max;Q_max
6.042963902381328e+23,2048,logarithmic,0.5,B7_semi_synthetic_diagnostic_only,False,True,4.4867200000000005e+18,1.979112958094279,1.9791057681572966e-11,1e-06,0,11.97,600.0,1.0,1.97911295811407,attachment_B7_native_val_loss,4.3092e+22,2.9417472e+21,7.27362964284379e+20,4.676111016428438e+22,0.0773810847121847,N_max;D_max;Q_max
6.493816315762113e+23,2048,logarithmic,0.5,B7_semi_synthetic_diagnostic_only,False,True,4.4867200000000005e+18,1.979112958094279,1.9791057681572966e-11,1e-06,0,11.97,600.0,1.0,1.97911295811407,attachment_B7_native_val_loss,4.3092e+22,2.9417472e+21,7.27362964284379e+20,4.676111016428438e+22,0.07200867392997165,N_max;D_max;Q_max
6.978305848598663e+23,2048,logarithmic,0.5,B7_semi_synthetic_diagnostic_only,False,True,4.4867200000000005e+18,1.979112958094279,1.9791057681572966e-11,1e-06,0,11.97,600.0,1.0,1.97911295811407,attachment_B7_native_val_loss,4.3092e+22,2.9417472e+21,7.27362964284379e+20,4.676111016428438e+22,0.06700925866365492,N_max;D_max;Q_max
7.498942093324558e+23,2048,logarithmic,0.5,B7_semi_synthetic_diagnostic_only,False,True,4.4867200000000005e+18,1.979112958094279,1.9791057681572966e-11,1e-06,0,11.97,600.0,1.0,1.97911295811407,attachment_B7_native_val_loss,4.3092e+22,2.9417472e+21,7.27362964284379e+20,4.676111016428438e+22,0.06235694259582347,N_max;D_max;Q_max
8.058421877614818e+23,2048,logarithmic,0.5,B7_semi_synthetic_diagnostic_only,False,True,4.4867200000000005e+18,1.979112958094279,1.9791057681572966e-11,1e-06,0,11.97,600.0,1.0,1.97911295811407,attachment_B7_native_val_loss,4.3092e+22,2.9417472e+21,7.27362964284379e+20,4.676111016428438e+22,0.05802762733753153,N_max;D_max;Q_max
8.659643233600654e+23,2048,logarithmic,0.5,B7_semi_synthetic_diagnostic_only,False,True,4.4867200000000005e+18,1.979112958094279,1.9791057681572966e-11,1e-06,0,11.97,600.0,1.0,1.97911295811407,attachment_B7_native_val_loss,4.3092e+22,2.9417472e+21,7.27362964284379e+20,4.676111016428438e+22,0.053998887601794714,N_max;D_max;Q_max
9.30572040929699e+23,2048,logarithmic,0.5,B7_semi_synthetic_diagnostic_only,False,True,4.4867200000000005e+18,1.979112958094279,1.9791057681572966e-11,1e-06,0,11.97,600.0,1.0,1.97911295811407,attachment_B7_native_val_loss,4.3092e+22,2.9417472e+21,7.27362964284379e+20,4.676111016428438e+22,0.050249855043535525,N_max;D_max;Q_max
1e+24,2048,logarithmic,0.5,B7_semi_synthetic_diagnostic_only,False,True,4.4867200000000005e+18,1.979112958094279,1.9791057681572966e-11,1e-06,0,11.97,600.0,1.0,1.97911295811407,attachment_B7_native_val_loss,4.3092e+22,2.9417472e+21,7.27362964284379e+20,4.676111016428438e+22,0.04676111016428438,N_max;D_max;Q_max
1e+19,8192,exponential,0.5,B7_semi_synthetic_diagnostic_only,False,True,5.346880000000001e+18,3.3099622211310167,9.996808629786358e-07,1e-06,1397,0.12832877464589812,10.000000000000002,0.5156494694313063,3.3099632208118797,attachment_B7_native_val_loss,7.699726478753888e+18,2.1025386437983951e+18,1.9773487744771722e+17,1e+19,1.0,D_min
1.0746078283213175e+19,8192,exponential,0.5,B7_semi_synthetic_diagnostic_only,False,True,5.346880000000001e+18,3.2902992191012386,9.99437176130158e-07,1e-06,1416,0.13589339819446472,10.0,0.527898885278822,3.2903002185384147,attachment_B7_native_val_loss,8.153603891667884e+18,2.22647743601811e+18,3.659969555271825e+17,1.0746078283213177e+19,1.0000000000000002,D_min
1.1547819846894582e+19,8192,exponential,0.5,B7_semi_synthetic_diagnostic_only,False,True,5.346880000000001e+18,3.270674294653541,9.996012182433844e-07,1e-06,1415,0.14399236253270165,10.0,0.5402797050816548,3.2706752942547594,attachment_B7_native_val_loss,8.6395417519621e+18,2.3591708677357834e+18,5.4910722719669997e+17,1.1547819846894584e+19,1.0000000000000002,D_min
1.2409377607517196e+19,8192,exponential,0.5,B7_semi_synthetic_diagnostic_only,False,True,5.346880000000001e+18,3.2511023877238583,9.993061493851485e-07,1e-06,1401,0.15266266991024116,10.0,0.5527847683052327,3.2511033870300077,attachment_B7_native_val_loss,9.159760194614469e+18,2.501225183809391e+18,7.483922290933358e+17,1.2409377607517194e+19,0.9999999999999999,D_min
1.3335214321633241e+19,8192,exponential,0.5,B7_semi_synthetic_diagnostic_only,False,True,5.346880000000001e+18,3.2315974912613004,9.978156620960021e-07,1e-06,1384,0.16194383416080094,10.0,0.5654070941643701,3.2315984890769625,attachment_B7_native_val_loss,9.716630049648056e+18,2.6532877788905626e+18,9.652964930946231e+17,1.3335214321633241e+19,1.0,D_min
1.4330125702369628e+19,8192,exponential,0.5,B7_semi_synthetic_diagnostic_only,False,True,5.346880000000001e+18,3.2121726487966513,9.987322515669916e-07,1e-06,1360,0.17187803995292353,10.0,0.5781399297625311,3.212173647528903,attachment_B7_native_val_loss,1.031268239717541e+19,2.816049806588699e+18,1.2013934986055165e+18,1.4330125702369626e+19,0.9999999999999999,D_min
1.539926526059492e+19,8192,exponential,0.5,B7_semi_synthetic_diagnostic_only,False,True,5.346880000000001e+18,3.1928399759733037,9.976775641185043e-07,1e-06,1342,0.18251032307710863,10.0,0.5909767438951439,3.192840973650868,attachment_B7_native_val_loss,1.0950619384626518e+19,2.9902491332953477e+18,1.4583967426730527e+18,1.5399265260594917e+19,0.9999999999999999,D_min
1.6548170999431815e+19,8192,exponential,0.5,B7_semi_synthetic_diagnostic_only,False,True,5.346880000000001e+18,3.1736106604060623,9.98111526318013e-07,1e-06,1320,0.1938887861870197,10.0,0.603911142853502,3.1736116585175886,attachment_B7_native_val_loss,1.1633327171221185e+19,3.176673872888131e+18,1.738169955322501e+18,1.6548170999431817e+19,1.0000000000000002,D_min
1.7782794100389229e+19,8192,exponential,0.5,B7_semi_synthetic_diagnostic_only,False,True,5.346880000000001e+18,3.1544950007411745,9.934759122032233e-07,1e-06,1303,0.20606476240432145,10.0,0.6169370275202519,3.1544959942170867,attachment_B7_native_val_loss,1.2363885744259287e+19,3.3761650672324024e+18,2.0427432888975383e+18,1.7782794100389226e+19,0.9999999999999999,D_min
1.9109529749704405e+19,8192,exponential,0.5,B7_semi_synthetic_diagnostic_only,False,True,5.346880000000001e+18,3.135502401974445,9.977068633482133e-07,1e-06,1283,0.21909304981112307,10.0,0.6300485197488552,3.1355033996813084,attachment_B7_native_val_loss,1.3145582988667384e+19,3.589620528105441e+18,2.37432623293158e+18,1.9109529749704405e+19,1.0,D_min
2.053525026457146e+19,8192,exponential,0.5,B7_semi_synthetic_diagnostic_only,False,True,5.346880000000001e+18,3.1166414530036493,9.972954599923867e-07,1e-06,1264,0.23303213830376443,10.0,0.6432399748225996,3.1166424502991092,attachment_B7_native_val_loss,1.3981928298225867e+19,3.817998553968876e+18,2.7353234123767183e+18,2.053525026457146e+19,1.0,D_min
2.2067340690845897e+19,8192,exponential,0.5,B7_semi_synthetic_diagnostic_only,False,True,5.346880000000001e+18,3.0979199107476503,9.997815011431044e-07,1e-06,1340,0.24794446554898644,10.0,0.6565059533245563,3.0979209105291514,attachment_B7_native_val_loss,1.4876667932939186e+19,4.062322123554594e+18,3.128350634352116e+18,2.2067340690845897e+19,1.0,D_min
2.3713737056616554e+19,8192,exponential,0.5,B7_semi_synthetic_diagnostic_only,False,True,5.346880000000001e+18,3.079344769116519,9.996812351253936e-07,1e-06,1369,0.2638966425651234,9.999999999999998,0.669841310647028,3.0793457687977543,attachment_B7_native_val_loss,1.5833798553907403e+19,4.323682591786981e+18,3.556255910922171e+18,2.3713737056616554e+19,1.0,D_min
2.5482967479793463e+19,8192,exponential,0.5,B7_semi_synthetic_diagnostic_only,False,True,5.346880000000001e+18,3.060922274593702,9.994431939830406e-07,1e-06,1383,0.28095977037045045,10.000000000000002,0.6832410895014849,3.060923274036896,attachment_B7_native_val_loss,1.6857586222227028e+19,4.6032448777494605e+18,4.022136379816976e+18,2.5482967479793463e+19,1.0,D_min
2.7384196342643614e+19,8192,exponential,0.5,B7_semi_synthetic_diagnostic_only,False,True,5.346880000000001e+18,3.0426579738360644,9.994521912304322e-07,1e-06,1388,0.2992097038644659,10.0,0.6967005925898151,3.0426589732882556,attachment_B7_native_val_loss,1.7952582231867953e+19,4.902251788115409e+18,4.5293623226602537e+18,2.7384196342643614e+19,1.0,D_min
2.942727176209282e+19,8192,exponential,0.5,B7_semi_synthetic_diagnostic_only,False,True,5.346880000000001e+18,3.0245567508327498,9.990358993405835e-07,1e-06,1387,0.31872738948832025,10.0,0.7102153245857996,3.024557749868649,attachment_B7_native_val_loss,1.9123643369299214e+19,5.222029549376639e+18,5.081598843416964e+18,2.942727176209282e+19,1.0,D_min
3.162277660168379e+19,8192,exponential,0.5,B7_semi_synthetic_diagnostic_only,False,True,5.346880000000001e+18,3.0066228639107315,9.977484132228653e-07,1e-06,1385,0.3395991707423662,10.0,0.7237810425071916,3.0066238616591447,attachment_B7_native_val_loss,2.037595024454197e+19,5.563992813442928e+18,5.6828335436989e+18,3.1622776601683796e+19,1.0000000000000002,D_min
3.3982083289425592e+19,8192,exponential,0.5,B7_semi_synthetic_diagnostic_only,False,True,5.346880000000001e+18,2.9888599804233826,9.987200728645007e-07,1e-06,1378,0.3619171707350357,10.0,0.7373936967792198,2.9888609791434555,attachment_B7_native_val_loss,2.171503024410214e+19,5.929650925322825e+18,6.337402120000627e+18,3.3982083289425592e+19,1.0,D_min
3.651741272548377e+19,8192,exponential,0.5,B7_semi_synthetic_diagnostic_only,False,True,5.346880000000001e+18,2.9712712254186555,9.974616026475758e-07,1e-06,1371,0.38577963304428103,9.999999999999998,0.7510494846483249,2.971272222880258,attachment_B7_native_val_loss,2.3146777982656856e+19,6.320613507797499e+18,7.050021235029408e+18,3.6517412725483766e+19,0.9999999999999999,D_min
3.924189758484536e+19,8192,exponential,0.5,B7_semi_synthetic_diagnostic_only,False,True,5.346880000000001e+18,2.9538592025556882,9.975927470762258e-07,1e-06,1366,0.4112913848475568,10.000000000000002,0.7647447499618913,2.9538602001484353,attachment_B7_native_val_loss,2.4677483090853413e+19,6.738598049342372e+18,7.825816444649578e+18,3.9241897584845365e+19,1.0000000000000002,D_min
4.216965034285823e+19,8192,exponential,0.5,B7_semi_synthetic_diagnostic_only,False,True,5.346880000000001e+18,2.936626043716058,9.968374650171086e-07,1e-06,1361,0.4385641877342397,10.0,0.7784760880100088,2.936627040553523,attachment_B7_native_val_loss,2.6313851264054387e+19,7.185435651837783e+18,8.670363426966062e+18,4.2169650342858236e+19,1.0000000000000002,D_min
4.531583637600818e+19,8192,exponential,0.5,B7_semi_synthetic_diagnostic_only,False,True,5.346880000000001e+18,2.919573430502907,9.99925104938626e-07,1e-06,1351,0.4677172489865364,10.0,0.7922402558966679,2.919574430428012,attachment_B7_native_val_loss,2.806303493919218e+19,7.663079407395412e+18,9.589722029420585e+18,4.531583637600818e+19,1.0,D_min
4.869675251658631e+19,8192,exponential,0.5,B7_semi_synthetic_diagnostic_only,False,True,5.346880000000001e+18,2.902702646998628,9.988988241005359e-07,1e-06,1347,0.49887767534813254,10.0,0.806034204307658,2.9027036458974522,attachment_B7_native_val_loss,2.993266052088795e+19,8.173611832903804e+18,1.0590480162794557e+19,4.869675251658631e+19,1.0,D_min
5.2329911468149465e+19,8192,exponential,0.5,B7_semi_synthetic_diagnostic_only,False,True,5.346880000000001e+18,2.886014585854753,9.986641624770698e-07,1e-06,1343,0.5321810188853549,9.999999999999998,0.8198550357879666,2.8860155845189155,attachment_B7_native_val_loss,3.1930861133121286e+19,8.719253813417652e+18,1.167979652161052e+19,5.232991146814946e+19,0.9999999999999999,D_min
5.6234132519034905e+19,8192,exponential,0.5,B7_semi_synthetic_diagnostic_only,False,True,5.346880000000001e+18,2.86950979702075,9.9840761746961e-07,1e-06,1340,0.5677717548204152,10.000000000000002,0.8337000643578423,2.8695107954283676,attachment_B7_native_val_loss,3.406630528922492e+19,9.302372430977686e+18,1.2865454798832302e+19,5.623413251903491e+19,1.0000000000000002,D_min
6.042963902381328e+19,8192,exponential,0.5,B7_semi_synthetic_diagnostic_only,False,True,5.346880000000001e+18,2.853188510328153,9.976311976522823e-07,1e-06,1337,0.6058039576457038,10.0,0.8475667161701348,2.8531895079593506,attachment_B7_native_val_loss,3.634823745874223e+19,9.925492042067212e+18,1.415590952300384e+19,6.042963902381329e+19,1.0000000000000002,D_min
6.493816315762113e+19,8192,exponential,0.5,B7_semi_synthetic_diagnostic_only,False,True,5.346880000000001e+18,2.8370506637595345,9.94957751299097e-07,1e-06,1333,0.6464418687504002,10.0,0.861452575303433,2.837051658717286,attachment_B7_native_val_loss,3.878651212502402e+19,1.0591303577606558e+19,1.5560347454990553e+19,6.493816315762113e+19,1.0,D_min
6.978305848598663e+19,8192,exponential,0.5,B7_semi_synthetic_diagnostic_only,False,True,5.346880000000001e+18,2.8210959211444298,9.959676616766444e-07,1e-06,1332,0.6898604924577333,10.0,0.875355415431271,2.8210969171120914,attachment_B7_native_val_loss,4.1391629547464e+19,1.1302674308427502e+19,1.7088754630095129e+19,6.978305848598662e+19,0.9999999999999999,D_min
7.498942093324558e+19,8192,exponential,0.5,B7_semi_synthetic_diagnostic_only,False,True,5.346880000000001e+18,2.8053237094923413,9.998746963724159e-07,1e-06,1325,0.7362464298239031,10.0,0.8892730920360823,2.8053247093670377,attachment_B7_native_val_loss,4.417478578943418e+19,1.2062661506234829e+19,1.875197363757657e+19,7.498942093324558e+19,1.0,D_min
8.058421877614818e+19,8192,exponential,0.5,B7_semi_synthetic_diagnostic_only,False,True,5.346880000000001e+18,2.789733242231152,9.988029661123221e-07,1e-06,1319,0.7857985213191473,10.000000000000002,0.9032036114856541,2.789734241034118,attachment_B7_native_val_loss,4.714791127914885e+19,1.2874522973292913e+19,2.0561784523706438e+19,8.05842187761482e+19,1.0000000000000002,D_min
8.659643233600653e+19,8192,exponential,0.5,B7_semi_synthetic_diagnostic_only,False,True,5.346880000000001e+18,2.77432351884572,9.99210380658866e-07,1e-06,1318,0.8387286839766744,10.0,0.9171450920205362,2.7743245180561007,attachment_B7_native_val_loss,5.032372103860047e+19,1.3741730758273833e+19,2.2530980539132228e+19,8.659643233600653e+19,1.0,D_min
9.30572040929699e+19,8192,exponential,0.5,B7_semi_synthetic_diagnostic_only,False,True,5.346880000000001e+18,2.759093367153183,9.992699245842118e-07,1e-06,1311,0.895262702663969,10.0,0.9310957841567142,2.7590943664231076,attachment_B7_native_val_loss,5.3715762159838134e+19,1.4667984120446468e+19,2.4673457812685296e+19,9.30572040929699e+19,1.0,D_min
1e+20,8192,exponential,0.5,B7_semi_synthetic_diagnostic_only,False,True,5.346880000000001e+18,2.744041453660524,9.968168277474376e-07,1e-06,1309,0.9556411714468194,10.0,0.9450540366041158,2.7440424504773517,attachment_B7_native_val_loss,5.733847028680916e+19,1.5657224952984689e+19,2.700430476020615e+19,1e+20,1.0,D_min
1.0746078283213175e+20,8192,exponential,0.5,B7_semi_synthetic_diagnostic_only,False,True,5.346880000000001e+18,2.7291662915654813,9.983583670880591e-07,1e-06,1305,1.020120386342856,10.0,0.9590183164976565,2.7291672899238484,attachment_B7_native_val_loss,6.120722318057136e+19,1.6713652409841355e+19,2.9539907241719026e+19,1.0746078283213174e+20,0.9999999999999999,D_min
1.1547819846894582e+20,8192,exponential,0.5,B7_semi_synthetic_diagnostic_only,False,True,5.346880000000001e+18,2.7144662761062923,9.995013794394936e-07,1e-06,1305,1.088973398899914,9.999999999999998,0.9729871805686581,2.7144672756076718,attachment_B7_native_val_loss,6.533840393399482e+19,1.7841740167576187e+19,3.229805436737479e+19,1.1547819846894579e+20,0.9999999999999997,D_min
1.2409377607517195e+20,8192,exponential,0.5,B7_semi_synthetic_diagnostic_only,False,True,5.346880000000001e+18,2.6999396852084727,9.989114810871058e-07,1e-06,1327,1.1624911600497176,10.0,0.986959246944761,2.699940684119954,attachment_B7_native_val_loss,6.974946960298305e+19,1.9046255166254576e+19,3.529805130593433e+19,1.2409377607517195e+20,1.0,D_min
1.333521432163324e+20,8192,exponential,0.5,B7_semi_synthetic_diagnostic_only,False,True,5.346880000000001e+18,2.6855747511352255,9.970745042942042e-07,1e-06,1643,1.2245666169655878,10.147735462205086,0.9980850219726562,2.6855757482097298,attachment_B7_native_val_loss,7.455946850888524e+19,2.0359705534159598e+19,3.843296917328756e+19,1.333521432163324e+20,1.0,interior
1.4330125702369627e+20,8192,exponential,0.5,B7_semi_synthetic_diagnostic_only,False,True,5.346880000000001e+18,2.6713602747543126,9.991357745597895e-07,1e-06,257,1.262636634549644,10.632269056576037,1.0,2.671361273890087,attachment_B7_native_val_loss,8.054815451532893e+19,2.1995016059652485e+19,4.0758086448714875e+19,1.4330125702369629e+20,1.0000000000000002,Q_max
1.539926526059492e+20,8192,exponential,0.5,B7_semi_synthetic_diagnostic_only,False,True,5.346880000000001e+18,2.6573639651391514,9.574488184505014e-07,1e-06,148,1.2980154776120258,11.200936844448249,1.0,2.65736492258797,attachment_B7_native_val_loss,8.723393632709178e+19,2.3820680213051195e+19,4.293803606580621e+19,1.5399265260594918e+20,0.9999999999999998,Q_max
1.6548170999431814e+20,8192,exponential,0.5,B7_semi_synthetic_diagnostic_only,False,True,5.346880000000001e+18,2.6435838297888954,9.907498346173327e-07,1e-06,106,1.334571018930978,11.797016979658148,1.0,2.64358482053873,attachment_B7_native_val_loss,9.446374182533054e+19,2.5794899101103596e+19,4.5223069067884e+19,1.6548170999431814e+20,1.0,Q_max
1.778279410038923e+20,8192,exponential,0.5,B7_semi_synthetic_diagnostic_only,False,True,5.346880000000001e+18,2.630015732019775,8.587196465015268e-07,1e-06,85,1.3723471916625969,12.421648621936034,1.0,2.6300165907394213,attachment_B7_native_val_loss,1.0228088761280091e+20,2.7929501044135498e+19,4.761755234695591e+19,1.778279410038923e+20,1.0,Q_max
1.9109529749704406e+20,8192,exponential,0.5,B7_semi_synthetic_diagnostic_only,False,True,5.346880000000001e+18,2.6166550056893234,9.474670292775045e-07,1e-06,70,1.4113896478159274,13.076009079632103,1.0,2.6166559531563527,attachment_B7_native_val_loss,1.1073206309843893e+20,3.0237235363413725e+19,5.012599903519141e+19,1.9109529749704406e+20,1.0,Q_max
2.053525026457146e+20,8192,exponential,0.5,B7_semi_synthetic_diagnostic_only,False,True,5.346880000000001e+18,2.6034978580474903,8.647405964623545e-07,1e-06,60,1.451745824489549,13.761314793281086,1.0,2.603498722788087,attachment_B7_native_val_loss,1.1986758774379246e+20,3.2731842626571596e+19,5.275307227535059e+19,2.0535250264571465e+20,1.0000000000000002,Q_max
2.20673406908459e+20,8192,exponential,0.5,B7_semi_synthetic_diagnostic_only,False,True,5.346880000000001e+18,2.590539835231773,9.725345981870248e-07,1e-06,51,1.493465012510085,14.478822351480673,1.0,2.590540807766371,attachment_B7_native_val_loss,1.2974168762571229e+20,3.542813016766117e+19,5.550358911508554e+19,2.20673406908459e+20,1.0,Q_max
2.3713737056616553e+20,8192,exponential,0.5,B7_semi_synthetic_diagnostic_only,False,True,5.346880000000001e+18,2.5777772911816235,9.163122127731071e-07,1e-06,45,1.5365984275557691,15.229829541824122,1.0,2.5777782074938362,attachment_B7_native_val_loss,1.4041279275545608e+20,3.834205327508987e+19,5.838252453561957e+19,2.3713737056616553e+20,1.0,Q_max
2.5482967479793464e+20,8192,exponential,0.5,B7_semi_synthetic_diagnostic_only,False,True,5.346880000000001e+18,2.565206379206267,6.316110598980629e-07,1e-06,42,1.581199283851574,16.01567643978694,1.0,2.565207010817327,attachment_B7_native_val_loss,1.519438567019378e+20,4.149080247007582e+19,6.1395015625921e+19,2.5482967479793464e+20,1.0,Q_max
2.7384196342643612e+20,8192,exponential,0.5,B7_semi_synthetic_diagnostic_only,False,True,5.346880000000001e+18,2.552822424408359,9.69827394836642e-07,1e-06,40,1.6273228705261285,16.837746538620948,1.0,2.552823394235754,attachment_B7_native_val_loss,1.6440270018252014e+20,4.489289732984017e+19,6.454636591407579e+19,2.738419634264361e+20,0.9999999999999999,Q_max
2.942727176209282e+20,8192,exponential,0.5,B7_semi_synthetic_diagnostic_only,False,True,5.346880000000001e+18,2.54062264399533,9.761460484369877e-07,1e-06,35,1.6750266307238535,17.697467923461495,1.0,2.5406236201413783,attachment_B7_native_val_loss,1.778623804090751e+20,4.856828734370477e+19,6.784204986814835e+19,2.9427271762092822e+20,1.0000000000000002,Q_max
3.1622776601683794e+20,8192,exponential,0.5,B7_semi_synthetic_diagnostic_only,False,True,5.346880000000001e+18,2.5286031347390128,9.003544696462029e-07,1e-06,29,1.7243702435703456,18.596314492989915,1.0,2.5286040350934824,attachment_B7_native_val_loss,1.9240158811072663e+20,5.253846032676908e+19,7.128771757934226e+19,3.16227766016838e+20,1.0000000000000002,Q_max
3.3982083289425596e+20,8192,exponential,0.5,B7_semi_synthetic_diagnostic_only,False,True,5.346880000000001e+18,2.5167602008497765,8.672736093728872e-07,1e-06,29,1.7754157090924982,19.53580723213168,1.0,2.516761068123386,attachment_B7_native_val_loss,2.0810507429837652e+20,5.682655895507668e+19,7.488919964080274e+19,3.3982083289425596e+20,1.0,Q_max
3.651741272548377e+20,8192,exponential,0.5,B7_semi_synthetic_diagnostic_only,False,True,5.346880000000001e+18,2.505090393811222,8.352586053916866e-07,1e-06,29,1.8282274361993989,20.51751553939333,1.0,2.5050912290698273,attachment_B7_native_val_loss,2.2506410899059835e+20,6.145750602836605e+19,7.865251223587334e+19,3.651741272548378e+20,1.0000000000000002,Q_max
3.924189758484536e+20,8192,exponential,0.5,B7_semi_synthetic_diagnostic_only,False,True,5.346880000000001e+18,2.493590196849357,9.100943807460737e-07,1e-06,28,1.882872333834773,21.54305861255408,1.0,2.4935911069437378,attachment_B7_native_val_loss,2.4337697428655407e+20,6.645813911184836e+19,8.258386245005117e+19,3.924189758484536e+20,1.0,Q_max
4.216965034285823e+20,8192,exponential,0.5,B7_semi_synthetic_diagnostic_only,False,True,5.346880000000001e+18,2.4822565940058547,7.743156191786227e-07,1e-06,27,1.939419905416131,22.614106896534977,1.0,2.482257368321474,attachment_B7_native_val_loss,2.6314949435008883e+20,7.185735525719759e+19,8.668965382129579e+19,4.216965034285822e+20,0.9999999999999999,Q_max
4.5315836376008176e+20,8192,exponential,0.5,B7_semi_synthetic_diagnostic_only,False,True,5.346880000000001e+18,2.471085879527255,8.76238371638749e-07,1e-06,26,1.9979423466807553,23.732383597361608,1.0,2.4710867557656266,attachment_B7_native_val_loss,2.844956050610431e+20,7.76862665553355e+19,9.09764921437031e+19,4.531583637600817e+20,0.9999999999999999,Q_max
4.8696752516586314e+20,8192,exponential,0.5,B7_semi_synthetic_diagnostic_only,False,True,5.346880000000001e+18,2.460075233616748,8.526557837562621e-07,1e-06,24,2.058514647064305,24.899666266214215,1.0,2.4600760862725317,attachment_B7_native_val_loss,3.075379662960896e+20,8.397836732991888e+19,9.54511915398546e+19,4.8696752516586314e+20,1.0,Q_max
5.232991146814947e+20,8192,exponential,0.5,B7_semi_synthetic_diagnostic_only,False,True,5.346880000000001e+18,2.449221559528312,6.902173512735033e-07,1e-06,17,2.121214694742508,26.11778845763576,1.0,2.4492222497456635,attachment_B7_native_val_loss,3.324086200230795e+20,9.07697138409689e+19,1.0012078081744629e+20,5.232991146814947e+20,1.0,Q_max
5.6234132519034906e+20,8192,exponential,0.5,B7_semi_synthetic_diagnostic_only,False,True,5.346880000000001e+18,2.438521543462121,6.640320067141658e-07,1e-06,17,2.186123385472712,27.38864146602181,1.0,2.4385222074941275,attachment_B7_native_val_loss,3.592496976311874e+20,9.809911743315624e+19,1.0499251012600544e+20,5.6234132519034906e+20,1.0,Q_max
6.042963902381328e+20,8192,exponential,0.5,B7_semi_synthetic_diagnostic_only,False,True,5.346880000000001e+18,2.427972352026878,6.387286166642525e-07,1e-06,17,2.2533247353776034,28.714176144566537,1.0,2.4279729907554946,attachment_B7_native_val_loss,3.882141801752477e+20,1.0600835213318763e+20,1.1007385792969748e+20,6.042963902381328e+20,1.0,Q_max
6.493816315762113e+20,8192,exponential,0.5,B7_semi_synthetic_diagnostic_only,False,True,5.346880000000001e+18,2.4175710849594325,6.142828441468851e-07,1e-06,17,2.322905997819661,30.096404810875097,1.0,2.4175716992422767,attachment_B7_native_val_loss,4.1946671548794156e+20,1.1454237777590726e+20,1.1537253831236252e+20,6.493816315762113e+20,1.0,Q_max
6.978305848598663e+20,8192,exponential,0.5,B7_semi_synthetic_diagnostic_only,False,True,5.346880000000001e+18,2.4073149090405472,5.906708162584096e-07,1e-06,17,2.3949577845210728,31.537403243480945,1.0,2.4073154997113635,attachment_B7_native_val_loss,4.531844964093289e+20,1.2374957981950742e+20,1.2089650863102992e+20,6.978305848598662e+20,0.9999999999999998,Q_max
7.498942093324558e+20,8192,exponential,0.5,B7_semi_synthetic_diagnostic_only,False,True,5.346880000000001e+18,2.3972010566866713,5.678691246124856e-07,1e-06,17,2.4695741910908904,33.03931277351944,1.0,2.397201624555796,attachment_B7_native_val_loss,4.895582047011792e+20,1.3368202709706865e+20,1.2665397753420789e+20,7.498942093324557e+20,0.9999999999999998,Q_max
8.058421877614818e+20,8192,exponential,0.5,B7_semi_synthetic_diagnostic_only,False,True,5.346880000000001e+18,2.387226824563462,5.458548160142129e-07,1e-06,17,2.546852927127854,34.604342475818974,1.0,2.387227370418278,attachment_B7_native_val_loss,5.2879302555524576e+20,1.4439574884495244e+20,1.3265341336128361e+20,8.058421877614818e+20,1.0,Q_max
8.659643233600653e+20,8192,exponential,0.5,B7_semi_synthetic_diagnostic_only,False,True,5.346880000000001e+18,2.3773895722204923,5.246053915719529e-07,1e-06,17,2.626895451073998,36.23477146367685,1.0,2.377390096825884,attachment_B7_native_val_loss,5.7110973797183173e+20,1.559510324488415e+20,1.389035529393919e+20,8.65964323360065e+20,0.9999999999999997,Q_max
9.30572040929699e+20,8192,exponential,0.5,B7_semi_synthetic_diagnostic_only,False,True,5.346880000000001e+18,2.3676867207466366,5.040988031446147e-07,1e-06,17,2.709807110002492,37.93295129157072,1.0,2.3676872248454397,attachment_B7_native_val_loss,6.167458866796593e+20,1.6841274345599228e+20,1.4541341079404739e+20,9.30572040929699e+20,1.0,Q_max
1e+21,8192,exponential,0.5,B7_semi_synthetic_diagnostic_only,False,True,5.346880000000001e+18,2.358115267164575,9.685945379089844e-07,1e-06,16,2.7956972845299823,39.70130847005454,1.0,2.358116235759113,attachment_B7_native_val_loss,6.65957041692112e+20,1.8185066951805937e+20,1.5219228878982863e+20,1e+21,1.0,Q_max
1.0746078283213176e+21,8192,exponential,0.5,B7_semi_synthetic_diagnostic_only,False,True,5.346880000000001e+18,2.3486737393354287,9.304243469010487e-07,1e-06,16,2.8846795390518203,41.54234709707194,1.0,2.3486746697597756,attachment_B7_native_val_loss,7.190181520506733e+20,1.9633989005330383e+20,1.592497862173404e+20,1.0746078283213174e+21,0.9999999999999999,Q_max
1.1547819846894581e+21,8192,exponential,0.5,B7_semi_synthetic_diagnostic_only,False,True,5.346880000000001e+18,2.33935923105291,8.936128330638837e-07,1e-06,16,2.976871777507058,43.45865160989938,1.0,2.339360124665743,attachment_B7_native_val_loss,7.762250007961267e+20,2.1196117355072904e+20,1.665958103426023e+20,1.154781984689458e+21,0.9999999999999999,Q_max
1.2409377607517195e+21,8192,exponential,0.5,B7_semi_synthetic_diagnostic_only,False,True,5.346880000000001e+18,2.3301693965351227,8.58119412416869e-07,1e-06,16,3.0723964048880665,45.452889661920715,1.0,2.330170254654535,attachment_B7_native_val_loss,8.37895768734355e+20,2.2880140458239453e+20,1.7424058743497002e+20,1.2409377607517195e+21,1.0,Q_max
1.333521432163324e+21,8192,exponential,0.5,B7_semi_synthetic_diagnostic_only,False,True,5.346880000000001e+18,2.3211019451109727,8.239043642888078e-07,1e-06,16,3.1713804947186315,47.52781512841606,1.0,2.321102769015337,attachment_B7_native_val_loss,9.043727151291107e+20,2.4695404274458912e+20,1.8219467428962415e+20,1.333521432163324e+21,1.0,Q_max
1.4330125702369627e+21,8192,exponential,0.5,B7_semi_synthetic_diagnostic_only,False,True,5.346880000000001e+18,2.3121546399910504,7.909288206597864e-07,1e-06,16,3.2739559627332318,49.68627124553758,1.0,2.312155430919871,attachment_B7_native_val_loss,9.760239840618508e+20,2.6651961591448945e+20,1.904689702606224e+20,1.4330125702369627e+21,1.0,Q_max
1.539926526059492e+21,8192,exponential,0.5,B7_semi_synthetic_diagnostic_only,False,True,5.346880000000001e+18,2.3033252970566753,7.591547603880144e-07,1e-06,16,3.380259746999317,51.931193886639655,1.0,2.3033260562114357,attachment_B7_native_val_loss,1.0532455458517503e+21,2.876062503872513e+20,1.9907472982049017e+20,1.5399265260594916e+21,0.9999999999999998,Q_max
1.6548170999431815e+21,8192,exponential,0.5,B7_semi_synthetic_diagnostic_only,False,True,5.346880000000001e+18,2.2946117836668805,7.285450025484863e-07,1e-06,16,3.4904339947348326,54.26561498011869,1.0,2.294612512211883,attachment_B7_native_val_loss,1.1364632836307882e+21,3.103302406501139e+20,2.0802357566227916e+20,1.6548170999431813e+21,0.9999999999999999,Q_max
1.7782794100389228e+21,8192,exponential,0.5,B7_semi_synthetic_diagnostic_only,False,True,5.346880000000001e+18,2.2860120174831535,6.990632002157326e-07,1e-06,16,3.6046262560811826,56.692666072950104,1.0,2.2860127165463537,attachment_B7_native_val_loss,1.2261352359227928e+21,3.3481666175598395e+20,2.1732751236014588e+20,1.7782794100389225e+21,0.9999999999999999,Q_max
1.9109529749704406e+21,8192,exponential,0.5,B7_semi_synthetic_diagnostic_only,False,True,5.346880000000001e+18,2.277523965311775,6.706738306938576e-07,1e-06,16,3.7229896851046886,59.21558204409162,1.0,2.2775246359856056,attachment_B7_native_val_loss,1.322754006885741e+21,3.612000274802664e+20,2.26998940604433e+20,1.9109529749704404e+21,0.9999999999999999,Q_max
2.053525026457146e+21,8192,exponential,0.5,B7_semi_synthetic_diagnostic_only,False,True,5.346880000000001e+18,2.269145641963614,6.433421906315573e-07,1e-06,16,3.8456832483073224,61.837704971986085,1.0,2.2691462853058044,attachment_B7_native_val_loss,1.4268493567472239e+21,3.8962499768244195e+20,2.370506720274804e+20,2.053525026457146e+21,1.0,Q_max
2.20673406908459e+21,8192,exponential,0.5,B7_semi_synthetic_diagnostic_only,False,True,5.346880000000001e+18,2.260875109131286,6.170343871403361e-07,1e-06,16,3.972871940940095,64.56248816041416,1.0,2.2608757261656733,attachment_B7_native_val_loss,1.5389909858987192e+21,4.2024713854941023e+20,2.4749594463646014e+20,2.2067340690845897e+21,0.9999999999999999,Q_max
2.3713737056616553e+21,8192,exponential,0.5,B7_semi_synthetic_diagnostic_only,False,True,5.346880000000001e+18,2.2527104742835746,5.917173346858817e-07,1e-06,16,4.104727011423439,67.39350032700322,1.0,2.2527110660009093,attachment_B7_native_val_loss,1.659791527119747e+21,4.5323373967216555e+20,2.5834843886974275e+20,2.3713737056616553e+21,1.0,Q_max
2.5482967479793463e+21,8192,exponential,0.5,B7_semi_synthetic_diagnostic_only,False,True,5.346880000000001e+18,2.24464988957707,5.673587399890323e-07,1e-06,16,4.241426194189133,70.33442995878575,1.0,2.24465045693581,attachment_B7_native_val_loss,1.7899097614833287e+21,4.88764692202381e+20,2.6962229429363668e+20,2.5482967479793463e+21,1.0,Q_max
2.7384196342643614e+21,8192,exponential,0.5,B7_semi_synthetic_diagnostic_only,False,True,5.346880000000001e+18,2.236691550784959,5.439271029139547e-07,1e-06,16,4.3831539512720905,73.38908983925903,1.0,2.236692094712062,attachment_B7_native_val_loss,1.9300540746552637e+21,5.270334326525307e+20,2.813321269565664e+20,2.738419634264361e+21,0.9999999999999998,Q_max
2.9427271762092816e+21,8192,exponential,0.5,B7_semi_synthetic_diagnostic_only,False,True,5.346880000000001e+18,2.2288336962429605,5.213917013691116e-07,1e-06,16,4.530101722990777,76.56142175152408,1.0,2.228834217634662,attachment_B7_native_val_loss,2.0809861715472168e+21,5.682479572438266e+20,2.9349304741823824e+20,2.9427271762092816e+21,1.0,Q_max
3.1622776601683794e+21,8192,exponential,0.5,B7_semi_synthetic_diagnostic_only,False,True,5.346880000000001e+18,2.22107410613165,9.994033089988363e-07,1e-06,15,4.682468188069018,79.85550136218171,1.0,2.221075105534959,attachment_B7_native_val_loss,2.2435250686243082e+21,6.126319120723444e+20,3.0612067947172666e+20,3.162277660168379e+21,0.9999999999999999,Q_max
3.3982083289425594e+21,8192,exponential,0.5,B7_semi_synthetic_diagnostic_only,False,True,5.346880000000001e+18,2.2134121210107094,9.57740102780491e-07,1e-06,15,4.84045953356406,83.27554329081393,1.0,2.213413078750812,attachment_B7_native_val_loss,2.418551384608481e+21,6.604257647570892e+20,3.192311795769894e+20,3.3982083289425594e+21,1.0,Q_max
3.651741272548377e+21,8192,exponential,0.5,B7_semi_synthetic_diagnostic_only,False,True,5.346880000000001e+18,2.205845579429648,9.176942237232311e-07,1e-06,15,5.004289734979935,86.82590637002323,1.0,2.2058464971238716,attachment_B7_native_val_loss,2.607011951867017e+21,7.118880636564868e+20,3.328412570248732e+20,3.651741272548377e+21,1.0,Q_max
3.924189758484536e+21,8192,exponential,0.5,B7_semi_synthetic_diagnostic_only,False,True,5.346880000000001e+18,2.1983728798036855,8.792103103338889e-07,1e-06,15,5.17418084695851,90.51109910118589,1.0,2.198373759013996,attachment_B7_native_val_loss,2.809924772439118e+21,7.672967911940418e+20,3.469681948513764e+20,3.9241897584845364e+21,1.0000000000000002,Q_max
4.2169650342858226e+21,8192,exponential,0.5,B7_semi_synthetic_diagnostic_only,False,True,5.346880000000001e+18,2.190992458096351,8.422344781600088e-07,1e-06,15,5.350363304955648,94.33578531125681,1.0,2.1909933003308293,attachment_B7_native_val_loss,3.028384344441135e+21,8.269508183220592e+20,3.616298715226286e+20,4.216965034285823e+21,1.0000000000000002,Q_max
4.5315836376008176e+21,8192,exponential,0.5,B7_semi_synthetic_diagnostic_only,False,True,5.346880000000001e+18,2.183702786868256,8.067142975853869e-07,1e-06,15,5.533076238324355,98.30479001618285,1.0,2.1837035935825537,attachment_B7_native_val_loss,3.26356738651204e+21,8.911714676768877e+20,3.768447834118906e+20,4.531583637600818e+21,1.0000000000000002,Q_max
4.869675251658631e+21,8192,exponential,0.5,B7_semi_synthetic_diagnostic_only,False,True,5.346880000000001e+18,2.1765023743430714,7.725987769546805e-07,1e-06,15,5.722567795242185,102.42310549671132,1.0,2.1765031469418483,attachment_B7_native_val_loss,3.516738990025038e+21,9.60304193542837e+20,3.926320680907563e+20,4.869675251658631e+21,1.0,Q_max
5.232991146814947e+21,8192,exponential,0.5,B7_semi_synthetic_diagnostic_only,False,True,5.346880000000001e+18,2.1693897634907295,7.398383430334832e-07,1e-06,15,5.919095479936749,106.69589759261929,1.0,2.1693905033290726,attachment_B7_native_val_loss,3.7892592310096023e+21,1.0347203873476887e+21,4.0901152845765614e+20,5.232991146814947e+21,1.0,Q_max
5.623413251903491e+21,8192,exponential,0.5,B7_semi_synthetic_diagnostic_only,False,True,5.346880000000001e+18,2.162363531127878,7.083848192479536e-07,1e-06,15,6.122926502679638,111.12851222165679,1.0,2.1623642395126974,attachment_B7_native_val_loss,4.0825902761120424e+21,1.1148193180636617e+21,4.260036577277866e+20,5.623413251903491e+21,1.0,Q_max
6.042963902381328e+21,8192,exponential,0.5,B7_semi_synthetic_diagnostic_only,False,True,5.346880000000001e+18,2.155422287035593,6.781914052567117e-07,1e-06,15,6.334338143034794,115.72648212980532,1.0,2.155422965226998,attachment_B7_native_val_loss,4.398304019484362e+21,1.2010302175871964e+21,4.4362966530977104e+20,6.042963902381329e+21,1.0000000000000002,Q_max
6.493816315762113e+21,8192,exponential,0.5,B7_semi_synthetic_diagnostic_only,False,True,5.346880000000001e+18,2.1485646730943695,6.492126551904676e-07,1e-06,15,6.55361812686804,120.49553387970657,1.0,2.1485653223070247,attachment_B7_native_val_loss,4.738090290244122e+21,1.2938145219226616e+21,4.619115035953295e+20,6.493816315762114e+21,1.0000000000000002,Q_max
6.978305848598664e+21,8192,exponential,0.5,B7_semi_synthetic_diagnostic_only,False,True,5.346880000000001e+18,2.1417893624363886,6.214044576680067e-07,1e-06,15,6.781065017640191,125.44159508448126,1.0,2.1417899838408463,attachment_B7_native_val_loss,5.10376567310617e+21,1.393668279802858e+21,4.8087189568963576e+20,6.978305848598664e+21,1.0,Q_max
7.498942093324559e+21,8192,exponential,0.5,B7_semi_synthetic_diagnostic_only,False,True,5.346880000000001e+18,2.135095058615062,5.947240091508377e-07,1e-06,15,7.0169886225264335,130.5708018944737,1.0,2.135095653339071,attachment_B7_native_val_loss,5.49728298796605e+21,1.5011247412472625e+21,5.0053436411124784e+20,7.49894209332456e+21,1.0000000000000002,Q_max
8.058421877614818e+21,8192,exponential,0.5,B7_semi_synthetic_diagnostic_only,False,True,5.346880000000001e+18,2.1284804947918303,5.69129796623713e-07,1e-06,15,7.2617104139256785,135.8895067447905,1.0,2.128481063921627,attachment_B7_native_val_loss,5.920741477631214e+21,1.61675713949183e+21,5.2092326049177475e+20,8.058421877614819e+21,1.0000000000000002,Q_max
8.659643233600654e+21,8192,exponential,0.5,B7_semi_synthetic_diagnostic_only,False,True,5.346880000000001e+18,2.1219444329402033,5.445815713933655e-07,1e-06,15,7.515563966941274,141.40428637191903,1.0,2.1219449775217747,attachment_B7_native_val_loss,6.376397756567038e+21,1.7411816807265725e+21,5.4206379630704316e+20,8.659643233600654e+21,1.0,Q_max
9.30572040929699e+21,8192,exponential,0.5,B7_semi_synthetic_diagnostic_only,False,True,5.346880000000001e+18,2.1154856630669947,5.21040324663602e-07,1e-06,15,7.7788954134398836,147.12195010802404,1.0,2.1154861841073194,attachment_B7_native_val_loss,6.866677577469837e+21,1.8750607571544302e+21,5.639820746727242e+20,9.305720409296992e+21,1.0000000000000002,Q_max
1e+22,8192,exponential,0.5,B7_semi_synthetic_diagnostic_only,False,True,5.346880000000001e+18,2.1091025040451106,9.96873869230086e-07,1e-06,14,8.052063913313567,153.0495484619886,1.0,2.10910350091898,attachment_B7_native_val_loss,7.394188476718287e+21,2.01910640004254e+21,5.8670512323917473e+20,1.0000000000000002e+22,1.0000000000000002,Q_max
1.0746078283213176e+22,8192,exponential,0.5,B7_semi_synthetic_diagnostic_only,False,True,5.346880000000001e+18,2.1027948181291527,9.535966887241898e-07,1e-06,14,8.335442143596111,159.19438199662613,1.0,2.1027957717258414,attachment_B7_native_val_loss,7.961733364310494e+21,2.174083990681052e+21,6.102609282216319e+20,1.0746078283213178e+22,1.0000000000000002,Q_max
1.154781984689458e+22,8192,exponential,0.5,B7_semi_synthetic_diagnostic_only,False,True,5.346880000000001e+18,2.096560953984061,9.121137716228134e-07,1e-06,14,8.62941680610722,165.56401051194044,1.0,2.0965618660978325,attachment_B7_native_val_loss,8.572325128789507e+21,2.3408162485014545e+21,6.346784696036203e+20,1.1547819846894583e+22,1.0000000000000002,Q_max
1.2409377607517196e+22,8192,exponential,0.5,B7_semi_synthetic_diagnostic_only,False,True,5.346880000000001e+18,2.0903998063385765,8.723565541046696e-07,1e-06,14,8.934389154323426,172.16626254474656,1.0,2.0904006786951306,attachment_B7_native_val_loss,9.229202332921099e+21,2.520187517042988e+21,6.599877575531084e+20,1.2409377607517194e+22,0.9999999999999998,Q_max
1.3335214321633241e+22,8192,exponential,0.5,B7_semi_synthetic_diagnostic_only,False,True,5.346880000000001e+18,2.084310294315692,8.342587096699106e-07,1e-06,14,9.250775540201381,179.00924519540038,1.0,2.084311128574402,attachment_B7_native_val_loss,9.93584608154113e+21,2.713148369999498e+21,6.862198700926139e+20,1.3335214321633241e+22,1.0,Q_max
1.4330125702369628e+22,8192,exponential,0.5,B7_semi_synthetic_diagnostic_only,False,True,5.346880000000001e+18,2.0782913607556557,7.977561002903144e-07,1e-06,14,9.579007981702908,186.10135429291125,1.0,2.078292158511756,attachment_B7_native_val_loss,1.0695998149065106e+22,2.920720561238045e+21,7.134069920664773e+20,1.4330125702369628e+22,1.0,Q_max
1.539926526059492e+22,8192,exponential,0.5,B7_semi_synthetic_diagnostic_only,False,True,5.346880000000001e+18,2.0723419715555678,7.627867293358292e-07,1e-06,14,9.919534751804601,193.4512849100927,1.0,2.072342734342297,attachment_B7_native_val_loss,1.1513680460681507e+22,3.14400234446343e+21,7.415824554499829e+20,1.539926526059492e+22,1.0,Q_max
1.6548170999431814e+22,8192,exponential,0.5,B7_semi_synthetic_diagnostic_only,False,True,5.346880000000001e+18,2.0664611150254344,7.292906891720463e-07,1e-06,14,10.272820989797072,201.06804224102362,1.0,2.0664618443161236,attachment_B7_native_val_loss,1.239321602826595e+22,3.384174190118489e+21,7.707807810473731e+20,1.6548170999431812e+22,0.9999999999999999,Q_max
1.7782794100389228e+22,8192,exponential,0.5,B7_semi_synthetic_diagnostic_only,False,True,5.346880000000001e+18,2.0606478012605147,6.972101092017624e-07,1e-06,14,10.639349335716012,208.96095285347278,1.0,2.060648498470624,attachment_B7_native_val_loss,1.3339251449593082e+22,3.6425049291688845e+21,8.010377216272592e+20,1.7782794100389225e+22,0.9999999999999999,Q_max
1.9109529749704407e+22,8192,exponential,0.5,B7_semi_synthetic_diagnostic_only,False,True,5.346880000000001e+18,2.0549010615298013,6.664891087915237e-07,1e-06,14,11.019620588771577,217.13967632959174,1.0,2.05490172801891,attachment_B7_native_val_loss,1.4356781087524592e+22,3.920358355633382e+21,8.323903065464317e+20,1.9109529749704407e+22,1.0,Q_max
2.053525026457146e+22,8192,exponential,0.5,B7_semi_synthetic_diagnostic_only,False,True,5.346880000000001e+18,2.0492199476804545,6.370737462013665e-07,1e-06,14,11.414154390681041,225.61421730860692,1.0,2.0492205847542007,attachment_B7_native_val_loss,1.5451173054558614e+22,4.2192003220981384e+21,8.648768879147094e+20,2.053525026457146e+22,1.0,Q_max
2.20673406908459e+22,8192,exponential,0.5,B7_semi_synthetic_diagnostic_only,False,True,5.346880000000001e+18,2.0436035315579995,6.089119679586474e-07,1e-06,14,11.82348993483987,234.39493794585965,1.0,2.0436041404699674,attachment_B7_native_val_loss,1.6628197137481724e+22,4.540606365008343e+21,8.985371883558282e+20,2.2067340690845895e+22,0.9999999999999998,Q_max
2.371373705661655e+22,8192,exponential,0.5,B7_semi_synthetic_diagnostic_only,False,True,5.346880000000001e+18,2.0380627684275052,5.910133622499814e-07,1e-06,14,11.97,248.9237075726125,1.0,2.0380633594408675,attachment_B7_native_val_loss,1.787770067786503e+22,4.881804131769011e+21,9.542322469825099e+20,2.371373705661655e+22,1.0,N_max;Q_max
2.5482967479793465e+22,8192,exponential,0.5,B7_semi_synthetic_diagnostic_only,False,True,5.346880000000001e+18,2.03263678225178,5.784100864936192e-07,1e-06,14,11.97,267.4953648122958,1.0,2.0326373606618664,attachment_B7_native_val_loss,1.9211517100819086e+22,5.246024936330331e+21,1.025425442644046e+21,2.548296747979346e+22,0.9999999999999999,N_max;Q_max
2.7384196342643614e+22,8192,exponential,0.5,B7_semi_synthetic_diagnostic_only,False,True,5.346880000000001e+18,2.0273265079529987,5.660755815206642e-07,1e-06,14,11.97,287.45261306695977,1.0,2.0273270740285803,attachment_B7_native_val_loss,2.0644846670469052e+22,5.637419464149415e+21,1.101930208025144e+21,2.738419634264361e+22,0.9999999999999999,N_max;Q_max
2.942727176209282e+22,8192,exponential,0.5,B7_semi_synthetic_diagnostic_only,False,True,5.346880000000001e+18,2.0221294779173427,5.54004116359863e-07,1e-06,14,11.97,308.89882827317365,1.0,2.022130031921459,attachment_B7_native_val_loss,2.2185113846579332e+22,6.05801508770593e+21,1.1841428278075578e+21,2.942727176209282e+22,1.0,N_max;Q_max
3.1622776601683792e+22,8192,exponential,0.5,B7_semi_synthetic_diagnostic_only,False,True,5.346880000000001e+18,2.0170432771540954,5.42190081276317e-07,1e-06,14,11.97,331.9450990216347,1.0,2.0170438193441766,attachment_B7_native_val_loss,2.3840297011733804e+22,6.509990437337444e+21,1.2724891526125432e+21,3.1622776601683792e+22,1.0,N_max;Q_max
3.3982083289425593e+22,8192,exponential,0.5,B7_semi_synthetic_diagnostic_only,False,True,5.346880000000001e+18,2.0120655421734304,5.306279859951246e-07,1e-06,14,11.97,356.71080198154357,1.0,2.0120660728014164,attachment_B7_native_val_loss,2.561896979831446e+22,6.995686686259735e+21,1.367426804851399e+21,3.3982083289425593e+22,1.0,N_max;Q_max
3.651741272548377e+22,8192,exponential,0.5,B7_semi_synthetic_diagnostic_only,False,True,5.346880000000001e+18,2.007193959888126,5.193124583691144e-07,1e-06,14,11.97,383.32422025614204,1.0,2.0071944792005842,attachment_B7_native_val_loss,2.753034549879612e+22,7.517619677537928e+21,1.4694475491497196e+21,3.651741272548377e+22,1.0,N_max;Q_max
3.924189758484536e+22,8192,exponential,0.5,B7_semi_synthetic_diagnostic_only,False,True,5.346880000000001e+18,2.002426266538705,5.082382403820418e-07,1e-06,14,11.97,411.9232078724152,1.0,2.0024267747769455,attachment_B7_native_val_loss,2.958432478939686e+22,8.078492955824636e+21,1.5790798396238628e+21,3.924189758484536e+22,1.0,N_max;Q_max
4.2169650342858225e+22,8192,exponential,0.5,B7_semi_synthetic_diagnostic_only,False,True,5.346880000000001e+18,1.997759749349656,9.946920282999372e-07,1e-06,13,11.97,442.6559038469267,1.0,1.9977607440416842,attachment_B7_native_val_loss,3.1791547014286278e+22,8.681211771367772e+21,1.6968915572041733e+21,4.216965034285822e+22,0.9999999999999998,N_max;Q_max
4.531583637600818e+22,8192,exponential,0.5,B7_semi_synthetic_diagnostic_only,False,True,5.346880000000001e+18,1.9931932452722931,9.734801018623784e-07,1e-06,13,11.97,475.68149952655585,1.0,1.993194218752395,attachment_B7_native_val_loss,3.4163445295997243e+22,9.32889812882698e+21,1.8234929511839553e+21,4.531583637600818e+22,1.0,N_max;Q_max
4.869675251658631e+22,8192,exponential,0.5,B7_semi_synthetic_diagnostic_only,False,True,5.346880000000001e+18,1.9887241241849987,9.527205309112219e-07,1e-06,13,11.97,511.17106317886,1.0,1.9887250769055296,attachment_B7_native_val_loss,3.6712305757505725e+22,1.0024906958849563e+22,1.9595398002310206e+21,4.869675251658631e+22,1.0,N_max;Q_max
5.2329911468149466e+22,8192,exponential,0.5,B7_semi_synthetic_diagnostic_only,False,True,5.346880000000001e+18,1.9843503093466608,9.324036680524728e-07,1e-06,13,11.97,549.3084261033337,1.0,1.9843512417503288,attachment_B7_native_val_loss,3.9451331162741425e+22,1.077284349617259e+22,2.1057368092354452e+21,5.232991146814946e+22,0.9999999999999999,N_max;Q_max
5.623413251903491e+22,8192,exponential,0.5,B7_semi_synthetic_diagnostic_only,False,True,5.346880000000001e+18,1.980069768303714,9.125200723936189e-07,1e-06,13,11.97,590.2911348535043,1.0,1.9800706808237865,attachment_B7_native_val_loss,4.2394709305178685e+22,1.1576581954267458e+22,2.262841259588762e+21,5.62341325190349e+22,0.9999999999999999,N_max;Q_max
6.042963902381329e+22,8192,exponential,0.5,B7_semi_synthetic_diagnostic_only,False,True,5.346880000000001e+18,1.979112958094279,1.9791057681572966e-11,1e-06,0,11.97,600.0,1.0,1.97911295811407,attachment_B7_native_val_loss,4.3092e+22,1.17669888e+22,2.3000595394172845e+21,5.715904833941729e+22,0.9458777060854664,N_max;D_max;Q_max
6.493816315762113e+22,8192,exponential,0.5,B7_semi_synthetic_diagnostic_only,False,True,5.346880000000001e+18,1.979112958094279,1.9791057681572966e-11,1e-06,0,11.97,600.0,1.0,1.97911295811407,attachment_B7_native_val_loss,4.3092e+22,1.17669888e+22,2.3000595394172845e+21,5.715904833941729e+22,0.8802073474218544,N_max;D_max;Q_max
6.978305848598663e+22,8192,exponential,0.5,B7_semi_synthetic_diagnostic_only,False,True,5.346880000000001e+18,1.979112958094279,1.9791057681572966e-11,1e-06,0,11.97,600.0,1.0,1.97911295811407,attachment_B7_native_val_loss,4.3092e+22,1.17669888e+22,2.3000595394172845e+21,5.715904833941729e+22,0.8190963477316717,N_max;D_max;Q_max
7.498942093324558e+22,8192,exponential,0.5,B7_semi_synthetic_diagnostic_only,False,True,5.346880000000001e+18,1.979112958094279,1.9791057681572966e-11,1e-06,0,11.97,600.0,1.0,1.97911295811407,attachment_B7_native_val_loss,4.3092e+22,1.17669888e+22,2.3000595394172845e+21,5.715904833941729e+22,0.7622281600267242,N_max;D_max;Q_max
8.058421877614818e+22,8192,exponential,0.5,B7_semi_synthetic_diagnostic_only,False,True,5.346880000000001e+18,1.979112958094279,1.9791057681572966e-11,1e-06,0,11.97,600.0,1.0,1.97911295811407,attachment_B7_native_val_loss,4.3092e+22,1.17669888e+22,2.3000595394172845e+21,5.715904833941729e+22,0.7093082145301578,N_max;D_max;Q_max
8.659643233600654e+22,8192,exponential,0.5,B7_semi_synthetic_diagnostic_only,False,True,5.346880000000001e+18,1.979112958094279,1.9791057681572966e-11,1e-06,0,11.97,600.0,1.0,1.97911295811407,attachment_B7_native_val_loss,4.3092e+22,1.17669888e+22,2.3000595394172845e+21,5.715904833941729e+22,0.6600623928435297,N_max;D_max;Q_max
9.30572040929699e+22,8192,exponential,0.5,B7_semi_synthetic_diagnostic_only,False,True,5.346880000000001e+18,1.979112958094279,1.9791057681572966e-11,1e-06,0,11.97,600.0,1.0,1.97911295811407,attachment_B7_native_val_loss,4.3092e+22,1.17669888e+22,2.3000595394172845e+21,5.715904833941729e+22,0.6142356080493443,N_max;D_max;Q_max
1.0000000000000001e+23,8192,exponential,0.5,B7_semi_synthetic_diagnostic_only,False,True,5.346880000000001e+18,1.979112958094279,1.9791057681572966e-11,1e-06,0,11.97,600.0,1.0,1.97911295811407,attachment_B7_native_val_loss,4.3092e+22,1.17669888e+22,2.3000595394172845e+21,5.715904833941729e+22,0.5715904833941728,N_max;D_max;Q_max
1.0746078283213175e+23,8192,exponential,0.5,B7_semi_synthetic_diagnostic_only,False,True,5.346880000000001e+18,1.979112958094279,1.9791057681572966e-11,1e-06,0,11.97,600.0,1.0,1.97911295811407,attachment_B7_native_val_loss,4.3092e+22,1.17669888e+22,2.3000595394172845e+21,5.715904833941729e+22,0.5319061227081087,N_max;D_max;Q_max
1.1547819846894582e+23,8192,exponential,0.5,B7_semi_synthetic_diagnostic_only,False,True,5.346880000000001e+18,1.979112958094279,1.9791057681572966e-11,1e-06,0,11.97,600.0,1.0,1.97911295811407,attachment_B7_native_val_loss,4.3092e+22,1.17669888e+22,2.3000595394172845e+21,5.715904833941729e+22,0.4949769661914876,N_max;D_max;Q_max
1.2409377607517195e+23,8192,exponential,0.5,B7_semi_synthetic_diagnostic_only,False,True,5.346880000000001e+18,1.979112958094279,1.9791057681572966e-11,1e-06,0,11.97,600.0,1.0,1.97911295811407,attachment_B7_native_val_loss,4.3092e+22,1.17669888e+22,2.3000595394172845e+21,5.715904833941729e+22,0.46061172564200326,N_max;D_max;Q_max
1.3335214321633241e+23,8192,exponential,0.5,B7_semi_synthetic_diagnostic_only,False,True,5.346880000000001e+18,1.979112958094279,1.9791057681572966e-11,1e-06,0,11.97,600.0,1.0,1.97911295811407,attachment_B7_native_val_loss,4.3092e+22,1.17669888e+22,2.3000595394172845e+21,5.715904833941729e+22,0.4286323936068295,N_max;D_max;Q_max
1.4330125702369627e+23,8192,exponential,0.5,B7_semi_synthetic_diagnostic_only,False,True,5.346880000000001e+18,1.979112958094279,1.9791057681572966e-11,1e-06,0,11.97,600.0,1.0,1.97911295811407,attachment_B7_native_val_loss,4.3092e+22,1.17669888e+22,2.3000595394172845e+21,5.715904833941729e+22,0.3988733213272894,N_max;D_max;Q_max
1.539926526059492e+23,8192,exponential,0.5,B7_semi_synthetic_diagnostic_only,False,True,5.346880000000001e+18,1.979112958094279,1.9791057681572966e-11,1e-06,0,11.97,600.0,1.0,1.97911295811407,attachment_B7_native_val_loss,4.3092e+22,1.17669888e+22,2.3000595394172845e+21,5.715904833941729e+22,0.3711803606999433,N_max;D_max;Q_max
1.6548170999431815e+23,8192,exponential,0.5,B7_semi_synthetic_diagnostic_only,False,True,5.346880000000001e+18,1.979112958094279,1.9791057681572966e-11,1e-06,0,11.97,600.0,1.0,1.97911295811407,attachment_B7_native_val_loss,4.3092e+22,1.17669888e+22,2.3000595394172845e+21,5.715904833941729e+22,0.34541006580956807,N_max;D_max;Q_max
1.7782794100389228e+23,8192,exponential,0.5,B7_semi_synthetic_diagnostic_only,False,True,5.346880000000001e+18,1.979112958094279,1.9791057681572966e-11,1e-06,0,11.97,600.0,1.0,1.97911295811407,attachment_B7_native_val_loss,4.3092e+22,1.17669888e+22,2.3000595394172845e+21,5.715904833941729e+22,0.3214289498980714,N_max;D_max;Q_max
1.9109529749704405e+23,8192,exponential,0.5,B7_semi_synthetic_diagnostic_only,False,True,5.346880000000001e+18,1.979112958094279,1.9791057681572966e-11,1e-06,0,11.97,600.0,1.0,1.97911295811407,attachment_B7_native_val_loss,4.3092e+22,1.17669888e+22,2.3000595394172845e+21,5.715904833941729e+22,0.29911279392053824,N_max;D_max;Q_max
2.053525026457146e+23,8192,exponential,0.5,B7_semi_synthetic_diagnostic_only,False,True,5.346880000000001e+18,1.979112958094279,1.9791057681572966e-11,1e-06,0,11.97,600.0,1.0,1.97911295811407,attachment_B7_native_val_loss,4.3092e+22,1.17669888e+22,2.3000595394172845e+21,5.715904833941729e+22,0.2783460031068198,N_max;D_max;Q_max
2.2067340690845896e+23,8192,exponential,0.5,B7_semi_synthetic_diagnostic_only,False,True,5.346880000000001e+18,1.979112958094279,1.9791057681572966e-11,1e-06,0,11.97,600.0,1.0,1.97911295811407,attachment_B7_native_val_loss,4.3092e+22,1.17669888e+22,2.3000595394172845e+21,5.715904833941729e+22,0.2590210081957376,N_max;D_max;Q_max
2.371373705661655e+23,8192,exponential,0.5,B7_semi_synthetic_diagnostic_only,False,True,5.346880000000001e+18,1.979112958094279,1.9791057681572966e-11,1e-06,0,11.97,600.0,1.0,1.97911295811407,attachment_B7_native_val_loss,4.3092e+22,1.17669888e+22,2.3000595394172845e+21,5.715904833941729e+22,0.24103770824037582,N_max;D_max;Q_max
2.5482967479793466e+23,8192,exponential,0.5,B7_semi_synthetic_diagnostic_only,False,True,5.346880000000001e+18,1.979112958094279,1.9791057681572966e-11,1e-06,0,11.97,600.0,1.0,1.97911295811407,attachment_B7_native_val_loss,4.3092e+22,1.17669888e+22,2.3000595394172845e+21,5.715904833941729e+22,0.22430295209826384,N_max;D_max;Q_max
2.738419634264361e+23,8192,exponential,0.5,B7_semi_synthetic_diagnostic_only,False,True,5.346880000000001e+18,1.979112958094279,1.9791057681572966e-11,1e-06,0,11.97,600.0,1.0,1.97911295811407,attachment_B7_native_val_loss,4.3092e+22,1.17669888e+22,2.3000595394172845e+21,5.715904833941729e+22,0.2087300559206379,N_max;D_max;Q_max
2.942727176209282e+23,8192,exponential,0.5,B7_semi_synthetic_diagnostic_only,False,True,5.346880000000001e+18,1.979112958094279,1.9791057681572966e-11,1e-06,0,11.97,600.0,1.0,1.97911295811407,attachment_B7_native_val_loss,4.3092e+22,1.17669888e+22,2.3000595394172845e+21,5.715904833941729e+22,0.1942383541414382,N_max;D_max;Q_max
3.162277660168379e+23,8192,exponential,0.5,B7_semi_synthetic_diagnostic_only,False,True,5.346880000000001e+18,1.979112958094279,1.9791057681572966e-11,1e-06,0,11.97,600.0,1.0,1.97911295811407,attachment_B7_native_val_loss,4.3092e+22,1.17669888e+22,2.3000595394172845e+21,5.715904833941729e+22,0.1807527816402238,N_max;D_max;Q_max
3.3982083289425596e+23,8192,exponential,0.5,B7_semi_synthetic_diagnostic_only,False,True,5.346880000000001e+18,1.979112958094279,1.9791057681572966e-11,1e-06,0,11.97,600.0,1.0,1.97911295811407,attachment_B7_native_val_loss,4.3092e+22,1.17669888e+22,2.3000595394172845e+21,5.715904833941729e+22,0.16820348491466328,N_max;D_max;Q_max
3.651741272548377e+23,8192,exponential,0.5,B7_semi_synthetic_diagnostic_only,False,True,5.346880000000001e+18,1.979112958094279,1.9791057681572966e-11,1e-06,0,11.97,600.0,1.0,1.97911295811407,attachment_B7_native_val_loss,4.3092e+22,1.17669888e+22,2.3000595394172845e+21,5.715904833941729e+22,0.15652546024852607,N_max;D_max;Q_max
3.924189758484536e+23,8192,exponential,0.5,B7_semi_synthetic_diagnostic_only,False,True,5.346880000000001e+18,1.979112958094279,1.9791057681572966e-11,1e-06,0,11.97,600.0,1.0,1.97911295811407,attachment_B7_native_val_loss,4.3092e+22,1.17669888e+22,2.3000595394172845e+21,5.715904833941729e+22,0.14565821700093134,N_max;D_max;Q_max
4.2169650342858225e+23,8192,exponential,0.5,B7_semi_synthetic_diagnostic_only,False,True,5.346880000000001e+18,1.979112958094279,1.9791057681572966e-11,1e-06,0,11.97,600.0,1.0,1.97911295811407,attachment_B7_native_val_loss,4.3092e+22,1.17669888e+22,2.3000595394172845e+21,5.715904833941729e+22,0.13554546427273767,N_max;D_max;Q_max
4.531583637600818e+23,8192,exponential,0.5,B7_semi_synthetic_diagnostic_only,False,True,5.346880000000001e+18,1.979112958094279,1.9791057681572966e-11,1e-06,0,11.97,600.0,1.0,1.97911295811407,attachment_B7_native_val_loss,4.3092e+22,1.17669888e+22,2.3000595394172845e+21,5.715904833941729e+22,0.12613481932704507,N_max;D_max;Q_max
4.869675251658631e+23,8192,exponential,0.5,B7_semi_synthetic_diagnostic_only,False,True,5.346880000000001e+18,1.979112958094279,1.9791057681572966e-11,1e-06,0,11.97,600.0,1.0,1.97911295811407,attachment_B7_native_val_loss,4.3092e+22,1.17669888e+22,2.3000595394172845e+21,5.715904833941729e+22,0.1173775362534672,N_max;D_max;Q_max
5.232991146814947e+23,8192,exponential,0.5,B7_semi_synthetic_diagnostic_only,False,True,5.346880000000001e+18,1.979112958094279,1.9791057681572966e-11,1e-06,0,11.97,600.0,1.0,1.97911295811407,attachment_B7_native_val_loss,4.3092e+22,1.17669888e+22,2.3000595394172845e+21,5.715904833941729e+22,0.1092282534706887,N_max;D_max;Q_max
5.623413251903491e+23,8192,exponential,0.5,B7_semi_synthetic_diagnostic_only,False,True,5.346880000000001e+18,1.979112958094279,1.9791057681572966e-11,1e-06,0,11.97,600.0,1.0,1.97911295811407,attachment_B7_native_val_loss,4.3092e+22,1.17669888e+22,2.3000595394172845e+21,5.715904833941729e+22,0.10164475875940525,N_max;D_max;Q_max
6.042963902381328e+23,8192,exponential,0.5,B7_semi_synthetic_diagnostic_only,False,True,5.346880000000001e+18,1.979112958094279,1.9791057681572966e-11,1e-06,0,11.97,600.0,1.0,1.97911295811407,attachment_B7_native_val_loss,4.3092e+22,1.17669888e+22,2.3000595394172845e+21,5.715904833941729e+22,0.09458777060854665,N_max;D_max;Q_max
6.493816315762113e+23,8192,exponential,0.5,B7_semi_synthetic_diagnostic_only,False,True,5.346880000000001e+18,1.979112958094279,1.9791057681572966e-11,1e-06,0,11.97,600.0,1.0,1.97911295811407,attachment_B7_native_val_loss,4.3092e+22,1.17669888e+22,2.3000595394172845e+21,5.715904833941729e+22,0.08802073474218544,N_max;D_max;Q_max
6.978305848598663e+23,8192,exponential,0.5,B7_semi_synthetic_diagnostic_only,False,True,5.346880000000001e+18,1.979112958094279,1.9791057681572966e-11,1e-06,0,11.97,600.0,1.0,1.97911295811407,attachment_B7_native_val_loss,4.3092e+22,1.17669888e+22,2.3000595394172845e+21,5.715904833941729e+22,0.08190963477316716,N_max;D_max;Q_max
7.498942093324558e+23,8192,exponential,0.5,B7_semi_synthetic_diagnostic_only,False,True,5.346880000000001e+18,1.979112958094279,1.9791057681572966e-11,1e-06,0,11.97,600.0,1.0,1.97911295811407,attachment_B7_native_val_loss,4.3092e+22,1.17669888e+22,2.3000595394172845e+21,5.715904833941729e+22,0.07622281600267242,N_max;D_max;Q_max
8.058421877614818e+23,8192,exponential,0.5,B7_semi_synthetic_diagnostic_only,False,True,5.346880000000001e+18,1.979112958094279,1.9791057681572966e-11,1e-06,0,11.97,600.0,1.0,1.97911295811407,attachment_B7_native_val_loss,4.3092e+22,1.17669888e+22,2.3000595394172845e+21,5.715904833941729e+22,0.07093082145301578,N_max;D_max;Q_max
8.659643233600654e+23,8192,exponential,0.5,B7_semi_synthetic_diagnostic_only,False,True,5.346880000000001e+18,1.979112958094279,1.9791057681572966e-11,1e-06,0,11.97,600.0,1.0,1.97911295811407,attachment_B7_native_val_loss,4.3092e+22,1.17669888e+22,2.3000595394172845e+21,5.715904833941729e+22,0.06600623928435298,N_max;D_max;Q_max
9.30572040929699e+23,8192,exponential,0.5,B7_semi_synthetic_diagnostic_only,False,True,5.346880000000001e+18,1.979112958094279,1.9791057681572966e-11,1e-06,0,11.97,600.0,1.0,1.97911295811407,attachment_B7_native_val_loss,4.3092e+22,1.17669888e+22,2.3000595394172845e+21,5.715904833941729e+22,0.06142356080493442,N_max;D_max;Q_max
1e+24,8192,exponential,0.5,B7_semi_synthetic_diagnostic_only,False,True,5.346880000000001e+18,1.979112958094279,1.9791057681572966e-11,1e-06,0,11.97,600.0,1.0,1.97911295811407,attachment_B7_native_val_loss,4.3092e+22,1.17669888e+22,2.3000595394172845e+21,5.715904833941729e+22,0.05715904833941729,N_max;D_max;Q_max
1e+19,8192,power,0.5,B7_semi_synthetic_diagnostic_only,False,True,5.346880000000001e+18,3.3102890798683258,9.001606890990388e-07,1e-06,26,0.13091746962714704,10.000000000000002,0.5,3.310289980029015,attachment_B7_native_val_loss,7.855048177628824e+18,2.1449518223711772e+18,0.0,1e+19,1.0,D_min;Q0
1.0746078283213175e+19,8192,power,0.5,B7_semi_synthetic_diagnostic_only,False,True,5.346880000000001e+18,3.2913043403067954,7.875375396260154e-07,1e-06,29,0.14068493772535054,10.0,0.5,3.291305127844335,attachment_B7_native_val_loss,8.441096263521033e+18,2.3049820196921434e+18,0.0,1.0746078283213177e+19,1.0000000000000002,D_min;Q0
1.1547819846894582e+19,8192,power,0.5,B7_semi_synthetic_diagnostic_only,False,True,5.346880000000001e+18,3.2727023868002845,8.682028873607806e-07,1e-06,29,0.15118113540655873,10.0,0.5,3.272703255003172,attachment_B7_native_val_loss,9.070868124393523e+18,2.476951722501058e+18,0.0,1.1547819846894582e+19,1.0,D_min;Q0
1.2409377607517196e+19,8192,power,0.5,B7_semi_synthetic_diagnostic_only,False,True,5.346880000000001e+18,3.2544756864227273,9.492824539769629e-07,1e-06,39,0.16246043160239312,10.0,0.5,3.2544766357051813,attachment_B7_native_val_loss,9.747625896143587e+18,2.661751711373609e+18,0.0,1.2409377607517196e+19,1.0,D_min;Q0
1.3335214321633241e+19,8192,power,0.5,B7_semi_synthetic_diagnostic_only,False,True,5.346880000000001e+18,3.236616761392274,9.386094679264545e-07,1e-06,51,0.17458125159239163,10.0,0.5,3.2366177000017418,attachment_B7_native_val_loss,1.0474875095543499e+19,2.8603392260897444e+18,0.0,1.3335214321633243e+19,1.0000000000000002,D_min;Q0
1.4330125702369628e+19,8192,power,0.5,B7_semi_synthetic_diagnostic_only,False,True,5.346880000000001e+18,3.2191180958149097,9.348370668682549e-07,1e-06,72,0.1876063796393175,10.0,0.5,3.2191190306519766,attachment_B7_native_val_loss,1.125638277835905e+19,3.073742924010578e+18,0.0,1.4330125702369628e+19,1.0,D_min;Q0
1.539926526059492e+19,8192,power,0.5,B7_semi_synthetic_diagnostic_only,False,True,5.346880000000001e+18,3.201972371581805,9.884603922039048e-07,1e-06,147,0.2016032842034316,10.0,0.5,3.201973360042197,attachment_B7_native_val_loss,1.2096197052205896e+19,3.303068208389023e+18,0.0,1.539926526059492e+19,1.0,D_min;Q0
1.6548170999431815e+19,8192,power,0.5,B7_semi_synthetic_diagnostic_only,False,True,5.346880000000001e+18,3.185143115617294,9.98875285596057e-07,1e-06,1332,0.2151340634497878,10.0,0.5045522799071813,3.1851441144925796,attachment_B7_native_val_loss,1.2908043806987268e+19,3.5247564955613235e+18,1.1537069688322187e+17,1.6548170999431813e+19,0.9999999999999999,D_min
1.7782794100389229e+19,8192,power,0.5,B7_semi_synthetic_diagnostic_only,False,True,5.346880000000001e+18,3.168345094100749,9.996094729736171e-07,1e-06,1387,0.22715993125076808,10.0,0.5164287977048287,3.168346093710222,attachment_B7_native_val_loss,1.3629595875046085e+19,3.7217883136125844e+18,4.314099117305583e+17,1.7782794100389229e+19,1.0,D_min
1.9109529749704405e+19,8192,power,0.5,B7_semi_synthetic_diagnostic_only,False,True,5.346880000000001e+18,3.151515151601173,9.986940350259488e-07,1e-06,1391,0.23995339801041307,10.0,0.5286747834703855,3.151516150295208,attachment_B7_native_val_loss,1.4397203880624783e+19,3.931396473002608e+18,7.809293960770125e+17,1.9109529749704405e+19,1.0,D_min
2.053525026457146e+19,8192,power,0.5,B7_semi_synthetic_diagnostic_only,False,True,5.346880000000001e+18,3.134661414332212,9.940938450192505e-07,1e-06,1387,0.25355850928564055,10.000000000000002,0.5412943371490262,3.134662408426057,attachment_B7_native_val_loss,1.5213510557138434e+19,4.1543026161359355e+18,1.167437091297092e+18,2.053525026457146e+19,1.0,D_min
2.2067340690845897e+19,8192,power,0.5,B7_semi_synthetic_diagnostic_only,False,True,5.346880000000001e+18,3.1177912147943023,9.985007394242018e-07,1e-06,1379,0.26802139735501707,10.0,0.5542915605279202,3.1177922132950417,attachment_B7_native_val_loss,1.6081283841301023e+19,4.3912625742645996e+18,1.5947942752802742e+18,2.2067340690845897e+19,1.0,D_min
2.3713737056616554e+19,8192,power,0.5,B7_semi_synthetic_diagnostic_only,False,True,5.346880000000001e+18,3.100911149982154,9.91649007353601e-07,1e-06,1370,0.2833904081513386,10.000000000000002,0.5676704330598781,3.100912141631161,attachment_B7_native_val_loss,1.7003424489080318e+19,4.643068447151532e+18,2.0672441203847066e+18,2.3713737056616554e+19,1.0,D_min
2.5482967479793463e+19,8192,power,0.5,B7_semi_synthetic_diagnostic_only,False,True,5.346880000000001e+18,3.0840270185706418,9.986393880723199e-07,1e-06,1357,0.29971618321189675,10.0,0.5814348279783692,3.08402801721003,attachment_B7_native_val_loss,1.7982970992713806e+19,4.910549945743716e+18,2.5894465413359416e+18,2.5482967479793463e+19,1.0,D_min
2.7384196342643614e+19,8192,power,0.5,B7_semi_synthetic_diagnostic_only,False,True,5.346880000000001e+18,3.0671439338275044,9.967564085222591e-07,1e-06,1344,0.3170516988728148,10.0,0.5955886097067646,3.067144930583913,attachment_B7_native_val_loss,1.9023101932368888e+19,5.194575034332198e+18,3.1665193759425295e+18,2.7384196342643614e+19,1.0,D_min
2.942727176209282e+19,8192,power,0.5,B7_semi_synthetic_diagnostic_only,False,True,5.346880000000001e+18,3.050266264341285,9.979606603316427e-07,1e-06,1335,0.33545238774441727,10.0,0.6101355625552745,3.0502672623019453,attachment_B7_native_val_loss,2.0127143264665035e+19,5.496051920804532e+18,3.8040765766232515e+18,2.942727176209282e+19,1.0,D_min
3.162277660168379e+19,8192,power,0.5,B7_semi_synthetic_diagnostic_only,False,True,5.346880000000001e+18,3.033397709105818,9.99830596537521e-07,1e-06,1441,0.35497622033204157,10.0,0.6250794156532737,3.0333987089364145,attachment_B7_native_val_loss,2.1298573219922493e+19,5.815930393920169e+18,4.5082729878411305e+18,3.162277660168379e+19,1.0,D_min
3.3982083289425592e+19,8192,power,0.5,B7_semi_synthetic_diagnostic_only,False,True,5.346880000000001e+18,3.016541311409909,9.998734804561593e-07,1e-06,1481,0.3756837948861406,10.0,0.6404238551199641,3.0165423112833896,attachment_B7_native_val_loss,2.254102769316844e+19,6.155203295414528e+18,5.28585230084263e+18,3.39820832894256e+19,1.0000000000000002,D_min
3.651741272548377e+19,8192,power,0.5,B7_semi_synthetic_diagnostic_only,False,True,5.346880000000001e+18,2.99969948476857,9.99393690026551e-07,1e-06,1505,0.3976384178053619,10.0,0.656172552534761,2.99970048416226,attachment_B7_native_val_loss,2.3858305068321714e+19,6.514907837323049e+18,6.144199819839006e+18,3.6517412725483766e+19,0.9999999999999999,D_min
3.924189758484536e+19,8192,power,0.5,B7_semi_synthetic_diagnostic_only,False,True,5.346880000000001e+18,2.9828740490019547,9.982950581743921e-07,1e-06,1520,0.4209062070827878,10.0,0.6723291609157596,2.982875047297013,attachment_B7_native_val_loss,2.525437242496727e+19,6.896127296844396e+18,7.091397863033694e+18,3.924189758484536e+19,1.0,D_min
4.216965034285823e+19,8192,power,0.5,B7_semi_synthetic_diagnostic_only,False,True,5.346880000000001e+18,2.966066257973387,9.988471010302646e-07,1e-06,1525,0.44555625433844703,10.0,0.6888972510231917,2.966067256820488,attachment_B7_native_val_loss,2.673337526030682e+19,7.299993671081116e+18,8.136281411470292e+18,4.216965034285823e+19,1.0,D_min
4.531583637600818e+19,8192,power,0.5,B7_semi_synthetic_diagnostic_only,False,True,5.346880000000001e+18,2.9492768371833735,9.998167196378915e-07,1e-06,1530,0.47166058406965344,10.0,0.7058805027371129,2.949277837000093,attachment_B7_native_val_loss,2.8299635044179206e+19,7.727687009397202e+18,9.288514322431775e+18,4.531583637600818e+19,1.0,D_min
4.869675251658631e+19,8192,power,0.5,B7_semi_synthetic_diagnostic_only,False,True,5.346880000000001e+18,2.9325060158157665,9.96022621269077e-07,1e-06,1532,0.4992944404578806,10.0,0.7232824982549555,2.932507011838388,attachment_B7_native_val_loss,2.9957666427472835e+19,8.180440112461915e+18,1.055864597665156e+19,4.8696752516586316e+19,1.0000000000000002,D_min
5.2329911468149465e+19,8192,power,0.5,B7_semi_synthetic_diagnostic_only,False,True,5.346880000000001e+18,2.9157535376987864,9.98555075959473e-07,1e-06,1529,0.5285362854856581,10.0,0.7411068738027549,2.9157545362538624,attachment_B7_native_val_loss,3.1712177129139487e+19,8.659538501397023e+18,1.1958195837612956e+19,5.2329911468149465e+19,1.0,D_min
5.6234132519034905e+19,8192,power,0.5,B7_semi_synthetic_diagnostic_only,False,True,5.346880000000001e+18,2.899018729655399,9.969400420750674e-07,1e-06,1536,0.5594679444922068,10.0,0.7593572941387989,2.899019726595441,attachment_B7_native_val_loss,3.356807666953241e+19,9.166322802560316e+18,1.3499733046942175e+19,5.62341325190349e+19,0.9999999999999999,D_min
6.042963902381328e+19,8192,power,0.5,B7_semi_synthetic_diagnostic_only,False,True,5.346880000000001e+18,2.8823004924444113,9.978441681823824e-07,1e-06,1541,0.5921747420190231,10.0,0.7780374512624755,2.8823014902885795,attachment_B7_native_val_loss,3.5530484521141387e+19,9.702190973239675e+18,1.5196963529432228e+19,6.042963902381329e+19,1.0000000000000002,D_min
6.493816315762113e+19,8192,power,0.5,B7_semi_synthetic_diagnostic_only,False,True,5.346880000000001e+18,2.8655973562030526,9.982478941239492e-07,1e-06,1545,0.6267456758863079,10.0,0.7971510426572184,2.8655983544509467,attachment_B7_native_val_loss,3.760474055317847e+19,1.0268601153721268e+19,1.706482145072138e+19,6.493816315762112e+19,0.9999999999999999,D_min
6.978305848598663e+19,8192,power,0.5,B7_semi_synthetic_diagnostic_only,False,True,5.346880000000001e+18,2.8489074955609444,9.977907149405496e-07,1e-06,1549,0.6632734638334036,10.0,0.816701856496032,2.8489084933516593,attachment_B7_native_val_loss,3.979640783000421e+19,1.0867072431446485e+19,1.9119578224535933e+19,6.978305848598662e+19,0.9999999999999999,D_min
7.498942093324558e+19,8192,power,0.5,B7_semi_synthetic_diagnostic_only,False,True,5.346880000000001e+18,2.8322287561346413,9.984853077682487e-07,1e-06,1556,0.7018547336196235,10.0,0.8366937381429334,2.832229754619949,attachment_B7_native_val_loss,4.211128401717741e+19,1.1499187955623911e+19,2.137894896044426e+19,7.498942093324558e+19,1.0,D_min
8.058421877614818e+19,8192,power,0.5,B7_semi_synthetic_diagnostic_only,False,True,5.346880000000001e+18,2.8155586869497844,9.971872851899377e-07,1e-06,1563,0.7425902277206483,10.0,0.857130567128082,2.8155596841370696,attachment_B7_native_val_loss,4.45554136632389e+19,1.21665982909751e+19,2.386220682193418e+19,8.058421877614818e+19,1.0,D_min
8.659643233600653e+19,8192,power,0.5,B7_semi_synthetic_diagnostic_only,False,True,5.346880000000001e+18,2.798894549735123,9.998343575290392e-07,1e-06,1564,0.7855849000562438,10.0,0.8780163126316687,2.7988955495694805,attachment_B7_native_val_loss,4.713509400337464e+19,1.2871023002521498e+19,2.6590315330110407e+19,8.659643233600655e+19,1.0000000000000002,D_min
9.30572040929699e+19,8192,power,0.5,B7_semi_synthetic_diagnostic_only,False,True,5.346880000000001e+18,2.7822333626773115,9.998448371462132e-07,1e-06,1570,0.8309480415079513,10.0,0.8993550607934553,2.7822343625221486,attachment_B7_native_val_loss,4.985688249047708e+19,1.3614252712066273e+19,2.958606889042656e+19,9.305720409296991e+19,1.0000000000000002,D_min
1e+20,8192,power,0.5,B7_semi_synthetic_diagnostic_only,False,True,5.346880000000001e+18,2.765571903038122,9.962702227639397e-07,1e-06,1573,0.8787935458480591,10.0,0.9211509689246482,2.765572899308345,attachment_B7_native_val_loss,5.2727612750883545e+19,1.4398153455174599e+19,3.2874233793941852e+19,1e+20,1.0,D_min
1.0746078283213175e+20,8192,power,0.5,B7_semi_synthetic_diagnostic_only,False,True,5.346880000000001e+18,2.7489067211443228,9.992027418803673e-07,1e-06,1574,0.9292401241018378,10.0,0.9434082675399509,2.7489077203470647,attachment_B7_native_val_loss,5.575440744611027e+19,1.522467019328451e+19,3.6481705192736973e+19,1.0746078283213177e+20,1.0000000000000002,D_min
1.1547819846894582e+20,8192,power,0.5,B7_semi_synthetic_diagnostic_only,False,True,5.346880000000001e+18,2.732234190478688,9.977325623466982e-07,1e-06,1572,0.9824113607062152,10.0,0.9661313373242351,2.7322351882112503,attachment_B7_native_val_loss,5.894468164237291e+19,1.6095827733810629e+19,4.043768909276227e+19,1.154781984689458e+20,0.9999999999999999,D_min
1.2409377607517195e+20,8192,power,0.5,B7_semi_synthetic_diagnostic_only,False,True,5.346880000000001e+18,2.715550485595756,9.987640603448256e-07,1e-06,1545,1.0384359103726442,10.0,0.989324708027584,2.7155514843598163,attachment_B7_native_val_loss,6.230615462235865e+19,1.7013733955545403e+19,4.4773887497267905e+19,1.2409377607517195e+20,1.0,D_min
1.333521432163324e+20,8192,power,0.5,B7_semi_synthetic_diagnostic_only,False,True,5.346880000000001e+18,2.6990327536035745,9.628553816476426e-07,1e-06,120,1.1321368770466644,9.999999999999998,1.0,2.699033716458956,attachment_B7_native_val_loss,6.792821262279985e+19,1.8548930593532547e+19,4.687499999999999e+19,1.3335214321633237e+20,0.9999999999999998,D_min;Q_max
1.4330125702369627e+20,8192,power,0.5,B7_semi_synthetic_diagnostic_only,False,True,5.346880000000001e+18,2.6835178040716254,8.390236048150257e-07,1e-06,55,1.2623881575159233,10.0,1.0,2.6835186430952302,attachment_B7_native_val_loss,7.574328945095539e+19,2.0682967572740887e+19,4.6875e+19,1.4330125702369627e+20,1.0,D_min;Q_max
1.539926526059492e+20,8192,power,0.5,B7_semi_synthetic_diagnostic_only,False,True,5.346880000000001e+18,2.6689503583228227,9.67021778208732e-07,1e-06,44,1.368019376898832,10.173275029633079,1.0,2.668951325344601,attachment_B7_native_val_loss,8.350342420235454e+19,2.2802001702189613e+19,4.768722670140505e+19,1.539926526059492e+20,1.0,Q_max
1.6548170999431814e+20,8192,power,0.5,B7_semi_synthetic_diagnostic_only,False,True,5.346880000000001e+18,2.654770114686287,9.671185838833196e-07,1e-06,42,1.4054922781219124,10.729393310798365,1.0,2.654771081804871,attachment_B7_native_val_loss,9.048047668356001e+19,2.4707202166390784e+19,5.029403114436733e+19,1.6548170999431814e+20,1.0,Q_max
1.778279410038923e+20,8192,power,0.5,B7_semi_synthetic_diagnostic_only,False,True,5.346880000000001e+18,2.6408136428772084,9.740560282800459e-07,1e-06,37,1.4441890237277666,11.313078303101037,1.0,2.6408146169332367,attachment_B7_native_val_loss,9.802934105946758e+19,2.6768545398638617e+19,5.303005454578611e+19,1.778279410038923e+20,1.0,Q_max
1.9109529749704406e+20,8192,power,0.5,B7_semi_synthetic_diagnostic_only,False,True,5.346880000000001e+18,2.627076464674269,9.018438356100944e-07,1e-06,31,1.4841549130341951,11.925516473751848,1.0,2.6270773665181046,attachment_B7_native_val_loss,1.0619588318993421e+20,2.8998555836398035e+19,5.590085847071179e+19,1.9109529749704403e+20,0.9999999999999998,Q_max
2.053525026457146e+20,8192,power,0.5,B7_semi_synthetic_diagnostic_only,False,True,5.346880000000001e+18,2.6135539958827776,8.706470064900884e-07,1e-06,30,1.5254370206988814,12.567935544501012,1.0,2.613554866529784,attachment_B7_native_val_loss,1.1502956492003518e+20,3.1410739860830945e+19,5.891219786484849e+19,2.053525026457146e+20,1.0,Q_max
2.20673406908459e+20,8192,power,0.5,B7_semi_synthetic_diagnostic_only,False,True,5.346880000000001e+18,2.600241910737717,8.403802103096325e-07,1e-06,30,1.568084265810656,13.241605542563054,1.0,2.600242751117927,attachment_B7_native_val_loss,1.245837198321858e+20,3.4019661095508865e+19,6.2070025980764316e+19,2.20673406908459e+20,1.0,Q_max
2.3713737056616553e+20,8192,power,0.5,B7_semi_synthetic_diagnostic_only,False,True,5.346880000000001e+18,2.5871357864128526,9.642370706330894e-07,1e-06,29,1.612147483510228,13.947839878335571,1.0,2.587136750649923,attachment_B7_native_val_loss,1.3491584976157378e+20,3.684102137489375e+19,6.538049942969799e+19,2.371373705661655e+20,0.9999999999999999,Q_max
2.5482967479793464e+20,8192,power,0.5,B7_semi_synthetic_diagnostic_only,False,True,5.346880000000001e+18,2.5742319072408772,7.825481898038333e-07,1e-06,29,1.6576794992264863,14.687996452332264,1.0,2.574232689789067,attachment_B7_native_val_loss,1.4608794362245535e+20,3.98917478051718e+19,6.8849983370307486e+19,2.5482967479793464e+20,1.0,Q_max
2.7384196342643612e+20,8192,power,0.5,B7_semi_synthetic_diagnostic_only,False,True,5.346880000000001e+18,2.5615257306716233,7.549396996431312e-07,1e-06,28,1.7047352056174785,15.463478793954655,1.0,2.561526485611323,attachment_B7_native_val_loss,1.5816682020824285e+20,4.319008637153084e+19,7.248505684666244e+19,2.7384196342643612e+20,1.0,Q_max
2.942727176209282e+20,8192,power,0.5,B7_semi_synthetic_diagnostic_only,False,True,5.346880000000001e+18,2.5490134175848413,7.281746960963176e-07,1e-06,26,1.7533716423088732,16.275737234927906,1.0,2.5490141457595374,attachment_B7_native_val_loss,1.7122449675235934e+20,4.675570257984425e+19,7.629251828872456e+19,2.9427271762092815e+20,0.9999999999999999,Q_max
3.1622776601683794e+20,8192,power,0.5,B7_semi_synthetic_diagnostic_only,False,True,5.346880000000001e+18,2.536691023518353,7.431156214821044e-07,1e-06,23,1.8036480785260696,17.12627012042945,1.0,2.5366917666339743,attachment_B7_native_val_loss,1.8533858517018608e+20,5.0609789657138815e+19,8.027939118951304e+19,3.1622776601683794e+20,1.0,Q_max
3.3982083289425596e+20,8192,power,0.5,B7_semi_synthetic_diagnostic_only,False,True,5.346880000000001e+18,2.524554854525214,6.770928409061128e-07,1e-06,17,1.855626098719957,18.016625061138033,1.0,2.524555531618055,attachment_B7_native_val_loss,2.0059271804579866e+20,5.477518487437276e+19,8.445292997408452e+19,3.3982083289425596e+20,1.0,Q_max
3.651741272548377e+20,8192,power,0.5,B7_semi_synthetic_diagnostic_only,False,True,5.346880000000001e+18,2.5126010566024664,6.527357596652905e-07,1e-06,17,1.9093696912904266,18.948400229625644,1.0,2.512601709338226,attachment_B7_native_val_loss,2.170770065813266e+20,5.9276494597140914e+19,8.88206260763702e+19,3.651741272548377e+20,1.0,Q_max
3.924189758484536e+20,8192,power,0.5,B7_semi_synthetic_diagnostic_only,False,True,5.346880000000001e+18,2.500826022815206,6.291416934089966e-07,1e-06,17,1.9649453405156727,19.92324570470647,1.0,2.5008266519568996,attachment_B7_native_val_loss,2.3488853289247123e+20,6.414022871517081e+19,9.339021424081158e+19,3.9241897584845364e+20,1.0000000000000002,Q_max
4.216965034285823e+20,8192,power,0.5,B7_semi_synthetic_diagnostic_only,False,True,5.346880000000001e+18,2.4892261872059906,6.062914206239611e-07,1e-06,17,2.022422121800231,20.942864867537043,1.0,2.4892267934974113,attachment_B7_native_val_loss,2.5413187921187868e+20,6.939494515012367e+19,9.81696790665799e+19,4.216965034285822e+20,0.9999999999999999,Q_max
4.5315836376008176e+20,8192,power,0.5,B7_semi_synthetic_diagnostic_only,False,True,5.346880000000001e+18,2.4777980640339394,5.841660684069439e-07,1e-06,17,2.081871800358429,22.00901585344388,1.0,2.477798648200008,attachment_B7_native_val_loss,2.7491969675355852e+20,7.507140519350503e+19,1.031672618130182e+20,4.5315836376008176e+20,1.0,Q_max
4.8696752516586314e+20,8192,power,0.5,B7_semi_synthetic_diagnostic_only,False,True,5.346880000000001e+18,2.4665382461607663,5.627471058033962e-07,1e-06,17,2.1433689334563324,23.123513063609334,1.0,2.466538808907872,attachment_B7_native_val_loss,2.973733171974715e+20,8.120274048272287e+19,1.0839146748566875e+20,4.8696752516586314e+20,1.0,Q_max
5.232991146814947e+20,8192,power,0.5,B7_semi_synthetic_diagnostic_only,False,True,5.346880000000001e+18,2.455443403465892,5.420163362579444e-07,1e-06,17,2.206990976338587,24.288228740915976,1.0,2.4554439454822283,attachment_B7_native_val_loss,3.2162340997469445e+20,8.782463248375657e+19,1.1385107222304365e+20,5.232991146814947e+20,1.0,Q_max
5.6234132519034906e+20,8192,power,0.5,B7_semi_synthetic_diagnostic_only,False,True,5.346880000000001e+18,2.4445102812897197,5.219558958380333e-07,1e-06,17,2.2728183919736837,25.505094614380322,1.0,2.4445108032456155,attachment_B7_native_val_loss,3.4781068877155526e+20,9.497550541388603e+19,1.1955513100490775e+20,5.6234132519034906e+20,1.0,Q_max
6.042963902381328e+20,8192,power,0.5,B7_semi_synthetic_diagnostic_only,False,True,5.346880000000001e+18,2.433735698904178,5.02548246128498e-07,1e-06,17,2.3409347647554357,26.77610361674965,1.0,2.433736201452424,attachment_B7_native_val_loss,3.760866709268581e+20,1.026967336077607e+20,1.25512985703514e+20,6.042963902381328e+20,1.0,Q_max
6.493816315762113e+20,8192,power,0.5,B7_semi_synthetic_diagnostic_only,False,True,5.346880000000001e+18,2.4231160642612903,9.675245551399314e-07,1e-06,16,2.411426918305577,28.10331167994439,1.0,2.4231170317858455,attachment_B7_native_val_loss,4.066144936712966e+20,1.1103286440517539e+20,1.3173427349973932e+20,6.493816315762113e+20,1.0,Q_max
6.978305848598663e+20,8192,power,0.5,B7_semi_synthetic_diagnostic_only,False,True,5.346880000000001e+18,2.4126493256624406,9.312179565235112e-07,1e-06,16,2.4843850375276073,29.488839613142225,1.0,2.412650256880397,attachment_B7_native_val_loss,4.3956979145365166e+20,1.2003185771961047e+20,1.382289356866042e+20,6.978305848598663e+20,1.0,Q_max
7.498942093324558e+20,8192,power,0.5,B7_semi_synthetic_diagnostic_only,False,True,5.346880000000001e+18,2.402332012753702,8.96115536441755e-07,1e-06,16,2.5599027950691955,30.934875068385306,1.0,2.4023329088692384,attachment_B7_native_val_loss,4.751416389160555e+20,1.2974534353334423e+20,1.4500722688305612e+20,7.498942093324558e+20,1.0,Q_max
8.058421877614818e+20,8192,power,0.5,B7_semi_synthetic_diagnostic_only,False,True,5.346880000000001e+18,2.392161225770768,8.621847427114915e-07,1e-06,16,2.6380774823570574,32.44367459867064,1.0,2.3921620879555108,attachment_B7_native_val_loss,5.135335644220359e+20,1.4022889865817729e+20,1.5207972468126863e+20,8.05842187761482e+20,1.0000000000000002,Q_max
8.659643233600653e+20,8192,power,0.5,B7_semi_synthetic_diagnostic_only,False,True,5.346880000000001e+18,2.3821341316133444,8.293936368808374e-07,1e-06,16,2.719010145374977,34.01756581355048,1.0,2.3821349610069813,attachment_B7_native_val_loss,5.549646394080285e+20,1.5154234420101897e+20,1.594573397510179e+20,8.659643233600653e+20,1.0,Q_max
9.30572040929699e+20,8192,power,0.5,B7_semi_synthetic_diagnostic_only,False,True,5.346880000000001e+18,2.3722479624624215,7.977108849033243e-07,1e-06,16,2.802805725363404,35.65894963731597,1.0,2.3722487601733064,attachment_B7_native_val_loss,5.996706492234869e+20,1.6375006528129352e+20,1.6715132642491862e+20,9.30572040929699e+20,1.0,Q_max
1e+21,8192,power,0.5,B7_semi_synthetic_diagnostic_only,False,True,5.346880000000001e+18,2.362500014419506,7.67105752697006e-07,1e-06,16,2.889573204626867,37.37030267487281,1.0,2.3625007815252586,attachment_B7_native_val_loss,6.479053515486492e+20,1.7692135466288447e+20,1.7517329378846628e+20,1e+21,1.0,Q_max
1.0746078283213176e+21,8192,power,0.5,B7_semi_synthetic_diagnostic_only,False,True,5.346880000000001e+18,2.3528876461672112,7.375480972626747e-07,1e-06,16,2.9794257576424696,39.154179690452935,1.0,2.3528883837153085,attachment_B7_native_val_loss,6.999418289345828e+20,1.9113078208773672e+20,1.8353521729899813e+20,1.0746078283213177e+21,1.0000000000000002,Q_max
1.1547819846894581e+21,8192,power,0.5,B7_semi_synthetic_diagnostic_only,False,True,5.346880000000001e+18,2.3434082776506218,7.090083644634149e-07,1e-06,16,3.0724809076725483,41.01321620430432,1.0,2.3434089866589862,attachment_B7_native_val_loss,7.560739424998284e+20,2.0645859123195314e+20,1.922494509576765e+20,1.154781984689458e+21,0.9999999999999999,Q_max
1.2409377607517195e+21,8192,power,0.5,B7_semi_synthetic_diagnostic_only,False,True,5.346880000000001e+18,2.3340593887789014,6.814575783664623e-07,1e-06,16,3.1688606890914635,42.95013121252349,1.0,2.3340600702364798,attachment_B7_native_val_loss,8.166178943441156e+20,2.2299112634889988e+20,2.0132874005870386e+20,1.2409377607517193e+21,0.9999999999999998,Q_max
1.333521432163324e+21,8192,power,0.5,B7_semi_synthetic_diagnostic_only,False,True,5.346880000000001e+18,2.324838518146636,6.548673421313822e-07,1e-06,16,3.2686918156466067,44.96773003517839,1.0,2.324839173013978,attachment_B7_native_val_loss,8.819139068051622e+20,2.40821290818263e+20,2.107862345398987e+20,1.333521432163324e+21,1.0,Q_max
1.4330125702369627e+21,8192,power,0.5,B7_semi_synthetic_diagnostic_only,False,True,5.346880000000001e+18,2.3157432617744647,6.29209826019661e-07,1e-06,16,3.3721058548827623,47.06890729786036,1.0,2.3157438909842907,attachment_B7_native_val_loss,9.523280272922934e+20,2.6004903998594895e+20,2.2063550295872048e+20,1.433012570236963e+21,1.0000000000000002,Q_max
1.539926526059492e+21,8192,power,0.5,B7_semi_synthetic_diagnostic_only,False,True,5.346880000000001e+18,2.306771271868551,6.044577682828844e-07,1e-06,16,3.4792394089673877,49.25665005180047,1.0,2.3067718763263194,attachment_B7_native_val_loss,1.0282540680836383e+21,2.807819108580388e+20,2.308905471178147e+20,1.539926526059492e+21,1.0,Q_max
1.6548170999431815e+21,8192,power,0.5,B7_semi_synthetic_diagnostic_only,False,True,5.346880000000001e+18,2.2979202555985263,5.805844680573102e-07,1e-06,16,3.590234302166115,51.53404103764557,1.0,2.2979208361829944,attachment_B7_native_val_loss,1.1101156911755483e+21,3.0313559140366975e+20,2.415658173639636e+20,1.6548170999431815e+21,1.0,Q_max
1.7782794100389228e+21,8192,power,0.5,B7_semi_synthetic_diagnostic_only,False,True,5.346880000000001e+18,2.2891879738935437,5.575637782584408e-07,1e-06,16,3.705237775225916,53.90426209799224,1.0,2.289188531457322,attachment_B7_native_val_loss,1.1983686490269567e+21,3.2723453242762756e+20,2.5267622858433862e+20,1.7782794100389228e+21,1.0,Q_max
1.9109529749704406e+21,8192,power,0.5,B7_semi_synthetic_diagnostic_only,False,True,5.346880000000001e+18,2.280572240256117,5.353701060251126e-07,1e-06,16,3.8244026869356054,56.370597743738045,1.0,2.280572775626223,attachment_B7_native_val_loss,1.2935031928519076e+21,3.5321260519476095e+20,2.642371769237721e+20,1.9109529749704406e+21,1.0,Q_max
2.053525026457146e+21,8192,power,0.5,B7_semi_synthetic_diagnostic_only,False,True,5.346880000000001e+18,2.2720709195934794,5.139784033936223e-07,1e-06,16,3.9478877231429,58.936438879307644,1.0,2.272071433571883,attachment_B7_native_val_loss,1.396046660984283e+21,3.812138082261083e+20,2.762645572467546e+20,2.0535250264571458e+21,0.9999999999999999,Q_max
2.20673406908459e+21,8192,power,0.5,B7_semi_synthetic_diagnostic_only,False,True,5.346880000000001e+18,2.26368143373315,9.866972043859334e-07,1e-06,15,4.075857613519155,61.605286691792,1.0,2.2636824204303543,attachment_B7_native_val_loss,1.506566260774624e+21,4.113930269421907e+20,2.88774781367775e+20,2.2067340690845897e+21,0.9999999999999999,Q_max
2.3713737056616553e+21,8192,power,0.5,B7_semi_synthetic_diagnostic_only,False,True,5.346880000000001e+18,2.2554027534811127,9.469760873237476e-07,1e-06,15,4.20848335637438,64.38075670903395,1.0,2.2554037004572,attachment_B7_native_val_loss,1.6256720584845453e+21,4.439168501035132e+20,3.017847970735966e+20,2.3713737056616553e+21,1.0,Q_max
2.5482967479793463e+21,8192,power,0.5,B7_semi_synthetic_diagnostic_only,False,True,5.346880000000001e+18,2.247232377194886,9.08715093839163e-07,1e-06,15,4.345942451836525,67.26658303170483,1.0,2.2472332859099797,attachment_B7_native_val_loss,1.7540201927248346e+21,4.789644472933948e+20,3.153121079611164e+20,2.548296747979346e+21,0.9999999999999998,Q_max
2.7384196342643614e+21,8192,power,0.5,B7_semi_synthetic_diagnostic_only,False,True,5.346880000000001e+18,2.2391683640790045,8.718684165742729e-07,1e-06,15,4.488419143721867,70.26662274442427,1.0,2.239169235947421,attachment_B7_native_val_loss,1.892316328144537e+21,5.16728512005335e+20,3.293747941144888e+20,2.738419634264361e+21,0.9999999999999998,Q_max
2.9427271762092816e+21,8192,power,0.5,B7_semi_synthetic_diagnostic_only,False,True,5.346880000000001e+18,2.231208819153842,8.363912948894381e-07,1e-06,15,4.6361046704356745,73.38486051100674,1.0,2.231209655545137,attachment_B7_native_val_loss,2.041319367326093e+21,5.574162752378451e+20,3.43991533645344e+20,2.942727176209282e+21,1.0000000000000002,Q_max
3.1622776601683794e+21,8192,power,0.5,B7_semi_synthetic_diagnostic_only,False,True,5.346880000000001e+18,2.22335189218777,8.0224001308693e-07,1e-06,15,4.7891975252553145,76.62541335896175,1.0,2.223352694427783,attachment_B7_native_val_loss,2.201845440182431e+21,6.012505948658157e+20,3.5918162512013315e+20,3.16227766016838e+21,1.0000000000000002,Q_max
3.3982083289425594e+21,8192,power,0.5,B7_semi_synthetic_diagnostic_only,False,True,5.346880000000001e+18,2.2155957766456726,7.693718822032736e-07,1e-06,15,4.94790372636179,79.99253565842695,1.0,2.215596546017555,attachment_B7_native_val_loss,2.3747721915927547e+21,6.484711264509282e+20,3.749650108988763e+20,3.3982083289425594e+21,1.0,Q_max
3.651741272548377e+21,8192,power,0.5,B7_semi_synthetic_diagnostic_only,False,True,5.346880000000001e+18,2.207938708653736,7.377452346801761e-07,1e-06,15,5.112437096998663,83.49062430080166,1.0,2.2079394463989708,attachment_B7_native_val_loss,2.561043389561979e+21,6.99335581576391e+20,3.913623014100077e+20,3.6517412725483776e+21,1.0000000000000002,Q_max
3.924189758484536e+21,8192,power,0.5,B7_semi_synthetic_diagnostic_only,False,True,5.346880000000001e+18,2.200378965980464,7.073194177031894e-07,1e-06,15,5.283019556152917,87.1242240824239,1.0,2.2003796732998815,attachment_B7_native_val_loss,2.761673877852566e+21,7.541210802456073e+20,4.08394800386362e+20,3.9241897584845353e+21,0.9999999999999999,Q_max
4.2169650342858226e+21,8192,power,0.5,B7_semi_synthetic_diagnostic_only,False,True,5.346880000000001e+18,2.1929148670338954,6.780547754381416e-07,1e-06,15,5.459881420165912,90.89803329876509,1.0,2.192915545088671,attachment_B7_native_val_loss,2.9777548988252994e+21,8.131256043725617e+20,4.2608453108796136e+20,4.216965034285822e+21,0.9999999999999999,Q_max
4.5315836376008176e+21,8192,power,0.5,B7_semi_synthetic_diagnostic_only,False,True,5.346880000000001e+18,2.1855447698749924,6.4991264725478e-07,1e-06,15,5.64326171569804,94.8169095547467,1.0,2.1855454197876396,attachment_B7_native_val_loss,3.2104598141466344e+21,8.766695599163077e+20,4.4445426353787516e+20,4.5315836376008176e+21,1.0,Q_max
4.869675251658631e+21,8192,power,0.5,B7_semi_synthetic_diagnostic_only,False,True,5.346880000000001e+18,2.1782670712472,6.228553499632028e-07,1e-06,15,5.833408504487938,98.88587579691782,1.0,2.17826769410255,attachment_B7_native_val_loss,3.46105025308487e+21,9.450974557757085e+20,4.635275427980523e+20,4.869675251658631e+21,1.0,Q_max
5.232991146814947e+21,8192,power,0.5,B7_semi_synthetic_diagnostic_only,False,True,5.346880000000001e+18,2.171080205622176,5.968461733729669e-07,1e-06,15,6.030579220359739,103.11012657346338,1.0,2.1710808024683494,attachment_B7_native_val_loss,3.730882720335544e+21,1.0187797081662926e+21,4.833287183131096e+20,5.232991146814946e+21,0.9999999999999998,Q_max
5.623413251903491e+21,8192,power,0.5,B7_semi_synthetic_diagnostic_only,False,True,5.346880000000001e+18,2.1639826442617047,5.71849363417698e-07,1e-06,15,6.235041018953943,107.4950345281341,1.0,2.163983216111068,attachment_B7_native_val_loss,4.0214156977007194e+21,1.0981145798521431e+21,5.0388297435062855e+20,5.623413251903492e+21,1.0000000000000002,Q_max
6.042963902381328e+21,8192,power,0.5,B7_semi_synthetic_diagnostic_only,False,True,5.346880000000001e+18,2.1569728942958073,5.478301128292173e-07,1e-06,15,6.447071140669074,112.04615713449873,1.0,2.15697344212592,attachment_B7_native_val_loss,4.334217276508194e+21,1.183530264305171e+21,5.252163615679628e+20,6.042963902381328e+21,1.0,Q_max
6.493816315762113e+21,8192,power,0.5,B7_semi_synthetic_diagnostic_only,False,True,5.346880000000001e+18,2.150049497817071,5.247545522557573e-07,1e-06,15,6.666957287324038,116.76924367709206,1.0,2.1500500225716235,attachment_B7_native_val_loss,4.670973360409832e+21,1.2754871256159116e+21,5.47355829736369e+20,6.493816315762113e+21,1.0,Q_max
6.978305848598664e+21,8192,power,0.5,B7_semi_synthetic_diagnostic_only,False,True,5.346880000000001e+18,2.143211030991224,5.02589732498393e-07,1e-06,15,6.894998013067724,121.67024248632946,1.0,2.1432115335809563,attachment_B7_native_val_loss,5.033496481156259e+21,1.3744801057877357e+21,5.703292616546693e+20,6.978305848598664e+21,1.0,Q_max
7.498942093324559e+21,8192,power,0.5,B7_semi_synthetic_diagnostic_only,False,True,5.346880000000001e+18,2.136455621920247,9.62567332951636e-07,1e-06,14,7.131503130079603,126.7553084343819,1.0,2.13645658448758,attachment_B7_native_val_loss,5.423735273124e+21,1.4810413119143936e+21,5.941655082861652e+20,7.498942093324559e+21,1.0,Q_max
8.058421877614818e+21,8192,power,0.5,B7_semi_synthetic_diagnostic_only,False,True,5.346880000000001e+18,2.129782895278157,9.21690987087942e-07,1e-06,14,7.376794129630392,132.03081069943303,1.0,2.129783816969144,attachment_B7_native_val_loss,5.843784655787515e+21,1.5957427966737108e+21,6.188944251535924e+20,8.058421877614818e+21,1.0,Q_max
8.659643233600654e+21,8192,power,0.5,B7_semi_synthetic_diagnostic_only,False,True,5.346880000000001e+18,2.123191021757459,8.824492345738122e-07,1e-06,14,7.631204619086693,137.50334080616562,1.0,2.123191904206694,attachment_B7_native_val_loss,6.295896776999178e+21,1.7191995465725756e+21,6.445469100289014e+20,8.659643233600655e+21,1.0000000000000002,Q_max
9.30572040929699e+21,8192,power,0.5,B7_semi_synthetic_diagnostic_only,False,True,5.346880000000001e+18,2.1166787052770855,8.447833046432152e-07,1e-06,14,7.895080775468363,143.1797209506268,1.0,2.11667955006039,attachment_B7_native_val_loss,6.782492773885312e+21,1.8520726934556157e+21,6.711549419560631e+20,9.305720409296991e+21,1.0000000000000002,Q_max
1e+22,8192,power,0.5,B7_semi_synthetic_diagnostic_only,False,True,5.346880000000001e+18,2.1102446796254073,8.086361438230938e-07,1e-06,14,8.168781816189945,149.06701261799094,1.0,2.110245488261551,attachment_B7_native_val_loss,7.306175412405609e+21,1.9950729659475582e+21,6.987516216468325e+20,1e+22,1.0,Q_max
1.0746078283213176e+22,8192,power,0.5,B7_semi_synthetic_diagnostic_only,False,True,5.346880000000001e+18,2.1038877076686324,7.739523799621395e-07,1e-06,14,8.452680487636908,155.17252550219555,1.0,2.1038884816210124,attachment_B7_native_val_loss,7.869742671178493e+21,2.1489643987431404e+21,7.273712132915416e+20,1.0746078283213176e+22,1.0,Q_max
1.154781984689458e+22,8192,power,0.5,B7_semi_synthetic_diagnostic_only,False,True,5.346880000000001e+18,2.097606580575498,7.406783018026886e-07,1e-06,14,8.747163572256731,161.5038267367531,1.0,2.0976073212538,attachment_B7_native_val_loss,8.476202340070736e+21,2.3145683189953158e+21,7.570491878285302e+20,1.154781984689458e+22,1.0,Q_max
1.2409377607517196e+22,8192,power,0.5,B7_semi_synthetic_diagnostic_only,False,True,5.346880000000001e+18,2.091400117058269,7.087618243417637e-07,1e-06,14,9.052632414864238,168.06875044656826,1.0,2.0914008258200933,attachment_B7_native_val_loss,9.128787709309994e+21,2.4927676304889154e+21,7.878222677182888e+20,1.2409377607517196e+22,1.0,Q_max
1.3335214321633241e+22,8192,power,0.5,B7_semi_synthetic_diagnostic_only,False,True,5.346880000000001e+18,2.085267162629992,6.781524590770971e-07,1e-06,14,9.36950346889148,174.87540763095757,1.0,2.085267840782451,attachment_B7_native_val_loss,9.830974430532411e+21,2.684511417830717e+21,8.197284732701137e+20,1.3335214321633241e+22,1.0,Q_max
1.4330125702369628e+22,8192,power,0.5,B7_semi_synthetic_diagnostic_only,False,True,5.346880000000001e+18,2.079206588877976,6.488012873617777e-07,1e-06,14,9.698208863333743,181.93219638863525,1.0,2.079207237679263,attachment_B7_native_val_loss,1.0586498637252226e+22,2.8908198945456747e+21,8.528071705717278e+20,1.4330125702369628e+22,1.0,Q_max
1.539926526059492e+22,8192,power,0.5,B7_semi_synthetic_diagnostic_only,False,True,5.346880000000001e+18,2.0732172927534442,6.206609262093821e-07,1e-06,14,10.039196991177242,189.24781249581162,1.0,2.0732179134143705,attachment_B7_native_val_loss,1.1399376418768962e+22,3.1127897207518444e+21,8.870991210741169e+20,1.5399265260594923e+22,1.0000000000000002,Q_max
1.6548170999431814e+22,8192,power,0.5,B7_semi_synthetic_diagnostic_only,False,True,5.346880000000001e+18,2.067298195877295,5.936854976518191e-07,1e-06,14,10.392933120116616,196.83126034916754,1.0,2.0672987895627926,attachment_B7_native_val_loss,1.2273924748542959e+22,3.3515997180021304e+21,9.226465328867229e+20,1.6548170999431812e+22,0.9999999999999999,Q_max
1.7782794100389228e+22,8192,power,0.5,B7_semi_synthetic_diagnostic_only,False,True,5.346880000000001e+18,2.0614482438618906,5.67830601649888e-07,1e-06,14,10.75990002640648,204.69186428588628,1.0,2.0614488116924923,attachment_B7_native_val_loss,1.3214783975609397e+22,3.6085170109397394e+21,9.59493113840092e+20,1.7782794100389228e+22,1.0,Q_max
1.9109529749704407e+22,8192,power,0.5,B7_semi_synthetic_diagnostic_only,False,True,5.346880000000001e+18,2.0556664056487963,5.43053277457517e-07,1e-06,14,11.140598652715209,212.83928029359026,1.0,2.055666948702074,attachment_B7_native_val_loss,1.4226941995701877e+22,3.884903627626326e+21,9.976841263762044e+20,1.9109529749704407e+22,1.0,Q_max
2.053525026457146e+22,8192,power,0.5,B7_semi_synthetic_diagnostic_only,False,True,5.346880000000001e+18,2.0499516728623535,5.193119783086786e-07,1e-06,14,11.535548790890033,221.2835081234394,1.0,2.0499521921743318,attachment_B7_native_val_loss,1.5315760227463475e+22,4.18222359277936e+21,1.0372664443286221e+21,2.0535250264571456e+22,0.9999999999999998,Q_max
2.20673406908459e+22,8192,power,0.5,B7_semi_synthetic_diagnostic_only,False,True,5.346880000000001e+18,2.0443025626737485,9.930717701500669e-07,1e-06,13,11.945289790568289,230.03490382035943,1.0,2.0443035557455187,attachment_B7_native_val_loss,1.6487001528478185e+22,4.502050550709777e+21,1.0782886116579348e+21,2.2067340690845895e+22,0.9999999999999998,Q_max
2.371373705661655e+22,8192,power,0.5,B7_semi_synthetic_diagnostic_only,False,True,5.346880000000001e+18,2.0387436068089935,9.70552604950825e-07,1e-06,13,11.97,246.711894040265,1.0,2.0387445773615984,attachment_B7_native_val_loss,1.7718848229971832e+22,4.838426823330975e+21,1.1564620033137423e+21,2.371373705661655e+22,1.0,N_max;Q_max
2.5482967479793465e+22,8192,power,0.5,B7_semi_synthetic_diagnostic_only,False,True,5.346880000000001e+18,2.033303101413265,9.498554649489677e-07,1e-06,13,11.97,265.11853267564817,1.0,2.03330405126873,attachment_B7_native_val_loss,1.904081301676505e+22,5.19941134111131e+21,1.2427431219171007e+21,2.548296747979346e+22,0.9999999999999999,N_max;Q_max
2.7384196342643614e+22,8192,power,0.5,B7_semi_synthetic_diagnostic_only,False,True,5.346880000000001e+18,2.0279786175241306,9.295997007718881e-07,1e-06,13,11.97,284.8984506463126,1.0,2.0279795471238313,attachment_B7_native_val_loss,2.046140672541817e+22,5.587328129820855e+21,1.3354614874045903e+21,2.738419634264362e+22,1.0000000000000002,N_max;Q_max
2.942727176209282e+22,8192,power,0.5,B7_semi_synthetic_diagnostic_only,False,True,5.346880000000001e+18,2.0227676809247632,9.097759012810513e-07,1e-06,13,11.97,306.154105341142,1.0,2.0227685907006645,attachment_B7_native_val_loss,2.1987987845600816e+22,6.004186547705396e+21,1.435097368786603e+21,2.942727176209282e+22,1.0,N_max;Q_max
3.1622776601683792e+22,8192,power,0.5,B7_semi_synthetic_diagnostic_only,False,True,5.346880000000001e+18,2.0176678701622524,8.903748542898882e-07,1e-06,13,11.97,328.99559827230047,1.0,2.0176687605371066,attachment_B7_native_val_loss,2.362846386791662e+22,6.452145866865765e+21,1.5421668669014084e+21,3.1622776601683792e+22,1.0,N_max;Q_max
3.3982083289425593e+22,8192,power,0.5,B7_semi_synthetic_diagnostic_only,False,True,5.346880000000001e+18,2.012676815422384,8.713875443433494e-07,1e-06,13,11.97,353.5412453866694,1.0,2.0126776868099285,attachment_B7_native_val_loss,2.53913322436706e+22,6.933526458004984e+21,1.6572245877500126e+21,3.3982083289425597e+22,1.0000000000000002,N_max;Q_max
3.651741272548377e+22,8192,power,0.5,B7_semi_synthetic_diagnostic_only,False,True,5.346880000000001e+18,2.007792197428423,8.528051478329246e-07,1e-06,13,11.97,379.9181899269828,1.0,2.007793050233571,attachment_B7_native_val_loss,2.7285724400555905e+22,7.450821809645132e+21,1.7808665152827317e+21,3.651741272548377e+22,1.0,N_max;Q_max
3.924189758484536e+22,8192,power,0.5,B7_semi_synthetic_diagnostic_only,False,True,5.346880000000001e+18,2.0030117463633714,8.34619031220285e-07,1e-06,13,11.97,408.26306101720087,1.0,2.0030125809824026,attachment_B7_native_val_loss,2.9321453042255364e+22,8.006711444071865e+21,1.9137330985181291e+21,3.924189758484536e+22,1.0,N_max;Q_max
4.2169650342858225e+22,8192,power,0.5,B7_semi_synthetic_diagnostic_only,False,True,5.346880000000001e+18,1.99833324081522,8.16820741933455e-07,1e-06,13,11.97,438.72268138350773,1.0,1.9983340576359618,attachment_B7_native_val_loss,3.1509062976963527e+22,8.604074796909507e+21,2.0565125689851925e+21,4.2169650342858225e+22,1.0,N_max;Q_max
4.531583637600818e+22,8192,power,0.5,B7_semi_synthetic_diagnostic_only,False,True,5.346880000000001e+18,1.993754506744683,7.994020101431687e-07,1e-06,13,11.97,471.4548278768366,1.0,1.993755306146693,attachment_B7_native_val_loss,3.3859885738114404e+22,9.246006132221106e+21,2.2099445056726717e+21,4.531583637600818e+22,1.0,N_max;Q_max
4.869675251658631e+22,8192,power,0.5,B7_semi_synthetic_diagnostic_only,False,True,5.346880000000001e+18,1.9892734164749535,7.823547416574428e-07,1e-06,13,11.97,506.62904873632783,1.0,1.9892741988296951,attachment_B7_native_val_loss,3.6386098280243063e+22,9.935830570391707e+21,2.374823665951537e+21,4.869675251658631e+22,1.0,N_max;Q_max
5.2329911468149466e+22,8192,power,0.5,B7_semi_synthetic_diagnostic_only,False,True,5.346880000000001e+18,1.9848878877030003,7.65671014812952e-07,1e-06,13,11.97,544.4275418270402,1.0,1.984888653374015,attachment_B7_native_val_loss,3.910078605401802e+22,1.0677121311817188e+22,2.552004102314251e+21,5.232991146814946e+22,0.9999999999999999,N_max;Q_max
5.623413251903491e+22,8192,power,0.5,B7_semi_synthetic_diagnostic_only,False,True,5.346880000000001e+18,1.980595882531948,7.493430767002707e-07,1e-06,13,11.97,585.0460984010689,1.0,1.9805966318750248,attachment_B7_native_val_loss,4.201801078716477e+22,1.1473718145615126e+22,2.7424035862550104e+21,5.623413251903491e+22,1.0,N_max;Q_max
6.042963902381329e+22,8192,power,0.5,B7_semi_synthetic_diagnostic_only,False,True,5.346880000000001e+18,1.979112958094279,1.9791057681572966e-11,1e-06,0,11.97,600.0,1.0,1.97911295811407,attachment_B7_native_val_loss,4.3092e+22,1.17669888e+22,2.8125e+21,5.76714888e+22,0.9543576584542166,N_max;D_max;Q_max
6.493816315762113e+22,8192,power,0.5,B7_semi_synthetic_diagnostic_only,False,True,5.346880000000001e+18,1.979112958094279,1.9791057681572966e-11,1e-06,0,11.97,600.0,1.0,1.97911295811407,attachment_B7_native_val_loss,4.3092e+22,1.17669888e+22,2.8125e+21,5.76714888e+22,0.888098554004629,N_max;D_max;Q_max
6.978305848598663e+22,8192,power,0.5,B7_semi_synthetic_diagnostic_only,False,True,5.346880000000001e+18,1.979112958094279,1.9791057681572966e-11,1e-06,0,11.97,600.0,1.0,1.97911295811407,attachment_B7_native_val_loss,4.3092e+22,1.17669888e+22,2.8125e+21,5.76714888e+22,0.8264396839468021,N_max;D_max;Q_max
7.498942093324558e+22,8192,power,0.5,B7_semi_synthetic_diagnostic_only,False,True,5.346880000000001e+18,1.979112958094279,1.9791057681572966e-11,1e-06,0,11.97,600.0,1.0,1.97911295811407,attachment_B7_native_val_loss,4.3092e+22,1.17669888e+22,2.8125e+21,5.76714888e+22,0.7690616633956711,N_max;D_max;Q_max
8.058421877614818e+22,8192,power,0.5,B7_semi_synthetic_diagnostic_only,False,True,5.346880000000001e+18,1.979112958094279,1.9791057681572966e-11,1e-06,0,11.97,600.0,1.0,1.97911295811407,attachment_B7_native_val_loss,4.3092e+22,1.17669888e+22,2.8125e+21,5.76714888e+22,0.7156672817068988,N_max;D_max;Q_max
8.659643233600654e+22,8192,power,0.5,B7_semi_synthetic_diagnostic_only,False,True,5.346880000000001e+18,1.979112958094279,1.9791057681572966e-11,1e-06,0,11.97,600.0,1.0,1.97911295811407,attachment_B7_native_val_loss,4.3092e+22,1.17669888e+22,2.8125e+21,5.76714888e+22,0.6659799629645986,N_max;D_max;Q_max
9.30572040929699e+22,8192,power,0.5,B7_semi_synthetic_diagnostic_only,False,True,5.346880000000001e+18,1.979112958094279,1.9791057681572966e-11,1e-06,0,11.97,600.0,1.0,1.97911295811407,attachment_B7_native_val_loss,4.3092e+22,1.17669888e+22,2.8125e+21,5.76714888e+22,0.6197423333542519,N_max;D_max;Q_max
1.0000000000000001e+23,8192,power,0.5,B7_semi_synthetic_diagnostic_only,False,True,5.346880000000001e+18,1.979112958094279,1.9791057681572966e-11,1e-06,0,11.97,600.0,1.0,1.97911295811407,attachment_B7_native_val_loss,4.3092e+22,1.17669888e+22,2.8125e+21,5.76714888e+22,0.5767148879999999,N_max;D_max;Q_max
1.0746078283213175e+23,8192,power,0.5,B7_semi_synthetic_diagnostic_only,False,True,5.346880000000001e+18,1.979112958094279,1.9791057681572966e-11,1e-06,0,11.97,600.0,1.0,1.97911295811407,attachment_B7_native_val_loss,4.3092e+22,1.17669888e+22,2.8125e+21,5.76714888e+22,0.5366747503607028,N_max;D_max;Q_max
1.1547819846894582e+23,8192,power,0.5,B7_semi_synthetic_diagnostic_only,False,True,5.346880000000001e+18,1.979112958094279,1.9791057681572966e-11,1e-06,0,11.97,600.0,1.0,1.97911295811407,attachment_B7_native_val_loss,4.3092e+22,1.17669888e+22,2.8125e+21,5.76714888e+22,0.49941451775859586,N_max;D_max;Q_max
1.2409377607517195e+23,8192,power,0.5,B7_semi_synthetic_diagnostic_only,False,True,5.346880000000001e+18,1.979112958094279,1.9791057681572966e-11,1e-06,0,11.97,600.0,1.0,1.97911295811407,attachment_B7_native_val_loss,4.3092e+22,1.17669888e+22,2.8125e+21,5.76714888e+22,0.46474118706053796,N_max;D_max;Q_max
1.3335214321633241e+23,8192,power,0.5,B7_semi_synthetic_diagnostic_only,False,True,5.346880000000001e+18,1.979112958094279,1.9791057681572966e-11,1e-06,0,11.97,600.0,1.0,1.97911295811407,attachment_B7_native_val_loss,4.3092e+22,1.17669888e+22,2.8125e+21,5.76714888e+22,0.43247515494701577,N_max;D_max;Q_max
1.4330125702369627e+23,8192,power,0.5,B7_semi_synthetic_diagnostic_only,False,True,5.346880000000001e+18,1.979112958094279,1.9791057681572966e-11,1e-06,0,11.97,600.0,1.0,1.97911295811407,attachment_B7_native_val_loss,4.3092e+22,1.17669888e+22,2.8125e+21,5.76714888e+22,0.4024492875904323,N_max;D_max;Q_max
1.539926526059492e+23,8192,power,0.5,B7_semi_synthetic_diagnostic_only,False,True,5.346880000000001e+18,1.979112958094279,1.9791057681572966e-11,1e-06,0,11.97,600.0,1.0,1.97911295811407,attachment_B7_native_val_loss,4.3092e+22,1.17669888e+22,2.8125e+21,5.76714888e+22,0.37450805492373196,N_max;D_max;Q_max
1.6548170999431815e+23,8192,power,0.5,B7_semi_synthetic_diagnostic_only,False,True,5.346880000000001e+18,1.979112958094279,1.9791057681572966e-11,1e-06,0,11.97,600.0,1.0,1.97911295811407,attachment_B7_native_val_loss,4.3092e+22,1.17669888e+22,2.8125e+21,5.76714888e+22,0.348506725014989,N_max;D_max;Q_max
1.7782794100389228e+23,8192,power,0.5,B7_semi_synthetic_diagnostic_only,False,True,5.346880000000001e+18,1.979112958094279,1.9791057681572966e-11,1e-06,0,11.97,600.0,1.0,1.97911295811407,attachment_B7_native_val_loss,4.3092e+22,1.17669888e+22,2.8125e+21,5.76714888e+22,0.32431061437492376,N_max;D_max;Q_max
1.9109529749704405e+23,8192,power,0.5,B7_semi_synthetic_diagnostic_only,False,True,5.346880000000001e+18,1.979112958094279,1.9791057681572966e-11,1e-06,0,11.97,600.0,1.0,1.97911295811407,attachment_B7_native_val_loss,4.3092e+22,1.17669888e+22,2.8125e+21,5.76714888e+22,0.3017943903140374,N_max;D_max;Q_max
2.053525026457146e+23,8192,power,0.5,B7_semi_synthetic_diagnostic_only,False,True,5.346880000000001e+18,1.979112958094279,1.9791057681572966e-11,1e-06,0,11.97,600.0,1.0,1.97911295811407,attachment_B7_native_val_loss,4.3092e+22,1.17669888e+22,2.8125e+21,5.76714888e+22,0.28084142173566795,N_max;D_max;Q_max
2.2067340690845896e+23,8192,power,0.5,B7_semi_synthetic_diagnostic_only,False,True,5.346880000000001e+18,1.979112958094279,1.9791057681572966e-11,1e-06,0,11.97,600.0,1.0,1.97911295811407,attachment_B7_native_val_loss,4.3092e+22,1.17669888e+22,2.8125e+21,5.76714888e+22,0.26134317500215887,N_max;D_max;Q_max
2.371373705661655e+23,8192,power,0.5,B7_semi_synthetic_diagnostic_only,False,True,5.346880000000001e+18,1.979112958094279,1.9791057681572966e-11,1e-06,0,11.97,600.0,1.0,1.97911295811407,attachment_B7_native_val_loss,4.3092e+22,1.17669888e+22,2.8125e+21,5.76714888e+22,0.24319865174480645,N_max;D_max;Q_max
2.5482967479793466e+23,8192,power,0.5,B7_semi_synthetic_diagnostic_only,False,True,5.346880000000001e+18,1.979112958094279,1.9791057681572966e-11,1e-06,0,11.97,600.0,1.0,1.97911295811407,attachment_B7_native_val_loss,4.3092e+22,1.17669888e+22,2.8125e+21,5.76714888e+22,0.22631386570551562,N_max;D_max;Q_max
2.738419634264361e+23,8192,power,0.5,B7_semi_synthetic_diagnostic_only,False,True,5.346880000000001e+18,1.979112958094279,1.9791057681572966e-11,1e-06,0,11.97,600.0,1.0,1.97911295811407,attachment_B7_native_val_loss,4.3092e+22,1.17669888e+22,2.8125e+21,5.76714888e+22,0.2106013559002715,N_max;D_max;Q_max
2.942727176209282e+23,8192,power,0.5,B7_semi_synthetic_diagnostic_only,False,True,5.346880000000001e+18,1.979112958094279,1.9791057681572966e-11,1e-06,0,11.97,600.0,1.0,1.97911295811407,attachment_B7_native_val_loss,4.3092e+22,1.17669888e+22,2.8125e+21,5.76714888e+22,0.19597973358267753,N_max;D_max;Q_max
3.162277660168379e+23,8192,power,0.5,B7_semi_synthetic_diagnostic_only,False,True,5.346880000000001e+18,1.979112958094279,1.9791057681572966e-11,1e-06,0,11.97,600.0,1.0,1.97911295811407,attachment_B7_native_val_loss,4.3092e+22,1.17669888e+22,2.8125e+21,5.76714888e+22,0.1823732606608909,N_max;D_max;Q_max
3.3982083289425596e+23,8192,power,0.5,B7_semi_synthetic_diagnostic_only,False,True,5.346880000000001e+18,1.979112958094279,1.9791057681572966e-11,1e-06,0,11.97,600.0,1.0,1.97911295811407,attachment_B7_native_val_loss,4.3092e+22,1.17669888e+22,2.8125e+21,5.76714888e+22,0.1697114573842092,N_max;D_max;Q_max
3.651741272548377e+23,8192,power,0.5,B7_semi_synthetic_diagnostic_only,False,True,5.346880000000001e+18,1.979112958094279,1.9791057681572966e-11,1e-06,0,11.97,600.0,1.0,1.97911295811407,attachment_B7_native_val_loss,4.3092e+22,1.17669888e+22,2.8125e+21,5.76714888e+22,0.1579287372671772,N_max;D_max;Q_max
3.924189758484536e+23,8192,power,0.5,B7_semi_synthetic_diagnostic_only,False,True,5.346880000000001e+18,1.979112958094279,1.9791057681572966e-11,1e-06,0,11.97,600.0,1.0,1.97911295811407,attachment_B7_native_val_loss,4.3092e+22,1.17669888e+22,2.8125e+21,5.76714888e+22,0.14696406736016732,N_max;D_max;Q_max
4.2169650342858225e+23,8192,power,0.5,B7_semi_synthetic_diagnostic_only,False,True,5.346880000000001e+18,1.979112958094279,1.9791057681572966e-11,1e-06,0,11.97,600.0,1.0,1.97911295811407,attachment_B7_native_val_loss,4.3092e+22,1.17669888e+22,2.8125e+21,5.76714888e+22,0.13676065210668065,N_max;D_max;Q_max
4.531583637600818e+23,8192,power,0.5,B7_semi_synthetic_diagnostic_only,False,True,5.346880000000001e+18,1.979112958094279,1.9791057681572966e-11,1e-06,0,11.97,600.0,1.0,1.97911295811407,attachment_B7_native_val_loss,4.3092e+22,1.17669888e+22,2.8125e+21,5.76714888e+22,0.12726563914979033,N_max;D_max;Q_max
4.869675251658631e+23,8192,power,0.5,B7_semi_synthetic_diagnostic_only,False,True,5.346880000000001e+18,1.979112958094279,1.9791057681572966e-11,1e-06,0,11.97,600.0,1.0,1.97911295811407,attachment_B7_native_val_loss,4.3092e+22,1.17669888e+22,2.8125e+21,5.76714888e+22,0.118429845563843,N_max;D_max;Q_max
5.232991146814947e+23,8192,power,0.5,B7_semi_synthetic_diagnostic_only,False,True,5.346880000000001e+18,1.979112958094279,1.9791057681572966e-11,1e-06,0,11.97,600.0,1.0,1.97911295811407,attachment_B7_native_val_loss,4.3092e+22,1.17669888e+22,2.8125e+21,5.76714888e+22,0.11020750309333444,N_max;D_max;Q_max
5.623413251903491e+23,8192,power,0.5,B7_semi_synthetic_diagnostic_only,False,True,5.346880000000001e+18,1.979112958094279,1.9791057681572966e-11,1e-06,0,11.97,600.0,1.0,1.97911295811407,attachment_B7_native_val_loss,4.3092e+22,1.17669888e+22,2.8125e+21,5.76714888e+22,0.10255602107933035,N_max;D_max;Q_max
6.042963902381328e+23,8192,power,0.5,B7_semi_synthetic_diagnostic_only,False,True,5.346880000000001e+18,1.979112958094279,1.9791057681572966e-11,1e-06,0,11.97,600.0,1.0,1.97911295811407,attachment_B7_native_val_loss,4.3092e+22,1.17669888e+22,2.8125e+21,5.76714888e+22,0.09543576584542167,N_max;D_max;Q_max
6.493816315762113e+23,8192,power,0.5,B7_semi_synthetic_diagnostic_only,False,True,5.346880000000001e+18,1.979112958094279,1.9791057681572966e-11,1e-06,0,11.97,600.0,1.0,1.97911295811407,attachment_B7_native_val_loss,4.3092e+22,1.17669888e+22,2.8125e+21,5.76714888e+22,0.0888098554004629,N_max;D_max;Q_max
6.978305848598663e+23,8192,power,0.5,B7_semi_synthetic_diagnostic_only,False,True,5.346880000000001e+18,1.979112958094279,1.9791057681572966e-11,1e-06,0,11.97,600.0,1.0,1.97911295811407,attachment_B7_native_val_loss,4.3092e+22,1.17669888e+22,2.8125e+21,5.76714888e+22,0.08264396839468022,N_max;D_max;Q_max
7.498942093324558e+23,8192,power,0.5,B7_semi_synthetic_diagnostic_only,False,True,5.346880000000001e+18,1.979112958094279,1.9791057681572966e-11,1e-06,0,11.97,600.0,1.0,1.97911295811407,attachment_B7_native_val_loss,4.3092e+22,1.17669888e+22,2.8125e+21,5.76714888e+22,0.0769061663395671,N_max;D_max;Q_max
8.058421877614818e+23,8192,power,0.5,B7_semi_synthetic_diagnostic_only,False,True,5.346880000000001e+18,1.979112958094279,1.9791057681572966e-11,1e-06,0,11.97,600.0,1.0,1.97911295811407,attachment_B7_native_val_loss,4.3092e+22,1.17669888e+22,2.8125e+21,5.76714888e+22,0.07156672817068988,N_max;D_max;Q_max
8.659643233600654e+23,8192,power,0.5,B7_semi_synthetic_diagnostic_only,False,True,5.346880000000001e+18,1.979112958094279,1.9791057681572966e-11,1e-06,0,11.97,600.0,1.0,1.97911295811407,attachment_B7_native_val_loss,4.3092e+22,1.17669888e+22,2.8125e+21,5.76714888e+22,0.06659799629645985,N_max;D_max;Q_max
9.30572040929699e+23,8192,power,0.5,B7_semi_synthetic_diagnostic_only,False,True,5.346880000000001e+18,1.979112958094279,1.9791057681572966e-11,1e-06,0,11.97,600.0,1.0,1.97911295811407,attachment_B7_native_val_loss,4.3092e+22,1.17669888e+22,2.8125e+21,5.76714888e+22,0.061974233335425184,N_max;D_max;Q_max
1e+24,8192,power,0.5,B7_semi_synthetic_diagnostic_only,False,True,5.346880000000001e+18,1.979112958094279,1.9791057681572966e-11,1e-06,0,11.97,600.0,1.0,1.97911295811407,attachment_B7_native_val_loss,4.3092e+22,1.17669888e+22,2.8125e+21,5.76714888e+22,0.057671488800000004,N_max;D_max;Q_max
1e+19,8192,logarithmic,0.5,B7_semi_synthetic_diagnostic_only,False,True,5.346880000000001e+18,3.310289111859139,8.681698759893663e-07,1e-06,16,0.13091746962714704,10.000000000000002,0.5,3.310289980029015,attachment_B7_native_val_loss,7.855048177628824e+18,2.1449518223711772e+18,0.0,1e+19,1.0,D_min;Q0
1.0746078283213175e+19,8192,logarithmic,0.5,B7_semi_synthetic_diagnostic_only,False,True,5.346880000000001e+18,3.29130461426164,5.135826950386502e-07,1e-06,17,0.14068493772535054,10.0,0.5,3.291305127844335,attachment_B7_native_val_loss,8.441096263521033e+18,2.3049820196921434e+18,0.0,1.0746078283213177e+19,1.0000000000000002,D_min;Q0
1.1547819846894582e+19,8192,logarithmic,0.5,B7_semi_synthetic_diagnostic_only,False,True,5.346880000000001e+18,3.2727026526387246,6.023644472108458e-07,1e-06,17,0.15118113540655873,10.0,0.5,3.272703255003172,attachment_B7_native_val_loss,9.070868124393523e+18,2.476951722501058e+18,0.0,1.1547819846894582e+19,1.0,D_min;Q0
1.2409377607517196e+19,8192,logarithmic,0.5,B7_semi_synthetic_diagnostic_only,False,True,5.346880000000001e+18,3.254475852710782,7.829943990955712e-07,1e-06,29,0.16246043160239312,10.0,0.5,3.2544766357051813,attachment_B7_native_val_loss,9.747625896143587e+18,2.661751711373609e+18,0.0,1.2409377607517196e+19,1.0,D_min;Q0
1.3335214321633241e+19,8192,logarithmic,0.5,B7_semi_synthetic_diagnostic_only,False,True,5.346880000000001e+18,3.23661671208807,9.879136717572123e-07,1e-06,31,0.17458125159239163,10.0,0.5,3.2366177000017418,attachment_B7_native_val_loss,1.0474875095543499e+19,2.8603392260897444e+18,0.0,1.3335214321633243e+19,1.0000000000000002,D_min;Q0
1.4330125702369628e+19,8192,logarithmic,0.5,B7_semi_synthetic_diagnostic_only,False,True,5.346880000000001e+18,3.219118091055534,9.395964424285808e-07,1e-06,32,0.1876063796393175,10.0,0.5,3.2191190306519766,attachment_B7_native_val_loss,1.125638277835905e+19,3.073742924010578e+18,0.0,1.4330125702369628e+19,1.0,D_min;Q0
1.539926526059492e+19,8192,logarithmic,0.5,B7_semi_synthetic_diagnostic_only,False,True,5.346880000000001e+18,3.2019725841920295,7.758501676669027e-07,1e-06,45,0.2016032842034316,10.0,0.5,3.201973360042197,attachment_B7_native_val_loss,1.2096197052205896e+19,3.303068208389023e+18,0.0,1.539926526059492e+19,1.0,D_min;Q0
1.6548170999431815e+19,8192,logarithmic,0.5,B7_semi_synthetic_diagnostic_only,False,True,5.346880000000001e+18,3.185172678805103,8.883623854316625e-07,1e-06,59,0.21664446742029503,10.0,0.5,3.1851735671674883,attachment_B7_native_val_loss,1.2998668045217702e+19,3.549502954214114e+18,0.0,1.6548170999431815e+19,1.0,D_min;Q0
1.7782794100389229e+19,8192,logarithmic,0.5,B7_semi_synthetic_diagnostic_only,False,True,5.346880000000001e+18,3.1687117702936867,9.043805024866458e-07,1e-06,85,0.23280784065235163,10.0,0.5,3.168712674674189,attachment_B7_native_val_loss,1.3968470439141097e+19,3.814323661248129e+18,0.0,1.7782794100389226e+19,0.9999999999999999,D_min;Q0
1.9109529749704405e+19,8192,logarithmic,0.5,B7_semi_synthetic_diagnostic_only,False,True,5.346880000000001e+18,3.1525828468961246,9.990659028957793e-07,1e-06,176,0.2501771280595989,10.000000000000002,0.5,3.1525838459620275,attachment_B7_native_val_loss,1.5010627683575937e+19,4.098902066128469e+18,0.0,1.9109529749704405e+19,1.0,D_min;Q0
2.053525026457146e+19,8192,logarithmic,0.5,B7_semi_synthetic_diagnostic_only,False,True,5.346880000000001e+18,3.1365278972925683,9.99210882479673e-07,1e-06,5183,0.24687288254490714,10.0,0.5525157360313622,3.136528896503451,attachment_B7_native_val_loss,1.4812372952694428e+19,4.044765307615759e+18,1.6781120042612744e+18,2.053525026457146e+19,1.0,D_min
2.2067340690845897e+19,8192,logarithmic,0.5,B7_semi_synthetic_diagnostic_only,False,True,5.346880000000001e+18,3.1159999129448765,9.99924559152987e-07,1e-06,4474,0.2058146482145708,10.0,0.7240649794015681,3.1160009128694357,attachment_B7_native_val_loss,1.2348878892874248e+19,3.3720671963475277e+18,6.346394601624121e+18,2.2067340690845897e+19,1.0,D_min
2.3713737056616554e+19,8192,logarithmic,0.5,B7_semi_synthetic_diagnostic_only,False,True,5.346880000000001e+18,3.088855973591792,9.999928201054331e-07,1e-06,4129,0.1773429821948714,10.0,0.8975559031465306,3.0888569735846123,attachment_B7_native_val_loss,1.0640578931692284e+19,2.905587420280773e+18,1.0167570704643498e+19,2.3713737056616554e+19,1.0,D_min
2.5482967479793463e+19,8192,logarithmic,0.5,B7_semi_synthetic_diagnostic_only,False,True,5.346880000000001e+18,3.0551584008819566,9.561039422401052e-07,1e-06,148,0.17490903079685732,10.0,1.0,3.055159356985899,attachment_B7_native_val_loss,1.0494541847811439e+19,2.86570956057571e+18,1.2122716071406318e+19,2.5482967479793467e+19,1.0000000000000002,D_min;Q_max
2.7384196342643614e+19,8192,logarithmic,0.5,B7_semi_synthetic_diagnostic_only,False,True,5.346880000000001e+18,3.0230973575335423,9.242028835565463e-07,1e-06,59,0.1997994379875013,10.0,1.0,3.023098281736426,attachment_B7_native_val_loss,1.198796627925008e+19,3.273513991987221e+18,1.2122716071406318e+19,2.7384196342643618e+19,1.0000000000000002,D_min;Q_max
2.942727176209282e+19,8192,logarithmic,0.5,B7_semi_synthetic_diagnostic_only,False,True,5.346880000000001e+18,2.9939111429390577,9.146582038432882e-07,1e-06,32,0.2265468644046725,10.0,1.0,2.9939120575972615,attachment_B7_native_val_loss,1.359281186428035e+19,3.711743826406154e+18,1.2122716071406318e+19,2.9427271762092823e+19,1.0000000000000002,D_min;Q_max
3.162277660168379e+19,8192,logarithmic,0.5,B7_semi_synthetic_diagnostic_only,False,True,5.346880000000001e+18,2.9671096700561415,7.846818457224458e-07,1e-06,31,0.25528985822001304,10.0,1.0,2.967110454737987,attachment_B7_native_val_loss,1.5317391493200783e+19,4.182669037076694e+18,1.2122716071406318e+19,3.1622776601683796e+19,1.0000000000000002,D_min;Q_max
3.3982083289425592e+19,8192,logarithmic,0.5,B7_semi_synthetic_diagnostic_only,False,True,5.346880000000001e+18,2.9423171523759892,6.777140151292826e-07,1e-06,17,0.28617730438336925,10.0,1.0,2.9423178300900044,attachment_B7_native_val_loss,1.7170638263002155e+19,4.688728955017122e+18,1.2122716071406318e+19,3.3982083289425596e+19,1.0000000000000002,D_min;Q_max
3.651741272548377e+19,8192,logarithmic,0.5,B7_semi_synthetic_diagnostic_only,False,True,5.346880000000001e+18,2.9192398529939307,5.886997715975895e-07,1e-06,17,0.3193691958273651,10.0,1.0,2.9192404416937023,attachment_B7_native_val_loss,1.916215174964191e+19,5.23254490443555e+18,1.2122716071406318e+19,3.651741272548378e+19,1.0000000000000002,D_min;Q_max
3.924189758484536e+19,8192,logarithmic,0.5,B7_semi_synthetic_diagnostic_only,False,True,5.346880000000001e+18,2.897644047471127,5.139171039836299e-07,1e-06,17,0.35503746220987437,10.0,1.0,2.897644561388231,attachment_B7_native_val_loss,2.130224773259246e+19,5.816933780846582e+18,1.2122716071406318e+19,3.924189758484536e+19,1.0,D_min;Q_max
4.216965034285823e+19,8192,logarithmic,0.5,B7_semi_synthetic_diagnostic_only,False,True,5.346880000000001e+18,2.8773404874481874,9.011128345726149e-07,1e-06,16,0.39336686048716896,10.0,1.0,2.877341388561022,attachment_B7_native_val_loss,2.3602011629230137e+19,6.444922642221777e+18,1.2122716071406318e+19,4.216965034285823e+19,1.0,D_min;Q_max
4.531583637600818e+19,8192,logarithmic,0.5,B7_semi_synthetic_diagnostic_only,False,True,5.346880000000001e+18,2.858175595526093,7.930208409945294e-07,1e-06,16,0.4345559319307953,10.0,1.0,2.858176388546934,attachment_B7_native_val_loss,2.6073355915847717e+19,7.11976438875415e+18,1.2122716071406318e+19,4.531583637600818e+19,1.0,D_min;Q_max
4.869675251658631e+19,8192,logarithmic,0.5,B7_semi_synthetic_diagnostic_only,False,True,5.346880000000001e+18,2.840020891517451,7.002149366996946e-07,1e-06,16,0.4788180305454021,10.0,1.0,2.8400215917323877,attachment_B7_native_val_loss,2.8729081832724128e+19,7.844954612455868e+18,1.2122716071406318e+19,4.869675251658631e+19,1.0,D_min;Q_max
5.2329911468149465e+19,8192,logarithmic,0.5,B7_semi_synthetic_diagnostic_only,False,True,5.346880000000001e+18,2.8227693031044643,6.200885964702252e-07,1e-06,16,0.5263824282145888,9.999999999999998,1.0,2.8227699231930607,attachment_B7_native_val_loss,3.1582945692875325e+19,8.624249703867822e+18,1.2122716071406313e+19,5.2329911468149465e+19,1.0,D_min;Q_max
5.6234132519034905e+19,8192,logarithmic,0.5,B7_semi_synthetic_diagnostic_only,False,True,5.346880000000001e+18,2.806330405003056,5.505670963579234e-07,1e-06,16,0.577495502299285,10.0,1.0,2.8063309555701523,attachment_B7_native_val_loss,3.4649730137957106e+19,9.461686309671485e+18,1.2122716071406318e+19,5.623413251903491e+19,1.0000000000000002,D_min;Q_max
6.042963902381328e+19,8192,logarithmic,0.5,B7_semi_synthetic_diagnostic_only,False,True,5.346880000000001e+18,2.7906266991016726,9.799357156836663e-07,1e-06,15,0.6324220118402671,10.0,1.0,2.7906276790373883,attachment_B7_native_val_loss,3.794532071041603e+19,1.0361602241990937e+19,1.2122716071406318e+19,6.042963902381328e+19,1.0,D_min;Q_max
6.493816315762113e+19,8192,logarithmic,0.5,B7_semi_synthetic_diagnostic_only,False,True,5.346880000000001e+18,2.7755931369212714,8.739215195951999e-07,1e-06,15,0.691446468975372,10.0,1.0,2.775594010842791,attachment_B7_native_val_loss,4.148678813852231e+19,1.1328658947692495e+19,1.2122716071406318e+19,6.493816315762113e+19,1.0,D_min;Q_max
6.978305848598663e+19,8192,logarithmic,0.5,B7_semi_synthetic_diagnostic_only,False,True,5.346880000000001e+18,2.761140399305694,8.046602224531796e-07,1e-06,15,0.7374061255588449,10.194936066228578,1.0,2.7611412039659164,attachment_B7_native_val_loss,4.510684982950648e+19,1.2317177126777235e+19,1.2359031529702908e+19,6.978305848598662e+19,0.9999999999999999,Q_max
7.498942093324558e+19,8192,logarithmic,0.5,B7_semi_synthetic_diagnostic_only,False,True,5.346880000000001e+18,2.746955479497838,7.737135399032979e-07,1e-06,15,0.7602917415873103,10.682734499298396,1.0,2.746956253211378,attachment_B7_native_val_loss,4.8731968904318525e+19,1.3307076308805913e+19,1.295037572012114e+19,7.498942093324557e+19,0.9999999999999998,Q_max
8.058421877614818e+19,8192,logarithmic,0.5,B7_semi_synthetic_diagnostic_only,False,True,5.346880000000001e+18,2.7329672732431916,7.438297360273793e-07,1e-06,15,0.7839922014774594,11.19113716398837,1.0,2.7329680170729276,attachment_B7_native_val_loss,5.264258557338873e+19,1.4374935367240014e+19,1.3566697835519433e+19,8.058421877614818e+19,1.0,Q_max
8.659643233600653e+19,8192,logarithmic,0.5,B7_semi_synthetic_diagnostic_only,False,True,5.346880000000001e+18,2.7191720461265603,7.149786727111973e-07,1e-06,15,0.8085385511032681,11.720890894600362,1.0,2.719172761105233,attachment_B7_native_val_loss,5.6860752849358e+19,1.5526776244731355e+19,1.4208903241917178e+19,8.659643233600653e+19,1.0,Q_max
9.30572040929699e+19,8192,logarithmic,0.5,B7_semi_synthetic_diagnostic_only,False,True,5.346880000000001e+18,2.7055661506226683,6.871308082523342e-07,1e-06,15,0.8339630273253462,12.272766210781029,1.0,2.7055668377534765,attachment_B7_native_val_loss,6.141019957679498e+19,1.6769078497770152e+19,1.4877926018404758e+19,9.30572040929699e+19,1.0,Q_max
1e+20,8192,logarithmic,0.5,B7_semi_synthetic_diagnostic_only,False,True,5.346880000000001e+18,2.692146024236756,6.60257190698843e-07,1e-06,15,0.860299102397156,12.847558131311203,1.0,2.6921466844939466,attachment_B7_native_val_loss,6.631645637017387e+19,1.8108813686148809e+19,1.5574729943677323e+19,1e+20,1.0,Q_max
1.0746078283213175e+20,8192,logarithmic,0.5,B7_semi_synthetic_diagnostic_only,False,True,5.346880000000001e+18,2.678908187673088,6.343294542965339e-07,1e-06,15,0.8875815299994592,13.44608702585408,1.0,2.6789088220025423,attachment_B7_native_val_loss,7.160699096948065e+19,1.9553482334066184e+19,1.6300309528584921e+19,1.0746078283213177e+20,1.0000000000000002,Q_max
1.1547819846894582e+20,8192,logarithmic,0.5,B7_semi_synthetic_diagnostic_only,False,True,5.346880000000001e+18,2.665849243030792,6.093198132717248e-07,1e-06,15,0.9158463929662661,14.069199506084146,1.0,2.6658498523506053,attachment_B7_native_val_loss,7.731135371741964e+19,2.1111153655103386e+19,1.705569109642281e+19,1.1547819846894584e+20,1.0000000000000002,Q_max
1.2409377607517195e+20,8192,logarithmic,0.5,B7_semi_synthetic_diagnostic_only,False,True,5.346880000000001e+18,2.6529658720264755,5.852010569462607e-07,1e-06,15,0.9451311527677391,14.717769357618577,1.0,2.6529664572275324,attachment_B7_native_val_loss,8.346133391481451e+19,2.2790508247672017e+19,1.7841933912685416e+19,1.2409377607517194e+20,0.9999999999999999,Q_max
1.333521432163324e+20,8192,logarithmic,0.5,B7_semi_synthetic_diagnostic_only,False,True,5.346880000000001e+18,2.640254834243136,5.619465457407102e-07,1e-06,15,0.9754747008185736,15.3926985141623,1.0,2.6402553961896817,attachment_B7_native_val_loss,9.009112786735784e+19,2.4600883982979846e+19,1.8660131365994746e+19,1.3335214321633242e+20,1.0000000000000002,Q_max
1.4330125702369627e+20,8192,logarithmic,0.5,B7_semi_synthetic_diagnostic_only,False,True,5.346880000000001e+18,2.6277129654049305,5.395302076216524e-07,1e-06,15,1.0069174116829136,16.094918075275814,1.0,2.627713504935138,attachment_B7_native_val_loss,9.723751949763158e+19,2.6552325324153266e+19,1.9511412201911415e+19,1.4330125702369627e+20,1.0,Q_max
1.539926526059492e+20,8192,logarithmic,0.5,B7_semi_synthetic_diagnostic_only,False,True,5.346880000000001e+18,2.615337175677413,5.179265283317136e-07,1e-06,15,1.0395011982496727,16.825389369171738,1.0,2.615337693603941,attachment_B7_native_val_loss,1.0494007446162796e+20,2.865563633298854e+19,2.0396941811332723e+19,1.539926526059492e+20,1.0,Q_max
1.6548170999431814e+20,8192,logarithmic,0.5,B7_semi_synthetic_diagnostic_only,False,True,5.346880000000001e+18,2.603123950899508,9.94203929849391e-07,1e-06,14,1.0732695689554155,17.585105061938915,1.0,2.603124945103438,attachment_B7_native_val_loss,1.1324134877917725e+20,3.0922437639967334e+19,2.1317923575173546e+19,1.6548170999431814e+20,1.0,Q_max
1.778279410038923e+20,8192,logarithmic,0.5,B7_semi_synthetic_diagnostic_only,False,True,5.346880000000001e+18,2.5910713593601566,9.540983030298378e-07,1e-06,14,1.108267687134362,18.375090314601945,1.0,2.5910723134584597,attachment_B7_native_val_loss,1.2218711306309347e+20,3.3365227673762062e+19,2.2275600267036754e+19,1.778279410038923e+20,1.0,Q_max
1.9109529749704406e+20,8192,logarithmic,0.5,B7_semi_synthetic_diagnostic_only,False,True,5.346880000000001e+18,2.579176006714485,9.154715834291949e-07,1e-06,14,1.1445424325789775,19.196403989415757,1.0,2.5791769221860683,attachment_B7_native_val_loss,1.3182659351288819e+20,3.5997448468586e+19,2.3271255515569873e+19,1.9109529749704406e+20,1.0,Q_max
2.053525026457146e+20,8192,logarithmic,0.5,B7_semi_synthetic_diagnostic_only,False,True,5.346880000000001e+18,2.5674350844175096,8.78277147897677e-07,1e-06,14,1.182142465397177,20.05013990681055,1.0,2.5674359626946575,attachment_B7_native_val_loss,1.422127309259721e+20,3.883355639151878e+19,2.430621532822374e+19,2.0535250264571458e+20,0.9999999999999999,Q_max
2.20673406908459e+20,8192,logarithmic,0.5,B7_semi_synthetic_diagnostic_only,False,True,5.346880000000001e+18,2.555845850237778,8.424694453168513e-07,1e-06,14,1.2211182922558046,20.937428154407854,1.0,2.5558466927072234,attachment_B7_native_val_loss,1.5340245907283473e+20,4.1889098157488734e+19,2.538184967813552e+19,2.20673406908459e+20,1.0,Q_max
2.3713737056616553e+20,8192,logarithmic,0.5,B7_semi_synthetic_diagnostic_only,False,True,5.346880000000001e+18,2.544405626704675,8.080039952673701e-07,1e-06,14,1.2615223351035483,21.859436449541704,1.0,2.5444064347086703,attachment_B7_native_val_loss,1.654570038832408e+20,4.5180792527050285e+19,2.6499574155874423e+19,2.371373705661655e+20,0.9999999999999999,Q_max
2.5482967479793464e+20,8192,logarithmic,0.5,B7_semi_synthetic_diagnostic_only,False,True,5.346880000000001e+18,2.5331117995796544,7.748373729299374e-07,1e-06,14,1.303409002469714,22.8173715567418,1.0,2.5331125744170273,attachment_B7_native_val_loss,1.7844220499852195e+20,4.872661811159639e+19,2.7660851687816323e+19,2.5482967479793467e+20,1.0000000000000002,Q_max
2.7384196342643612e+20,8192,logarithmic,0.5,B7_semi_synthetic_diagnostic_only,False,True,5.346880000000001e+18,2.5219618163512996,7.429272015357924e-07,1e-06,14,1.3468347634392406,23.812480761654758,1.0,2.521962559278501,attachment_B7_native_val_loss,1.9242886136114853e+20,5.254590774235096e+19,2.8867194322936586e+19,2.738419634264361e+20,0.9999999999999999,Q_max
2.942727176209282e+20,8192,logarithmic,0.5,B7_semi_synthetic_diagnostic_only,False,True,5.346880000000001e+18,2.5109531847541584,7.122321417085686e-07,1e-06,14,1.3918582244077324,24.846053402914567,1.0,2.5109538969863,attachment_B7_native_val_loss,2.074931026375222e+20,5.6659449893552734e+19,3.0120165089853202e+19,2.9427271762092815e+20,0.9999999999999999,Q_max
3.1622776601683794e+20,8192,logarithmic,0.5,B7_semi_synthetic_diagnostic_only,False,True,5.346880000000001e+18,2.50008347131131,6.827118799179743e-07,1e-06,14,1.4385402087247119,25.919422463499743,1.0,2.50008415402319,attachment_B7_native_val_loss,2.2371678840400144e+20,6.108959768685266e+19,3.1421379925983826e+19,3.1622776601683794e+20,1.0,Q_max
3.3982083289425596e+20,8192,logarithmic,0.5,B7_semi_synthetic_diagnostic_only,False,True,5.346880000000001e+18,2.4893502999006545,6.543271195980083e-07,1e-06,14,1.4869438393366141,27.033966223166438,1.0,2.489350954227774,attachment_B7_native_val_loss,2.4118793717022867e+20,6.5860386043283775e+19,3.277250968074353e+19,3.39820832894256e+20,1.0000000000000002,Q_max
3.651741272548377e+20,8192,logarithmic,0.5,B7_semi_synthetic_diagnostic_only,False,True,5.346880000000001e+18,2.4787513503449126,6.270395696006403e-07,1e-06,14,1.5371346245458382,28.191109973583213,1.0,2.478751977384482,attachment_B7_native_val_loss,2.600011874686456e+20,7.0997657591438156e+19,3.4175282194754015e+19,3.651741272548378e+20,1.0000000000000002,Q_max
3.924189758484536e+20,8192,logarithmic,0.5,B7_semi_synthetic_diagnostic_only,False,True,5.346880000000001e+18,2.468284357025358,6.008119308731352e-07,1e-06,14,1.58918054700601,29.392327797853316,1.0,2.4682849578372887,attachment_B7_native_val_loss,2.802582934054349e+20,7.652919798591077e+19,3.5631484457107902e+19,3.924189758484536e+20,1.0,Q_max
4.216965034285823e+20,8192,logarithmic,0.5,B7_semi_synthetic_diagnostic_only,False,True,5.346880000000001e+18,2.457947107519288,5.75607887132179e-07,1e-06,14,1.6431521560783642,30.639144416164118,1.0,2.457947683127175,attachment_B7_native_val_loss,3.020686572468987e+20,8.248488133888646e+19,3.714296484279719e+19,4.2169650342858234e+20,1.0000000000000002,Q_max
4.5315836376008176e+20,8192,logarithmic,0.5,B7_semi_synthetic_diagnostic_only,False,True,5.346880000000001e+18,2.447737441261281,5.513920919852922e-07,1e-06,14,1.6991226636782963,31.933137099376175,1.0,2.447737992653373,attachment_B7_native_val_loss,3.2554990180737765e+20,8.889682652020125e+19,3.871163543250289e+19,4.5315836376008176e+20,1.0,Q_max
4.8696752516586314e+20,8192,logarithmic,0.5,B7_semi_synthetic_diagnostic_only,False,True,5.346880000000001e+18,2.4376532482282482,5.281301547199746e-07,1e-06,14,1.75716804374655,33.27593765242509,1.0,2.437653776358403,attachment_B7_native_val_loss,3.508284856112638e+20,9.579956513758244e+19,4.033947441701682e+19,4.869675251658631e+20,0.9999999999999999,Q_max
5.232991146814947e+20,8192,logarithmic,0.5,B7_semi_synthetic_diagnostic_only,False,True,5.346880000000001e+18,2.427692467648332,5.05788631866011e-07,1e-06,14,1.817367135483548,34.66923446950158,1.0,2.427692973436964,attachment_B7_native_val_loss,3.7804036402347344e+20,1.0323022206934314e+20,4.202852858867806e+19,5.232991146814946e+20,0.9999999999999999,Q_max
5.6234132519034906e+20,8192,logarithmic,0.5,B7_semi_synthetic_diagnostic_only,False,True,5.346880000000001e+18,2.417852602406974,9.686617103987771e-07,1e-06,13,1.8798017504913553,36.114774663044535,1.0,2.4178535710686844,attachment_B7_native_val_loss,4.073316997811518e+20,1.112287094869065e+20,4.378091592229076e+19,5.6234132519034906e+20,1.0,Q_max
6.042963902381328e+20,8192,logarithmic,0.5,B7_semi_synthetic_diagnostic_only,False,True,5.346880000000001e+18,2.408132675708345,9.274664303227098e-07,1e-06,13,1.944556783972431,37.614366268682176,1.0,2.4081336031747753,attachment_B7_native_val_loss,4.388596266155382e+20,1.1983793537448296e+20,4.55988282481117e+19,6.042963902381328e+20,1.0,Q_max
6.493816315762113e+20,8192,logarithmic,0.5,B7_semi_synthetic_diagnostic_only,False,True,5.346880000000001e+18,2.3985302612761967,8.87922409376074e-07,1e-06,13,2.011720330139677,39.16988052835481,1.0,2.398531149198606,attachment_B7_native_val_loss,4.7279306992820185e+20,1.2910402762839432e+20,4.748453401961522e+19,6.493816315762113e+20,1.0,Q_max
6.978305848598663e+20,8192,logarithmic,0.5,B7_semi_synthetic_diagnostic_only,False,True,5.346880000000001e+18,2.389043482940169,8.499700414610345e-07,1e-06,13,2.08138380199879,40.78325425394015,1.0,2.3890443329102107,attachment_B7_native_val_loss,5.0931362878169566e+20,1.3907657489932167e+20,4.944038117884903e+19,6.978305848598663e+20,1.0,Q_max
7.498942093324558e+20,8192,logarithmic,0.5,B7_semi_synthetic_diagnostic_only,False,True,5.346880000000001e+18,2.3796705076832607,8.135514755203133e-07,1e-06,13,2.1536420556687617,42.45649227382813,1.0,2.3796713212347362,attachment_B7_native_val_loss,5.486165237825527e+20,1.4980888542755573e+20,5.146880012234744e+19,7.498942093324558e+20,1.0,Q_max
8.058421877614818e+20,8192,logarithmic,0.5,B7_semi_synthetic_diagnostic_only,False,True,5.346880000000001e+18,2.3704095444942412,7.786105777896069e-07,1e-06,13,2.228593519413149,44.191669964993565,1.0,2.370410323104819,attachment_B7_native_val_loss,5.909116157761762e+20,1.613582652146145e+20,5.357230677069114e+19,8.058421877614818e+20,1.0,Q_max
8.659643233600653e+20,8192,logarithmic,0.5,B7_semi_synthetic_diagnostic_only,False,True,5.346880000000001e+18,2.361258843243963,7.450929091490366e-07,1e-06,13,2.306340327560627,45.990935873241675,1.0,2.361259588336872,attachment_B7_native_val_loss,6.364245006402721e+20,1.7378631697483694e+20,5.575350574495642e+19,8.659643233600655e+20,1.0000000000000002,Q_max
9.30572040929699e+20,8192,logarithmic,0.5,B7_semi_synthetic_diagnostic_only,False,True,5.346880000000001e+18,2.352216693585556,7.129456895960118e-07,1e-06,13,2.3869884595004454,47.856514424415515,1.0,2.3522174065312456,attachment_B7_native_val_loss,6.853976858579785e+20,1.8715926141828537e+20,5.8015093653435015e+19,9.305720409296989e+20,0.9999999999999999,Q_max
1e+21,8192,logarithmic,0.5,B7_semi_synthetic_diagnostic_only,False,True,5.346880000000001e+18,2.343281423878438,6.821177715998772e-07,1e-06,13,2.4706478839445243,49.79070872949647,1.0,2.3432821059962095,attachment_B7_native_val_loss,7.380918549757716e+20,2.0154828253205073e+20,6.035986249217777e+19,1.0000000000000001e+21,1.0000000000000002,Q_max
1.0746078283213176e+21,8192,logarithmic,0.5,B7_semi_synthetic_diagnostic_only,False,True,5.346880000000001e+18,2.3344514001360865,6.525596036865977e-07,1e-06,13,2.557432708655532,51.79590348665343,1.0,2.3344520526956902,attachment_B7_native_val_loss,7.947872265067955e+20,2.1702989865145562e+20,6.27907031630664e+19,1.0746078283213176e+21,1.0,Q_max
1.1547819846894581e+21,8192,logarithmic,0.5,B7_semi_synthetic_diagnostic_only,False,True,5.346880000000001e+18,2.3257250249974724,6.242232051256735e-07,1e-06,13,2.6474613358474546,53.874567983438666,1.0,2.3257256492206775,attachment_B7_native_val_loss,8.557850143298343e+20,2.336863612463334e+20,6.531060911329042e+19,1.1547819846894581e+21,1.0,Q_max
1.2409377607517195e+21,8192,logarithmic,0.5,B7_semi_synthetic_diagnostic_only,False,True,5.346880000000001e+18,2.3171007367220664,5.970621246298435e-07,1e-06,13,2.740856623472461,56.02925920247875,1.0,2.317101333784191,attachment_B7_native_val_loss,9.214089971602154e+20,2.5160608349121613e+20,6.792268010028794e+19,1.2409377607517193e+21,0.9999999999999998,Q_max
1.333521432163324e+21,8192,logarithmic,0.5,B7_semi_synthetic_diagnostic_only,False,True,5.346880000000001e+18,2.308577008208277,5.710314194828925e-07,1e-06,13,2.8377460526166622,58.262625034140775,1.0,2.3085775792396963,attachment_B7_native_val_loss,9.920072052343063e+20,2.708841008426479e+20,7.063012608636984e+19,1.333521432163324e+21,1.0,Q_max
1.4330125702369627e+21,8192,logarithmic,0.5,B7_semi_synthetic_diagnostic_only,False,True,5.346880000000001e+18,2.300152346035205,5.460876115748192e-07,1e-06,13,2.938261901234525,60.577407599827986,1.0,2.3001528921228167,attachment_B7_native_val_loss,1.0679537329567762e+21,2.916225660127303e+20,7.343627126745659e+19,1.433012570236963e+21,1.0000000000000002,Q_max
1.539926526059492e+21,8192,logarithmic,0.5,B7_semi_synthetic_diagnostic_only,False,True,5.346880000000001e+18,2.2918252895275293,5.221886625328409e-07,1e-06,13,3.042541424460591,62.97644668971028,1.0,2.291825811716192,attachment_B7_native_val_loss,1.1496506869126655e+21,3.139312809062852e+20,7.63445582405414e+19,1.5399265260594921e+21,1.0000000000000002,Q_max
1.6548170999431815e+21,8192,logarithmic,0.5,B7_semi_synthetic_diagnostic_only,False,True,5.346880000000001e+18,2.283593910541355,9.985959419367418e-07,1e-06,12,3.150727041747211,65.46268331883452,1.0,2.283594909137297,attachment_B7_native_val_loss,1.2375302793479158e+21,3.379282682806042e+20,7.935855231466175e+19,1.6548170999431818e+21,1.0000000000000002,Q_max
1.7782794100389228e+21,8192,logarithmic,0.5,B7_semi_synthetic_diagnostic_only,False,True,5.346880000000001e+18,2.27545783171399,9.547350430239021e-07,1e-06,12,3.2629665310834355,68.0391634057809,1.0,2.275458786449033,attachment_B7_native_val_loss,1.3320570779758795e+21,3.637403860926135e+20,8.248194597043007e+19,1.7782794100389233e+21,1.0000000000000002,Q_max
1.9109529749704406e+21,8192,logarithmic,0.5,B7_semi_synthetic_diagnostic_only,False,True,5.346880000000001e+18,2.2674151630645873,9.127282796228542e-07,1e-06,12,3.3794132305632463,70.70904157813627,1.0,2.267416075792867,attachment_B7_native_val_loss,1.4337304237776023e+21,3.915039877195372e+20,8.5718563473301e+19,1.9109529749704404e+21,0.9999999999999999,Q_max
2.053525026457146e+21,8192,logarithmic,0.5,B7_semi_synthetic_diagnostic_only,False,True,5.346880000000001e+18,2.2594645660418897,8.725024058797715e-07,1e-06,12,3.500226247578344,73.47558510928813,1.0,2.2594654385442956,attachment_B7_native_val_loss,1.5430870293342412e+21,4.2136563147687015e+20,8.9072365646035e+19,2.0535250264571464e+21,1.0000000000000002,Q_max
2.20673406908459e+21,8192,logarithmic,0.5,B7_semi_synthetic_diagnostic_only,False,True,5.346880000000001e+18,2.251604730503659,8.339867223483566e-07,1e-06,12,3.6255706759227486,76.34217799119136,1.0,2.251605564490381,attachment_B7_native_val_loss,1.6607037711656307e+21,4.534828431129616e+20,9.254745480599772e+19,2.20673406908459e+21,1.0,Q_max
2.3713737056616553e+21,8192,logarithmic,0.5,B7_semi_synthetic_diagnostic_only,False,True,5.346880000000001e+18,2.2438343739160853,7.971130031592111e-07,1e-06,12,3.7556178211062115,79.3123251479653,1.0,2.2438351710290885,attachment_B7_native_val_loss,1.787200690554413e+21,4.880249352340583e+20,9.614807987318424e+19,2.3713737056616553e+21,1.0,Q_max
2.5482967479793463e+21,8192,logarithmic,0.5,B7_semi_synthetic_diagnostic_only,False,True,5.346880000000001e+18,2.236152240574716,7.618154400645949e-07,1e-06,12,3.8905454341854364,82.38965679535299,1.0,2.236153002390156,attachment_B7_native_val_loss,1.923244218415594e+21,5.251738879086849e+20,9.987864165506764e+19,2.548296747979347e+21,1.0000000000000002,Q_max
2.7384196342643614e+21,8192,logarithmic,0.5,B7_semi_synthetic_diagnostic_only,False,True,5.346880000000001e+18,2.2285571008466176,7.28030569607796e-07,1e-06,12,4.0305379544332105,85.57793295128019,1.0,2.2285578288771872,attachment_B7_native_val_loss,2.0695506409324518e+21,5.651252950172882e+20,1.0374369831462165e+20,2.7384196342643614e+21,1.0,Q_max
2.9427271762092816e+21,8192,logarithmic,0.5,B7_semi_synthetic_diagnostic_only,False,True,5.346880000000001e+18,2.2210477504334563,6.956972118388194e-07,1e-06,12,4.175786761176887,88.88104810296736,1.0,2.221048446130668,attachment_B7_native_val_loss,2.226889823927383e+21,6.080893812537708e+20,1.0774797102812804e+20,2.942727176209282e+21,1.0000000000000002,Q_max
3.1622776601683794e+21,8192,logarithmic,0.5,B7_semi_synthetic_diagnostic_only,False,True,5.346880000000001e+18,2.213623009655172,6.647564063655409e-07,1e-06,12,4.326490435151744,92.30303603622312,1.0,2.2136236744115783,attachment_B7_native_val_loss,2.3960892152771164e+21,6.542920950516713e+20,1.1189634983959183e+20,3.16227766016838e+21,1.0000000000000002,Q_max
3.3982083289425594e+21,8192,logarithmic,0.5,B7_semi_synthetic_diagnostic_only,False,True,5.346880000000001e+18,2.2062817227539173,6.351513492930394e-07,1e-06,12,4.482855029726197,95.84807483279077,1.0,2.2062823579052666,attachment_B7_native_val_loss,2.578038146122494e+21,7.039762831011824e+20,1.161938997188828e+20,3.3982083289425594e+21,1.0,Q_max
3.651741272548377e+21,8192,logarithmic,0.5,B7_semi_synthetic_diagnostic_only,False,True,5.346880000000001e+18,2.199022757217912,6.068273283865722e-07,1e-06,12,4.645094352369988,99.52049204182575,1.0,2.1990233640452406,attachment_B7_native_val_loss,2.7736924531714026e+21,7.574029525460042e+20,1.2064586683097054e+20,3.6517412725483776e+21,1.0000000000000002,Q_max
3.924189758484536e+21,8192,logarithmic,0.5,B7_semi_synthetic_diagnostic_only,False,True,5.346880000000001e+18,2.1918450031248575,5.797316640077099e-07,1e-06,12,4.813430256750179,103.32477003181188,1.0,2.1918455828565215,attachment_B7_native_val_loss,2.9840794460572646e+21,8.148526274033704e+20,1.2525768502390076e+20,3.924189758484536e+21,1.0,Q_max
4.2169650342858226e+21,8192,logarithmic,0.5,B7_semi_synthetic_diagnostic_only,False,True,5.346880000000001e+18,2.1847473725045448,5.538136456095799e-07,1e-06,12,4.988092945854708,107.26555152944894,1.0,2.1847479263181904,attachment_B7_native_val_loss,3.210303245503554e+21,8.766268062388371e+20,1.3003498254343132e+20,4.216965034285822e+21,0.9999999999999999,Q_max
4.5315836376008176e+21,8192,logarithmic,0.5,B7_semi_synthetic_diagnostic_only,False,True,5.346880000000001e+18,2.177728798720289,5.290244740052685e-07,1e-06,12,5.169321286557366,111.34764535230178,1.0,2.177729327744763,attachment_B7_native_val_loss,3.453550519966164e+21,9.430495286520938e+20,1.3498358898255998e+20,4.5315836376008176e+21,1.0,Q_max
4.869675251658631e+21,8192,logarithmic,0.5,B7_semi_synthetic_diagnostic_only,False,True,5.346880000000001e+18,2.1707882358688084,5.05317199195332e-07,1e-06,12,5.357363136055174,115.57603234221773,1.0,2.1707887411860076,attachment_B7_native_val_loss,3.7150966504903064e+21,1.0144690586938864e+21,1.401095424744379e+20,4.869675251658631e+21,1.0,Q_max
5.232991146814947e+21,8192,logarithmic,0.5,B7_semi_synthetic_diagnostic_only,False,True,5.346880000000001e+18,2.1639241755158993,9.653289221311923e-07,1e-06,11,5.552475680623372,119.95587150681398,1.0,2.1639251408448215,attachment_B7_native_val_loss,3.9963123557374005e+21,1.0912596939400261e+21,1.454190971375205e+20,5.232991146814947e+21,1.0,Q_max
5.623413251903491e+21,8192,logarithmic,0.5,B7_semi_synthetic_diagnostic_only,False,True,5.346880000000001e+18,2.157136598540906,9.219718726249937e-07,1e-06,11,5.7549257871520005,124.49250637655852,1.0,2.1571375205127787,attachment_B7_native_val_loss,4.2986708115218487e+21,1.1738237095995661e+21,1.5091873078207594e+20,5.623413251903491e+21,1.0,Q_max
6.042963902381328e+21,8192,logarithmic,0.5,B7_semi_synthetic_diagnostic_only,False,True,5.346880000000001e+18,2.1504240125048497,8.805181024307274e-07,1e-06,11,5.964990367944299,129.19147158526397,1.0,2.150424893022952,attachment_B7_native_val_loss,4.623755301759895e+21,1.262593447733902e+21,1.566151528875312e+20,6.042963902381328e+21,1.0,Q_max
6.493816315762113e+21,8192,logarithmic,0.5,B7_semi_synthetic_diagnostic_only,False,True,5.346880000000001e+18,2.1437854488322428,8.408873699572439e-07,1e-06,11,6.182956759275479,134.05849968208898,1.0,2.1437862897196127,attachment_B7_native_val_loss,4.97326744048621e+21,1.3580335624154343e+21,1.6251531286046786e+20,6.493816315762113e+21,1.0,Q_max
6.978305848598664e+21,8192,logarithmic,0.5,B7_semi_synthetic_diagnostic_only,False,True,5.346880000000001e+18,2.1372199569418373,8.030025728800183e-07,1e-06,11,6.409123114229516,139.09952818342404,1.0,2.13722075994441,attachment_B7_native_val_loss,5.349036007552818e+21,1.460643432462423e+21,1.6862640858342307e+20,6.978305848598664e+21,1.0,Q_max
7.498942093324559e+21,8192,logarithmic,0.5,B7_semi_synthetic_diagnostic_only,False,True,5.346880000000001e+18,2.1307266037489856,7.66789644224275e-07,1e-06,11,6.643798810351337,144.32070687333177,1.0,2.13072737053863,attachment_B7_native_val_loss,5.753026443804633e+21,1.5709597542549186e+21,1.7495589526500593e+20,7.498942093324558e+21,0.9999999999999999,Q_max
8.058421877614818e+21,8192,logarithmic,0.5,B7_semi_synthetic_diagnostic_only,False,True,5.346880000000001e+18,2.1243044731836807,7.321774493362909e-07,1e-06,11,6.887304872670841,149.72840536154558,1.0,2.12430520536113,attachment_B7_native_val_loss,6.187351054942846e+21,1.6895593280697268e+21,1.8151149460224485e+20,8.058421877614818e+21,1.0,Q_max
8.659643233600654e+21,8192,logarithmic,0.5,B7_semi_synthetic_diagnostic_only,False,True,5.346880000000001e+18,2.1179526657238705,6.990976846310559e-07,1e-06,11,7.139974412677802,155.3292209083138,1.0,2.117953364821555,attachment_B7_native_val_loss,6.654279976959229e+21,1.8170620523750003e+21,1.8830120426642378e+20,8.659643233600653e+21,0.9999999999999999,Q_max
9.30572040929699e+21,8192,logarithmic,0.5,B7_semi_synthetic_diagnostic_only,False,True,5.346880000000001e+18,2.11167029794365,6.674847772281112e-07,1e-06,11,7.402153083847688,161.12998652572378,1.0,2.111670965428427,attachment_B7_native_val_loss,7.156252959970337e+21,1.9541341416025662e+21,1.953333077240875e+20,9.305720409296991e+21,1.0000000000000002,Q_max
1e+22,8192,logarithmic,0.5,B7_semi_synthetic_diagnostic_only,False,True,5.346880000000001e+18,2.105456502075929,6.372757916928151e-07,1e-06,11,7.674199554340873,167.13777936548465,1.0,2.1054571393517207,attachment_B7_native_val_loss,7.695892031520753e+21,2.1014915840739338e+21,2.0261638440531237e+20,1e+22,1.0,Q_max
1.0746078283213176e+22,8192,logarithmic,0.5,B7_semi_synthetic_diagnostic_only,False,True,5.346880000000001e+18,2.099310425589186,6.084103350012526e-07,1e-06,11,7.956485997521243,173.3599294034978,1.0,2.099311033999521,attachment_B7_native_val_loss,8.276015104981208e+21,2.2599038580002023e+21,2.1015932023176472e+20,1.0746078283213176e+22,1.0,Q_max
1.154781984689458e+22,8192,logarithmic,0.5,B7_semi_synthetic_diagnostic_only,False,True,5.346880000000001e+18,2.0932312307779144,5.808304663901254e-07,1e-06,11,8.249398600966238,179.8040284318731,1.0,2.093231811608381,attachment_B7_native_val_loss,8.899650603563926e+21,2.430197924813189e+21,2.179713185174666e+20,1.154781984689458e+22,1.0,Q_max
1.2409377607517196e+22,8192,logarithmic,0.5,B7_semi_synthetic_diagnostic_only,False,True,5.346880000000001e+18,2.087218094366374,5.544806063184637e-07,1e-06,11,8.553338094662127,186.47793936950168,1.0,2.08721864884698,attachment_B7_native_val_loss,9.57005317573952e+21,2.613262520521938e+21,2.2606191125573907e+20,1.2409377607517196e+22,1.0,Q_max
1.3335214321633241e+22,8192,logarithmic,0.5,B7_semi_synthetic_diagnostic_only,False,True,5.346880000000001e+18,2.081270207125261,5.293074525347663e-07,1e-06,11,8.868720299109118,193.38980590258683,1.0,2.0812707364327134,attachment_B7_native_val_loss,1.0290720583494266e+22,2.810052767332834e+21,2.3444097080614375e+20,1.3335214321633243e+22,1.0000000000000002,Q_max
1.4330125702369628e+22,8192,logarithmic,0.5,B7_semi_synthetic_diagnostic_only,False,True,5.346880000000001e+18,2.0753867735009237,5.052598952559606e-07,1e-06,11,9.19597669408337,200.54806246704166,1.0,2.075387278760819,attachment_B7_native_val_loss,1.1065411850942944e+22,3.02159512943082e+21,2.4311872199586038e+20,1.4330125702369626e+22,0.9999999999999999,Q_max
1.539926526059492e+22,8192,logarithmic,0.5,B7_semi_synthetic_diagnostic_only,False,True,5.346880000000001e+18,2.0695665288770577,9.646686227604562e-07,1e-06,10,9.535555008835818,207.96144458498156,1.0,2.0695674935456805,attachment_B7_native_val_loss,1.189816676734232e+22,3.248992738602276e+21,2.5210575465032303e+20,1.5399265260594918e+22,0.9999999999999999,Q_max
1.6548170999431814e+22,8192,logarithmic,0.5,B7_semi_synthetic_diagnostic_only,False,True,5.346880000000001e+18,2.0638096906931236,9.207808080446966e-07,1e-06,10,9.887919834533395,215.6389995680486,1.0,2.0638106114739316,attachment_B7_native_val_loss,1.2793326845567076e+22,3.493431117296183e+21,2.6141303656855627e+20,1.6548170999431816e+22,1.0000000000000002,Q_max
1.7782794100389228e+22,8192,logarithmic,0.5,B7_semi_synthetic_diagnostic_only,False,True,5.346880000000001e+18,2.058114997006525,8.788624765720954e-07,1e-06,10,10.253553259781118,223.59009760070276,1.0,2.0581158758690017,attachment_B7_native_val_loss,1.3755557844650784e+22,3.7561843287793074e+21,2.7105192695913464e+20,1.7782794100389225e+22,0.9999999999999999,Q_max
1.9109529749704407e+22,8192,logarithmic,0.5,B7_semi_synthetic_diagnostic_only,False,True,5.346880000000001e+18,2.0524817035393923,8.388273542436764e-07,1e-06,10,10.63295553009267,231.82444321712848,1.0,2.0524825423667465,attachment_B7_native_val_loss,1.4789873973097323e+22,4.038621586253775e+21,2.8103419035331045e+20,1.9109529749704407e+22,1.0,Q_max
2.053525026457146e+22,8192,logarithmic,0.5,B7_semi_synthetic_diagnostic_only,False,True,5.346880000000001e+18,2.0469090780090298,8.00592786287524e-07,1e-06,10,11.026645732214092,240.3520871857945,1.0,2.046909878601816,attachment_B7_native_val_loss,1.590166389837594e+22,4.3422143551831907e+21,2.9137201101232833e+20,2.053525026457146e+22,1.0,Q_max
2.20673406908459e+22,8192,logarithmic,0.5,B7_semi_synthetic_diagnostic_only,False,True,5.346880000000001e+18,2.041396399824819,7.640795969265923e-07,1e-06,10,11.435162504233212,249.18343881633322,1.0,2.0413971639044157,attachment_B7_native_val_loss,1.7096718697370546e+22,4.668543985628651e+21,3.0207800784670556e+20,2.20673406908459e+22,1.0,Q_max
2.371373705661655e+22,8192,logarithmic,0.5,B7_semi_synthetic_diagnostic_only,False,True,5.346880000000001e+18,2.0359429597951744,7.292119521551399e-07,1e-06,10,11.859064772448928,258.3292787037832,1.0,2.0359436890071265,attachment_B7_native_val_loss,1.8381261892609057e+22,5.01930991414178e+21,3.131652498657154e+20,2.3713737056616555e+22,1.0000000000000002,Q_max
2.5482967479793465e+22,8192,logarithmic,0.5,B7_semi_synthetic_diagnostic_only,False,True,5.346880000000001e+18,2.0305640525150634,7.090805107523579e-07,1e-06,10,11.97,275.06357230841235,1.0,2.030564761595574,attachment_B7_native_val_loss,1.9755065763190175e+22,5.394449957735131e+21,3.334517588681624e+20,2.548296747979347e+22,1.0000000000000002,N_max;Q_max
2.7384196342643614e+22,8192,logarithmic,0.5,B7_semi_synthetic_diagnostic_only,False,True,5.346880000000001e+18,2.025297980217626,6.939593939492283e-07,1e-06,10,11.97,295.5854680886467,1.0,2.02529867417702,attachment_B7_native_val_loss,2.1228948318126604e+22,5.796918154069772e+21,3.5832987044723956e+20,2.738419634264362e+22,1.0000000000000002,N_max;Q_max
2.942727176209282e+22,8192,logarithmic,0.5,B7_semi_synthetic_diagnostic_only,False,True,5.346880000000001e+18,2.0201442095534627,6.791607423117796e-07,1e-06,10,11.97,317.6384579460807,1.0,2.020144888714205,attachment_B7_native_val_loss,2.2812794049687515e+22,6.229413628501337e+21,3.850640839039672e+20,2.942727176209282e+22,1.0,N_max;Q_max
3.1622776601683792e+22,8192,logarithmic,0.5,B7_semi_synthetic_diagnostic_only,False,True,5.346880000000001e+18,2.015100345633913,6.646776786745079e-07,1e-06,10,11.97,341.3367734847699,1.0,2.0151010103115916,attachment_B7_native_val_loss,2.451480707167617e+22,6.694176651039041e+21,4.1379287896857975e+20,3.1622776601683792e+22,1.0,N_max;Q_max
3.3982083289425593e+22,8192,logarithmic,0.5,B7_semi_synthetic_diagnostic_only,False,True,5.346880000000001e+18,2.0101640446425155,6.505034746417948e-07,1e-06,10,11.97,366.80316888067404,1.0,2.01016469514599,attachment_B7_native_val_loss,2.634380358901001e+22,7.193614633372334e+21,4.446650670432512e+20,3.3982083289425593e+22,1.0,N_max;Q_max
3.651741272548377e+22,8192,logarithmic,0.5,B7_semi_synthetic_diagnostic_only,False,True,5.346880000000001e+18,2.005333012745874,6.366315421502122e-07,1e-06,10,11.97,394.16955673223856,1.0,2.005333649377416,attachment_B7_native_val_loss,2.8309257564509375e+22,7.730314598948693e+21,4.7784056202570124e+20,3.651741272548377e+22,1.0,N_max;Q_max
3.924189758484536e+22,8192,logarithmic,0.5,B7_semi_synthetic_diagnostic_only,False,True,5.346880000000001e+18,2.0006050050277375,6.230554356889684e-07,1e-06,10,11.97,423.5776913504073,1.0,2.000605628083173,attachment_B7_native_val_loss,3.042134979278625e+22,8.307056583416832e+21,5.134912086422767e+20,3.924189758484536e+22,1.0,N_max;Q_max
4.2169650342858225e+22,8192,logarithmic,0.5,B7_semi_synthetic_diagnostic_only,False,True,5.346880000000001e+18,1.9959778244458217,6.097688460826589e-07,1e-06,10,11.97,455.17990302741845,1.0,1.9959784342146678,attachment_B7_native_val_loss,3.2691020635429193e+22,8.926828034847865e+21,5.518016725811655e+20,4.2169650342858225e+22,1.0,N_max;Q_max
4.531583637600818e+22,8192,logarithmic,0.5,B7_semi_synthetic_diagnostic_only,False,True,5.346880000000001e+18,1.9914493208108701,5.967655998251331e-07,1e-06,10,11.97,489.1398870878021,1.0,1.99144991757647,attachment_B7_native_val_loss,3.5130026690645944e+22,9.59283928832572e+21,5.92970397036517e+20,4.531583637600818e+22,1.0,N_max;Q_max
4.869675251658631e+22,8192,logarithmic,0.5,B7_semi_synthetic_diagnostic_only,False,True,5.346880000000001e+18,1.9870173897874912,5.840396544165571e-07,1e-06,10,11.97,525.6335518087574,1.0,1.9870179738271456,attachment_B7_native_val_loss,3.7751001690904956e+22,1.0308540195063114e+22,6.372106306182408e+20,4.869675251658631e+22,1.0,N_max;Q_max
5.2329911468149466e+22,8192,logarithmic,0.5,B7_semi_synthetic_diagnostic_only,False,True,5.346880000000001e+18,1.9826799719163006,5.715850963650126e-07,1e-06,10,11.97,564.8499296020295,1.0,1.982680543501397,attachment_B7_native_val_loss,4.0567521944017765e+22,1.1077637992179783e+22,6.84751531951925e+20,5.232991146814947e+22,1.0000000000000002,N_max;Q_max
5.623413251903491e+22,8192,logarithmic,0.5,B7_semi_synthetic_diagnostic_only,False,True,5.346880000000001e+18,1.979112958094279,1.9791057681572966e-11,1e-06,0,11.97,600.0,1.0,1.97911295811407,attachment_B7_native_val_loss,4.3092e+22,1.17669888e+22,7.27362964284379e+20,5.558635176428438e+22,0.9884806482160767,N_max;D_max;Q_max
6.042963902381329e+22,8192,logarithmic,0.5,B7_semi_synthetic_diagnostic_only,False,True,5.346880000000001e+18,1.979112958094279,1.9791057681572966e-11,1e-06,0,11.97,600.0,1.0,1.97911295811407,attachment_B7_native_val_loss,4.3092e+22,1.17669888e+22,7.27362964284379e+20,5.558635176428438e+22,0.9198524542299462,N_max;D_max;Q_max
6.493816315762113e+22,8192,logarithmic,0.5,B7_semi_synthetic_diagnostic_only,False,True,5.346880000000001e+18,1.979112958094279,1.9791057681572966e-11,1e-06,0,11.97,600.0,1.0,1.97911295811407,attachment_B7_native_val_loss,4.3092e+22,1.17669888e+22,7.27362964284379e+20,5.558635176428438e+22,0.8559889756869535,N_max;D_max;Q_max
6.978305848598663e+22,8192,logarithmic,0.5,B7_semi_synthetic_diagnostic_only,False,True,5.346880000000001e+18,1.979112958094279,1.9791057681572966e-11,1e-06,0,11.97,600.0,1.0,1.97911295811407,attachment_B7_native_val_loss,4.3092e+22,1.17669888e+22,7.27362964284379e+20,5.558635176428438e+22,0.7965594081183309,N_max;D_max;Q_max
7.498942093324558e+22,8192,logarithmic,0.5,B7_semi_synthetic_diagnostic_only,False,True,5.346880000000001e+18,1.979112958094279,1.9791057681572966e-11,1e-06,0,11.97,600.0,1.0,1.97911295811407,attachment_B7_native_val_loss,4.3092e+22,1.17669888e+22,7.27362964284379e+20,5.558635176428438e+22,0.7412559141344283,N_max;D_max;Q_max
8.058421877614818e+22,8192,logarithmic,0.5,B7_semi_synthetic_diagnostic_only,False,True,5.346880000000001e+18,1.979112958094279,1.9791057681572966e-11,1e-06,0,11.97,600.0,1.0,1.97911295811407,attachment_B7_native_val_loss,4.3092e+22,1.17669888e+22,7.27362964284379e+20,5.558635176428438e+22,0.6897920288672845,N_max;D_max;Q_max
8.659643233600654e+22,8192,logarithmic,0.5,B7_semi_synthetic_diagnostic_only,False,True,5.346880000000001e+18,1.979112958094279,1.9791057681572966e-11,1e-06,0,11.97,600.0,1.0,1.97911295811407,attachment_B7_native_val_loss,4.3092e+22,1.17669888e+22,7.27362964284379e+20,5.558635176428438e+22,0.6419011761200668,N_max;D_max;Q_max
9.30572040929699e+22,8192,logarithmic,0.5,B7_semi_synthetic_diagnostic_only,False,True,5.346880000000001e+18,1.979112958094279,1.9791057681572966e-11,1e-06,0,11.97,600.0,1.0,1.97911295811407,attachment_B7_native_val_loss,4.3092e+22,1.17669888e+22,7.27362964284379e+20,5.558635176428438e+22,0.5973352875372248,N_max;D_max;Q_max
1.0000000000000001e+23,8192,logarithmic,0.5,B7_semi_synthetic_diagnostic_only,False,True,5.346880000000001e+18,1.979112958094279,1.9791057681572966e-11,1e-06,0,11.97,600.0,1.0,1.97911295811407,attachment_B7_native_val_loss,4.3092e+22,1.17669888e+22,7.27362964284379e+20,5.558635176428438e+22,0.5558635176428438,N_max;D_max;Q_max
1.0746078283213175e+23,8192,logarithmic,0.5,B7_semi_synthetic_diagnostic_only,False,True,5.346880000000001e+18,1.979112958094279,1.9791057681572966e-11,1e-06,0,11.97,600.0,1.0,1.97911295811407,attachment_B7_native_val_loss,4.3092e+22,1.17669888e+22,7.27362964284379e+20,5.558635176428438e+22,0.5172710480912629,N_max;D_max;Q_max
1.1547819846894582e+23,8192,logarithmic,0.5,B7_semi_synthetic_diagnostic_only,False,True,5.346880000000001e+18,1.979112958094279,1.9791057681572966e-11,1e-06,0,11.97,600.0,1.0,1.97911295811407,attachment_B7_native_val_loss,4.3092e+22,1.17669888e+22,7.27362964284379e+20,5.558635176428438e+22,0.481357974936131,N_max;D_max;Q_max
1.2409377607517195e+23,8192,logarithmic,0.5,B7_semi_synthetic_diagnostic_only,False,True,5.346880000000001e+18,1.979112958094279,1.9791057681572966e-11,1e-06,0,11.97,600.0,1.0,1.97911295811407,attachment_B7_native_val_loss,4.3092e+22,1.17669888e+22,7.27362964284379e+20,5.558635176428438e+22,0.44793827315410234,N_max;D_max;Q_max
1.3335214321633241e+23,8192,logarithmic,0.5,B7_semi_synthetic_diagnostic_only,False,True,5.346880000000001e+18,1.979112958094279,1.9791057681572966e-11,1e-06,0,11.97,600.0,1.0,1.97911295811407,attachment_B7_native_val_loss,4.3092e+22,1.17669888e+22,7.27362964284379e+20,5.558635176428438e+22,0.41683883305953795,N_max;D_max;Q_max
1.4330125702369627e+23,8192,logarithmic,0.5,B7_semi_synthetic_diagnostic_only,False,True,5.346880000000001e+18,1.979112958094279,1.9791057681572966e-11,1e-06,0,11.97,600.0,1.0,1.97911295811407,attachment_B7_native_val_loss,4.3092e+22,1.17669888e+22,7.27362964284379e+20,5.558635176428438e+22,0.38789856361896835,N_max;D_max;Q_max
1.539926526059492e+23,8192,logarithmic,0.5,B7_semi_synthetic_diagnostic_only,False,True,5.346880000000001e+18,1.979112958094279,1.9791057681572966e-11,1e-06,0,11.97,600.0,1.0,1.97911295811407,attachment_B7_native_val_loss,4.3092e+22,1.17669888e+22,7.27362964284379e+20,5.558635176428438e+22,0.36096755802060204,N_max;D_max;Q_max
1.6548170999431815e+23,8192,logarithmic,0.5,B7_semi_synthetic_diagnostic_only,False,True,5.346880000000001e+18,1.979112958094279,1.9791057681572966e-11,1e-06,0,11.97,600.0,1.0,1.97911295811407,attachment_B7_native_val_loss,4.3092e+22,1.17669888e+22,7.27362964284379e+20,5.558635176428438e+22,0.33590631717664116,N_max;D_max;Q_max
1.7782794100389228e+23,8192,logarithmic,0.5,B7_semi_synthetic_diagnostic_only,False,True,5.346880000000001e+18,1.979112958094279,1.9791057681572966e-11,1e-06,0,11.97,600.0,1.0,1.97911295811407,attachment_B7_native_val_loss,4.3092e+22,1.17669888e+22,7.27362964284379e+20,5.558635176428438e+22,0.3125850271362458,N_max;D_max;Q_max
1.9109529749704405e+23,8192,logarithmic,0.5,B7_semi_synthetic_diagnostic_only,False,True,5.346880000000001e+18,1.979112958094279,1.9791057681572966e-11,1e-06,0,11.97,600.0,1.0,1.97911295811407,attachment_B7_native_val_loss,4.3092e+22,1.17669888e+22,7.27362964284379e+20,5.558635176428438e+22,0.29088288666624157,N_max;D_max;Q_max
2.053525026457146e+23,8192,logarithmic,0.5,B7_semi_synthetic_diagnostic_only,False,True,5.346880000000001e+18,1.979112958094279,1.9791057681572966e-11,1e-06,0,11.97,600.0,1.0,1.97911295811407,attachment_B7_native_val_loss,4.3092e+22,1.17669888e+22,7.27362964284379e+20,5.558635176428438e+22,0.2706874815165268,N_max;D_max;Q_max
2.2067340690845896e+23,8192,logarithmic,0.5,B7_semi_synthetic_diagnostic_only,False,True,5.346880000000001e+18,1.979112958094279,1.9791057681572966e-11,1e-06,0,11.97,600.0,1.0,1.97911295811407,attachment_B7_native_val_loss,4.3092e+22,1.17669888e+22,7.27362964284379e+20,5.558635176428438e+22,0.25189420212895447,N_max;D_max;Q_max
2.371373705661655e+23,8192,logarithmic,0.5,B7_semi_synthetic_diagnostic_only,False,True,5.346880000000001e+18,1.979112958094279,1.9791057681572966e-11,1e-06,0,11.97,600.0,1.0,1.97911295811407,attachment_B7_native_val_loss,4.3092e+22,1.17669888e+22,7.27362964284379e+20,5.558635176428438e+22,0.2344057017734993,N_max;D_max;Q_max
2.5482967479793466e+23,8192,logarithmic,0.5,B7_semi_synthetic_diagnostic_only,False,True,5.346880000000001e+18,1.979112958094279,1.9791057681572966e-11,1e-06,0,11.97,600.0,1.0,1.97911295811407,attachment_B7_native_val_loss,4.3092e+22,1.17669888e+22,7.27362964284379e+20,5.558635176428438e+22,0.21813139230492357,N_max;D_max;Q_max
2.738419634264361e+23,8192,logarithmic,0.5,B7_semi_synthetic_diagnostic_only,False,True,5.346880000000001e+18,1.979112958094279,1.9791057681572966e-11,1e-06,0,11.97,600.0,1.0,1.97911295811407,attachment_B7_native_val_loss,4.3092e+22,1.17669888e+22,7.27362964284379e+20,5.558635176428438e+22,0.20298697492802958,N_max;D_max;Q_max
2.942727176209282e+23,8192,logarithmic,0.5,B7_semi_synthetic_diagnostic_only,False,True,5.346880000000001e+18,1.979112958094279,1.9791057681572966e-11,1e-06,0,11.97,600.0,1.0,1.97911295811407,attachment_B7_native_val_loss,4.3092e+22,1.17669888e+22,7.27362964284379e+20,5.558635176428438e+22,0.18889400354092212,N_max;D_max;Q_max
3.162277660168379e+23,8192,logarithmic,0.5,B7_semi_synthetic_diagnostic_only,False,True,5.346880000000001e+18,1.979112958094279,1.9791057681572966e-11,1e-06,0,11.97,600.0,1.0,1.97911295811407,attachment_B7_native_val_loss,4.3092e+22,1.17669888e+22,7.27362964284379e+20,5.558635176428438e+22,0.17577947839445768,N_max;D_max;Q_max
3.3982083289425596e+23,8192,logarithmic,0.5,B7_semi_synthetic_diagnostic_only,False,True,5.346880000000001e+18,1.979112958094279,1.9791057681572966e-11,1e-06,0,11.97,600.0,1.0,1.97911295811407,attachment_B7_native_val_loss,4.3092e+22,1.17669888e+22,7.27362964284379e+20,5.558635176428438e+22,0.1635754679630884,N_max;D_max;Q_max
3.651741272548377e+23,8192,logarithmic,0.5,B7_semi_synthetic_diagnostic_only,False,True,5.346880000000001e+18,1.979112958094279,1.9791057681572966e-11,1e-06,0,11.97,600.0,1.0,1.97911295811407,attachment_B7_native_val_loss,4.3092e+22,1.17669888e+22,7.27362964284379e+20,5.558635176428438e+22,0.1522187570684418,N_max;D_max;Q_max
3.924189758484536e+23,8192,logarithmic,0.5,B7_semi_synthetic_diagnostic_only,False,True,5.346880000000001e+18,1.979112958094279,1.9791057681572966e-11,1e-06,0,11.97,600.0,1.0,1.97911295811407,attachment_B7_native_val_loss,4.3092e+22,1.17669888e+22,7.27362964284379e+20,5.558635176428438e+22,0.14165051943296192,N_max;D_max;Q_max
4.2169650342858225e+23,8192,logarithmic,0.5,B7_semi_synthetic_diagnostic_only,False,True,5.346880000000001e+18,1.979112958094279,1.9791057681572966e-11,1e-06,0,11.97,600.0,1.0,1.97911295811407,attachment_B7_native_val_loss,4.3092e+22,1.17669888e+22,7.27362964284379e+20,5.558635176428438e+22,0.13181601296748335,N_max;D_max;Q_max
4.531583637600818e+23,8192,logarithmic,0.5,B7_semi_synthetic_diagnostic_only,False,True,5.346880000000001e+18,1.979112958094279,1.9791057681572966e-11,1e-06,0,11.97,600.0,1.0,1.97911295811407,attachment_B7_native_val_loss,4.3092e+22,1.17669888e+22,7.27362964284379e+20,5.558635176428438e+22,0.12266429621436664,N_max;D_max;Q_max
4.869675251658631e+23,8192,logarithmic,0.5,B7_semi_synthetic_diagnostic_only,False,True,5.346880000000001e+18,1.979112958094279,1.9791057681572966e-11,1e-06,0,11.97,600.0,1.0,1.97911295811407,attachment_B7_native_val_loss,4.3092e+22,1.17669888e+22,7.27362964284379e+20,5.558635176428438e+22,0.11414796447740833,N_max;D_max;Q_max
5.232991146814947e+23,8192,logarithmic,0.5,B7_semi_synthetic_diagnostic_only,False,True,5.346880000000001e+18,1.979112958094279,1.9791057681572966e-11,1e-06,0,11.97,600.0,1.0,1.97911295811407,attachment_B7_native_val_loss,4.3092e+22,1.17669888e+22,7.27362964284379e+20,5.558635176428438e+22,0.10622290427171263,N_max;D_max;Q_max
5.623413251903491e+23,8192,logarithmic,0.5,B7_semi_synthetic_diagnostic_only,False,True,5.346880000000001e+18,1.979112958094279,1.9791057681572966e-11,1e-06,0,11.97,600.0,1.0,1.97911295811407,attachment_B7_native_val_loss,4.3092e+22,1.17669888e+22,7.27362964284379e+20,5.558635176428438e+22,0.09884806482160767,N_max;D_max;Q_max
6.042963902381328e+23,8192,logarithmic,0.5,B7_semi_synthetic_diagnostic_only,False,True,5.346880000000001e+18,1.979112958094279,1.9791057681572966e-11,1e-06,0,11.97,600.0,1.0,1.97911295811407,attachment_B7_native_val_loss,4.3092e+22,1.17669888e+22,7.27362964284379e+20,5.558635176428438e+22,0.09198524542299463,N_max;D_max;Q_max
6.493816315762113e+23,8192,logarithmic,0.5,B7_semi_synthetic_diagnostic_only,False,True,5.346880000000001e+18,1.979112958094279,1.9791057681572966e-11,1e-06,0,11.97,600.0,1.0,1.97911295811407,attachment_B7_native_val_loss,4.3092e+22,1.17669888e+22,7.27362964284379e+20,5.558635176428438e+22,0.08559889756869536,N_max;D_max;Q_max
6.978305848598663e+23,8192,logarithmic,0.5,B7_semi_synthetic_diagnostic_only,False,True,5.346880000000001e+18,1.979112958094279,1.9791057681572966e-11,1e-06,0,11.97,600.0,1.0,1.97911295811407,attachment_B7_native_val_loss,4.3092e+22,1.17669888e+22,7.27362964284379e+20,5.558635176428438e+22,0.0796559408118331,N_max;D_max;Q_max
7.498942093324558e+23,8192,logarithmic,0.5,B7_semi_synthetic_diagnostic_only,False,True,5.346880000000001e+18,1.979112958094279,1.9791057681572966e-11,1e-06,0,11.97,600.0,1.0,1.97911295811407,attachment_B7_native_val_loss,4.3092e+22,1.17669888e+22,7.27362964284379e+20,5.558635176428438e+22,0.07412559141344283,N_max;D_max;Q_max
8.058421877614818e+23,8192,logarithmic,0.5,B7_semi_synthetic_diagnostic_only,False,True,5.346880000000001e+18,1.979112958094279,1.9791057681572966e-11,1e-06,0,11.97,600.0,1.0,1.97911295811407,attachment_B7_native_val_loss,4.3092e+22,1.17669888e+22,7.27362964284379e+20,5.558635176428438e+22,0.06897920288672846,N_max;D_max;Q_max
8.659643233600654e+23,8192,logarithmic,0.5,B7_semi_synthetic_diagnostic_only,False,True,5.346880000000001e+18,1.979112958094279,1.9791057681572966e-11,1e-06,0,11.97,600.0,1.0,1.97911295811407,attachment_B7_native_val_loss,4.3092e+22,1.17669888e+22,7.27362964284379e+20,5.558635176428438e+22,0.06419011761200669,N_max;D_max;Q_max
9.30572040929699e+23,8192,logarithmic,0.5,B7_semi_synthetic_diagnostic_only,False,True,5.346880000000001e+18,1.979112958094279,1.9791057681572966e-11,1e-06,0,11.97,600.0,1.0,1.97911295811407,attachment_B7_native_val_loss,4.3092e+22,1.17669888e+22,7.27362964284379e+20,5.558635176428438e+22,0.059733528753722474,N_max;D_max;Q_max
1e+24,8192,logarithmic,0.5,B7_semi_synthetic_diagnostic_only,False,True,5.346880000000001e+18,1.979112958094279,1.9791057681572966e-11,1e-06,0,11.97,600.0,1.0,1.97911295811407,attachment_B7_native_val_loss,4.3092e+22,1.17669888e+22,7.27362964284379e+20,5.558635176428438e+22,0.055586351764284385,N_max;D_max;Q_max
1e+19,131072,exponential,0.5,B7_semi_synthetic_diagnostic_only,False,False,2.2550080000000004e+19,,,,,,,,,,,,,,,
1.0746078283213175e+19,131072,exponential,0.5,B7_semi_synthetic_diagnostic_only,False,False,2.2550080000000004e+19,,,,,,,,,,,,,,,
1.1547819846894582e+19,131072,exponential,0.5,B7_semi_synthetic_diagnostic_only,False,False,2.2550080000000004e+19,,,,,,,,,,,,,,,
1.2409377607517196e+19,131072,exponential,0.5,B7_semi_synthetic_diagnostic_only,False,False,2.2550080000000004e+19,,,,,,,,,,,,,,,
1.3335214321633241e+19,131072,exponential,0.5,B7_semi_synthetic_diagnostic_only,False,False,2.2550080000000004e+19,,,,,,,,,,,,,,,
1.4330125702369628e+19,131072,exponential,0.5,B7_semi_synthetic_diagnostic_only,False,False,2.2550080000000004e+19,,,,,,,,,,,,,,,
1.539926526059492e+19,131072,exponential,0.5,B7_semi_synthetic_diagnostic_only,False,False,2.2550080000000004e+19,,,,,,,,,,,,,,,
1.6548170999431815e+19,131072,exponential,0.5,B7_semi_synthetic_diagnostic_only,False,False,2.2550080000000004e+19,,,,,,,,,,,,,,,
1.7782794100389229e+19,131072,exponential,0.5,B7_semi_synthetic_diagnostic_only,False,False,2.2550080000000004e+19,,,,,,,,,,,,,,,
1.9109529749704405e+19,131072,exponential,0.5,B7_semi_synthetic_diagnostic_only,False,False,2.2550080000000004e+19,,,,,,,,,,,,,,,
2.053525026457146e+19,131072,exponential,0.5,B7_semi_synthetic_diagnostic_only,False,False,2.2550080000000004e+19,,,,,,,,,,,,,,,
2.2067340690845897e+19,131072,exponential,0.5,B7_semi_synthetic_diagnostic_only,False,False,2.2550080000000004e+19,,,,,,,,,,,,,,,
2.3713737056616554e+19,131072,exponential,0.5,B7_semi_synthetic_diagnostic_only,False,True,2.2550080000000004e+19,3.465297371410131,8.146213681392567e-07,1e-06,38,0.07,9.999999999999998,0.5761689724925555,3.4652981860314993,attachment_B7_native_val_loss,4.2e+18,1.835008e+19,1.1636570566165565e+18,2.3713737056616554e+19,1.0,N_min;D_min
2.5482967479793463e+19,131072,exponential,0.5,B7_semi_synthetic_diagnostic_only,False,True,2.2550080000000004e+19,3.4380320512488924,9.958490623240834e-07,1e-06,1362,0.07166294586520047,10.0,0.6309152953293209,3.4380330470979548,attachment_B7_native_val_loss,4.299776751912028e+18,1.878601128088711e+19,2.3971794469943255e+18,2.5482967479793463e+19,1.0,D_min
2.7384196342643614e+19,131072,exponential,0.5,B7_semi_synthetic_diagnostic_only,False,True,2.2550080000000004e+19,3.413047540057391,9.996861050076689e-07,1e-06,1441,0.07639518778606705,10.0,0.6445913725511594,3.413048539743496,attachment_B7_native_val_loss,4.583711267164023e+18,2.002654010699076e+19,2.773944968488831e+18,2.7384196342643614e+19,1.0,D_min
2.942727176209282e+19,131072,exponential,0.5,B7_semi_synthetic_diagnostic_only,False,True,2.2550080000000004e+19,3.388318492592433,9.984835762644195e-07,1e-06,1433,0.08146209944609117,10.0,0.6583257021020663,3.3883194910760093,attachment_B7_native_val_loss,4.887725966765471e+18,2.1354800597196124e+19,3.184745198131227e+18,2.9427271762092823e+19,1.0000000000000002,D_min
3.162277660168379e+19,131072,exponential,0.5,B7_semi_synthetic_diagnostic_only,False,True,2.2550080000000004e+19,3.3638505243148966,9.97332393115613e-07,1e-06,1390,0.08688698355526575,10.0,0.6721139417195445,3.3638515216472897,attachment_B7_native_val_loss,5.213219013315944e+18,2.2776901417111585e+19,3.6326561712562627e+18,3.162277660168379e+19,1.0,D_min
3.3982083289425592e+19,131072,exponential,0.5,B7_semi_synthetic_diagnostic_only,False,True,2.2550080000000004e+19,3.3396484115300082,9.971363956751134e-07,1e-06,1349,0.09269473088290314,10.0,0.6859520396799856,3.339649408666404,attachment_B7_native_val_loss,5.561683852974189e+18,2.429936753256776e+19,4.1210319038836403e+18,3.3982083289425592e+19,1.0,D_min
3.651741272548377e+19,131072,exponential,0.5,B7_semi_synthetic_diagnostic_only,False,True,2.2550080000000004e+19,3.315716142055488,9.991114633400855e-07,1e-06,1313,0.09891194209451708,10.000000000000002,0.6998360837370357,3.3157171411669513,attachment_B7_native_val_loss,5.934716525671026e+18,2.592917214842509e+19,4.653524051387662e+18,3.651741272548378e+19,1.0000000000000002,D_min
3.924189758484536e+19,131072,exponential,0.5,B7_semi_synthetic_diagnostic_only,False,True,2.2550080000000004e+19,3.292056973919871,9.999219194867237e-07,1e-06,1378,0.10556702526720893,10.0,0.713762444884871,3.2920579738417906,attachment_B7_native_val_loss,6.334021516032537e+18,2.7673762271647216e+19,5.234113797165604e+18,3.924189758484536e+19,1.0,D_min
4.216965034285823e+19,131072,exponential,0.5,B7_semi_synthetic_diagnostic_only,False,True,2.2550080000000004e+19,3.268673479321394,9.999276637806531e-07,1e-06,1422,0.11269033486698202,10.0,0.7277276234200829,3.2686744792490576,attachment_B7_native_val_loss,6.761420092018921e+18,2.9541095143370134e+19,5.867135107469173e+18,4.216965034285823e+19,1.0,D_min
4.531583637600818e+19,131072,exponential,0.5,B7_semi_synthetic_diagnostic_only,False,True,2.2550080000000004e+19,3.2455675984229813,9.997343428658212e-07,1e-06,1433,0.12031429253171115,10.0,0.7417283222749909,3.245568598157324,attachment_B7_native_val_loss,7.218857551902669e+18,3.153966990143289e+19,6.557308922672625e+18,4.531583637600819e+19,1.0000000000000002,D_min
4.869675251658631e+19,131072,exponential,0.5,B7_semi_synthetic_diagnostic_only,False,True,2.2550080000000004e+19,3.2227406893253505,9.98529264162329e-07,1e-06,1432,0.1284735210813248,10.0,0.7557614601325298,3.2227416878546147,attachment_B7_native_val_loss,7.708411264879487e+18,3.3678562710342803e+19,7.309778541364016e+18,4.869675251658631e+19,1.0,D_min
5.2329911468149465e+19,131072,exponential,0.5,B7_semi_synthetic_diagnostic_only,False,True,2.2550080000000004e+19,3.2001935697332606,9.985624269681637e-07,1e-06,1426,0.13720499939447225,10.000000000000002,0.7698241107207422,3.2001945682956876,attachment_B7_native_val_loss,8.232299963668337e+18,3.5967467361264538e+19,8.13014414321659e+18,5.2329911468149465e+19,1.0,D_min
5.6234132519034905e+19,131072,exponential,0.5,B7_semi_synthetic_diagnostic_only,False,True,2.2550080000000004e+19,3.1779265667923915,9.99212729890786e-07,1e-06,1416,0.14654822362557202,10.0,0.7839134805574315,3.1779275660051214,attachment_B7_native_val_loss,8.792893417534321e+18,3.841673753410195e+19,9.024501567398629e+18,5.62341325190349e+19,0.9999999999999999,D_min
6.042963902381328e+19,131072,exponential,0.5,B7_semi_synthetic_diagnostic_only,False,True,2.2550080000000004e+19,3.155939556953678,9.987369509190103e-07,1e-06,1407,0.15654535586541662,10.0,0.7980269974119725,3.155940555690629,attachment_B7_native_val_loss,9.392721351924998e+18,4.1037425767983776e+19,9.99949190390451e+18,6.042963902381328e+19,1.0,D_min
6.493816315762113e+19,131072,exponential,0.5,B7_semi_synthetic_diagnostic_only,False,True,2.2550080000000004e+19,3.1342320000060724,9.995462302292424e-07,1e-06,1402,0.1672414216867269,10.0,0.8121621992220847,3.1342329995523026,attachment_B7_native_val_loss,1.0034485301203614e+19,4.384133524664534e+19,1.1062342609772177e+19,6.493816315762113e+19,1.0,D_min
6.978305848598663e+19,131072,exponential,0.5,B7_semi_synthetic_diagnostic_only,False,True,2.2550080000000004e+19,3.1128029876748133,9.966247458415012e-07,1e-06,1399,0.1786844915285839,10.0,0.8263167723959033,3.112803984299559,attachment_B7_native_val_loss,1.0721069491715033e+19,4.68410673472691e+19,1.2220921647002501e+19,6.978305848598663e+19,1.0,D_min
7.498942093324558e+19,131072,exponential,0.5,B7_semi_synthetic_diagnostic_only,False,True,2.2550080000000004e+19,3.091651256515585,9.993934386720582e-07,1e-06,1397,0.19092587784143225,10.0,0.8404885597563858,3.0916522559090236,attachment_B7_native_val_loss,1.1455552670485936e+19,5.0050073320864416e+19,1.348379494189523e+19,7.498942093324558e+19,1.0,D_min
8.058421877614818e+19,131072,exponential,0.5,B7_semi_synthetic_diagnostic_only,False,True,2.2550080000000004e+19,3.070775253791824,9.983821525061387e-07,1e-06,1393,0.20402036535078533,9.999999999999998,0.8546754971001611,3.0707762521739763,attachment_B7_native_val_loss,1.2241221921047118e+19,5.348271465451626e+19,1.4860282200584798e+19,8.058421877614818e+19,1.0,D_min
8.659643233600653e+19,131072,exponential,0.5,B7_semi_synthetic_diagnostic_only,False,True,2.2550080000000004e+19,3.0501731336361373,9.99473568796816e-07,1e-06,1390,0.2180264206614385,10.0,0.8688756766917829,3.050174133109706,attachment_B7_native_val_loss,1.308158523968631e+19,5.7154318017872134e+19,1.6360529078448083e+19,8.659643233600653e+19,1.0,D_min
9.30572040929699e+19,131072,exponential,0.5,B7_semi_synthetic_diagnostic_only,False,True,2.2550080000000004e+19,3.0298428095945886,9.996951453317138e-07,1e-06,1387,0.2330064504568425,10.0,0.8830872892864057,3.029843809289734,attachment_B7_native_val_loss,1.398038702741055e+19,6.108124294855852e+19,1.7995574117000823e+19,9.30572040929699e+19,1.0,D_min
1e+20,131072,exponential,0.5,B7_semi_synthetic_diagnostic_only,False,True,2.2550080000000004e+19,3.0097819683890012,9.998067120875476e-07,1e-06,1383,0.2490270571584364,10.0,0.8973086334141349,3.0097829681957133,attachment_B7_native_val_loss,1.4941623429506183e+19,6.528094887174115e+19,1.9777427698752664e+19,1e+20,1.0,D_min
1.0746078283213175e+20,131072,exponential,0.5,B7_semi_synthetic_diagnostic_only,False,True,2.2550080000000004e+19,2.9899881014736214,9.971957566357048e-07,1e-06,1376,0.26615930936915444,10.0,0.9115381232279329,2.989989098669378,attachment_B7_native_val_loss,1.5969558562149265e+19,6.977206599526762e+19,2.171915827471486e+19,1.0746078283213175e+20,1.0,D_min
1.1547819846894582e+20,131072,exponential,0.5,B7_semi_synthetic_diagnostic_only,False,True,2.2550080000000004e+19,2.970458513646808,9.999116361569804e-07,1e-06,1372,0.28447904593176615,10.0,0.925774257050062,2.970459513558444,attachment_B7_native_val_loss,1.7068742755905968e+19,7.45744750167369e+19,2.383498069630294e+19,1.154781984689458e+20,0.9999999999999999,D_min
1.2409377607517195e+20,131072,exponential,0.5,B7_semi_synthetic_diagnostic_only,False,True,2.2550080000000004e+19,2.951190374337206,9.963130871426529e-07,1e-06,1371,0.3040671775421362,10.0,0.9400156382696045,2.9511913706502932,attachment_B7_native_val_loss,1.824403065252817e+19,7.970938618960575e+19,2.6140359233038057e+19,1.2409377607517197e+20,1.0000000000000002,D_min
1.333521432163324e+20,131072,exponential,0.5,B7_semi_synthetic_diagnostic_only,False,True,2.2550080000000004e+19,2.9321806930561594,9.989315978842228e-07,1e-06,1364,0.3250100350480769,10.0,0.9542609381491083,2.9321816919877572,attachment_B7_native_val_loss,1.9500602102884614e+19,8.519943062764308e+19,2.8652110485804724e+19,1.3335214321633242e+20,1.0000000000000002,D_min
1.4330125702369627e+20,131072,exponential,0.5,B7_semi_synthetic_diagnostic_only,False,True,2.2550080000000004e+19,2.9134263833247305,9.983360271803576e-07,1e-06,1359,0.34739971700204325,10.0,0.9685089087802254,2.9134273816607577,attachment_B7_native_val_loss,2.0843983020122595e+19,9.106875141378363e+19,3.1388522589790065e+19,1.4330125702369629e+20,1.0000000000000002,D_min
1.539926526059492e+20,131072,exponential,0.5,B7_semi_synthetic_diagnostic_only,False,True,2.2550080000000004e+19,2.894924243396519,9.987694826740778e-07,1e-06,1345,0.37133443605438493,10.0,0.9827584243980623,2.8949252421660017,attachment_B7_native_val_loss,2.2280066163263095e+19,9.734309440504069e+19,3.4369492037645427e+19,1.539926526059492e+20,1.0,D_min
1.6548170999431814e+20,131072,exponential,0.5,B7_semi_synthetic_diagnostic_only,False,True,2.2550080000000004e+19,2.8766709895818243,9.998441368175293e-07,1e-06,1246,0.3969183160535516,10.0,0.99700927734375,2.876671989425961,attachment_B7_native_val_loss,2.38150989632131e+19,1.0404975504354222e+20,3.76168559875628e+19,1.6548170999431814e+20,1.0,D_min
1.778279410038923e+20,131072,exponential,0.5,B7_semi_synthetic_diagnostic_only,False,True,2.2550080000000004e+19,2.8588493137441664,8.863310418938397e-07,1e-06,102,0.43301633849128823,10.0,1.0,2.8588502000752083,attachment_B7_native_val_loss,2.5980980309477294e+19,1.1351263503746025e+20,3.833432565695474e+19,1.778279410038923e+20,1.0,D_min;Q_max
1.9109529749704406e+20,131072,exponential,0.5,B7_semi_synthetic_diagnostic_only,False,True,2.2550080000000004e+19,2.8418119992816133,8.569870835195559e-07,1e-06,57,0.4742008910303756,10.0,1.0,2.841812856268697,attachment_B7_native_val_loss,2.8452053461822538e+19,1.2430891837826679e+20,3.833432565695474e+19,1.9109529749704406e+20,1.0,D_min;Q_max
2.053525026457146e+20,131072,exponential,0.5,B7_semi_synthetic_diagnostic_only,False,True,2.2550080000000004e+19,2.825500996058512,9.979202659771147e-07,1e-06,38,0.5184581335947895,10.0,1.0,2.825501993978778,attachment_B7_native_val_loss,3.1107488015687373e+19,1.359106889730725e+20,3.833432565695474e+19,2.053525026457146e+20,1.0,D_min;Q_max
2.20673406908459e+20,131072,exponential,0.5,B7_semi_synthetic_diagnostic_only,False,True,2.2550080000000004e+19,2.8098547731529533,8.91633159305627e-07,1e-06,29,0.5660173129144243,9.999999999999998,1.0,2.8098556647861126,attachment_B7_native_val_loss,3.396103877486545e+19,1.483780424766388e+20,3.833432565695473e+19,2.20673406908459e+20,1.0,D_min;Q_max
2.3713737056616553e+20,131072,exponential,0.5,B7_semi_synthetic_diagnostic_only,False,True,2.2550080000000004e+19,2.794819140821021,8.596791603032727e-07,1e-06,27,0.6171247793198408,10.0,1.0,2.7948200005001813,attachment_B7_native_val_loss,3.702748675919045e+19,1.6177555815002033e+20,3.833432565695474e+19,2.3713737056616553e+20,1.0,D_min;Q_max
2.5482967479793464e+20,131072,exponential,0.5,B7_semi_synthetic_diagnostic_only,False,True,2.2550080000000004e+19,2.7803312456869667,7.306766107717522e-07,1e-06,25,0.6610162390514116,10.141395252671918,1.0,2.7803319763635774,attachment_B7_native_val_loss,4.022176169193019e+19,1.7573155828282245e+20,3.887635482318202e+19,2.5482967479793467e+20,1.0000000000000002,Q_max
2.7384196342643612e+20,131072,exponential,0.5,B7_semi_synthetic_diagnostic_only,False,True,2.2550080000000004e+19,2.7661209775040003,7.047806120930034e-07,1e-06,21,0.6820473658453379,10.611899301574226,1.0,2.7661216822846124,attachment_B7_native_val_loss,4.342690779152809e+19,1.8973505526837235e+20,4.06800003665357e+19,2.7384196342643615e+20,1.0000000000000002,Q_max
2.942727176209282e+20,131072,exponential,0.5,B7_semi_synthetic_diagnostic_only,False,True,2.2550080000000004e+19,2.752101978996945,6.741334344084748e-07,1e-06,17,0.7038370394711206,11.101647865959935,1.0,2.7521026531303794,attachment_B7_native_val_loss,4.688250580336875e+19,2.0483279335530496e+20,4.255741846225447e+19,2.942727176209282e+20,1.0,Q_max
3.1622776601683794e+20,131072,exponential,0.5,B7_semi_synthetic_diagnostic_only,False,True,2.2550080000000004e+19,2.738270707630964,6.473672882201242e-07,1e-06,17,0.7264141852130126,11.611323224755388,1.0,2.7382713549982522,attachment_B7_native_val_loss,5.060777939733369e+19,2.2110876203891075e+20,4.451122458059349e+19,3.1622776601683794e+20,1.0,Q_max
3.3982083289425596e+20,131072,exponential,0.5,B7_semi_synthetic_diagnostic_only,False,True,2.2550080000000004e+19,2.7246237154350585,6.215646699558874e-07,1e-06,17,0.749808831658682,12.141629701266769,1.0,2.7246243369997285,attachment_B7_native_val_loss,5.462340708443513e+19,2.3865330711236932e+20,4.654411869745145e+19,3.398208328942559e+20,0.9999999999999998,Q_max
3.651741272548377e+20,131072,exponential,0.5,B7_semi_synthetic_diagnostic_only,False,True,2.2550080000000004e+19,2.7111576327139697,5.966963065873188e-07,1e-06,17,0.7740521517450145,12.693294465176725,1.0,2.7111582294102763,attachment_B7_native_val_loss,5.895163136101876e+19,2.575636075250484e+20,4.865888836877057e+19,3.651741272548377e+20,1.0,Q_max
3.924189758484536e+20,131072,exponential,0.5,B7_semi_synthetic_diagnostic_only,False,True,2.2550080000000004e+19,2.697869169112962,5.727335650185239e-07,1e-06,17,0.7991765053262694,13.267068369676029,1.0,2.697869741846527,attachment_B7_native_val_loss,6.361637601361425e+19,2.779441878952149e+20,5.085841193962445e+19,3.924189758484536e+20,1.0,Q_max
4.216965034285823e+20,131072,exponential,0.5,B7_semi_synthetic_diagnostic_only,False,True,2.2550080000000004e+19,2.6847551118220188,5.496484414280189e-07,1e-06,17,0.8252154833242189,13.863726824795672,1.0,2.68475566147046,attachment_B7_native_val_loss,6.864337219439219e+19,2.999074693421125e+20,5.314566189207764e+19,4.216965034285823e+20,1.0,Q_max
4.5315836376008176e+20,131072,exponential,0.5,B7_semi_synthetic_diagnostic_only,False,True,2.2550080000000004e+19,2.6718123238067415,5.274135608246411e-07,1e-06,17,0.8522039535219144,14.484070708010892,1.0,2.6718128512203023,attachment_B7_native_val_loss,7.4060293922747e+19,3.235743615014099e+20,5.5523708335924855e+19,4.531583637600817e+20,0.9999999999999999,Q_max
4.8696752516586314e+20,131072,exponential,0.5,B7_semi_synthetic_diagnostic_only,False,True,2.2550080000000004e+19,2.659037742065734,5.060021668334969e-07,1e-06,17,0.8801781080653397,15.128927313189715,1.0,2.6590382480679007,attachment_B7_native_val_loss,7.98969037174882e+19,3.4907489880195373e+20,5.7995722646421185e+19,4.869675251658631e+20,0.9999999999999999,Q_max
5.232991146814947e+20,131072,exponential,0.5,B7_semi_synthetic_diagnostic_only,False,True,2.2550080000000004e+19,2.6464278905618577,9.707405013159587e-07,1e-06,16,0.9091755127394736,15.799151338968594,1.0,2.646428861302359,attachment_B7_native_val_loss,8.618520911673187e+19,3.7654892431160934e+20,6.0564981253153464e+19,5.232991146814947e+20,1.0,Q_max
5.6234132519034906e+20,131072,exponential,0.5,B7_semi_synthetic_diagnostic_only,False,True,2.2550080000000004e+19,2.6339808397832662,9.310565078912703e-07,1e-06,16,0.9392351580881251,16.495625917643714,1.0,2.633981770839774,attachment_B7_native_val_loss,9.295963089912401e+19,4.061468247069993e+20,6.323486958422571e+19,5.62341325190349e+20,0.9999999999999999,Q_max
6.042963902381328e+20,131072,exponential,0.5,B7_semi_synthetic_diagnostic_only,False,True,2.2550080000000004e+19,2.621693232692659,8.928662933449516e-07,1e-06,16,0.9703975124492734,17.21926368568382,1.0,2.6216941255589523,attachment_B7_native_val_loss,1.002571838807741e+20,4.380303201873609e+20,6.600888616999783e+19,6.042963902381328e+20,1.0,Q_max
6.493816315762113e+20,131072,exponential,0.5,B7_semi_synthetic_diagnostic_only,False,True,2.2550080000000004e+19,2.6095622855417826,8.561212103685989e-07,1e-06,16,1.0027045769804506,17.971007896986738,1.0,2.609563141662993,attachment_B7_native_val_loss,1.0811767122756254e+20,4.723733134379693e+20,6.889064691067949e+19,6.493816315762113e+20,1.0,Q_max
6.978305848598663e+20,131072,exponential,0.5,B7_semi_synthetic_diagnostic_only,False,True,2.2550080000000004e+19,2.5975852802928814,8.207737955956418e-07,1e-06,16,1.0361999427515665,18.75183358002206,1.0,2.597586101066677,attachment_B7_native_val_loss,1.1658389329263455e+20,5.093628020550732e+20,7.18838895121585e+19,6.978305848598662e+20,0.9999999999999998,Q_max
7.498942093324558e+20,131072,exponential,0.5,B7_semi_synthetic_diagnostic_only,False,True,2.2550080000000004e+19,2.5857595630318566,7.867777633840944e-07,1e-06,16,1.0709288499854583,19.562748740028326,1.0,2.58576034980962,attachment_B7_native_val_loss,1.2570187206427805e+20,5.4919985917363506e+20,7.499247809454268e+19,7.498942093324558e+20,1.0,Q_max
8.058421877614818e+20,131072,exponential,0.5,B7_semi_synthetic_diagnostic_only,False,True,2.2550080000000004e+19,2.574082542407164,7.540879902734332e-07,1e-06,16,1.106938249529282,20.404795607465495,1.0,2.574083296495154,attachment_B7_native_val_loss,1.3552109239038383e+20,5.921006873930797e+20,7.82204079780182e+19,8.058421877614817e+20,0.9999999999999999,Q_max
8.659643233600653e+20,131072,exponential,0.5,B7_semi_synthetic_diagnostic_only,False,True,2.2550080000000004e+19,2.5625516880944392,7.226605021060095e-07,1e-06,16,1.1442768666432386,21.279051933953543,1.0,2.5625524107549413,attachment_B7_native_val_loss,1.4609476123273863e+20,6.382977514765839e+20,8.157181065074278e+19,8.659643233600655e+20,1.0000000000000002,Q_max
9.30572040929699e+20,131072,exponential,0.5,B7_semi_synthetic_diagnostic_only,False,True,2.2550080000000004e+19,2.5511645292868663,6.924524638129981e-07,1e-06,16,1.182995267195874,22.186632336974455,1.0,2.55116522173933,attachment_B7_native_val_loss,1.5748008629793427e+20,6.880409957080946e+20,8.505095892367016e+19,9.305720409296992e+20,1.0000000000000002,Q_max
1e+21,131072,exponential,0.5,B7_semi_synthetic_diagnostic_only,False,True,2.2550080000000004e+19,2.5399186532113003,6.634221616508285e-07,1e-06,16,1.2231459263591407,23.128689694648376,1.0,2.539919316633462,attachment_B7_native_val_loss,1.697385754922028e+20,7.415991522304667e+20,8.86622722773304e+19,9.999999999999999e+20,0.9999999999999999,Q_max
1.0746078283213176e+21,131072,exponential,0.5,B7_semi_synthetic_diagnostic_only,False,True,2.2550080000000004e+19,2.52881170367018,6.35528996539847e-07,1e-06,16,1.264783299899055,24.106416591956034,1.0,2.5288123391991766,attachment_B7_native_val_loss,1.829363587554929e+20,7.992611471599988e+20,9.241032240582597e+19,1.0746078283213177e+21,1.0000000000000002,Q_max
1.1547819846894581e+21,131072,exponential,0.5,B7_semi_synthetic_diagnostic_only,False,True,2.2550080000000004e+19,2.517841379609265,6.087334614157669e-07,1e-06,16,1.3079638981619786,25.12104681982203,1.0,2.5178419883427265,attachment_B7_native_val_loss,1.9714453394618397e+20,8.613376117798076e+20,9.629983896346649e+19,1.1547819846894581e+21,1.0,Q_max
1.2409377607517195e+21,131072,exponential,0.5,B7_semi_synthetic_diagnostic_only,False,True,2.2550080000000004e+19,2.507005433711226,5.82997133680152e-07,1e-06,16,1.3527463628596759,26.173856928541337,1.0,2.5070060167083597,attachment_B7_native_val_loss,2.1243953857256292e+20,9.281625066594324e+20,1.0033571551972447e+20,1.2409377607517198e+21,1.0000000000000002,Q_max
1.333521432163324e+21,131072,exponential,0.5,B7_semi_synthetic_diagnostic_only,False,True,2.2550080000000004e+19,2.4963016710151305,5.582826574368482e-07,1e-06,16,1.3991915467606453,27.26616783708413,1.0,2.496302229297788,attachment_B7_native_val_loss,2.289035493012306e+20,1.0000948671336966e+21,1.0452301572839683e+20,1.333521432163324e+21,1.0,Q_max
1.4330125702369627e+21,131072,exponential,0.5,B7_semi_synthetic_diagnostic_only,False,True,2.2550080000000004e+19,2.485727947561851,5.345537261725042e-07,1e-06,16,1.4473625963984444,28.39934649989474,1.0,2.485728482115577,attachment_B7_native_val_loss,2.4662491131664033e+20,1.0775206792031561e+21,1.0886697971716628e+20,1.4330125702369627e+21,1.0,Q_max
1.539926526059492e+21,131072,exponential,0.5,B7_semi_synthetic_diagnostic_only,False,True,2.2550080000000004e+19,2.475282169065422,5.117750707661628e-07,1e-06,16,1.4973250379124425,29.574807632860907,1.0,2.475282680840493,attachment_B7_native_val_loss,2.656985997607599e+20,1.160854895594744e+21,1.1337303070398808e+20,1.5399265260594921e+21,1.0000000000000002,Q_max
1.6548170999431815e+21,131072,exponential,0.5,B7_semi_synthetic_diagnostic_only,False,True,2.2550080000000004e+19,2.464961799742603,9.797802027478042e-07,1e-06,15,1.549146866140311,30.79401550021255,1.0,2.4649627795228057,attachment_B7_native_val_loss,2.8622671564818255e+20,1.250543602447953e+21,1.1804678184704598e+20,1.6548170999431813e+21,0.9999999999999999,Q_max
1.7782794100389228e+21,131072,exponential,0.5,B7_semi_synthetic_diagnostic_only,False,True,2.2550080000000004e+19,2.45476584148617,9.378214023136877e-07,1e-06,15,1.6028986370858065,32.058485764192724,1.0,2.4547667793075725,attachment_B7_native_val_loss,3.083190188307555e+20,1.3470663478728262e+21,1.2289404333534116e+20,1.7782794100389228e+21,1.0,Q_max
1.9109529749704406e+21,131072,exponential,0.5,B7_semi_synthetic_diagnostic_only,False,True,2.2550080000000004e+19,2.444691829620267,8.97563615875896e-07,1e-06,15,1.65865356389049,33.36978739941876,1.0,2.4446927271838828,attachment_B7_native_val_loss,3.320935007778834e+20,1.450938644465291e+21,1.2792082972726637e+20,1.910952974970441e+21,1.0000000000000002,Q_max
2.053525026457146e+21,131072,exponential,0.5,B7_semi_synthetic_diagnostic_only,False,True,2.2550080000000004e+19,2.434737855815792,8.589442641593337e-07,1e-06,15,1.7164876164418787,34.72954467395671,1.0,2.4347387147600563,attachment_B7_native_val_loss,3.576770001450702e+20,1.5627146587671547e+21,1.3313336754492146e+20,2.0535250264571464e+21,1.0000000000000002,Q_max
2.20673406908459e+21,131072,exponential,0.5,B7_semi_synthetic_diagnostic_only,False,True,2.2550080000000004e+19,2.4249020551620726,8.219026734757051e-07,1e-06,15,1.7764796247562278,36.13943919921107,1.0,2.424902877064746,attachment_B7_native_val_loss,3.852058643250899e+20,1.682990101627273e+21,1.3853810313222727e+20,2.2067340690845902e+21,1.0000000000000002,Q_max
2.3713737056616553e+21,131072,exponential,0.5,B7_semi_synthetic_diagnostic_only,False,True,2.2550080000000004e+19,2.4151826049938703,7.863800388641096e-07,1e-06,15,1.8387113862786602,37.60121205083914,1.0,2.415183391373909,attachment_B7_native_val_loss,4.148266604145377e+20,1.8124053344618097e+21,1.4414171078530784e+20,2.3713737056616553e+21,1.0,Q_max
2.5482967479793463e+21,131072,exponential,0.5,B7_semi_synthetic_diagnostic_only,False,True,2.2550080000000004e+19,2.4055777237441736,7.523193872316369e-07,1e-06,15,1.9032677772489532,39.1166659629949,1.0,2.405578476063561,attachment_B7_native_val_loss,4.466969392846746e+20,1.9516487075306954e+21,1.499511011639764e+20,2.5482967479793463e+21,1.0,Q_max
2.7384196342643614e+21,131072,exponential,0.5,B7_semi_synthetic_diagnostic_only,False,True,2.2550080000000004e+19,2.396085669822691,7.196655444907663e-07,1e-06,15,1.9702368682863516,40.68766759831999,1.0,2.3960863894882354,attachment_B7_native_val_loss,4.8098605672074025e+20,2.1014601475500288e+21,1.5597342999359242e+20,2.738419634264362e+21,1.0000000000000002,Q_max
2.9427271762092816e+21,131072,exponential,0.5,B7_semi_synthetic_diagnostic_only,False,True,2.2550080000000004e+19,2.3867047405199386,6.883650969236044e-07,1e-06,15,2.0397100443529323,42.31614989619896,1.0,2.3867054288850356,attachment_B7_native_val_loss,5.1787605588972785e+20,2.262635013252614e+21,1.6221610706694026e+20,2.942727176209282e+21,1.0000000000000002,Q_max
3.1622776601683794e+21,131072,exponential,0.5,B7_semi_synthetic_diagnostic_only,False,True,2.2550080000000004e+19,2.3774332709367973,6.583663538783924e-07,1e-06,15,2.1117821292607104,44.00411450191301,1.0,2.3774339293031512,attachment_B7_native_val_loss,5.575626157144918e+20,2.436028238897662e+21,1.686868055562258e+20,3.1622776601683794e+21,1.0,Q_max
3.3982083289425594e+21,131072,exponential,0.5,B7_semi_synthetic_diagnostic_only,False,True,2.2550080000000004e+19,2.3682696329393784,6.296193113541904e-07,1e-06,15,2.186551514893421,45.753634279449265,1.0,2.3682702625586898,attachment_B7_native_val_loss,6.00256070073656e+20,2.6225587872231415e+21,1.753934716457616e+20,3.398208328942559e+21,0.9999999999999999,Q_max
3.651741272548377e+21,131072,exponential,0.5,B7_semi_synthetic_diagnostic_only,False,True,2.2550080000000004e+19,2.3592122341390462,6.020756138092054e-07,1e-06,15,2.2641202953210673,47.566855910827144,1.0,2.35921283621466,attachment_B7_native_val_loss,6.461825031138996e+20,2.8232144349381683e+21,1.8234433449630902e+20,3.651741272548377e+21,1.0,Q_max
3.924189758484536e+21,131072,exponential,0.5,B7_semi_synthetic_diagnostic_only,False,True,2.2550080000000004e+19,2.3502595168973923,5.756885181895655e-07,1e-06,15,2.3445944059911366,49.44600258494127,1.0,2.3502600925859105,attachment_B7_native_val_loss,6.955849263556594e+20,3.0390569155763e+21,1.8954791655257647e+20,3.9241897584845364e+21,1.0000000000000002,Q_max
4.2169650342858226e+21,131072,exponential,0.5,B7_semi_synthetic_diagnostic_only,False,True,2.2550080000000004e+19,2.3414099573559652,5.504128544053799e-07,1e-06,15,2.42808376818786,51.39337677903527,1.0,2.3414105077688196,attachment_B7_native_val_loss,7.487245436972305e+20,3.27122744638278e+21,1.9701304420581137e+20,4.2169650342858216e+21,0.9999999999999998,Q_max
4.5315836376008176e+21,131072,exponential,0.5,B7_semi_synthetic_diagnostic_only,False,True,2.2550080000000004e+19,2.3326620644905205,5.262049880272457e-07,1e-06,15,2.5147024389572454,53.411363136065866,1.0,2.3326625906955085,attachment_B7_native_val_loss,8.058821108777757e+20,3.5209526678990603e+21,2.0474885882398163e+20,4.5315836376008176e+21,1.0,Q_max
4.869675251658631e+21,131072,exponential,0.5,B7_semi_synthetic_diagnostic_only,False,True,2.2550080000000004e+19,2.3240143791895433,5.03022783426843e-07,1e-06,15,2.60456876670398,55.502431441331,1.0,2.3240148822123268,attachment_B7_native_val_loss,8.673593964493181e+20,3.789551027046834e+21,2.1276482816247867e+20,4.869675251658631e+21,1.0,Q_max
5.232991146814947e+21,131072,exponential,0.5,B7_semi_synthetic_diagnostic_only,False,True,2.2550080000000004e+19,2.315464992595512,9.615868314938325e-07,1e-06,14,2.6978055526732865,57.66913970188712,1.0,2.3154659541823435,attachment_B7_native_val_loss,9.334807518338553e+20,4.0784396368122363e+21,2.2107075816885587e+20,5.232991146814947e+21,1.0,Q_max
5.623413251903491e+21,131072,exponential,0.5,B7_semi_synthetic_diagnostic_only,False,True,2.2550080000000004e+19,2.3070134895258856,9.190856791185809e-07,1e-06,14,2.794540218538933,59.91413733241868,1.0,2.3070144086115647,attachment_B7_native_val_loss,1.0045947986070538e+21,4.3891416481007917e+21,2.2967680519564476e+20,5.62341325190349e+21,0.9999999999999998,Q_max
6.042963902381328e+21,131072,exponential,0.5,B7_semi_synthetic_diagnostic_only,False,True,2.2550080000000004e+19,2.2986579983983773,8.784001925832285e-07,1e-06,14,2.8949049803266,62.240168451374196,1.0,2.29865887679857,attachment_B7_native_val_loss,1.081076241757498e+21,4.72329417198796e+21,2.385934886358699e+20,6.042963902381328e+21,1.0,Q_max
6.493816315762113e+21,131072,exponential,0.5,B7_semi_synthetic_diagnostic_only,False,True,2.2550080000000004e+19,2.2903971790499185,8.394573360881452e-07,1e-06,14,2.999037028911638,64.65007529130604,1.0,2.2903980185072546,attachment_B7_native_val_loss,1.1633278183233129e+21,5.082656793442443e+21,2.478317039963569e+20,6.493816315762113e+21,1.0,Q_max
6.978305848598664e+21,131072,exponential,0.5,B7_semi_synthetic_diagnostic_only,False,True,2.2550080000000004e+19,2.2822297189756435,8.021866984009307e-07,1e-06,14,3.107078717337159,67.14680172754666,1.0,2.282230521162342,attachment_B7_native_val_loss,1.2517823915095092e+21,5.46912072066448e+21,2.574027364246745e+20,6.978305848598664e+21,1.0,Q_max
7.498942093324559e+21,131072,exponential,0.5,B7_semi_synthetic_diagnostic_only,False,True,2.2550080000000004e+19,2.2741543325469036,7.66520416473071e-07,1e-06,14,3.2191777552095955,69.7333969294707,1.0,2.27415509906732,attachment_B7_native_val_loss,1.346905201143319e+21,5.884718617475238e+21,2.673182747060018e+20,7.498942093324559e+21,1.0,Q_max
8.058421877614818e+21,131072,exponential,0.5,B7_semi_synthetic_diagnostic_only,False,True,2.2550080000000004e+19,2.2661697602513367,7.323931048297538e-07,1e-06,14,3.3354874104371985,72.41301913878162,1.0,2.2661704926444415,attachment_B7_native_val_loss,1.449196282134924e+21,6.33163516973296e+21,2.775904257469351e+20,8.058421877614819e+21,1.0000000000000002,Q_max
8.659643233600654e+21,131072,exponential,0.5,B7_semi_synthetic_diagnostic_only,False,True,2.2550080000000004e+19,2.2582747679546333,6.997417836274167e-07,1e-06,14,3.4561667185877436,75.18893957941049,1.0,2.258275467696417,attachment_B7_native_val_loss,1.5591930634815797e+21,6.812218440555254e+21,2.8823172956382154e+20,8.659643233600655e+21,1.0000000000000002,Q_max
9.30572040929699e+21,131072,exponential,0.5,B7_semi_synthetic_diagnostic_only,False,True,2.2550080000000004e+19,2.250468146183604,6.685058067112948e-07,1e-06,14,3.581380700151607,78.06454650379597,1.0,2.2504688146894107,attachment_B7_native_val_loss,1.6774731612886952e+21,7.328992073214394e+21,2.992551747939002e+20,9.30572040929699e+21,1.0,Q_max
1e+22,131072,exponential,0.5,B7_semi_synthetic_diagnostic_only,False,True,2.2550080000000004e+19,2.2427487094301646,6.38626793669772e-07,1e-06,14,3.7113005860074395,81.0433493804848,1.0,2.2427493480569582,attachment_B7_native_val_loss,1.8046573802867933e+21,7.884668404965019e+21,3.1067421474818654e+20,1e+22,1.0,Q_max
1.0746078283213176e+22,131072,exponential,0.5,B7_semi_synthetic_diagnostic_only,False,True,2.2550080000000004e+19,2.2351152954758287,6.100485587801074e-07,1e-06,14,3.8461040513982034,84.12898322818629,1.0,2.2351159055243874,attachment_B7_native_val_loss,1.9414129394036326e+21,8.482162559783765e+21,3.225027840257777e+20,1.0746078283213176e+22,1.0,Q_max
1.154781984689458e+22,131072,exponential,0.5,B7_semi_synthetic_diagnostic_only,False,True,2.2550080000000004e+19,2.227566764736302,5.827170443950536e-07,1e-06,14,3.98597545873836,87.32521310157219,1.0,2.2275673474533466,attachment_B7_native_val_loss,2.0884569381117858e+21,9.124607593072931e+21,3.347553157098639e+20,1.154781984689458e+22,1.0,Q_max
1.2409377607517196e+22,131072,exponential,0.5,B7_semi_synthetic_diagnostic_only,False,True,2.2550080000000004e+19,2.2201019996257636,5.565802543294751e-07,1e-06,14,4.131106109583612,90.63593873433561,1.0,2.220102556206018,attachment_B7_native_val_loss,2.246560081519559e+21,9.815370766831055e+21,3.47446759166582e+20,1.2409377607517196e+22,1.0,Q_max
1.3335214321633241e+22,131072,exponential,0.5,B7_semi_synthetic_diagnostic_only,False,True,2.2550080000000004e+19,2.212719903940401,5.31588186358789e-07,1e-06,14,4.281694506107705,94.06519934520863,1.0,2.2127204355285874,attachment_B7_native_val_loss,2.416550683513835e+21,1.0558071039650846e+22,3.605925984685594e+20,1.3335214321633241e+22,1.0,Q_max
1.4330125702369628e+22,131072,exponential,0.5,B7_semi_synthetic_diagnostic_only,False,True,2.2550080000000004e+19,2.2054194022607883,5.076927709346535e-07,1e-06,14,4.4379466224434605,97.61717861285007,1.0,2.205419909953559,attachment_B7_native_val_loss,2.599318968704148e+21,1.135659786219967e+22,3.742088714658112e+20,1.4330125702369628e+22,1.0,Q_max
1.539926526059492e+22,131072,exponential,0.5,B7_semi_synthetic_diagnostic_only,False,True,2.2550080000000004e+19,2.1981989546320824,9.695883873561684e-07,1e-06,13,4.600076186259852,101.29620982570161,1.0,2.1981999242204697,attachment_B7_native_val_loss,2.7958216954655466e+21,1.2215131375602007e+22,3.8831218952736643e+20,1.539926526059492e+22,1.0,Q_max
1.6548170999431814e+22,131072,exponential,0.5,B7_semi_synthetic_diagnostic_only,False,True,2.2550080000000004e+19,2.191058516800216,9.259143616269228e-07,1e-06,13,4.768304970959239,105.10678121316354,1.0,2.1910594427145775,attachment_B7_native_val_loss,3.0070871240415175e+21,1.3138164117412325e+22,4.029197579779704e+20,1.6548170999431812e+22,0.9999999999999999,Q_max
1.7782794100389228e+22,131072,exponential,0.5,B7_semi_synthetic_diagnostic_only,False,True,2.2550080000000004e+19,2.183996564756107,8.841669840720101e-07,1e-06,13,4.9428630988944136,109.0535414646463,1.0,2.183997448923091,attachment_B7_native_val_loss,3.2342203554561125e+21,1.413052434767812e+22,4.180493972549968e+20,1.7782794100389228e+22,1.0,Q_max
1.9109529749704407e+22,131072,exponential,0.5,B7_semi_synthetic_diagnostic_only,False,True,2.2550080000000004e+19,2.17701210064417,8.442643308903541e-07,1e-06,13,5.123989356020148,113.14130544328609,1.0,2.1770129449085007,attachment_B7_native_val_loss,3.478409068905734e+21,1.5197401115987079e+22,4.337195648115915e+20,1.9109529749704403e+22,0.9999999999999998,Q_max
2.053525026457146e+22,131072,exponential,0.5,B7_semi_synthetic_diagnostic_only,False,True,2.2550080000000004e+19,2.170104144670848,8.061277343429651e-07,1e-06,13,5.3119315184089775,117.37506010136723,1.0,2.1701049507985823,attachment_B7_native_val_loss,3.7409296873656036e+21,1.6344371199412812e+22,4.4994937779304464e+20,2.053525026457146e+22,1.0,Q_max
2.20673406908459e+22,131072,exponential,0.5,B7_semi_synthetic_diagnostic_only,False,True,2.2550080000000004e+19,2.163271734610962,7.696816721747268e-07,1e-06,13,5.506946691078305,121.75997060471742,1.0,2.163272504292634,attachment_B7_native_val_loss,4.023154003364642e+21,1.7577428050967012e+22,4.6675863651424744e+20,2.2067340690845904e+22,1.0000000000000002,Q_max
2.371373705661655e+22,131072,exponential,0.5,B7_semi_synthetic_diagnostic_only,False,True,2.2550080000000004e+19,2.156513925329868,7.348536508189341e-07,1e-06,13,5.709301659591684,126.30138667362277,1.0,2.156514660183519,attachment_B7_native_val_loss,4.326556299266673e+21,1.890301290858271e+22,4.841678487671619e+20,2.3713737056616547e+22,0.9999999999999998,Q_max
2.5482967479793465e+22,131072,exponential,0.5,B7_semi_synthetic_diagnostic_only,False,True,2.2550080000000004e+19,2.1498297883209783,7.015741085858451e-07,1e-06,13,5.919273254914055,131.00484914808754,1.0,2.149830489895087,attachment_B7_native_val_loss,4.6527209989579494e+21,2.0328048225847213e+22,5.0219825498830176e+20,2.5482967479793465e+22,1.0,Q_max
2.7384196342643614e+22,131072,exponential,0.5,B7_semi_synthetic_diagnostic_only,False,True,2.2550080000000004e+19,2.14321841125824,6.697762993113088e-07,1e-06,13,6.137148732021789,135.8760967854741,1.0,2.1432190810345393,attachment_B7_native_val_loss,5.003350890594253e+21,2.185997359773233e+22,5.2087185431702654e+20,2.738419634264361e+22,0.9999999999999999,Q_max
2.942727176209282e+22,131072,exponential,0.5,B7_semi_synthetic_diagnostic_only,False,True,2.2550080000000004e+19,2.136678897563131,6.393961977657625e-07,1e-06,13,6.363226162783501,140.92107329892514,1.0,2.1366795369593286,attachment_B7_native_val_loss,5.380275963019511e+21,2.3506784367496445e+22,5.402114315768586e+20,2.942727176209282e+22,1.0,Q_max
3.1622776601683792e+22,131072,exponential,0.5,B7_semi_synthetic_diagnostic_only,False,True,2.2550080000000004e+19,2.130210365985769,6.103723988459819e-07,1e-06,13,6.59781484364934,146.14593464521516,1.0,2.130210976358168,attachment_B7_native_val_loss,5.785462901647242e+21,2.5277073114823574e+22,5.602405852129702e+20,3.1622776601683784e+22,0.9999999999999998,Q_max
3.3982083289425593e+22,131072,exponential,0.5,B7_semi_synthetic_diagnostic_only,False,True,2.2550080000000004e+19,2.123811950199716,5.826460216518115e-07,1e-06,13,6.841235718706239,151.55705657099466,1.0,2.123812532845738,attachment_B7_native_val_loss,6.221025293012825e+21,2.7180074240192564e+22,5.8098375622020216e+20,3.398208328942559e+22,0.9999999999999999,Q_max
3.651741272548377e+22,131072,exponential,0.5,B7_semi_synthetic_diagnostic_only,False,True,2.2550080000000004e+19,2.117482798410072,5.561606140069841e-07,1e-06,13,7.093821818678068,157.1610424266962,1.0,2.117483354570686,attachment_B7_native_val_loss,6.689234590876122e+21,2.9225711876510503e+22,6.024662580971452e+20,3.6517412725483773e+22,1.0000000000000002,Q_max
3.924189758484536e+22,131072,exponential,0.5,B7_semi_synthetic_diagnostic_only,False,True,2.2550080000000004e+19,2.111222072974457,5.308620627531013e-07,1e-06,13,7.355918716470448,162.96473125772093,1.0,2.1112226038365196,attachment_B7_native_val_loss,7.192531900699476e+21,3.1424651376282726e+22,6.247143078631586e+20,3.924189758484536e+22,1.0,Q_max
4.2169650342858225e+22,131072,exponential,0.5,B7_semi_synthetic_diagnostic_only,False,True,2.2550080000000004e+19,2.1050289500364916,5.066985058199691e-07,1e-06,13,7.6278849998822835,168.97520618286885,1.0,2.1050294567349974,attachment_B7_native_val_loss,7.733540643565928e+21,3.378835464111578e+22,6.477550581765167e+20,4.2169650342858225e+22,1.0,Q_max
4.531583637600818e+22,131072,exponential,0.5,B7_semi_synthetic_diagnostic_only,False,True,2.2550080000000004e+19,2.098902135745005,9.670466214473095e-07,1e-06,12,7.910092762133548,175.19980307024068,1.0,2.0989031027916263,attachment_B7_native_val_loss,8.315080165158802e+21,3.632913958025648e+22,6.716166305928945e+20,4.531583637600817e+22,0.9999999999999998,Q_max
4.869675251658631e+22,131072,exponential,0.5,B7_semi_synthetic_diagnostic_only,False,True,2.2550080000000004e+19,2.0928418216496203,9.229732742532804e-07,1e-06,12,8.202928110875906,181.64611952136096,1.0,2.0928427446228945,attachment_B7_native_val_loss,8.940180360319779e+21,3.906024400626114e+22,6.963281500053975e+20,4.869675251658631e+22,1.0,Q_max
5.2329911468149466e+22,131072,exponential,0.5,B7_semi_synthetic_diagnostic_only,False,True,2.2550080000000004e+19,2.0868467167211233,8.808837343998732e-07,1e-06,12,8.506791696386372,188.3220241744674,1.0,2.0868475976048577,attachment_B7_native_val_loss,9.612097388964198e+21,4.199589429887718e+22,7.219197803080938e+20,5.2329911468149466e+22,1.0,Q_max
5.623413251903491e+22,131072,exponential,0.5,B7_semi_synthetic_diagnostic_only,False,True,2.2550080000000004e+19,2.080916048862075,8.406906397695479e-07,1e-06,12,8.822099259663275,195.2356663384559,1.0,2.080916889552715,attachment_B7_native_val_loss,1.0334330564786149e+22,4.515137919292167e+22,7.484227613270926e+20,5.6234132519034915e+22,1.0000000000000002,Q_max
6.042963902381329e+22,131072,exponential,0.5,B7_semi_synthetic_diagnostic_only,False,True,2.2550080000000004e+19,2.0750490581006935,8.023103306165069e-07,1e-06,12,9.149282201176035,202.39548596926593,1.0,2.075049860411024,attachment_B7_native_val_loss,1.1110640504261872e+22,4.8543129072487075e+22,7.758694470643454e+20,6.0429639023813294e+22,1.0000000000000002,Q_max
6.493816315762113e+22,131072,exponential,0.5,B7_semi_synthetic_diagnostic_only,False,True,2.2550080000000004e+19,2.069244996291498,7.656626981322745e-07,1e-06,12,9.488788171046199,209.81022400095824,1.0,2.069245761954196,attachment_B7_native_val_loss,1.1945068629989077e+22,5.218880118233093e+22,8.042933453011355e+20,6.493816315762115e+22,1.0000000000000002,Q_max
6.978305848598663e+22,131072,exponential,0.5,B7_semi_synthetic_diagnostic_only,False,True,2.2550080000000004e+19,2.0635031268258857,7.306710463339527e-07,1e-06,12,9.841081681466349,217.48893304417328,1.0,2.063503857496932,attachment_B7_native_val_loss,1.284195812941605e+22,5.610737119796068e+22,8.337291586098963e+20,6.978305848598662e+22,0.9999999999999999,Q_max
7.498942093324558e+22,131072,exponential,0.5,B7_semi_synthetic_diagnostic_only,False,True,2.2550080000000004e+19,2.0578227243523166,6.972619561729232e-07,1e-06,12,10.206644742196126,225.4409884650587,1.0,2.057823421614273,attachment_B7_native_val_loss,1.3805976477554333e+22,6.031923162886672e+22,8.642128268245337e+20,7.498942093324558e+22,1.0,Q_max
8.058421877614818e+22,131072,exponential,0.5,B7_semi_synthetic_diagnostic_only,False,True,2.2550080000000004e+19,2.0522030745057736,6.653651554167084e-07,1e-06,12,10.585977520001734,233.67609985831405,1.0,2.052203739870929,attachment_B7_native_val_loss,1.4842139640370758e+22,6.4846297564755865e+22,8.957815710215687e+20,8.058421877614818e+22,1.0,Q_max
8.659643233600654e+22,131072,exponential,0.5,B7_semi_synthetic_diagnostic_only,False,True,2.2550080000000004e+19,2.046643473646188,6.349133907512794e-07,1e-06,12,10.979599022944836,242.2043229283362,1.0,2.046644108559579,attachment_B7_native_val_loss,1.5955838084261855e+22,6.9712120312679e+22,9.28473939065707e+20,8.659643233600656e+22,1.0000000000000002,Q_max
9.30572040929699e+22,131072,exponential,0.5,B7_semi_synthetic_diagnostic_only,False,True,2.2550080000000004e+19,2.0411432286055193,6.058423061006124e-07,1e-06,12,11.388047810453997,251.03607179309105,1.0,2.0411438344478254,attachment_B7_native_val_loss,1.7152864726369698e+22,7.494200951382431e+22,9.623298527759023e+20,9.305720409296991e+22,1.0000000000000002,Q_max
1.0000000000000001e+23,131072,exponential,0.5,B7_semi_synthetic_diagnostic_only,False,True,2.2550080000000004e+19,2.0357016564431847,5.780903271634941e-07,1e-06,12,11.811882730150774,260.1821317257752,1.0,2.035702234533512,attachment_B7_native_val_loss,1.8439444970552989e+22,8.056316437267738e+22,9.973906567696562e+20,1.0000000000000003e+23,1.0000000000000002,Q_max
1.0746078283213175e+23,131072,exponential,0.5,B7_semi_synthetic_diagnostic_only,False,True,2.2550080000000004e+19,2.0303298278287487,5.605677797504427e-07,1e-06,12,11.97,275.93682688835486,1.0,2.0303303883965285,attachment_B7_native_val_loss,1.9817782907121644e+22,8.658521470674161e+22,1.057785218268494e+21,1.0746078283213176e+23,1.0000000000000002,N_max;Q_max
1.1547819846894582e+23,131072,exponential,0.5,B7_semi_synthetic_diagnostic_only,False,True,2.2550080000000004e+19,2.025068750490237,5.486137713006656e-07,1e-06,12,11.97,296.52387429637037,1.0,2.0250692991040085,attachment_B7_native_val_loss,2.129634465196532e+22,9.304514954074661e+22,1.1367042762338972e+21,1.1547819846894583e+23,1.0000000000000002,N_max;Q_max
1.2409377607517195e+23,131072,exponential,0.5,B7_semi_synthetic_diagnostic_only,False,True,2.2550080000000004e+19,2.0199198682649953,5.36914688265e-07,1e-06,12,11.97,318.6468766030459,1.0,2.0199204051796835,attachment_B7_native_val_loss,2.2885218677630756e+22,9.998704608381395e+22,1.2215113137272633e+21,1.2409377607517197e+23,1.0000000000000002,N_max;Q_max
1.3335214321633241e+23,131072,exponential,0.5,B7_semi_synthetic_diagnostic_only,False,True,2.2550080000000004e+19,2.0148807885359545,5.254650927710713e-07,1e-06,12,11.97,342.42042806777,1.0,2.0148813140010473,attachment_B7_native_val_loss,2.459263514382724e+22,1.0744686245239081e+23,1.3126456201143743e+21,1.3335214321633243e+23,1.0000000000000002,N_max;Q_max
1.4330125702369627e+23,131072,exponential,0.5,B7_semi_synthetic_diagnostic_only,False,True,2.2550080000000004e+19,2.009949169709804,5.142596668505917e-07,1e-06,12,11.97,367.9676725787622,1.0,2.009949683969471,attachment_B7_native_val_loss,2.6427438244606698e+22,1.1546323951990297e+23,1.4105792591865963e+21,1.4330125702369627e+23,1.0,N_max;Q_max
1.539926526059492e+23,131072,exponential,0.5,B7_semi_synthetic_diagnostic_only,False,True,2.2550080000000004e+19,2.005122720128887,5.032932017812186e-07,1e-06,12,11.97,395.4209415223133,1.0,2.0051232234220886,attachment_B7_native_val_loss,2.839913202013254e+22,1.2407770107142708e+23,1.5158195143896015e+21,1.5399265260594924e+23,1.0000000000000002,N_max;Q_max
1.6548170999431815e+23,131072,exponential,0.5,B7_semi_synthetic_diagnostic_only,False,True,2.2550080000000004e+19,2.0003987048236964,9.84743198984006e-07,1e-06,11,11.97,424.9224392420638,1.0,2.0003996895668954,attachment_B7_native_val_loss,3.051792958636502e+22,1.3333486889146786e+23,1.6289115164852837e+21,1.6548170999431815e+23,1.0,N_max;Q_max
1.7782794100389228e+23,131072,exponential,0.5,B7_semi_synthetic_diagnostic_only,False,True,2.2550080000000004e+19,1.9957759236971147,9.637434363884978e-07,1e-06,11,11.97,456.6249796389111,1.0,1.995776887440551,attachment_B7_native_val_loss,3.2794806037666597e+22,1.4328269389896786e+23,1.7504410672578345e+21,1.7782794100389228e+23,1.0,N_max;Q_max
1.9109529749704405e+23,131072,exponential,0.5,B7_semi_synthetic_diagnostic_only,False,True,2.2550080000000004e+19,1.9912517256969053,9.431915044544326e-07,1e-06,11,11.97,490.69277772703606,1.0,1.9912526688884098,attachment_B7_native_val_loss,3.524155529635573e+22,1.5397270452679795e+23,1.881037673890391e+21,1.910952974970441e+23,1.0000000000000002,N_max;Q_max
2.053525026457146e+23,131072,exponential,0.5,B7_semi_synthetic_diagnostic_only,False,True,2.2550080000000004e+19,1.9868240084884479,9.230778530433525e-07,1e-06,11,11.97,527.3023002462052,1.0,1.986824931566301,attachment_B7_native_val_loss,3.787085120368245e+22,1.6546027363230222e+23,2.0213778097299354e+21,2.053525026457146e+23,1.0,N_max;Q_max
2.2067340690845896e+23,131072,exponential,0.5,B7_semi_synthetic_diagnostic_only,False,True,2.2550080000000004e+19,1.9824907145704624,9.033931347435242e-07,1e-06,11,11.97,566.6431797364098,1.0,1.9824916179635972,attachment_B7_native_val_loss,4.069631316866895e+22,1.7780490532145924e+23,2.172188418330787e+21,2.2067340690845896e+23,1.0,N_max;Q_max
2.371373705661655e+23,131072,exponential,0.5,B7_semi_synthetic_diagnostic_only,False,True,2.2550080000000004e+19,1.979112958094279,1.9791057681572966e-11,1e-06,0,11.97,600.0,1.0,1.97911295811407,attachment_B7_native_val_loss,4.3092e+22,1.882718208e+23,2.3000595394172845e+21,2.3366388033941727e+23,0.9853524131668692,N_max;D_max;Q_max
2.5482967479793466e+23,131072,exponential,0.5,B7_semi_synthetic_diagnostic_only,False,True,2.2550080000000004e+19,1.979112958094279,1.9791057681572966e-11,1e-06,0,11.97,600.0,1.0,1.97911295811407,attachment_B7_native_val_loss,4.3092e+22,1.882718208e+23,2.3000595394172845e+21,2.3366388033941727e+23,0.9169414061556973,N_max;D_max;Q_max
2.738419634264361e+23,131072,exponential,0.5,B7_semi_synthetic_diagnostic_only,False,True,2.2550080000000004e+19,1.979112958094279,1.9791057681572966e-11,1e-06,0,11.97,600.0,1.0,1.97911295811407,attachment_B7_native_val_loss,4.3092e+22,1.882718208e+23,2.3000595394172845e+21,2.3366388033941727e+23,0.8532800357392554,N_max;D_max;Q_max
2.942727176209282e+23,131072,exponential,0.5,B7_semi_synthetic_diagnostic_only,False,True,2.2550080000000004e+19,1.979112958094279,1.9791057681572966e-11,1e-06,0,11.97,600.0,1.0,1.97911295811407,attachment_B7_native_val_loss,4.3092e+22,1.882718208e+23,2.3000595394172845e+21,2.3366388033941727e+23,0.7940385443424454,N_max;D_max;Q_max
3.162277660168379e+23,131072,exponential,0.5,B7_semi_synthetic_diagnostic_only,False,True,2.2550080000000004e+19,1.979112958094279,1.9791057681572966e-11,1e-06,0,11.97,600.0,1.0,1.97911295811407,attachment_B7_native_val_loss,4.3092e+22,1.882718208e+23,2.3000595394172845e+21,2.3366388033941727e+23,0.7389100687855966,N_max;D_max;Q_max
3.3982083289425596e+23,131072,exponential,0.5,B7_semi_synthetic_diagnostic_only,False,True,2.2550080000000004e+19,1.979112958094279,1.9791057681572966e-11,1e-06,0,11.97,600.0,1.0,1.97911295811407,attachment_B7_native_val_loss,4.3092e+22,1.882718208e+23,2.3000595394172845e+21,2.3366388033941727e+23,0.6876090507733169,N_max;D_max;Q_max
3.651741272548377e+23,131072,exponential,0.5,B7_semi_synthetic_diagnostic_only,False,True,2.2550080000000004e+19,1.979112958094279,1.9791057681572966e-11,1e-06,0,11.97,600.0,1.0,1.97911295811407,attachment_B7_native_val_loss,4.3092e+22,1.882718208e+23,2.3000595394172845e+21,2.3366388033941727e+23,0.6398697577398585,N_max;D_max;Q_max
3.924189758484536e+23,131072,exponential,0.5,B7_semi_synthetic_diagnostic_only,False,True,2.2550080000000004e+19,1.979112958094279,1.9791057681572966e-11,1e-06,0,11.97,600.0,1.0,1.97911295811407,attachment_B7_native_val_loss,4.3092e+22,1.882718208e+23,2.3000595394172845e+21,2.3366388033941727e+23,0.5954449063891722,N_max;D_max;Q_max
4.2169650342858225e+23,131072,exponential,0.5,B7_semi_synthetic_diagnostic_only,False,True,2.2550080000000004e+19,1.979112958094279,1.9791057681572966e-11,1e-06,0,11.97,600.0,1.0,1.97911295811407,attachment_B7_native_val_loss,4.3092e+22,1.882718208e+23,2.3000595394172845e+21,2.3366388033941727e+23,0.5541043817997655,N_max;D_max;Q_max
4.531583637600818e+23,131072,exponential,0.5,B7_semi_synthetic_diagnostic_only,False,True,2.2550080000000004e+19,1.979112958094279,1.9791057681572966e-11,1e-06,0,11.97,600.0,1.0,1.97911295811407,attachment_B7_native_val_loss,4.3092e+22,1.882718208e+23,2.3000595394172845e+21,2.3366388033941727e+23,0.515634045459497,N_max;D_max;Q_max
4.869675251658631e+23,131072,exponential,0.5,B7_semi_synthetic_diagnostic_only,False,True,2.2550080000000004e+19,1.979112958094279,1.9791057681572966e-11,1e-06,0,11.97,600.0,1.0,1.97911295811407,attachment_B7_native_val_loss,4.3092e+22,1.882718208e+23,2.3000595394172845e+21,2.3366388033941727e+23,0.4798346260560813,N_max;D_max;Q_max
5.232991146814947e+23,131072,exponential,0.5,B7_semi_synthetic_diagnostic_only,False,True,2.2550080000000004e+19,1.979112958094279,1.9791057681572966e-11,1e-06,0,11.97,600.0,1.0,1.97911295811407,attachment_B7_native_val_loss,4.3092e+22,1.882718208e+23,2.3000595394172845e+21,2.3366388033941727e+23,0.44652068727774646,N_max;D_max;Q_max
5.623413251903491e+23,131072,exponential,0.5,B7_semi_synthetic_diagnostic_only,False,True,2.2550080000000004e+19,1.979112958094279,1.9791057681572966e-11,1e-06,0,11.97,600.0,1.0,1.97911295811407,attachment_B7_native_val_loss,4.3092e+22,1.882718208e+23,2.3000595394172845e+21,2.3366388033941727e+23,0.41551966727738443,N_max;D_max;Q_max
6.042963902381328e+23,131072,exponential,0.5,B7_semi_synthetic_diagnostic_only,False,True,2.2550080000000004e+19,1.979112958094279,1.9791057681572966e-11,1e-06,0,11.97,600.0,1.0,1.97911295811407,attachment_B7_native_val_loss,4.3092e+22,1.882718208e+23,2.3000595394172845e+21,2.3366388033941727e+23,0.3866709848247451,N_max;D_max;Q_max
6.493816315762113e+23,131072,exponential,0.5,B7_semi_synthetic_diagnostic_only,False,True,2.2550080000000004e+19,1.979112958094279,1.9791057681572966e-11,1e-06,0,11.97,600.0,1.0,1.97911295811407,attachment_B7_native_val_loss,4.3092e+22,1.882718208e+23,2.3000595394172845e+21,2.3366388033941727e+23,0.3598252075166597,N_max;D_max;Q_max
6.978305848598663e+23,131072,exponential,0.5,B7_semi_synthetic_diagnostic_only,False,True,2.2550080000000004e+19,1.979112958094279,1.9791057681572966e-11,1e-06,0,11.97,600.0,1.0,1.97911295811407,attachment_B7_native_val_loss,4.3092e+22,1.882718208e+23,2.3000595394172845e+21,2.3366388033941727e+23,0.33484327773673045,N_max;D_max;Q_max
7.498942093324558e+23,131072,exponential,0.5,B7_semi_synthetic_diagnostic_only,False,True,2.2550080000000004e+19,1.979112958094279,1.9791057681572966e-11,1e-06,0,11.97,600.0,1.0,1.97911295811407,attachment_B7_native_val_loss,4.3092e+22,1.882718208e+23,2.3000595394172845e+21,2.3366388033941727e+23,0.3115957923550593,N_max;D_max;Q_max
8.058421877614818e+23,131072,exponential,0.5,B7_semi_synthetic_diagnostic_only,False,True,2.2550080000000004e+19,1.979112958094279,1.9791057681572966e-11,1e-06,0,11.97,600.0,1.0,1.97911295811407,attachment_B7_native_val_loss,4.3092e+22,1.882718208e+23,2.3000595394172845e+21,2.3366388033941727e+23,0.2899623324369542,N_max;D_max;Q_max
8.659643233600654e+23,131072,exponential,0.5,B7_semi_synthetic_diagnostic_only,False,True,2.2550080000000004e+19,1.979112958094279,1.9791057681572966e-11,1e-06,0,11.97,600.0,1.0,1.97911295811407,attachment_B7_native_val_loss,4.3092e+22,1.882718208e+23,2.3000595394172845e+21,2.3366388033941727e+23,0.2698308394885923,N_max;D_max;Q_max
9.30572040929699e+23,131072,exponential,0.5,B7_semi_synthetic_diagnostic_only,False,True,2.2550080000000004e+19,1.979112958094279,1.9791057681572966e-11,1e-06,0,11.97,600.0,1.0,1.97911295811407,attachment_B7_native_val_loss,4.3092e+22,1.882718208e+23,2.3000595394172845e+21,2.3366388033941727e+23,0.25109703500867336,N_max;D_max;Q_max
1e+24,131072,exponential,0.5,B7_semi_synthetic_diagnostic_only,False,True,2.2550080000000004e+19,1.979112958094279,1.9791057681572966e-11,1e-06,0,11.97,600.0,1.0,1.97911295811407,attachment_B7_native_val_loss,4.3092e+22,1.882718208e+23,2.3000595394172845e+21,2.3366388033941727e+23,0.2336638803394173,N_max;D_max;Q_max
1e+19,131072,power,0.5,B7_semi_synthetic_diagnostic_only,False,False,2.2550080000000004e+19,,,,,,,,,,,,,,,
1.0746078283213175e+19,131072,power,0.5,B7_semi_synthetic_diagnostic_only,False,False,2.2550080000000004e+19,,,,,,,,,,,,,,,
1.1547819846894582e+19,131072,power,0.5,B7_semi_synthetic_diagnostic_only,False,False,2.2550080000000004e+19,,,,,,,,,,,,,,,
1.2409377607517196e+19,131072,power,0.5,B7_semi_synthetic_diagnostic_only,False,False,2.2550080000000004e+19,,,,,,,,,,,,,,,
1.3335214321633241e+19,131072,power,0.5,B7_semi_synthetic_diagnostic_only,False,False,2.2550080000000004e+19,,,,,,,,,,,,,,,
1.4330125702369628e+19,131072,power,0.5,B7_semi_synthetic_diagnostic_only,False,False,2.2550080000000004e+19,,,,,,,,,,,,,,,
1.539926526059492e+19,131072,power,0.5,B7_semi_synthetic_diagnostic_only,False,False,2.2550080000000004e+19,,,,,,,,,,,,,,,
1.6548170999431815e+19,131072,power,0.5,B7_semi_synthetic_diagnostic_only,False,False,2.2550080000000004e+19,,,,,,,,,,,,,,,
1.7782794100389229e+19,131072,power,0.5,B7_semi_synthetic_diagnostic_only,False,False,2.2550080000000004e+19,,,,,,,,,,,,,,,
1.9109529749704405e+19,131072,power,0.5,B7_semi_synthetic_diagnostic_only,False,False,2.2550080000000004e+19,,,,,,,,,,,,,,,
2.053525026457146e+19,131072,power,0.5,B7_semi_synthetic_diagnostic_only,False,False,2.2550080000000004e+19,,,,,,,,,,,,,,,
2.2067340690845897e+19,131072,power,0.5,B7_semi_synthetic_diagnostic_only,False,False,2.2550080000000004e+19,,,,,,,,,,,,,,,
2.3713737056616554e+19,131072,power,0.5,B7_semi_synthetic_diagnostic_only,False,True,2.2550080000000004e+19,3.476775865630349,9.996682477364516e-07,1e-06,1315,0.07262255605229098,10.0,0.5122919070123195,3.476776865298597,attachment_B7_native_val_loss,4.357353363137459e+18,1.9037567333771768e+19,3.1881635970732986e+17,2.3713737056616554e+19,1.0,D_min
2.5482967479793463e+19,131072,power,0.5,B7_semi_synthetic_diagnostic_only,False,True,2.2550080000000004e+19,3.453838245490844,9.940700982369322e-07,1e-06,1315,0.07699098502037988,10.0,0.5252529757635818,3.453839239560942,attachment_B7_native_val_loss,4.619459101222792e+18,2.018272477718246e+19,6.807836013882107e+17,2.5482967479793467e+19,1.0000000000000002,D_min
2.7384196342643614e+19,131072,power,0.5,B7_semi_synthetic_diagnostic_only,False,True,2.2550080000000004e+19,3.4309734925080315,9.984927125117338e-07,1e-06,1455,0.0816448592770357,10.0,0.5386059378226222,3.430974491000744,attachment_B7_native_val_loss,4.898691556622142e+18,2.1402709990319247e+19,1.0827947957022262e+18,2.7384196342643618e+19,1.0000000000000002,D_min
2.942727176209282e+19,131072,power,0.5,B7_semi_synthetic_diagnostic_only,False,True,2.2550080000000004e+19,3.4081890193940416,9.980973705303597e-07,1e-06,1370,0.08660119390102179,10.0,0.5523560944884167,3.408190017491412,attachment_B7_native_val_loss,5.196071634061308e+18,2.2701983373989454e+19,1.5292167540420544e+18,2.9427271762092814e+19,0.9999999999999999,D_min
3.162277660168379e+19,131072,power,0.5,B7_semi_synthetic_diagnostic_only,False,True,2.2550080000000004e+19,3.385491179667045,9.997379684101304e-07,1e-06,1503,0.09187788235097073,10.0,0.566508622963904,3.3854921794050132,attachment_B7_native_val_loss,5.512672941058244e+18,2.4085235591012876e+19,2.0248680696126776e+18,3.16227766016838e+19,1.0000000000000002,D_min
3.3982083289425592e+19,131072,power,0.5,B7_semi_synthetic_diagnostic_only,False,True,2.2550080000000004e+19,3.3628853451918244,9.977754316103926e-07,1e-06,1521,0.09749371660053079,10.0,0.581068720531164,3.362886342967256,attachment_B7_native_val_loss,5.849622996031847e+18,2.555739284452954e+19,2.575067448864206e+18,3.3982083289425596e+19,1.0000000000000002,D_min
3.651741272548377e+19,131072,power,0.5,B7_semi_synthetic_diagnostic_only,False,True,2.2550080000000004e+19,3.3403759264879915,9.995551759622856e-07,1e-06,1503,0.10346842771057191,10.0,0.5960415436886577,3.3403769260431675,attachment_B7_native_val_loss,6.208105662634314e+18,2.712362751376016e+19,3.185679549089297e+18,3.651741272548377e+19,1.0,D_min
3.924189758484536e+19,131072,power,0.5,B7_semi_synthetic_diagnostic_only,False,True,2.2550080000000004e+19,3.3179664460071723,9.99572817406147e-07,1e-06,1482,0.1098227254067253,10.0,0.6114321838147836,3.3179674455799897,attachment_B7_native_val_loss,6.589363524403518e+18,2.8789368529020596e+19,3.8631655314212383e+18,3.924189758484536e+19,1.0,D_min
4.216965034285823e+19,131072,power,0.5,B7_semi_synthetic_diagnostic_only,False,True,2.2550080000000004e+19,3.2956595680274123,9.97993959916954e-07,1e-06,1454,0.11657833234552509,10.0,0.6272456956017691,3.2956605660213723,attachment_B7_native_val_loss,6.994699940731505e+18,3.0560310354385326e+19,4.614640047741394e+18,4.216965034285823e+19,1.0,D_min
4.531583637600818e+19,131072,power,0.5,B7_semi_synthetic_diagnostic_only,False,True,2.2550080000000004e+19,3.2734571532441765,9.94848414759275e-07,1e-06,1431,0.12375801512849469,10.0,0.6434871420836017,3.2734581480925913,attachment_B7_native_val_loss,7.425480907709681e+18,3.244242111784411e+19,5.447934350454389e+18,4.531583637600818e+19,1.0,D_min
4.869675251658631e+19,131072,power,0.5,B7_semi_synthetic_diagnostic_only,False,True,2.2550080000000004e+19,3.2513602979964533,9.994420464565223e-07,1e-06,1530,0.13138563582246243,10.0,0.660161512519859,3.2513612974384998,attachment_B7_native_val_loss,7.883138149347747e+18,3.4441956117043593e+19,6.371658250194971e+18,4.869675251658631e+19,1.0,D_min
5.2329911468149465e+19,131072,power,0.5,B7_semi_synthetic_diagnostic_only,False,True,2.2550080000000004e+19,3.229369412853575,9.998196892624378e-07,1e-06,1585,0.1394861783106887,10.0,0.6772738114076824,3.2293704126732643,attachment_B7_native_val_loss,8.369170698641322e+18,3.6565464727077183e+19,7.395276042430961e+18,5.2329911468149465e+19,1.0,D_min
5.6234132519034905e+19,131072,power,0.5,B7_semi_synthetic_diagnostic_only,False,True,2.2550080000000004e+19,3.207484233796404,9.986762874447663e-07,1e-06,1608,0.1480858081565364,10.0,0.6948289581118507,3.2074852324726915,attachment_B7_native_val_loss,8.885148489392184e+18,3.881980609338708e+19,8.529177936255633e+18,5.62341325190349e+19,0.9999999999999999,D_min
6.042963902381328e+19,131072,power,0.5,B7_semi_synthetic_diagnostic_only,False,True,2.2550080000000004e+19,3.1857038822954866,9.991102203343871e-07,1e-06,1620,0.15721189507729932,10.0,0.7128319016961444,3.185704881405707,attachment_B7_native_val_loss,9.43271370463796e+18,4.121215502314355e+19,9.784770296031779e+18,6.042963902381329e+19,1.0000000000000002,D_min
6.493816315762113e+19,131072,power,0.5,B7_semi_synthetic_diagnostic_only,False,True,2.2550080000000004e+19,3.164026914595281,9.99665802137173e-07,1e-06,1618,0.16689306174430776,10.0,0.7312875891932613,3.164027914261083,attachment_B7_native_val_loss,1.0013583704658465e+19,4.375001477789981e+19,1.117456467506284e+19,6.493816315762111e+19,0.9999999999999998,D_min
6.978305848598663e+19,131072,power,0.5,B7_semi_synthetic_diagnostic_only,False,True,2.2550080000000004e+19,3.1424513627867388,9.95892005750676e-07,1e-06,1619,0.1771592489132018,10.0,0.7502008899871784,3.1424523586787445,attachment_B7_native_val_loss,1.0629554934792108e+19,4.644123414710238e+19,1.2712269404092148e+19,6.978305848598663e+19,1.0,D_min
7.498942093324558e+19,131072,power,0.5,B7_semi_synthetic_diagnostic_only,False,True,2.2550080000000004e+19,3.1209747573975997,9.985445084126354e-07,1e-06,1630,0.18804172955519383,10.0,0.7695767409365404,3.120975755942108,attachment_B7_native_val_loss,1.128250377331163e+19,4.929401115251673e+19,1.4412906007417225e+19,7.498942093324558e+19,1.0,D_min
8.058421877614818e+19,131072,power,0.5,B7_semi_synthetic_diagnostic_only,False,True,2.2550080000000004e+19,3.0995942008079864,9.990211995436482e-07,1e-06,1640,0.1995731986165148,10.0,0.7894199934107609,3.099595199829186,attachment_B7_native_val_loss,1.1974391916990886e+19,5.231691657812766e+19,1.6292910281029642e+19,8.05842187761482e+19,1.0000000000000002,D_min
8.659643233600653e+19,131072,power,0.5,B7_semi_synthetic_diagnostic_only,False,True,2.2550080000000004e+19,3.078306375958794,9.974971084680817e-07,1e-06,1645,0.21178778054336908,10.0,0.8097355802593116,3.0783073734559023,attachment_B7_native_val_loss,1.2707266832602145e+19,5.551889594276094e+19,1.8370269560643439e+19,8.659643233600653e+19,1.0,D_min
9.30572040929699e+19,131072,power,0.5,B7_semi_synthetic_diagnostic_only,False,True,2.2550080000000004e+19,3.0571075858405887,9.982350941406537e-07,1e-06,1657,0.22472110990411873,10.0,0.8305284190768076,3.057108584075683,attachment_B7_native_val_loss,1.3483266594247125e+19,5.89092906347053e+19,2.066464686401748e+19,9.305720409296991e+19,1.0000000000000002,D_min
1e+20,131072,power,0.5,B7_semi_synthetic_diagnostic_only,False,True,2.2550080000000004e+19,3.0359937960918915,9.997334289302273e-07,1e-06,1663,0.23841038335632053,10.0,0.8518034358870168,3.0359947958253204,attachment_B7_native_val_loss,1.430462300137923e+19,6.24978515345593e+19,2.319752546406148e+19,1e+20,1.0,D_min
1.0746078283213175e+20,131072,power,0.5,B7_semi_synthetic_diagnostic_only,False,True,2.2550080000000004e+19,3.0149606614387396,9.989900435769528e-07,1e-06,1670,0.25289439300173794,10.0,0.8735656343719254,3.014961660428783,attachment_B7_native_val_loss,1.5173663580104276e+19,6.629474775904759e+19,2.5992371492979884e+19,1.0746078283213175e+20,1.0,D_min
1.1547819846894582e+20,131072,power,0.5,B7_semi_synthetic_diagnostic_only,False,True,2.2550080000000004e+19,2.9940035463577175,9.995307865828806e-07,1e-06,1678,0.26821367277404007,9.999999999999998,0.8958198915312892,2.994004545888504,attachment_B7_native_val_loss,1.6092820366442402e+19,7.031060503567795e+19,2.9074773066825458e+19,1.154781984689458e+20,0.9999999999999999,D_min
1.2409377607517195e+20,131072,power,0.5,B7_semi_synthetic_diagnostic_only,False,True,2.2550080000000004e+19,2.973117563414254,9.997939489636565e-07,1e-06,1684,0.2844104019411349,10.0,0.9185713522560963,2.973118563208203,attachment_B7_native_val_loss,1.7064624116468097e+19,7.455648040645688e+19,3.2472671552246985e+19,1.2409377607517197e+20,1.0000000000000002,D_min
1.333521432163324e+20,131072,power,0.5,B7_semi_synthetic_diagnostic_only,False,True,2.2550080000000004e+19,2.952297592280487,9.989223532791414e-07,1e-06,1687,0.30152862471863634,10.0,0.9418250643356689,2.9522985912028403,attachment_B7_native_val_loss,1.809171748311818e+19,7.90439197982422e+19,3.6216505934972035e+19,1.333521432163324e+20,1.0,D_min
1.4330125702369627e+20,131072,power,0.5,B7_semi_synthetic_diagnostic_only,False,True,2.2550080000000004e+19,2.9315382998819968,9.995782344063286e-07,1e-06,1686,0.3196142734726749,10.0,0.965586115639091,2.931539299460231,attachment_B7_native_val_loss,1.9176856408360493e+19,8.37849641052209e+19,4.033943651011489e+19,1.4330125702369629e+20,1.0000000000000002,D_min
1.539926526059492e+20,131072,power,0.5,B7_semi_synthetic_diagnostic_only,False,True,2.2550080000000004e+19,2.910834170957856,9.98567730725597e-07,1e-06,1658,0.33871516875172103,10.0,0.9898597700410134,2.9108351695255865,attachment_B7_native_val_loss,2.0322910125103264e+19,8.879214919725115e+19,4.487759328359479e+19,1.539926526059492e+20,1.0,D_min
1.6548170999431814e+20,131072,power,0.5,B7_semi_synthetic_diagnostic_only,False,True,2.2550080000000004e+19,2.8903779200586857,9.741497652981934e-07,1e-06,124,0.36817916830460334,10.0,1.0,2.890378894208451,attachment_B7_native_val_loss,2.20907500982762e+19,9.651595989604195e+19,4.6875e+19,1.6548170999431817e+20,1.0000000000000002,D_min;Q_max
1.778279410038923e+20,131072,power,0.5,B7_semi_synthetic_diagnostic_only,False,True,2.2550080000000004e+19,2.870958163820853,8.722948132700026e-07,1e-06,59,0.40650436141567836,10.0,1.0,2.870959036115666,attachment_B7_native_val_loss,2.43902616849407e+19,1.065626793189516e+20,4.6875e+19,1.778279410038923e+20,1.0,D_min;Q_max
1.9109529749704406e+20,131072,power,0.5,B7_semi_synthetic_diagnostic_only,False,True,2.2550080000000004e+19,2.852549444137406,9.954037816228833e-07,1e-06,40,0.44768891395476573,10.0,1.0,2.852550439541188,attachment_B7_native_val_loss,2.6861334837285945e+19,1.173589626597581e+20,4.6875e+19,1.9109529749704403e+20,0.9999999999999998,D_min;Q_max
2.053525026457146e+20,131072,power,0.5,B7_semi_synthetic_diagnostic_only,False,True,2.2550080000000004e+19,2.8350462966163863,8.81991552681427e-07,1e-06,29,0.49194615651917967,10.0,1.0,2.835047178607939,attachment_B7_native_val_loss,2.951676939115078e+19,1.2896073325456384e+20,4.6875e+19,2.053525026457146e+20,1.0,D_min;Q_max
2.20673406908459e+20,131072,power,0.5,B7_semi_synthetic_diagnostic_only,False,True,2.2550080000000004e+19,2.8183588529637413,7.834967363784529e-07,1e-06,27,0.5395053358388143,10.0,1.0,2.8183596364604777,attachment_B7_native_val_loss,3.2370320150328857e+19,1.4142808675813014e+20,4.6875e+19,2.20673406908459e+20,1.0,D_min;Q_max
2.3713737056616553e+20,131072,power,0.5,B7_semi_synthetic_diagnostic_only,False,True,2.2550080000000004e+19,2.8024105540165336,8.160764988218716e-07,1e-06,20,0.590612802244231,10.0,1.0,2.8024113700930324,attachment_B7_native_val_loss,3.543676813465386e+19,1.548256024315117e+20,4.6875e+19,2.3713737056616556e+20,1.0000000000000002,D_min;Q_max
2.5482967479793464e+20,131072,power,0.5,B7_semi_synthetic_diagnostic_only,False,True,2.2550080000000004e+19,2.787136064258293,6.223707735841799e-07,1e-06,17,0.6455332857291604,10.0,1.0,2.7871366866290668,attachment_B7_native_val_loss,3.873199714374962e+19,1.6922267765418502e+20,4.6875e+19,2.5482967479793464e+20,1.0,D_min;Q_max
2.7384196342643612e+20,131072,power,0.5,B7_semi_synthetic_diagnostic_only,False,True,2.2550080000000004e+19,2.772478189954622,5.563445686362911e-07,1e-06,17,0.7044941406628451,10.000672074262503,1.0,2.7724787462991904,attachment_B7_native_val_loss,4.227248927405085e+19,1.8469132380427977e+20,4.687815034810548e+19,2.738419634264361e+20,0.9999999999999999,Q_max
2.942727176209282e+20,131072,power,0.5,B7_semi_synthetic_diagnostic_only,False,True,2.2550080000000004e+19,2.7582105687391443,5.348251597148135e-07,1e-06,17,0.7264885828018912,10.475733513396897,1.0,2.758211103564304,attachment_B7_native_val_loss,4.566300476374793e+19,1.995047120131323e+20,4.910500084404795e+19,2.942727176209282e+20,1.0,Q_max
3.1622776601683794e+20,131072,power,0.5,B7_semi_synthetic_diagnostic_only,False,True,2.2550080000000004e+19,2.7441394283807576,5.140510164203249e-07,1e-06,17,0.7492686655172573,10.97070643303664,1.0,2.744139942431774,attachment_B7_native_val_loss,4.932003941317772e+19,2.1548254019880098e+20,5.142518640485925e+19,3.1622776601683794e+20,1.0,Q_max
3.3982083289425596e+20,131072,power,0.5,B7_semi_synthetic_diagnostic_only,False,True,2.2550080000000004e+19,2.730260566922523,9.879701976522881e-07,1e-06,16,0.7728643318491855,11.486308351202933,1.0,2.7302615548927207,attachment_B7_native_val_loss,5.326414817559704e+19,2.327146143223952e+20,5.384207039626374e+19,3.3982083289425596e+20,1.0,Q_max
3.651741272548377e+20,131072,power,0.5,B7_semi_synthetic_diagnostic_only,False,True,2.2550080000000004e+19,2.716571370158094,9.492757784279604e-07,1e-06,16,0.7973066719188246,12.023279621747195,1.0,2.7165723194338725,attachment_B7_native_val_loss,5.751744636458808e+19,2.5129755766330966e+20,5.635912322693997e+19,3.651741272548377e+20,1.0,Q_max
3.924189758484536e+20,131072,power,0.5,B7_semi_synthetic_diagnostic_only,False,True,2.2550080000000004e+19,2.70306778722408,9.119461483741986e-07,1e-06,16,0.8226279656640665,12.58238423137554,1.0,2.7030686991702284,attachment_B7_native_val_loss,6.210372686076054e+19,2.7133532290312018e+20,5.897992608457284e+19,3.924189758484535e+20,0.9999999999999998,Q_max
4.216965034285823e+20,131072,power,0.5,B7_semi_synthetic_diagnostic_only,False,True,2.2550080000000004e+19,2.6897463640644292,8.75941091216248e-07,1e-06,16,0.8488617271467056,13.164410633404044,1.0,2.6897472400055205,attachment_B7_native_val_loss,6.704858608283888e+19,2.9293974250166193e+20,6.1708174844081455e+19,4.216965034285823e+20,1.0,Q_max
4.5315836376008176e+20,131072,power,0.5,B7_semi_synthetic_diagnostic_only,False,True,2.2550080000000004e+19,2.6766037275987316,8.412212291197818e-07,1e-06,16,0.876042750491864,13.770172619551545,1.0,2.6766045688199607,attachment_B7_native_val_loss,7.237955937827814e+19,3.1623112022765575e+20,6.4547684154147865e+19,4.5315836376008176e+20,1.0,Q_max
4.8696752516586314e+20,131072,power,0.5,B7_semi_synthetic_diagnostic_only,False,True,2.2550080000000004e+19,2.6636365839367473,8.077480142532067e-07,1e-06,16,0.9042071575234181,14.400510231067674,1.0,2.6636373916847615,attachment_B7_native_val_loss,7.812626653752361e+19,3.4133886692020984e+20,6.750239170812972e+19,4.8696752516586314e+20,1.0,Q_max
5.232991146814947e+20,131072,power,0.5,B7_semi_synthetic_diagnostic_only,False,True,2.2550080000000004e+19,2.650841716619303,7.754837203499676e-07,1e-06,16,0.9333924471612114,15.056290710496247,1.0,2.650842492103023,attachment_B7_native_val_loss,8.432056818864425e+19,3.684021837873993e+20,7.057636270545116e+19,5.232991146814947e+20,1.0,Q_max
5.6234132519034906e+20,131072,power,0.5,B7_semi_synthetic_diagnostic_only,False,True,2.2550080000000004e+19,2.638215984885148,7.443914369353877e-07,1e-06,16,0.9636375466491611,15.738409495362115,1.0,2.638216729276585,attachment_B7_native_val_loss,9.099673388562365e+19,3.975707967952155e+20,7.377379450950991e+19,5.62341325190349e+20,0.9999999999999999,Q_max
6.042963902381328e+20,131072,power,0.5,B7_semi_synthetic_diagnostic_only,False,True,2.2550080000000004e+19,2.6257563219634577,7.144350648857767e-07,1e-06,16,0.9949828646853012,16.44779125507877,1.0,2.6257570363985225,attachment_B7_native_val_loss,9.819162276434472e+19,4.290057459656063e+20,7.709902150818174e+19,6.042963902381328e+20,1.0,Q_max
6.493816315762113e+20,131072,power,0.5,B7_semi_synthetic_diagnostic_only,False,True,2.2550080000000004e+19,2.6134597333916805,6.855793062143789e-07,1e-06,16,1.0274703465284993,17.1853909723629,1.0,2.6134604189709867,attachment_B7_native_val_loss,1.0594487770560872e+20,4.628802336876515e+20,8.05565201829511e+19,6.493816315762113e+20,1.0,Q_max
6.978305848598663e+20,131072,power,0.5,B7_semi_synthetic_diagnostic_only,False,True,2.2550080000000004e+19,2.601323295358485,6.577896587423027e-07,1e-06,16,1.061143531158585,17.952195070458078,1.0,2.601323953148144,attachment_B7_native_val_loss,1.1429913401468176e+20,4.993805364524123e+20,8.415091439277223e+19,6.978305848598662e+20,0.9999999999999998,Q_max
7.498942093324558e+20,131072,power,0.5,B7_semi_synthetic_diagnostic_only,False,True,2.2550080000000004e+19,2.589344153071601,6.310324107694498e-07,1e-06,16,1.0960476105703183,18.74922258746685,1.0,2.5893447841040116,attachment_B7_native_val_loss,1.233002437022645e+20,5.387069847514403e+20,8.788698087875086e+19,7.498942093324557e+20,0.9999999999999998,Q_max
8.058421877614818e+20,131072,power,0.5,B7_semi_synthetic_diagnostic_only,False,True,2.2550080000000004e+19,2.5775195191503752,6.052746317486424e-07,1e-06,16,1.1322294912843893,19.57752639910534,1.0,2.577520124425007,attachment_B7_native_val_loss,1.3299751653279446e+20,5.810750162328812e+20,9.176965499580629e+19,8.05842187761482e+20,1.0000000000000002,Q_max
8.659643233600653e+20,131072,power,0.5,B7_semi_synthetic_diagnostic_only,False,True,2.2550080000000004e+19,2.5658466720429196,5.804841678447303e-07,1e-06,16,1.1697378581617914,20.438194491209508,1.0,2.5658472525270875,attachment_B7_native_val_loss,1.4344397909304921e+20,6.267163075894715e+20,9.580403667754456e+19,8.659643233600653e+20,1.0,Q_max
9.30572040929699e+20,131072,power,0.5,B7_semi_synthetic_diagnostic_only,False,True,2.2550080000000004e+19,2.5543229544677315,5.566296317205399e-07,1e-06,16,1.2086232406112938,21.332351283339694,1.0,2.554323511097363,attachment_B7_native_val_loss,1.5469665322757105e+20,6.758799910614731e+20,9.999539664065482e+19,9.305720409296989e+20,0.9999999999999999,Q_max
1e+21,131072,power,0.5,B7_semi_synthetic_diagnostic_only,False,True,2.2550080000000004e+19,2.5429457718797206,5.336803985400707e-07,1e-06,16,1.2489380812831685,22.261159004852733,1.0,2.542946305560119,attachment_B7_native_val_loss,1.668168552879618e+20,7.288339618767911e+20,1.0434918283524719e+20,1.0000000000000001e+21,1.0000000000000002,Q_max
1.0746078283213176e+21,131072,power,0.5,B7_semi_synthetic_diagnostic_only,False,True,2.2550080000000004e+19,2.5317125909605793,5.11606596642622e-07,1e-06,16,1.2907368073455738,23.225819124843785,1.0,2.531713102567176,attachment_B7_native_val_loss,1.7987051775111984e+20,7.858662834224927e+20,1.0887102714770524e+20,1.0746078283213178e+21,1.0000000000000002,Q_max
1.1547819846894581e+21,131072,power,0.5,B7_semi_synthetic_diagnostic_only,False,True,2.2550080000000004e+19,2.5206204477886436,9.807239318426753e-07,1e-06,15,1.3340759044439254,24.227573837388512,1.0,2.5206214285125754,attachment_B7_native_val_loss,1.939285348775764e+20,8.472866974491231e+20,1.1356675236275865e+20,1.1547819846894581e+21,1.0,Q_max
1.2409377607517195e+21,131072,power,0.5,B7_semi_synthetic_diagnostic_only,False,True,2.2550080000000004e+19,2.5096679281663707,9.399051990044427e-07,1e-06,15,1.379013993447047,25.267707603560158,1.0,2.5096688680715697,attachment_B7_native_val_loss,2.0906713420582683e+20,9.134282471542045e+20,1.1844237939168825e+20,1.2409377607517195e+21,1.0,Q_max
1.333521432163324e+21,131072,power,0.5,B7_semi_synthetic_diagnostic_only,False,True,2.2550080000000004e+19,2.498852162096949,9.006669685618363e-07,1e-06,15,1.425611910087838,26.347548751739144,1.0,2.4988530627639176,attachment_B7_native_val_loss,2.253682758125956e+20,9.84649021576951e+20,1.2350413477377724e+20,1.333521432163324e+21,1.0,Q_max
1.4330125702369627e+21,131072,power,0.5,B7_semi_synthetic_diagnostic_only,False,True,2.2550080000000004e+19,2.4881708465861374,8.629553667205414e-07,1e-06,15,1.4739327876101513,27.468471137784263,1.0,2.488171709541504,attachment_B7_native_val_loss,2.429200814130201e+20,1.0613340303655788e+21,1.2875845845836374e+20,1.4330125702369625e+21,0.9999999999999998,Q_max
1.539926526059492e+21,131072,power,0.5,B7_semi_synthetic_diagnostic_only,False,True,2.2550080000000004e+19,2.477621732682367,8.267179421039828e-07,1e-06,15,1.5240421425376893,28.631895866690645,1.0,2.477622559400309,attachment_B7_native_val_loss,2.618172955295233e+20,1.1438972186548562e+21,1.3421201187511239e+20,1.539926526059492e+21,1.0,Q_max
1.6548170999431815e+21,131072,power,0.5,B7_semi_synthetic_diagnostic_only,False,True,2.2550080000000004e+19,2.467202624113096,7.91903652874737e-07,1e-06,15,1.5760079636851367,29.839293077419438,1.0,2.467203416016749,attachment_B7_native_val_loss,2.8216178112448682e+20,1.2327836325182914e+21,1.3987168630040361e+20,1.6548170999431818e+21,1.0000000000000002,Q_max
1.7782794100389228e+21,131072,power,0.5,B7_semi_synthetic_diagnostic_only,False,True,2.2550080000000004e+19,2.4569113759455883,7.584628467505183e-07,1e-06,15,1.6299008045356627,31.092183792660403,1.0,2.456912134408435,attachment_B7_native_val_loss,3.040630522705673e+20,1.32847174624026e+21,1.4574461152809565e+20,1.778279410038923e+21,1.0000000000000002,Q_max
1.9109529749704406e+21,131072,power,0.5,B7_semi_synthetic_diagnostic_only,False,True,2.2550080000000004e+19,2.446745893272129,7.263472387997183e-07,1e-06,15,1.6857938791140255,32.39214183535354,1.0,2.446746619619368,attachment_B7_native_val_loss,3.276388466245941e+20,1.4314759634926266e+21,1.5183816485321972e+20,1.9109529749704404e+21,0.9999999999999999,Q_max
2.053525026457146e+21,131072,power,0.5,B7_semi_synthetic_diagnostic_only,False,True,2.2550080000000004e+19,2.4367041299197165,6.955098976746399e-07,1e-06,15,1.7437631614890967,33.74079581387706,1.0,2.436704825429614,attachment_B7_native_val_loss,3.53015740677386e+20,1.5423493054022112e+21,1.581599803775487e+20,2.053525026457146e+21,1.0,Q_max
2.20673406908459e+21,131072,power,0.5,B7_semi_synthetic_diagnostic_only,False,True,2.2550080000000004e+19,2.4267840871842603,6.659052216306804e-07,1e-06,15,1.8038874890441154,35.13983117790164,1.0,2.426784753089482,attachment_B7_native_val_loss,3.8032981097363466e+20,1.6616862994645414e+21,1.6471795864641395e+20,2.20673406908459e+21,1.0,Q_max
2.3713737056616553e+21,131072,power,0.5,B7_semi_synthetic_diagnostic_only,False,True,2.2550080000000004e+19,2.4169838125892973,6.374889229832092e-07,1e-06,15,1.8662486696586864,36.59099234699007,1.0,2.4169844500782203,attachment_B7_native_val_loss,4.0972734473436837e+20,1.7901260843007712e+21,1.71520276626516e+20,2.371373705661656e+21,1.0000000000000002,Q_max
2.5482967479793463e+21,131072,power,0.5,B7_semi_synthetic_diagnostic_only,False,True,2.2550080000000004e+19,2.4073013986692473,6.102179996858581e-07,1e-06,15,1.9309315929511568,38.09608491412864,1.0,2.407302008887247,attachment_B7_native_val_loss,4.4136560357064566e+20,1.9283557463737224e+21,1.7857539803497798e+20,2.548296747979346e+21,0.9999999999999998,Q_max
2.7384196342643614e+21,131072,power,0.5,B7_semi_synthetic_diagnostic_only,False,True,2.2550080000000004e+19,2.3977349817771962,5.840507215637558e-07,1e-06,15,1.9980243457361162,39.656977926466055,1.0,2.397735565827918,attachment_B7_native_val_loss,4.7541364425239364e+20,2.077113905981658e+21,1.8589208403030963e+20,2.738419634264361e+21,0.9999999999999998,Q_max
2.9427271762092816e+21,131072,power,0.5,B7_semi_synthetic_diagnostic_only,False,True,2.2550080000000004e+19,2.388282740917203,5.589466050004432e-07,1e-06,15,2.067618331856562,41.27560624565734,1.0,2.388283299863808,attachment_B7_native_val_loss,5.12053200792086e+20,2.2371945711406767e+21,1.9347940427651878e+20,2.9427271762092816e+21,1.0,Q_max
3.1622776601683794e+21,131072,power,0.5,B7_semi_synthetic_diagnostic_only,False,True,2.2550080000000004e+19,2.3789428966011,5.348663920656804e-07,1e-06,15,2.1398083965572807,42.95397299030103,1.0,2.378943431467492,attachment_B7_native_val_loss,5.514796324208447e+20,2.409451279355499e+21,2.013467483920361e+20,3.1622776601683794e+21,1.0,Q_max
3.3982083289425594e+21,131072,power,0.5,B7_semi_synthetic_diagnostic_only,False,True,2.2550080000000004e+19,2.369713709729747,5.117720269787185e-07,1e-06,15,2.214692955570839,44.69415206309607,1.0,2.369714221501774,attachment_B7_native_val_loss,5.939029423761044e+20,2.594801548770692e+21,2.0950383779576283e+20,3.3982083289425594e+21,1.0,Q_max
3.651741272548377e+21,131072,power,0.5,B7_semi_synthetic_diagnostic_only,False,True,2.2550080000000004e+19,2.36059299091532,9.792099904259999e-07,1e-06,14,2.2923741290948056,46.49829076545021,1.0,2.3605939701253105,attachment_B7_native_val_loss,6.395488727870758e+20,2.794231661798253e+21,2.1796073796304785e+20,3.6517412725483766e+21,0.9999999999999999,Q_max
3.924189758484536e+21,131072,power,0.5,B7_semi_synthetic_diagnostic_only,False,True,2.2550080000000004e+19,2.3515800789759678,9.367465838572286e-07,1e-06,14,2.3729578808451643,48.368612502399834,1.0,2.3515810157225516,attachment_B7_native_val_loss,6.886600813386937e+20,3.0088018060408426e+21,2.2672787110499923e+20,3.9241897584845353e+21,0.9999999999999999,Q_max
4.2169650342858226e+21,131072,power,0.5,B7_semi_synthetic_diagnostic_only,False,True,2.2550080000000004e+19,2.34267283781741,8.960404938029853e-07,1e-06,14,2.456554162377488,50.30741958083582,1.0,2.342673733857904,attachment_B7_native_val_loss,7.414974058186379e+20,3.239651599182017e+21,2.3581602928516792e+20,4.216965034285823e+21,1.0000000000000002,Q_max
4.5315836376008176e+21,131072,power,0.5,B7_semi_synthetic_diagnostic_only,False,True,2.2550080000000004e+19,2.3338696792292293,8.570247747030635e-07,1e-06,14,2.5432770628744974,52.31709610416439,1.0,2.333870536254004,attachment_B7_native_val_loss,7.983412231075322e+20,3.4880060265050155e+21,2.4523638798827058e+20,4.531583637600818e+21,1.0000000000000002,Q_max
4.869675251658631e+21,131072,power,0.5,B7_semi_synthetic_diagnostic_only,False,True,2.2550080000000004e+19,2.325169050159316,8.19634655258028e-07,1e-06,14,2.6332449646065337,54.40011096666014,1.0,2.3251698697939713,attachment_B7_native_val_loss,8.594929096619668e+20,3.755181821840444e+21,2.5500052015621938e+20,4.869675251658631e+21,1.0,Q_max
5.232991146814947e+21,131072,power,0.5,B7_semi_synthetic_diagnostic_only,False,True,2.2550080000000004e+19,2.316569431739997,7.838074895794023e-07,1e-06,14,2.7265807042785166,56.55902095092225,1.0,2.3165702155474865,attachment_B7_native_val_loss,9.252764110660138e+20,4.0425943250414857e+21,2.6512041070744807e+20,5.232991146814948e+21,1.0000000000000002,Q_max
5.623413251903491e+21,131072,power,0.5,B7_semi_synthetic_diagnostic_only,False,True,2.2550080000000004e+19,2.30806933833782,7.494827105603008e-07,1e-06,14,2.8234117404849677,58.79647393199085,1.0,2.3080700878205307,attachment_B7_native_val_loss,9.96039928792208e+20,4.351764851555076e+21,2.756084715562071e+20,5.623413251903491e+21,1.0,Q_max
6.042963902381328e+21,131072,power,0.5,B7_semi_synthetic_diagnostic_only,False,True,2.2550080000000004e+19,2.299667316626808,7.16601780137438e-07,1e-06,14,2.9238703275031215,61.115212191828036,1.0,2.299668033228588,attachment_B7_native_val_loss,1.072157732920458e+21,4.684328612311675e+21,2.864775571491939e+20,6.042963902381327e+21,0.9999999999999998,Q_max
6.493816315762113e+21,131072,power,0.5,B7_semi_synthetic_diagnostic_only,False,True,2.2550080000000004e+19,2.291361944684971,6.851081431058503e-07,1e-06,14,3.028093695662821,63.51807584802082,1.0,2.291362629793114,attachment_B7_native_val_loss,1.1540321102161483e+21,5.042043225008366e+21,2.977409805375976e+20,6.493816315762112e+21,0.9999999999999999,Q_max
6.978305848598664e+21,131072,power,0.5,B7_semi_synthetic_diagnostic_only,False,True,2.2550080000000004e+19,2.2831518311138583,6.549471769368154e-07,1e-06,14,3.1362242385405565,66.00800640072795,1.0,2.2831524860610353,attachment_B7_native_val_loss,1.2420954576702192e+21,5.426797860925031e+21,3.0941253000341225e+20,6.978305848598663e+21,0.9999999999999999,Q_max
7.498942093324559e+21,131072,power,0.5,B7_semi_synthetic_diagnostic_only,False,True,2.2550080000000004e+19,2.275035614180895,6.260661460366634e-07,1e-06,14,3.248409707233715,68.58805040206734,1.0,2.275036240247041,attachment_B7_native_val_loss,1.3368125323578651e+21,5.840623074707003e+21,3.2150648625969064e+20,7.498942093324559e+21,1.0,Q_max
8.058421877614818e+21,131072,power,0.5,B7_semi_synthetic_diagnostic_only,False,True,2.2550080000000004e+19,2.2670119609842487,5.98414152008786e-07,1e-06,14,3.3648034119821704,71.26136325227999,1.0,2.2670125593984007,attachment_B7_native_val_loss,1.4386828692826353e+21,6.28570136808712e+21,3.340376402450625e+20,8.058421877614818e+21,1.0,Q_max
8.659643233600654e+21,131072,power,0.5,B7_semi_synthetic_diagnostic_only,False,True,2.2550080000000004e+19,2.259079566639952,5.719420839156442e-07,1e-06,14,3.4855644314127003,74.03121312721179,1.0,2.259080138582036,attachment_B7_native_val_loss,1.5482433797432544e+21,6.764378542323595e+21,3.470213115338053e+20,8.659643233600654e+21,1.0,Q_max
9.30572040929699e+21,131072,power,0.5,B7_semi_synthetic_diagnostic_only,False,True,2.2550080000000004e+19,2.2512371534909756,5.466025752021153e-07,1e-06,14,3.610857829692841,76.90098504181661,1.0,2.251237700093551,attachment_B7_native_val_loss,1.6660711436960132e+21,7.279175898217461e+21,3.604733673835153e+20,9.305720409296989e+21,0.9999999999999999,Q_max
1e+22,131072,power,0.5,B7_semi_synthetic_diagnostic_only,False,True,2.2550080000000004e+19,2.243483470337954,5.223499544015908e-07,1e-06,14,3.740854881892081,79.87418505455648,1.0,2.243483992687908,attachment_B7_native_val_loss,1.7927864105909347e+21,7.832803346965832e+21,3.7441024244323346e+20,1e+22,1.0,Q_max
1.0746078283213176e+22,131072,power,0.5,B7_semi_synthetic_diagnostic_only,False,True,2.2550080000000004e+19,2.2358167926156254,9.982158126753404e-07,1e-06,13,3.87573330785741,82.95444461780315,1.0,2.235817790831438,attachment_B7_native_val_loss,1.9290558242401951e+21,8.428173499827028e+21,3.888489591459523e+20,1.0746078283213176e+22,1.0,Q_max
1.154781984689458e+22,131072,power,0.5,B7_semi_synthetic_diagnostic_only,False,True,2.2550080000000004e+19,2.2282369401758135,9.537990197650004e-07,1e-06,13,4.015677514925073,86.14552507947278,1.0,2.2282378939748333,attachment_B7_native_val_loss,2.0755958884383172e+21,9.068416809646235e+21,4.0380714881002865e+20,1.154781984689458e+22,1.0,Q_max
1.2409377607517196e+22,131072,power,0.5,B7_semi_synthetic_diagnostic_only,False,True,2.2550080000000004e+19,2.220742214545497,9.113012997552516e-07,1e-06,13,4.160878849798703,89.45132234139965,1.0,2.2207431258467967,attachment_B7_native_val_loss,2.233176691301136e+21,9.75689784274075e+21,4.1930307347531085e+20,1.2409377607517196e+22,1.0,Q_max
1.3335214321633241e+22,131072,power,0.5,B7_semi_synthetic_diagnostic_only,False,True,2.2550080000000004e+19,2.2133314631240326,8.70643939165916e-07,1e-06,13,4.311535859939786,92.87587168009111,1.0,2.213332333767972,attachment_B7_native_val_loss,2.4026259076312733e+21,1.0497232765501542e+22,4.3535564850042706e+20,1.3335214321633241e+22,1.0,Q_max
1.4330125702369628e+22,131072,power,0.5,B7_semi_synthetic_diagnostic_only,False,True,2.2550080000000004e+19,2.2060035562336404,8.317511523969756e-07,1e-06,13,4.46785456482702,96.42335273576549,1.0,2.206004387984793,attachment_B7_native_val_loss,2.584833100058495e+21,1.1293308136362233e+22,4.519844659489007e+20,1.433012570236963e+22,1.0000000000000002,Q_max
1.539926526059492e+22,131072,power,0.5,B7_semi_synthetic_diagnostic_only,False,True,2.2550080000000004e+19,2.198757386472884,7.945499977957127e-07,1e-06,13,4.630048737455825,100.09809467576446,1.0,2.198758181022882,attachment_B7_native_val_loss,2.780754341251541e+21,1.2149301100550734e+22,4.692098187926459e+20,1.5399265260594923e+22,1.0000000000000002,Q_max
1.6548170999431814e+22,131072,power,0.5,B7_semi_synthetic_diagnostic_only,False,True,2.2550080000000004e+19,2.191591868089316,7.589702857302427e-07,1e-06,13,4.798340196462906,103.904581538662,1.0,2.1915926270596016,attachment_B7_native_val_loss,2.9914171811617167e+21,1.306970109230762e+22,4.870527259624781e+20,1.6548170999431814e+22,1.0,Q_max
1.7782794100389228e+22,131072,power,0.5,B7_semi_synthetic_diagnostic_only,False,True,2.2550080000000004e+19,2.184505936370881,7.249444973211894e-07,1e-06,13,4.9729591092754255,107.84745776561786,1.0,2.1845066613153783,attachment_B7_native_val_loss,3.2179259850463563e+21,1.4059333157066535e+22,5.055349582763337e+20,1.7782794100389223e+22,0.9999999999999998,Q_max
1.9109529749704407e+22,131072,power,0.5,B7_semi_synthetic_diagnostic_only,False,True,2.2550080000000004e+19,2.1774985470556993,6.924076947356639e-07,1e-06,13,5.154144306698361,111.93153392578226,1.0,2.177499239463394,attachment_B7_native_val_loss,3.461467669941511e+21,1.512338301448579e+22,5.246790652771043e+20,1.9109529749704407e+22,1.0,Q_max
2.053525026457146e+22,131072,power,0.5,B7_semi_synthetic_diagnostic_only,False,True,2.2550080000000004e+19,2.170568675759809,6.612974421393858e-07,1e-06,13,5.342143609371519,116.16179264275497,1.0,2.170569337057251,attachment_B7_native_val_loss,3.723317869317798e+21,1.6267423992240746e+22,5.445084030129139e+20,2.053525026457146e+22,1.0,Q_max
2.20673406908459e+22,131072,power,0.5,B7_semi_synthetic_diagnostic_only,False,True,2.2550080000000004e+19,2.1637153174224757,6.315537239842683e-07,1e-06,13,5.537214166541135,120.54339472941219,1.0,2.1637159489761997,attachment_B7_native_val_loss,4.004847557871967e+21,1.7497445970179814e+22,5.650471627941196e+20,2.20673406908459e+22,1.0,Q_max
2.371373705661655e+22,131072,power,0.5,B7_semi_synthetic_diagnostic_only,False,True,2.2550080000000004e+19,2.15693748576866,6.03118863740093e-07,1e-06,13,5.7396228076103455,125.08168553862072,1.0,2.156938088887524,attachment_B7_native_val_loss,4.3075301707908755e+21,1.8819886484863387e+22,5.863204009622846e+20,2.3713737056616547e+22,0.9999999999999998,Q_max
2.5482967479793465e+22,131072,power,0.5,B7_semi_synthetic_diagnostic_only,False,True,2.2550080000000004e+19,2.150234212788226,5.759374475111656e-07,1e-06,13,5.949646406947847,129.7822015376806,1.0,2.1502347887256734,attachment_B7_native_val_loss,4.632949254386657e+21,2.024166415569893e+22,6.083540697078778e+20,2.5482967479793465e+22,1.0,Q_max
2.7384196342643614e+22,131072,power,0.5,B7_semi_synthetic_diagnostic_only,False,True,2.2550080000000004e+19,2.14360454823149,5.499562463207042e-07,1e-06,13,6.167572262454511,134.6506771145634,1.0,2.143605098187736,attachment_B7_native_val_loss,4.982806687754997e+21,2.1770214605914104e+22,6.31175048974516e+20,2.7384196342643614e+22,1.0,Q_max
2.942727176209282e+22,131072,power,0.5,B7_semi_synthetic_diagnostic_only,False,True,2.2550080000000004e+19,2.137047559120689,5.251241410597629e-07,1e-06,13,6.393698488405414,139.69305162432613,1.0,2.1370480842448303,attachment_B7_native_val_loss,5.358931518067161e+21,2.3413529064536634e+22,6.548111794890287e+20,2.9427271762092822e+22,1.0000000000000002,Q_max
3.1622776601683792e+22,131072,power,0.5,B7_semi_synthetic_diagnostic_only,False,True,2.2550080000000004e+19,2.1305623292769686,5.01392052765226e-07,1e-06,13,6.6283344231032455,144.91547668439762,1.0,2.1305628306690214,attachment_B7_native_val_loss,5.763289455285651e+21,2.5180195849440028e+22,6.792912969581138e+20,3.1622776601683792e+22,1.0,Q_max
3.3982083289425593e+22,131072,power,0.5,B7_semi_synthetic_diagnostic_only,False,True,2.2550080000000004e+19,2.1241474802546056,9.573207342405965e-07,1e-06,12,6.871801051901757,150.3243237276883,1.0,2.12414843757534,attachment_B7_native_val_loss,6.197993075510092e+21,2.7079444946441963e+22,7.046452674735389e+20,3.3982083289425597e+22,1.0000000000000002,Q_max
3.651741272548377e+22,131072,power,0.5,B7_semi_synthetic_diagnostic_only,False,True,2.2550080000000004e+19,2.1178031069970342,9.139814687308956e-07,1e-06,12,7.124431446176752,155.9261918228392,1.0,2.117804020978503,attachment_B7_native_val_loss,6.665312785831343e+21,2.9121195915482864e+22,7.309040241695587e+20,3.6517412725483765e+22,0.9999999999999999,Q_max
3.924189758484536e+22,131072,power,0.5,B7_semi_synthetic_diagnostic_only,False,True,2.2550080000000004e+19,2.1115278397932853,8.725706504009167e-07,1e-06,12,7.386571218845651,161.72791577121595,1.0,2.1115287123639357,attachment_B7_native_val_loss,7.167688607517344e+21,3.1316109372150447e+22,7.580996051775748e+20,3.924189758484536e+22,1.0,Q_max
4.2169650342858225e+22,131072,power,0.5,B7_semi_synthetic_diagnostic_only,False,True,2.2550080000000004e+19,2.1053208252676465,8.330050422777902e-07,1e-06,12,7.658578997056486,167.7365744906534,1.0,2.105321658272689,attachment_B7_native_val_loss,7.707742838593913e+21,3.367564231133938e+22,7.862651929249377e+20,4.216965034285823e+22,1.0000000000000002,Q_max
4.531583637600818e+22,131072,power,0.5,B7_semi_synthetic_diagnostic_only,False,True,2.2550080000000004e+19,2.099181224695054,7.952048028947445e-07,1e-06,12,7.940826912695501,173.959499696205,1.0,2.0991820198998568,attachment_B7_native_val_loss,8.288293661440017e+21,3.62121075597422e+22,8.154351548259609e+20,4.531583637600817e+22,0.9999999999999998,Q_max
4.869675251658631e+22,131072,power,0.5,B7_semi_synthetic_diagnostic_only,False,True,2.2550080000000004e+19,2.0931082136127395,7.590933712720016e-07,1e-06,12,8.233701111381514,180.4042848886284,1.0,2.0931089727061107,attachment_B7_native_val_loss,8.912369765912922e+21,3.893873766525795e+22,8.456450854154458e+20,4.869675251658632e+22,1.0000000000000002,Q_max
5.2329911468149466e+22,131072,power,0.5,B7_semi_synthetic_diagnostic_only,False,True,2.2550080000000004e+19,2.087100981444615,7.24597334578192e-07,1e-06,12,8.537602280644677,187.07879466162592,1.0,2.0871017060419494,attachment_B7_native_val_loss,9.583226063780128e+21,4.186975355439297e+22,8.769318499763715e+20,5.232991146814947e+22,1.0000000000000002,Q_max
5.623413251903491e+22,131072,power,0.5,B7_semi_synthetic_diagnostic_only,False,True,2.2550080000000004e+19,2.0811587311379784,6.916463206607659e-07,1e-06,12,8.852946198010471,193.99117433931454,1.0,2.081159422784299,attachment_B7_native_val_loss,1.0304360575888928e+22,4.502043831343045e+22,9.09333629715537e+20,5.623413251903491e+22,1.0,Q_max
6.042963902381329e+22,131072,power,0.5,B7_semi_synthetic_diagnostic_only,False,True,2.2550080000000004e+19,2.0752806788122,6.601728772537285e-07,1e-06,12,9.180164299740195,201.14985995573167,1.0,2.0752813389850773,attachment_B7_native_val_loss,1.1079532579580088e+22,4.8407216475690706e+22,9.428899685424921e+20,6.042963902381329e+22,1.0,Q_max
6.493816315762113e+22,131072,power,0.5,B7_semi_synthetic_diagnostic_only,False,True,2.2550080000000004e+19,2.069466053418992,6.301123649521401e-07,1e-06,12,9.519704271003956,208.56358858867952,1.0,2.069466683531357,attachment_B7_native_val_loss,1.1912782110381388e+22,5.2047739225730305e+22,9.776418215094353e+20,6.4938163157621126e+22,0.9999999999999999,Q_max
6.978305848598663e+22,131072,power,0.5,B7_semi_synthetic_diagnostic_only,False,True,2.2550080000000004e+19,2.063714096413921,6.014028484102596e-07,1e-06,12,9.872030658294257,216.24140906058085,1.0,2.0637146978167693,attachment_B7_native_val_loss,1.2808450919032823e+22,5.596097596198234e+22,1.0136316049714727e+21,6.978305848598663e+22,1.0,Q_max
7.498942093324558e+22,131072,power,0.5,B7_semi_synthetic_diagnostic_only,False,True,2.2550080000000004e+19,2.0580240614387924,5.73984992868759e-07,1e-06,12,10.237625504918125,224.1926930194805,1.0,2.058024635423785,attachment_B7_native_val_loss,1.377120499243508e+22,6.016731269228168e+22,1.0509032485288149e+21,7.498942093324558e+22,1.0,Q_max
8.058421877614818e+22,131072,power,0.5,B7_semi_synthetic_diagnostic_only,False,True,2.2550080000000004e+19,2.052395214014568,5.478019629023834e-07,1e-06,12,10.61698901043523,232.4271464138353,1.0,2.052395761816531,attachment_B7_native_val_loss,1.4806058755215057e+22,6.468865777211826e+22,1.089502248814853e+21,8.058421877614818e+22,1.0,Q_max
8.659643233600654e+22,131072,power,0.5,B7_semi_synthetic_diagnostic_only,False,True,2.2550080000000004e+19,2.046826831244469,5.227993282730381e-07,1e-06,12,11.010640214946015,240.95482137513267,1.0,2.0468273540437973,attachment_B7_native_val_loss,1.5918401077309017e+22,6.954855553350158e+22,1.1294757251959343e+21,8.659643233600652e+22,0.9999999999999998,Q_max
9.30572040929699e+22,131072,power,0.5,B7_semi_synthetic_diagnostic_only,False,True,2.2550080000000004e+19,2.041317702800116,9.976517865162293e-07,1e-06,11,11.419117709163885,249.7861285229609,1.0,2.0413187004519027,attachment_B7_native_val_loss,1.7114023222320172e+22,7.477230839319832e+22,1.1708724774513793e+21,9.305720409296988e+22,0.9999999999999998,Q_max
1.0000000000000001e+23,131072,power,0.5,B7_semi_synthetic_diagnostic_only,False,True,2.2550080000000004e+19,2.035868148339294,9.520678001528893e-07,1e-06,11,11.842980371244462,258.9318497075912,1.0,2.035869100407094,attachment_B7_native_val_loss,1.8399148881462142e+22,8.038710807303354e+22,1.2137430455043338e+21,1.0000000000000003e+23,1.0000000000000002,Q_max
1.0746078283213175e+23,131072,power,0.5,B7_semi_synthetic_diagnostic_only,False,True,2.2550080000000004e+19,2.030491420956972,9.249071606376447e-07,1e-06,11,11.97,275.33300326443185,1.0,2.0304923458641326,attachment_B7_native_val_loss,1.9774416294451494e+22,8.639574308487821e+22,1.2906234528020242e+21,1.0746078283213173e+23,0.9999999999999999,N_max;Q_max
1.1547819846894582e+23,131072,power,0.5,B7_semi_synthetic_diagnostic_only,False,True,2.2550080000000004e+19,2.025226897563944,9.051834317652663e-07,1e-06,11,11.97,295.87500070317736,1.0,2.025227802747376,attachment_B7_native_val_loss,2.12497425505022e+22,9.284154185264747e+22,1.386914065796144e+21,1.1547819846894582e+23,1.0,N_max;Q_max
1.2409377607517195e+23,131072,power,0.5,B7_semi_synthetic_diagnostic_only,False,True,2.2550080000000004e+19,2.020074642773027,8.85880321099819e-07,1e-06,11,11.97,317.9495919602097,1.0,2.020075528653348,attachment_B7_native_val_loss,2.2835139694582263e+22,9.97682476682762e+22,1.4903887123134832e+21,1.2409377607517195e+23,1.0,N_max;Q_max
1.3335214321633241e+23,131072,power,0.5,B7_semi_synthetic_diagnostic_only,False,True,2.2550080000000004e+19,2.0150322623999646,8.669888598156206e-07,1e-06,11,11.97,341.67112053201004,1.0,2.0150331293888244,attachment_B7_native_val_loss,2.4538819876608962e+22,1.0721173996222965e+23,1.6015833774937968e+21,1.3335214321633241e+23,1.0,N_max;Q_max
1.4330125702369627e+23,131072,power,0.5,B7_semi_synthetic_diagnostic_only,False,True,2.2550080000000004e+19,2.0100974133176837,8.48500267380814e-07,1e-06,11,11.97,367.1624608350144,1.0,2.010098261817951,attachment_B7_native_val_loss,2.6369607937170734e+22,1.152105750513614e+23,1.7210740351641298e+21,1.4330125702369627e+23,1.0,N_max;Q_max
1.539926526059492e+23,131072,power,0.5,B7_semi_synthetic_diagnostic_only,False,True,2.2550080000000004e+19,2.0052678023674666,8.304059542219022e-07,1e-06,11,11.97,394.5556546790256,1.0,2.005268632773421,attachment_B7_native_val_loss,2.833698711904762e+22,1.2380618585559365e+23,1.8494796313079327e+21,1.539926526059492e+23,1.0,N_max;Q_max
1.6548170999431815e+23,131072,power,0.5,B7_semi_synthetic_diagnostic_only,False,True,2.2550080000000004e+19,2.0005411852933603,8.126975110656076e-07,1e-06,11,11.97,423.99259522652335,1.0,2.0005419979908714,attachment_B7_native_val_loss,3.045114818916891e+22,1.330430965150249e+23,1.9874652901243284e+21,1.6548170999431815e+23,1.0,N_max;Q_max
1.7782794100389228e+23,131072,power,0.5,B7_semi_synthetic_diagnostic_only,False,True,2.2550080000000004e+19,1.995915365699293,7.953667091609162e-07,1e-06,11,11.97,455.62576198069365,1.0,1.9959161610660021,attachment_B7_native_val_loss,3.272304222545342e+22,1.4296915301915435e+23,2.1357457592845017e+21,1.7782794100389228e+23,1.0,N_max;Q_max
1.9109529749704405e+23,131072,power,0.5,B7_semi_synthetic_diagnostic_only,False,True,2.2550080000000004e+19,1.991388194028441,7.784054956161413e-07,1e-06,11,11.97,489.6190106093187,1.0,1.9913889724339366,attachment_B7_native_val_loss,3.516443734196127e+22,1.536357710428516e+23,2.2950891122311815e+21,1.9109529749704402e+23,0.9999999999999998,N_max;Q_max
2.053525026457146e+23,131072,power,0.5,B7_semi_synthetic_diagnostic_only,False,True,2.2550080000000004e+19,1.9869575665643593,7.61805988291897e-07,1e-06,11,11.97,526.148421695712,1.0,1.9869583283703476,attachment_B7_native_val_loss,3.778797964618604e+22,1.6509820227282988e+23,2.46632072669865e+21,2.0535250264571456e+23,0.9999999999999999,N_max;Q_max
2.2067340690845896e+23,131072,power,0.5,B7_semi_synthetic_diagnostic_only,False,True,2.2550080000000004e+19,1.9826214244534104,7.455604738026977e-07,1e-06,11,11.97,565.4032128131179,1.0,1.9826221700138842,attachment_B7_native_val_loss,4.060725874423813e+22,1.7741582060415933e+23,2.65032756006149e+21,2.2067340690845893e+23,0.9999999999999999,N_max;Q_max
2.371373705661655e+23,131072,power,0.5,B7_semi_synthetic_diagnostic_only,False,True,2.2550080000000004e+19,1.979112958094279,1.9791057681572966e-11,1e-06,0,11.97,600.0,1.0,1.97911295811407,attachment_B7_native_val_loss,4.3092e+22,1.882718208e+23,2.8125e+21,2.341763208e+23,0.9875133566712997,N_max;D_max;Q_max
2.5482967479793466e+23,131072,power,0.5,B7_semi_synthetic_diagnostic_only,False,True,2.2550080000000004e+19,1.979112958094279,1.9791057681572966e-11,1e-06,0,11.97,600.0,1.0,1.97911295811407,attachment_B7_native_val_loss,4.3092e+22,1.882718208e+23,2.8125e+21,2.341763208e+23,0.9189523197629491,N_max;D_max;Q_max
2.738419634264361e+23,131072,power,0.5,B7_semi_synthetic_diagnostic_only,False,True,2.2550080000000004e+19,1.979112958094279,1.9791057681572966e-11,1e-06,0,11.97,600.0,1.0,1.97911295811407,attachment_B7_native_val_loss,4.3092e+22,1.882718208e+23,2.8125e+21,2.341763208e+23,0.855151335718889,N_max;D_max;Q_max
2.942727176209282e+23,131072,power,0.5,B7_semi_synthetic_diagnostic_only,False,True,2.2550080000000004e+19,1.979112958094279,1.9791057681572966e-11,1e-06,0,11.97,600.0,1.0,1.97911295811407,attachment_B7_native_val_loss,4.3092e+22,1.882718208e+23,2.8125e+21,2.341763208e+23,0.7957799237836847,N_max;D_max;Q_max
3.162277660168379e+23,131072,power,0.5,B7_semi_synthetic_diagnostic_only,False,True,2.2550080000000004e+19,1.979112958094279,1.9791057681572966e-11,1e-06,0,11.97,600.0,1.0,1.97911295811407,attachment_B7_native_val_loss,4.3092e+22,1.882718208e+23,2.8125e+21,2.341763208e+23,0.7405305478062637,N_max;D_max;Q_max
3.3982083289425596e+23,131072,power,0.5,B7_semi_synthetic_diagnostic_only,False,True,2.2550080000000004e+19,1.979112958094279,1.9791057681572966e-11,1e-06,0,11.97,600.0,1.0,1.97911295811407,attachment_B7_native_val_loss,4.3092e+22,1.882718208e+23,2.8125e+21,2.341763208e+23,0.6891170232428628,N_max;D_max;Q_max
3.651741272548377e+23,131072,power,0.5,B7_semi_synthetic_diagnostic_only,False,True,2.2550080000000004e+19,1.979112958094279,1.9791057681572966e-11,1e-06,0,11.97,600.0,1.0,1.97911295811407,attachment_B7_native_val_loss,4.3092e+22,1.882718208e+23,2.8125e+21,2.341763208e+23,0.6412730347585097,N_max;D_max;Q_max
3.924189758484536e+23,131072,power,0.5,B7_semi_synthetic_diagnostic_only,False,True,2.2550080000000004e+19,1.979112958094279,1.9791057681572966e-11,1e-06,0,11.97,600.0,1.0,1.97911295811407,attachment_B7_native_val_loss,4.3092e+22,1.882718208e+23,2.8125e+21,2.341763208e+23,0.5967507567484082,N_max;D_max;Q_max
4.2169650342858225e+23,131072,power,0.5,B7_semi_synthetic_diagnostic_only,False,True,2.2550080000000004e+19,1.979112958094279,1.9791057681572966e-11,1e-06,0,11.97,600.0,1.0,1.97911295811407,attachment_B7_native_val_loss,4.3092e+22,1.882718208e+23,2.8125e+21,2.341763208e+23,0.5553195696337085,N_max;D_max;Q_max
4.531583637600818e+23,131072,power,0.5,B7_semi_synthetic_diagnostic_only,False,True,2.2550080000000004e+19,1.979112958094279,1.9791057681572966e-11,1e-06,0,11.97,600.0,1.0,1.97911295811407,attachment_B7_native_val_loss,4.3092e+22,1.882718208e+23,2.8125e+21,2.341763208e+23,0.5167648652822422,N_max;D_max;Q_max
4.869675251658631e+23,131072,power,0.5,B7_semi_synthetic_diagnostic_only,False,True,2.2550080000000004e+19,1.979112958094279,1.9791057681572966e-11,1e-06,0,11.97,600.0,1.0,1.97911295811407,attachment_B7_native_val_loss,4.3092e+22,1.882718208e+23,2.8125e+21,2.341763208e+23,0.4808869353664571,N_max;D_max;Q_max
5.232991146814947e+23,131072,power,0.5,B7_semi_synthetic_diagnostic_only,False,True,2.2550080000000004e+19,1.979112958094279,1.9791057681572966e-11,1e-06,0,11.97,600.0,1.0,1.97911295811407,attachment_B7_native_val_loss,4.3092e+22,1.882718208e+23,2.8125e+21,2.341763208e+23,0.4474999369003922,N_max;D_max;Q_max
5.623413251903491e+23,131072,power,0.5,B7_semi_synthetic_diagnostic_only,False,True,2.2550080000000004e+19,1.979112958094279,1.9791057681572966e-11,1e-06,0,11.97,600.0,1.0,1.97911295811407,attachment_B7_native_val_loss,4.3092e+22,1.882718208e+23,2.8125e+21,2.341763208e+23,0.4164309295973095,N_max;D_max;Q_max
6.042963902381328e+23,131072,power,0.5,B7_semi_synthetic_diagnostic_only,False,True,2.2550080000000004e+19,1.979112958094279,1.9791057681572966e-11,1e-06,0,11.97,600.0,1.0,1.97911295811407,attachment_B7_native_val_loss,4.3092e+22,1.882718208e+23,2.8125e+21,2.341763208e+23,0.3875189800616201,N_max;D_max;Q_max
6.493816315762113e+23,131072,power,0.5,B7_semi_synthetic_diagnostic_only,False,True,2.2550080000000004e+19,1.979112958094279,1.9791057681572966e-11,1e-06,0,11.97,600.0,1.0,1.97911295811407,attachment_B7_native_val_loss,4.3092e+22,1.882718208e+23,2.8125e+21,2.341763208e+23,0.3606143281749371,N_max;D_max;Q_max
6.978305848598663e+23,131072,power,0.5,B7_semi_synthetic_diagnostic_only,False,True,2.2550080000000004e+19,1.979112958094279,1.9791057681572966e-11,1e-06,0,11.97,600.0,1.0,1.97911295811407,attachment_B7_native_val_loss,4.3092e+22,1.882718208e+23,2.8125e+21,2.341763208e+23,0.3355776113582435,N_max;D_max;Q_max
7.498942093324558e+23,131072,power,0.5,B7_semi_synthetic_diagnostic_only,False,True,2.2550080000000004e+19,1.979112958094279,1.9791057681572966e-11,1e-06,0,11.97,600.0,1.0,1.97911295811407,attachment_B7_native_val_loss,4.3092e+22,1.882718208e+23,2.8125e+21,2.341763208e+23,0.312279142691954,N_max;D_max;Q_max
8.058421877614818e+23,131072,power,0.5,B7_semi_synthetic_diagnostic_only,False,True,2.2550080000000004e+19,1.979112958094279,1.9791057681572966e-11,1e-06,0,11.97,600.0,1.0,1.97911295811407,attachment_B7_native_val_loss,4.3092e+22,1.882718208e+23,2.8125e+21,2.341763208e+23,0.2905982391546283,N_max;D_max;Q_max
8.659643233600654e+23,131072,power,0.5,B7_semi_synthetic_diagnostic_only,False,True,2.2550080000000004e+19,1.979112958094279,1.9791057681572966e-11,1e-06,0,11.97,600.0,1.0,1.97911295811407,attachment_B7_native_val_loss,4.3092e+22,1.882718208e+23,2.8125e+21,2.341763208e+23,0.2704225965006992,N_max;D_max;Q_max
9.30572040929699e+23,131072,power,0.5,B7_semi_synthetic_diagnostic_only,False,True,2.2550080000000004e+19,1.979112958094279,1.9791057681572966e-11,1e-06,0,11.97,600.0,1.0,1.97911295811407,attachment_B7_native_val_loss,4.3092e+22,1.882718208e+23,2.8125e+21,2.341763208e+23,0.25164770753916416,N_max;D_max;Q_max
1e+24,131072,power,0.5,B7_semi_synthetic_diagnostic_only,False,True,2.2550080000000004e+19,1.979112958094279,1.9791057681572966e-11,1e-06,0,11.97,600.0,1.0,1.97911295811407,attachment_B7_native_val_loss,4.3092e+22,1.882718208e+23,2.8125e+21,2.341763208e+23,0.23417632079999998,N_max;D_max;Q_max
1e+19,131072,logarithmic,0.5,B7_semi_synthetic_diagnostic_only,False,False,2.2550080000000004e+19,,,,,,,,,,,,,,,
1.0746078283213175e+19,131072,logarithmic,0.5,B7_semi_synthetic_diagnostic_only,False,False,2.2550080000000004e+19,,,,,,,,,,,,,,,
1.1547819846894582e+19,131072,logarithmic,0.5,B7_semi_synthetic_diagnostic_only,False,False,2.2550080000000004e+19,,,,,,,,,,,,,,,
1.2409377607517196e+19,131072,logarithmic,0.5,B7_semi_synthetic_diagnostic_only,False,False,2.2550080000000004e+19,,,,,,,,,,,,,,,
1.3335214321633241e+19,131072,logarithmic,0.5,B7_semi_synthetic_diagnostic_only,False,False,2.2550080000000004e+19,,,,,,,,,,,,,,,
1.4330125702369628e+19,131072,logarithmic,0.5,B7_semi_synthetic_diagnostic_only,False,False,2.2550080000000004e+19,,,,,,,,,,,,,,,
1.539926526059492e+19,131072,logarithmic,0.5,B7_semi_synthetic_diagnostic_only,False,False,2.2550080000000004e+19,,,,,,,,,,,,,,,
1.6548170999431815e+19,131072,logarithmic,0.5,B7_semi_synthetic_diagnostic_only,False,False,2.2550080000000004e+19,,,,,,,,,,,,,,,
1.7782794100389229e+19,131072,logarithmic,0.5,B7_semi_synthetic_diagnostic_only,False,False,2.2550080000000004e+19,,,,,,,,,,,,,,,
1.9109529749704405e+19,131072,logarithmic,0.5,B7_semi_synthetic_diagnostic_only,False,False,2.2550080000000004e+19,,,,,,,,,,,,,,,
2.053525026457146e+19,131072,logarithmic,0.5,B7_semi_synthetic_diagnostic_only,False,False,2.2550080000000004e+19,,,,,,,,,,,,,,,
2.2067340690845897e+19,131072,logarithmic,0.5,B7_semi_synthetic_diagnostic_only,False,False,2.2550080000000004e+19,,,,,,,,,,,,,,,
2.3713737056616554e+19,131072,logarithmic,0.5,B7_semi_synthetic_diagnostic_only,False,True,2.2550080000000004e+19,3.476970712212039,8.949376320011027e-07,1e-06,57,0.07361222638514625,10.0,0.5,3.476971607149671,attachment_B7_native_val_loss,4.416733583108775e+18,1.929700347350778e+19,0.0,2.3713737056616554e+19,1.0,D_min;Q0
2.5482967479793463e+19,131072,logarithmic,0.5,B7_semi_synthetic_diagnostic_only,False,True,2.2550080000000004e+19,3.4546233562302326,9.485291889710368e-07,1e-06,108,0.0791042747336392,10.0,0.5,3.4546243047594216,attachment_B7_native_val_loss,4.746256484018351e+18,2.073671099577511e+19,0.0,2.5482967479793463e+19,1.0,D_min;Q0
2.7384196342643614e+19,131072,logarithmic,0.5,B7_semi_synthetic_diagnostic_only,False,True,2.2550080000000004e+19,3.432726815202251,9.968501122337159e-07,1e-06,786,0.0850060728824489,10.0,0.5,3.4327278120523634,attachment_B7_native_val_loss,5.100364372946934e+18,2.228383196969668e+19,0.0,2.7384196342643614e+19,1.0,D_min;Q0
2.942727176209282e+19,131072,logarithmic,0.5,B7_semi_synthetic_diagnostic_only,False,True,2.2550080000000004e+19,3.403736559521124,9.325977590179946e-07,1e-06,153,0.07000000000000002,10.0,0.7462283524354367,3.403737492118883,attachment_B7_native_val_loss,4.200000000000001e+18,1.8350080000000004e+19,6.877191762092814e+18,2.942727176209282e+19,1.0,N_min;D_min
3.162277660168379e+19,131072,logarithmic,0.5,B7_semi_synthetic_diagnostic_only,False,True,2.2550080000000004e+19,3.3681938250057133,9.747621638744874e-07,1e-06,72,0.07000000000000002,10.0,0.8444138639777929,3.368194799767877,attachment_B7_native_val_loss,4.200000000000001e+18,1.8350080000000004e+19,9.072696601683789e+18,3.162277660168379e+19,1.0,N_min;D_min
3.3982083289425592e+19,131072,logarithmic,0.5,B7_semi_synthetic_diagnostic_only,False,True,2.2550080000000004e+19,3.3253895714322006,9.376063405674984e-07,1e-06,47,0.07,10.0,0.9626593007602059,3.325390509038541,attachment_B7_native_val_loss,4.2000000000000005e+18,1.8350080000000002e+19,1.1432003289425592e+19,3.3982083289425596e+19,1.0000000000000002,N_min;D_min
3.651741272548377e+19,131072,logarithmic,0.5,B7_semi_synthetic_diagnostic_only,False,True,2.2550080000000004e+19,3.2871260733899477,8.849381840647652e-07,1e-06,32,0.0757260624257396,10.0,1.0,3.2871269583281317,attachment_B7_native_val_loss,4.543563745544376e+18,1.985113290853308e+19,1.2122716071406318e+19,3.6517412725483774e+19,1.0000000000000002,D_min;Q_max
3.924189758484536e+19,131072,logarithmic,0.5,B7_semi_synthetic_diagnostic_only,False,True,2.2550080000000004e+19,3.2546626826620266,7.725228829968955e-07,1e-06,31,0.08418341335998511,10.0,1.0,3.2546634551849096,attachment_B7_native_val_loss,5.051004801599107e+18,2.2068176711839937e+19,1.2122716071406318e+19,3.924189758484536e+19,1.0,D_min;Q_max
4.216965034285823e+19,131072,logarithmic,0.5,B7_semi_synthetic_diagnostic_only,False,True,2.2550080000000004e+19,3.2241425070950234,6.77298864104614e-07,1e-06,19,0.09327174888078596,10.0,1.0,3.2241431843938875,attachment_B7_native_val_loss,5.596304932847157e+18,2.4450629338604753e+19,1.2122716071406318e+19,4.216965034285823e+19,1.0,D_min;Q_max
4.531583637600818e+19,131072,logarithmic,0.5,B7_semi_synthetic_diagnostic_only,False,True,2.2550080000000004e+19,3.1953332492703854,5.96055274026952e-07,1e-06,17,0.10303814537784924,10.0,1.0,3.1953338453256594,attachment_B7_native_val_loss,6.182288722670954e+18,2.701083158193091e+19,1.2122716071406318e+19,4.531583637600818e+19,1.0,D_min;Q_max
4.869675251658631e+19,131072,logarithmic,0.5,B7_semi_synthetic_diagnostic_only,False,True,2.2550080000000004e+19,3.168042544343756,5.263009441591748e-07,1e-06,17,0.11353319150808333,10.0,1.0,3.1680430706447003,attachment_B7_native_val_loss,6.811991490485e+18,2.9762044954695e+19,1.2122716071406318e+19,4.869675251658632e+19,1.0000000000000004,D_min;Q_max
5.2329911468149465e+19,131072,logarithmic,0.5,B7_semi_synthetic_diagnostic_only,False,True,2.2550080000000004e+19,3.1421089703468454,9.321227016911848e-07,1e-06,16,0.12481125023822622,10.0,1.0,3.142109902469547,attachment_B7_native_val_loss,7.488675014293574e+18,3.2718520382449574e+19,1.2122716071406318e+19,5.232991146814947e+19,1.0000000000000002,D_min;Q_max
5.6234132519034905e+19,131072,logarithmic,0.5,B7_semi_synthetic_diagnostic_only,False,True,2.2550080000000004e+19,3.1173975803670175,8.276161294062945e-07,1e-06,16,0.13693074043790537,10.0,1.0,3.117398407983147,attachment_B7_native_val_loss,8.215844426274322e+18,3.5895572021354267e+19,1.2122716071406318e+19,5.623413251903491e+19,1.0000000000000002,D_min;Q_max
6.042963902381328e+19,131072,logarithmic,0.5,B7_semi_synthetic_diagnostic_only,False,True,2.2550080000000004e+19,3.0937920874196125,7.365415153337551e-07,1e-06,16,0.14995443948174408,10.0,1.0,3.093792823961128,attachment_B7_native_val_loss,8.997266368904645e+18,3.930965658350232e+19,1.2122716071406318e+19,6.042963902381328e+19,1.0,D_min;Q_max
6.493816315762113e+19,131072,logarithmic,0.5,B7_semi_synthetic_diagnostic_only,False,True,2.2550080000000004e+19,3.0711931561888326,6.5685974526275e-07,1e-06,16,0.16394980842795398,10.0,1.0,3.071193813048578,attachment_B7_native_val_loss,9.836988505677238e+18,4.297845858053757e+19,1.2122716071406318e+19,6.493816315762113e+19,1.0,D_min;Q_max
6.978305848598663e+19,131072,logarithmic,0.5,B7_semi_synthetic_diagnostic_only,False,True,2.2550080000000004e+19,3.0495149542945894,5.86899202570379e-07,1e-06,16,0.17898934145779624,10.0,1.0,3.049515541193792,attachment_B7_native_val_loss,1.0739360487467774e+19,4.692098192711254e+19,1.2122716071406318e+19,6.978305848598664e+19,1.0000000000000002,D_min;Q_max
7.498942093324558e+19,131072,logarithmic,0.5,B7_semi_synthetic_diagnostic_only,False,True,2.2550080000000004e+19,3.0286828449885363,5.252784651688103e-07,1e-06,16,0.19515094138596176,10.0,1.0,3.0286833702670015,attachment_B7_native_val_loss,1.1709056483157707e+19,5.115764837868156e+19,1.2122716071406318e+19,7.498942093324558e+19,1.0,D_min;Q_max
8.058421877614818e+19,131072,logarithmic,0.5,B7_semi_synthetic_diagnostic_only,False,True,2.2550080000000004e+19,3.0086310758804493,9.416670003759009e-07,1e-06,15,0.21251832318696567,10.0,1.0,3.0086320175474497,attachment_B7_native_val_loss,1.275109939121794e+19,5.5710403313523925e+19,1.2122716071406318e+19,8.058421877614818e+19,1.0,D_min;Q_max
8.659643233600653e+19,131072,logarithmic,0.5,B7_semi_synthetic_diagnostic_only,False,True,2.2550080000000004e+19,2.989303228472907,8.452571576000878e-07,1e-06,15,0.23118144762776963,10.0,1.0,2.9893040737300645,attachment_B7_native_val_loss,1.387088685766618e+19,6.060282940693404e+19,1.2122716071406318e+19,8.659643233600655e+19,1.0000000000000002,D_min;Q_max
9.30572040929699e+19,131072,logarithmic,0.5,B7_semi_synthetic_diagnostic_only,False,True,2.2550080000000004e+19,2.9706480395763375,7.596737949810972e-07,1e-06,15,0.2512369872527925,10.0,1.0,2.9706487992501325,attachment_B7_native_val_loss,1.507421923516755e+19,6.586026878639603e+19,1.2122716071406318e+19,9.30572040929699e+19,1.0,D_min;Q_max
1e+20,131072,logarithmic,0.5,B7_semi_synthetic_diagnostic_only,False,True,2.2550080000000004e+19,2.952620455297093,6.835384525061272e-07,1e-06,15,0.2727888271350504,10.0,1.0,2.9526211388355454,attachment_B7_native_val_loss,1.6367329628103025e+19,7.150995430049066e+19,1.2122716071406318e+19,1.0000000000000002e+20,1.0000000000000002,D_min;Q_max
1.0746078283213175e+20,131072,logarithmic,0.5,B7_semi_synthetic_diagnostic_only,False,True,2.2550080000000004e+19,2.9351802930821065,6.156760501419001e-07,1e-06,15,0.29594860298725234,10.000000000000002,1.0,2.9351809087581566,attachment_B7_native_val_loss,1.7756916179235144e+19,7.758115058149029e+19,1.212271607140632e+19,1.0746078283213175e+20,1.0,D_min;Q_max
1.1547819846894582e+20,131072,logarithmic,0.5,B7_semi_synthetic_diagnostic_only,False,True,2.2550080000000004e+19,2.918291566850015,5.55080069020164e-07,1e-06,15,0.3208362794201956,10.000000000000002,1.0,2.918292121930084,attachment_B7_native_val_loss,1.925017676521174e+19,8.410530563232776e+19,1.212271607140632e+19,1.1547819846894582e+20,1.0,D_min;Q_max
1.2409377607517195e+20,131072,logarithmic,0.5,B7_semi_synthetic_diagnostic_only,False,True,2.2550080000000004e+19,2.9019219230203355,5.008845436194065e-07,1e-06,15,0.34758077134376447,10.0,1.0,2.901922423904879,attachment_B7_native_val_loss,2.085484628062587e+19,9.111621372313978e+19,1.2122716071406318e+19,1.2409377607517197e+20,1.0000000000000002,D_min;Q_max
1.333521432163324e+20,131072,logarithmic,0.5,B7_semi_synthetic_diagnostic_only,False,True,2.2550080000000004e+19,2.8860417141146337,9.046588504979525e-07,1e-06,14,0.37632061172930764,10.000000000000002,1.0,2.8860426187734842,attachment_B7_native_val_loss,2.2579236703758463e+19,9.865019044116765e+19,1.212271607140632e+19,1.3335214321633244e+20,1.0000000000000002,D_min;Q_max
1.4330125702369627e+20,131072,logarithmic,0.5,B7_semi_synthetic_diagnostic_only,False,True,2.2550080000000004e+19,2.8706254508526317,8.175795858100798e-07,1e-06,14,0.4072046691923176,10.0,1.0,2.8706262684322175,attachment_B7_native_val_loss,2.4432280151539057e+19,1.0674626080075091e+20,1.2122716071406318e+19,1.4330125702369629e+20,1.0000000000000002,D_min;Q_max
1.539926526059492e+20,131072,logarithmic,0.5,B7_semi_synthetic_diagnostic_only,False,True,2.2550080000000004e+19,2.8556486127484275,7.393785832476851e-07,1e-06,14,0.44039291911239353,10.0,1.0,2.8556493521270108,attachment_B7_native_val_loss,2.642357514674361e+19,1.1544636138779928e+20,1.2122716071406318e+19,1.539926526059492e+20,1.0,D_min;Q_max
1.6548170999431814e+20,131072,logarithmic,0.5,B7_semi_synthetic_diagnostic_only,False,True,2.2550080000000004e+19,2.8410892349940475,6.700172545670569e-07,1e-06,14,0.4755344879437525,10.010187434443484,1.0,2.841089905011302,attachment_B7_native_val_loss,2.856113613515441e+19,1.2478550785023194e+20,1.2135066008931758e+19,1.654817099943181e+20,0.9999999999999998,Q_max
1.778279410038923e+20,131072,logarithmic,0.5,B7_semi_synthetic_diagnostic_only,False,True,2.2550080000000004e+19,2.8268127904168283,6.413855881959307e-07,1e-06,14,0.4919978576382136,10.422646770844048,1.0,2.8268134318024165,attachment_B7_native_val_loss,3.0767519293050696e+19,1.3442534295929138e+20,1.2635078751550228e+19,1.7782794100389233e+20,1.0000000000000002,Q_max
1.9109529749704406e+20,131072,logarithmic,0.5,B7_semi_synthetic_diagnostic_only,False,True,2.2550080000000004e+19,2.812707665890846,6.139106121239024e-07,1e-06,14,0.509074406945278,10.850413769206297,1.0,2.812708279801458,attachment_B7_native_val_loss,3.314200772801744e+19,1.4479964123089007e+20,1.3153648538136558e+19,1.9109529749704406e+20,1.0,Q_max
2.053525026457146e+20,131072,logarithmic,0.5,B7_semi_synthetic_diagnostic_only,False,True,2.2550080000000004e+19,2.7987711634259473,5.875500193042171e-07,1e-06,14,0.5267873962780412,11.294019089833586,1.0,2.7987717509759666,attachment_B7_native_val_loss,3.5697281459087565e+19,1.559638025135175e+20,1.3691418673109535e+19,2.053525026457146e+20,1.0,Q_max
2.20673406908459e+20,131072,logarithmic,0.5,B7_semi_synthetic_diagnostic_only,False,True,2.2550080000000004e+19,2.7850006466398822,5.622627803347768e-07,1e-06,14,0.545160961873252,11.754012098742121,1.0,2.7850012089026626,attachment_B7_native_val_loss,3.844697124972058e+19,1.6797738052144585e+20,1.424905513729254e+19,2.20673406908459e+20,1.0,Q_max
2.3713737056616553e+20,131072,logarithmic,0.5,B7_semi_synthetic_diagnostic_only,False,True,2.2550080000000004e+19,2.771393539101773,5.380091132600739e-07,1e-06,14,0.564220148637808,12.230961560932332,1.0,2.7713940771108865,attachment_B7_native_val_loss,4.1405729699355345e+19,1.8090439343846343e+20,1.4827247428346728e+19,2.371373705661655e+20,0.9999999999999999,Q_max
2.5482967479793464e+20,131072,logarithmic,0.5,B7_semi_synthetic_diagnostic_only,False,True,2.2550080000000004e+19,2.7579473227113964,5.147504666958014e-07,1e-06,14,0.5839909442398383,12.725456357674098,1.0,2.757947837461863,attachment_B7_native_val_loss,4.45893076452057e+19,1.948136577224134e+20,1.5426709430315547e+19,2.5482967479793464e+20,1.0,Q_max
2.7384196342643612e+20,131072,logarithmic,0.5,B7_semi_synthetic_diagnostic_only,False,True,2.2550080000000004e+19,2.7446590436765788,9.848870972106738e-07,1e-06,13,0.6045003144915302,13.23810622858546,1.0,2.744660028563676,attachment_B7_native_val_loss,4.801463627071317e+19,2.0977914684249722e+20,1.6048180313225703e+19,2.738419634264361e+20,0.9999999999999999,Q_max
2.942727176209282e+20,131072,logarithmic,0.5,B7_semi_synthetic_diagnostic_only,False,True,2.2550080000000004e+19,2.7315273020942983,9.42127545311422e-07,1e-06,13,0.6257762400723574,13.769542539324842,1.0,2.7315282442218436,attachment_B7_native_val_loss,5.169991534665049e+19,2.2588037681053906e+20,1.6692425463738622e+19,2.942727176209282e+20,1.0,Q_max
3.1622776601683794e+20,131072,logarithmic,0.5,B7_semi_synthetic_diagnostic_only,False,True,2.2550080000000004e+19,2.718549230784326,9.01140997378036e-07,1e-06,13,0.647847754643474,14.32041907574739,1.0,2.7185501319253236,attachment_B7_native_val_loss,5.566470806265912e+19,2.432028205062952e+20,1.736023744788365e+19,3.1622776601683794e+20,1.0,Q_max
3.3982083289425596e+20,131072,logarithmic,0.5,B7_semi_synthetic_diagnostic_only,False,True,2.2550080000000004e+19,2.705722529508093,8.618596893938957e-07,1e-06,13,0.6707449844056252,14.891412865419884,1.0,2.7057233913677825,attachment_B7_native_val_loss,5.9930042941162725e+19,2.6183835294613602e+20,1.8052437006957242e+19,3.3982083289425596e+20,1.0,Q_max
3.651741272548377e+20,131072,logarithmic,0.5,B7_semi_synthetic_diagnostic_only,False,True,2.2550080000000004e+19,2.6930449487858406,8.242180680184674e-07,1e-06,13,0.6944991891550423,15.483225027424417,1.0,2.6930457730039086,attachment_B7_native_val_loss,6.451852336230789e+19,2.81885729804814e+20,1.876987408771585e+19,3.651741272548377e+20,1.0,Q_max
3.924189758484536e+20,131072,logarithmic,0.5,B7_semi_synthetic_diagnostic_only,False,True,2.2550080000000004e+19,2.6805142884877924,7.881527461783833e-07,1e-06,13,0.719142804893725,16.096581651423072,1.0,2.6805150766405386,attachment_B7_native_val_loss,6.945444526803153e+19,3.03451101672381e+20,1.9513428908041052e+19,3.924189758484536e+20,1.0,Q_max
4.216965034285823e+20,131072,logarithmic,0.5,B7_semi_synthetic_diagnostic_only,False,True,2.2550080000000004e+19,2.6681283964598785,7.536024497767357e-07,1e-06,13,0.744709488052745,16.73223470699471,1.0,2.6681291500623283,attachment_B7_native_val_loss,7.47639236557464e+19,3.2664856671353314e+20,2.028401305930273e+19,4.216965034285823e+20,1.0,Q_max
4.5315836376008176e+20,131072,logarithmic,0.5,B7_semi_synthetic_diagnostic_only,False,True,2.2550080000000004e+19,2.655885167183706,7.205079719518892e-07,1e-06,13,0.7712341613890084,17.390962984305578,1.0,2.655885887691678,attachment_B7_native_val_loss,8.04750285176892e+19,3.516007645956852e+20,2.1082570646707356e+19,4.5315836376008176e+20,1.0,Q_max
4.8696752516586314e+20,131072,logarithmic,0.5,B7_semi_synthetic_diagnostic_only,False,True,2.2550080000000004e+19,2.643782540470468,6.888121233394884e-07,1e-06,13,0.7987530616188634,18.07357306720496,1.0,2.643783229282591,attachment_B7_native_val_loss,8.661793093093317e+19,3.7843951476597575e+20,2.1910079468954194e+19,4.8696752516586314e+20,1.0,Q_max
5.232991146814947e+20,131072,logarithmic,0.5,B7_semi_synthetic_diagnostic_only,False,True,2.2550080000000004e+19,2.6318185001884378,6.584596752290395e-07,1e-06,13,0.8273037888534192,18.780900339900693,1.0,2.631819158648113,attachment_B7_native_val_loss,9.322506005566987e+19,4.073065023872254e+20,2.2767552238599447e+19,5.2329911468149473e+20,1.0000000000000002,Q_max
5.6234132519034906e+20,131072,logarithmic,0.5,B7_semi_synthetic_diagnostic_only,False,True,2.2550080000000004e+19,2.6199910730236744,6.293973204840597e-07,1e-06,13,0.8569253579036633,19.513810028399128,1.0,2.619991702420995,attachment_B7_native_val_loss,1.003312718559001e+20,4.383540154898846e+20,2.3656037844564386e+19,5.623413251903491e+20,1.0000000000000002,Q_max
6.042963902381328e+20,131072,logarithmic,0.5,B7_semi_synthetic_diagnostic_only,False,True,2.2550080000000004e+19,2.608298327273546,6.015736171427477e-07,1e-06,13,0.8876582515254634,20.27319827795338,1.0,2.608298928847163,attachment_B7_native_val_loss,1.079740304174228e+20,4.717457371624147e+20,2.457662265829523e+19,6.042963902381326e+20,0.9999999999999998,Q_max
6.493816315762113e+20,131072,logarithmic,0.5,B7_semi_synthetic_diagnostic_only,False,True,2.2550080000000004e+19,2.5967383716726538,5.749389386799919e-07,1e-06,13,0.9195444756775837,21.059993267803605,1.0,2.5967389466115924,attachment_B7_native_val_loss,1.1619360280329545e+20,5.0765759688778475e+20,2.5530431885131158e+19,6.493816315762113e+20,1.0,Q_max
6.978305848598663e+20,131072,logarithmic,0.5,B7_semi_synthetic_diagnostic_only,False,True,2.2550080000000004e+19,2.5853093542506977,5.494454327070741e-07,1e-06,13,0.9526276168680379,21.875156364555195,1.0,2.5853099036961305,attachment_B7_native_val_loss,1.2503326845709143e+20,5.462786854402629e+20,2.6518630962511946e+19,6.978305848598664e+20,1.0000000000000002,Q_max
7.498942093324558e+20,131072,logarithmic,0.5,B7_semi_synthetic_diagnostic_only,False,True,2.2550080000000004e+19,2.5740094612218494,5.250469619078046e-07,1e-06,13,0.9869529016676071,22.719683315578013,1.0,2.5740099862688113,attachment_B7_native_val_loss,1.3453954423967303e+20,5.878122380860808e+20,2.7542427006701953e+19,7.498942093324558e+20,1.0,Q_max
8.058421877614818e+20,131072,logarithmic,0.5,B7_semi_synthetic_diagnostic_only,False,True,2.2550080000000004e+19,2.5628369159051148,5.016990649586717e-07,1e-06,13,1.0225672584717826,23.594605483873934,1.0,2.5628374176041797,attachment_B7_native_val_loss,1.4476242626620953e+20,6.324766911854873e+20,2.860307030978502e+19,8.058421877614818e+20,1.0,Q_max
8.659643233600653e+20,131072,logarithmic,0.5,B7_semi_synthetic_diagnostic_only,False,True,2.2550080000000004e+19,2.5517894983129987,9.58721115384975e-07,1e-06,12,1.0595193815956763,24.500991125909874,1.0,2.551790457034114,attachment_B7_native_val_loss,1.5575564979723108e+20,6.805068176740891e+20,2.9701855888745116e+19,8.659643233600653e+20,1.0,Q_max
9.30572040929699e+20,131072,logarithmic,0.5,B7_semi_synthetic_diagnostic_only,False,True,2.2550080000000004e+19,2.5408664829561487,9.15972493409356e-07,1e-06,12,1.0978597977894053,25.439946713974333,1.0,2.540867398928642,attachment_B7_native_val_loss,1.6757696853106265e+20,7.321549473101147e+20,3.08401250885217e+19,9.30572040929699e+20,1.0,Q_max
1e+21,131072,logarithmic,0.5,B7_semi_synthetic_diagnostic_only,False,True,2.2550080000000004e+19,2.530065696628786,8.750774229682179e-07,1e-06,12,1.1376409352653094,26.412618304660942,1.0,2.530066571706209,attachment_B7_native_val_loss,1.8028845474552064e+20,7.87692278013496e+20,3.201926724098339e+19,1e+21,1.0,Q_max
1.0746078283213176e+21,131072,logarithmic,0.5,B7_semi_synthetic_diagnostic_only,False,True,2.2550080000000004e+19,2.519385500913441,8.359594096951639e-07,1e-06,12,1.1789171953309516,27.420192955160562,1.0,2.519386336872851,attachment_B7_native_val_loss,1.9395682184478845e+20,8.474102850946703e+20,3.3240721381858718e+19,1.0746078283213174e+21,0.9999999999999999,Q_max
1.1547819846894581e+21,131072,logarithmic,0.5,B7_semi_synthetic_diagnostic_only,False,True,2.2550080000000004e+19,2.5088242895448767,7.985448395864125e-07,1e-06,12,1.221745026726094,28.463900189089333,1.0,2.5088250880897163,attachment_B7_native_val_loss,2.0865377098348695e+20,9.116222356782533e+20,3.4505978027717853e+19,1.154781984689458e+21,0.9999999999999999,Q_max
1.2409377607517195e+21,131072,logarithmic,0.5,B7_semi_synthetic_diagnostic_only,False,True,2.2550080000000004e+19,2.498380487505481,7.627628897388661e-07,1e-06,12,1.266183002765238,29.545013513649923,1.0,2.4983812502683707,attachment_B7_native_val_loss,2.244563635647168e+20,9.806648161718187e+20,3.5816581015184077e+19,1.2409377607517195e+21,1.0,Q_max
1.333521432163324e+21,131072,logarithmic,0.5,B7_semi_synthetic_diagnostic_only,False,True,2.2550080000000004e+19,2.4880525501478576,7.28545437755912e-07,1e-06,12,1.3122919013912506,30.6648519899857,1.0,2.4880532786932954,attachment_B7_native_val_loss,2.4144742154291764e+20,1.0548998812157768e+21,3.717412940462956e+19,1.333521432163324e+21,1.0,Q_max
1.4330125702369627e+21,131072,logarithmic,0.5,B7_semi_synthetic_diagnostic_only,False,True,2.2550080000000004e+19,2.477838962344026,6.958269795909189e-07,1e-06,12,1.3601347882493102,31.824781858660877,1.0,2.4778396581710056,attachment_B7_native_val_loss,2.597159576064612e+20,1.1347163331798027e+21,3.858027945069884e+19,1.4330125702369627e+21,1.0,Q_max
1.539926526059492e+21,131072,logarithmic,0.5,B7_semi_synthetic_diagnostic_only,False,True,2.2550080000000004e+19,2.467738237660646,6.64544541173484e-07,1e-06,12,1.4097771028950463,33.02621822225707,1.0,2.467738902205187,attachment_B7_native_val_loss,2.7935763746971897e+20,1.2205321419477e+21,4.00367466420728e+19,1.539926526059492e+21,1.0,Q_max
1.6548170999431815e+21,131072,logarithmic,0.5,B7_semi_synthetic_diagnostic_only,False,True,2.2550080000000004e+19,2.4577489175596665,6.346375989174646e-07,1e-06,12,1.4612867482544463,34.270626787161454,1.0,2.4577495521972654,attachment_B7_native_val_loss,3.0047527667071726e+20,1.3127965154594752e+21,4.154530781298899e+19,1.6548170999431813e+21,0.9999999999999999,Q_max
1.7782794100389228e+21,131072,logarithmic,0.5,B7_semi_synthetic_diagnostic_only,False,True,2.2550080000000004e+19,2.4478695706237956,6.060479948999387e-07,1e-06,12,1.514734183457938,35.55952566668645,1.0,2.4478701766717905,attachment_B7_native_val_loss,3.231793744492793e+20,1.4119922322605314e+21,4.310780332911252e+19,1.7782794100389233e+21,1.0000000000000002,Q_max
1.9109529749704406e+21,131072,logarithmic,0.5,B7_semi_synthetic_diagnostic_only,False,True,2.2550080000000004e+19,2.438098791806198,5.787198600337717e-07,1e-06,12,1.5701925201756146,36.89448724773856,1.0,2.438099370526058,attachment_B7_native_val_loss,3.4758868747268214e+20,1.518638148147313e+21,4.472613935044557e+19,1.9109529749704406e+21,1.0,Q_max
2.053525026457146e+21,131072,logarithmic,0.5,B7_semi_synthetic_diagnostic_only,False,True,2.2550080000000004e+19,2.4284352017038078,5.525995372401837e-07,1e-06,12,1.6277376225852511,38.27714012333476,1.0,2.428435754303345,attachment_B7_native_val_loss,3.738308463823167e+20,1.6332918899007672e+21,4.640229017406219e+19,2.053525026457146e+21,1.0,Q_max
2.20673406908459e+21,131072,logarithmic,0.5,B7_semi_synthetic_diagnostic_only,False,True,2.2550080000000004e+19,2.418877445853667,5.276354997363342e-07,1e-06,12,1.6874482111096651,39.70917109334779,1.0,2.4188779734891668,attachment_B7_native_val_loss,4.0204301835670415e+20,1.7565527500683307e+21,4.813830065955504e+19,2.20673406908459e+21,1.0,Q_max
2.3713737056616553e+21,131072,logarithmic,0.5,B7_semi_synthetic_diagnostic_only,False,True,2.2550080000000004e+19,2.409424194051672,5.037782848660299e-07,1e-06,12,1.749405970065372,41.1923272359403,1.0,2.409424697829957,attachment_B7_native_val_loss,4.323726191246422e+20,1.8890647977968368e+21,4.993628874017616e+19,2.3713737056616553e+21,1.0,Q_max
2.5482967479793463e+21,131072,logarithmic,0.5,B7_semi_synthetic_diagnostic_only,False,True,2.2550080000000004e+19,2.4000736586806584,9.619929088877655e-07,1e-06,11,1.813695659369746,42.72841805223673,1.0,2.4000746206735672,attachment_B7_native_val_loss,4.649780781184659e+20,2.0315202218381187e+21,5.179844802276179e+19,2.5482967479793463e+21,1.0,Q_max
2.7384196342643614e+21,131072,logarithmic,0.5,B7_semi_synthetic_diagnostic_only,False,True,2.2550080000000004e+19,2.390825539908786,9.184222089508864e-07,1e-06,11,1.8804052304592902,44.31931768687545,1.0,2.390826458330995,attachment_B7_native_val_loss,5.000296607327252e+20,2.1846629230519918e+21,5.372705047964472e+19,2.738419634264362e+21,1.0000000000000002,Q_max
2.9427271762092816e+21,131072,logarithmic,0.5,B7_semi_synthetic_diagnostic_only,False,True,2.2550080000000004e+19,2.3816780726669724,8.767917831775662e-07,1e-06,11,1.94962594657747,45.96696722717451,1.0,2.3816789494587556,attachment_B7_native_val_loss,5.377103519494538e+20,2.3492923750239605e+21,5.572444923586758e+19,2.942727176209282e+21,1.0000000000000002,Q_max
3.1622776601683794e+21,131072,logarithmic,0.5,B7_semi_synthetic_diagnostic_only,False,True,2.2550080000000004e+19,2.372630017443538,8.370177670968815e-07,1e-06,11,2.021452507596811,47.673377083734835,1.0,2.3726308544613053,attachment_B7_native_val_loss,5.782168059091447e+20,2.526267772804114e+21,5.779308145512059e+19,3.1622776601683794e+21,1.0,Q_max
3.3982083289425594e+21,131072,logarithmic,0.5,B7_semi_synthetic_diagnostic_only,False,True,2.2550080000000004e+19,2.363680155893215,7.990197308238578e-07,1e-06,11,2.095983179545641,49.440629455415994,1.0,2.3636809549129456,attachment_B7_native_val_loss,6.217603663482041e+20,2.7165124912663935e+21,5.99354713279616e+19,3.398208328942559e+21,0.9999999999999999,Q_max
3.651741272548377e+21,131072,logarithmic,0.5,B7_semi_synthetic_diagnostic_only,False,True,2.2550080000000004e+19,2.3548272902780853,7.627205507176882e-07,1e-06,11,2.1733199290168184,51.27088088171101,1.0,2.354828052998636,attachment_B7_native_val_loss,6.685681631908195e+20,2.92101887619157e+21,6.2154233165987684e+19,3.651741272548377e+21,1.0,Q_max
3.924189758484536e+21,131072,logarithmic,0.5,B7_semi_synthetic_diagnostic_only,False,True,2.2550080000000004e+19,2.346070242926867,7.280462890335571e-07,1e-06,11,2.2535685626420534,53.16636488566294,1.0,2.346070970973156,attachment_B7_native_val_loss,7.188842909777182e+20,3.140853392901049e+21,6.445207460576785e+19,3.9241897584845353e+21,0.9999999999999999,Q_max
4.2169650342858226e+21,131072,logarithmic,0.5,B7_semi_synthetic_diagnostic_only,False,True,2.2550080000000004e+19,2.3374078557119837,6.949260695776616e-07,1e-06,11,2.336838871822853,55.12939471056512,1.0,2.3374085506380533,attachment_B7_native_val_loss,7.729710752382827e+20,3.3771621591210724e+21,6.683179992646702e+19,4.2169650342858216e+21,0.9999999999999998,Q_max
4.5315836376008176e+21,131072,logarithmic,0.5,B7_semi_synthetic_diagnostic_only,False,True,2.2550080000000004e+19,2.3288389895438772,6.632919702376228e-07,1e-06,11,2.4232447829154085,57.162366153822326,1.0,2.3288396528358475,attachment_B7_native_val_loss,8.311104333681016e+20,3.631176890747461e+21,6.929631348525544e+19,4.5315836376008176e+21,1.0,Q_max
4.869675251658631e+21,131072,logarithmic,0.5,B7_semi_synthetic_diagnostic_only,False,True,2.2550080000000004e+19,2.3203625238820353,6.330789026343098e-07,1e-06,11,2.5129045130756467,59.267760501435326,1.0,2.320363156960938,attachment_B7_native_val_loss,8.936053370636603e+20,3.9042212913202693e+21,7.184862327470105e+19,4.869675251658631e+21,1.0,Q_max
5.232991146814947e+21,131072,logarithmic,0.5,B7_semi_synthetic_diagnostic_only,False,True,2.2550080000000004e+19,2.3119773562621972,6.042245086490539e-07,1e-06,11,2.6059407319767276,61.448147566733205,1.0,2.311977960486706,attachment_B7_native_val_loss,9.607813838920002e+20,4.1977179183164083e+21,7.449184460653837e+19,5.232991146814947e+21,1.0,Q_max
5.623413251903491e+21,131072,logarithmic,0.5,B7_semi_synthetic_diagnostic_only,False,True,2.2550080000000004e+19,2.3036824018392252,5.766690542863273e-07,1e-06,11,2.7024807296210414,63.70618883706431,1.0,2.3036829785082795,attachment_B7_native_val_loss,1.0329884861385925e+21,4.513195561838586e+21,7.722920392631252e+19,5.623413251903491e+21,1.0,Q_max
6.042963902381328e+21,131072,logarithmic,0.5,B7_semi_synthetic_diagnostic_only,False,True,2.2550080000000004e+19,2.2954765929451444,5.503553253127791e-07,1e-06,11,2.802656590475248,66.04464073233177,1.0,2.2954771433004697,attachment_B7_native_val_loss,1.1106026856842379e+21,4.852297173933481e+21,8.006404276360946e+19,6.042963902381328e+21,1.0,Q_max
6.493816315762113e+21,131072,logarithmic,0.5,B7_semi_synthetic_diagnostic_only,False,True,2.2550080000000004e+19,2.2873588786618444,5.252285322221439e-07,1e-06,11,2.9066053741671896,68.46635797935751,1.0,2.2873594038903766,attachment_B7_native_val_loss,1.194028104314731e+21,5.216788389624681e+21,8.299982182270155e+19,6.493816315762113e+21,1.0,Q_max
6.978305848598664e+21,131072,logarithmic,0.5,B7_semi_synthetic_diagnostic_only,False,True,2.2550080000000004e+19,2.2793282244079687,5.012362125356162e-07,1e-06,11,3.014469302992084,70.97429710620936,1.0,2.279328725644181,attachment_B7_native_val_loss,1.2836990395686482e+21,5.608566683811394e+21,8.604012521862111e+19,6.978305848598664e+21,1.0,Q_max
7.498942093324559e+21,131072,logarithmic,0.5,B7_semi_synthetic_diagnostic_only,False,True,2.2550080000000004e+19,2.2713831331247323,9.567429266610361e-07,1e-06,10,3.1263959564832478,73.5715200608066,1.0,2.271384089867659,attachment_B7_native_val_loss,1.3800822169825913e+21,6.029671211478073e+21,8.918866486389326e+19,7.498942093324559e+21,1.0,Q_max
8.058421877614818e+21,131072,logarithmic,0.5,B7_semi_synthetic_diagnostic_only,False,True,2.2550080000000004e+19,2.263523580425857,9.129940869989639e-07,1e-06,10,3.242538473315001,76.26119795820686,1.0,2.263524493419944,attachment_B7_native_val_loss,1.483679210403463e+21,6.48229338220009e+21,9.244928501126529e+19,8.058421877614818e+21,1.0,Q_max
8.659643233600654e+21,131072,logarithmic,0.5,B7_semi_synthetic_diagnostic_only,False,True,2.2550080000000004e+19,2.2557480771143212,8.712257830723047e-07,1e-06,10,3.363055760812843,79.04661496119492,1.0,2.2557489483401043,attachment_B7_native_val_loss,1.5950290429080075e+21,6.968788223734612e+21,9.582596695803447e+19,8.659643233600653e+21,0.9999999999999999,Q_max
9.30572040929699e+21,131072,logarithmic,0.5,B7_semi_synthetic_diagnostic_only,False,True,2.2550080000000004e+19,2.248055650136162,8.31349921792679e-07,1e-06,10,3.488112712357987,81.93117229891917,1.0,2.248056481486084,attachment_B7_native_val_loss,1.714710981805515e+21,7.491686593573748e+21,9.932283391772674e+19,9.30572040929699e+21,1.0,Q_max
1e+22,131072,logarithmic,0.5,B7_semi_synthetic_diagnostic_only,False,True,2.2550080000000004e+19,2.240445340903382,7.93282206146273e-07,1e-06,10,3.6178804329835614,84.91839242850381,1.0,2.2404461341855884,attachment_B7_native_val_loss,1.84334754220502e+21,8.053708301729879e+21,1.0294415606510117e+20,1e+22,1.0,Q_max
1.0746078283213176e+22,131072,logarithmic,0.5,B7_semi_synthetic_diagnostic_only,False,True,2.2550080000000004e+19,2.232916204956519,7.569419846475967e-07,1e-06,10,3.7525364734707196,88.01192334474533,1.0,2.232916961898504,attachment_B7_native_val_loss,1.9816077147087954e+21,8.657776212743708e+21,1.066943557606725e+20,1.0746078283213176e+22,1.0,Q_max
1.154781984689458e+22,131072,logarithmic,0.5,B7_semi_synthetic_diagnostic_only,False,True,2.2550080000000004e+19,2.2254673116383388,7.222520954641709e-07,1e-06,10,3.8922650732658344,91.21554304315211,1.0,2.2254680338904342,attachment_B7_native_val_loss,2.130210433955024e+21,9.30703139997843e+21,1.1057801296112748e+20,1.154781984689458e+22,1.0,Q_max
1.2409377607517196e+22,131072,logarithmic,0.5,B7_semi_synthetic_diagnostic_only,False,True,2.2550080000000004e+19,2.218097743778254,6.891387278606942e-07,1e-06,10,4.037257412549678,94.53316414182807,1.0,2.2180984329169817,attachment_B7_native_val_loss,2.2899283059802248e+21,1.0004849430714667e+22,1.1459987082230304e+20,1.2409377607517196e+22,1.0,Q_max
1.3335214321633241e+22,131072,logarithmic,0.5,B7_semi_synthetic_diagnostic_only,False,True,2.2550080000000004e+19,2.2108065973870925,6.575312867518335e-07,1e-06,10,4.187711873805057,97.96883866782345,1.0,2.2108072549183793,attachment_B7_native_val_loss,2.4615916137128175e+21,1.075485786641888e+22,1.1876484150154358e+20,1.3335214321633243e+22,1.0000000000000002,Q_max
1.4330125702369628e+22,131072,logarithmic,0.5,B7_semi_synthetic_diagnostic_only,False,True,2.2550080000000004e+19,2.2035929813618536,6.27362252370034e-07,1e-06,10,4.343834313238997,101.5267630138558,1.0,2.203593608724106,attachment_B7_native_val_loss,2.646092621350024e+21,1.1560955068853013e+22,1.2307801216659302e+20,1.433012570236963e+22,1.0000000000000002,Q_max
1.539926526059492e+22,131072,logarithmic,0.5,B7_semi_synthetic_diagnostic_only,False,True,2.2550080000000004e+19,2.196456017200081,5.985670572528079e-07,1e-06,10,4.505838342432487,105.2112830714319,1.0,2.196456615767138,attachment_B7_native_val_loss,2.844390199918655e+21,1.2427330409457932e+22,1.2754465121833268e+20,1.5399265260594918e+22,0.9999999999999999,Q_max
1.6548170999431814e+22,131072,logarithmic,0.5,B7_semi_synthetic_diagnostic_only,False,True,2.2550080000000004e+19,2.1893948387235134,5.710839650063804e-07,1e-06,10,4.673945620601794,109.02689954668622,1.0,2.1893954098074784,attachment_B7_native_val_loss,3.057514797984155e+21,1.3358485986712637e+22,1.321702147350215e+20,1.6548170999431812e+22,0.9999999999999999,Q_max
1.7782794100389228e+22,131072,logarithmic,0.5,B7_semi_synthetic_diagnostic_only,False,True,2.2550080000000004e+19,2.182408591810687,5.448539446284428e-07,1e-06,10,4.848386157872007,112.97827346542533,1.0,2.1824091366646314,attachment_B7_native_val_loss,3.2865737832602786e+21,1.435925996398304e+22,1.3696035314590496e+20,1.7782794100389223e+22,0.9999999999999998,Q_max
1.9109529749704407e+22,131072,logarithmic,0.5,B7_semi_synthetic_diagnostic_only,False,True,2.2550080000000004e+19,2.1754964341381426,5.198205648149212e-07,1e-06,10,5.029398629976939,117.07023187413573,1.0,2.1754969539587075,attachment_B7_native_val_loss,3.532757182793164e+21,1.5434851648768857e+22,1.4192091814238491e+20,1.9109529749704407e+22,1.0,Q_max
2.053525026457146e+22,131072,logarithmic,0.5,B7_semi_synthetic_diagnostic_only,False,True,2.2550080000000004e+19,2.1686570387974977,9.920623296189035e-07,1e-06,9,5.217230704816959,121.30777374390956,1.0,2.1686580308598273,attachment_B7_native_val_loss,3.7973438514582813e+21,1.6590848443277994e+22,1.4705796983518136e+20,2.0535250264571456e+22,0.9999999999999998,Q_max
2.20673406908459e+22,131072,logarithmic,0.5,B7_semi_synthetic_diagnostic_only,False,True,2.2550080000000004e+19,2.1618906013926957,9.464528369917957e-07,1e-06,9,5.41213938132063,125.69607608453619,1.0,2.1618915478455327,attachment_B7_native_val_loss,4.0817081007275555e+21,1.783325480595207e+22,1.523777841662718e+20,2.2067340690845895e+22,0.9999999999999998,Q_max
2.371373705661655e+22,131072,logarithmic,0.5,B7_semi_synthetic_diagnostic_only,False,True,2.2550080000000004e+19,2.1551957935383936,9.029275198635389e-07,1e-06,9,5.614391341074182,130.24050027623127,1.0,2.1551966964659135,attachment_B7_native_val_loss,4.3873268220482547e+21,1.9168523373983627e+22,1.5788686058466676e+20,2.371373705661655e+22,1.0,Q_max
2.5482967479793465e+22,131072,logarithmic,0.5,B7_semi_synthetic_diagnostic_only,False,True,2.2550080000000004e+19,2.1485718177240023,8.613921491651411e-07,1e-06,9,5.824263313199582,134.94659862676133,1.0,2.1485726791161515,attachment_B7_native_val_loss,4.7157871417374907e+21,2.060358840806055e+22,1.635919299954257e+20,2.5482967479793465e+22,1.0,Q_max
2.7384196342643614e+22,131072,logarithmic,0.5,B7_semi_synthetic_diagnostic_only,False,True,2.2550080000000004e+19,2.1420178870595445,8.217566769275209e-07,1e-06,9,6.042042452981086,139.82012116197072,1.0,2.1420187088162215,attachment_B7_native_val_loss,5.068794647049518e+21,2.214590173260248e+22,1.6949996299162006e+20,2.7384196342643614e+22,1.0,Q_max
2.942727176209282e+22,131072,logarithmic,0.5,B7_semi_synthetic_diagnostic_only,False,True,2.2550080000000004e+19,2.1355332250624235,7.839350582017346e-07,1e-06,9,6.268026734757649,144.8670226580358,1.0,2.1355340089974817,attachment_B7_native_val_loss,5.448182226031864e+21,2.3803471357681613e+22,1.7561817837933537e+20,2.9427271762092814e+22,0.9999999999999999,Q_max
3.1622776601683792e+22,131072,logarithmic,0.5,B7_semi_synthetic_diagnostic_only,False,True,2.2550080000000004e+19,2.129117065450815,7.478450760878275e-07,1e-06,9,6.502525359618511,150.09346992405628,1.0,2.129117813295891,attachment_B7_native_val_loss,5.855919566965885e+21,2.558490298271175e+22,1.8195405200614975e+20,3.162277660168379e+22,0.9999999999999999,Q_max
3.3982083289425593e+22,131072,logarithmic,0.5,B7_semi_synthetic_diagnostic_only,False,True,2.2550080000000004e+19,2.1227686519434363,7.134081778659151e-07,1e-06,9,6.745859178460906,155.50584934386634,1.0,2.122769365351614,attachment_B7_native_val_loss,6.294123366604077e+21,2.7499444596917657e+22,1.8851532590385778e+20,3.3982083289425593e+22,1.0,Q_max
3.651741272548377e+22,131072,logarithmic,0.5,B7_semi_synthetic_diagnostic_only,False,True,2.2550080000000004e+19,2.1164872380654614,6.80549314679979e-07,1e-06,9,6.998361130987309,161.1107746863263,1.0,2.116487918614776,attachment_B7_native_val_loss,6.765068300088239e+21,2.955703440763886e+22,1.95310017756665e+20,3.6517412725483765e+22,0.9999999999999999,Q_max
3.924189758484536e+22,131072,logarithmic,0.5,B7_semi_synthetic_diagnostic_only,False,True,2.2550080000000004e+19,2.1102720869603364,6.491967945443378e-07,1e-06,9,7.260376701244372,166.9150951936143,1.0,2.110272736157131,attachment_B7_native_val_loss,7.271198809378222e+21,3.176835234476074e+22,2.0234643070639433e+20,3.924189758484536e+22,1.0,Q_max
4.2169650342858225e+22,131072,logarithmic,0.5,B7_semi_synthetic_diagnostic_only,False,True,2.2550080000000004e+19,2.104122471207302,6.192821317974051e-07,1e-06,9,7.532264390324777,172.92590395745916,1.0,2.1041230904894337,attachment_B7_native_val_loss,7.815141771260952e+21,3.4144875408090512e+22,2.0963316350675553e+20,4.216965034285822e+22,0.9999999999999998,Q_max
4.531583637600818e+22,131072,logarithmic,0.5,B7_semi_synthetic_diagnostic_only,False,True,2.2550080000000004e+19,2.098037672644382,5.907399089899457e-07,1e-06,9,7.8143962068811845,179.1505465935064,1.0,2.098038263384291,attachment_B7_native_val_loss,8.399720110565924e+21,3.6698937144403227e+22,2.1717912103903258e+20,4.531583637600818e+22,1.0,Q_max
4.869675251658631e+22,131072,logarithmic,0.5,B7_semi_synthetic_diagnostic_only,False,True,2.2550080000000004e+19,2.0920169821966534,5.63507643658312e-07,1e-06,9,8.107158176121203,185.5966302244776,1.0,2.092017545704297,attachment_B7_native_val_loss,9.027967429109503e+21,3.944379156227469e+22,2.24993525202113e+20,4.869675251658631e+22,1.0,Q_max
5.2329911468149466e+22,131072,logarithmic,0.5,B7_semi_synthetic_diagnostic_only,False,True,2.2550080000000004e+19,2.08605969970959,5.375256599826628e-07,1e-06,9,8.410950867981612,192.27203278307093,1.0,2.08606023723525,attachment_B7_native_val_loss,9.703143726152155e+21,4.239368181580718e+22,2.330859261901296e+20,5.2329911468149466e+22,1.0,Q_max
5.623413251903491e+22,131072,logarithmic,0.5,B7_semi_synthetic_diagnostic_only,False,True,2.2550080000000004e+19,2.0801651337872946,5.127369653301628e-07,1e-06,9,8.726189945202929,199.1849126460168,1.0,2.08016564652426,attachment_B7_native_val_loss,1.0428752291806774e+22,4.556391401305658e+22,2.4146621417155314e+20,5.623413251903491e+22,1.0,Q_max
6.042963902381329e+22,131072,logarithmic,0.5,B7_semi_synthetic_diagnostic_only,False,True,2.2550080000000004e+19,2.0743321121297256,9.785928418715173e-07,1e-06,8,9.05330673205476,206.34371861106075,1.0,2.0743330907225674,attachment_B7_native_val_loss,1.1208557860912378e+22,4.8970936531516905e+22,2.501446313840049e+20,6.042963902381329e+22,1.0,Q_max
6.493816315762113e+22,131072,logarithmic,0.5,B7_semi_synthetic_diagnostic_only,False,True,2.2550080000000004e+19,2.06856096198632,9.334465791432933e-07,1e-06,8,9.392748804491614,213.75720022904116,1.0,2.0685618954328993,attachment_B7_native_val_loss,1.2046606121416805e+22,5.2632425251544785e+22,2.5913178465954152e+20,6.493816315762113e+22,1.0,Q_max
6.978305848598663e+22,131072,logarithmic,0.5,B7_semi_synthetic_diagnostic_only,False,True,2.2550080000000004e+19,2.062850504185406,8.903757762190878e-07,1e-06,8,9.744980602543386,221.4344185037734,1.0,2.062851394561182,attachment_B7_native_val_loss,1.2947244678328474e+22,5.656737514926233e+22,2.6843865839582062e+20,6.978305848598663e+22,1.0,Q_max
7.498942093324558e+22,131072,logarithmic,0.5,B7_semi_synthetic_diagnostic_only,False,True,2.2550080000000004e+19,2.0572000808868567,8.49285609838546e-07,1e-06,8,10.110484065781726,229.3847569727516,1.0,2.0572009301724665,attachment_B7_native_val_loss,1.3915145581837312e+22,6.0796198723419344e+22,2.7807662798892083e+20,7.498942093324557e+22,0.9999999999999999,Q_max
8.058421877614818e+22,131072,logarithmic,0.5,B7_semi_synthetic_diagnostic_only,False,True,2.2550080000000004e+19,2.051609042265348,8.100855399817419e-07,1e-06,8,10.48975929272963,237.61793318226867,1.0,2.051609852350888,attachment_B7_native_val_loss,1.4955329536307468e+22,6.534083176609641e+22,2.8805747374430408e+20,8.058421877614818e+22,1.0,Q_max
8.659643233600654e+22,131072,logarithmic,0.5,B7_semi_synthetic_diagnostic_only,False,True,2.2550080000000004e+19,2.046076746374407,7.726891237958e-07,1e-06,8,10.883325225116774,246.14401057098218,1.0,2.0460775190635307,attachment_B7_native_val_loss,1.6073191915551482e+22,7.022484702517212e+22,2.983933952829252e+20,8.659643233600652e+22,0.9999999999999998,Q_max
9.30572040929699e+22,131072,logarithmic,0.5,B7_semi_synthetic_diagnostic_only,False,True,2.2550080000000004e+19,2.0406025590142067,7.370138299656048e-07,1e-06,8,11.29172035791818,254.97341077642963,1.0,2.0406032960280367,attachment_B7_native_val_loss,1.7274530719152273e+22,7.547357634735755e+22,3.090970264600708e+20,9.30572040929699e+22,1.0,Q_max
1.0000000000000001e+23,131072,logarithmic,0.5,B7_semi_synthetic_diagnostic_only,False,True,2.2550080000000004e+19,2.03518585360296,7.029808699599016e-07,1e-06,8,11.715503476146434,264.1169263795726,1.0,2.03518655658383,attachment_B7_native_val_loss,1.8565576614653966e+22,8.111424193453083e+22,3.2018145081520836e+20,1.0000000000000001e+23,1.0,Q_max
1.0746078283213175e+23,131072,logarithmic,0.5,B7_semi_synthetic_diagnostic_only,False,True,2.2550080000000004e+19,2.029831099287703,6.777413568137547e-07,1e-06,8,11.97,277.80663036628914,1.0,2.02983177702906,attachment_B7_native_val_loss,1.9952072192906886e+22,8.717193354895639e+22,3.3677709026846474e+20,1.0746078283213175e+23,1.0,N_max;Q_max
1.1547819846894582e+23,131072,logarithmic,0.5,B7_semi_synthetic_diagnostic_only,False,True,2.2550080000000004e+19,2.0245806575854983,6.632885627411156e-07,1e-06,8,11.97,298.53317975118097,1.0,2.024581320874061,attachment_B7_native_val_loss,2.1440652969729816e+22,9.367564220161423e+22,3.619032976017672e+20,1.1547819846894582e+23,1.0,N_max;Q_max
1.2409377607517195e+23,131072,logarithmic,0.5,B7_semi_synthetic_diagnostic_only,False,True,2.2550080000000004e+19,2.0194421841862837,6.491439821232348e-07,1e-06,8,11.97,320.8060919742741,1.0,2.019442833330266,attachment_B7_native_val_loss,2.3040293525592367e+22,1.0066457843288143e+23,3.889041166981586e+20,1.2409377607517197e+23,1.0000000000000002,N_max;Q_max
1.3335214321633241e+23,131072,logarithmic,0.5,B7_semi_synthetic_diagnostic_only,False,True,2.2550080000000004e+19,2.014413291309834,6.35301041551628e-07,1e-06,8,11.97,344.74073780872357,1.0,2.0144139266108754,attachment_B7_native_val_loss,2.4759279789422525e+22,1.0817494401863965e+23,4.1791940827022846e+20,1.333521432163324e+23,0.9999999999999999,N_max;Q_max
1.4330125702369627e+23,131072,logarithmic,0.5,B7_semi_synthetic_diagnostic_only,False,True,2.2550080000000004e+19,2.0094916420965334,6.217533083940907e-07,1e-06,8,11.97,370.4610955905211,1.0,2.009492263849842,attachment_B7_native_val_loss,2.6606515885311227e+22,1.1624564167065043e+23,4.490994677346002e+20,1.4330125702369625e+23,0.9999999999999999,N_max;Q_max
1.539926526059492e+23,131072,logarithmic,0.5,B7_semi_synthetic_diagnostic_only,False,True,2.2550080000000004e+19,2.0046749495214713,6.08494487241984e-07,1e-06,8,11.97,398.1003934100659,1.0,2.0046755580159585,attachment_B7_native_val_loss,2.8591570254710933e+22,1.2491847654751572e+23,4.8260580372253835e+20,1.5399265260594917e+23,0.9999999999999998,N_max;Q_max
1.6548170999431815e+23,131072,logarithmic,0.5,B7_semi_synthetic_diagnostic_only,False,True,2.2550080000000004e+19,1.9999609753316883,5.955184174677441e-07,1e-06,8,11.97,427.8017992162531,1.0,1.9999615708501057,attachment_B7_native_val_loss,3.0724725219711296e+22,1.342383727999333e+23,5.186119746735409e+20,1.6548170999431812e+23,0.9999999999999998,N_max;Q_max
1.7782794100389228e+23,131072,logarithmic,0.5,B7_semi_synthetic_diagnostic_only,False,True,2.2550080000000004e+19,1.9953475290060945,5.828190687839907e-07,1e-06,8,11.97,459.71916240773,1.0,1.9953481118251633,attachment_B7_native_val_loss,3.301703024412317e+22,1.4425360627192373e+23,5.573044878453639e+20,1.7782794100389228e+23,1.0,N_max;Q_max
1.9109529749704405e+23,131072,logarithmic,0.5,B7_semi_synthetic_diagnostic_only,False,True,2.2550080000000004e+19,1.9908324667375594,5.703905403553478e-07,1e-06,8,11.97,494.0178107526658,1.0,1.9908330371280998,attachment_B7_native_val_loss,3.548035916825646e+22,1.5501605456339034e+23,5.988837653972306e+20,1.9109529749704402e+23,0.9999999999999998,N_max;Q_max
2.053525026457146e+23,131072,logarithmic,0.5,B7_semi_synthetic_diagnostic_only,False,True,2.2550080000000004e+19,1.9864136904367158,5.58227056357552e-07,1e-06,8,11.97,530.8754067649738,1.0,1.9864142486637721,attachment_B7_native_val_loss,3.812747171386042e+22,1.6658146574930378e+23,6.435651825504113e+20,2.053525026457146e+23,1.0,N_max;Q_max
2.2067340690845896e+23,131072,logarithmic,0.5,B7_semi_synthetic_diagnostic_only,False,True,2.2550080000000004e+19,1.9820891467570043,5.463229648672296e-07,1e-06,8,11.97,570.4828679729045,1.0,1.9820896930799692,attachment_B7_native_val_loss,4.0972079577814e+22,1.7900974714744123e+23,6.915801832037098e+20,2.2067340690845893e+23,0.9999999999999999,N_max;Q_max
2.371373705661655e+23,131072,logarithmic,0.5,B7_semi_synthetic_diagnostic_only,False,True,2.2550080000000004e+19,1.979112958094279,1.9791057681572966e-11,1e-06,0,11.97,600.0,1.0,1.97911295811407,attachment_B7_native_val_loss,4.3092e+22,1.882718208e+23,7.27362964284379e+20,2.3209118376428437e+23,0.9787204066999926,N_max;D_max;Q_max
2.5482967479793466e+23,131072,logarithmic,0.5,B7_semi_synthetic_diagnostic_only,False,True,2.2550080000000004e+19,1.979112958094279,1.9791057681572966e-11,1e-06,0,11.97,600.0,1.0,1.97911295811407,attachment_B7_native_val_loss,4.3092e+22,1.882718208e+23,7.27362964284379e+20,2.3209118376428437e+23,0.9107698463623571,N_max;D_max;Q_max
2.738419634264361e+23,131072,logarithmic,0.5,B7_semi_synthetic_diagnostic_only,False,True,2.2550080000000004e+19,1.979112958094279,1.9791057681572966e-11,1e-06,0,11.97,600.0,1.0,1.97911295811407,attachment_B7_native_val_loss,4.3092e+22,1.882718208e+23,7.27362964284379e+20,2.3209118376428437e+23,0.8475369547466471,N_max;D_max;Q_max
2.942727176209282e+23,131072,logarithmic,0.5,B7_semi_synthetic_diagnostic_only,False,True,2.2550080000000004e+19,1.979112958094279,1.9791057681572966e-11,1e-06,0,11.97,600.0,1.0,1.97911295811407,attachment_B7_native_val_loss,4.3092e+22,1.882718208e+23,7.27362964284379e+20,2.3209118376428437e+23,0.7886941937419293,N_max;D_max;Q_max
3.162277660168379e+23,131072,logarithmic,0.5,B7_semi_synthetic_diagnostic_only,False,True,2.2550080000000004e+19,1.979112958094279,1.9791057681572966e-11,1e-06,0,11.97,600.0,1.0,1.97911295811407,attachment_B7_native_val_loss,4.3092e+22,1.882718208e+23,7.27362964284379e+20,2.3209118376428437e+23,0.7339367655398306,N_max;D_max;Q_max
3.3982083289425596e+23,131072,logarithmic,0.5,B7_semi_synthetic_diagnostic_only,False,True,2.2550080000000004e+19,1.979112958094279,1.9791057681572966e-11,1e-06,0,11.97,600.0,1.0,1.97911295811407,attachment_B7_native_val_loss,4.3092e+22,1.882718208e+23,7.27362964284379e+20,2.3209118376428437e+23,0.682981033821742,N_max;D_max;Q_max
3.651741272548377e+23,131072,logarithmic,0.5,B7_semi_synthetic_diagnostic_only,False,True,2.2550080000000004e+19,1.979112958094279,1.9791057681572966e-11,1e-06,0,11.97,600.0,1.0,1.97911295811407,attachment_B7_native_val_loss,4.3092e+22,1.882718208e+23,7.27362964284379e+20,2.3209118376428437e+23,0.6355630545597744,N_max;D_max;Q_max
3.924189758484536e+23,131072,logarithmic,0.5,B7_semi_synthetic_diagnostic_only,False,True,2.2550080000000004e+19,1.979112958094279,1.9791057681572966e-11,1e-06,0,11.97,600.0,1.0,1.97911295811407,attachment_B7_native_val_loss,4.3092e+22,1.882718208e+23,7.27362964284379e+20,2.3209118376428437e+23,0.5914372088212028,N_max;D_max;Q_max
4.2169650342858225e+23,131072,logarithmic,0.5,B7_semi_synthetic_diagnostic_only,False,True,2.2550080000000004e+19,1.979112958094279,1.9791057681572966e-11,1e-06,0,11.97,600.0,1.0,1.97911295811407,attachment_B7_native_val_loss,4.3092e+22,1.882718208e+23,7.27362964284379e+20,2.3209118376428437e+23,0.5503749304945112,N_max;D_max;Q_max
4.531583637600818e+23,131072,logarithmic,0.5,B7_semi_synthetic_diagnostic_only,False,True,2.2550080000000004e+19,1.979112958094279,1.9791057681572966e-11,1e-06,0,11.97,600.0,1.0,1.97911295811407,attachment_B7_native_val_loss,4.3092e+22,1.882718208e+23,7.27362964284379e+20,2.3209118376428437e+23,0.5121635223468185,N_max;D_max;Q_max
4.869675251658631e+23,131072,logarithmic,0.5,B7_semi_synthetic_diagnostic_only,False,True,2.2550080000000004e+19,1.979112958094279,1.9791057681572966e-11,1e-06,0,11.97,600.0,1.0,1.97911295811407,attachment_B7_native_val_loss,4.3092e+22,1.882718208e+23,7.27362964284379e+20,2.3209118376428437e+23,0.4766050542800224,N_max;D_max;Q_max
5.232991146814947e+23,131072,logarithmic,0.5,B7_semi_synthetic_diagnostic_only,False,True,2.2550080000000004e+19,1.979112958094279,1.9791057681572966e-11,1e-06,0,11.97,600.0,1.0,1.97911295811407,attachment_B7_native_val_loss,4.3092e+22,1.882718208e+23,7.27362964284379e+20,2.3209118376428437e+23,0.4435153380787704,N_max;D_max;Q_max
5.623413251903491e+23,131072,logarithmic,0.5,B7_semi_synthetic_diagnostic_only,False,True,2.2550080000000004e+19,1.979112958094279,1.9791057681572966e-11,1e-06,0,11.97,600.0,1.0,1.97911295811407,attachment_B7_native_val_loss,4.3092e+22,1.882718208e+23,7.27362964284379e+20,2.3209118376428437e+23,0.41272297333958685,N_max;D_max;Q_max
6.042963902381328e+23,131072,logarithmic,0.5,B7_semi_synthetic_diagnostic_only,False,True,2.2550080000000004e+19,1.979112958094279,1.9791057681572966e-11,1e-06,0,11.97,600.0,1.0,1.97911295811407,attachment_B7_native_val_loss,4.3092e+22,1.882718208e+23,7.27362964284379e+20,2.3209118376428437e+23,0.38406845963919306,N_max;D_max;Q_max
6.493816315762113e+23,131072,logarithmic,0.5,B7_semi_synthetic_diagnostic_only,False,True,2.2550080000000004e+19,1.979112958094279,1.9791057681572966e-11,1e-06,0,11.97,600.0,1.0,1.97911295811407,attachment_B7_native_val_loss,4.3092e+22,1.882718208e+23,7.27362964284379e+20,2.3209118376428437e+23,0.3574033703431696,N_max;D_max;Q_max
6.978305848598663e+23,131072,logarithmic,0.5,B7_semi_synthetic_diagnostic_only,False,True,2.2550080000000004e+19,1.979112958094279,1.9791057681572966e-11,1e-06,0,11.97,600.0,1.0,1.97911295811407,attachment_B7_native_val_loss,4.3092e+22,1.882718208e+23,7.27362964284379e+20,2.3209118376428437e+23,0.3325895837753964,N_max;D_max;Q_max
7.498942093324558e+23,131072,logarithmic,0.5,B7_semi_synthetic_diagnostic_only,False,True,2.2550080000000004e+19,1.979112958094279,1.9791057681572966e-11,1e-06,0,11.97,600.0,1.0,1.97911295811407,attachment_B7_native_val_loss,4.3092e+22,1.882718208e+23,7.27362964284379e+20,2.3209118376428437e+23,0.3094985677658297,N_max;D_max;Q_max
8.058421877614818e+23,131072,logarithmic,0.5,B7_semi_synthetic_diagnostic_only,False,True,2.2550080000000004e+19,1.979112958094279,1.9791057681572966e-11,1e-06,0,11.97,600.0,1.0,1.97911295811407,attachment_B7_native_val_loss,4.3092e+22,1.882718208e+23,7.27362964284379e+20,2.3209118376428437e+23,0.2880107138706669,N_max;D_max;Q_max
8.659643233600654e+23,131072,logarithmic,0.5,B7_semi_synthetic_diagnostic_only,False,True,2.2550080000000004e+19,1.979112958094279,1.9791057681572966e-11,1e-06,0,11.97,600.0,1.0,1.97911295811407,attachment_B7_native_val_loss,4.3092e+22,1.882718208e+23,7.27362964284379e+20,2.3209118376428437e+23,0.26801471781624603,N_max;D_max;Q_max
9.30572040929699e+23,131072,logarithmic,0.5,B7_semi_synthetic_diagnostic_only,False,True,2.2550080000000004e+19,1.979112958094279,1.9791057681572966e-11,1e-06,0,11.97,600.0,1.0,1.97911295811407,attachment_B7_native_val_loss,4.3092e+22,1.882718208e+23,7.27362964284379e+20,2.3209118376428437e+23,0.24940700295746143,N_max;D_max;Q_max
1e+24,131072,logarithmic,0.5,B7_semi_synthetic_diagnostic_only,False,True,2.2550080000000004e+19,1.979112958094279,1.9791057681572966e-11,1e-06,0,11.97,600.0,1.0,1.97911295811407,attachment_B7_native_val_loss,4.3092e+22,1.882718208e+23,7.27362964284379e+20,2.3209118376428437e+23,0.23209118376428436,N_max;D_max;Q_max
